,mean_fit_time,std_fit_time,mean_score_time,std_score_time,param_Classifier__SVC__C,param_Classifier__SVC__kernel,param_PCA__n_components,param_Scaler,param_Selector__max_features,param_Classifier__SVC__gamma,param_Classifier__SVC__coef0,param_Classifier__SVC__degree,params,split0_test_score,split1_test_score,split2_test_score,mean_test_score,std_test_score,rank_test_score
0,0.08711282412211101,0.016380048431736127,0.1226813793182373,0.04421700672057932,1.0,linear,20,MinMaxScaler(),4,,,,"{'Classifier__SVC__C': 1, 'Classifier__SVC__kernel': 'linear', 'PCA__n_components': 20, 'Scaler': MinMaxScaler(), 'Selector__max_features': 4}",0.23728813559322035,0.2564102564102564,0.17094017094017094,0.2215461876478826,0.036625497233495875,173
1,0.07655191421508789,0.009028216966445665,0.11314098040262859,0.006078529070423997,1.0,linear,20,MinMaxScaler(),8,,,,"{'Classifier__SVC__C': 1, 'Classifier__SVC__kernel': 'linear', 'PCA__n_components': 20, 'Scaler': MinMaxScaler(), 'Selector__max_features': 8}",0.22033898305084745,0.29914529914529914,0.20512820512820512,0.24153749577478392,0.041205470495513465,133
2,0.08200279871622722,0.019887618710166498,0.09366973241170247,0.011157842335812759,1.0,linear,20,MinMaxScaler(),12,,,,"{'Classifier__SVC__C': 1, 'Classifier__SVC__kernel': 'linear', 'PCA__n_components': 20, 'Scaler': MinMaxScaler(), 'Selector__max_features': 12}",0.22033898305084745,0.29914529914529914,0.23076923076923078,0.25008450432179247,0.034951573244537223,118
3,0.06447211901346843,0.007705890680535817,0.10695425669352214,0.013331736331958525,1.0,linear,20,MinMaxScaler(),16,,,,"{'Classifier__SVC__C': 1, 'Classifier__SVC__kernel': 'linear', 'PCA__n_components': 20, 'Scaler': MinMaxScaler(), 'Selector__max_features': 16}",0.22033898305084745,0.29914529914529914,0.23076923076923078,0.25008450432179247,0.034951573244537223,118
4,0.08307401339213054,0.01720729086089082,0.08997710545857747,0.0109754396633141,1.0,linear,30,MinMaxScaler(),4,,,,"{'Classifier__SVC__C': 1, 'Classifier__SVC__kernel': 'linear', 'PCA__n_components': 30, 'Scaler': MinMaxScaler(), 'Selector__max_features': 4}",0.2288135593220339,0.2564102564102564,0.1794871794871795,0.22157033173982324,0.03181863395542696,172
5,0.08908605575561523,0.027074959975584248,0.10794560114542644,0.029137538430349514,1.0,linear,30,MinMaxScaler(),8,,,,"{'Classifier__SVC__C': 1, 'Classifier__SVC__kernel': 'linear', 'PCA__n_components': 30, 'Scaler': MinMaxScaler(), 'Selector__max_features': 8}",0.19491525423728814,0.2905982905982906,0.15384615384615385,0.21311989956057753,0.05729365037581303,193
6,0.1105644702911377,0.0615990616021158,0.09054263432820638,0.030571915681840235,1.0,linear,30,MinMaxScaler(),12,,,,"{'Classifier__SVC__C': 1, 'Classifier__SVC__kernel': 'linear', 'PCA__n_components': 30, 'Scaler': MinMaxScaler(), 'Selector__max_features': 12}",0.2966101694915254,0.3418803418803419,0.18803418803418803,0.2755082331353518,0.06455554999016279,75
7,0.07948017120361328,0.019348148494511906,0.13165918986002603,0.022560093697858496,1.0,linear,30,MinMaxScaler(),16,,,,"{'Classifier__SVC__C': 1, 'Classifier__SVC__kernel': 'linear', 'PCA__n_components': 30, 'Scaler': MinMaxScaler(), 'Selector__max_features': 16}",0.2966101694915254,0.3418803418803419,0.27350427350427353,0.3039982616253803,0.02839905644765849,48
8,0.05834674835205078,0.007625699984054918,0.13571651776631674,0.048747183434722216,1.0,linear,40,MinMaxScaler(),4,,,,"{'Classifier__SVC__C': 1, 'Classifier__SVC__kernel': 'linear', 'PCA__n_components': 40, 'Scaler': MinMaxScaler(), 'Selector__max_features': 4}",0.3389830508474576,0.28205128205128205,0.1794871794871795,0.26684050412863974,0.06599625781816498,91
9,0.08589363098144531,0.02623289577747492,0.10372106234232585,0.020625875944692146,1.0,linear,40,MinMaxScaler(),8,,,,"{'Classifier__SVC__C': 1, 'Classifier__SVC__kernel': 'linear', 'PCA__n_components': 40, 'Scaler': MinMaxScaler(), 'Selector__max_features': 8}",0.19491525423728814,0.3076923076923077,0.17094017094017094,0.22451591095658893,0.05962346230150898,163
10,0.09022736549377441,0.015161150521315966,0.06326699256896973,0.03913875994421735,1.0,linear,40,MinMaxScaler(),12,,,,"{'Classifier__SVC__C': 1, 'Classifier__SVC__kernel': 'linear', 'PCA__n_components': 40, 'Scaler': MinMaxScaler(), 'Selector__max_features': 12}",0.1864406779661017,0.2905982905982906,0.17094017094017094,0.2159930465015211,0.05313205726971967,182
11,0.07577085494995117,0.0378973327713935,0.013612747192382812,0.003160041370419322,1.0,linear,40,MinMaxScaler(),16,,,,"{'Classifier__SVC__C': 1, 'Classifier__SVC__kernel': 'linear', 'PCA__n_components': 40, 'Scaler': MinMaxScaler(), 'Selector__max_features': 16}",0.2796610169491525,0.3247863247863248,0.21367521367521367,0.27270751847023034,0.04562662314123704,79
12,0.04383746782938639,0.011123718889286224,0.011947870254516602,0.001973323390531719,10.0,linear,20,MinMaxScaler(),4,,,,"{'Classifier__SVC__C': 10, 'Classifier__SVC__kernel': 'linear', 'PCA__n_components': 20, 'Scaler': MinMaxScaler(), 'Selector__max_features': 4}",0.211864406779661,0.2905982905982906,0.1623931623931624,0.22161861992370466,0.0527920273656791,171
13,0.0858599344889323,0.006083916465694893,0.012631813685099283,0.0026065645817105994,10.0,linear,20,MinMaxScaler(),8,,,,"{'Classifier__SVC__C': 10, 'Classifier__SVC__kernel': 'linear', 'PCA__n_components': 20, 'Scaler': MinMaxScaler(), 'Selector__max_features': 8}",0.2542372881355932,0.39316239316239315,0.23076923076923078,0.2927229706890724,0.07166470827968431,60
14,0.052164157231648765,0.0022757960641084226,0.013102054595947266,0.0006447546365619065,10.0,linear,20,MinMaxScaler(),12,,,,"{'Classifier__SVC__C': 10, 'Classifier__SVC__kernel': 'linear', 'PCA__n_components': 20, 'Scaler': MinMaxScaler(), 'Selector__max_features': 12}",0.2542372881355932,0.39316239316239315,0.23931623931623933,0.29557197353807524,0.06927518519790103,54
15,0.05176591873168945,0.006648913651984992,0.014184872309366861,0.002264096828204892,10.0,linear,20,MinMaxScaler(),16,,,,"{'Classifier__SVC__C': 10, 'Classifier__SVC__kernel': 'linear', 'PCA__n_components': 20, 'Scaler': MinMaxScaler(), 'Selector__max_features': 16}",0.2542372881355932,0.39316239316239315,0.23931623931623933,0.29557197353807524,0.06927518519790103,54
16,0.04711596171061198,0.004233121347500445,0.013875087102254232,0.003541525121789977,10.0,linear,30,MinMaxScaler(),4,,,,"{'Classifier__SVC__C': 10, 'Classifier__SVC__kernel': 'linear', 'PCA__n_components': 30, 'Scaler': MinMaxScaler(), 'Selector__max_features': 4}",0.2457627118644068,0.2222222222222222,0.19658119658119658,0.22152204355594185,0.02008437284742702,175
17,0.06184713045756022,0.012252743364395479,0.011620044708251953,0.0029156078161100656,10.0,linear,30,MinMaxScaler(),8,,,,"{'Classifier__SVC__C': 10, 'Classifier__SVC__kernel': 'linear', 'PCA__n_components': 30, 'Scaler': MinMaxScaler(), 'Selector__max_features': 8}",0.2288135593220339,0.24786324786324787,0.23076923076923078,0.23581534598483753,0.008556483602360575,143
18,0.055162509282430015,0.002469189565072488,0.00987863540649414,0.0008439770073499827,10.0,linear,30,MinMaxScaler(),12,,,,"{'Classifier__SVC__C': 10, 'Classifier__SVC__kernel': 'linear', 'PCA__n_components': 30, 'Scaler': MinMaxScaler(), 'Selector__max_features': 12}",0.2457627118644068,0.3418803418803419,0.3247863247863248,0.3041431261770245,0.041866899706787544,46
19,0.05675093332926432,0.0037298208627684322,0.011075576146443685,0.0004077971823705943,10.0,linear,30,MinMaxScaler(),16,,,,"{'Classifier__SVC__C': 10, 'Classifier__SVC__kernel': 'linear', 'PCA__n_components': 30, 'Scaler': MinMaxScaler(), 'Selector__max_features': 16}",0.2457627118644068,0.3418803418803419,0.3247863247863248,0.3041431261770245,0.041866899706787544,46
20,0.03742440541585287,0.0021488005808207784,0.011072079340616861,0.0017904112088264724,10.0,linear,40,MinMaxScaler(),4,,,,"{'Classifier__SVC__C': 10, 'Classifier__SVC__kernel': 'linear', 'PCA__n_components': 40, 'Scaler': MinMaxScaler(), 'Selector__max_features': 4}",0.2966101694915254,0.28205128205128205,0.19658119658119658,0.2584142160413347,0.044124687138024234,102
21,0.03751293818155924,0.0018458243040638796,0.022646188735961914,0.0006961779235026016,10.0,linear,40,MinMaxScaler(),8,,,,"{'Classifier__SVC__C': 10, 'Classifier__SVC__kernel': 'linear', 'PCA__n_components': 40, 'Scaler': MinMaxScaler(), 'Selector__max_features': 8}",0.23728813559322035,0.3418803418803419,0.26495726495726496,0.2813752474769424,0.044249632891240065,69
22,0.04572113355000814,0.005025710619662344,0.015851179758707683,0.004532037440849561,10.0,linear,40,MinMaxScaler(),12,,,,"{'Classifier__SVC__C': 10, 'Classifier__SVC__kernel': 'linear', 'PCA__n_components': 40, 'Scaler': MinMaxScaler(), 'Selector__max_features': 12}",0.2457627118644068,0.3247863247863248,0.21367521367521367,0.26140808344198174,0.04669049147979143,94
23,0.0523529847462972,0.0018608543607904864,0.00921010971069336,0.0006265344799068109,10.0,linear,40,MinMaxScaler(),16,,,,"{'Classifier__SVC__C': 10, 'Classifier__SVC__kernel': 'linear', 'PCA__n_components': 40, 'Scaler': MinMaxScaler(), 'Selector__max_features': 16}",0.3474576271186441,0.36752136752136755,0.29914529914529914,0.3380414312617703,0.028697505582116964,17
24,0.058415730794270836,0.00307068894367642,0.010666926701863607,0.0013771456459559957,100.0,linear,20,MinMaxScaler(),4,,,,"{'Classifier__SVC__C': 100, 'Classifier__SVC__kernel': 'linear', 'PCA__n_components': 20, 'Scaler': MinMaxScaler(), 'Selector__max_features': 4}",0.19491525423728814,0.3247863247863248,0.1282051282051282,0.21596890240958036,0.08162305143501952,185
25,0.06505131721496582,0.004274366388855286,0.010185321172078451,0.0006105793939156107,100.0,linear,20,MinMaxScaler(),8,,,,"{'Classifier__SVC__C': 100, 'Classifier__SVC__kernel': 'linear', 'PCA__n_components': 20, 'Scaler': MinMaxScaler(), 'Selector__max_features': 8}",0.2627118644067797,0.39316239316239315,0.28205128205128205,0.31264184654015165,0.05748142940675449,39
26,0.06703146298726399,0.008501507906033236,0.011711438496907553,0.000958325138706957,100.0,linear,20,MinMaxScaler(),12,,,,"{'Classifier__SVC__C': 100, 'Classifier__SVC__kernel': 'linear', 'PCA__n_components': 20, 'Scaler': MinMaxScaler(), 'Selector__max_features': 12}",0.2627118644067797,0.39316239316239315,0.2905982905982906,0.31549084938915445,0.05608959930636128,34
27,0.06229805946350098,0.008568937874883527,0.011544942855834961,0.0010680166160662778,100.0,linear,20,MinMaxScaler(),16,,,,"{'Classifier__SVC__C': 100, 'Classifier__SVC__kernel': 'linear', 'PCA__n_components': 20, 'Scaler': MinMaxScaler(), 'Selector__max_features': 16}",0.2627118644067797,0.39316239316239315,0.2905982905982906,0.31549084938915445,0.05608959930636128,34
28,0.041060447692871094,0.005445959260945332,0.010708808898925781,0.0004647225604195303,100.0,linear,30,MinMaxScaler(),4,,,,"{'Classifier__SVC__C': 100, 'Classifier__SVC__kernel': 'linear', 'PCA__n_components': 30, 'Scaler': MinMaxScaler(), 'Selector__max_features': 4}",0.2542372881355932,0.26495726495726496,0.24786324786324787,0.25568593365203535,0.007053381481099121,106
29,0.04349271456400553,0.0008203329860444062,0.00988149642944336,0.00024816064403214406,100.0,linear,30,MinMaxScaler(),8,,,,"{'Classifier__SVC__C': 100, 'Classifier__SVC__kernel': 'linear', 'PCA__n_components': 30, 'Scaler': MinMaxScaler(), 'Selector__max_features': 8}",0.19491525423728814,0.27350427350427353,0.26495726495726496,0.24445893089960888,0.03520601048770979,125
30,0.06593481699625652,0.0045061257542659845,0.011224746704101562,0.001674409488415809,100.0,linear,30,MinMaxScaler(),12,,,,"{'Classifier__SVC__C': 100, 'Classifier__SVC__kernel': 'linear', 'PCA__n_components': 30, 'Scaler': MinMaxScaler(), 'Selector__max_features': 12}",0.3389830508474576,0.3504273504273504,0.3247863247863248,0.33806557535371096,0.010487989001461065,15
31,0.06276257832845052,0.0037178745098796467,0.010905742645263672,0.00047577469397038034,100.0,linear,30,MinMaxScaler(),16,,,,"{'Classifier__SVC__C': 100, 'Classifier__SVC__kernel': 'linear', 'PCA__n_components': 30, 'Scaler': MinMaxScaler(), 'Selector__max_features': 16}",0.3389830508474576,0.3504273504273504,0.3333333333333333,0.3409145782027138,0.007110998689622261,12
32,0.05338160196940104,0.003896539662991245,0.010713974634806315,0.0010122531922197211,100.0,linear,40,MinMaxScaler(),4,,,,"{'Classifier__SVC__C': 100, 'Classifier__SVC__kernel': 'linear', 'PCA__n_components': 40, 'Scaler': MinMaxScaler(), 'Selector__max_features': 4}",0.3559322033898305,0.2905982905982906,0.24786324786324787,0.29813124728378965,0.04443935091388282,53
33,0.05355135599772135,0.008154726288663013,0.0122373898824056,0.0023941053136800772,100.0,linear,40,MinMaxScaler(),8,,,,"{'Classifier__SVC__C': 100, 'Classifier__SVC__kernel': 'linear', 'PCA__n_components': 40, 'Scaler': MinMaxScaler(), 'Selector__max_features': 8}",0.3050847457627119,0.27350427350427353,0.26495726495726496,0.28118209474141675,0.01725814557747585,71
34,0.05609448750813802,0.0053583971296435285,0.012267986933390299,0.0027328569813779534,100.0,linear,40,MinMaxScaler(),12,,,,"{'Classifier__SVC__C': 100, 'Classifier__SVC__kernel': 'linear', 'PCA__n_components': 40, 'Scaler': MinMaxScaler(), 'Selector__max_features': 12}",0.288135593220339,0.2564102564102564,0.28205128205128205,0.27553237722729246,0.013747638318549396,74
35,0.050498008728027344,0.004244688389823941,0.011277278264363607,0.0017248185686264588,100.0,linear,40,MinMaxScaler(),16,,,,"{'Classifier__SVC__C': 100, 'Classifier__SVC__kernel': 'linear', 'PCA__n_components': 40, 'Scaler': MinMaxScaler(), 'Selector__max_features': 16}",0.3644067796610169,0.3247863247863248,0.24786324786324787,0.3123521174368632,0.04838426628069263,44
36,0.13985109329223633,0.028830666822508053,0.018672943115234375,0.008651905695230786,1000.0,linear,20,MinMaxScaler(),4,,,,"{'Classifier__SVC__C': 1000, 'Classifier__SVC__kernel': 'linear', 'PCA__n_components': 20, 'Scaler': MinMaxScaler(), 'Selector__max_features': 4}",0.19491525423728814,0.3162393162393162,0.1623931623931624,0.22451591095658893,0.06620326740161206,163
37,0.23563464482625326,0.04934836657116369,0.015330235163370768,0.004013165963983612,1000.0,linear,20,MinMaxScaler(),8,,,,"{'Classifier__SVC__C': 1000, 'Classifier__SVC__kernel': 'linear', 'PCA__n_components': 20, 'Scaler': MinMaxScaler(), 'Selector__max_features': 8}",0.2966101694915254,0.41025641025641024,0.2905982905982906,0.33248829011540876,0.05504510910550644,22
38,0.260311762491862,0.05785140036962107,0.026248455047607422,0.011625284538392974,1000.0,linear,20,MinMaxScaler(),12,,,,"{'Classifier__SVC__C': 1000, 'Classifier__SVC__kernel': 'linear', 'PCA__n_components': 20, 'Scaler': MinMaxScaler(), 'Selector__max_features': 12}",0.2966101694915254,0.41025641025641024,0.3076923076923077,0.3381862958134145,0.05116170112916622,13
39,0.24394536018371582,0.04956630779605379,0.02861626942952474,0.008433482685970597,1000.0,linear,20,MinMaxScaler(),16,,,,"{'Classifier__SVC__C': 1000, 'Classifier__SVC__kernel': 'linear', 'PCA__n_components': 20, 'Scaler': MinMaxScaler(), 'Selector__max_features': 16}",0.2966101694915254,0.41025641025641024,0.3076923076923077,0.3381862958134145,0.05116170112916622,13
40,0.08460100491841634,0.0087690764420114,0.012243270874023438,0.0034913015103762456,1000.0,linear,30,MinMaxScaler(),4,,,,"{'Classifier__SVC__C': 1000, 'Classifier__SVC__kernel': 'linear', 'PCA__n_components': 30, 'Scaler': MinMaxScaler(), 'Selector__max_features': 4}",0.2457627118644068,0.26495726495726496,0.24786324786324787,0.25286107489497317,0.008596178351954668,109
41,0.13414597511291504,0.02308709651653313,0.017653624216715496,0.009195912779638533,1000.0,linear,30,MinMaxScaler(),8,,,,"{'Classifier__SVC__C': 1000, 'Classifier__SVC__kernel': 'linear', 'PCA__n_components': 30, 'Scaler': MinMaxScaler(), 'Selector__max_features': 8}",0.1864406779661017,0.26495726495726496,0.28205128205128205,0.24448307499154956,0.04163124823532941,124
42,0.2072916030883789,0.007699862770249467,0.009184439977010092,0.0014684653817540242,1000.0,linear,30,MinMaxScaler(),12,,,,"{'Classifier__SVC__C': 1000, 'Classifier__SVC__kernel': 'linear', 'PCA__n_components': 30, 'Scaler': MinMaxScaler(), 'Selector__max_features': 12}",0.3135593220338983,0.41025641025641024,0.3162393162393162,0.34668501617654157,0.04496507682767993,9
43,0.27657413482666016,0.0637772128950226,0.02257378896077474,0.015543742425480293,1000.0,linear,30,MinMaxScaler(),16,,,,"{'Classifier__SVC__C': 1000, 'Classifier__SVC__kernel': 'linear', 'PCA__n_components': 30, 'Scaler': MinMaxScaler(), 'Selector__max_features': 16}",0.3135593220338983,0.41025641025641024,0.38461538461538464,0.3694770389685644,0.040901987314147424,5
44,0.0990139643351237,0.018013990078005835,0.02078413963317871,0.012425382405863696,1000.0,linear,40,MinMaxScaler(),4,,,,"{'Classifier__SVC__C': 1000, 'Classifier__SVC__kernel': 'linear', 'PCA__n_components': 40, 'Scaler': MinMaxScaler(), 'Selector__max_features': 4}",0.3389830508474576,0.26495726495726496,0.24786324786324787,0.2839345212226568,0.039545811539631395,68
45,0.1816981633504232,0.009072098338054828,0.016681989034016926,0.0034417886219636046,1000.0,linear,40,MinMaxScaler(),8,,,,"{'Classifier__SVC__C': 1000, 'Classifier__SVC__kernel': 'linear', 'PCA__n_components': 40, 'Scaler': MinMaxScaler(), 'Selector__max_features': 8}",0.2966101694915254,0.26495726495726496,0.26495726495726496,0.2755082331353518,0.014921322293617322,75
46,0.2154546578725179,0.025720742334742166,0.015854914983113606,0.0040919310218111606,1000.0,linear,40,MinMaxScaler(),12,,,,"{'Classifier__SVC__C': 1000, 'Classifier__SVC__kernel': 'linear', 'PCA__n_components': 40, 'Scaler': MinMaxScaler(), 'Selector__max_features': 12}",0.2627118644067797,0.23076923076923078,0.29914529914529914,0.26420879810710324,0.027934474394190976,92
47,0.20319326718648276,0.03399218567053524,0.011931975682576498,0.0018630203856689525,1000.0,linear,40,MinMaxScaler(),16,,,,"{'Classifier__SVC__C': 1000, 'Classifier__SVC__kernel': 'linear', 'PCA__n_components': 40, 'Scaler': MinMaxScaler(), 'Selector__max_features': 16}",0.3474576271186441,0.3418803418803419,0.27350427350427353,0.3209474141677532,0.03362454683380761,30
48,0.04952367146809896,0.0017478091250321883,0.00887759526570638,0.00014796011060065815,1.0,linear,15,MinMaxScaler(),4,,,,"{'Classifier__SVC__C': 1, 'Classifier__SVC__kernel': 'linear', 'PCA__n_components': 15, 'Scaler': MinMaxScaler(), 'Selector__max_features': 4}",0.2627118644067797,0.2222222222222222,0.17094017094017094,0.2186247525230576,0.037551895394769844,179
49,0.04928406079610189,0.0011069554989658072,0.008762121200561523,0.0001167087559451498,1.0,linear,15,MinMaxScaler(),8,,,,"{'Classifier__SVC__C': 1, 'Classifier__SVC__kernel': 'linear', 'PCA__n_components': 15, 'Scaler': MinMaxScaler(), 'Selector__max_features': 8}",0.22033898305084745,0.23931623931623933,0.1623931623931624,0.20734946158674972,0.03271936930655494,209
50,0.0444950262705485,0.0029381575760099527,0.0094758669535319,0.0004775009435958088,1.0,linear,15,MinMaxScaler(),12,,,,"{'Classifier__SVC__C': 1, 'Classifier__SVC__kernel': 'linear', 'PCA__n_components': 15, 'Scaler': MinMaxScaler(), 'Selector__max_features': 12}",0.22033898305084745,0.23931623931623933,0.1623931623931624,0.20734946158674972,0.03271936930655494,209
51,0.044693708419799805,0.0006592746939525465,0.01140896479288737,0.0034544802228938395,1.0,linear,15,MinMaxScaler(),13,,,,"{'Classifier__SVC__C': 1, 'Classifier__SVC__kernel': 'linear', 'PCA__n_components': 15, 'Scaler': MinMaxScaler(), 'Selector__max_features': 13}",0.22033898305084745,0.23931623931623933,0.1623931623931624,0.20734946158674972,0.03271936930655494,209
52,0.037865797678629555,0.004892438267190549,0.009156624476114908,0.000415480173336016,10.0,linear,15,MinMaxScaler(),4,,,,"{'Classifier__SVC__C': 10, 'Classifier__SVC__kernel': 'linear', 'PCA__n_components': 15, 'Scaler': MinMaxScaler(), 'Selector__max_features': 4}",0.2627118644067797,0.28205128205128205,0.20512820512820512,0.24996378386208895,0.032671854441897887,120
53,0.03851000467936198,0.005474167875904575,0.009498675664265951,0.0005279723075581596,10.0,linear,15,MinMaxScaler(),8,,,,"{'Classifier__SVC__C': 10, 'Classifier__SVC__kernel': 'linear', 'PCA__n_components': 15, 'Scaler': MinMaxScaler(), 'Selector__max_features': 8}",0.1864406779661017,0.29914529914529914,0.21367521367521367,0.23308706359553819,0.04801526039905439,144
54,0.0418856143951416,0.006737391773622645,0.010700702667236328,0.0017169438592234596,10.0,linear,15,MinMaxScaler(),12,,,,"{'Classifier__SVC__C': 10, 'Classifier__SVC__kernel': 'linear', 'PCA__n_components': 15, 'Scaler': MinMaxScaler(), 'Selector__max_features': 12}",0.1864406779661017,0.29914529914529914,0.21367521367521367,0.23308706359553819,0.04801526039905439,144
55,0.0370031992594401,0.0005161364613215171,0.009703556696573893,0.001030027686816441,10.0,linear,15,MinMaxScaler(),13,,,,"{'Classifier__SVC__C': 10, 'Classifier__SVC__kernel': 'linear', 'PCA__n_components': 15, 'Scaler': MinMaxScaler(), 'Selector__max_features': 13}",0.1864406779661017,0.29914529914529914,0.21367521367521367,0.23308706359553819,0.04801526039905439,144
56,0.049576123555501304,0.005638667349958112,0.01441494623819987,0.00047843373093747375,100.0,linear,15,MinMaxScaler(),4,,,,"{'Classifier__SVC__C': 100, 'Classifier__SVC__kernel': 'linear', 'PCA__n_components': 15, 'Scaler': MinMaxScaler(), 'Selector__max_features': 4}",0.2711864406779661,0.27350427350427353,0.23931623931623933,0.2613356511661597,0.015598802537694698,97
57,0.06774393717447917,0.012040683696737928,0.013692061106363932,0.0035153146009159575,100.0,linear,15,MinMaxScaler(),8,,,,"{'Classifier__SVC__C': 100, 'Classifier__SVC__kernel': 'linear', 'PCA__n_components': 15, 'Scaler': MinMaxScaler(), 'Selector__max_features': 8}",0.1694915254237288,0.3076923076923077,0.24786324786324787,0.24168236032642812,0.0565892603648955,130
58,0.06926027933756511,0.01599892661846747,0.01065683364868164,0.0018063382487584984,100.0,linear,15,MinMaxScaler(),12,,,,"{'Classifier__SVC__C': 100, 'Classifier__SVC__kernel': 'linear', 'PCA__n_components': 15, 'Scaler': MinMaxScaler(), 'Selector__max_features': 12}",0.1694915254237288,0.3076923076923077,0.24786324786324787,0.24168236032642812,0.0565892603648955,130
59,0.0645914077758789,0.009702609429257113,0.013379494349161783,0.002762048834152855,100.0,linear,15,MinMaxScaler(),13,,,,"{'Classifier__SVC__C': 100, 'Classifier__SVC__kernel': 'linear', 'PCA__n_components': 15, 'Scaler': MinMaxScaler(), 'Selector__max_features': 13}",0.1694915254237288,0.3076923076923077,0.24786324786324787,0.24168236032642812,0.0565892603648955,130
60,0.14853763580322266,0.030542635603745868,0.013896783192952475,0.005098975533409528,1000.0,linear,15,MinMaxScaler(),4,,,,"{'Classifier__SVC__C': 1000, 'Classifier__SVC__kernel': 'linear', 'PCA__n_components': 15, 'Scaler': MinMaxScaler(), 'Selector__max_features': 4}",0.2711864406779661,0.28205128205128205,0.2564102564102564,0.2698826597131682,0.010508423052772504,85
61,0.26562929153442383,0.09794579224162064,0.018932501475016277,0.0030379112123979915,1000.0,linear,15,MinMaxScaler(),8,,,,"{'Classifier__SVC__C': 1000, 'Classifier__SVC__kernel': 'linear', 'PCA__n_components': 15, 'Scaler': MinMaxScaler(), 'Selector__max_features': 8}",0.1694915254237288,0.3076923076923077,0.27350427350427353,0.25022936887343666,0.05877161981825752,115
62,0.2803630828857422,0.09848088457018062,0.02501225471496582,0.014639000431512558,1000.0,linear,15,MinMaxScaler(),12,,,,"{'Classifier__SVC__C': 1000, 'Classifier__SVC__kernel': 'linear', 'PCA__n_components': 15, 'Scaler': MinMaxScaler(), 'Selector__max_features': 12}",0.1694915254237288,0.3076923076923077,0.27350427350427353,0.25022936887343666,0.05877161981825752,115
63,0.27312612533569336,0.10555512990850616,0.021822532018025715,0.015184586748364353,1000.0,linear,15,MinMaxScaler(),13,,,,"{'Classifier__SVC__C': 1000, 'Classifier__SVC__kernel': 'linear', 'PCA__n_components': 15, 'Scaler': MinMaxScaler(), 'Selector__max_features': 13}",0.1694915254237288,0.3076923076923077,0.27350427350427353,0.25022936887343666,0.05877161981825752,115
64,0.059077183405558266,0.006517214635197661,0.017073631286621094,0.004755497181964206,1.0,linear,10,MinMaxScaler(),4,,,,"{'Classifier__SVC__C': 1, 'Classifier__SVC__kernel': 'linear', 'PCA__n_components': 10, 'Scaler': MinMaxScaler(), 'Selector__max_features': 4}",0.23728813559322035,0.1623931623931624,0.10256410256410256,0.16741513351682843,0.055115372413286574,334
65,0.06246193250020345,0.002679609355186594,0.009049097696940104,0.0011511212832359793,1.0,linear,10,MinMaxScaler(),8,,,,"{'Classifier__SVC__C': 1, 'Classifier__SVC__kernel': 'linear', 'PCA__n_components': 10, 'Scaler': MinMaxScaler(), 'Selector__max_features': 8}",0.23728813559322035,0.1623931623931624,0.1282051282051282,0.17596214206383698,0.045554828007468295,303
66,0.057933410008748375,0.0006549227551258303,0.00951226552327474,0.001724079203200517,10.0,linear,10,MinMaxScaler(),4,,,,"{'Classifier__SVC__C': 10, 'Classifier__SVC__kernel': 'linear', 'PCA__n_components': 10, 'Scaler': MinMaxScaler(), 'Selector__max_features': 4}",0.1864406779661017,0.21367521367521367,0.13675213675213677,0.17895600946448406,0.031846560649074096,291
67,0.05520780881245931,0.0040690563011190044,0.009378592173258463,0.00025199278615759636,10.0,linear,10,MinMaxScaler(),8,,,,"{'Classifier__SVC__C': 10, 'Classifier__SVC__kernel': 'linear', 'PCA__n_components': 10, 'Scaler': MinMaxScaler(), 'Selector__max_features': 8}",0.1864406779661017,0.21367521367521367,0.1452991452991453,0.1818050123134869,0.028106211990404282,269
68,0.06057294209798177,0.006793203553888959,0.01223285992940267,0.0006300527620713002,100.0,linear,10,MinMaxScaler(),4,,,,"{'Classifier__SVC__C': 100, 'Classifier__SVC__kernel': 'linear', 'PCA__n_components': 10, 'Scaler': MinMaxScaler(), 'Selector__max_features': 4}",0.1864406779661017,0.19658119658119658,0.17094017094017094,0.18465401516248972,0.010543866209358925,260
69,0.05594197909037272,0.006266359532566591,0.009891112645467123,0.0010736488215401883,100.0,linear,10,MinMaxScaler(),8,,,,"{'Classifier__SVC__C': 100, 'Classifier__SVC__kernel': 'linear', 'PCA__n_components': 10, 'Scaler': MinMaxScaler(), 'Selector__max_features': 8}",0.1864406779661017,0.19658119658119658,0.1794871794871795,0.1875030180114926,0.007018916339990001,246
70,0.30385899543762207,0.11474245215770423,0.008403142293294271,0.002076405335152041,1000.0,linear,10,MinMaxScaler(),4,,,,"{'Classifier__SVC__C': 1000, 'Classifier__SVC__kernel': 'linear', 'PCA__n_components': 10, 'Scaler': MinMaxScaler(), 'Selector__max_features': 4}",0.1864406779661017,0.19658119658119658,0.17094017094017094,0.18465401516248972,0.010543866209358925,260
71,0.33282001813252765,0.1174372941713963,0.00921026865641276,0.0022872790181340482,1000.0,linear,10,MinMaxScaler(),8,,,,"{'Classifier__SVC__C': 1000, 'Classifier__SVC__kernel': 'linear', 'PCA__n_components': 10, 'Scaler': MinMaxScaler(), 'Selector__max_features': 8}",0.1864406779661017,0.19658119658119658,0.1794871794871795,0.1875030180114926,0.007018916339990001,246
72,0.03720211982727051,0.0016377754470880187,0.012776454289754232,0.0006135492433138651,10.0,rbf,30,MinMaxScaler(),4,0.001,,,"{'Classifier__SVC__C': 10, 'Classifier__SVC__gamma': 0.001, 'Classifier__SVC__kernel': 'rbf', 'PCA__n_components': 30, 'Scaler': MinMaxScaler(), 'Selector__max_features': 4}",0.1694915254237288,0.3076923076923077,0.13675213675213677,0.20464532328939108,0.07408093609266646,213
73,0.03872537612915039,0.0018920738709997144,0.012967665990193685,0.000880426158378381,10.0,rbf,30,MinMaxScaler(),8,0.001,,,"{'Classifier__SVC__C': 10, 'Classifier__SVC__gamma': 0.001, 'Classifier__SVC__kernel': 'rbf', 'PCA__n_components': 30, 'Scaler': MinMaxScaler(), 'Selector__max_features': 8}",0.16101694915254236,0.3076923076923077,0.13675213675213677,0.20182046453232894,0.07551525523925647,217
74,0.04054737091064453,0.006529931608066038,0.02421847979227702,0.014785504814411484,10.0,rbf,30,MinMaxScaler(),12,0.001,,,"{'Classifier__SVC__C': 10, 'Classifier__SVC__gamma': 0.001, 'Classifier__SVC__kernel': 'rbf', 'PCA__n_components': 30, 'Scaler': MinMaxScaler(), 'Selector__max_features': 12}",0.1271186440677966,0.3076923076923077,0.13675213675213677,0.19052102950408037,0.08294589549628935,230
75,0.08340899149576823,0.0034712253568060466,0.020183324813842773,0.00394617555030071,10.0,rbf,30,MinMaxScaler(),16,0.001,,,"{'Classifier__SVC__C': 10, 'Classifier__SVC__gamma': 0.001, 'Classifier__SVC__kernel': 'rbf', 'PCA__n_components': 30, 'Scaler': MinMaxScaler(), 'Selector__max_features': 16}",0.1271186440677966,0.3076923076923077,0.13675213675213677,0.19052102950408037,0.08294589549628935,230
76,0.07311495145161946,0.0032680163284626424,0.01688551902770996,0.0002493398628873944,10.0,rbf,30,MinMaxScaler(),20,0.001,,,"{'Classifier__SVC__C': 10, 'Classifier__SVC__gamma': 0.001, 'Classifier__SVC__kernel': 'rbf', 'PCA__n_components': 30, 'Scaler': MinMaxScaler(), 'Selector__max_features': 20}",0.1271186440677966,0.3076923076923077,0.13675213675213677,0.19052102950408037,0.08294589549628935,230
77,0.06914615631103516,0.0022898105947501144,0.018349329630533855,0.003596270785647921,10.0,rbf,40,MinMaxScaler(),4,0.001,,,"{'Classifier__SVC__C': 10, 'Classifier__SVC__gamma': 0.001, 'Classifier__SVC__kernel': 'rbf', 'PCA__n_components': 40, 'Scaler': MinMaxScaler(), 'Selector__max_features': 4}",0.2033898305084746,0.3076923076923077,0.13675213675213677,0.2159447583176397,0.07034844309807065,186
78,0.07506132125854492,0.00030572929204206867,0.011674880981445312,0.000637313183237981,10.0,rbf,40,MinMaxScaler(),8,0.001,,,"{'Classifier__SVC__C': 10, 'Classifier__SVC__gamma': 0.001, 'Classifier__SVC__kernel': 'rbf', 'PCA__n_components': 40, 'Scaler': MinMaxScaler(), 'Selector__max_features': 8}",0.15254237288135594,0.3076923076923077,0.13675213675213677,0.1989956057752668,0.07713003152679099,219
79,0.06770793596903484,0.005406840778708435,0.01145013173421224,0.00023090871867127103,10.0,rbf,40,MinMaxScaler(),12,0.001,,,"{'Classifier__SVC__C': 10, 'Classifier__SVC__gamma': 0.001, 'Classifier__SVC__kernel': 'rbf', 'PCA__n_components': 40, 'Scaler': MinMaxScaler(), 'Selector__max_features': 12}",0.17796610169491525,0.3076923076923077,0.13675213675213677,0.2074701820464532,0.0728377355418935,208
80,0.0451353391011556,0.012532524958030032,0.01387643814086914,0.0014541819867574027,10.0,rbf,40,MinMaxScaler(),16,0.001,,,"{'Classifier__SVC__C': 10, 'Classifier__SVC__gamma': 0.001, 'Classifier__SVC__kernel': 'rbf', 'PCA__n_components': 40, 'Scaler': MinMaxScaler(), 'Selector__max_features': 16}",0.16101694915254236,0.3076923076923077,0.13675213675213677,0.20182046453232894,0.07551525523925647,217
81,0.04288744926452637,0.001820633500429614,0.01618639628092448,0.0029487178718151925,10.0,rbf,40,MinMaxScaler(),20,0.001,,,"{'Classifier__SVC__C': 10, 'Classifier__SVC__gamma': 0.001, 'Classifier__SVC__kernel': 'rbf', 'PCA__n_components': 40, 'Scaler': MinMaxScaler(), 'Selector__max_features': 20}",0.1694915254237288,0.3076923076923077,0.13675213675213677,0.20464532328939108,0.07408093609266646,213
82,0.04301842053731283,0.005180399224061141,0.01389638582865397,0.0008573486430313227,10.0,rbf,30,MinMaxScaler(),4,0.01,,,"{'Classifier__SVC__C': 10, 'Classifier__SVC__gamma': 0.01, 'Classifier__SVC__kernel': 'rbf', 'PCA__n_components': 30, 'Scaler': MinMaxScaler(), 'Selector__max_features': 4}",0.2796610169491525,0.3247863247863248,0.20512820512820512,0.2698585156212275,0.04933952556346822,87
83,0.04294228553771973,0.0026026595276673918,0.013373454411824545,0.0009801335752076816,10.0,rbf,30,MinMaxScaler(),8,0.01,,,"{'Classifier__SVC__C': 10, 'Classifier__SVC__gamma': 0.01, 'Classifier__SVC__kernel': 'rbf', 'PCA__n_components': 30, 'Scaler': MinMaxScaler(), 'Selector__max_features': 8}",0.2542372881355932,0.3333333333333333,0.13675213675213677,0.24144091940702106,0.08076241700940665,136
84,0.04218451182047526,0.0018646366378957456,0.01289669672648112,0.0013607934778057731,10.0,rbf,30,MinMaxScaler(),12,0.01,,,"{'Classifier__SVC__C': 10, 'Classifier__SVC__gamma': 0.01, 'Classifier__SVC__kernel': 'rbf', 'PCA__n_components': 30, 'Scaler': MinMaxScaler(), 'Selector__max_features': 12}",0.2627118644067797,0.23931623931623933,0.13675213675213677,0.2129267468250519,0.054703852595375045,198
85,0.06133039792378744,0.019121969348151784,0.027924219767252605,0.010937489723178557,10.0,rbf,30,MinMaxScaler(),16,0.01,,,"{'Classifier__SVC__C': 10, 'Classifier__SVC__gamma': 0.01, 'Classifier__SVC__kernel': 'rbf', 'PCA__n_components': 30, 'Scaler': MinMaxScaler(), 'Selector__max_features': 16}",0.2627118644067797,0.23931623931623933,0.13675213675213677,0.2129267468250519,0.054703852595375045,198
86,0.08099818229675293,0.004322926443749661,0.02051520347595215,0.013324948479856921,10.0,rbf,30,MinMaxScaler(),20,0.01,,,"{'Classifier__SVC__C': 10, 'Classifier__SVC__gamma': 0.01, 'Classifier__SVC__kernel': 'rbf', 'PCA__n_components': 30, 'Scaler': MinMaxScaler(), 'Selector__max_features': 20}",0.2627118644067797,0.23931623931623933,0.13675213675213677,0.2129267468250519,0.054703852595375045,198
87,0.08079806963602702,0.0036344802334434285,0.04225794474283854,0.01669881402881022,10.0,rbf,40,MinMaxScaler(),4,0.01,,,"{'Classifier__SVC__C': 10, 'Classifier__SVC__gamma': 0.01, 'Classifier__SVC__kernel': 'rbf', 'PCA__n_components': 40, 'Scaler': MinMaxScaler(), 'Selector__max_features': 4}",0.2796610169491525,0.3076923076923077,0.20512820512820512,0.26416050992322176,0.043282391124957,93
88,0.10156488418579102,0.021090801203584027,0.040023406346639,0.02306275990086622,10.0,rbf,40,MinMaxScaler(),8,0.01,,,"{'Classifier__SVC__C': 10, 'Classifier__SVC__gamma': 0.01, 'Classifier__SVC__kernel': 'rbf', 'PCA__n_components': 40, 'Scaler': MinMaxScaler(), 'Selector__max_features': 8}",0.2627118644067797,0.3076923076923077,0.18803418803418803,0.2528127867110918,0.049349165507623124,110
89,0.07396984100341797,0.012123521076649102,0.010447978973388672,0.0012378012527539189,10.0,rbf,40,MinMaxScaler(),12,0.01,,,"{'Classifier__SVC__C': 10, 'Classifier__SVC__gamma': 0.01, 'Classifier__SVC__kernel': 'rbf', 'PCA__n_components': 40, 'Scaler': MinMaxScaler(), 'Selector__max_features': 12}",0.2796610169491525,0.3247863247863248,0.15384615384615385,0.2527644985272104,0.07233119445845441,112
90,0.03315345446268717,0.007840764899489058,0.010557333628336588,0.0005650489586175578,10.0,rbf,40,MinMaxScaler(),16,0.01,,,"{'Classifier__SVC__C': 10, 'Classifier__SVC__gamma': 0.01, 'Classifier__SVC__kernel': 'rbf', 'PCA__n_components': 40, 'Scaler': MinMaxScaler(), 'Selector__max_features': 16}",0.2627118644067797,0.21367521367521367,0.17094017094017094,0.21577574967405475,0.03749506740042944,190
91,0.0402823289235433,0.006610979877315841,0.0184018611907959,0.005217047698303271,10.0,rbf,40,MinMaxScaler(),20,0.01,,,"{'Classifier__SVC__C': 10, 'Classifier__SVC__gamma': 0.01, 'Classifier__SVC__kernel': 'rbf', 'PCA__n_components': 40, 'Scaler': MinMaxScaler(), 'Selector__max_features': 20}",0.2711864406779661,0.21367521367521367,0.1452991452991453,0.21005359988410835,0.05145703611938515,205
92,0.044933319091796875,0.001883131615582342,0.023708105087280273,0.0037986537656095037,10.0,rbf,30,MinMaxScaler(),4,0.1,,,"{'Classifier__SVC__C': 10, 'Classifier__SVC__gamma': 0.1, 'Classifier__SVC__kernel': 'rbf', 'PCA__n_components': 30, 'Scaler': MinMaxScaler(), 'Selector__max_features': 4}",0.23728813559322035,0.2222222222222222,0.1794871794871795,0.21299917910087404,0.024481775875220622,196
93,0.0468141237894694,0.001883733775279363,0.02190677324930827,0.0012720523886522053,10.0,rbf,30,MinMaxScaler(),8,0.1,,,"{'Classifier__SVC__C': 10, 'Classifier__SVC__gamma': 0.1, 'Classifier__SVC__kernel': 'rbf', 'PCA__n_components': 30, 'Scaler': MinMaxScaler(), 'Selector__max_features': 8}",0.211864406779661,0.2564102564102564,0.20512820512820512,0.22446762277270751,0.0227536515157351,166
94,0.059743642807006836,0.002081262473999506,0.016162554423014324,0.004464748352029977,10.0,rbf,30,MinMaxScaler(),12,0.1,,,"{'Classifier__SVC__C': 10, 'Classifier__SVC__gamma': 0.1, 'Classifier__SVC__kernel': 'rbf', 'PCA__n_components': 30, 'Scaler': MinMaxScaler(), 'Selector__max_features': 12}",0.3305084745762712,0.3418803418803419,0.23931623931623933,0.30390168525761746,0.045904173463715746,49
95,0.06768131256103516,0.011138293634910111,0.02202320098876953,0.0035468618653583597,10.0,rbf,30,MinMaxScaler(),16,0.1,,,"{'Classifier__SVC__C': 10, 'Classifier__SVC__gamma': 0.1, 'Classifier__SVC__kernel': 'rbf', 'PCA__n_components': 30, 'Scaler': MinMaxScaler(), 'Selector__max_features': 16}",0.3305084745762712,0.3418803418803419,0.29914529914529914,0.3238447052006374,0.0180716229876236,26
96,0.053642988204956055,0.0014110630064599688,0.01912093162536621,0.0008583245231440835,10.0,rbf,30,MinMaxScaler(),20,0.1,,,"{'Classifier__SVC__C': 10, 'Classifier__SVC__gamma': 0.1, 'Classifier__SVC__kernel': 'rbf', 'PCA__n_components': 30, 'Scaler': MinMaxScaler(), 'Selector__max_features': 20}",0.3305084745762712,0.3418803418803419,0.29914529914529914,0.3238447052006374,0.0180716229876236,26
97,0.04778949419657389,0.0021803006487699506,0.017929712931315105,0.000236921484429239,10.0,rbf,40,MinMaxScaler(),4,0.1,,,"{'Classifier__SVC__C': 10, 'Classifier__SVC__gamma': 0.1, 'Classifier__SVC__kernel': 'rbf', 'PCA__n_components': 40, 'Scaler': MinMaxScaler(), 'Selector__max_features': 4}",0.3135593220338983,0.27350427350427353,0.1794871794871795,0.2555169250084504,0.056193080126765105,107
98,0.05264178911844889,0.006905427710522807,0.01873477300008138,0.0014127243433503533,10.0,rbf,40,MinMaxScaler(),8,0.1,,,"{'Classifier__SVC__C': 10, 'Classifier__SVC__gamma': 0.1, 'Classifier__SVC__kernel': 'rbf', 'PCA__n_components': 40, 'Scaler': MinMaxScaler(), 'Selector__max_features': 8}",0.23728813559322035,0.3162393162393162,0.2222222222222222,0.2585832246849196,0.04123036184191071,100
99,0.05921785036722819,0.012001794217972971,0.015104373296101889,0.0020604740387602342,10.0,rbf,40,MinMaxScaler(),12,0.1,,,"{'Classifier__SVC__C': 10, 'Classifier__SVC__gamma': 0.1, 'Classifier__SVC__kernel': 'rbf', 'PCA__n_components': 40, 'Scaler': MinMaxScaler(), 'Selector__max_features': 12}",0.2457627118644068,0.2905982905982906,0.19658119658119658,0.24431406634796468,0.038395984357994226,126
100,0.05487291018168131,0.002445769124052406,0.017099936803181965,0.0015030106705814564,10.0,rbf,40,MinMaxScaler(),16,0.1,,,"{'Classifier__SVC__C': 10, 'Classifier__SVC__gamma': 0.1, 'Classifier__SVC__kernel': 'rbf', 'PCA__n_components': 40, 'Scaler': MinMaxScaler(), 'Selector__max_features': 16}",0.2966101694915254,0.3247863247863248,0.27350427350427353,0.2983002559273746,0.020969890955752333,50
101,0.05261580149332682,0.0038196869708110107,0.01494272549947103,0.002016941576384682,10.0,rbf,40,MinMaxScaler(),20,0.1,,,"{'Classifier__SVC__C': 10, 'Classifier__SVC__gamma': 0.1, 'Classifier__SVC__kernel': 'rbf', 'PCA__n_components': 40, 'Scaler': MinMaxScaler(), 'Selector__max_features': 20}",0.288135593220339,0.36752136752136755,0.3076923076923077,0.32111642281133806,0.033770602999158864,29
102,0.04696973164876302,0.005184764280070553,0.013046344121297201,0.00020510080578680834,100.0,rbf,30,MinMaxScaler(),4,0.001,,,"{'Classifier__SVC__C': 100, 'Classifier__SVC__gamma': 0.001, 'Classifier__SVC__kernel': 'rbf', 'PCA__n_components': 30, 'Scaler': MinMaxScaler(), 'Selector__max_features': 4}",0.23728813559322035,0.1111111111111111,0.1111111111111111,0.15317011927181418,0.059480419760826984,410
103,0.04176084200541178,0.002915153767249395,0.012436628341674805,0.001287331707145784,100.0,rbf,30,MinMaxScaler(),8,0.001,,,"{'Classifier__SVC__C': 100, 'Classifier__SVC__gamma': 0.001, 'Classifier__SVC__kernel': 'rbf', 'PCA__n_components': 30, 'Scaler': MinMaxScaler(), 'Selector__max_features': 8}",0.211864406779661,0.2222222222222222,0.1111111111111111,0.1817325800376648,0.05011563289163491,270
104,0.03655115763346354,0.0020712668760335703,0.011167685190836588,0.0017159598629769273,100.0,rbf,30,MinMaxScaler(),12,0.001,,,"{'Classifier__SVC__C': 100, 'Classifier__SVC__gamma': 0.001, 'Classifier__SVC__kernel': 'rbf', 'PCA__n_components': 30, 'Scaler': MinMaxScaler(), 'Selector__max_features': 12}",0.2033898305084746,0.2905982905982906,0.13675213675213677,0.210246752619634,0.06299430026567213,202
105,0.03803269068400065,0.0016124611355716816,0.010218222935994467,0.001423641188736925,100.0,rbf,30,MinMaxScaler(),16,0.001,,,"{'Classifier__SVC__C': 100, 'Classifier__SVC__gamma': 0.001, 'Classifier__SVC__kernel': 'rbf', 'PCA__n_components': 30, 'Scaler': MinMaxScaler(), 'Selector__max_features': 16}",0.2033898305084746,0.2905982905982906,0.13675213675213677,0.210246752619634,0.06299430026567213,202
106,0.03745881716410319,0.0012187187625771893,0.010054588317871094,0.0017988660252842394,100.0,rbf,30,MinMaxScaler(),20,0.001,,,"{'Classifier__SVC__C': 100, 'Classifier__SVC__gamma': 0.001, 'Classifier__SVC__kernel': 'rbf', 'PCA__n_components': 30, 'Scaler': MinMaxScaler(), 'Selector__max_features': 20}",0.2033898305084746,0.2905982905982906,0.13675213675213677,0.210246752619634,0.06299430026567213,202
107,0.031719605127970375,0.004581655388782049,0.011850277582804361,0.0010630516021033014,100.0,rbf,40,MinMaxScaler(),4,0.001,,,"{'Classifier__SVC__C': 100, 'Classifier__SVC__gamma': 0.001, 'Classifier__SVC__kernel': 'rbf', 'PCA__n_components': 40, 'Scaler': MinMaxScaler(), 'Selector__max_features': 4}",0.3135593220338983,0.11965811965811966,0.1111111111111111,0.18144285093437637,0.09348559350908485,275
108,0.031026442845662434,0.0019349721915208654,0.012946208318074545,0.00105811589627649,100.0,rbf,40,MinMaxScaler(),8,0.001,,,"{'Classifier__SVC__C': 100, 'Classifier__SVC__gamma': 0.001, 'Classifier__SVC__kernel': 'rbf', 'PCA__n_components': 40, 'Scaler': MinMaxScaler(), 'Selector__max_features': 8}",0.2627118644067797,0.28205128205128205,0.1282051282051282,0.22432275822106332,0.06842247373788463,169
109,0.0338741143544515,0.0014202366733824898,0.0135345458984375,0.0012517167498613164,100.0,rbf,40,MinMaxScaler(),12,0.001,,,"{'Classifier__SVC__C': 100, 'Classifier__SVC__gamma': 0.001, 'Classifier__SVC__kernel': 'rbf', 'PCA__n_components': 40, 'Scaler': MinMaxScaler(), 'Selector__max_features': 12}",0.2627118644067797,0.2222222222222222,0.1282051282051282,0.20437973827804337,0.05634288595069109,215
110,0.03161207834879557,0.0030095766797766936,0.014169454574584961,0.0012842411396507417,100.0,rbf,40,MinMaxScaler(),16,0.001,,,"{'Classifier__SVC__C': 100, 'Classifier__SVC__gamma': 0.001, 'Classifier__SVC__kernel': 'rbf', 'PCA__n_components': 40, 'Scaler': MinMaxScaler(), 'Selector__max_features': 16}",0.3474576271186441,0.2222222222222222,0.1452991452991453,0.23832633154667057,0.0833127429058384,141
111,0.03612470626831055,0.002491073279551498,0.014243761698404947,0.0012483819058674544,100.0,rbf,40,MinMaxScaler(),20,0.001,,,"{'Classifier__SVC__C': 100, 'Classifier__SVC__gamma': 0.001, 'Classifier__SVC__kernel': 'rbf', 'PCA__n_components': 40, 'Scaler': MinMaxScaler(), 'Selector__max_features': 20}",0.2796610169491525,0.23076923076923078,0.1452991452991453,0.2185764643391762,0.05552642495987324,181
112,0.03911018371582031,0.0016172450959133762,0.017092545827229817,0.004272962777066582,100.0,rbf,30,MinMaxScaler(),4,0.01,,,"{'Classifier__SVC__C': 100, 'Classifier__SVC__gamma': 0.01, 'Classifier__SVC__kernel': 'rbf', 'PCA__n_components': 30, 'Scaler': MinMaxScaler(), 'Selector__max_features': 4}",0.2457627118644068,0.24786324786324787,0.1794871794871795,0.22437104640494474,0.03174926975526998,167
113,0.042199134826660156,0.0004662738849102525,0.022203365961710613,0.0006201161776782507,100.0,rbf,30,MinMaxScaler(),8,0.01,,,"{'Classifier__SVC__C': 100, 'Classifier__SVC__gamma': 0.01, 'Classifier__SVC__kernel': 'rbf', 'PCA__n_components': 30, 'Scaler': MinMaxScaler(), 'Selector__max_features': 8}",0.2033898305084746,0.27350427350427353,0.18803418803418803,0.2216427640156454,0.03720359358788546,170
114,0.03860910733540853,0.005124066078185347,0.017574628194173176,0.0025669635929004204,100.0,rbf,30,MinMaxScaler(),12,0.01,,,"{'Classifier__SVC__C': 100, 'Classifier__SVC__gamma': 0.01, 'Classifier__SVC__kernel': 'rbf', 'PCA__n_components': 30, 'Scaler': MinMaxScaler(), 'Selector__max_features': 12}",0.3050847457627119,0.3418803418803419,0.21367521367521367,0.28688010043942247,0.053899261330952165,66
115,0.04639561971028646,0.0015046149834557429,0.010963201522827148,0.0016253638689597198,100.0,rbf,30,MinMaxScaler(),16,0.01,,,"{'Classifier__SVC__C': 100, 'Classifier__SVC__gamma': 0.01, 'Classifier__SVC__kernel': 'rbf', 'PCA__n_components': 30, 'Scaler': MinMaxScaler(), 'Selector__max_features': 16}",0.3050847457627119,0.3418803418803419,0.2905982905982906,0.31252112608044813,0.021586060472694645,42
116,0.04712716738382975,0.0016484440714970734,0.008793274561564127,0.0013013268165744853,100.0,rbf,30,MinMaxScaler(),20,0.01,,,"{'Classifier__SVC__C': 100, 'Classifier__SVC__gamma': 0.01, 'Classifier__SVC__kernel': 'rbf', 'PCA__n_components': 30, 'Scaler': MinMaxScaler(), 'Selector__max_features': 20}",0.3050847457627119,0.3418803418803419,0.2905982905982906,0.31252112608044813,0.021586060472694645,42
117,0.032020250956217446,0.006957997939202893,0.009236733118693033,0.0021437176199377117,100.0,rbf,40,MinMaxScaler(),4,0.01,,,"{'Classifier__SVC__C': 100, 'Classifier__SVC__gamma': 0.01, 'Classifier__SVC__kernel': 'rbf', 'PCA__n_components': 40, 'Scaler': MinMaxScaler(), 'Selector__max_features': 4}",0.288135593220339,0.2905982905982906,0.1794871794871795,0.2527403544352697,0.05180757312449906,114
118,0.02805320421854655,0.004281533072578622,0.01015925407409668,0.0022681280930639306,100.0,rbf,40,MinMaxScaler(),8,0.01,,,"{'Classifier__SVC__C': 100, 'Classifier__SVC__gamma': 0.01, 'Classifier__SVC__kernel': 'rbf', 'PCA__n_components': 40, 'Scaler': MinMaxScaler(), 'Selector__max_features': 8}",0.23728813559322035,0.3247863247863248,0.20512820512820512,0.2557342218359167,0.050561579440546005,103
119,0.026732206344604492,0.0014987438673447029,0.011837641398111979,0.0003323947392885796,100.0,rbf,40,MinMaxScaler(),12,0.01,,,"{'Classifier__SVC__C': 100, 'Classifier__SVC__gamma': 0.01, 'Classifier__SVC__kernel': 'rbf', 'PCA__n_components': 40, 'Scaler': MinMaxScaler(), 'Selector__max_features': 12}",0.2288135593220339,0.29914529914529914,0.18803418803418803,0.23866434883384036,0.04589261591723921,137
120,0.03245774904886881,0.002397677429715137,0.012766202290852865,7.631389370372546e-05,100.0,rbf,40,MinMaxScaler(),16,0.01,,,"{'Classifier__SVC__C': 100, 'Classifier__SVC__gamma': 0.01, 'Classifier__SVC__kernel': 'rbf', 'PCA__n_components': 40, 'Scaler': MinMaxScaler(), 'Selector__max_features': 16}",0.2796610169491525,0.3333333333333333,0.2564102564102564,0.2898015355642474,0.03221192873419946,61
121,0.03367082277933756,0.0010883352847660531,0.01358334223429362,0.00047267405136299764,100.0,rbf,40,MinMaxScaler(),20,0.01,,,"{'Classifier__SVC__C': 100, 'Classifier__SVC__gamma': 0.01, 'Classifier__SVC__kernel': 'rbf', 'PCA__n_components': 40, 'Scaler': MinMaxScaler(), 'Selector__max_features': 20}",0.2796610169491525,0.37606837606837606,0.3162393162393162,0.3239895697522816,0.03973784548112087,25
122,0.03221265474955241,0.0020479178593449075,0.012432098388671875,0.0006512915721002126,100.0,rbf,30,MinMaxScaler(),4,0.1,,,"{'Classifier__SVC__C': 100, 'Classifier__SVC__gamma': 0.1, 'Classifier__SVC__kernel': 'rbf', 'PCA__n_components': 30, 'Scaler': MinMaxScaler(), 'Selector__max_features': 4}",0.2542372881355932,0.2222222222222222,0.18803418803418803,0.22149789946400114,0.027032154906736855,176
123,0.03235562642415365,0.002556556574838805,0.01279751459757487,0.00041001731248696695,100.0,rbf,30,MinMaxScaler(),8,0.1,,,"{'Classifier__SVC__C': 100, 'Classifier__SVC__gamma': 0.1, 'Classifier__SVC__kernel': 'rbf', 'PCA__n_components': 30, 'Scaler': MinMaxScaler(), 'Selector__max_features': 8}",0.2966101694915254,0.24786324786324787,0.26495726495726496,0.2698102274373461,0.02019453763906079,88
124,0.03432170550028483,0.0006275500179234632,0.011282126108805338,0.00249029882696356,100.0,rbf,30,MinMaxScaler(),12,0.1,,,"{'Classifier__SVC__C': 100, 'Classifier__SVC__gamma': 0.1, 'Classifier__SVC__kernel': 'rbf', 'PCA__n_components': 30, 'Scaler': MinMaxScaler(), 'Selector__max_features': 12}",0.3559322033898305,0.3162393162393162,0.3418803418803419,0.3380172871698295,0.01643317206867812,18
125,0.034528652826944985,0.003270931827552882,0.009137471516927084,0.0022706474145749124,100.0,rbf,30,MinMaxScaler(),16,0.1,,,"{'Classifier__SVC__C': 100, 'Classifier__SVC__gamma': 0.1, 'Classifier__SVC__kernel': 'rbf', 'PCA__n_components': 30, 'Scaler': MinMaxScaler(), 'Selector__max_features': 16}",0.3559322033898305,0.3162393162393162,0.36752136752136755,0.34656429571683806,0.021958756287656152,10
126,0.033063411712646484,0.0024916442101222567,0.009066104888916016,0.0023397608417078646,100.0,rbf,30,MinMaxScaler(),20,0.1,,,"{'Classifier__SVC__C': 100, 'Classifier__SVC__gamma': 0.1, 'Classifier__SVC__kernel': 'rbf', 'PCA__n_components': 30, 'Scaler': MinMaxScaler(), 'Selector__max_features': 20}",0.3559322033898305,0.3162393162393162,0.36752136752136755,0.34656429571683806,0.021958756287656152,10
127,0.030754804611206055,0.001761520763146499,0.011332114537556967,0.0023395138854496113,100.0,rbf,40,MinMaxScaler(),4,0.1,,,"{'Classifier__SVC__C': 100, 'Classifier__SVC__gamma': 0.1, 'Classifier__SVC__kernel': 'rbf', 'PCA__n_components': 40, 'Scaler': MinMaxScaler(), 'Selector__max_features': 4}",0.3389830508474576,0.2905982905982906,0.18803418803418803,0.27253850982664546,0.06293386241282581,84
128,0.026434818903605144,0.001878629602362845,0.02843014399210612,0.009520292848995351,100.0,rbf,40,MinMaxScaler(),8,0.1,,,"{'Classifier__SVC__C': 100, 'Classifier__SVC__gamma': 0.1, 'Classifier__SVC__kernel': 'rbf', 'PCA__n_components': 40, 'Scaler': MinMaxScaler(), 'Selector__max_features': 8}",0.3220338983050847,0.3247863247863248,0.24786324786324787,0.2982278236515525,0.03563085585683253,52
129,0.06081414222717285,0.009008788427231977,0.014309326807657877,0.006351563087184219,100.0,rbf,40,MinMaxScaler(),12,0.1,,,"{'Classifier__SVC__C': 100, 'Classifier__SVC__gamma': 0.1, 'Classifier__SVC__kernel': 'rbf', 'PCA__n_components': 40, 'Scaler': MinMaxScaler(), 'Selector__max_features': 12}",0.2796610169491525,0.3162393162393162,0.26495726495726496,0.2869525327152445,0.021561336500769312,65
130,0.06538017590840657,0.00357968709084664,0.011005798975626627,0.0006469260267432162,100.0,rbf,40,MinMaxScaler(),16,0.1,,,"{'Classifier__SVC__C': 100, 'Classifier__SVC__gamma': 0.1, 'Classifier__SVC__kernel': 'rbf', 'PCA__n_components': 40, 'Scaler': MinMaxScaler(), 'Selector__max_features': 16}",0.3389830508474576,0.36752136752136755,0.3076923076923077,0.33806557535371096,0.024433725612610733,15
131,0.06484699249267578,0.0022904938618338784,0.011077245076497396,0.00046873279947152677,100.0,rbf,40,MinMaxScaler(),20,0.1,,,"{'Classifier__SVC__C': 100, 'Classifier__SVC__gamma': 0.1, 'Classifier__SVC__kernel': 'rbf', 'PCA__n_components': 40, 'Scaler': MinMaxScaler(), 'Selector__max_features': 20}",0.2966101694915254,0.3162393162393162,0.4358974358974359,0.3495823072094259,0.061557842342696296,7
132,0.0651559829711914,0.002678016911679909,0.012356996536254883,0.00017769111332192924,1000.0,rbf,30,MinMaxScaler(),4,0.001,,,"{'Classifier__SVC__C': 1000, 'Classifier__SVC__gamma': 0.001, 'Classifier__SVC__kernel': 'rbf', 'PCA__n_components': 30, 'Scaler': MinMaxScaler(), 'Selector__max_features': 4}",0.23728813559322035,0.24786324786324787,0.19658119658119658,0.22724419334588827,0.022107657464093617,162
133,0.05664308865865072,0.007535565097909123,0.01309053103129069,0.0008673621231665606,1000.0,rbf,30,MinMaxScaler(),8,0.001,,,"{'Classifier__SVC__C': 1000, 'Classifier__SVC__gamma': 0.001, 'Classifier__SVC__kernel': 'rbf', 'PCA__n_components': 30, 'Scaler': MinMaxScaler(), 'Selector__max_features': 8}",0.2033898305084746,0.27350427350427353,0.1794871794871795,0.21879376116664254,0.03989790555610666,178
134,0.034401893615722656,0.004299398250733468,0.01125041643778483,0.002371237893020913,1000.0,rbf,30,MinMaxScaler(),12,0.001,,,"{'Classifier__SVC__C': 1000, 'Classifier__SVC__gamma': 0.001, 'Classifier__SVC__kernel': 'rbf', 'PCA__n_components': 30, 'Scaler': MinMaxScaler(), 'Selector__max_features': 12}",0.3050847457627119,0.3418803418803419,0.20512820512820512,0.2840310975904196,0.057779631951007195,67
135,0.034386237462361656,0.002088416801084138,0.012893597284952799,0.0004573861995252263,1000.0,rbf,30,MinMaxScaler(),16,0.001,,,"{'Classifier__SVC__C': 1000, 'Classifier__SVC__gamma': 0.001, 'Classifier__SVC__kernel': 'rbf', 'PCA__n_components': 30, 'Scaler': MinMaxScaler(), 'Selector__max_features': 16}",0.3050847457627119,0.3418803418803419,0.29914529914529914,0.315370128929451,0.018901724781202063,36
136,0.03272255261739095,0.0024866820091744247,0.009700536727905273,0.0016600815786202146,1000.0,rbf,30,MinMaxScaler(),20,0.001,,,"{'Classifier__SVC__C': 1000, 'Classifier__SVC__gamma': 0.001, 'Classifier__SVC__kernel': 'rbf', 'PCA__n_components': 30, 'Scaler': MinMaxScaler(), 'Selector__max_features': 20}",0.3050847457627119,0.3418803418803419,0.29914529914529914,0.315370128929451,0.018901724781202063,36
137,0.03673632939656576,0.0017823845802396833,0.011319796244303385,7.310639205980384e-06,1000.0,rbf,40,MinMaxScaler(),4,0.001,,,"{'Classifier__SVC__C': 1000, 'Classifier__SVC__gamma': 0.001, 'Classifier__SVC__kernel': 'rbf', 'PCA__n_components': 40, 'Scaler': MinMaxScaler(), 'Selector__max_features': 4}",0.288135593220339,0.2905982905982906,0.19658119658119658,0.25843836013327537,0.04375117317760606,101
138,0.03363267580668131,0.0045753757715206785,0.011324564615885416,0.000920765892001207,1000.0,rbf,40,MinMaxScaler(),8,0.001,,,"{'Classifier__SVC__C': 1000, 'Classifier__SVC__gamma': 0.001, 'Classifier__SVC__kernel': 'rbf', 'PCA__n_components': 40, 'Scaler': MinMaxScaler(), 'Selector__max_features': 8}",0.23728813559322035,0.3247863247863248,0.20512820512820512,0.2557342218359167,0.050561579440546005,103
139,0.035068353017171226,0.0011520955678316837,0.013398170471191406,0.0007673255934392652,1000.0,rbf,40,MinMaxScaler(),12,0.001,,,"{'Classifier__SVC__C': 1000, 'Classifier__SVC__gamma': 0.001, 'Classifier__SVC__kernel': 'rbf', 'PCA__n_components': 40, 'Scaler': MinMaxScaler(), 'Selector__max_features': 12}",0.2288135593220339,0.29914529914529914,0.18803418803418803,0.23866434883384036,0.04589261591723921,137
140,0.03516634305318197,0.0021001433366119,0.013079166412353516,0.0005627820268180162,1000.0,rbf,40,MinMaxScaler(),16,0.001,,,"{'Classifier__SVC__C': 1000, 'Classifier__SVC__gamma': 0.001, 'Classifier__SVC__kernel': 'rbf', 'PCA__n_components': 40, 'Scaler': MinMaxScaler(), 'Selector__max_features': 16}",0.2796610169491525,0.3333333333333333,0.2564102564102564,0.2898015355642474,0.03221192873419946,61
141,0.03296764691670736,0.004788131621630684,0.012941281000773111,0.0005943572054970825,1000.0,rbf,40,MinMaxScaler(),20,0.001,,,"{'Classifier__SVC__C': 1000, 'Classifier__SVC__gamma': 0.001, 'Classifier__SVC__kernel': 'rbf', 'PCA__n_components': 40, 'Scaler': MinMaxScaler(), 'Selector__max_features': 20}",0.2796610169491525,0.37606837606837606,0.3333333333333333,0.32968757545028726,0.03944247613924256,23
142,0.030742088953653973,0.00528523412789319,0.012326955795288086,0.0009067865898821194,1000.0,rbf,30,MinMaxScaler(),4,0.01,,,"{'Classifier__SVC__C': 1000, 'Classifier__SVC__gamma': 0.01, 'Classifier__SVC__kernel': 'rbf', 'PCA__n_components': 30, 'Scaler': MinMaxScaler(), 'Selector__max_features': 4}",0.2457627118644068,0.24786324786324787,0.2222222222222222,0.23861606064995897,0.011623869598564854,140
143,0.035221497217814125,0.001634904702220447,0.012901941935221354,0.0008478303756664856,1000.0,rbf,30,MinMaxScaler(),8,0.01,,,"{'Classifier__SVC__C': 1000, 'Classifier__SVC__gamma': 0.01, 'Classifier__SVC__kernel': 'rbf', 'PCA__n_components': 30, 'Scaler': MinMaxScaler(), 'Selector__max_features': 8}",0.2542372881355932,0.23931623931623933,0.23931623931623933,0.24428992225602397,0.007033849868387106,127
144,0.03750443458557129,0.0010231672326102103,0.012381474177042643,0.0002191338985153329,1000.0,rbf,30,MinMaxScaler(),12,0.01,,,"{'Classifier__SVC__C': 1000, 'Classifier__SVC__gamma': 0.01, 'Classifier__SVC__kernel': 'rbf', 'PCA__n_components': 30, 'Scaler': MinMaxScaler(), 'Selector__max_features': 12}",0.2796610169491525,0.3418803418803419,0.3418803418803419,0.3211405669032788,0.029330471053128814,28
145,0.03621371587117513,0.0016210922623018937,0.012072245279947916,0.001487969827956652,1000.0,rbf,30,MinMaxScaler(),16,0.01,,,"{'Classifier__SVC__C': 1000, 'Classifier__SVC__gamma': 0.01, 'Classifier__SVC__kernel': 'rbf', 'PCA__n_components': 30, 'Scaler': MinMaxScaler(), 'Selector__max_features': 16}",0.2796610169491525,0.3418803418803419,0.3333333333333333,0.3182915640542759,0.0275378795601807,31
146,0.03715348243713379,0.003152324561207851,0.012699524561564127,0.00014650135685526655,1000.0,rbf,30,MinMaxScaler(),20,0.01,,,"{'Classifier__SVC__C': 1000, 'Classifier__SVC__gamma': 0.01, 'Classifier__SVC__kernel': 'rbf', 'PCA__n_components': 30, 'Scaler': MinMaxScaler(), 'Selector__max_features': 20}",0.2796610169491525,0.3418803418803419,0.3333333333333333,0.3182915640542759,0.0275378795601807,31
147,0.035535732905069985,0.002742731910395609,0.01165469487508138,0.000787628813937629,1000.0,rbf,40,MinMaxScaler(),4,0.01,,,"{'Classifier__SVC__C': 1000, 'Classifier__SVC__gamma': 0.01, 'Classifier__SVC__kernel': 'rbf', 'PCA__n_components': 40, 'Scaler': MinMaxScaler(), 'Selector__max_features': 4}",0.3389830508474576,0.27350427350427353,0.2222222222222222,0.2782365155246511,0.04778471416131221,73
148,0.036838372548421226,0.0017497902048036653,0.01299754778544108,0.0008206863047869827,1000.0,rbf,40,MinMaxScaler(),8,0.01,,,"{'Classifier__SVC__C': 1000, 'Classifier__SVC__gamma': 0.01, 'Classifier__SVC__kernel': 'rbf', 'PCA__n_components': 40, 'Scaler': MinMaxScaler(), 'Selector__max_features': 8}",0.3050847457627119,0.3418803418803419,0.24786324786324787,0.29827611183543384,0.03868308513912797,51
149,0.03941965103149414,0.0012159467366195304,0.04042553901672363,0.019317677544619653,1000.0,rbf,40,MinMaxScaler(),12,0.01,,,"{'Classifier__SVC__C': 1000, 'Classifier__SVC__gamma': 0.01, 'Classifier__SVC__kernel': 'rbf', 'PCA__n_components': 40, 'Scaler': MinMaxScaler(), 'Selector__max_features': 12}",0.2796610169491525,0.2905982905982906,0.21367521367521367,0.26131150707421896,0.0339786043005116,98
150,0.04681539535522461,0.006528347365593113,0.0466149648030599,0.00758775136124087,1000.0,rbf,40,MinMaxScaler(),16,0.01,,,"{'Classifier__SVC__C': 1000, 'Classifier__SVC__gamma': 0.01, 'Classifier__SVC__kernel': 'rbf', 'PCA__n_components': 40, 'Scaler': MinMaxScaler(), 'Selector__max_features': 16}",0.3559322033898305,0.3333333333333333,0.26495726495726496,0.3180742672268096,0.03867591136211029,33
151,0.07962099711100261,0.0025918245689732903,0.012176434199015299,0.002486953949525429,1000.0,rbf,40,MinMaxScaler(),20,0.01,,,"{'Classifier__SVC__C': 1000, 'Classifier__SVC__gamma': 0.01, 'Classifier__SVC__kernel': 'rbf', 'PCA__n_components': 40, 'Scaler': MinMaxScaler(), 'Selector__max_features': 20}",0.2966101694915254,0.3333333333333333,0.3504273504273504,0.32679028441740304,0.02245262950906528,24
152,0.0832835038503011,0.0006294960987725284,0.011449495951334635,0.0005309487841941838,1000.0,rbf,30,MinMaxScaler(),4,0.1,,,"{'Classifier__SVC__C': 1000, 'Classifier__SVC__gamma': 0.1, 'Classifier__SVC__kernel': 'rbf', 'PCA__n_components': 30, 'Scaler': MinMaxScaler(), 'Selector__max_features': 4}",0.2796610169491525,0.23931623931623933,0.21367521367521367,0.24421748998020185,0.02716061182398738,129
153,0.08225385348002116,0.0010928271701150438,0.00997773806254069,0.0005771550415789756,1000.0,rbf,30,MinMaxScaler(),8,0.1,,,"{'Classifier__SVC__C': 1000, 'Classifier__SVC__gamma': 0.1, 'Classifier__SVC__kernel': 'rbf', 'PCA__n_components': 30, 'Scaler': MinMaxScaler(), 'Selector__max_features': 8}",0.2711864406779661,0.26495726495726496,0.27350427350427353,0.2698826597131682,0.0036090370256516174,85
154,0.08359487851460774,0.002014318242837065,0.010384003321329752,0.00023793810538190954,1000.0,rbf,30,MinMaxScaler(),12,0.1,,,"{'Classifier__SVC__C': 1000, 'Classifier__SVC__gamma': 0.1, 'Classifier__SVC__kernel': 'rbf', 'PCA__n_components': 30, 'Scaler': MinMaxScaler(), 'Selector__max_features': 12}",0.3559322033898305,0.3504273504273504,0.3504273504273504,0.3522623014148438,0.0025950125728030227,6
155,0.0846997896830241,0.0052283842048332346,0.011383136113484701,0.0006402994008648602,1000.0,rbf,30,MinMaxScaler(),16,0.1,,,"{'Classifier__SVC__C': 1000, 'Classifier__SVC__gamma': 0.1, 'Classifier__SVC__kernel': 'rbf', 'PCA__n_components': 30, 'Scaler': MinMaxScaler(), 'Selector__max_features': 16}",0.3559322033898305,0.3504273504273504,0.4188034188034188,0.37505432420686663,0.031016805230371366,2
156,0.06729571024576823,0.009129618767583681,0.011543353398640951,0.00041291644508283803,1000.0,rbf,30,MinMaxScaler(),20,0.1,,,"{'Classifier__SVC__C': 1000, 'Classifier__SVC__gamma': 0.1, 'Classifier__SVC__kernel': 'rbf', 'PCA__n_components': 30, 'Scaler': MinMaxScaler(), 'Selector__max_features': 20}",0.3559322033898305,0.3504273504273504,0.4188034188034188,0.37505432420686663,0.031016805230371366,2
157,0.03619527816772461,0.0022911778927342473,0.011700630187988281,0.0002404588976099661,1000.0,rbf,40,MinMaxScaler(),4,0.1,,,"{'Classifier__SVC__C': 1000, 'Classifier__SVC__gamma': 0.1, 'Classifier__SVC__kernel': 'rbf', 'PCA__n_components': 40, 'Scaler': MinMaxScaler(), 'Selector__max_features': 4}",0.3559322033898305,0.29914529914529914,0.21367521367521367,0.28958423873678113,0.058468357184421546,63
158,0.038802782694498696,0.0013195425736330464,0.011768500010172525,0.0004133857018907454,1000.0,rbf,40,MinMaxScaler(),8,0.1,,,"{'Classifier__SVC__C': 1000, 'Classifier__SVC__gamma': 0.1, 'Classifier__SVC__kernel': 'rbf', 'PCA__n_components': 40, 'Scaler': MinMaxScaler(), 'Selector__max_features': 8}",0.3813559322033898,0.24786324786324787,0.2905982905982906,0.30660582355497606,0.05566120747644463,45
159,0.04002046585083008,0.0005814524556083791,0.013941685358683268,0.0004194152744751082,1000.0,rbf,40,MinMaxScaler(),12,0.1,,,"{'Classifier__SVC__C': 1000, 'Classifier__SVC__gamma': 0.1, 'Classifier__SVC__kernel': 'rbf', 'PCA__n_components': 40, 'Scaler': MinMaxScaler(), 'Selector__max_features': 12}",0.2966101694915254,0.3162393162393162,0.3247863247863248,0.3125452701723888,0.011795717133988345,41
160,0.057981650034586586,0.017046876611979185,0.024217605590820312,0.009761704679968411,1000.0,rbf,40,MinMaxScaler(),16,0.1,,,"{'Classifier__SVC__C': 1000, 'Classifier__SVC__gamma': 0.1, 'Classifier__SVC__kernel': 'rbf', 'PCA__n_components': 40, 'Scaler': MinMaxScaler(), 'Selector__max_features': 16}",0.423728813559322,0.358974358974359,0.3418803418803419,0.37486117147134096,0.035252292478947615,4
161,0.04899247487386068,0.002267481508968006,0.021665175755818684,0.0023843114528388884,1000.0,rbf,40,MinMaxScaler(),20,0.1,,,"{'Classifier__SVC__C': 1000, 'Classifier__SVC__gamma': 0.1, 'Classifier__SVC__kernel': 'rbf', 'PCA__n_components': 40, 'Scaler': MinMaxScaler(), 'Selector__max_features': 20}",0.4152542372881356,0.4017094017094017,0.3504273504273504,0.3891303298082959,0.027920197019781857,1
162,0.03692086537679037,0.0034482656736230717,0.02147062619527181,0.0018076377846840046,10.0,rbf,15,MinMaxScaler(),4,0.001,,,"{'Classifier__SVC__C': 10, 'Classifier__SVC__gamma': 0.001, 'Classifier__SVC__kernel': 'rbf', 'PCA__n_components': 15, 'Scaler': MinMaxScaler(), 'Selector__max_features': 4}",0.1271186440677966,0.3076923076923077,0.13675213675213677,0.19052102950408037,0.08294589549628935,230
163,0.03629390398661295,0.0015850847303546863,0.023732503255208332,0.0030068783458630788,10.0,rbf,15,MinMaxScaler(),8,0.001,,,"{'Classifier__SVC__C': 10, 'Classifier__SVC__gamma': 0.001, 'Classifier__SVC__kernel': 'rbf', 'PCA__n_components': 15, 'Scaler': MinMaxScaler(), 'Selector__max_features': 8}",0.1271186440677966,0.3076923076923077,0.13675213675213677,0.19052102950408037,0.08294589549628935,230
164,0.04253164927164713,0.005765175014569704,0.0221865177154541,0.0015877169818165988,10.0,rbf,15,MinMaxScaler(),12,0.001,,,"{'Classifier__SVC__C': 10, 'Classifier__SVC__gamma': 0.001, 'Classifier__SVC__kernel': 'rbf', 'PCA__n_components': 15, 'Scaler': MinMaxScaler(), 'Selector__max_features': 12}",0.1271186440677966,0.3076923076923077,0.13675213675213677,0.19052102950408037,0.08294589549628935,230
165,0.059182961781819664,0.01546949764061892,0.030351718266805012,0.010468608124329775,10.0,rbf,15,MinMaxScaler(),4,0.01,,,"{'Classifier__SVC__C': 10, 'Classifier__SVC__gamma': 0.01, 'Classifier__SVC__kernel': 'rbf', 'PCA__n_components': 15, 'Scaler': MinMaxScaler(), 'Selector__max_features': 4}",0.2457627118644068,0.19658119658119658,0.23076923076923078,0.22437104640494474,0.02058167362416876,167
166,0.051918586095174156,0.007568698429742353,0.0327152411142985,0.00753222376112663,10.0,rbf,15,MinMaxScaler(),8,0.01,,,"{'Classifier__SVC__C': 10, 'Classifier__SVC__gamma': 0.01, 'Classifier__SVC__kernel': 'rbf', 'PCA__n_components': 15, 'Scaler': MinMaxScaler(), 'Selector__max_features': 8}",0.2542372881355932,0.17094017094017094,0.07692307692307693,0.16736684533294702,0.07243230801422176,335
167,0.06835238138834636,0.005495246120145933,0.015102068583170572,0.005731353429665458,10.0,rbf,15,MinMaxScaler(),12,0.01,,,"{'Classifier__SVC__C': 10, 'Classifier__SVC__gamma': 0.01, 'Classifier__SVC__kernel': 'rbf', 'PCA__n_components': 15, 'Scaler': MinMaxScaler(), 'Selector__max_features': 12}",0.2542372881355932,0.17094017094017094,0.07692307692307693,0.16736684533294702,0.07243230801422176,335
168,0.06646434466044109,0.004505592112501123,0.010717630386352539,0.0002321202928980595,10.0,rbf,15,MinMaxScaler(),4,0.1,,,"{'Classifier__SVC__C': 10, 'Classifier__SVC__gamma': 0.1, 'Classifier__SVC__kernel': 'rbf', 'PCA__n_components': 15, 'Scaler': MinMaxScaler(), 'Selector__max_features': 4}",0.2796610169491525,0.27350427350427353,0.1794871794871795,0.24421748998020187,0.04584020211454734,128
169,0.05841374397277832,0.000861182363205043,0.011553287506103516,0.0007246106111995459,10.0,rbf,15,MinMaxScaler(),8,0.1,,,"{'Classifier__SVC__C': 10, 'Classifier__SVC__gamma': 0.1, 'Classifier__SVC__kernel': 'rbf', 'PCA__n_components': 15, 'Scaler': MinMaxScaler(), 'Selector__max_features': 8}",0.23728813559322035,0.29914529914529914,0.18803418803418803,0.2414892075909025,0.04545808697788694,134
170,0.046756347020467125,0.010475919560572172,0.02132439613342285,0.01380062047254403,10.0,rbf,15,MinMaxScaler(),12,0.1,,,"{'Classifier__SVC__C': 10, 'Classifier__SVC__gamma': 0.1, 'Classifier__SVC__kernel': 'rbf', 'PCA__n_components': 15, 'Scaler': MinMaxScaler(), 'Selector__max_features': 12}",0.23728813559322035,0.29914529914529914,0.18803418803418803,0.2414892075909025,0.04545808697788694,134
171,0.039917945861816406,0.0015463924245926511,0.01937389373779297,0.003404702808604852,100.0,rbf,15,MinMaxScaler(),4,0.001,,,"{'Classifier__SVC__C': 100, 'Classifier__SVC__gamma': 0.001, 'Classifier__SVC__kernel': 'rbf', 'PCA__n_components': 15, 'Scaler': MinMaxScaler(), 'Selector__max_features': 4}",0.2457627118644068,0.1623931623931624,0.13675213675213677,0.18163600366990199,0.046537021655726325,271
172,0.03554892539978027,0.0007512411917743575,0.013854344685872396,0.0012867446566462804,100.0,rbf,15,MinMaxScaler(),8,0.001,,,"{'Classifier__SVC__C': 100, 'Classifier__SVC__gamma': 0.001, 'Classifier__SVC__kernel': 'rbf', 'PCA__n_components': 15, 'Scaler': MinMaxScaler(), 'Selector__max_features': 8}",0.2457627118644068,0.24786324786324787,0.08547008547008547,0.1930320150659134,0.07606260398143092,226
173,0.03621315956115723,0.0006588076410151611,0.014066139856974283,0.001461000447585297,100.0,rbf,15,MinMaxScaler(),12,0.001,,,"{'Classifier__SVC__C': 100, 'Classifier__SVC__gamma': 0.001, 'Classifier__SVC__kernel': 'rbf', 'PCA__n_components': 15, 'Scaler': MinMaxScaler(), 'Selector__max_features': 12}",0.2457627118644068,0.24786324786324787,0.08547008547008547,0.1930320150659134,0.07606260398143092,226
174,0.047123988469441734,0.008925160630534362,0.015857458114624023,0.003487343576896765,100.0,rbf,15,MinMaxScaler(),4,0.01,,,"{'Classifier__SVC__C': 100, 'Classifier__SVC__gamma': 0.01, 'Classifier__SVC__kernel': 'rbf', 'PCA__n_components': 15, 'Scaler': MinMaxScaler(), 'Selector__max_features': 4}",0.2796610169491525,0.28205128205128205,0.19658119658119658,0.2527644985272104,0.03973957645288748,112
175,0.05056023597717285,0.0024688449205176725,0.01953577995300293,0.0010291465119947245,100.0,rbf,15,MinMaxScaler(),8,0.01,,,"{'Classifier__SVC__C': 100, 'Classifier__SVC__gamma': 0.01, 'Classifier__SVC__kernel': 'rbf', 'PCA__n_components': 15, 'Scaler': MinMaxScaler(), 'Selector__max_features': 8}",0.2457627118644068,0.27350427350427353,0.17094017094017094,0.2300690521029504,0.04331717904962729,157
176,0.047023614247639976,0.008794516172964263,0.01544038454691569,0.0044358027247975934,100.0,rbf,15,MinMaxScaler(),12,0.01,,,"{'Classifier__SVC__C': 100, 'Classifier__SVC__gamma': 0.01, 'Classifier__SVC__kernel': 'rbf', 'PCA__n_components': 15, 'Scaler': MinMaxScaler(), 'Selector__max_features': 12}",0.2457627118644068,0.27350427350427353,0.17094017094017094,0.2300690521029504,0.04331717904962729,157
177,0.04428569475809733,0.002694850070981628,0.011438846588134766,0.0013153085339600908,100.0,rbf,15,MinMaxScaler(),4,0.1,,,"{'Classifier__SVC__C': 100, 'Classifier__SVC__gamma': 0.1, 'Classifier__SVC__kernel': 'rbf', 'PCA__n_components': 15, 'Scaler': MinMaxScaler(), 'Selector__max_features': 4}",0.23728813559322035,0.2905982905982906,0.18803418803418803,0.23864020474189965,0.041882532969660484,139
178,0.0431671937306722,0.003614866178983983,0.013748725255330404,0.0004911085665555083,100.0,rbf,15,MinMaxScaler(),8,0.1,,,"{'Classifier__SVC__C': 100, 'Classifier__SVC__gamma': 0.1, 'Classifier__SVC__kernel': 'rbf', 'PCA__n_components': 15, 'Scaler': MinMaxScaler(), 'Selector__max_features': 8}",0.211864406779661,0.3504273504273504,0.23931623931623933,0.26720266550775024,0.05990638203274131,89
179,0.0463565985361735,0.005058266384750307,0.018282334009806316,0.0006132034804039169,100.0,rbf,15,MinMaxScaler(),12,0.1,,,"{'Classifier__SVC__C': 100, 'Classifier__SVC__gamma': 0.1, 'Classifier__SVC__kernel': 'rbf', 'PCA__n_components': 15, 'Scaler': MinMaxScaler(), 'Selector__max_features': 12}",0.211864406779661,0.3504273504273504,0.23931623931623933,0.26720266550775024,0.05990638203274131,89
180,0.04449907938639323,0.006610720592309063,0.01794894536336263,0.0018812907168914274,1000.0,rbf,15,MinMaxScaler(),4,0.001,,,"{'Classifier__SVC__C': 1000, 'Classifier__SVC__gamma': 0.001, 'Classifier__SVC__kernel': 'rbf', 'PCA__n_components': 15, 'Scaler': MinMaxScaler(), 'Selector__max_features': 4}",0.2796610169491525,0.28205128205128205,0.18803418803418803,0.24991549567820756,0.04376757185112401,121
181,0.04245591163635254,0.002329511654708827,0.013252814610799154,0.0006169297559534635,1000.0,rbf,15,MinMaxScaler(),8,0.001,,,"{'Classifier__SVC__C': 1000, 'Classifier__SVC__gamma': 0.001, 'Classifier__SVC__kernel': 'rbf', 'PCA__n_components': 15, 'Scaler': MinMaxScaler(), 'Selector__max_features': 8}",0.2457627118644068,0.27350427350427353,0.1794871794871795,0.23291805495195328,0.03944229878572626,149
182,0.06596048672993977,0.011777892093954375,0.01689457893371582,0.004785433788591298,1000.0,rbf,15,MinMaxScaler(),12,0.001,,,"{'Classifier__SVC__C': 1000, 'Classifier__SVC__gamma': 0.001, 'Classifier__SVC__kernel': 'rbf', 'PCA__n_components': 15, 'Scaler': MinMaxScaler(), 'Selector__max_features': 12}",0.2457627118644068,0.27350427350427353,0.1794871794871795,0.23291805495195328,0.03944229878572626,149
183,0.04849092165629069,0.005035554751996773,0.015192111333211264,0.00038751835105302617,1000.0,rbf,15,MinMaxScaler(),4,0.01,,,"{'Classifier__SVC__C': 1000, 'Classifier__SVC__gamma': 0.01, 'Classifier__SVC__kernel': 'rbf', 'PCA__n_components': 15, 'Scaler': MinMaxScaler(), 'Selector__max_features': 4}",0.2627118644067797,0.2905982905982906,0.20512820512820512,0.2528127867110918,0.03558817858020533,110
184,0.060522874196370445,0.005123708288096699,0.013894399007161459,0.0004236972219527676,1000.0,rbf,15,MinMaxScaler(),8,0.01,,,"{'Classifier__SVC__C': 1000, 'Classifier__SVC__gamma': 0.01, 'Classifier__SVC__kernel': 'rbf', 'PCA__n_components': 15, 'Scaler': MinMaxScaler(), 'Selector__max_features': 8}",0.17796610169491525,0.2905982905982906,0.21367521367521367,0.2274132019894732,0.04699682071859369,160
185,0.04950054486592611,0.005804051306968719,0.012903134028116861,8.67665305116058e-05,1000.0,rbf,15,MinMaxScaler(),12,0.01,,,"{'Classifier__SVC__C': 1000, 'Classifier__SVC__gamma': 0.01, 'Classifier__SVC__kernel': 'rbf', 'PCA__n_components': 15, 'Scaler': MinMaxScaler(), 'Selector__max_features': 12}",0.17796610169491525,0.2905982905982906,0.21367521367521367,0.2274132019894732,0.04699682071859369,160
186,0.06454022725423177,0.006912722344754159,0.012899478276570639,0.0005478576854492788,1000.0,rbf,15,MinMaxScaler(),4,0.1,,,"{'Classifier__SVC__C': 1000, 'Classifier__SVC__gamma': 0.1, 'Classifier__SVC__kernel': 'rbf', 'PCA__n_components': 15, 'Scaler': MinMaxScaler(), 'Selector__max_features': 4}",0.2033898305084746,0.2905982905982906,0.19658119658119658,0.23018977256265394,0.04280561616139719,154
187,0.06268143653869629,0.002073495180638639,0.011700709660847982,0.0006180296547237017,1000.0,rbf,15,MinMaxScaler(),8,0.1,,,"{'Classifier__SVC__C': 1000, 'Classifier__SVC__gamma': 0.1, 'Classifier__SVC__kernel': 'rbf', 'PCA__n_components': 15, 'Scaler': MinMaxScaler(), 'Selector__max_features': 8}",0.2796610169491525,0.3247863247863248,0.28205128205128205,0.29549954126225314,0.02073186128810744,56
188,0.06148568789164225,0.004333124009306266,0.012662887573242188,0.00010216396079040713,1000.0,rbf,15,MinMaxScaler(),12,0.1,,,"{'Classifier__SVC__C': 1000, 'Classifier__SVC__gamma': 0.1, 'Classifier__SVC__kernel': 'rbf', 'PCA__n_components': 15, 'Scaler': MinMaxScaler(), 'Selector__max_features': 12}",0.2796610169491525,0.3247863247863248,0.28205128205128205,0.29549954126225314,0.02073186128810744,56
189,0.04213794072469076,0.0034055563307453167,0.012948751449584961,0.0003137270231057202,10.0,rbf,10,MinMaxScaler(),4,0.001,,,"{'Classifier__SVC__C': 10, 'Classifier__SVC__gamma': 0.001, 'Classifier__SVC__kernel': 'rbf', 'PCA__n_components': 10, 'Scaler': MinMaxScaler(), 'Selector__max_features': 4}",0.11864406779661017,0.24786324786324787,0.1282051282051282,0.16490414795499542,0.05879066060877579,338
190,0.03895036379496256,0.0010327537777990766,0.013540824254353842,0.0008160580113640177,10.0,rbf,10,MinMaxScaler(),8,0.001,,,"{'Classifier__SVC__C': 10, 'Classifier__SVC__gamma': 0.001, 'Classifier__SVC__kernel': 'rbf', 'PCA__n_components': 10, 'Scaler': MinMaxScaler(), 'Selector__max_features': 8}",0.11864406779661017,0.24786324786324787,0.1111111111111111,0.15920614225698973,0.0627654264701293,399
191,0.03899423281351725,0.0021130543587305887,0.012860457102457682,0.0004739208981312419,10.0,rbf,10,MinMaxScaler(),4,0.01,,,"{'Classifier__SVC__C': 10, 'Classifier__SVC__gamma': 0.01, 'Classifier__SVC__kernel': 'rbf', 'PCA__n_components': 10, 'Scaler': MinMaxScaler(), 'Selector__max_features': 4}",0.1694915254237288,0.18803418803418803,0.09401709401709402,0.15051426915833696,0.04066042862027354,420
192,0.03866449991861979,0.000875513024906424,0.014089345932006836,0.0006187162261303398,10.0,rbf,10,MinMaxScaler(),8,0.01,,,"{'Classifier__SVC__C': 10, 'Classifier__SVC__gamma': 0.01, 'Classifier__SVC__kernel': 'rbf', 'PCA__n_components': 10, 'Scaler': MinMaxScaler(), 'Selector__max_features': 8}",0.1694915254237288,0.18803418803418803,0.11965811965811966,0.1590612777053455,0.028872296205212873,400
193,0.03975121180216471,0.0017933044258199324,0.015825986862182617,0.002303359173955176,10.0,rbf,10,MinMaxScaler(),4,0.1,,,"{'Classifier__SVC__C': 10, 'Classifier__SVC__gamma': 0.1, 'Classifier__SVC__kernel': 'rbf', 'PCA__n_components': 10, 'Scaler': MinMaxScaler(), 'Selector__max_features': 4}",0.22033898305084745,0.19658119658119658,0.13675213675213677,0.18455743879472694,0.035167392871065836,263
194,0.03938754399617513,0.0009501330337184402,0.015615145365397135,0.0024846769950382006,10.0,rbf,10,MinMaxScaler(),8,0.1,,,"{'Classifier__SVC__C': 10, 'Classifier__SVC__gamma': 0.1, 'Classifier__SVC__kernel': 'rbf', 'PCA__n_components': 10, 'Scaler': MinMaxScaler(), 'Selector__max_features': 8}",0.22033898305084745,0.19658119658119658,0.10256410256410256,0.17316142739871554,0.05085335000330052,324
195,0.0413659413655599,0.001602054883635501,0.0153654416402181,0.002523369141108328,100.0,rbf,10,MinMaxScaler(),4,0.001,,,"{'Classifier__SVC__C': 100, 'Classifier__SVC__gamma': 0.001, 'Classifier__SVC__kernel': 'rbf', 'PCA__n_components': 10, 'Scaler': MinMaxScaler(), 'Selector__max_features': 4}",0.15254237288135594,0.18803418803418803,0.08547008547008547,0.14201554879520983,0.04252810288660458,612
196,0.03965187072753906,0.001970817363549961,0.014028708140055338,0.0015821387607800042,100.0,rbf,10,MinMaxScaler(),8,0.001,,,"{'Classifier__SVC__C': 100, 'Classifier__SVC__gamma': 0.001, 'Classifier__SVC__kernel': 'rbf', 'PCA__n_components': 10, 'Scaler': MinMaxScaler(), 'Selector__max_features': 8}",0.15254237288135594,0.18803418803418803,0.11965811965811966,0.15341156019122124,0.027921178301030653,406
197,0.04343597094217936,0.0012485869271810907,0.013411521911621094,0.0006206395414437263,100.0,rbf,10,MinMaxScaler(),4,0.01,,,"{'Classifier__SVC__C': 100, 'Classifier__SVC__gamma': 0.01, 'Classifier__SVC__kernel': 'rbf', 'PCA__n_components': 10, 'Scaler': MinMaxScaler(), 'Selector__max_features': 4}",0.22033898305084745,0.18803418803418803,0.10256410256410256,0.17031242454971265,0.04968753226693476,329
198,0.04056811332702637,0.002333323041706273,0.013570388158162435,0.0007020544352118252,100.0,rbf,10,MinMaxScaler(),8,0.01,,,"{'Classifier__SVC__C': 100, 'Classifier__SVC__gamma': 0.01, 'Classifier__SVC__kernel': 'rbf', 'PCA__n_components': 10, 'Scaler': MinMaxScaler(), 'Selector__max_features': 8}",0.22033898305084745,0.18803418803418803,0.11965811965811966,0.17601043024771837,0.04197290496544206,301
199,0.040741523106892906,0.0031300142752660404,0.012940804163614908,0.00042947692218027586,100.0,rbf,10,MinMaxScaler(),4,0.1,,,"{'Classifier__SVC__C': 100, 'Classifier__SVC__gamma': 0.1, 'Classifier__SVC__kernel': 'rbf', 'PCA__n_components': 10, 'Scaler': MinMaxScaler(), 'Selector__max_features': 4}",0.211864406779661,0.1794871794871795,0.11965811965811966,0.1703365686416534,0.0381951140445976,328
200,0.040891567866007485,0.00023352044691134154,0.014781872431437174,0.002882734176156339,100.0,rbf,10,MinMaxScaler(),8,0.1,,,"{'Classifier__SVC__C': 100, 'Classifier__SVC__gamma': 0.1, 'Classifier__SVC__kernel': 'rbf', 'PCA__n_components': 10, 'Scaler': MinMaxScaler(), 'Selector__max_features': 8}",0.211864406779661,0.1794871794871795,0.20512820512820512,0.1988265971316819,0.01394880901232878,220
201,0.038035074869791664,0.001208683632095343,0.022463083267211914,0.0005297616119493691,1000.0,rbf,10,MinMaxScaler(),4,0.001,,,"{'Classifier__SVC__C': 1000, 'Classifier__SVC__gamma': 0.001, 'Classifier__SVC__kernel': 'rbf', 'PCA__n_components': 10, 'Scaler': MinMaxScaler(), 'Selector__max_features': 4}",0.2288135593220339,0.17094017094017094,0.09401709401709402,0.1645902747597663,0.05521329942929151,339
202,0.04410195350646973,0.0049217208630905765,0.012056509653727213,0.0031743199227266257,1000.0,rbf,10,MinMaxScaler(),8,0.001,,,"{'Classifier__SVC__C': 1000, 'Classifier__SVC__gamma': 0.001, 'Classifier__SVC__kernel': 'rbf', 'PCA__n_components': 10, 'Scaler': MinMaxScaler(), 'Selector__max_features': 8}",0.2288135593220339,0.17094017094017094,0.1282051282051282,0.1759862861557777,0.04122791580170062,302
203,0.04244383176167806,0.001395980073115407,0.01398921012878418,0.0009722360031255087,1000.0,rbf,10,MinMaxScaler(),4,0.01,,,"{'Classifier__SVC__C': 1000, 'Classifier__SVC__gamma': 0.01, 'Classifier__SVC__kernel': 'rbf', 'PCA__n_components': 10, 'Scaler': MinMaxScaler(), 'Selector__max_features': 4}",0.17796610169491525,0.18803418803418803,0.1452991452991453,0.1704331450094162,0.018241528567359437,326
204,0.04181130727132162,0.0009398708023588522,0.015770435333251953,0.0022073256197999605,1000.0,rbf,10,MinMaxScaler(),8,0.01,,,"{'Classifier__SVC__C': 1000, 'Classifier__SVC__gamma': 0.01, 'Classifier__SVC__kernel': 'rbf', 'PCA__n_components': 10, 'Scaler': MinMaxScaler(), 'Selector__max_features': 8}",0.17796610169491525,0.18803418803418803,0.15384615384615385,0.17328214785841903,0.014344801336311566,323
205,0.05118107795715332,0.0005688203964379393,0.013124465942382812,0.0008227066902122082,1000.0,rbf,10,MinMaxScaler(),4,0.1,,,"{'Classifier__SVC__C': 1000, 'Classifier__SVC__gamma': 0.1, 'Classifier__SVC__kernel': 'rbf', 'PCA__n_components': 10, 'Scaler': MinMaxScaler(), 'Selector__max_features': 4}",0.2542372881355932,0.21367521367521367,0.2222222222222222,0.2300449080110097,0.01745883311955903,159
206,0.04587260882059733,0.0019158429535927558,0.012610514958699545,0.0005022813623319772,1000.0,rbf,10,MinMaxScaler(),8,0.1,,,"{'Classifier__SVC__C': 1000, 'Classifier__SVC__gamma': 0.1, 'Classifier__SVC__kernel': 'rbf', 'PCA__n_components': 10, 'Scaler': MinMaxScaler(), 'Selector__max_features': 8}",0.2542372881355932,0.21367521367521367,0.23076923076923078,0.23289391086001254,0.01662741050692033,151
207,0.031063954035441082,0.0011902980060595058,0.011066118876139322,0.0004942916971713749,0.001,poly,30,MinMaxScaler(),4,0.001,2.0,3.0,"{'Classifier__SVC__C': 0.001, 'Classifier__SVC__coef0': 2, 'Classifier__SVC__degree': 3, 'Classifier__SVC__gamma': 0.001, 'Classifier__SVC__kernel': 'poly', 'PCA__n_components': 30, 'Scaler': MinMaxScaler(), 'Selector__max_features': 4}",0.3305084745762712,0.07692307692307693,0.13675213675213677,0.18139456275049495,0.10823153614665283,276
208,0.03295612335205078,0.0007187358908964668,0.009479204813639322,0.0006585568378248005,0.001,poly,30,MinMaxScaler(),8,0.001,2.0,3.0,"{'Classifier__SVC__C': 0.001, 'Classifier__SVC__coef0': 2, 'Classifier__SVC__degree': 3, 'Classifier__SVC__gamma': 0.001, 'Classifier__SVC__kernel': 'poly', 'PCA__n_components': 30, 'Scaler': MinMaxScaler(), 'Selector__max_features': 8}",0.3220338983050847,0.07692307692307693,0.13675213675213677,0.17856970399343278,0.1043435364141797,295
209,0.035735527674357094,0.0002447329519761048,0.00928028424580892,0.00019711592368137695,0.001,poly,30,MinMaxScaler(),12,0.001,2.0,3.0,"{'Classifier__SVC__C': 0.001, 'Classifier__SVC__coef0': 2, 'Classifier__SVC__degree': 3, 'Classifier__SVC__gamma': 0.001, 'Classifier__SVC__kernel': 'poly', 'PCA__n_components': 30, 'Scaler': MinMaxScaler(), 'Selector__max_features': 12}",0.22033898305084745,0.07692307692307693,0.13675213675213677,0.14467139890868705,0.0588164748316915,575
210,0.03563920656840006,0.0018664467705927393,0.00963743527730306,0.0003003541917774369,0.001,poly,30,MinMaxScaler(),16,0.001,2.0,3.0,"{'Classifier__SVC__C': 0.001, 'Classifier__SVC__coef0': 2, 'Classifier__SVC__degree': 3, 'Classifier__SVC__gamma': 0.001, 'Classifier__SVC__kernel': 'poly', 'PCA__n_components': 30, 'Scaler': MinMaxScaler(), 'Selector__max_features': 16}",0.22033898305084745,0.07692307692307693,0.13675213675213677,0.14467139890868705,0.0588164748316915,575
211,0.03637989362080892,0.0007219619109750398,0.009533087412516275,6.58522684919567e-06,0.001,poly,30,MinMaxScaler(),20,0.001,2.0,3.0,"{'Classifier__SVC__C': 0.001, 'Classifier__SVC__coef0': 2, 'Classifier__SVC__degree': 3, 'Classifier__SVC__gamma': 0.001, 'Classifier__SVC__kernel': 'poly', 'PCA__n_components': 30, 'Scaler': MinMaxScaler(), 'Selector__max_features': 20}",0.22033898305084745,0.07692307692307693,0.13675213675213677,0.14467139890868705,0.0588164748316915,575
212,0.03502972920735677,0.00023737299317910847,0.01005117098490397,1.1346542547591366e-05,0.001,poly,40,MinMaxScaler(),4,0.001,2.0,3.0,"{'Classifier__SVC__C': 0.001, 'Classifier__SVC__coef0': 2, 'Classifier__SVC__degree': 3, 'Classifier__SVC__gamma': 0.001, 'Classifier__SVC__kernel': 'poly', 'PCA__n_components': 40, 'Scaler': MinMaxScaler(), 'Selector__max_features': 4}",0.3135593220338983,0.07692307692307693,0.13675213675213677,0.17574484523637066,0.10046392921919628,305
213,0.039194583892822266,0.003375692580771874,0.021480878194173176,0.008113808329203021,0.001,poly,40,MinMaxScaler(),8,0.001,2.0,3.0,"{'Classifier__SVC__C': 0.001, 'Classifier__SVC__coef0': 2, 'Classifier__SVC__degree': 3, 'Classifier__SVC__gamma': 0.001, 'Classifier__SVC__kernel': 'poly', 'PCA__n_components': 40, 'Scaler': MinMaxScaler(), 'Selector__max_features': 8}",0.3135593220338983,0.07692307692307693,0.13675213675213677,0.17574484523637066,0.10046392921919628,305
214,0.060177008310953774,0.0033327373540755242,0.008841673533121744,0.0011735649690273243,0.001,poly,40,MinMaxScaler(),12,0.001,2.0,3.0,"{'Classifier__SVC__C': 0.001, 'Classifier__SVC__coef0': 2, 'Classifier__SVC__degree': 3, 'Classifier__SVC__gamma': 0.001, 'Classifier__SVC__kernel': 'poly', 'PCA__n_components': 40, 'Scaler': MinMaxScaler(), 'Selector__max_features': 12}",0.3559322033898305,0.07692307692307693,0.13675213675213677,0.18986913902168143,0.11993772025656296,236
215,0.057806968688964844,0.0016774884875984275,0.009118954340616861,0.0006266780032211474,0.001,poly,40,MinMaxScaler(),16,0.001,2.0,3.0,"{'Classifier__SVC__C': 0.001, 'Classifier__SVC__coef0': 2, 'Classifier__SVC__degree': 3, 'Classifier__SVC__gamma': 0.001, 'Classifier__SVC__kernel': 'poly', 'PCA__n_components': 40, 'Scaler': MinMaxScaler(), 'Selector__max_features': 16}",0.23728813559322035,0.07692307692307693,0.13675213675213677,0.15032111642281135,0.06616809864553068,423
216,0.05683978398640951,0.0013101106682628521,0.009043614069620768,8.645390671712502e-06,0.001,poly,40,MinMaxScaler(),20,0.001,2.0,3.0,"{'Classifier__SVC__C': 0.001, 'Classifier__SVC__coef0': 2, 'Classifier__SVC__degree': 3, 'Classifier__SVC__gamma': 0.001, 'Classifier__SVC__kernel': 'poly', 'PCA__n_components': 40, 'Scaler': MinMaxScaler(), 'Selector__max_features': 20}",0.2711864406779661,0.07692307692307693,0.13675213675213677,0.16162055145105994,0.08123378673749534,348
217,0.05133827527364095,0.0014358600832042993,0.008867343266805014,0.0011883163448151537,0.001,poly,30,MinMaxScaler(),4,0.01,2.0,3.0,"{'Classifier__SVC__C': 0.001, 'Classifier__SVC__coef0': 2, 'Classifier__SVC__degree': 3, 'Classifier__SVC__gamma': 0.01, 'Classifier__SVC__kernel': 'poly', 'PCA__n_components': 30, 'Scaler': MinMaxScaler(), 'Selector__max_features': 4}",0.3305084745762712,0.07692307692307693,0.13675213675213677,0.18139456275049495,0.10823153614665283,276
218,0.05253418286641439,0.002805084050872734,0.010774850845336914,0.0010838006163605505,0.001,poly,30,MinMaxScaler(),8,0.01,2.0,3.0,"{'Classifier__SVC__C': 0.001, 'Classifier__SVC__coef0': 2, 'Classifier__SVC__degree': 3, 'Classifier__SVC__gamma': 0.01, 'Classifier__SVC__kernel': 'poly', 'PCA__n_components': 30, 'Scaler': MinMaxScaler(), 'Selector__max_features': 8}",0.3305084745762712,0.07692307692307693,0.13675213675213677,0.18139456275049495,0.10823153614665283,276
219,0.04665462176005045,0.004440834679634667,0.00903622309366862,5.844362993510638e-06,0.001,poly,30,MinMaxScaler(),12,0.01,2.0,3.0,"{'Classifier__SVC__C': 0.001, 'Classifier__SVC__coef0': 2, 'Classifier__SVC__degree': 3, 'Classifier__SVC__gamma': 0.01, 'Classifier__SVC__kernel': 'poly', 'PCA__n_components': 30, 'Scaler': MinMaxScaler(), 'Selector__max_features': 12}",0.22033898305084745,0.07692307692307693,0.13675213675213677,0.14467139890868705,0.0588164748316915,575
220,0.032449801762898765,0.000247715973059373,0.009026050567626953,0.0004077289523179173,0.001,poly,30,MinMaxScaler(),16,0.01,2.0,3.0,"{'Classifier__SVC__C': 0.001, 'Classifier__SVC__coef0': 2, 'Classifier__SVC__degree': 3, 'Classifier__SVC__gamma': 0.01, 'Classifier__SVC__kernel': 'poly', 'PCA__n_components': 30, 'Scaler': MinMaxScaler(), 'Selector__max_features': 16}",0.22033898305084745,0.07692307692307693,0.13675213675213677,0.14467139890868705,0.0588164748316915,575
221,0.03257282574971517,0.0011773096614363892,0.008859395980834961,0.0004767651503552333,0.001,poly,30,MinMaxScaler(),20,0.01,2.0,3.0,"{'Classifier__SVC__C': 0.001, 'Classifier__SVC__coef0': 2, 'Classifier__SVC__degree': 3, 'Classifier__SVC__gamma': 0.01, 'Classifier__SVC__kernel': 'poly', 'PCA__n_components': 30, 'Scaler': MinMaxScaler(), 'Selector__max_features': 20}",0.22033898305084745,0.07692307692307693,0.13675213675213677,0.14467139890868705,0.0588164748316915,575
222,0.03337725003560384,0.00041022267433300905,0.009146928787231445,0.00022413130276617555,0.001,poly,40,MinMaxScaler(),4,0.01,2.0,3.0,"{'Classifier__SVC__C': 0.001, 'Classifier__SVC__coef0': 2, 'Classifier__SVC__degree': 3, 'Classifier__SVC__gamma': 0.01, 'Classifier__SVC__kernel': 'poly', 'PCA__n_components': 40, 'Scaler': MinMaxScaler(), 'Selector__max_features': 4}",0.2796610169491525,0.07692307692307693,0.13675213675213677,0.16444541020812206,0.08505236084332655,341
223,0.03412270545959473,0.001578327548224001,0.008589982986450195,0.0005340378550438037,0.001,poly,40,MinMaxScaler(),8,0.01,2.0,3.0,"{'Classifier__SVC__C': 0.001, 'Classifier__SVC__coef0': 2, 'Classifier__SVC__degree': 3, 'Classifier__SVC__gamma': 0.01, 'Classifier__SVC__kernel': 'poly', 'PCA__n_components': 40, 'Scaler': MinMaxScaler(), 'Selector__max_features': 8}",0.3135593220338983,0.07692307692307693,0.13675213675213677,0.17574484523637066,0.10046392921919628,305
224,0.03259611129760742,0.0008170331636490215,0.009903271993001303,0.001953758995190022,0.001,poly,40,MinMaxScaler(),12,0.01,2.0,3.0,"{'Classifier__SVC__C': 0.001, 'Classifier__SVC__coef0': 2, 'Classifier__SVC__degree': 3, 'Classifier__SVC__gamma': 0.01, 'Classifier__SVC__kernel': 'poly', 'PCA__n_components': 40, 'Scaler': MinMaxScaler(), 'Selector__max_features': 12}",0.3559322033898305,0.07692307692307693,0.13675213675213677,0.18986913902168143,0.11993772025656296,236
225,0.03226447105407715,0.0014402458995225003,0.010489384333292643,0.000564655378449951,0.001,poly,40,MinMaxScaler(),16,0.01,2.0,3.0,"{'Classifier__SVC__C': 0.001, 'Classifier__SVC__coef0': 2, 'Classifier__SVC__degree': 3, 'Classifier__SVC__gamma': 0.01, 'Classifier__SVC__kernel': 'poly', 'PCA__n_components': 40, 'Scaler': MinMaxScaler(), 'Selector__max_features': 16}",0.23728813559322035,0.07692307692307693,0.13675213675213677,0.15032111642281135,0.06616809864553068,423
226,0.03257886568705241,0.001029235053709135,0.009564797083536783,0.000476995653726174,0.001,poly,40,MinMaxScaler(),20,0.01,2.0,3.0,"{'Classifier__SVC__C': 0.001, 'Classifier__SVC__coef0': 2, 'Classifier__SVC__degree': 3, 'Classifier__SVC__gamma': 0.01, 'Classifier__SVC__kernel': 'poly', 'PCA__n_components': 40, 'Scaler': MinMaxScaler(), 'Selector__max_features': 20}",0.2711864406779661,0.07692307692307693,0.13675213675213677,0.16162055145105994,0.08123378673749534,348
227,0.031796932220458984,0.0016457759529851092,0.009439468383789062,0.00014565950845364978,0.001,poly,30,MinMaxScaler(),4,0.001,2.0,5.0,"{'Classifier__SVC__C': 0.001, 'Classifier__SVC__coef0': 2, 'Classifier__SVC__degree': 5, 'Classifier__SVC__gamma': 0.001, 'Classifier__SVC__kernel': 'poly', 'PCA__n_components': 30, 'Scaler': MinMaxScaler(), 'Selector__max_features': 4}",0.3305084745762712,0.07692307692307693,0.13675213675213677,0.18139456275049495,0.10823153614665283,276
228,0.03321123123168945,0.0012452810462728991,0.010638157526652018,0.000816145401872193,0.001,poly,30,MinMaxScaler(),8,0.001,2.0,5.0,"{'Classifier__SVC__C': 0.001, 'Classifier__SVC__coef0': 2, 'Classifier__SVC__degree': 5, 'Classifier__SVC__gamma': 0.001, 'Classifier__SVC__kernel': 'poly', 'PCA__n_components': 30, 'Scaler': MinMaxScaler(), 'Selector__max_features': 8}",0.3220338983050847,0.07692307692307693,0.13675213675213677,0.17856970399343278,0.1043435364141797,295
229,0.03248492876688639,6.677148681276238e-05,0.009952147801717123,0.0009349812965309,0.001,poly,30,MinMaxScaler(),12,0.001,2.0,5.0,"{'Classifier__SVC__C': 0.001, 'Classifier__SVC__coef0': 2, 'Classifier__SVC__degree': 5, 'Classifier__SVC__gamma': 0.001, 'Classifier__SVC__kernel': 'poly', 'PCA__n_components': 30, 'Scaler': MinMaxScaler(), 'Selector__max_features': 12}",0.22033898305084745,0.07692307692307693,0.13675213675213677,0.14467139890868705,0.0588164748316915,575
230,0.03312993049621582,0.0012089402379508948,0.010444959004720053,0.00025040855162030524,0.001,poly,30,MinMaxScaler(),16,0.001,2.0,5.0,"{'Classifier__SVC__C': 0.001, 'Classifier__SVC__coef0': 2, 'Classifier__SVC__degree': 5, 'Classifier__SVC__gamma': 0.001, 'Classifier__SVC__kernel': 'poly', 'PCA__n_components': 30, 'Scaler': MinMaxScaler(), 'Selector__max_features': 16}",0.22033898305084745,0.07692307692307693,0.13675213675213677,0.14467139890868705,0.0588164748316915,575
231,0.036020914713541664,0.0018844500056409402,0.010732173919677734,0.000482932393764889,0.001,poly,30,MinMaxScaler(),20,0.001,2.0,5.0,"{'Classifier__SVC__C': 0.001, 'Classifier__SVC__coef0': 2, 'Classifier__SVC__degree': 5, 'Classifier__SVC__gamma': 0.001, 'Classifier__SVC__kernel': 'poly', 'PCA__n_components': 30, 'Scaler': MinMaxScaler(), 'Selector__max_features': 20}",0.22033898305084745,0.07692307692307693,0.13675213675213677,0.14467139890868705,0.0588164748316915,575
232,0.03595050175984701,0.0004842563394817128,0.009384791056315104,0.00047261568194464535,0.001,poly,40,MinMaxScaler(),4,0.001,2.0,5.0,"{'Classifier__SVC__C': 0.001, 'Classifier__SVC__coef0': 2, 'Classifier__SVC__degree': 5, 'Classifier__SVC__gamma': 0.001, 'Classifier__SVC__kernel': 'poly', 'PCA__n_components': 40, 'Scaler': MinMaxScaler(), 'Selector__max_features': 4}",0.3135593220338983,0.07692307692307693,0.13675213675213677,0.17574484523637066,0.10046392921919628,305
233,0.03598745663960775,0.0006294227107964708,0.010732412338256836,0.0008726293487422288,0.001,poly,40,MinMaxScaler(),8,0.001,2.0,5.0,"{'Classifier__SVC__C': 0.001, 'Classifier__SVC__coef0': 2, 'Classifier__SVC__degree': 5, 'Classifier__SVC__gamma': 0.001, 'Classifier__SVC__kernel': 'poly', 'PCA__n_components': 40, 'Scaler': MinMaxScaler(), 'Selector__max_features': 8}",0.3135593220338983,0.07692307692307693,0.13675213675213677,0.17574484523637066,0.10046392921919628,305
234,0.041529178619384766,0.006627976468155151,0.02093362808227539,0.015756299723056574,0.001,poly,40,MinMaxScaler(),12,0.001,2.0,5.0,"{'Classifier__SVC__C': 0.001, 'Classifier__SVC__coef0': 2, 'Classifier__SVC__degree': 5, 'Classifier__SVC__gamma': 0.001, 'Classifier__SVC__kernel': 'poly', 'PCA__n_components': 40, 'Scaler': MinMaxScaler(), 'Selector__max_features': 12}",0.3559322033898305,0.07692307692307693,0.13675213675213677,0.18986913902168143,0.11993772025656296,236
235,0.06035526593526205,0.007827859984462953,0.04837902386983236,0.003462346107585239,0.001,poly,40,MinMaxScaler(),16,0.001,2.0,5.0,"{'Classifier__SVC__C': 0.001, 'Classifier__SVC__coef0': 2, 'Classifier__SVC__degree': 5, 'Classifier__SVC__gamma': 0.001, 'Classifier__SVC__kernel': 'poly', 'PCA__n_components': 40, 'Scaler': MinMaxScaler(), 'Selector__max_features': 16}",0.23728813559322035,0.07692307692307693,0.13675213675213677,0.15032111642281135,0.06616809864553068,423
236,0.0831303596496582,0.007029636182129593,0.05715243021647135,0.006902326057953578,0.001,poly,40,MinMaxScaler(),20,0.001,2.0,5.0,"{'Classifier__SVC__C': 0.001, 'Classifier__SVC__coef0': 2, 'Classifier__SVC__degree': 5, 'Classifier__SVC__gamma': 0.001, 'Classifier__SVC__kernel': 'poly', 'PCA__n_components': 40, 'Scaler': MinMaxScaler(), 'Selector__max_features': 20}",0.2711864406779661,0.07692307692307693,0.13675213675213677,0.16162055145105994,0.08123378673749534,348
237,0.09944717089335124,0.015356415455480067,0.03833786646525065,0.01091629686568239,0.001,poly,30,MinMaxScaler(),4,0.01,2.0,5.0,"{'Classifier__SVC__C': 0.001, 'Classifier__SVC__coef0': 2, 'Classifier__SVC__degree': 5, 'Classifier__SVC__gamma': 0.01, 'Classifier__SVC__kernel': 'poly', 'PCA__n_components': 30, 'Scaler': MinMaxScaler(), 'Selector__max_features': 4}",0.3305084745762712,0.07692307692307693,0.13675213675213677,0.18139456275049495,0.10823153614665283,276
238,0.11965123812357585,0.010425893223478741,0.01803930600484212,0.01030686482992364,0.001,poly,30,MinMaxScaler(),8,0.01,2.0,5.0,"{'Classifier__SVC__C': 0.001, 'Classifier__SVC__coef0': 2, 'Classifier__SVC__degree': 5, 'Classifier__SVC__gamma': 0.01, 'Classifier__SVC__kernel': 'poly', 'PCA__n_components': 30, 'Scaler': MinMaxScaler(), 'Selector__max_features': 8}",0.3389830508474576,0.07692307692307693,0.13675213675213677,0.1842194215075571,0.11212705538762978,267
239,0.12740612030029297,0.0013653922220410834,0.007127046585083008,0.0015811815312302107,0.001,poly,30,MinMaxScaler(),12,0.01,2.0,5.0,"{'Classifier__SVC__C': 0.001, 'Classifier__SVC__coef0': 2, 'Classifier__SVC__degree': 5, 'Classifier__SVC__gamma': 0.01, 'Classifier__SVC__kernel': 'poly', 'PCA__n_components': 30, 'Scaler': MinMaxScaler(), 'Selector__max_features': 12}",0.22033898305084745,0.07692307692307693,0.13675213675213677,0.14467139890868705,0.0588164748316915,575
240,0.12538798650105795,0.002921613049066653,0.008578300476074219,0.0019213623282628375,0.001,poly,30,MinMaxScaler(),16,0.01,2.0,5.0,"{'Classifier__SVC__C': 0.001, 'Classifier__SVC__coef0': 2, 'Classifier__SVC__degree': 5, 'Classifier__SVC__gamma': 0.01, 'Classifier__SVC__kernel': 'poly', 'PCA__n_components': 30, 'Scaler': MinMaxScaler(), 'Selector__max_features': 16}",0.22033898305084745,0.07692307692307693,0.13675213675213677,0.14467139890868705,0.0588164748316915,575
241,0.10933558146158855,0.005568562520055931,0.012406031290690104,0.0030614959071079213,0.001,poly,30,MinMaxScaler(),20,0.01,2.0,5.0,"{'Classifier__SVC__C': 0.001, 'Classifier__SVC__coef0': 2, 'Classifier__SVC__degree': 5, 'Classifier__SVC__gamma': 0.01, 'Classifier__SVC__kernel': 'poly', 'PCA__n_components': 30, 'Scaler': MinMaxScaler(), 'Selector__max_features': 20}",0.22033898305084745,0.07692307692307693,0.13675213675213677,0.14467139890868705,0.0588164748316915,575
242,0.08527739842732747,0.004724195158956871,0.016245524088541668,0.0006621730081319274,0.001,poly,40,MinMaxScaler(),4,0.01,2.0,5.0,"{'Classifier__SVC__C': 0.001, 'Classifier__SVC__coef0': 2, 'Classifier__SVC__degree': 5, 'Classifier__SVC__gamma': 0.01, 'Classifier__SVC__kernel': 'poly', 'PCA__n_components': 40, 'Scaler': MinMaxScaler(), 'Selector__max_features': 4}",0.3135593220338983,0.07692307692307693,0.13675213675213677,0.17574484523637066,0.10046392921919628,305
243,0.06282353401184082,0.006098363836080323,0.01162266731262207,0.002859974430593884,0.001,poly,40,MinMaxScaler(),8,0.01,2.0,5.0,"{'Classifier__SVC__C': 0.001, 'Classifier__SVC__coef0': 2, 'Classifier__SVC__degree': 5, 'Classifier__SVC__gamma': 0.01, 'Classifier__SVC__kernel': 'poly', 'PCA__n_components': 40, 'Scaler': MinMaxScaler(), 'Selector__max_features': 8}",0.3135593220338983,0.07692307692307693,0.13675213675213677,0.17574484523637066,0.10046392921919628,305
244,0.03935511906941732,0.0028437851286945786,0.011014620463053385,0.0006123656186997787,0.001,poly,40,MinMaxScaler(),12,0.01,2.0,5.0,"{'Classifier__SVC__C': 0.001, 'Classifier__SVC__coef0': 2, 'Classifier__SVC__degree': 5, 'Classifier__SVC__gamma': 0.01, 'Classifier__SVC__kernel': 'poly', 'PCA__n_components': 40, 'Scaler': MinMaxScaler(), 'Selector__max_features': 12}",0.3644067796610169,0.07692307692307693,0.13675213675213677,0.19269399777874355,0.12385162815864043,229
245,0.04060689608256022,0.0028491347424992506,0.01943071683247884,0.005184251683219358,0.001,poly,40,MinMaxScaler(),16,0.01,2.0,5.0,"{'Classifier__SVC__C': 0.001, 'Classifier__SVC__coef0': 2, 'Classifier__SVC__degree': 5, 'Classifier__SVC__gamma': 0.01, 'Classifier__SVC__kernel': 'poly', 'PCA__n_components': 40, 'Scaler': MinMaxScaler(), 'Selector__max_features': 16}",0.23728813559322035,0.07692307692307693,0.13675213675213677,0.15032111642281135,0.06616809864553068,423
246,0.04644203186035156,0.007395078876403177,0.019229809443155926,0.005700936375062085,0.001,poly,40,MinMaxScaler(),20,0.01,2.0,5.0,"{'Classifier__SVC__C': 0.001, 'Classifier__SVC__coef0': 2, 'Classifier__SVC__degree': 5, 'Classifier__SVC__gamma': 0.01, 'Classifier__SVC__kernel': 'poly', 'PCA__n_components': 40, 'Scaler': MinMaxScaler(), 'Selector__max_features': 20}",0.2711864406779661,0.07692307692307693,0.13675213675213677,0.16162055145105994,0.08123378673749534,348
247,0.05457242329915365,0.0009410023075045147,0.013240178426106771,0.002171109822208001,0.001,poly,30,MinMaxScaler(),4,0.001,4.0,3.0,"{'Classifier__SVC__C': 0.001, 'Classifier__SVC__coef0': 4, 'Classifier__SVC__degree': 3, 'Classifier__SVC__gamma': 0.001, 'Classifier__SVC__kernel': 'poly', 'PCA__n_components': 30, 'Scaler': MinMaxScaler(), 'Selector__max_features': 4}",0.3305084745762712,0.07692307692307693,0.13675213675213677,0.18139456275049495,0.10823153614665283,276
248,0.05019919077555338,0.0024983812739204996,0.010861396789550781,0.002745892938568356,0.001,poly,30,MinMaxScaler(),8,0.001,4.0,3.0,"{'Classifier__SVC__C': 0.001, 'Classifier__SVC__coef0': 4, 'Classifier__SVC__degree': 3, 'Classifier__SVC__gamma': 0.001, 'Classifier__SVC__kernel': 'poly', 'PCA__n_components': 30, 'Scaler': MinMaxScaler(), 'Selector__max_features': 8}",0.3220338983050847,0.07692307692307693,0.13675213675213677,0.17856970399343278,0.1043435364141797,295
249,0.04936718940734863,0.002798557247641329,0.0073286692301432295,0.0005124052673618236,0.001,poly,30,MinMaxScaler(),12,0.001,4.0,3.0,"{'Classifier__SVC__C': 0.001, 'Classifier__SVC__coef0': 4, 'Classifier__SVC__degree': 3, 'Classifier__SVC__gamma': 0.001, 'Classifier__SVC__kernel': 'poly', 'PCA__n_components': 30, 'Scaler': MinMaxScaler(), 'Selector__max_features': 12}",0.22033898305084745,0.07692307692307693,0.13675213675213677,0.14467139890868705,0.0588164748316915,575
250,0.049329678217569985,0.002079898478997752,0.00901333491007487,0.00044536311200681756,0.001,poly,30,MinMaxScaler(),16,0.001,4.0,3.0,"{'Classifier__SVC__C': 0.001, 'Classifier__SVC__coef0': 4, 'Classifier__SVC__degree': 3, 'Classifier__SVC__gamma': 0.001, 'Classifier__SVC__kernel': 'poly', 'PCA__n_components': 30, 'Scaler': MinMaxScaler(), 'Selector__max_features': 16}",0.22033898305084745,0.07692307692307693,0.13675213675213677,0.14467139890868705,0.0588164748316915,575
251,0.04780499140421549,0.0010164959708763334,0.009835481643676758,0.0006221130990306334,0.001,poly,30,MinMaxScaler(),20,0.001,4.0,3.0,"{'Classifier__SVC__C': 0.001, 'Classifier__SVC__coef0': 4, 'Classifier__SVC__degree': 3, 'Classifier__SVC__gamma': 0.001, 'Classifier__SVC__kernel': 'poly', 'PCA__n_components': 30, 'Scaler': MinMaxScaler(), 'Selector__max_features': 20}",0.22033898305084745,0.07692307692307693,0.13675213675213677,0.14467139890868705,0.0588164748316915,575
252,0.038988987604777016,0.006153024735086933,0.009057998657226562,0.0006581651863461212,0.001,poly,40,MinMaxScaler(),4,0.001,4.0,3.0,"{'Classifier__SVC__C': 0.001, 'Classifier__SVC__coef0': 4, 'Classifier__SVC__degree': 3, 'Classifier__SVC__gamma': 0.001, 'Classifier__SVC__kernel': 'poly', 'PCA__n_components': 40, 'Scaler': MinMaxScaler(), 'Selector__max_features': 4}",0.3135593220338983,0.07692307692307693,0.13675213675213677,0.17574484523637066,0.10046392921919628,305
253,0.03299895922342936,0.00024815249957994373,0.009877840677897135,0.00047280780079337606,0.001,poly,40,MinMaxScaler(),8,0.001,4.0,3.0,"{'Classifier__SVC__C': 0.001, 'Classifier__SVC__coef0': 4, 'Classifier__SVC__degree': 3, 'Classifier__SVC__gamma': 0.001, 'Classifier__SVC__kernel': 'poly', 'PCA__n_components': 40, 'Scaler': MinMaxScaler(), 'Selector__max_features': 8}",0.3135593220338983,0.07692307692307693,0.13675213675213677,0.17574484523637066,0.10046392921919628,305
254,0.030835390090942383,0.0011727229476419057,0.009863456090291342,0.0008648784238361293,0.001,poly,40,MinMaxScaler(),12,0.001,4.0,3.0,"{'Classifier__SVC__C': 0.001, 'Classifier__SVC__coef0': 4, 'Classifier__SVC__degree': 3, 'Classifier__SVC__gamma': 0.001, 'Classifier__SVC__kernel': 'poly', 'PCA__n_components': 40, 'Scaler': MinMaxScaler(), 'Selector__max_features': 12}",0.3559322033898305,0.07692307692307693,0.13675213675213677,0.18986913902168143,0.11993772025656296,236
255,0.0344239075978597,0.001477129412714621,0.008060773213704428,0.0007415647586350901,0.001,poly,40,MinMaxScaler(),16,0.001,4.0,3.0,"{'Classifier__SVC__C': 0.001, 'Classifier__SVC__coef0': 4, 'Classifier__SVC__degree': 3, 'Classifier__SVC__gamma': 0.001, 'Classifier__SVC__kernel': 'poly', 'PCA__n_components': 40, 'Scaler': MinMaxScaler(), 'Selector__max_features': 16}",0.23728813559322035,0.07692307692307693,0.13675213675213677,0.15032111642281135,0.06616809864553068,423
256,0.03226757049560547,0.0014769600122246818,0.01429279645284017,0.003106661343116865,0.001,poly,40,MinMaxScaler(),20,0.001,4.0,3.0,"{'Classifier__SVC__C': 0.001, 'Classifier__SVC__coef0': 4, 'Classifier__SVC__degree': 3, 'Classifier__SVC__gamma': 0.001, 'Classifier__SVC__kernel': 'poly', 'PCA__n_components': 40, 'Scaler': MinMaxScaler(), 'Selector__max_features': 20}",0.2711864406779661,0.07692307692307693,0.13675213675213677,0.16162055145105994,0.08123378673749534,348
257,0.03577733039855957,0.005022768595102023,0.015524943669637045,0.0011770210256349676,0.001,poly,30,MinMaxScaler(),4,0.01,4.0,3.0,"{'Classifier__SVC__C': 0.001, 'Classifier__SVC__coef0': 4, 'Classifier__SVC__degree': 3, 'Classifier__SVC__gamma': 0.01, 'Classifier__SVC__kernel': 'poly', 'PCA__n_components': 30, 'Scaler': MinMaxScaler(), 'Selector__max_features': 4}",0.3305084745762712,0.07692307692307693,0.13675213675213677,0.18139456275049495,0.10823153614665283,276
258,0.03610022862752279,0.0027188758736115533,0.024265527725219727,0.0017238144166568923,0.001,poly,30,MinMaxScaler(),8,0.01,4.0,3.0,"{'Classifier__SVC__C': 0.001, 'Classifier__SVC__coef0': 4, 'Classifier__SVC__degree': 3, 'Classifier__SVC__gamma': 0.01, 'Classifier__SVC__kernel': 'poly', 'PCA__n_components': 30, 'Scaler': MinMaxScaler(), 'Selector__max_features': 8}",0.3305084745762712,0.07692307692307693,0.13675213675213677,0.18139456275049495,0.10823153614665283,276
259,0.037157535552978516,0.0010308879885817135,0.0169982115427653,0.0004008045523440304,0.001,poly,30,MinMaxScaler(),12,0.01,4.0,3.0,"{'Classifier__SVC__C': 0.001, 'Classifier__SVC__coef0': 4, 'Classifier__SVC__degree': 3, 'Classifier__SVC__gamma': 0.01, 'Classifier__SVC__kernel': 'poly', 'PCA__n_components': 30, 'Scaler': MinMaxScaler(), 'Selector__max_features': 12}",0.22033898305084745,0.07692307692307693,0.13675213675213677,0.14467139890868705,0.0588164748316915,575
260,0.04330937067667643,0.0049353419762122,0.011376063028971354,0.0036385700863984347,0.001,poly,30,MinMaxScaler(),16,0.01,4.0,3.0,"{'Classifier__SVC__C': 0.001, 'Classifier__SVC__coef0': 4, 'Classifier__SVC__degree': 3, 'Classifier__SVC__gamma': 0.01, 'Classifier__SVC__kernel': 'poly', 'PCA__n_components': 30, 'Scaler': MinMaxScaler(), 'Selector__max_features': 16}",0.22033898305084745,0.07692307692307693,0.13675213675213677,0.14467139890868705,0.0588164748316915,575
261,0.0482785701751709,0.002137353853971305,0.00845956802368164,0.0007603127243290581,0.001,poly,30,MinMaxScaler(),20,0.01,4.0,3.0,"{'Classifier__SVC__C': 0.001, 'Classifier__SVC__coef0': 4, 'Classifier__SVC__degree': 3, 'Classifier__SVC__gamma': 0.01, 'Classifier__SVC__kernel': 'poly', 'PCA__n_components': 30, 'Scaler': MinMaxScaler(), 'Selector__max_features': 20}",0.22033898305084745,0.07692307692307693,0.13675213675213677,0.14467139890868705,0.0588164748316915,575
262,0.04763094584147135,0.0014140452210258262,0.008457263310750326,0.00023950649113790715,0.001,poly,40,MinMaxScaler(),4,0.01,4.0,3.0,"{'Classifier__SVC__C': 0.001, 'Classifier__SVC__coef0': 4, 'Classifier__SVC__degree': 3, 'Classifier__SVC__gamma': 0.01, 'Classifier__SVC__kernel': 'poly', 'PCA__n_components': 40, 'Scaler': MinMaxScaler(), 'Selector__max_features': 4}",0.2796610169491525,0.07692307692307693,0.13675213675213677,0.16444541020812206,0.08505236084332655,341
263,0.0445252259572347,0.002156111282708337,0.00867152214050293,0.0005394165774678735,0.001,poly,40,MinMaxScaler(),8,0.01,4.0,3.0,"{'Classifier__SVC__C': 0.001, 'Classifier__SVC__coef0': 4, 'Classifier__SVC__degree': 3, 'Classifier__SVC__gamma': 0.01, 'Classifier__SVC__kernel': 'poly', 'PCA__n_components': 40, 'Scaler': MinMaxScaler(), 'Selector__max_features': 8}",0.3135593220338983,0.07692307692307693,0.13675213675213677,0.17574484523637066,0.10046392921919628,305
264,0.04085516929626465,0.002889203449070262,0.008846521377563477,0.0004685044590442433,0.001,poly,40,MinMaxScaler(),12,0.01,4.0,3.0,"{'Classifier__SVC__C': 0.001, 'Classifier__SVC__coef0': 4, 'Classifier__SVC__degree': 3, 'Classifier__SVC__gamma': 0.01, 'Classifier__SVC__kernel': 'poly', 'PCA__n_components': 40, 'Scaler': MinMaxScaler(), 'Selector__max_features': 12}",0.3559322033898305,0.07692307692307693,0.13675213675213677,0.18986913902168143,0.11993772025656296,236
265,0.03415846824645996,0.001584815563418853,0.00966493288675944,0.0010611048673389142,0.001,poly,40,MinMaxScaler(),16,0.01,4.0,3.0,"{'Classifier__SVC__C': 0.001, 'Classifier__SVC__coef0': 4, 'Classifier__SVC__degree': 3, 'Classifier__SVC__gamma': 0.01, 'Classifier__SVC__kernel': 'poly', 'PCA__n_components': 40, 'Scaler': MinMaxScaler(), 'Selector__max_features': 16}",0.23728813559322035,0.07692307692307693,0.13675213675213677,0.15032111642281135,0.06616809864553068,423
266,0.032915194829305015,0.0011351141741175574,0.009709914525349935,0.00047869164074491335,0.001,poly,40,MinMaxScaler(),20,0.01,4.0,3.0,"{'Classifier__SVC__C': 0.001, 'Classifier__SVC__coef0': 4, 'Classifier__SVC__degree': 3, 'Classifier__SVC__gamma': 0.01, 'Classifier__SVC__kernel': 'poly', 'PCA__n_components': 40, 'Scaler': MinMaxScaler(), 'Selector__max_features': 20}",0.2711864406779661,0.07692307692307693,0.13675213675213677,0.16162055145105994,0.08123378673749534,348
267,0.03774102528889974,0.0006166801925019562,0.012218952178955078,0.0024012793352477884,0.001,poly,30,MinMaxScaler(),4,0.001,4.0,5.0,"{'Classifier__SVC__C': 0.001, 'Classifier__SVC__coef0': 4, 'Classifier__SVC__degree': 5, 'Classifier__SVC__gamma': 0.001, 'Classifier__SVC__kernel': 'poly', 'PCA__n_components': 30, 'Scaler': MinMaxScaler(), 'Selector__max_features': 4}",0.3305084745762712,0.07692307692307693,0.13675213675213677,0.18139456275049495,0.10823153614665283,276
268,0.03666790326436361,0.000636184208087364,0.010114828745524088,0.00022289730164202538,0.001,poly,30,MinMaxScaler(),8,0.001,4.0,5.0,"{'Classifier__SVC__C': 0.001, 'Classifier__SVC__coef0': 4, 'Classifier__SVC__degree': 5, 'Classifier__SVC__gamma': 0.001, 'Classifier__SVC__kernel': 'poly', 'PCA__n_components': 30, 'Scaler': MinMaxScaler(), 'Selector__max_features': 8}",0.3220338983050847,0.07692307692307693,0.13675213675213677,0.17856970399343278,0.1043435364141797,295
269,0.06088972091674805,0.016276751319385767,0.010437568028767904,0.0012316320784373197,0.001,poly,30,MinMaxScaler(),12,0.001,4.0,5.0,"{'Classifier__SVC__C': 0.001, 'Classifier__SVC__coef0': 4, 'Classifier__SVC__degree': 5, 'Classifier__SVC__gamma': 0.001, 'Classifier__SVC__kernel': 'poly', 'PCA__n_components': 30, 'Scaler': MinMaxScaler(), 'Selector__max_features': 12}",0.22033898305084745,0.07692307692307693,0.13675213675213677,0.14467139890868705,0.0588164748316915,575
270,0.07076199849446614,0.0026956982980095574,0.010080814361572266,0.0013633979457451993,0.001,poly,30,MinMaxScaler(),16,0.001,4.0,5.0,"{'Classifier__SVC__C': 0.001, 'Classifier__SVC__coef0': 4, 'Classifier__SVC__degree': 5, 'Classifier__SVC__gamma': 0.001, 'Classifier__SVC__kernel': 'poly', 'PCA__n_components': 30, 'Scaler': MinMaxScaler(), 'Selector__max_features': 16}",0.22033898305084745,0.07692307692307693,0.13675213675213677,0.14467139890868705,0.0588164748316915,575
271,0.06679383913675944,0.004124637602532985,0.028835614522298176,0.02218216908940628,0.001,poly,30,MinMaxScaler(),20,0.001,4.0,5.0,"{'Classifier__SVC__C': 0.001, 'Classifier__SVC__coef0': 4, 'Classifier__SVC__degree': 5, 'Classifier__SVC__gamma': 0.001, 'Classifier__SVC__kernel': 'poly', 'PCA__n_components': 30, 'Scaler': MinMaxScaler(), 'Selector__max_features': 20}",0.22033898305084745,0.07692307692307693,0.13675213675213677,0.14467139890868705,0.0588164748316915,575
272,0.10661919911702473,0.017025882311867645,0.029446125030517578,0.016217434008940164,0.001,poly,40,MinMaxScaler(),4,0.001,4.0,5.0,"{'Classifier__SVC__C': 0.001, 'Classifier__SVC__coef0': 4, 'Classifier__SVC__degree': 5, 'Classifier__SVC__gamma': 0.001, 'Classifier__SVC__kernel': 'poly', 'PCA__n_components': 40, 'Scaler': MinMaxScaler(), 'Selector__max_features': 4}",0.2796610169491525,0.07692307692307693,0.13675213675213677,0.16444541020812206,0.08505236084332655,341
273,0.12164052327473958,0.008671822047708083,0.006177186965942383,0.0002393940995418781,0.001,poly,40,MinMaxScaler(),8,0.001,4.0,5.0,"{'Classifier__SVC__C': 0.001, 'Classifier__SVC__coef0': 4, 'Classifier__SVC__degree': 5, 'Classifier__SVC__gamma': 0.001, 'Classifier__SVC__kernel': 'poly', 'PCA__n_components': 40, 'Scaler': MinMaxScaler(), 'Selector__max_features': 8}",0.3135593220338983,0.07692307692307693,0.13675213675213677,0.17574484523637066,0.10046392921919628,305
274,0.09143789609273274,0.002282957450293929,0.008259216944376627,0.001141223518941379,0.001,poly,40,MinMaxScaler(),12,0.001,4.0,5.0,"{'Classifier__SVC__C': 0.001, 'Classifier__SVC__coef0': 4, 'Classifier__SVC__degree': 5, 'Classifier__SVC__gamma': 0.001, 'Classifier__SVC__kernel': 'poly', 'PCA__n_components': 40, 'Scaler': MinMaxScaler(), 'Selector__max_features': 12}",0.3559322033898305,0.07692307692307693,0.13675213675213677,0.18986913902168143,0.11993772025656296,236
275,0.06774179140726726,0.015426861965424954,0.0111540158589681,0.0006777658412211325,0.001,poly,40,MinMaxScaler(),16,0.001,4.0,5.0,"{'Classifier__SVC__C': 0.001, 'Classifier__SVC__coef0': 4, 'Classifier__SVC__degree': 5, 'Classifier__SVC__gamma': 0.001, 'Classifier__SVC__kernel': 'poly', 'PCA__n_components': 40, 'Scaler': MinMaxScaler(), 'Selector__max_features': 16}",0.23728813559322035,0.07692307692307693,0.13675213675213677,0.15032111642281135,0.06616809864553068,423
276,0.035044590632120766,0.004499932979990893,0.01376032829284668,0.0035530073392635465,0.001,poly,40,MinMaxScaler(),20,0.001,4.0,5.0,"{'Classifier__SVC__C': 0.001, 'Classifier__SVC__coef0': 4, 'Classifier__SVC__degree': 5, 'Classifier__SVC__gamma': 0.001, 'Classifier__SVC__kernel': 'poly', 'PCA__n_components': 40, 'Scaler': MinMaxScaler(), 'Selector__max_features': 20}",0.2711864406779661,0.07692307692307693,0.13675213675213677,0.16162055145105994,0.08123378673749534,348
277,0.036383867263793945,0.0017006739011715963,0.009417215983072916,0.0002484540732382263,0.001,poly,30,MinMaxScaler(),4,0.01,4.0,5.0,"{'Classifier__SVC__C': 0.001, 'Classifier__SVC__coef0': 4, 'Classifier__SVC__degree': 5, 'Classifier__SVC__gamma': 0.01, 'Classifier__SVC__kernel': 'poly', 'PCA__n_components': 30, 'Scaler': MinMaxScaler(), 'Selector__max_features': 4}",0.3305084745762712,0.07692307692307693,0.13675213675213677,0.18139456275049495,0.10823153614665283,276
278,0.034555276234944664,0.0012426210798626462,0.009830554326375326,0.001208262553389745,0.001,poly,30,MinMaxScaler(),8,0.01,4.0,5.0,"{'Classifier__SVC__C': 0.001, 'Classifier__SVC__coef0': 4, 'Classifier__SVC__degree': 5, 'Classifier__SVC__gamma': 0.01, 'Classifier__SVC__kernel': 'poly', 'PCA__n_components': 30, 'Scaler': MinMaxScaler(), 'Selector__max_features': 8}",0.3305084745762712,0.07692307692307693,0.13675213675213677,0.18139456275049495,0.10823153614665283,276
279,0.03412755330403646,0.0017304716475315452,0.011653741200764975,0.002028902159652575,0.001,poly,30,MinMaxScaler(),12,0.01,4.0,5.0,"{'Classifier__SVC__C': 0.001, 'Classifier__SVC__coef0': 4, 'Classifier__SVC__degree': 5, 'Classifier__SVC__gamma': 0.01, 'Classifier__SVC__kernel': 'poly', 'PCA__n_components': 30, 'Scaler': MinMaxScaler(), 'Selector__max_features': 12}",0.22033898305084745,0.07692307692307693,0.13675213675213677,0.14467139890868705,0.0588164748316915,575
280,0.03302812576293945,0.00020961834149846447,0.01087172826131185,0.0008283158376282337,0.001,poly,30,MinMaxScaler(),16,0.01,4.0,5.0,"{'Classifier__SVC__C': 0.001, 'Classifier__SVC__coef0': 4, 'Classifier__SVC__degree': 5, 'Classifier__SVC__gamma': 0.01, 'Classifier__SVC__kernel': 'poly', 'PCA__n_components': 30, 'Scaler': MinMaxScaler(), 'Selector__max_features': 16}",0.22033898305084745,0.07692307692307693,0.13675213675213677,0.14467139890868705,0.0588164748316915,575
281,0.03405920664469401,5.984586014276595e-05,0.010841051737467447,0.0009390024724217409,0.001,poly,30,MinMaxScaler(),20,0.01,4.0,5.0,"{'Classifier__SVC__C': 0.001, 'Classifier__SVC__coef0': 4, 'Classifier__SVC__degree': 5, 'Classifier__SVC__gamma': 0.01, 'Classifier__SVC__kernel': 'poly', 'PCA__n_components': 30, 'Scaler': MinMaxScaler(), 'Selector__max_features': 20}",0.22033898305084745,0.07692307692307693,0.13675213675213677,0.14467139890868705,0.0588164748316915,575
282,0.03348994255065918,0.0006979032966634295,0.009528001149495443,0.0012197086002868594,0.001,poly,40,MinMaxScaler(),4,0.01,4.0,5.0,"{'Classifier__SVC__C': 0.001, 'Classifier__SVC__coef0': 4, 'Classifier__SVC__degree': 5, 'Classifier__SVC__gamma': 0.01, 'Classifier__SVC__kernel': 'poly', 'PCA__n_components': 40, 'Scaler': MinMaxScaler(), 'Selector__max_features': 4}",0.2457627118644068,0.07692307692307693,0.13675213675213677,0.1531459751798735,0.06989646646088502,411
283,0.033501386642456055,0.0002114870903466117,0.009238640467325846,0.000233285672543577,0.001,poly,40,MinMaxScaler(),8,0.01,4.0,5.0,"{'Classifier__SVC__C': 0.001, 'Classifier__SVC__coef0': 4, 'Classifier__SVC__degree': 5, 'Classifier__SVC__gamma': 0.01, 'Classifier__SVC__kernel': 'poly', 'PCA__n_components': 40, 'Scaler': MinMaxScaler(), 'Selector__max_features': 8}",0.2796610169491525,0.07692307692307693,0.13675213675213677,0.16444541020812206,0.08505236084332655,341
284,0.03379368782043457,0.0005498389745872852,0.009719292322794596,0.0002564776221382938,0.001,poly,40,MinMaxScaler(),12,0.01,4.0,5.0,"{'Classifier__SVC__C': 0.001, 'Classifier__SVC__coef0': 4, 'Classifier__SVC__degree': 5, 'Classifier__SVC__gamma': 0.01, 'Classifier__SVC__kernel': 'poly', 'PCA__n_components': 40, 'Scaler': MinMaxScaler(), 'Selector__max_features': 12}",0.3559322033898305,0.07692307692307693,0.13675213675213677,0.18986913902168143,0.11993772025656296,236
285,0.03432162602742513,0.0012448020911452037,0.009352604548136393,0.00024104030567885157,0.001,poly,40,MinMaxScaler(),16,0.01,4.0,5.0,"{'Classifier__SVC__C': 0.001, 'Classifier__SVC__coef0': 4, 'Classifier__SVC__degree': 5, 'Classifier__SVC__gamma': 0.01, 'Classifier__SVC__kernel': 'poly', 'PCA__n_components': 40, 'Scaler': MinMaxScaler(), 'Selector__max_features': 16}",0.23728813559322035,0.07692307692307693,0.13675213675213677,0.15032111642281135,0.06616809864553068,423
286,0.03434069951375326,0.0009086696711255571,0.009195645650227865,0.00047193267307058174,0.001,poly,40,MinMaxScaler(),20,0.01,4.0,5.0,"{'Classifier__SVC__C': 0.001, 'Classifier__SVC__coef0': 4, 'Classifier__SVC__degree': 5, 'Classifier__SVC__gamma': 0.01, 'Classifier__SVC__kernel': 'poly', 'PCA__n_components': 40, 'Scaler': MinMaxScaler(), 'Selector__max_features': 20}",0.2711864406779661,0.07692307692307693,0.13675213675213677,0.16162055145105994,0.08123378673749534,348
287,0.033333539962768555,0.0008521627237089304,0.009365002314249674,0.0006313914091037082,0.001,poly,30,MinMaxScaler(),4,0.001,6.0,3.0,"{'Classifier__SVC__C': 0.001, 'Classifier__SVC__coef0': 6, 'Classifier__SVC__degree': 3, 'Classifier__SVC__gamma': 0.001, 'Classifier__SVC__kernel': 'poly', 'PCA__n_components': 30, 'Scaler': MinMaxScaler(), 'Selector__max_features': 4}",0.3305084745762712,0.07692307692307693,0.13675213675213677,0.18139456275049495,0.10823153614665283,276
288,0.033885796864827476,0.0018742636572439365,0.009596427281697592,0.0007607577923567821,0.001,poly,30,MinMaxScaler(),8,0.001,6.0,3.0,"{'Classifier__SVC__C': 0.001, 'Classifier__SVC__coef0': 6, 'Classifier__SVC__degree': 3, 'Classifier__SVC__gamma': 0.001, 'Classifier__SVC__kernel': 'poly', 'PCA__n_components': 30, 'Scaler': MinMaxScaler(), 'Selector__max_features': 8}",0.3220338983050847,0.07692307692307693,0.13675213675213677,0.17856970399343278,0.1043435364141797,295
289,0.032330989837646484,0.0008213041699473278,0.010988473892211914,0.00025861306246284575,0.001,poly,30,MinMaxScaler(),12,0.001,6.0,3.0,"{'Classifier__SVC__C': 0.001, 'Classifier__SVC__coef0': 6, 'Classifier__SVC__degree': 3, 'Classifier__SVC__gamma': 0.001, 'Classifier__SVC__kernel': 'poly', 'PCA__n_components': 30, 'Scaler': MinMaxScaler(), 'Selector__max_features': 12}",0.22033898305084745,0.07692307692307693,0.13675213675213677,0.14467139890868705,0.0588164748316915,575
290,0.03428483009338379,0.0020579359633296577,0.011192639668782553,0.0019468102066514507,0.001,poly,30,MinMaxScaler(),16,0.001,6.0,3.0,"{'Classifier__SVC__C': 0.001, 'Classifier__SVC__coef0': 6, 'Classifier__SVC__degree': 3, 'Classifier__SVC__gamma': 0.001, 'Classifier__SVC__kernel': 'poly', 'PCA__n_components': 30, 'Scaler': MinMaxScaler(), 'Selector__max_features': 16}",0.22033898305084745,0.07692307692307693,0.13675213675213677,0.14467139890868705,0.0588164748316915,575
291,0.0337677001953125,0.00042844276393935325,0.01294382413228353,0.0010767442742519976,0.001,poly,30,MinMaxScaler(),20,0.001,6.0,3.0,"{'Classifier__SVC__C': 0.001, 'Classifier__SVC__coef0': 6, 'Classifier__SVC__degree': 3, 'Classifier__SVC__gamma': 0.001, 'Classifier__SVC__kernel': 'poly', 'PCA__n_components': 30, 'Scaler': MinMaxScaler(), 'Selector__max_features': 20}",0.22033898305084745,0.07692307692307693,0.13675213675213677,0.14467139890868705,0.0588164748316915,575
292,0.03572249412536621,0.001363676200646036,0.010585308074951172,0.0009378916800230824,0.001,poly,40,MinMaxScaler(),4,0.001,6.0,3.0,"{'Classifier__SVC__C': 0.001, 'Classifier__SVC__coef0': 6, 'Classifier__SVC__degree': 3, 'Classifier__SVC__gamma': 0.001, 'Classifier__SVC__kernel': 'poly', 'PCA__n_components': 40, 'Scaler': MinMaxScaler(), 'Selector__max_features': 4}",0.3135593220338983,0.07692307692307693,0.13675213675213677,0.17574484523637066,0.10046392921919628,305
293,0.031740665435791016,0.0008188576256303866,0.011137247085571289,0.0009116841530237893,0.001,poly,40,MinMaxScaler(),8,0.001,6.0,3.0,"{'Classifier__SVC__C': 0.001, 'Classifier__SVC__coef0': 6, 'Classifier__SVC__degree': 3, 'Classifier__SVC__gamma': 0.001, 'Classifier__SVC__kernel': 'poly', 'PCA__n_components': 40, 'Scaler': MinMaxScaler(), 'Selector__max_features': 8}",0.3135593220338983,0.07692307692307693,0.13675213675213677,0.17574484523637066,0.10046392921919628,305
294,0.03701313336690267,0.0013059171780396201,0.010059356689453125,0.00041655517275270525,0.001,poly,40,MinMaxScaler(),12,0.001,6.0,3.0,"{'Classifier__SVC__C': 0.001, 'Classifier__SVC__coef0': 6, 'Classifier__SVC__degree': 3, 'Classifier__SVC__gamma': 0.001, 'Classifier__SVC__kernel': 'poly', 'PCA__n_components': 40, 'Scaler': MinMaxScaler(), 'Selector__max_features': 12}",0.3559322033898305,0.07692307692307693,0.13675213675213677,0.18986913902168143,0.11993772025656296,236
295,0.036971648534139,0.001229417670521936,0.008868058522542318,0.00023271512498393987,0.001,poly,40,MinMaxScaler(),16,0.001,6.0,3.0,"{'Classifier__SVC__C': 0.001, 'Classifier__SVC__coef0': 6, 'Classifier__SVC__degree': 3, 'Classifier__SVC__gamma': 0.001, 'Classifier__SVC__kernel': 'poly', 'PCA__n_components': 40, 'Scaler': MinMaxScaler(), 'Selector__max_features': 16}",0.3389830508474576,0.07692307692307693,0.13675213675213677,0.1842194215075571,0.11212705538762978,267
296,0.03626314798990885,0.00047673090439689393,0.009465853373209635,0.00033099061701150534,0.001,poly,40,MinMaxScaler(),20,0.001,6.0,3.0,"{'Classifier__SVC__C': 0.001, 'Classifier__SVC__coef0': 6, 'Classifier__SVC__degree': 3, 'Classifier__SVC__gamma': 0.001, 'Classifier__SVC__kernel': 'poly', 'PCA__n_components': 40, 'Scaler': MinMaxScaler(), 'Selector__max_features': 20}",0.2711864406779661,0.07692307692307693,0.13675213675213677,0.16162055145105994,0.08123378673749534,348
297,0.0352327823638916,0.0008493029559730365,0.008034467697143555,0.0008142008322968816,0.001,poly,30,MinMaxScaler(),4,0.01,6.0,3.0,"{'Classifier__SVC__C': 0.001, 'Classifier__SVC__coef0': 6, 'Classifier__SVC__degree': 3, 'Classifier__SVC__gamma': 0.01, 'Classifier__SVC__kernel': 'poly', 'PCA__n_components': 30, 'Scaler': MinMaxScaler(), 'Selector__max_features': 4}",0.3305084745762712,0.07692307692307693,0.13675213675213677,0.18139456275049495,0.10823153614665283,276
298,0.033845980962117515,0.0008684338916212796,0.008715629577636719,0.0004676682782436719,0.001,poly,30,MinMaxScaler(),8,0.01,6.0,3.0,"{'Classifier__SVC__C': 0.001, 'Classifier__SVC__coef0': 6, 'Classifier__SVC__degree': 3, 'Classifier__SVC__gamma': 0.01, 'Classifier__SVC__kernel': 'poly', 'PCA__n_components': 30, 'Scaler': MinMaxScaler(), 'Selector__max_features': 8}",0.3305084745762712,0.07692307692307693,0.13675213675213677,0.18139456275049495,0.10823153614665283,276
299,0.03098718325297038,0.00047243976840189973,0.010047356287638346,1.0721474936192862e-06,0.001,poly,30,MinMaxScaler(),12,0.01,6.0,3.0,"{'Classifier__SVC__C': 0.001, 'Classifier__SVC__coef0': 6, 'Classifier__SVC__degree': 3, 'Classifier__SVC__gamma': 0.01, 'Classifier__SVC__kernel': 'poly', 'PCA__n_components': 30, 'Scaler': MinMaxScaler(), 'Selector__max_features': 12}",0.22033898305084745,0.07692307692307693,0.13675213675213677,0.14467139890868705,0.0588164748316915,575
300,0.030390421549479168,0.0008385707199824647,0.010241429011027018,0.0012633323695430603,0.001,poly,30,MinMaxScaler(),16,0.01,6.0,3.0,"{'Classifier__SVC__C': 0.001, 'Classifier__SVC__coef0': 6, 'Classifier__SVC__degree': 3, 'Classifier__SVC__gamma': 0.01, 'Classifier__SVC__kernel': 'poly', 'PCA__n_components': 30, 'Scaler': MinMaxScaler(), 'Selector__max_features': 16}",0.22033898305084745,0.07692307692307693,0.13675213675213677,0.14467139890868705,0.0588164748316915,575
301,0.03190445899963379,0.0010609562655765961,0.010227203369140625,0.0013506158232645226,0.001,poly,30,MinMaxScaler(),20,0.01,6.0,3.0,"{'Classifier__SVC__C': 0.001, 'Classifier__SVC__coef0': 6, 'Classifier__SVC__degree': 3, 'Classifier__SVC__gamma': 0.01, 'Classifier__SVC__kernel': 'poly', 'PCA__n_components': 30, 'Scaler': MinMaxScaler(), 'Selector__max_features': 20}",0.22033898305084745,0.07692307692307693,0.13675213675213677,0.14467139890868705,0.0588164748316915,575
302,0.03199521700541178,0.0011291718751654043,0.009687344233194986,0.0012842793423333805,0.001,poly,40,MinMaxScaler(),4,0.01,6.0,3.0,"{'Classifier__SVC__C': 0.001, 'Classifier__SVC__coef0': 6, 'Classifier__SVC__degree': 3, 'Classifier__SVC__gamma': 0.01, 'Classifier__SVC__kernel': 'poly', 'PCA__n_components': 40, 'Scaler': MinMaxScaler(), 'Selector__max_features': 4}",0.3135593220338983,0.07692307692307693,0.13675213675213677,0.17574484523637066,0.10046392921919628,305
303,0.03399157524108887,0.0015593859345512352,0.009325504302978516,6.0691461855687405e-06,0.001,poly,40,MinMaxScaler(),8,0.01,6.0,3.0,"{'Classifier__SVC__C': 0.001, 'Classifier__SVC__coef0': 6, 'Classifier__SVC__degree': 3, 'Classifier__SVC__gamma': 0.01, 'Classifier__SVC__kernel': 'poly', 'PCA__n_components': 40, 'Scaler': MinMaxScaler(), 'Selector__max_features': 8}",0.3135593220338983,0.07692307692307693,0.13675213675213677,0.17574484523637066,0.10046392921919628,305
304,0.03338027000427246,0.0018979052280271864,0.00874034563700358,0.0008342107052247378,0.001,poly,40,MinMaxScaler(),12,0.01,6.0,3.0,"{'Classifier__SVC__C': 0.001, 'Classifier__SVC__coef0': 6, 'Classifier__SVC__degree': 3, 'Classifier__SVC__gamma': 0.01, 'Classifier__SVC__kernel': 'poly', 'PCA__n_components': 40, 'Scaler': MinMaxScaler(), 'Selector__max_features': 12}",0.3559322033898305,0.07692307692307693,0.13675213675213677,0.18986913902168143,0.11993772025656296,236
305,0.03401501973470052,0.0006194118151926023,0.008877038955688477,0.00024278114468580592,0.001,poly,40,MinMaxScaler(),16,0.01,6.0,3.0,"{'Classifier__SVC__C': 0.001, 'Classifier__SVC__coef0': 6, 'Classifier__SVC__degree': 3, 'Classifier__SVC__gamma': 0.01, 'Classifier__SVC__kernel': 'poly', 'PCA__n_components': 40, 'Scaler': MinMaxScaler(), 'Selector__max_features': 16}",0.23728813559322035,0.07692307692307693,0.13675213675213677,0.15032111642281135,0.06616809864553068,423
306,0.03384137153625488,0.00042680952390090763,0.00854818026224772,0.000706950884887588,0.001,poly,40,MinMaxScaler(),20,0.01,6.0,3.0,"{'Classifier__SVC__C': 0.001, 'Classifier__SVC__coef0': 6, 'Classifier__SVC__degree': 3, 'Classifier__SVC__gamma': 0.01, 'Classifier__SVC__kernel': 'poly', 'PCA__n_components': 40, 'Scaler': MinMaxScaler(), 'Selector__max_features': 20}",0.2711864406779661,0.07692307692307693,0.13675213675213677,0.16162055145105994,0.08123378673749534,348
307,0.03281068801879883,0.0010855896697078908,0.008554220199584961,0.0007117811952436606,0.001,poly,30,MinMaxScaler(),4,0.001,6.0,5.0,"{'Classifier__SVC__C': 0.001, 'Classifier__SVC__coef0': 6, 'Classifier__SVC__degree': 5, 'Classifier__SVC__gamma': 0.001, 'Classifier__SVC__kernel': 'poly', 'PCA__n_components': 30, 'Scaler': MinMaxScaler(), 'Selector__max_features': 4}",0.3305084745762712,0.07692307692307693,0.13675213675213677,0.18139456275049495,0.10823153614665283,276
308,0.03403290112813314,0.0007125766790000295,0.013522466023763021,0.006643608632431362,0.001,poly,30,MinMaxScaler(),8,0.001,6.0,5.0,"{'Classifier__SVC__C': 0.001, 'Classifier__SVC__coef0': 6, 'Classifier__SVC__degree': 5, 'Classifier__SVC__gamma': 0.001, 'Classifier__SVC__kernel': 'poly', 'PCA__n_components': 30, 'Scaler': MinMaxScaler(), 'Selector__max_features': 8}",0.3220338983050847,0.07692307692307693,0.13675213675213677,0.17856970399343278,0.1043435364141797,295
309,0.04312268892923991,0.009082455018116624,0.013609806696573893,0.007175664109837907,0.001,poly,30,MinMaxScaler(),12,0.001,6.0,5.0,"{'Classifier__SVC__C': 0.001, 'Classifier__SVC__coef0': 6, 'Classifier__SVC__degree': 5, 'Classifier__SVC__gamma': 0.001, 'Classifier__SVC__kernel': 'poly', 'PCA__n_components': 30, 'Scaler': MinMaxScaler(), 'Selector__max_features': 12}",0.22033898305084745,0.07692307692307693,0.13675213675213677,0.14467139890868705,0.0588164748316915,575
310,0.03351465861002604,0.0010867176431906182,0.009332577387491861,0.0006387359760210794,0.001,poly,30,MinMaxScaler(),16,0.001,6.0,5.0,"{'Classifier__SVC__C': 0.001, 'Classifier__SVC__coef0': 6, 'Classifier__SVC__degree': 5, 'Classifier__SVC__gamma': 0.001, 'Classifier__SVC__kernel': 'poly', 'PCA__n_components': 30, 'Scaler': MinMaxScaler(), 'Selector__max_features': 16}",0.22033898305084745,0.07692307692307693,0.13675213675213677,0.14467139890868705,0.0588164748316915,575
311,0.03341571489969889,0.001511338066315583,0.00941904385884603,0.000622095870184534,0.001,poly,30,MinMaxScaler(),20,0.001,6.0,5.0,"{'Classifier__SVC__C': 0.001, 'Classifier__SVC__coef0': 6, 'Classifier__SVC__degree': 5, 'Classifier__SVC__gamma': 0.001, 'Classifier__SVC__kernel': 'poly', 'PCA__n_components': 30, 'Scaler': MinMaxScaler(), 'Selector__max_features': 20}",0.22033898305084745,0.07692307692307693,0.13675213675213677,0.14467139890868705,0.0588164748316915,575
312,0.032857418060302734,0.00024011390658349938,0.010227203369140625,0.00046804006260023156,0.001,poly,40,MinMaxScaler(),4,0.001,6.0,5.0,"{'Classifier__SVC__C': 0.001, 'Classifier__SVC__coef0': 6, 'Classifier__SVC__degree': 5, 'Classifier__SVC__gamma': 0.001, 'Classifier__SVC__kernel': 'poly', 'PCA__n_components': 40, 'Scaler': MinMaxScaler(), 'Selector__max_features': 4}",0.2457627118644068,0.07692307692307693,0.13675213675213677,0.1531459751798735,0.06989646646088502,411
313,0.033718506495157875,0.002166839081379924,0.008540948232014975,0.000713688333930988,0.001,poly,40,MinMaxScaler(),8,0.001,6.0,5.0,"{'Classifier__SVC__C': 0.001, 'Classifier__SVC__coef0': 6, 'Classifier__SVC__degree': 5, 'Classifier__SVC__gamma': 0.001, 'Classifier__SVC__kernel': 'poly', 'PCA__n_components': 40, 'Scaler': MinMaxScaler(), 'Selector__max_features': 8}",0.2796610169491525,0.07692307692307693,0.13675213675213677,0.16444541020812206,0.08505236084332655,341
314,0.03405658404032389,0.0008472839108286068,0.009402195612589518,0.00024186671465451724,0.001,poly,40,MinMaxScaler(),12,0.001,6.0,5.0,"{'Classifier__SVC__C': 0.001, 'Classifier__SVC__coef0': 6, 'Classifier__SVC__degree': 5, 'Classifier__SVC__gamma': 0.001, 'Classifier__SVC__kernel': 'poly', 'PCA__n_components': 40, 'Scaler': MinMaxScaler(), 'Selector__max_features': 12}",0.3559322033898305,0.07692307692307693,0.13675213675213677,0.18986913902168143,0.11993772025656296,236
315,0.03273113568623861,0.0004094460088232605,0.009878396987915039,0.0006181678371668248,0.001,poly,40,MinMaxScaler(),16,0.001,6.0,5.0,"{'Classifier__SVC__C': 0.001, 'Classifier__SVC__coef0': 6, 'Classifier__SVC__degree': 5, 'Classifier__SVC__gamma': 0.001, 'Classifier__SVC__kernel': 'poly', 'PCA__n_components': 40, 'Scaler': MinMaxScaler(), 'Selector__max_features': 16}",0.23728813559322035,0.07692307692307693,0.13675213675213677,0.15032111642281135,0.06616809864553068,423
316,0.03391726811726888,0.0006318912912660668,0.008609533309936523,6.13658114318617e-05,0.001,poly,40,MinMaxScaler(),20,0.001,6.0,5.0,"{'Classifier__SVC__C': 0.001, 'Classifier__SVC__coef0': 6, 'Classifier__SVC__degree': 5, 'Classifier__SVC__gamma': 0.001, 'Classifier__SVC__kernel': 'poly', 'PCA__n_components': 40, 'Scaler': MinMaxScaler(), 'Selector__max_features': 20}",0.2711864406779661,0.07692307692307693,0.13675213675213677,0.16162055145105994,0.08123378673749534,348
317,0.03228402137756348,0.0004631996662023887,0.008794069290161133,0.00018713453871350185,0.001,poly,30,MinMaxScaler(),4,0.01,6.0,5.0,"{'Classifier__SVC__C': 0.001, 'Classifier__SVC__coef0': 6, 'Classifier__SVC__degree': 5, 'Classifier__SVC__gamma': 0.01, 'Classifier__SVC__kernel': 'poly', 'PCA__n_components': 30, 'Scaler': MinMaxScaler(), 'Selector__max_features': 4}",0.3305084745762712,0.07692307692307693,0.1111111111111111,0.1728475542034864,0.11235340012658195,325
318,0.03278358777364095,0.00041457827561140856,0.00938884417215983,0.001014900991145622,0.001,poly,30,MinMaxScaler(),8,0.01,6.0,5.0,"{'Classifier__SVC__C': 0.001, 'Classifier__SVC__coef0': 6, 'Classifier__SVC__degree': 5, 'Classifier__SVC__gamma': 0.01, 'Classifier__SVC__kernel': 'poly', 'PCA__n_components': 30, 'Scaler': MinMaxScaler(), 'Selector__max_features': 8}",0.3305084745762712,0.07692307692307693,0.10256410256410256,0.16999855135448358,0.11397936110974669,333
319,0.03229260444641113,0.0011012732675788608,0.009718179702758789,0.0006964700356608134,0.001,poly,30,MinMaxScaler(),12,0.01,6.0,5.0,"{'Classifier__SVC__C': 0.001, 'Classifier__SVC__coef0': 6, 'Classifier__SVC__degree': 5, 'Classifier__SVC__gamma': 0.01, 'Classifier__SVC__kernel': 'poly', 'PCA__n_components': 30, 'Scaler': MinMaxScaler(), 'Selector__max_features': 12}",0.22033898305084745,0.1111111111111111,0.1282051282051282,0.1532184074556956,0.04797172852330846,407
320,0.03382086753845215,6.982557996996373e-05,0.0097198486328125,0.0006354950809778978,0.001,poly,30,MinMaxScaler(),16,0.01,6.0,5.0,"{'Classifier__SVC__C': 0.001, 'Classifier__SVC__coef0': 6, 'Classifier__SVC__degree': 5, 'Classifier__SVC__gamma': 0.01, 'Classifier__SVC__kernel': 'poly', 'PCA__n_components': 30, 'Scaler': MinMaxScaler(), 'Selector__max_features': 16}",0.22033898305084745,0.1111111111111111,0.11965811965811966,0.15036940460669276,0.04959885260443834,421
321,0.03370507558186849,0.0010865592447156995,0.0095063845316569,0.0006687299963728519,0.001,poly,30,MinMaxScaler(),20,0.01,6.0,5.0,"{'Classifier__SVC__C': 0.001, 'Classifier__SVC__coef0': 6, 'Classifier__SVC__degree': 5, 'Classifier__SVC__gamma': 0.01, 'Classifier__SVC__kernel': 'poly', 'PCA__n_components': 30, 'Scaler': MinMaxScaler(), 'Selector__max_features': 20}",0.22033898305084745,0.1111111111111111,0.11965811965811966,0.15036940460669276,0.04959885260443834,421
322,0.03271182378133138,6.245575810873826e-06,0.009276628494262695,0.00047583789231182903,0.001,poly,40,MinMaxScaler(),4,0.01,6.0,5.0,"{'Classifier__SVC__C': 0.001, 'Classifier__SVC__coef0': 6, 'Classifier__SVC__degree': 5, 'Classifier__SVC__gamma': 0.01, 'Classifier__SVC__kernel': 'poly', 'PCA__n_components': 40, 'Scaler': MinMaxScaler(), 'Selector__max_features': 4}",0.2457627118644068,0.07692307692307693,0.1111111111111111,0.14459896663286495,0.07288247586521183,608
323,0.03231231371561686,0.001556991702790097,0.010690768559773764,0.0008297756752419933,0.001,poly,40,MinMaxScaler(),8,0.01,6.0,5.0,"{'Classifier__SVC__C': 0.001, 'Classifier__SVC__coef0': 6, 'Classifier__SVC__degree': 5, 'Classifier__SVC__gamma': 0.01, 'Classifier__SVC__kernel': 'poly', 'PCA__n_components': 40, 'Scaler': MinMaxScaler(), 'Selector__max_features': 8}",0.2796610169491525,0.07692307692307693,0.1111111111111111,0.15589840166111352,0.08861938887779922,405
324,0.03457903861999512,0.0014506856996145767,0.010866324106852213,0.0008321115897374422,0.001,poly,40,MinMaxScaler(),12,0.01,6.0,5.0,"{'Classifier__SVC__C': 0.001, 'Classifier__SVC__coef0': 6, 'Classifier__SVC__degree': 5, 'Classifier__SVC__gamma': 0.01, 'Classifier__SVC__kernel': 'poly', 'PCA__n_components': 40, 'Scaler': MinMaxScaler(), 'Selector__max_features': 12}",0.3559322033898305,0.07692307692307693,0.09401709401709402,0.17562412477666714,0.1276879105866609,321
325,0.0347440242767334,0.0004146647229703148,0.009644826253255209,0.0011838772008707634,0.001,poly,40,MinMaxScaler(),16,0.01,6.0,5.0,"{'Classifier__SVC__C': 0.001, 'Classifier__SVC__coef0': 6, 'Classifier__SVC__degree': 5, 'Classifier__SVC__gamma': 0.01, 'Classifier__SVC__kernel': 'poly', 'PCA__n_components': 40, 'Scaler': MinMaxScaler(), 'Selector__max_features': 16}",0.23728813559322035,0.11965811965811966,0.10256410256410256,0.1531701192718142,0.059888406543553444,409
326,0.035033067067464195,0.0010363195388387921,0.009353240331013998,0.0006120666461653495,0.001,poly,40,MinMaxScaler(),20,0.01,6.0,5.0,"{'Classifier__SVC__C': 0.001, 'Classifier__SVC__coef0': 6, 'Classifier__SVC__degree': 5, 'Classifier__SVC__gamma': 0.01, 'Classifier__SVC__kernel': 'poly', 'PCA__n_components': 40, 'Scaler': MinMaxScaler(), 'Selector__max_features': 20}",0.2711864406779661,0.1452991452991453,0.1282051282051282,0.18156357139407986,0.06375602130575618,272
327,0.035500288009643555,0.00021550085489837218,0.009357849756876627,0.0002234924055162477,0.01,poly,30,MinMaxScaler(),4,0.001,2.0,3.0,"{'Classifier__SVC__C': 0.01, 'Classifier__SVC__coef0': 2, 'Classifier__SVC__degree': 3, 'Classifier__SVC__gamma': 0.001, 'Classifier__SVC__kernel': 'poly', 'PCA__n_components': 30, 'Scaler': MinMaxScaler(), 'Selector__max_features': 4}",0.2966101694915254,0.07692307692307693,0.07692307692307693,0.1501521077792264,0.10356148859620448,437
328,0.03668419520060221,0.0006823875814538198,0.009197632471720377,0.00047519202687695085,0.01,poly,30,MinMaxScaler(),8,0.001,2.0,3.0,"{'Classifier__SVC__C': 0.01, 'Classifier__SVC__coef0': 2, 'Classifier__SVC__degree': 3, 'Classifier__SVC__gamma': 0.001, 'Classifier__SVC__kernel': 'poly', 'PCA__n_components': 30, 'Scaler': MinMaxScaler(), 'Selector__max_features': 8}",0.2966101694915254,0.07692307692307693,0.07692307692307693,0.1501521077792264,0.10356148859620448,437
329,0.03406937917073568,0.0012231309865184984,0.009534915288289389,1.1239159602905075e-07,0.01,poly,30,MinMaxScaler(),12,0.001,2.0,3.0,"{'Classifier__SVC__C': 0.01, 'Classifier__SVC__coef0': 2, 'Classifier__SVC__degree': 3, 'Classifier__SVC__gamma': 0.001, 'Classifier__SVC__kernel': 'poly', 'PCA__n_components': 30, 'Scaler': MinMaxScaler(), 'Selector__max_features': 12}",0.2966101694915254,0.07692307692307693,0.07692307692307693,0.1501521077792264,0.10356148859620448,437
330,0.03630876541137695,0.0006099394994283848,0.009785334269205729,0.0005226423238405707,0.01,poly,30,MinMaxScaler(),16,0.001,2.0,3.0,"{'Classifier__SVC__C': 0.01, 'Classifier__SVC__coef0': 2, 'Classifier__SVC__degree': 3, 'Classifier__SVC__gamma': 0.001, 'Classifier__SVC__kernel': 'poly', 'PCA__n_components': 30, 'Scaler': MinMaxScaler(), 'Selector__max_features': 16}",0.2966101694915254,0.07692307692307693,0.07692307692307693,0.1501521077792264,0.10356148859620448,437
331,0.036919752756754555,0.001175269052991434,0.01080775260925293,0.0005731433214809364,0.01,poly,30,MinMaxScaler(),20,0.001,2.0,3.0,"{'Classifier__SVC__C': 0.01, 'Classifier__SVC__coef0': 2, 'Classifier__SVC__degree': 3, 'Classifier__SVC__gamma': 0.001, 'Classifier__SVC__kernel': 'poly', 'PCA__n_components': 30, 'Scaler': MinMaxScaler(), 'Selector__max_features': 20}",0.2966101694915254,0.07692307692307693,0.07692307692307693,0.1501521077792264,0.10356148859620448,437
332,0.03592673937479655,0.0004375405266463568,0.011912107467651367,0.0019056900979355937,0.01,poly,40,MinMaxScaler(),4,0.001,2.0,3.0,"{'Classifier__SVC__C': 0.01, 'Classifier__SVC__coef0': 2, 'Classifier__SVC__degree': 3, 'Classifier__SVC__gamma': 0.001, 'Classifier__SVC__kernel': 'poly', 'PCA__n_components': 40, 'Scaler': MinMaxScaler(), 'Selector__max_features': 4}",0.2966101694915254,0.07692307692307693,0.07692307692307693,0.1501521077792264,0.10356148859620448,437
333,0.03661799430847168,0.0002503905925399918,0.009067455927530924,0.0004087719893675568,0.01,poly,40,MinMaxScaler(),8,0.001,2.0,3.0,"{'Classifier__SVC__C': 0.01, 'Classifier__SVC__coef0': 2, 'Classifier__SVC__degree': 3, 'Classifier__SVC__gamma': 0.001, 'Classifier__SVC__kernel': 'poly', 'PCA__n_components': 40, 'Scaler': MinMaxScaler(), 'Selector__max_features': 8}",0.2966101694915254,0.07692307692307693,0.07692307692307693,0.1501521077792264,0.10356148859620448,437
334,0.03657237688700358,0.0019208620735841767,0.009589354197184244,0.0007128998936122688,0.01,poly,40,MinMaxScaler(),12,0.001,2.0,3.0,"{'Classifier__SVC__C': 0.01, 'Classifier__SVC__coef0': 2, 'Classifier__SVC__degree': 3, 'Classifier__SVC__gamma': 0.001, 'Classifier__SVC__kernel': 'poly', 'PCA__n_components': 40, 'Scaler': MinMaxScaler(), 'Selector__max_features': 12}",0.2966101694915254,0.07692307692307693,0.07692307692307693,0.1501521077792264,0.10356148859620448,437
335,0.03527021408081055,0.0004664184070587531,0.009904225667317709,0.0004660072864862718,0.01,poly,40,MinMaxScaler(),16,0.001,2.0,3.0,"{'Classifier__SVC__C': 0.01, 'Classifier__SVC__coef0': 2, 'Classifier__SVC__degree': 3, 'Classifier__SVC__gamma': 0.001, 'Classifier__SVC__kernel': 'poly', 'PCA__n_components': 40, 'Scaler': MinMaxScaler(), 'Selector__max_features': 16}",0.2966101694915254,0.07692307692307693,0.07692307692307693,0.1501521077792264,0.10356148859620448,437
336,0.036119540532430015,0.0015566729388565483,0.008867263793945312,0.000942572366349981,0.01,poly,40,MinMaxScaler(),20,0.001,2.0,3.0,"{'Classifier__SVC__C': 0.01, 'Classifier__SVC__coef0': 2, 'Classifier__SVC__degree': 3, 'Classifier__SVC__gamma': 0.001, 'Classifier__SVC__kernel': 'poly', 'PCA__n_components': 40, 'Scaler': MinMaxScaler(), 'Selector__max_features': 20}",0.2966101694915254,0.07692307692307693,0.07692307692307693,0.1501521077792264,0.10356148859620448,437
337,0.03391639391581217,0.0002443958550643393,0.009040037790934244,0.0010921710291555806,0.01,poly,30,MinMaxScaler(),4,0.01,2.0,3.0,"{'Classifier__SVC__C': 0.01, 'Classifier__SVC__coef0': 2, 'Classifier__SVC__degree': 3, 'Classifier__SVC__gamma': 0.01, 'Classifier__SVC__kernel': 'poly', 'PCA__n_components': 30, 'Scaler': MinMaxScaler(), 'Selector__max_features': 4}",0.2966101694915254,0.07692307692307693,0.07692307692307693,0.1501521077792264,0.10356148859620448,437
338,0.03604912757873535,0.0006415640036154621,0.009721835454305014,0.00047311323448127293,0.01,poly,30,MinMaxScaler(),8,0.01,2.0,3.0,"{'Classifier__SVC__C': 0.01, 'Classifier__SVC__coef0': 2, 'Classifier__SVC__degree': 3, 'Classifier__SVC__gamma': 0.01, 'Classifier__SVC__kernel': 'poly', 'PCA__n_components': 30, 'Scaler': MinMaxScaler(), 'Selector__max_features': 8}",0.2966101694915254,0.07692307692307693,0.07692307692307693,0.1501521077792264,0.10356148859620448,437
339,0.03455813725789388,0.0016579514887604414,0.010203043619791666,0.0004745464270184526,0.01,poly,30,MinMaxScaler(),12,0.01,2.0,3.0,"{'Classifier__SVC__C': 0.01, 'Classifier__SVC__coef0': 2, 'Classifier__SVC__degree': 3, 'Classifier__SVC__gamma': 0.01, 'Classifier__SVC__kernel': 'poly', 'PCA__n_components': 30, 'Scaler': MinMaxScaler(), 'Selector__max_features': 12}",0.2966101694915254,0.07692307692307693,0.07692307692307693,0.1501521077792264,0.10356148859620448,437
340,0.035021305084228516,0.0008424913096425823,0.009372790654500326,0.0004755472511819232,0.01,poly,30,MinMaxScaler(),16,0.01,2.0,3.0,"{'Classifier__SVC__C': 0.01, 'Classifier__SVC__coef0': 2, 'Classifier__SVC__degree': 3, 'Classifier__SVC__gamma': 0.01, 'Classifier__SVC__kernel': 'poly', 'PCA__n_components': 30, 'Scaler': MinMaxScaler(), 'Selector__max_features': 16}",0.2966101694915254,0.07692307692307693,0.07692307692307693,0.1501521077792264,0.10356148859620448,437
341,0.04775365193684896,0.006780788073633422,0.010266939798990885,0.0015072633923192762,0.01,poly,30,MinMaxScaler(),20,0.01,2.0,3.0,"{'Classifier__SVC__C': 0.01, 'Classifier__SVC__coef0': 2, 'Classifier__SVC__degree': 3, 'Classifier__SVC__gamma': 0.01, 'Classifier__SVC__kernel': 'poly', 'PCA__n_components': 30, 'Scaler': MinMaxScaler(), 'Selector__max_features': 20}",0.2966101694915254,0.07692307692307693,0.07692307692307693,0.1501521077792264,0.10356148859620448,437
342,0.0513002077738444,0.0012604380465687294,0.00967733065287272,0.0006205270708024167,0.01,poly,40,MinMaxScaler(),4,0.01,2.0,3.0,"{'Classifier__SVC__C': 0.01, 'Classifier__SVC__coef0': 2, 'Classifier__SVC__degree': 3, 'Classifier__SVC__gamma': 0.01, 'Classifier__SVC__kernel': 'poly', 'PCA__n_components': 40, 'Scaler': MinMaxScaler(), 'Selector__max_features': 4}",0.2966101694915254,0.07692307692307693,0.07692307692307693,0.1501521077792264,0.10356148859620448,437
343,0.04962738355000814,0.0008171188343974501,0.011028607686360678,0.0010825103971114464,0.01,poly,40,MinMaxScaler(),8,0.01,2.0,3.0,"{'Classifier__SVC__C': 0.01, 'Classifier__SVC__coef0': 2, 'Classifier__SVC__degree': 3, 'Classifier__SVC__gamma': 0.01, 'Classifier__SVC__kernel': 'poly', 'PCA__n_components': 40, 'Scaler': MinMaxScaler(), 'Selector__max_features': 8}",0.2966101694915254,0.07692307692307693,0.07692307692307693,0.1501521077792264,0.10356148859620448,437
344,0.04993438720703125,0.0016883297962337525,0.010527451833089193,0.0012514379373418703,0.01,poly,40,MinMaxScaler(),12,0.01,2.0,3.0,"{'Classifier__SVC__C': 0.01, 'Classifier__SVC__coef0': 2, 'Classifier__SVC__degree': 3, 'Classifier__SVC__gamma': 0.01, 'Classifier__SVC__kernel': 'poly', 'PCA__n_components': 40, 'Scaler': MinMaxScaler(), 'Selector__max_features': 12}",0.2966101694915254,0.07692307692307693,0.07692307692307693,0.1501521077792264,0.10356148859620448,437
345,0.04888780911763509,0.0012931968101450773,0.01153127352396647,0.0010569306407659932,0.01,poly,40,MinMaxScaler(),16,0.01,2.0,3.0,"{'Classifier__SVC__C': 0.01, 'Classifier__SVC__coef0': 2, 'Classifier__SVC__degree': 3, 'Classifier__SVC__gamma': 0.01, 'Classifier__SVC__kernel': 'poly', 'PCA__n_components': 40, 'Scaler': MinMaxScaler(), 'Selector__max_features': 16}",0.2966101694915254,0.07692307692307693,0.07692307692307693,0.1501521077792264,0.10356148859620448,437
346,0.04802997907002767,0.004774364108722631,0.018271764119466145,0.001950433100528569,0.01,poly,40,MinMaxScaler(),20,0.01,2.0,3.0,"{'Classifier__SVC__C': 0.01, 'Classifier__SVC__coef0': 2, 'Classifier__SVC__degree': 3, 'Classifier__SVC__gamma': 0.01, 'Classifier__SVC__kernel': 'poly', 'PCA__n_components': 40, 'Scaler': MinMaxScaler(), 'Selector__max_features': 20}",0.2966101694915254,0.07692307692307693,0.07692307692307693,0.1501521077792264,0.10356148859620448,437
347,0.0364986260732015,0.0015039086959158403,0.01621588071187337,0.002105531480369428,0.01,poly,30,MinMaxScaler(),4,0.001,2.0,5.0,"{'Classifier__SVC__C': 0.01, 'Classifier__SVC__coef0': 2, 'Classifier__SVC__degree': 5, 'Classifier__SVC__gamma': 0.001, 'Classifier__SVC__kernel': 'poly', 'PCA__n_components': 30, 'Scaler': MinMaxScaler(), 'Selector__max_features': 4}",0.2966101694915254,0.07692307692307693,0.07692307692307693,0.1501521077792264,0.10356148859620448,437
348,0.04325453440348307,0.0005094337387404253,0.007722377777099609,0.00022434364834793337,0.01,poly,30,MinMaxScaler(),8,0.001,2.0,5.0,"{'Classifier__SVC__C': 0.01, 'Classifier__SVC__coef0': 2, 'Classifier__SVC__degree': 5, 'Classifier__SVC__gamma': 0.001, 'Classifier__SVC__kernel': 'poly', 'PCA__n_components': 30, 'Scaler': MinMaxScaler(), 'Selector__max_features': 8}",0.2966101694915254,0.07692307692307693,0.07692307692307693,0.1501521077792264,0.10356148859620448,437
349,0.04077665011088053,0.0015490036593148846,0.008539517720540365,0.0008191664849789489,0.01,poly,30,MinMaxScaler(),12,0.001,2.0,5.0,"{'Classifier__SVC__C': 0.01, 'Classifier__SVC__coef0': 2, 'Classifier__SVC__degree': 5, 'Classifier__SVC__gamma': 0.001, 'Classifier__SVC__kernel': 'poly', 'PCA__n_components': 30, 'Scaler': MinMaxScaler(), 'Selector__max_features': 12}",0.2966101694915254,0.07692307692307693,0.07692307692307693,0.1501521077792264,0.10356148859620448,437
350,0.041312615076700844,0.0006385536317559566,0.008364041646321615,0.0004954565753015148,0.01,poly,30,MinMaxScaler(),16,0.001,2.0,5.0,"{'Classifier__SVC__C': 0.01, 'Classifier__SVC__coef0': 2, 'Classifier__SVC__degree': 5, 'Classifier__SVC__gamma': 0.001, 'Classifier__SVC__kernel': 'poly', 'PCA__n_components': 30, 'Scaler': MinMaxScaler(), 'Selector__max_features': 16}",0.2966101694915254,0.07692307692307693,0.07692307692307693,0.1501521077792264,0.10356148859620448,437
351,0.041266679763793945,0.0010440202846136264,0.010906537373860678,0.0006125029856950828,0.01,poly,30,MinMaxScaler(),20,0.001,2.0,5.0,"{'Classifier__SVC__C': 0.01, 'Classifier__SVC__coef0': 2, 'Classifier__SVC__degree': 5, 'Classifier__SVC__gamma': 0.001, 'Classifier__SVC__kernel': 'poly', 'PCA__n_components': 30, 'Scaler': MinMaxScaler(), 'Selector__max_features': 20}",0.2966101694915254,0.07692307692307693,0.07692307692307693,0.1501521077792264,0.10356148859620448,437
352,0.0339966615041097,0.002275847766693869,0.009782632191975912,0.000619357484973148,0.01,poly,40,MinMaxScaler(),4,0.001,2.0,5.0,"{'Classifier__SVC__C': 0.01, 'Classifier__SVC__coef0': 2, 'Classifier__SVC__degree': 5, 'Classifier__SVC__gamma': 0.001, 'Classifier__SVC__kernel': 'poly', 'PCA__n_components': 40, 'Scaler': MinMaxScaler(), 'Selector__max_features': 4}",0.2966101694915254,0.07692307692307693,0.07692307692307693,0.1501521077792264,0.10356148859620448,437
353,0.03457498550415039,0.0012496946901871342,0.012413342793782553,0.0010362018945204387,0.01,poly,40,MinMaxScaler(),8,0.001,2.0,5.0,"{'Classifier__SVC__C': 0.01, 'Classifier__SVC__coef0': 2, 'Classifier__SVC__degree': 5, 'Classifier__SVC__gamma': 0.001, 'Classifier__SVC__kernel': 'poly', 'PCA__n_components': 40, 'Scaler': MinMaxScaler(), 'Selector__max_features': 8}",0.2966101694915254,0.07692307692307693,0.07692307692307693,0.1501521077792264,0.10356148859620448,437
354,0.03491767247517904,0.0049839146463930084,0.009853283564249674,0.0006968199282206243,0.01,poly,40,MinMaxScaler(),12,0.001,2.0,5.0,"{'Classifier__SVC__C': 0.01, 'Classifier__SVC__coef0': 2, 'Classifier__SVC__degree': 5, 'Classifier__SVC__gamma': 0.001, 'Classifier__SVC__kernel': 'poly', 'PCA__n_components': 40, 'Scaler': MinMaxScaler(), 'Selector__max_features': 12}",0.2966101694915254,0.07692307692307693,0.07692307692307693,0.1501521077792264,0.10356148859620448,437
355,0.033922433853149414,0.0018881540167293579,0.010567188262939453,0.0003131684078430996,0.01,poly,40,MinMaxScaler(),16,0.001,2.0,5.0,"{'Classifier__SVC__C': 0.01, 'Classifier__SVC__coef0': 2, 'Classifier__SVC__degree': 5, 'Classifier__SVC__gamma': 0.001, 'Classifier__SVC__kernel': 'poly', 'PCA__n_components': 40, 'Scaler': MinMaxScaler(), 'Selector__max_features': 16}",0.2966101694915254,0.07692307692307693,0.07692307692307693,0.1501521077792264,0.10356148859620448,437
356,0.03324246406555176,0.0018807806232798289,0.010109980901082357,0.00038101329584367647,0.01,poly,40,MinMaxScaler(),20,0.001,2.0,5.0,"{'Classifier__SVC__C': 0.01, 'Classifier__SVC__coef0': 2, 'Classifier__SVC__degree': 5, 'Classifier__SVC__gamma': 0.001, 'Classifier__SVC__kernel': 'poly', 'PCA__n_components': 40, 'Scaler': MinMaxScaler(), 'Selector__max_features': 20}",0.2966101694915254,0.07692307692307693,0.07692307692307693,0.1501521077792264,0.10356148859620448,437
357,0.033397515614827476,0.0008043383388034469,0.008939504623413086,0.0002834322635449239,0.01,poly,30,MinMaxScaler(),4,0.01,2.0,5.0,"{'Classifier__SVC__C': 0.01, 'Classifier__SVC__coef0': 2, 'Classifier__SVC__degree': 5, 'Classifier__SVC__gamma': 0.01, 'Classifier__SVC__kernel': 'poly', 'PCA__n_components': 30, 'Scaler': MinMaxScaler(), 'Selector__max_features': 4}",0.2966101694915254,0.07692307692307693,0.07692307692307693,0.1501521077792264,0.10356148859620448,437
358,0.035523176193237305,0.0013073711861763908,0.008293946584065756,0.0005784937272846999,0.01,poly,30,MinMaxScaler(),8,0.01,2.0,5.0,"{'Classifier__SVC__C': 0.01, 'Classifier__SVC__coef0': 2, 'Classifier__SVC__degree': 5, 'Classifier__SVC__gamma': 0.01, 'Classifier__SVC__kernel': 'poly', 'PCA__n_components': 30, 'Scaler': MinMaxScaler(), 'Selector__max_features': 8}",0.2966101694915254,0.07692307692307693,0.07692307692307693,0.1501521077792264,0.10356148859620448,437
359,0.03274703025817871,0.000639583512916974,0.009234984715779623,0.0004146327509726132,0.01,poly,30,MinMaxScaler(),12,0.01,2.0,5.0,"{'Classifier__SVC__C': 0.01, 'Classifier__SVC__coef0': 2, 'Classifier__SVC__degree': 5, 'Classifier__SVC__gamma': 0.01, 'Classifier__SVC__kernel': 'poly', 'PCA__n_components': 30, 'Scaler': MinMaxScaler(), 'Selector__max_features': 12}",0.2966101694915254,0.07692307692307693,0.07692307692307693,0.1501521077792264,0.10356148859620448,437
360,0.03515974680582682,0.0011256322351018437,0.009863853454589844,0.0001414451250099759,0.01,poly,30,MinMaxScaler(),16,0.01,2.0,5.0,"{'Classifier__SVC__C': 0.01, 'Classifier__SVC__coef0': 2, 'Classifier__SVC__degree': 5, 'Classifier__SVC__gamma': 0.01, 'Classifier__SVC__kernel': 'poly', 'PCA__n_components': 30, 'Scaler': MinMaxScaler(), 'Selector__max_features': 16}",0.2966101694915254,0.07692307692307693,0.07692307692307693,0.1501521077792264,0.10356148859620448,437
361,0.03828509648640951,0.0052420077322002144,0.023770650227864582,0.02046565503587643,0.01,poly,30,MinMaxScaler(),20,0.01,2.0,5.0,"{'Classifier__SVC__C': 0.01, 'Classifier__SVC__coef0': 2, 'Classifier__SVC__degree': 5, 'Classifier__SVC__gamma': 0.01, 'Classifier__SVC__kernel': 'poly', 'PCA__n_components': 30, 'Scaler': MinMaxScaler(), 'Selector__max_features': 20}",0.2966101694915254,0.07692307692307693,0.07692307692307693,0.1501521077792264,0.10356148859620448,437
362,0.1059563159942627,0.046201895947509786,0.019939502080281574,0.012425983609710433,0.01,poly,40,MinMaxScaler(),4,0.01,2.0,5.0,"{'Classifier__SVC__C': 0.01, 'Classifier__SVC__coef0': 2, 'Classifier__SVC__degree': 5, 'Classifier__SVC__gamma': 0.01, 'Classifier__SVC__kernel': 'poly', 'PCA__n_components': 40, 'Scaler': MinMaxScaler(), 'Selector__max_features': 4}",0.2966101694915254,0.07692307692307693,0.07692307692307693,0.1501521077792264,0.10356148859620448,437
363,0.07497040430704753,0.0026991518327101095,0.05504131317138672,0.0028454027607453677,0.01,poly,40,MinMaxScaler(),8,0.01,2.0,5.0,"{'Classifier__SVC__C': 0.01, 'Classifier__SVC__coef0': 2, 'Classifier__SVC__degree': 5, 'Classifier__SVC__gamma': 0.01, 'Classifier__SVC__kernel': 'poly', 'PCA__n_components': 40, 'Scaler': MinMaxScaler(), 'Selector__max_features': 8}",0.2966101694915254,0.07692307692307693,0.07692307692307693,0.1501521077792264,0.10356148859620448,437
364,0.0932306448618571,0.03160910590587398,0.04053187370300293,0.0217912597676785,0.01,poly,40,MinMaxScaler(),12,0.01,2.0,5.0,"{'Classifier__SVC__C': 0.01, 'Classifier__SVC__coef0': 2, 'Classifier__SVC__degree': 5, 'Classifier__SVC__gamma': 0.01, 'Classifier__SVC__kernel': 'poly', 'PCA__n_components': 40, 'Scaler': MinMaxScaler(), 'Selector__max_features': 12}",0.2966101694915254,0.07692307692307693,0.07692307692307693,0.1501521077792264,0.10356148859620448,437
365,0.13085134824117026,0.011975525478789434,0.010476509730021158,0.003026853399579327,0.01,poly,40,MinMaxScaler(),16,0.01,2.0,5.0,"{'Classifier__SVC__C': 0.01, 'Classifier__SVC__coef0': 2, 'Classifier__SVC__degree': 5, 'Classifier__SVC__gamma': 0.01, 'Classifier__SVC__kernel': 'poly', 'PCA__n_components': 40, 'Scaler': MinMaxScaler(), 'Selector__max_features': 16}",0.2966101694915254,0.07692307692307693,0.07692307692307693,0.1501521077792264,0.10356148859620448,437
366,0.12633458773295084,0.0023548348540032805,0.008444786071777344,0.000488326766269382,0.01,poly,40,MinMaxScaler(),20,0.01,2.0,5.0,"{'Classifier__SVC__C': 0.01, 'Classifier__SVC__coef0': 2, 'Classifier__SVC__degree': 5, 'Classifier__SVC__gamma': 0.01, 'Classifier__SVC__kernel': 'poly', 'PCA__n_components': 40, 'Scaler': MinMaxScaler(), 'Selector__max_features': 20}",0.2966101694915254,0.07692307692307693,0.07692307692307693,0.1501521077792264,0.10356148859620448,437
367,0.05127429962158203,0.008212534808939293,0.00854039192199707,0.00020182467180151928,0.01,poly,30,MinMaxScaler(),4,0.001,4.0,3.0,"{'Classifier__SVC__C': 0.01, 'Classifier__SVC__coef0': 4, 'Classifier__SVC__degree': 3, 'Classifier__SVC__gamma': 0.001, 'Classifier__SVC__kernel': 'poly', 'PCA__n_components': 30, 'Scaler': MinMaxScaler(), 'Selector__max_features': 4}",0.2966101694915254,0.07692307692307693,0.07692307692307693,0.1501521077792264,0.10356148859620448,437
368,0.051756064097086586,0.005444364273066407,0.008617321650187174,0.0002923349055416358,0.01,poly,30,MinMaxScaler(),8,0.001,4.0,3.0,"{'Classifier__SVC__C': 0.01, 'Classifier__SVC__coef0': 4, 'Classifier__SVC__degree': 3, 'Classifier__SVC__gamma': 0.001, 'Classifier__SVC__kernel': 'poly', 'PCA__n_components': 30, 'Scaler': MinMaxScaler(), 'Selector__max_features': 8}",0.2966101694915254,0.07692307692307693,0.07692307692307693,0.1501521077792264,0.10356148859620448,437
369,0.04384922981262207,0.0049506179476521885,0.008452415466308594,0.0007197257343696806,0.01,poly,30,MinMaxScaler(),12,0.001,4.0,3.0,"{'Classifier__SVC__C': 0.01, 'Classifier__SVC__coef0': 4, 'Classifier__SVC__degree': 3, 'Classifier__SVC__gamma': 0.001, 'Classifier__SVC__kernel': 'poly', 'PCA__n_components': 30, 'Scaler': MinMaxScaler(), 'Selector__max_features': 12}",0.2966101694915254,0.07692307692307693,0.07692307692307693,0.1501521077792264,0.10356148859620448,437
370,0.030873537063598633,0.0019387028517788376,0.009116331736246744,0.0004258819379813477,0.01,poly,30,MinMaxScaler(),16,0.001,4.0,3.0,"{'Classifier__SVC__C': 0.01, 'Classifier__SVC__coef0': 4, 'Classifier__SVC__degree': 3, 'Classifier__SVC__gamma': 0.001, 'Classifier__SVC__kernel': 'poly', 'PCA__n_components': 30, 'Scaler': MinMaxScaler(), 'Selector__max_features': 16}",0.2966101694915254,0.07692307692307693,0.07692307692307693,0.1501521077792264,0.10356148859620448,437
371,0.03965139389038086,0.00501048089796038,0.013446648915608725,0.0022386272277111806,0.01,poly,30,MinMaxScaler(),20,0.001,4.0,3.0,"{'Classifier__SVC__C': 0.01, 'Classifier__SVC__coef0': 4, 'Classifier__SVC__degree': 3, 'Classifier__SVC__gamma': 0.001, 'Classifier__SVC__kernel': 'poly', 'PCA__n_components': 30, 'Scaler': MinMaxScaler(), 'Selector__max_features': 20}",0.2966101694915254,0.07692307692307693,0.07692307692307693,0.1501521077792264,0.10356148859620448,437
372,0.03496249516805013,0.0027015165069752467,0.01748800277709961,0.0048529098174430576,0.01,poly,40,MinMaxScaler(),4,0.001,4.0,3.0,"{'Classifier__SVC__C': 0.01, 'Classifier__SVC__coef0': 4, 'Classifier__SVC__degree': 3, 'Classifier__SVC__gamma': 0.001, 'Classifier__SVC__kernel': 'poly', 'PCA__n_components': 40, 'Scaler': MinMaxScaler(), 'Selector__max_features': 4}",0.2966101694915254,0.07692307692307693,0.07692307692307693,0.1501521077792264,0.10356148859620448,437
373,0.04321026802062988,0.0007196999076823903,0.008634090423583984,0.00047204667017084606,0.01,poly,40,MinMaxScaler(),8,0.001,4.0,3.0,"{'Classifier__SVC__C': 0.01, 'Classifier__SVC__coef0': 4, 'Classifier__SVC__degree': 3, 'Classifier__SVC__gamma': 0.001, 'Classifier__SVC__kernel': 'poly', 'PCA__n_components': 40, 'Scaler': MinMaxScaler(), 'Selector__max_features': 8}",0.2966101694915254,0.07692307692307693,0.07692307692307693,0.1501521077792264,0.10356148859620448,437
374,0.050571044286092125,0.009006091043727026,0.015100399653116861,0.007815896959873751,0.01,poly,40,MinMaxScaler(),12,0.001,4.0,3.0,"{'Classifier__SVC__C': 0.01, 'Classifier__SVC__coef0': 4, 'Classifier__SVC__degree': 3, 'Classifier__SVC__gamma': 0.001, 'Classifier__SVC__kernel': 'poly', 'PCA__n_components': 40, 'Scaler': MinMaxScaler(), 'Selector__max_features': 12}",0.2966101694915254,0.07692307692307693,0.07692307692307693,0.1501521077792264,0.10356148859620448,437
375,0.05439575513203939,0.007511553050256899,0.013115167617797852,0.006423728305167367,0.01,poly,40,MinMaxScaler(),16,0.001,4.0,3.0,"{'Classifier__SVC__C': 0.01, 'Classifier__SVC__coef0': 4, 'Classifier__SVC__degree': 3, 'Classifier__SVC__gamma': 0.001, 'Classifier__SVC__kernel': 'poly', 'PCA__n_components': 40, 'Scaler': MinMaxScaler(), 'Selector__max_features': 16}",0.2966101694915254,0.07692307692307693,0.07692307692307693,0.1501521077792264,0.10356148859620448,437
376,0.05107696851094564,0.003790830647756248,0.011188507080078125,0.002734803824066415,0.01,poly,40,MinMaxScaler(),20,0.001,4.0,3.0,"{'Classifier__SVC__C': 0.01, 'Classifier__SVC__coef0': 4, 'Classifier__SVC__degree': 3, 'Classifier__SVC__gamma': 0.001, 'Classifier__SVC__kernel': 'poly', 'PCA__n_components': 40, 'Scaler': MinMaxScaler(), 'Selector__max_features': 20}",0.2966101694915254,0.07692307692307693,0.07692307692307693,0.1501521077792264,0.10356148859620448,437
377,0.050458033879597984,0.0017423629905739195,0.008490244547526041,0.0003122284861453338,0.01,poly,30,MinMaxScaler(),4,0.01,4.0,3.0,"{'Classifier__SVC__C': 0.01, 'Classifier__SVC__coef0': 4, 'Classifier__SVC__degree': 3, 'Classifier__SVC__gamma': 0.01, 'Classifier__SVC__kernel': 'poly', 'PCA__n_components': 30, 'Scaler': MinMaxScaler(), 'Selector__max_features': 4}",0.2966101694915254,0.07692307692307693,0.07692307692307693,0.1501521077792264,0.10356148859620448,437
378,0.045619964599609375,0.0042531227947514745,0.008582592010498047,0.0004787885552541745,0.01,poly,30,MinMaxScaler(),8,0.01,4.0,3.0,"{'Classifier__SVC__C': 0.01, 'Classifier__SVC__coef0': 4, 'Classifier__SVC__degree': 3, 'Classifier__SVC__gamma': 0.01, 'Classifier__SVC__kernel': 'poly', 'PCA__n_components': 30, 'Scaler': MinMaxScaler(), 'Selector__max_features': 8}",0.2966101694915254,0.07692307692307693,0.07692307692307693,0.1501521077792264,0.10356148859620448,437
379,0.04314033190409342,0.0011358347576231101,0.008976618448893229,0.0006634686109014944,0.01,poly,30,MinMaxScaler(),12,0.01,4.0,3.0,"{'Classifier__SVC__C': 0.01, 'Classifier__SVC__coef0': 4, 'Classifier__SVC__degree': 3, 'Classifier__SVC__gamma': 0.01, 'Classifier__SVC__kernel': 'poly', 'PCA__n_components': 30, 'Scaler': MinMaxScaler(), 'Selector__max_features': 12}",0.2966101694915254,0.07692307692307693,0.07692307692307693,0.1501521077792264,0.10356148859620448,437
380,0.036237875620524086,0.005298717884082841,0.02003796895345052,0.006800894300756803,0.01,poly,30,MinMaxScaler(),16,0.01,4.0,3.0,"{'Classifier__SVC__C': 0.01, 'Classifier__SVC__coef0': 4, 'Classifier__SVC__degree': 3, 'Classifier__SVC__gamma': 0.01, 'Classifier__SVC__kernel': 'poly', 'PCA__n_components': 30, 'Scaler': MinMaxScaler(), 'Selector__max_features': 16}",0.2966101694915254,0.07692307692307693,0.07692307692307693,0.1501521077792264,0.10356148859620448,437
381,0.029838403065999348,0.0013090996933646946,0.023153305053710938,0.005469843773194352,0.01,poly,30,MinMaxScaler(),20,0.01,4.0,3.0,"{'Classifier__SVC__C': 0.01, 'Classifier__SVC__coef0': 4, 'Classifier__SVC__degree': 3, 'Classifier__SVC__gamma': 0.01, 'Classifier__SVC__kernel': 'poly', 'PCA__n_components': 30, 'Scaler': MinMaxScaler(), 'Selector__max_features': 20}",0.2966101694915254,0.07692307692307693,0.07692307692307693,0.1501521077792264,0.10356148859620448,437
382,0.04392870267232259,0.008155491962638263,0.013946851094563803,0.008360574154748036,0.01,poly,40,MinMaxScaler(),4,0.01,4.0,3.0,"{'Classifier__SVC__C': 0.01, 'Classifier__SVC__coef0': 4, 'Classifier__SVC__degree': 3, 'Classifier__SVC__gamma': 0.01, 'Classifier__SVC__kernel': 'poly', 'PCA__n_components': 40, 'Scaler': MinMaxScaler(), 'Selector__max_features': 4}",0.2966101694915254,0.07692307692307693,0.07692307692307693,0.1501521077792264,0.10356148859620448,437
383,0.04308303197224935,0.010275249416858995,0.007663567860921224,0.0010942870366494645,0.01,poly,40,MinMaxScaler(),8,0.01,4.0,3.0,"{'Classifier__SVC__C': 0.01, 'Classifier__SVC__coef0': 4, 'Classifier__SVC__degree': 3, 'Classifier__SVC__gamma': 0.01, 'Classifier__SVC__kernel': 'poly', 'PCA__n_components': 40, 'Scaler': MinMaxScaler(), 'Selector__max_features': 8}",0.2966101694915254,0.07692307692307693,0.07692307692307693,0.1501521077792264,0.10356148859620448,437
384,0.028133074442545574,0.0010679491149018713,0.010749022165934244,0.0011086106778844468,0.01,poly,40,MinMaxScaler(),12,0.01,4.0,3.0,"{'Classifier__SVC__C': 0.01, 'Classifier__SVC__coef0': 4, 'Classifier__SVC__degree': 3, 'Classifier__SVC__gamma': 0.01, 'Classifier__SVC__kernel': 'poly', 'PCA__n_components': 40, 'Scaler': MinMaxScaler(), 'Selector__max_features': 12}",0.2966101694915254,0.07692307692307693,0.07692307692307693,0.1501521077792264,0.10356148859620448,437
385,0.02931046485900879,0.0005175843864370885,0.009755134582519531,0.0007285708471214624,0.01,poly,40,MinMaxScaler(),16,0.01,4.0,3.0,"{'Classifier__SVC__C': 0.01, 'Classifier__SVC__coef0': 4, 'Classifier__SVC__degree': 3, 'Classifier__SVC__gamma': 0.01, 'Classifier__SVC__kernel': 'poly', 'PCA__n_components': 40, 'Scaler': MinMaxScaler(), 'Selector__max_features': 16}",0.2966101694915254,0.07692307692307693,0.07692307692307693,0.1501521077792264,0.10356148859620448,437
386,0.029874483744303387,0.0009392164830201359,0.011349121729532877,0.0012373404276544836,0.01,poly,40,MinMaxScaler(),20,0.01,4.0,3.0,"{'Classifier__SVC__C': 0.01, 'Classifier__SVC__coef0': 4, 'Classifier__SVC__degree': 3, 'Classifier__SVC__gamma': 0.01, 'Classifier__SVC__kernel': 'poly', 'PCA__n_components': 40, 'Scaler': MinMaxScaler(), 'Selector__max_features': 20}",0.2966101694915254,0.07692307692307693,0.07692307692307693,0.1501521077792264,0.10356148859620448,437
387,0.0308992862701416,0.0009257805604293847,0.011943419774373373,0.0015428825572708004,0.01,poly,30,MinMaxScaler(),4,0.001,4.0,5.0,"{'Classifier__SVC__C': 0.01, 'Classifier__SVC__coef0': 4, 'Classifier__SVC__degree': 5, 'Classifier__SVC__gamma': 0.001, 'Classifier__SVC__kernel': 'poly', 'PCA__n_components': 30, 'Scaler': MinMaxScaler(), 'Selector__max_features': 4}",0.2966101694915254,0.07692307692307693,0.07692307692307693,0.1501521077792264,0.10356148859620448,437
388,0.03201150894165039,0.0009188698023014716,0.011062145233154297,0.00018376025950749797,0.01,poly,30,MinMaxScaler(),8,0.001,4.0,5.0,"{'Classifier__SVC__C': 0.01, 'Classifier__SVC__coef0': 4, 'Classifier__SVC__degree': 5, 'Classifier__SVC__gamma': 0.001, 'Classifier__SVC__kernel': 'poly', 'PCA__n_components': 30, 'Scaler': MinMaxScaler(), 'Selector__max_features': 8}",0.2966101694915254,0.07692307692307693,0.07692307692307693,0.1501521077792264,0.10356148859620448,437
389,0.03556942939758301,0.0010595877449984697,0.011522293090820312,0.0006824417710883961,0.01,poly,30,MinMaxScaler(),12,0.001,4.0,5.0,"{'Classifier__SVC__C': 0.01, 'Classifier__SVC__coef0': 4, 'Classifier__SVC__degree': 5, 'Classifier__SVC__gamma': 0.001, 'Classifier__SVC__kernel': 'poly', 'PCA__n_components': 30, 'Scaler': MinMaxScaler(), 'Selector__max_features': 12}",0.2966101694915254,0.07692307692307693,0.07692307692307693,0.1501521077792264,0.10356148859620448,437
390,0.03629914919535319,0.0008455878809812492,0.010454575220743815,0.0001747468134941156,0.01,poly,30,MinMaxScaler(),16,0.001,4.0,5.0,"{'Classifier__SVC__C': 0.01, 'Classifier__SVC__coef0': 4, 'Classifier__SVC__degree': 5, 'Classifier__SVC__gamma': 0.001, 'Classifier__SVC__kernel': 'poly', 'PCA__n_components': 30, 'Scaler': MinMaxScaler(), 'Selector__max_features': 16}",0.2966101694915254,0.07692307692307693,0.07692307692307693,0.1501521077792264,0.10356148859620448,437
391,0.037548065185546875,0.0010266722042965401,0.00957187016805013,0.0004029065345563929,0.01,poly,30,MinMaxScaler(),20,0.001,4.0,5.0,"{'Classifier__SVC__C': 0.01, 'Classifier__SVC__coef0': 4, 'Classifier__SVC__degree': 5, 'Classifier__SVC__gamma': 0.001, 'Classifier__SVC__kernel': 'poly', 'PCA__n_components': 30, 'Scaler': MinMaxScaler(), 'Selector__max_features': 20}",0.2966101694915254,0.07692307692307693,0.07692307692307693,0.1501521077792264,0.10356148859620448,437
392,0.037293593088785805,0.0010672854554818513,0.009546200434366861,0.0006781708904392923,0.01,poly,40,MinMaxScaler(),4,0.001,4.0,5.0,"{'Classifier__SVC__C': 0.01, 'Classifier__SVC__coef0': 4, 'Classifier__SVC__degree': 5, 'Classifier__SVC__gamma': 0.001, 'Classifier__SVC__kernel': 'poly', 'PCA__n_components': 40, 'Scaler': MinMaxScaler(), 'Selector__max_features': 4}",0.2966101694915254,0.07692307692307693,0.07692307692307693,0.1501521077792264,0.10356148859620448,437
393,0.03772433598836263,0.0017806158136200892,0.011717001597086588,0.002714606708367152,0.01,poly,40,MinMaxScaler(),8,0.001,4.0,5.0,"{'Classifier__SVC__C': 0.01, 'Classifier__SVC__coef0': 4, 'Classifier__SVC__degree': 5, 'Classifier__SVC__gamma': 0.001, 'Classifier__SVC__kernel': 'poly', 'PCA__n_components': 40, 'Scaler': MinMaxScaler(), 'Selector__max_features': 8}",0.2966101694915254,0.07692307692307693,0.07692307692307693,0.1501521077792264,0.10356148859620448,437
394,0.04004677136739095,0.002612252078656638,0.010285456975301107,0.0020219069416576078,0.01,poly,40,MinMaxScaler(),12,0.001,4.0,5.0,"{'Classifier__SVC__C': 0.01, 'Classifier__SVC__coef0': 4, 'Classifier__SVC__degree': 5, 'Classifier__SVC__gamma': 0.001, 'Classifier__SVC__kernel': 'poly', 'PCA__n_components': 40, 'Scaler': MinMaxScaler(), 'Selector__max_features': 12}",0.2966101694915254,0.07692307692307693,0.07692307692307693,0.1501521077792264,0.10356148859620448,437
395,0.03706526756286621,0.0010789113963355073,0.009686867396036783,0.0008254897850220811,0.01,poly,40,MinMaxScaler(),16,0.001,4.0,5.0,"{'Classifier__SVC__C': 0.01, 'Classifier__SVC__coef0': 4, 'Classifier__SVC__degree': 5, 'Classifier__SVC__gamma': 0.001, 'Classifier__SVC__kernel': 'poly', 'PCA__n_components': 40, 'Scaler': MinMaxScaler(), 'Selector__max_features': 16}",0.2966101694915254,0.07692307692307693,0.07692307692307693,0.1501521077792264,0.10356148859620448,437
396,0.03608290354410807,0.0016597767494371854,0.008794387181599935,0.0005609549678428968,0.01,poly,40,MinMaxScaler(),20,0.001,4.0,5.0,"{'Classifier__SVC__C': 0.01, 'Classifier__SVC__coef0': 4, 'Classifier__SVC__degree': 5, 'Classifier__SVC__gamma': 0.001, 'Classifier__SVC__kernel': 'poly', 'PCA__n_components': 40, 'Scaler': MinMaxScaler(), 'Selector__max_features': 20}",0.2966101694915254,0.07692307692307693,0.07692307692307693,0.1501521077792264,0.10356148859620448,437
397,0.035434325536092125,0.0010801189546195188,0.011506477991739908,0.0017472853448402652,0.01,poly,30,MinMaxScaler(),4,0.01,4.0,5.0,"{'Classifier__SVC__C': 0.01, 'Classifier__SVC__coef0': 4, 'Classifier__SVC__degree': 5, 'Classifier__SVC__gamma': 0.01, 'Classifier__SVC__kernel': 'poly', 'PCA__n_components': 30, 'Scaler': MinMaxScaler(), 'Selector__max_features': 4}",0.2711864406779661,0.07692307692307693,0.07692307692307693,0.14167753150804,0.0915766278981274,613
398,0.037136236826578774,0.0030263738155171934,0.012936751047770182,0.0040880361386618986,0.01,poly,30,MinMaxScaler(),8,0.01,4.0,5.0,"{'Classifier__SVC__C': 0.01, 'Classifier__SVC__coef0': 4, 'Classifier__SVC__degree': 5, 'Classifier__SVC__gamma': 0.01, 'Classifier__SVC__kernel': 'poly', 'PCA__n_components': 30, 'Scaler': MinMaxScaler(), 'Selector__max_features': 8}",0.2796610169491525,0.08547008547008547,0.18803418803418803,0.184388430151142,0.07932001903716056,265
399,0.03658191363016764,0.0021345938835707727,0.013574043909708658,0.004264765897087634,0.01,poly,30,MinMaxScaler(),12,0.01,4.0,5.0,"{'Classifier__SVC__C': 0.01, 'Classifier__SVC__coef0': 4, 'Classifier__SVC__degree': 5, 'Classifier__SVC__gamma': 0.01, 'Classifier__SVC__kernel': 'poly', 'PCA__n_components': 30, 'Scaler': MinMaxScaler(), 'Selector__max_features': 12}",0.2457627118644068,0.1282051282051282,0.24786324786324787,0.20727702931092762,0.055918853238328604,212
400,0.036473989486694336,0.0011497311393099277,0.01721334457397461,0.0013227011106325417,0.01,poly,30,MinMaxScaler(),16,0.01,4.0,5.0,"{'Classifier__SVC__C': 0.01, 'Classifier__SVC__coef0': 4, 'Classifier__SVC__degree': 5, 'Classifier__SVC__gamma': 0.01, 'Classifier__SVC__kernel': 'poly', 'PCA__n_components': 30, 'Scaler': MinMaxScaler(), 'Selector__max_features': 16}",0.2457627118644068,0.1282051282051282,0.1623931623931624,0.17878700082089913,0.04937283208910291,292
401,0.04091461499532064,0.0028066430530557735,0.00917975107828776,0.0013179673864828466,0.01,poly,30,MinMaxScaler(),20,0.01,4.0,5.0,"{'Classifier__SVC__C': 0.01, 'Classifier__SVC__coef0': 4, 'Classifier__SVC__degree': 5, 'Classifier__SVC__gamma': 0.01, 'Classifier__SVC__kernel': 'poly', 'PCA__n_components': 30, 'Scaler': MinMaxScaler(), 'Selector__max_features': 20}",0.2457627118644068,0.1282051282051282,0.1623931623931624,0.17878700082089913,0.04937283208910291,292
402,0.04133812586466471,0.0014976208131680996,0.008288701375325521,0.0008342785929757144,0.01,poly,40,MinMaxScaler(),4,0.01,4.0,5.0,"{'Classifier__SVC__C': 0.01, 'Classifier__SVC__coef0': 4, 'Classifier__SVC__degree': 5, 'Classifier__SVC__gamma': 0.01, 'Classifier__SVC__kernel': 'poly', 'PCA__n_components': 40, 'Scaler': MinMaxScaler(), 'Selector__max_features': 4}",0.2966101694915254,0.07692307692307693,0.07692307692307693,0.1501521077792264,0.10356148859620448,437
403,0.0408936341603597,0.0004794080227259397,0.008530616760253906,0.00040695786389825344,0.01,poly,40,MinMaxScaler(),8,0.01,4.0,5.0,"{'Classifier__SVC__C': 0.01, 'Classifier__SVC__coef0': 4, 'Classifier__SVC__degree': 5, 'Classifier__SVC__gamma': 0.01, 'Classifier__SVC__kernel': 'poly', 'PCA__n_components': 40, 'Scaler': MinMaxScaler(), 'Selector__max_features': 8}",0.2796610169491525,0.08547008547008547,0.09401709401709402,0.15304939881211066,0.08959590475847928,413
404,0.040853261947631836,0.0008698831816423015,0.010397036870320639,0.00019275158718982203,0.01,poly,40,MinMaxScaler(),12,0.01,4.0,5.0,"{'Classifier__SVC__C': 0.01, 'Classifier__SVC__coef0': 4, 'Classifier__SVC__degree': 5, 'Classifier__SVC__gamma': 0.01, 'Classifier__SVC__kernel': 'poly', 'PCA__n_components': 40, 'Scaler': MinMaxScaler(), 'Selector__max_features': 12}",0.2796610169491525,0.08547008547008547,0.18803418803418803,0.184388430151142,0.07932001903716056,265
405,0.038009087244669594,0.0030757060780053917,0.010366996129353842,0.0010332624847914438,0.01,poly,40,MinMaxScaler(),16,0.01,4.0,5.0,"{'Classifier__SVC__C': 0.01, 'Classifier__SVC__coef0': 4, 'Classifier__SVC__degree': 5, 'Classifier__SVC__gamma': 0.01, 'Classifier__SVC__kernel': 'poly', 'PCA__n_components': 40, 'Scaler': MinMaxScaler(), 'Selector__max_features': 16}",0.2711864406779661,0.11965811965811966,0.1623931623931624,0.18441257424308274,0.06379053687100053,264
406,0.03480736414591471,0.001036021928090524,0.009503046671549479,0.00033654234813126606,0.01,poly,40,MinMaxScaler(),20,0.01,4.0,5.0,"{'Classifier__SVC__C': 0.01, 'Classifier__SVC__coef0': 4, 'Classifier__SVC__degree': 5, 'Classifier__SVC__gamma': 0.01, 'Classifier__SVC__kernel': 'poly', 'PCA__n_components': 40, 'Scaler': MinMaxScaler(), 'Selector__max_features': 20}",0.288135593220339,0.13675213675213677,0.18803418803418803,0.20430730600222127,0.06286413126400017,216
407,0.03403123219807943,0.001055511413388058,0.009694814682006836,0.00041419343850625695,0.01,poly,30,MinMaxScaler(),4,0.001,6.0,3.0,"{'Classifier__SVC__C': 0.01, 'Classifier__SVC__coef0': 6, 'Classifier__SVC__degree': 3, 'Classifier__SVC__gamma': 0.001, 'Classifier__SVC__kernel': 'poly', 'PCA__n_components': 30, 'Scaler': MinMaxScaler(), 'Selector__max_features': 4}",0.2966101694915254,0.07692307692307693,0.07692307692307693,0.1501521077792264,0.10356148859620448,437
408,0.03378558158874512,0.0017046527591074718,0.009774128595987955,0.0009780559819692895,0.01,poly,30,MinMaxScaler(),8,0.001,6.0,3.0,"{'Classifier__SVC__C': 0.01, 'Classifier__SVC__coef0': 6, 'Classifier__SVC__degree': 3, 'Classifier__SVC__gamma': 0.001, 'Classifier__SVC__kernel': 'poly', 'PCA__n_components': 30, 'Scaler': MinMaxScaler(), 'Selector__max_features': 8}",0.2966101694915254,0.07692307692307693,0.07692307692307693,0.1501521077792264,0.10356148859620448,437
409,0.033164262771606445,0.0014439414933968729,0.011215845743815104,0.0003820211841917083,0.01,poly,30,MinMaxScaler(),12,0.001,6.0,3.0,"{'Classifier__SVC__C': 0.01, 'Classifier__SVC__coef0': 6, 'Classifier__SVC__degree': 3, 'Classifier__SVC__gamma': 0.001, 'Classifier__SVC__kernel': 'poly', 'PCA__n_components': 30, 'Scaler': MinMaxScaler(), 'Selector__max_features': 12}",0.2966101694915254,0.07692307692307693,0.07692307692307693,0.1501521077792264,0.10356148859620448,437
410,0.03438687324523926,0.0013210775547707841,0.010491689046223959,0.0005406853408600252,0.01,poly,30,MinMaxScaler(),16,0.001,6.0,3.0,"{'Classifier__SVC__C': 0.01, 'Classifier__SVC__coef0': 6, 'Classifier__SVC__degree': 3, 'Classifier__SVC__gamma': 0.001, 'Classifier__SVC__kernel': 'poly', 'PCA__n_components': 30, 'Scaler': MinMaxScaler(), 'Selector__max_features': 16}",0.2966101694915254,0.07692307692307693,0.07692307692307693,0.1501521077792264,0.10356148859620448,437
411,0.03357561429341634,0.0013236606769876458,0.010318915049235025,0.0006856533210531235,0.01,poly,30,MinMaxScaler(),20,0.001,6.0,3.0,"{'Classifier__SVC__C': 0.01, 'Classifier__SVC__coef0': 6, 'Classifier__SVC__degree': 3, 'Classifier__SVC__gamma': 0.001, 'Classifier__SVC__kernel': 'poly', 'PCA__n_components': 30, 'Scaler': MinMaxScaler(), 'Selector__max_features': 20}",0.2966101694915254,0.07692307692307693,0.07692307692307693,0.1501521077792264,0.10356148859620448,437
412,0.03485560417175293,0.0017112662660437568,0.011829535166422525,0.003094987874893389,0.01,poly,40,MinMaxScaler(),4,0.001,6.0,3.0,"{'Classifier__SVC__C': 0.01, 'Classifier__SVC__coef0': 6, 'Classifier__SVC__degree': 3, 'Classifier__SVC__gamma': 0.001, 'Classifier__SVC__kernel': 'poly', 'PCA__n_components': 40, 'Scaler': MinMaxScaler(), 'Selector__max_features': 4}",0.2966101694915254,0.07692307692307693,0.07692307692307693,0.1501521077792264,0.10356148859620448,437
413,0.034373839696248375,0.0009704896783552345,0.01703325907389323,0.00023058041915856135,0.01,poly,40,MinMaxScaler(),8,0.001,6.0,3.0,"{'Classifier__SVC__C': 0.01, 'Classifier__SVC__coef0': 6, 'Classifier__SVC__degree': 3, 'Classifier__SVC__gamma': 0.001, 'Classifier__SVC__kernel': 'poly', 'PCA__n_components': 40, 'Scaler': MinMaxScaler(), 'Selector__max_features': 8}",0.2966101694915254,0.07692307692307693,0.07692307692307693,0.1501521077792264,0.10356148859620448,437
414,0.0424345334370931,0.0019440526509385133,0.01025239626566569,0.00130315513068455,0.01,poly,40,MinMaxScaler(),12,0.001,6.0,3.0,"{'Classifier__SVC__C': 0.01, 'Classifier__SVC__coef0': 6, 'Classifier__SVC__degree': 3, 'Classifier__SVC__gamma': 0.001, 'Classifier__SVC__kernel': 'poly', 'PCA__n_components': 40, 'Scaler': MinMaxScaler(), 'Selector__max_features': 12}",0.2966101694915254,0.07692307692307693,0.07692307692307693,0.1501521077792264,0.10356148859620448,437
415,0.04344034194946289,0.0008422381442939725,0.009035587310791016,0.00040922311046039843,0.01,poly,40,MinMaxScaler(),16,0.001,6.0,3.0,"{'Classifier__SVC__C': 0.01, 'Classifier__SVC__coef0': 6, 'Classifier__SVC__degree': 3, 'Classifier__SVC__gamma': 0.001, 'Classifier__SVC__kernel': 'poly', 'PCA__n_components': 40, 'Scaler': MinMaxScaler(), 'Selector__max_features': 16}",0.2966101694915254,0.07692307692307693,0.07692307692307693,0.1501521077792264,0.10356148859620448,437
416,0.033605098724365234,0.001113139825838586,0.01579745610555013,0.001924220075472209,0.01,poly,40,MinMaxScaler(),20,0.001,6.0,3.0,"{'Classifier__SVC__C': 0.01, 'Classifier__SVC__coef0': 6, 'Classifier__SVC__degree': 3, 'Classifier__SVC__gamma': 0.001, 'Classifier__SVC__kernel': 'poly', 'PCA__n_components': 40, 'Scaler': MinMaxScaler(), 'Selector__max_features': 20}",0.2966101694915254,0.07692307692307693,0.07692307692307693,0.1501521077792264,0.10356148859620448,437
417,0.037348031997680664,0.005935322582167117,0.012626409530639648,0.004893845973830111,0.01,poly,30,MinMaxScaler(),4,0.01,6.0,3.0,"{'Classifier__SVC__C': 0.01, 'Classifier__SVC__coef0': 6, 'Classifier__SVC__degree': 3, 'Classifier__SVC__gamma': 0.01, 'Classifier__SVC__kernel': 'poly', 'PCA__n_components': 30, 'Scaler': MinMaxScaler(), 'Selector__max_features': 4}",0.2966101694915254,0.07692307692307693,0.07692307692307693,0.1501521077792264,0.10356148859620448,437
418,0.04050834973653158,0.0008218929075022644,0.009737491607666016,0.0008173134250527818,0.01,poly,30,MinMaxScaler(),8,0.01,6.0,3.0,"{'Classifier__SVC__C': 0.01, 'Classifier__SVC__coef0': 6, 'Classifier__SVC__degree': 3, 'Classifier__SVC__gamma': 0.01, 'Classifier__SVC__kernel': 'poly', 'PCA__n_components': 30, 'Scaler': MinMaxScaler(), 'Selector__max_features': 8}",0.2966101694915254,0.07692307692307693,0.07692307692307693,0.1501521077792264,0.10356148859620448,437
419,0.03909818331400553,0.0009649004876568605,0.010179360707600912,0.0013915489904353865,0.01,poly,30,MinMaxScaler(),12,0.01,6.0,3.0,"{'Classifier__SVC__C': 0.01, 'Classifier__SVC__coef0': 6, 'Classifier__SVC__degree': 3, 'Classifier__SVC__gamma': 0.01, 'Classifier__SVC__kernel': 'poly', 'PCA__n_components': 30, 'Scaler': MinMaxScaler(), 'Selector__max_features': 12}",0.2966101694915254,0.07692307692307693,0.07692307692307693,0.1501521077792264,0.10356148859620448,437
420,0.041872104008992515,0.0014295168748072594,0.01169292132059733,0.0009431998362200241,0.01,poly,30,MinMaxScaler(),16,0.01,6.0,3.0,"{'Classifier__SVC__C': 0.01, 'Classifier__SVC__coef0': 6, 'Classifier__SVC__degree': 3, 'Classifier__SVC__gamma': 0.01, 'Classifier__SVC__kernel': 'poly', 'PCA__n_components': 30, 'Scaler': MinMaxScaler(), 'Selector__max_features': 16}",0.2966101694915254,0.07692307692307693,0.07692307692307693,0.1501521077792264,0.10356148859620448,437
421,0.041149139404296875,0.001033035486248508,0.010520060857137045,0.001407365658174197,0.01,poly,30,MinMaxScaler(),20,0.01,6.0,3.0,"{'Classifier__SVC__C': 0.01, 'Classifier__SVC__coef0': 6, 'Classifier__SVC__degree': 3, 'Classifier__SVC__gamma': 0.01, 'Classifier__SVC__kernel': 'poly', 'PCA__n_components': 30, 'Scaler': MinMaxScaler(), 'Selector__max_features': 20}",0.2966101694915254,0.07692307692307693,0.07692307692307693,0.1501521077792264,0.10356148859620448,437
422,0.040907065073649086,0.00042730734968810115,0.009234110514322916,0.00021686135384658045,0.01,poly,40,MinMaxScaler(),4,0.01,6.0,3.0,"{'Classifier__SVC__C': 0.01, 'Classifier__SVC__coef0': 6, 'Classifier__SVC__degree': 3, 'Classifier__SVC__gamma': 0.01, 'Classifier__SVC__kernel': 'poly', 'PCA__n_components': 40, 'Scaler': MinMaxScaler(), 'Selector__max_features': 4}",0.2966101694915254,0.07692307692307693,0.07692307692307693,0.1501521077792264,0.10356148859620448,437
423,0.034901698430379234,0.0015643883631729684,0.00988157590230306,0.00045618213420732333,0.01,poly,40,MinMaxScaler(),8,0.01,6.0,3.0,"{'Classifier__SVC__C': 0.01, 'Classifier__SVC__coef0': 6, 'Classifier__SVC__degree': 3, 'Classifier__SVC__gamma': 0.01, 'Classifier__SVC__kernel': 'poly', 'PCA__n_components': 40, 'Scaler': MinMaxScaler(), 'Selector__max_features': 8}",0.2966101694915254,0.07692307692307693,0.07692307692307693,0.1501521077792264,0.10356148859620448,437
424,0.03631512324015299,0.0004162325152966136,0.009859482447306315,0.00046805505467557114,0.01,poly,40,MinMaxScaler(),12,0.01,6.0,3.0,"{'Classifier__SVC__C': 0.01, 'Classifier__SVC__coef0': 6, 'Classifier__SVC__degree': 3, 'Classifier__SVC__gamma': 0.01, 'Classifier__SVC__kernel': 'poly', 'PCA__n_components': 40, 'Scaler': MinMaxScaler(), 'Selector__max_features': 12}",0.2966101694915254,0.07692307692307693,0.07692307692307693,0.1501521077792264,0.10356148859620448,437
425,0.03546460469563802,0.0010315728480341986,0.010682503382364908,0.0008402052568976126,0.01,poly,40,MinMaxScaler(),16,0.01,6.0,3.0,"{'Classifier__SVC__C': 0.01, 'Classifier__SVC__coef0': 6, 'Classifier__SVC__degree': 3, 'Classifier__SVC__gamma': 0.01, 'Classifier__SVC__kernel': 'poly', 'PCA__n_components': 40, 'Scaler': MinMaxScaler(), 'Selector__max_features': 16}",0.2966101694915254,0.07692307692307693,0.07692307692307693,0.1501521077792264,0.10356148859620448,437
426,0.03640063603719076,0.0010905756870054214,0.012172381083170572,0.00520343698139359,0.01,poly,40,MinMaxScaler(),20,0.01,6.0,3.0,"{'Classifier__SVC__C': 0.01, 'Classifier__SVC__coef0': 6, 'Classifier__SVC__degree': 3, 'Classifier__SVC__gamma': 0.01, 'Classifier__SVC__kernel': 'poly', 'PCA__n_components': 40, 'Scaler': MinMaxScaler(), 'Selector__max_features': 20}",0.2966101694915254,0.07692307692307693,0.07692307692307693,0.1501521077792264,0.10356148859620448,437
427,0.047615766525268555,0.00271911154519206,0.008315960566202799,2.8895789722916036e-06,0.01,poly,30,MinMaxScaler(),4,0.001,6.0,5.0,"{'Classifier__SVC__C': 0.01, 'Classifier__SVC__coef0': 6, 'Classifier__SVC__degree': 5, 'Classifier__SVC__gamma': 0.001, 'Classifier__SVC__kernel': 'poly', 'PCA__n_components': 30, 'Scaler': MinMaxScaler(), 'Selector__max_features': 4}",0.2966101694915254,0.07692307692307693,0.07692307692307693,0.1501521077792264,0.10356148859620448,437
428,0.049765427907307945,0.00815324031657646,0.009745597839355469,0.0016845966880686927,0.01,poly,30,MinMaxScaler(),8,0.001,6.0,5.0,"{'Classifier__SVC__C': 0.01, 'Classifier__SVC__coef0': 6, 'Classifier__SVC__degree': 5, 'Classifier__SVC__gamma': 0.001, 'Classifier__SVC__kernel': 'poly', 'PCA__n_components': 30, 'Scaler': MinMaxScaler(), 'Selector__max_features': 8}",0.2966101694915254,0.07692307692307693,0.07692307692307693,0.1501521077792264,0.10356148859620448,437
429,0.04694382349650065,0.003417377565891312,0.016682863235473633,0.002965179524949863,0.01,poly,30,MinMaxScaler(),12,0.001,6.0,5.0,"{'Classifier__SVC__C': 0.01, 'Classifier__SVC__coef0': 6, 'Classifier__SVC__degree': 5, 'Classifier__SVC__gamma': 0.001, 'Classifier__SVC__kernel': 'poly', 'PCA__n_components': 30, 'Scaler': MinMaxScaler(), 'Selector__max_features': 12}",0.2796610169491525,0.07692307692307693,0.10256410256410256,0.15304939881211066,0.09013782755477308,413
430,0.049177328745524086,0.00546164399562193,0.015329360961914062,0.002600617337404657,0.01,poly,30,MinMaxScaler(),16,0.001,6.0,5.0,"{'Classifier__SVC__C': 0.01, 'Classifier__SVC__coef0': 6, 'Classifier__SVC__degree': 5, 'Classifier__SVC__gamma': 0.001, 'Classifier__SVC__kernel': 'poly', 'PCA__n_components': 30, 'Scaler': MinMaxScaler(), 'Selector__max_features': 16}",0.2796610169491525,0.07692307692307693,0.10256410256410256,0.15304939881211066,0.09013782755477308,413
431,0.0548856258392334,0.005895359928061167,0.0147552490234375,0.004012110361573442,0.01,poly,30,MinMaxScaler(),20,0.001,6.0,5.0,"{'Classifier__SVC__C': 0.01, 'Classifier__SVC__coef0': 6, 'Classifier__SVC__degree': 5, 'Classifier__SVC__gamma': 0.001, 'Classifier__SVC__kernel': 'poly', 'PCA__n_components': 30, 'Scaler': MinMaxScaler(), 'Selector__max_features': 20}",0.2796610169491525,0.07692307692307693,0.10256410256410256,0.15304939881211066,0.09013782755477308,413
432,0.04958915710449219,0.003025161104465679,0.01228189468383789,0.004488470779016171,0.01,poly,40,MinMaxScaler(),4,0.001,6.0,5.0,"{'Classifier__SVC__C': 0.01, 'Classifier__SVC__coef0': 6, 'Classifier__SVC__degree': 5, 'Classifier__SVC__gamma': 0.001, 'Classifier__SVC__kernel': 'poly', 'PCA__n_components': 40, 'Scaler': MinMaxScaler(), 'Selector__max_features': 4}",0.2966101694915254,0.07692307692307693,0.07692307692307693,0.1501521077792264,0.10356148859620448,437
433,0.04568560918172201,0.0006894437172275834,0.008917649586995443,0.00022599610910377455,0.01,poly,40,MinMaxScaler(),8,0.001,6.0,5.0,"{'Classifier__SVC__C': 0.01, 'Classifier__SVC__coef0': 6, 'Classifier__SVC__degree': 5, 'Classifier__SVC__gamma': 0.001, 'Classifier__SVC__kernel': 'poly', 'PCA__n_components': 40, 'Scaler': MinMaxScaler(), 'Selector__max_features': 8}",0.2966101694915254,0.07692307692307693,0.07692307692307693,0.1501521077792264,0.10356148859620448,437
434,0.04039843877156576,0.0006227804942573579,0.008384148279825846,0.0014483424340578095,0.01,poly,40,MinMaxScaler(),12,0.001,6.0,5.0,"{'Classifier__SVC__C': 0.01, 'Classifier__SVC__coef0': 6, 'Classifier__SVC__degree': 5, 'Classifier__SVC__gamma': 0.001, 'Classifier__SVC__kernel': 'poly', 'PCA__n_components': 40, 'Scaler': MinMaxScaler(), 'Selector__max_features': 12}",0.2966101694915254,0.07692307692307693,0.07692307692307693,0.1501521077792264,0.10356148859620448,437
435,0.03868579864501953,0.003328357048966358,0.009311834971110025,0.0002256928193155259,0.01,poly,40,MinMaxScaler(),16,0.001,6.0,5.0,"{'Classifier__SVC__C': 0.01, 'Classifier__SVC__coef0': 6, 'Classifier__SVC__degree': 5, 'Classifier__SVC__gamma': 0.001, 'Classifier__SVC__kernel': 'poly', 'PCA__n_components': 40, 'Scaler': MinMaxScaler(), 'Selector__max_features': 16}",0.2966101694915254,0.11965811965811966,0.08547008547008547,0.16724612487324353,0.09253286785573786,337
436,0.03319430351257324,0.0007103988999883178,0.009730100631713867,0.0004727194136414037,0.01,poly,40,MinMaxScaler(),20,0.001,6.0,5.0,"{'Classifier__SVC__C': 0.01, 'Classifier__SVC__coef0': 6, 'Classifier__SVC__degree': 5, 'Classifier__SVC__gamma': 0.001, 'Classifier__SVC__kernel': 'poly', 'PCA__n_components': 40, 'Scaler': MinMaxScaler(), 'Selector__max_features': 20}",0.2966101694915254,0.1452991452991453,0.09401709401709402,0.17864213626925493,0.08600311948866261,294
437,0.03283238410949707,0.0006058200925987936,0.009449481964111328,0.0007631160362852341,0.01,poly,30,MinMaxScaler(),4,0.01,6.0,5.0,"{'Classifier__SVC__C': 0.01, 'Classifier__SVC__coef0': 6, 'Classifier__SVC__degree': 5, 'Classifier__SVC__gamma': 0.01, 'Classifier__SVC__kernel': 'poly', 'PCA__n_components': 30, 'Scaler': MinMaxScaler(), 'Selector__max_features': 4}",0.15254237288135594,0.23931623931623933,0.23076923076923078,0.20754261432227536,0.03904725989272684,206
438,0.03161485989888509,0.001881929456745768,0.010105768839518229,0.001057557118279266,0.01,poly,30,MinMaxScaler(),8,0.01,6.0,5.0,"{'Classifier__SVC__C': 0.01, 'Classifier__SVC__coef0': 6, 'Classifier__SVC__degree': 5, 'Classifier__SVC__gamma': 0.01, 'Classifier__SVC__kernel': 'poly', 'PCA__n_components': 30, 'Scaler': MinMaxScaler(), 'Selector__max_features': 8}",0.1864406779661017,0.28205128205128205,0.17094017094017094,0.21314404365251824,0.049133980484136676,192
439,0.03348247210184733,0.0002686729742238887,0.01112659772237142,0.0021577022995785747,0.01,poly,30,MinMaxScaler(),12,0.01,6.0,5.0,"{'Classifier__SVC__C': 0.01, 'Classifier__SVC__coef0': 6, 'Classifier__SVC__degree': 5, 'Classifier__SVC__gamma': 0.01, 'Classifier__SVC__kernel': 'poly', 'PCA__n_components': 30, 'Scaler': MinMaxScaler(), 'Selector__max_features': 12}",0.2966101694915254,0.27350427350427353,0.17094017094017094,0.2470182046453233,0.054616060010923215,122
440,0.03662586212158203,0.0031157415334610596,0.011521100997924805,0.0012517654915182256,0.01,poly,30,MinMaxScaler(),16,0.01,6.0,5.0,"{'Classifier__SVC__C': 0.01, 'Classifier__SVC__coef0': 6, 'Classifier__SVC__degree': 5, 'Classifier__SVC__gamma': 0.01, 'Classifier__SVC__kernel': 'poly', 'PCA__n_components': 30, 'Scaler': MinMaxScaler(), 'Selector__max_features': 16}",0.2966101694915254,0.27350427350427353,0.24786324786324787,0.2726592302863489,0.01990981609807046,80
441,0.03454295794169108,0.0015426308789330068,0.010439395904541016,0.00011126768006876025,0.01,poly,30,MinMaxScaler(),20,0.01,6.0,5.0,"{'Classifier__SVC__C': 0.01, 'Classifier__SVC__coef0': 6, 'Classifier__SVC__degree': 5, 'Classifier__SVC__gamma': 0.01, 'Classifier__SVC__kernel': 'poly', 'PCA__n_components': 30, 'Scaler': MinMaxScaler(), 'Selector__max_features': 20}",0.2966101694915254,0.27350427350427353,0.24786324786324787,0.2726592302863489,0.01990981609807046,80
442,0.03470857938130697,0.0006335997053115234,0.008727391560872396,0.0007189131668631255,0.01,poly,40,MinMaxScaler(),4,0.01,6.0,5.0,"{'Classifier__SVC__C': 0.01, 'Classifier__SVC__coef0': 6, 'Classifier__SVC__degree': 5, 'Classifier__SVC__gamma': 0.01, 'Classifier__SVC__kernel': 'poly', 'PCA__n_components': 40, 'Scaler': MinMaxScaler(), 'Selector__max_features': 4}",0.1694915254237288,0.2222222222222222,0.23076923076923078,0.20749432613839391,0.027097631943210753,207
443,0.03609148661295573,0.0011524494396718667,0.008728583653767904,0.0005606222933011342,0.01,poly,40,MinMaxScaler(),8,0.01,6.0,5.0,"{'Classifier__SVC__C': 0.01, 'Classifier__SVC__coef0': 6, 'Classifier__SVC__degree': 5, 'Classifier__SVC__gamma': 0.01, 'Classifier__SVC__kernel': 'poly', 'PCA__n_components': 40, 'Scaler': MinMaxScaler(), 'Selector__max_features': 8}",0.17796610169491525,0.3076923076923077,0.1452991452991453,0.2103191848954561,0.07013285626793785,201
444,0.034459590911865234,0.0006285742346061849,0.009120782216389975,0.0011189707300652294,0.01,poly,40,MinMaxScaler(),12,0.01,6.0,5.0,"{'Classifier__SVC__C': 0.01, 'Classifier__SVC__coef0': 6, 'Classifier__SVC__degree': 5, 'Classifier__SVC__gamma': 0.01, 'Classifier__SVC__kernel': 'poly', 'PCA__n_components': 40, 'Scaler': MinMaxScaler(), 'Selector__max_features': 12}",0.1864406779661017,0.2905982905982906,0.17094017094017094,0.2159930465015211,0.05313205726971967,182
445,0.03334331512451172,0.0011049255875331169,0.009443839391072592,0.0008357958475177429,0.01,poly,40,MinMaxScaler(),16,0.01,6.0,5.0,"{'Classifier__SVC__C': 0.01, 'Classifier__SVC__coef0': 6, 'Classifier__SVC__degree': 5, 'Classifier__SVC__gamma': 0.01, 'Classifier__SVC__kernel': 'poly', 'PCA__n_components': 40, 'Scaler': MinMaxScaler(), 'Selector__max_features': 16}",0.2542372881355932,0.3076923076923077,0.2222222222222222,0.26138393935004106,0.03525705456833338,95
446,0.03627419471740723,0.0008687130490781852,0.009894768397013346,9.501498050166518e-05,0.01,poly,40,MinMaxScaler(),20,0.01,6.0,5.0,"{'Classifier__SVC__C': 0.01, 'Classifier__SVC__coef0': 6, 'Classifier__SVC__degree': 5, 'Classifier__SVC__gamma': 0.01, 'Classifier__SVC__kernel': 'poly', 'PCA__n_components': 40, 'Scaler': MinMaxScaler(), 'Selector__max_features': 20}",0.2627118644067797,0.3076923076923077,0.27350427350427353,0.28130281520112027,0.019173297560039836,70
447,0.051307121912638344,0.012014139785973767,0.017175912857055664,0.0037044854458995117,0.1,poly,30,MinMaxScaler(),4,0.001,2.0,3.0,"{'Classifier__SVC__C': 0.1, 'Classifier__SVC__coef0': 2, 'Classifier__SVC__degree': 3, 'Classifier__SVC__gamma': 0.001, 'Classifier__SVC__kernel': 'poly', 'PCA__n_components': 30, 'Scaler': MinMaxScaler(), 'Selector__max_features': 4}",0.03389830508474576,0.08547008547008547,0.13675213675213677,0.08537350910232266,0.04198995647701252,701
448,0.06254816055297852,0.010348608267286587,0.014290730158487955,0.01040539301571014,0.1,poly,30,MinMaxScaler(),8,0.001,2.0,3.0,"{'Classifier__SVC__C': 0.1, 'Classifier__SVC__coef0': 2, 'Classifier__SVC__degree': 3, 'Classifier__SVC__gamma': 0.001, 'Classifier__SVC__kernel': 'poly', 'PCA__n_components': 30, 'Scaler': MinMaxScaler(), 'Selector__max_features': 8}",0.03389830508474576,0.08547008547008547,0.13675213675213677,0.08537350910232266,0.04198995647701252,701
449,0.06823476155598958,0.0017427357923675026,0.010146538416544596,0.0031052674066866432,0.1,poly,30,MinMaxScaler(),12,0.001,2.0,3.0,"{'Classifier__SVC__C': 0.1, 'Classifier__SVC__coef0': 2, 'Classifier__SVC__degree': 3, 'Classifier__SVC__gamma': 0.001, 'Classifier__SVC__kernel': 'poly', 'PCA__n_components': 30, 'Scaler': MinMaxScaler(), 'Selector__max_features': 12}",0.03389830508474576,0.08547008547008547,0.13675213675213677,0.08537350910232266,0.04198995647701252,701
450,0.062484423319498696,0.0008666509410827552,0.015559991200764975,3.450421998091858e-05,0.1,poly,30,MinMaxScaler(),16,0.001,2.0,3.0,"{'Classifier__SVC__C': 0.1, 'Classifier__SVC__coef0': 2, 'Classifier__SVC__degree': 3, 'Classifier__SVC__gamma': 0.001, 'Classifier__SVC__kernel': 'poly', 'PCA__n_components': 30, 'Scaler': MinMaxScaler(), 'Selector__max_features': 16}",0.03389830508474576,0.08547008547008547,0.13675213675213677,0.08537350910232266,0.04198995647701252,701
451,0.06593696276346843,0.0032283795599545753,0.01257944107055664,0.0023096645344453264,0.1,poly,30,MinMaxScaler(),20,0.001,2.0,3.0,"{'Classifier__SVC__C': 0.1, 'Classifier__SVC__coef0': 2, 'Classifier__SVC__degree': 3, 'Classifier__SVC__gamma': 0.001, 'Classifier__SVC__kernel': 'poly', 'PCA__n_components': 30, 'Scaler': MinMaxScaler(), 'Selector__max_features': 20}",0.03389830508474576,0.08547008547008547,0.13675213675213677,0.08537350910232266,0.04198995647701252,701
452,0.06762989362080891,0.0020234753626215624,0.00868686040242513,0.00024916162354000215,0.1,poly,40,MinMaxScaler(),4,0.001,2.0,3.0,"{'Classifier__SVC__C': 0.1, 'Classifier__SVC__coef0': 2, 'Classifier__SVC__degree': 3, 'Classifier__SVC__gamma': 0.001, 'Classifier__SVC__kernel': 'poly', 'PCA__n_components': 40, 'Scaler': MinMaxScaler(), 'Selector__max_features': 4}",0.03389830508474576,0.08547008547008547,0.13675213675213677,0.08537350910232266,0.04198995647701252,701
453,0.053718884785970054,0.012344884484840649,0.008000691731770834,0.00040878074998987714,0.1,poly,40,MinMaxScaler(),8,0.001,2.0,3.0,"{'Classifier__SVC__C': 0.1, 'Classifier__SVC__coef0': 2, 'Classifier__SVC__degree': 3, 'Classifier__SVC__gamma': 0.001, 'Classifier__SVC__kernel': 'poly', 'PCA__n_components': 40, 'Scaler': MinMaxScaler(), 'Selector__max_features': 8}",0.03389830508474576,0.08547008547008547,0.13675213675213677,0.08537350910232266,0.04198995647701252,701
454,0.036356449127197266,0.0008086267130197353,0.008843342463175455,0.0008267082398298467,0.1,poly,40,MinMaxScaler(),12,0.001,2.0,3.0,"{'Classifier__SVC__C': 0.1, 'Classifier__SVC__coef0': 2, 'Classifier__SVC__degree': 3, 'Classifier__SVC__gamma': 0.001, 'Classifier__SVC__kernel': 'poly', 'PCA__n_components': 40, 'Scaler': MinMaxScaler(), 'Selector__max_features': 12}",0.03389830508474576,0.08547008547008547,0.13675213675213677,0.08537350910232266,0.04198995647701252,701
455,0.038402557373046875,0.0010340731518183794,0.008764982223510742,0.0003331286906301064,0.1,poly,40,MinMaxScaler(),16,0.001,2.0,3.0,"{'Classifier__SVC__C': 0.1, 'Classifier__SVC__coef0': 2, 'Classifier__SVC__degree': 3, 'Classifier__SVC__gamma': 0.001, 'Classifier__SVC__kernel': 'poly', 'PCA__n_components': 40, 'Scaler': MinMaxScaler(), 'Selector__max_features': 16}",0.03389830508474576,0.08547008547008547,0.13675213675213677,0.08537350910232266,0.04198995647701252,701
456,0.03715411822001139,0.0008169373869852387,0.009571472803751627,0.00023714626762129707,0.1,poly,40,MinMaxScaler(),20,0.001,2.0,3.0,"{'Classifier__SVC__C': 0.1, 'Classifier__SVC__coef0': 2, 'Classifier__SVC__degree': 3, 'Classifier__SVC__gamma': 0.001, 'Classifier__SVC__kernel': 'poly', 'PCA__n_components': 40, 'Scaler': MinMaxScaler(), 'Selector__max_features': 20}",0.03389830508474576,0.08547008547008547,0.13675213675213677,0.08537350910232266,0.04198995647701252,701
457,0.03062136967976888,0.0004188225889110888,0.00917657216389974,0.0004213661663656418,0.1,poly,30,MinMaxScaler(),4,0.01,2.0,3.0,"{'Classifier__SVC__C': 0.1, 'Classifier__SVC__coef0': 2, 'Classifier__SVC__degree': 3, 'Classifier__SVC__gamma': 0.01, 'Classifier__SVC__kernel': 'poly', 'PCA__n_components': 30, 'Scaler': MinMaxScaler(), 'Selector__max_features': 4}",0.059322033898305086,0.08547008547008547,0.13675213675213677,0.09384808537350912,0.032161036143912435,686
458,0.03206992149353027,0.002841389604121575,0.00953984260559082,0.0018748422809866797,0.1,poly,30,MinMaxScaler(),8,0.01,2.0,3.0,"{'Classifier__SVC__C': 0.1, 'Classifier__SVC__coef0': 2, 'Classifier__SVC__degree': 3, 'Classifier__SVC__gamma': 0.01, 'Classifier__SVC__kernel': 'poly', 'PCA__n_components': 30, 'Scaler': MinMaxScaler(), 'Selector__max_features': 8}",0.0847457627118644,0.08547008547008547,0.13675213675213677,0.10232266164469554,0.024347111094815816,664
459,0.048989295959472656,0.018997362920550685,0.010219573974609375,0.001702397386035319,0.1,poly,30,MinMaxScaler(),12,0.01,2.0,3.0,"{'Classifier__SVC__C': 0.1, 'Classifier__SVC__coef0': 2, 'Classifier__SVC__degree': 3, 'Classifier__SVC__gamma': 0.01, 'Classifier__SVC__kernel': 'poly', 'PCA__n_components': 30, 'Scaler': MinMaxScaler(), 'Selector__max_features': 12}",0.03389830508474576,0.08547008547008547,0.13675213675213677,0.08537350910232266,0.04198995647701252,701
460,0.036495049794514976,0.0016529944763232828,0.009528636932373047,0.0007185638010639475,0.1,poly,30,MinMaxScaler(),16,0.01,2.0,3.0,"{'Classifier__SVC__C': 0.1, 'Classifier__SVC__coef0': 2, 'Classifier__SVC__degree': 3, 'Classifier__SVC__gamma': 0.01, 'Classifier__SVC__kernel': 'poly', 'PCA__n_components': 30, 'Scaler': MinMaxScaler(), 'Selector__max_features': 16}",0.03389830508474576,0.08547008547008547,0.13675213675213677,0.08537350910232266,0.04198995647701252,701
461,0.0364836057027181,0.002605303619121724,0.021123806635538738,0.002552875559964921,0.1,poly,30,MinMaxScaler(),20,0.01,2.0,3.0,"{'Classifier__SVC__C': 0.1, 'Classifier__SVC__coef0': 2, 'Classifier__SVC__degree': 3, 'Classifier__SVC__gamma': 0.01, 'Classifier__SVC__kernel': 'poly', 'PCA__n_components': 30, 'Scaler': MinMaxScaler(), 'Selector__max_features': 20}",0.03389830508474576,0.08547008547008547,0.13675213675213677,0.08537350910232266,0.04198995647701252,701
462,0.040880282719930015,0.007415716502497536,0.016379753748575848,0.0026803829358412385,0.1,poly,40,MinMaxScaler(),4,0.01,2.0,3.0,"{'Classifier__SVC__C': 0.1, 'Classifier__SVC__coef0': 2, 'Classifier__SVC__degree': 3, 'Classifier__SVC__gamma': 0.01, 'Classifier__SVC__kernel': 'poly', 'PCA__n_components': 40, 'Scaler': MinMaxScaler(), 'Selector__max_features': 4}",0.03389830508474576,0.08547008547008547,0.13675213675213677,0.08537350910232266,0.04198995647701252,701
463,0.04924941062927246,0.004542824306996026,0.00976093610127767,0.0027424476093353763,0.1,poly,40,MinMaxScaler(),8,0.01,2.0,3.0,"{'Classifier__SVC__C': 0.1, 'Classifier__SVC__coef0': 2, 'Classifier__SVC__degree': 3, 'Classifier__SVC__gamma': 0.01, 'Classifier__SVC__kernel': 'poly', 'PCA__n_components': 40, 'Scaler': MinMaxScaler(), 'Selector__max_features': 8}",0.09322033898305085,0.08547008547008547,0.13675213675213677,0.10514752040175769,0.022570710199574937,656
464,0.05475449562072754,0.0038374995567399275,0.010607004165649414,0.001847312025625688,0.1,poly,40,MinMaxScaler(),12,0.01,2.0,3.0,"{'Classifier__SVC__C': 0.1, 'Classifier__SVC__coef0': 2, 'Classifier__SVC__degree': 3, 'Classifier__SVC__gamma': 0.01, 'Classifier__SVC__kernel': 'poly', 'PCA__n_components': 40, 'Scaler': MinMaxScaler(), 'Selector__max_features': 12}",0.0847457627118644,0.08547008547008547,0.13675213675213677,0.10232266164469554,0.024347111094815816,664
465,0.04866607983907064,0.006408939636851495,0.012376864751180014,7.64262852997545e-06,0.1,poly,40,MinMaxScaler(),16,0.01,2.0,3.0,"{'Classifier__SVC__C': 0.1, 'Classifier__SVC__coef0': 2, 'Classifier__SVC__degree': 3, 'Classifier__SVC__gamma': 0.01, 'Classifier__SVC__kernel': 'poly', 'PCA__n_components': 40, 'Scaler': MinMaxScaler(), 'Selector__max_features': 16}",0.0847457627118644,0.08547008547008547,0.13675213675213677,0.10232266164469554,0.024347111094815816,664
466,0.03686992327372233,0.0034135045630182843,0.0185089906056722,0.012262775202136408,0.1,poly,40,MinMaxScaler(),20,0.01,2.0,3.0,"{'Classifier__SVC__C': 0.1, 'Classifier__SVC__coef0': 2, 'Classifier__SVC__degree': 3, 'Classifier__SVC__gamma': 0.01, 'Classifier__SVC__kernel': 'poly', 'PCA__n_components': 40, 'Scaler': MinMaxScaler(), 'Selector__max_features': 20}",0.09322033898305085,0.08547008547008547,0.13675213675213677,0.10514752040175769,0.022570710199574937,656
467,0.06615821520487468,0.01665324629145765,0.02626832326253255,0.014401785159653544,0.1,poly,30,MinMaxScaler(),4,0.001,2.0,5.0,"{'Classifier__SVC__C': 0.1, 'Classifier__SVC__coef0': 2, 'Classifier__SVC__degree': 5, 'Classifier__SVC__gamma': 0.001, 'Classifier__SVC__kernel': 'poly', 'PCA__n_components': 30, 'Scaler': MinMaxScaler(), 'Selector__max_features': 4}",0.059322033898305086,0.08547008547008547,0.13675213675213677,0.09384808537350912,0.032161036143912435,686
468,0.08601737022399902,0.0017117182477201915,0.007706880569458008,0.0004791684382447644,0.1,poly,30,MinMaxScaler(),8,0.001,2.0,5.0,"{'Classifier__SVC__C': 0.1, 'Classifier__SVC__coef0': 2, 'Classifier__SVC__degree': 5, 'Classifier__SVC__gamma': 0.001, 'Classifier__SVC__kernel': 'poly', 'PCA__n_components': 30, 'Scaler': MinMaxScaler(), 'Selector__max_features': 8}",0.0847457627118644,0.08547008547008547,0.13675213675213677,0.10232266164469554,0.024347111094815816,664
469,0.08199151357014973,0.001267678742154081,0.007380167643229167,0.00023074659807584334,0.1,poly,30,MinMaxScaler(),12,0.001,2.0,5.0,"{'Classifier__SVC__C': 0.1, 'Classifier__SVC__coef0': 2, 'Classifier__SVC__degree': 5, 'Classifier__SVC__gamma': 0.001, 'Classifier__SVC__kernel': 'poly', 'PCA__n_components': 30, 'Scaler': MinMaxScaler(), 'Selector__max_features': 12}",0.03389830508474576,0.08547008547008547,0.13675213675213677,0.08537350910232266,0.04198995647701252,701
470,0.08133180936177571,0.000399674234263212,0.008200724919637045,0.0004773303236715982,0.1,poly,30,MinMaxScaler(),16,0.001,2.0,5.0,"{'Classifier__SVC__C': 0.1, 'Classifier__SVC__coef0': 2, 'Classifier__SVC__degree': 5, 'Classifier__SVC__gamma': 0.001, 'Classifier__SVC__kernel': 'poly', 'PCA__n_components': 30, 'Scaler': MinMaxScaler(), 'Selector__max_features': 16}",0.03389830508474576,0.08547008547008547,0.13675213675213677,0.08537350910232266,0.04198995647701252,701
471,0.08065422375996907,0.0011895019083524908,0.009079933166503906,0.0008394505434808555,0.1,poly,30,MinMaxScaler(),20,0.001,2.0,5.0,"{'Classifier__SVC__C': 0.1, 'Classifier__SVC__coef0': 2, 'Classifier__SVC__degree': 5, 'Classifier__SVC__gamma': 0.001, 'Classifier__SVC__kernel': 'poly', 'PCA__n_components': 30, 'Scaler': MinMaxScaler(), 'Selector__max_features': 20}",0.03389830508474576,0.08547008547008547,0.13675213675213677,0.08537350910232266,0.04198995647701252,701
472,0.08133800824483235,0.0014196516168352262,0.007747491200764974,0.00045642227147397514,0.1,poly,40,MinMaxScaler(),4,0.001,2.0,5.0,"{'Classifier__SVC__C': 0.1, 'Classifier__SVC__coef0': 2, 'Classifier__SVC__degree': 5, 'Classifier__SVC__gamma': 0.001, 'Classifier__SVC__kernel': 'poly', 'PCA__n_components': 40, 'Scaler': MinMaxScaler(), 'Selector__max_features': 4}",0.03389830508474576,0.08547008547008547,0.13675213675213677,0.08537350910232266,0.04198995647701252,701
473,0.059950669606526695,0.009333840199501708,0.008522987365722656,0.0004092005145108537,0.1,poly,40,MinMaxScaler(),8,0.001,2.0,5.0,"{'Classifier__SVC__C': 0.1, 'Classifier__SVC__coef0': 2, 'Classifier__SVC__degree': 5, 'Classifier__SVC__gamma': 0.001, 'Classifier__SVC__kernel': 'poly', 'PCA__n_components': 40, 'Scaler': MinMaxScaler(), 'Selector__max_features': 8}",0.09322033898305085,0.08547008547008547,0.13675213675213677,0.10514752040175769,0.022570710199574937,656
474,0.03262758255004883,0.004542056607321553,0.008553584416707357,0.0008263702444369438,0.1,poly,40,MinMaxScaler(),12,0.001,2.0,5.0,"{'Classifier__SVC__C': 0.1, 'Classifier__SVC__coef0': 2, 'Classifier__SVC__degree': 5, 'Classifier__SVC__gamma': 0.001, 'Classifier__SVC__kernel': 'poly', 'PCA__n_components': 40, 'Scaler': MinMaxScaler(), 'Selector__max_features': 12}",0.0847457627118644,0.08547008547008547,0.13675213675213677,0.10232266164469554,0.024347111094815816,664
475,0.030200481414794922,2.867638040013109e-06,0.009041786193847656,0.00040733258949054665,0.1,poly,40,MinMaxScaler(),16,0.001,2.0,5.0,"{'Classifier__SVC__C': 0.1, 'Classifier__SVC__coef0': 2, 'Classifier__SVC__degree': 5, 'Classifier__SVC__gamma': 0.001, 'Classifier__SVC__kernel': 'poly', 'PCA__n_components': 40, 'Scaler': MinMaxScaler(), 'Selector__max_features': 16}",0.0847457627118644,0.08547008547008547,0.13675213675213677,0.10232266164469554,0.024347111094815816,664
476,0.031197786331176758,0.0008131325206818972,0.009032328923543295,0.00041215349883190824,0.1,poly,40,MinMaxScaler(),20,0.001,2.0,5.0,"{'Classifier__SVC__C': 0.1, 'Classifier__SVC__coef0': 2, 'Classifier__SVC__degree': 5, 'Classifier__SVC__gamma': 0.001, 'Classifier__SVC__kernel': 'poly', 'PCA__n_components': 40, 'Scaler': MinMaxScaler(), 'Selector__max_features': 20}",0.09322033898305085,0.08547008547008547,0.13675213675213677,0.10514752040175769,0.022570710199574937,656
477,0.032468716303507485,0.0004008841545774452,0.008925835291544596,0.00016667719163033804,0.1,poly,30,MinMaxScaler(),4,0.01,2.0,5.0,"{'Classifier__SVC__C': 0.1, 'Classifier__SVC__coef0': 2, 'Classifier__SVC__degree': 5, 'Classifier__SVC__gamma': 0.01, 'Classifier__SVC__kernel': 'poly', 'PCA__n_components': 30, 'Scaler': MinMaxScaler(), 'Selector__max_features': 4}",0.059322033898305086,0.08547008547008547,0.10256410256410256,0.08245207397749771,0.017782021269650044,739
478,0.03078913688659668,0.001260005130240859,0.00871578852335612,0.0006298308417060128,0.1,poly,30,MinMaxScaler(),8,0.01,2.0,5.0,"{'Classifier__SVC__C': 0.1, 'Classifier__SVC__coef0': 2, 'Classifier__SVC__degree': 5, 'Classifier__SVC__gamma': 0.01, 'Classifier__SVC__kernel': 'poly', 'PCA__n_components': 30, 'Scaler': MinMaxScaler(), 'Selector__max_features': 8}",0.0847457627118644,0.08547008547008547,0.11965811965811966,0.09662465594668984,0.01628980251105652,683
479,0.03148953119913737,0.00024969945050422673,0.010586182276407877,0.0016573157396533803,0.1,poly,30,MinMaxScaler(),12,0.01,2.0,5.0,"{'Classifier__SVC__C': 0.1, 'Classifier__SVC__coef0': 2, 'Classifier__SVC__degree': 5, 'Classifier__SVC__gamma': 0.01, 'Classifier__SVC__kernel': 'poly', 'PCA__n_components': 30, 'Scaler': MinMaxScaler(), 'Selector__max_features': 12}",0.059322033898305086,0.09401709401709402,0.1282051282051282,0.0938480853735091,0.028121659425454446,691
480,0.04366652170817057,0.00222952796581926,0.014606555302937826,0.0054974293965756585,0.1,poly,30,MinMaxScaler(),16,0.01,2.0,5.0,"{'Classifier__SVC__C': 0.1, 'Classifier__SVC__coef0': 2, 'Classifier__SVC__degree': 5, 'Classifier__SVC__gamma': 0.01, 'Classifier__SVC__kernel': 'poly', 'PCA__n_components': 30, 'Scaler': MinMaxScaler(), 'Selector__max_features': 16}",0.059322033898305086,0.09401709401709402,0.1282051282051282,0.0938480853735091,0.028121659425454446,691
481,0.04426383972167969,0.000413083198084458,0.021472056706746418,0.0021282331273472332,0.1,poly,30,MinMaxScaler(),20,0.01,2.0,5.0,"{'Classifier__SVC__C': 0.1, 'Classifier__SVC__coef0': 2, 'Classifier__SVC__degree': 5, 'Classifier__SVC__gamma': 0.01, 'Classifier__SVC__kernel': 'poly', 'PCA__n_components': 30, 'Scaler': MinMaxScaler(), 'Selector__max_features': 20}",0.059322033898305086,0.09401709401709402,0.1282051282051282,0.0938480853735091,0.028121659425454446,691
482,0.0467987855275472,0.004598446756133839,0.017586787541707356,0.004327134655356268,0.1,poly,40,MinMaxScaler(),4,0.01,2.0,5.0,"{'Classifier__SVC__C': 0.1, 'Classifier__SVC__coef0': 2, 'Classifier__SVC__degree': 5, 'Classifier__SVC__gamma': 0.01, 'Classifier__SVC__kernel': 'poly', 'PCA__n_components': 40, 'Scaler': MinMaxScaler(), 'Selector__max_features': 4}",0.03389830508474576,0.08547008547008547,0.10256410256410256,0.07397749770631126,0.029186841966886954,743
483,0.04946255683898926,0.001724141138639504,0.008066733678181967,0.0002430312535060726,0.1,poly,40,MinMaxScaler(),8,0.01,2.0,5.0,"{'Classifier__SVC__C': 0.1, 'Classifier__SVC__coef0': 2, 'Classifier__SVC__degree': 5, 'Classifier__SVC__gamma': 0.01, 'Classifier__SVC__kernel': 'poly', 'PCA__n_components': 40, 'Scaler': MinMaxScaler(), 'Selector__max_features': 8}",0.09322033898305085,0.08547008547008547,0.10256410256410256,0.09375150900574629,0.006988703327389367,694
484,0.045344909032185875,0.002365339098566642,0.008429924647013346,0.0006424057939754209,0.1,poly,40,MinMaxScaler(),12,0.01,2.0,5.0,"{'Classifier__SVC__C': 0.1, 'Classifier__SVC__coef0': 2, 'Classifier__SVC__degree': 5, 'Classifier__SVC__gamma': 0.01, 'Classifier__SVC__kernel': 'poly', 'PCA__n_components': 40, 'Scaler': MinMaxScaler(), 'Selector__max_features': 12}",0.0847457627118644,0.08547008547008547,0.11965811965811966,0.09662465594668984,0.01628980251105652,683
485,0.04636565844217936,0.0031702715625580016,0.009133656819661459,0.00042539159009816744,0.1,poly,40,MinMaxScaler(),16,0.01,2.0,5.0,"{'Classifier__SVC__C': 0.1, 'Classifier__SVC__coef0': 2, 'Classifier__SVC__degree': 5, 'Classifier__SVC__gamma': 0.01, 'Classifier__SVC__kernel': 'poly', 'PCA__n_components': 40, 'Scaler': MinMaxScaler(), 'Selector__max_features': 16}",0.0847457627118644,0.10256410256410256,0.13675213675213677,0.10802066734270126,0.02157925407409412,649
486,0.04151272773742676,0.0014764166073700975,0.008706967035929361,0.0006317397545252012,0.1,poly,40,MinMaxScaler(),20,0.01,2.0,5.0,"{'Classifier__SVC__C': 0.1, 'Classifier__SVC__coef0': 2, 'Classifier__SVC__degree': 5, 'Classifier__SVC__gamma': 0.01, 'Classifier__SVC__kernel': 'poly', 'PCA__n_components': 40, 'Scaler': MinMaxScaler(), 'Selector__max_features': 20}",0.09322033898305085,0.10256410256410256,0.1282051282051282,0.10799652325076053,0.014790025132183221,650
487,0.04237794876098633,0.0013368963056629632,0.008716821670532227,0.0005271287949402116,0.1,poly,30,MinMaxScaler(),4,0.001,4.0,3.0,"{'Classifier__SVC__C': 0.1, 'Classifier__SVC__coef0': 4, 'Classifier__SVC__degree': 3, 'Classifier__SVC__gamma': 0.001, 'Classifier__SVC__kernel': 'poly', 'PCA__n_components': 30, 'Scaler': MinMaxScaler(), 'Selector__max_features': 4}",0.059322033898305086,0.08547008547008547,0.13675213675213677,0.09384808537350912,0.032161036143912435,686
488,0.032863616943359375,0.0026825744874411175,0.008217970530192057,0.0013493890930560322,0.1,poly,30,MinMaxScaler(),8,0.001,4.0,3.0,"{'Classifier__SVC__C': 0.1, 'Classifier__SVC__coef0': 4, 'Classifier__SVC__degree': 3, 'Classifier__SVC__gamma': 0.001, 'Classifier__SVC__kernel': 'poly', 'PCA__n_components': 30, 'Scaler': MinMaxScaler(), 'Selector__max_features': 8}",0.0847457627118644,0.08547008547008547,0.13675213675213677,0.10232266164469554,0.024347111094815816,664
489,0.03109010060628255,0.0012433100948322326,0.010582526524861654,0.002912291036304763,0.1,poly,30,MinMaxScaler(),12,0.001,4.0,3.0,"{'Classifier__SVC__C': 0.1, 'Classifier__SVC__coef0': 4, 'Classifier__SVC__degree': 3, 'Classifier__SVC__gamma': 0.001, 'Classifier__SVC__kernel': 'poly', 'PCA__n_components': 30, 'Scaler': MinMaxScaler(), 'Selector__max_features': 12}",0.03389830508474576,0.08547008547008547,0.13675213675213677,0.08537350910232266,0.04198995647701252,701
490,0.0501251220703125,0.02436241123510693,0.025204976399739582,0.014860868113338411,0.1,poly,30,MinMaxScaler(),16,0.001,4.0,3.0,"{'Classifier__SVC__C': 0.1, 'Classifier__SVC__coef0': 4, 'Classifier__SVC__degree': 3, 'Classifier__SVC__gamma': 0.001, 'Classifier__SVC__kernel': 'poly', 'PCA__n_components': 30, 'Scaler': MinMaxScaler(), 'Selector__max_features': 16}",0.03389830508474576,0.08547008547008547,0.13675213675213677,0.08537350910232266,0.04198995647701252,701
491,0.06049362818400065,0.010729151772928385,0.0077512264251708984,0.0017927276659577798,0.1,poly,30,MinMaxScaler(),20,0.001,4.0,3.0,"{'Classifier__SVC__C': 0.1, 'Classifier__SVC__coef0': 4, 'Classifier__SVC__degree': 3, 'Classifier__SVC__gamma': 0.001, 'Classifier__SVC__kernel': 'poly', 'PCA__n_components': 30, 'Scaler': MinMaxScaler(), 'Selector__max_features': 20}",0.03389830508474576,0.08547008547008547,0.13675213675213677,0.08537350910232266,0.04198995647701252,701
492,0.03913307189941406,0.0004926493278429039,0.013019323348999023,0.0014405794432254678,0.1,poly,40,MinMaxScaler(),4,0.001,4.0,3.0,"{'Classifier__SVC__C': 0.1, 'Classifier__SVC__coef0': 4, 'Classifier__SVC__degree': 3, 'Classifier__SVC__gamma': 0.001, 'Classifier__SVC__kernel': 'poly', 'PCA__n_components': 40, 'Scaler': MinMaxScaler(), 'Selector__max_features': 4}",0.03389830508474576,0.08547008547008547,0.13675213675213677,0.08537350910232266,0.04198995647701252,701
493,0.04668887456258138,0.003045835275988277,0.009929577509562174,0.0012853478734386656,0.1,poly,40,MinMaxScaler(),8,0.001,4.0,3.0,"{'Classifier__SVC__C': 0.1, 'Classifier__SVC__coef0': 4, 'Classifier__SVC__degree': 3, 'Classifier__SVC__gamma': 0.001, 'Classifier__SVC__kernel': 'poly', 'PCA__n_components': 40, 'Scaler': MinMaxScaler(), 'Selector__max_features': 8}",0.03389830508474576,0.08547008547008547,0.13675213675213677,0.08537350910232266,0.04198995647701252,701
494,0.04800955454508463,0.002858964287555805,0.010762373606363932,0.0005078296084259014,0.1,poly,40,MinMaxScaler(),12,0.001,4.0,3.0,"{'Classifier__SVC__C': 0.1, 'Classifier__SVC__coef0': 4, 'Classifier__SVC__degree': 3, 'Classifier__SVC__gamma': 0.001, 'Classifier__SVC__kernel': 'poly', 'PCA__n_components': 40, 'Scaler': MinMaxScaler(), 'Selector__max_features': 12}",0.0847457627118644,0.08547008547008547,0.13675213675213677,0.10232266164469554,0.024347111094815816,664
495,0.04570436477661133,0.0015449489462974948,0.010068575541178385,0.0024790301622007517,0.1,poly,40,MinMaxScaler(),16,0.001,4.0,3.0,"{'Classifier__SVC__C': 0.1, 'Classifier__SVC__coef0': 4, 'Classifier__SVC__degree': 3, 'Classifier__SVC__gamma': 0.001, 'Classifier__SVC__kernel': 'poly', 'PCA__n_components': 40, 'Scaler': MinMaxScaler(), 'Selector__max_features': 16}",0.0847457627118644,0.08547008547008547,0.13675213675213677,0.10232266164469554,0.024347111094815816,664
496,0.03638482093811035,0.0021798846027522873,0.010694742202758789,0.0015695207275166422,0.1,poly,40,MinMaxScaler(),20,0.001,4.0,3.0,"{'Classifier__SVC__C': 0.1, 'Classifier__SVC__coef0': 4, 'Classifier__SVC__degree': 3, 'Classifier__SVC__gamma': 0.001, 'Classifier__SVC__kernel': 'poly', 'PCA__n_components': 40, 'Scaler': MinMaxScaler(), 'Selector__max_features': 20}",0.09322033898305085,0.08547008547008547,0.13675213675213677,0.10514752040175769,0.022570710199574937,656
497,0.038454532623291016,0.00040353953307371707,0.008658568064371744,0.0004910286187534828,0.1,poly,30,MinMaxScaler(),4,0.01,4.0,3.0,"{'Classifier__SVC__C': 0.1, 'Classifier__SVC__coef0': 4, 'Classifier__SVC__degree': 3, 'Classifier__SVC__gamma': 0.01, 'Classifier__SVC__kernel': 'poly', 'PCA__n_components': 30, 'Scaler': MinMaxScaler(), 'Selector__max_features': 4}",0.059322033898305086,0.08547008547008547,0.13675213675213677,0.09384808537350912,0.032161036143912435,686
498,0.03869016965230306,0.0023373866055879603,0.010102987289428711,0.001852604073324796,0.1,poly,30,MinMaxScaler(),8,0.01,4.0,3.0,"{'Classifier__SVC__C': 0.1, 'Classifier__SVC__coef0': 4, 'Classifier__SVC__degree': 3, 'Classifier__SVC__gamma': 0.01, 'Classifier__SVC__kernel': 'poly', 'PCA__n_components': 30, 'Scaler': MinMaxScaler(), 'Selector__max_features': 8}",0.0847457627118644,0.08547008547008547,0.13675213675213677,0.10232266164469554,0.024347111094815816,664
499,0.03456385930379232,0.0007503135928465347,0.023874918619791668,0.004632219777593085,0.1,poly,30,MinMaxScaler(),12,0.01,4.0,3.0,"{'Classifier__SVC__C': 0.1, 'Classifier__SVC__coef0': 4, 'Classifier__SVC__degree': 3, 'Classifier__SVC__gamma': 0.01, 'Classifier__SVC__kernel': 'poly', 'PCA__n_components': 30, 'Scaler': MinMaxScaler(), 'Selector__max_features': 12}",0.03389830508474576,0.08547008547008547,0.1111111111111111,0.0768265005553141,0.03210906438739096,742
500,0.048595825831095375,0.008471897374809183,0.01260685920715332,0.006331044733862039,0.1,poly,30,MinMaxScaler(),16,0.01,4.0,3.0,"{'Classifier__SVC__C': 0.1, 'Classifier__SVC__coef0': 4, 'Classifier__SVC__degree': 3, 'Classifier__SVC__gamma': 0.01, 'Classifier__SVC__kernel': 'poly', 'PCA__n_components': 30, 'Scaler': MinMaxScaler(), 'Selector__max_features': 16}",0.03389830508474576,0.08547008547008547,0.1282051282051282,0.08252450625331981,0.03855689777853379,736
501,0.037296136220296226,0.010385837468745565,0.009184757868448893,0.00022629572696056225,0.1,poly,30,MinMaxScaler(),20,0.01,4.0,3.0,"{'Classifier__SVC__C': 0.1, 'Classifier__SVC__coef0': 4, 'Classifier__SVC__degree': 3, 'Classifier__SVC__gamma': 0.01, 'Classifier__SVC__kernel': 'poly', 'PCA__n_components': 30, 'Scaler': MinMaxScaler(), 'Selector__max_features': 20}",0.03389830508474576,0.08547008547008547,0.1282051282051282,0.08252450625331981,0.03855689777853379,736
502,0.027217706044514973,0.0009825208592126814,0.00999919573465983,0.0016388449550196586,0.1,poly,40,MinMaxScaler(),4,0.01,4.0,3.0,"{'Classifier__SVC__C': 0.1, 'Classifier__SVC__coef0': 4, 'Classifier__SVC__degree': 3, 'Classifier__SVC__gamma': 0.01, 'Classifier__SVC__kernel': 'poly', 'PCA__n_components': 40, 'Scaler': MinMaxScaler(), 'Selector__max_features': 4}",0.03389830508474576,0.08547008547008547,0.13675213675213677,0.08537350910232266,0.04198995647701252,701
503,0.029567956924438477,0.00041807067788057897,0.009373029073079428,0.00125042175691329,0.1,poly,40,MinMaxScaler(),8,0.01,4.0,3.0,"{'Classifier__SVC__C': 0.1, 'Classifier__SVC__coef0': 4, 'Classifier__SVC__degree': 3, 'Classifier__SVC__gamma': 0.01, 'Classifier__SVC__kernel': 'poly', 'PCA__n_components': 40, 'Scaler': MinMaxScaler(), 'Selector__max_features': 8}",0.09322033898305085,0.08547008547008547,0.13675213675213677,0.10514752040175769,0.022570710199574937,656
504,0.03142793973286947,0.00047249430980779135,0.01178304354349772,0.001789862971163601,0.1,poly,40,MinMaxScaler(),12,0.01,4.0,3.0,"{'Classifier__SVC__C': 0.1, 'Classifier__SVC__coef0': 4, 'Classifier__SVC__degree': 3, 'Classifier__SVC__gamma': 0.01, 'Classifier__SVC__kernel': 'poly', 'PCA__n_components': 40, 'Scaler': MinMaxScaler(), 'Selector__max_features': 12}",0.0847457627118644,0.08547008547008547,0.13675213675213677,0.10232266164469554,0.024347111094815816,664
505,0.030722300211588543,0.00086255666820245,0.03778306643168131,0.012995034639147226,0.1,poly,40,MinMaxScaler(),16,0.01,4.0,3.0,"{'Classifier__SVC__C': 0.1, 'Classifier__SVC__coef0': 4, 'Classifier__SVC__degree': 3, 'Classifier__SVC__gamma': 0.01, 'Classifier__SVC__kernel': 'poly', 'PCA__n_components': 40, 'Scaler': MinMaxScaler(), 'Selector__max_features': 16}",0.0847457627118644,0.08547008547008547,0.13675213675213677,0.10232266164469554,0.024347111094815816,664
506,0.03626807530721029,0.007388271730076054,0.055553833643595375,0.005089355582833624,0.1,poly,40,MinMaxScaler(),20,0.01,4.0,3.0,"{'Classifier__SVC__C': 0.1, 'Classifier__SVC__coef0': 4, 'Classifier__SVC__degree': 3, 'Classifier__SVC__gamma': 0.01, 'Classifier__SVC__kernel': 'poly', 'PCA__n_components': 40, 'Scaler': MinMaxScaler(), 'Selector__max_features': 20}",0.09322033898305085,0.08547008547008547,0.1282051282051282,0.10229851755275483,0.018589978734057346,681
507,0.07055226961771648,0.015558057014602594,0.04643662770589193,0.012765676718526624,0.1,poly,30,MinMaxScaler(),4,0.001,4.0,5.0,"{'Classifier__SVC__C': 0.1, 'Classifier__SVC__coef0': 4, 'Classifier__SVC__degree': 5, 'Classifier__SVC__gamma': 0.001, 'Classifier__SVC__kernel': 'poly', 'PCA__n_components': 30, 'Scaler': MinMaxScaler(), 'Selector__max_features': 4}",0.059322033898305086,0.08547008547008547,0.07692307692307693,0.07390506543048916,0.010886120988891178,744
508,0.09595068295796712,0.0054532775876331915,0.021167834599812824,0.007151922455617287,0.1,poly,30,MinMaxScaler(),8,0.001,4.0,5.0,"{'Classifier__SVC__C': 0.1, 'Classifier__SVC__coef0': 4, 'Classifier__SVC__degree': 5, 'Classifier__SVC__gamma': 0.001, 'Classifier__SVC__kernel': 'poly', 'PCA__n_components': 30, 'Scaler': MinMaxScaler(), 'Selector__max_features': 8}",0.0847457627118644,0.08547008547008547,0.13675213675213677,0.10232266164469554,0.024347111094815816,664
509,0.10856954256693523,0.000593336823428471,0.007183233896891276,0.0013410606070974388,0.1,poly,30,MinMaxScaler(),12,0.001,4.0,5.0,"{'Classifier__SVC__C': 0.1, 'Classifier__SVC__coef0': 4, 'Classifier__SVC__degree': 5, 'Classifier__SVC__gamma': 0.001, 'Classifier__SVC__kernel': 'poly', 'PCA__n_components': 30, 'Scaler': MinMaxScaler(), 'Selector__max_features': 12}",0.059322033898305086,0.1794871794871795,0.15384615384615385,0.13088512241054615,0.051674121679612314,621
510,0.11020970344543457,0.0026856633512952156,0.01366718610127767,0.0012941090827277917,0.1,poly,30,MinMaxScaler(),16,0.001,4.0,5.0,"{'Classifier__SVC__C': 0.1, 'Classifier__SVC__coef0': 4, 'Classifier__SVC__degree': 5, 'Classifier__SVC__gamma': 0.001, 'Classifier__SVC__kernel': 'poly', 'PCA__n_components': 30, 'Scaler': MinMaxScaler(), 'Selector__max_features': 16}",0.059322033898305086,0.1794871794871795,0.15384615384615385,0.13088512241054615,0.051674121679612314,621
511,0.11161088943481445,0.003575341679422367,0.01361378033955892,0.0016787223812481894,0.1,poly,30,MinMaxScaler(),20,0.001,4.0,5.0,"{'Classifier__SVC__C': 0.1, 'Classifier__SVC__coef0': 4, 'Classifier__SVC__degree': 5, 'Classifier__SVC__gamma': 0.001, 'Classifier__SVC__kernel': 'poly', 'PCA__n_components': 30, 'Scaler': MinMaxScaler(), 'Selector__max_features': 20}",0.059322033898305086,0.1794871794871795,0.15384615384615385,0.13088512241054615,0.051674121679612314,621
512,0.03753344217936198,0.002080322213274394,0.009784062703450521,0.0005154287784213012,0.1,poly,40,MinMaxScaler(),4,0.001,4.0,5.0,"{'Classifier__SVC__C': 0.1, 'Classifier__SVC__coef0': 4, 'Classifier__SVC__degree': 5, 'Classifier__SVC__gamma': 0.001, 'Classifier__SVC__kernel': 'poly', 'PCA__n_components': 40, 'Scaler': MinMaxScaler(), 'Selector__max_features': 4}",0.03389830508474576,0.08547008547008547,0.07692307692307693,0.06543048915930272,0.022567998185623623,746
513,0.03669126828511556,0.0023313122020347733,0.010000785191853842,0.0006384325840878057,0.1,poly,40,MinMaxScaler(),8,0.001,4.0,5.0,"{'Classifier__SVC__C': 0.1, 'Classifier__SVC__coef0': 4, 'Classifier__SVC__degree': 5, 'Classifier__SVC__gamma': 0.001, 'Classifier__SVC__kernel': 'poly', 'PCA__n_components': 40, 'Scaler': MinMaxScaler(), 'Selector__max_features': 8}",0.09322033898305085,0.08547008547008547,0.06837606837606838,0.0823554976097349,0.010378983208167217,740
514,0.03643083572387695,0.00033064837763499956,0.011089483896891275,0.0012718799471116075,0.1,poly,40,MinMaxScaler(),12,0.001,4.0,5.0,"{'Classifier__SVC__C': 0.1, 'Classifier__SVC__coef0': 4, 'Classifier__SVC__degree': 5, 'Classifier__SVC__gamma': 0.001, 'Classifier__SVC__kernel': 'poly', 'PCA__n_components': 40, 'Scaler': MinMaxScaler(), 'Selector__max_features': 12}",0.0847457627118644,0.08547008547008547,0.1452991452991453,0.1051716644936984,0.02837595458257046,655
515,0.03414400418599447,0.0006849913168235849,0.011591355005900065,0.001652817115665717,0.1,poly,40,MinMaxScaler(),16,0.001,4.0,5.0,"{'Classifier__SVC__C': 0.1, 'Classifier__SVC__coef0': 4, 'Classifier__SVC__degree': 5, 'Classifier__SVC__gamma': 0.001, 'Classifier__SVC__kernel': 'poly', 'PCA__n_components': 40, 'Scaler': MinMaxScaler(), 'Selector__max_features': 16}",0.03389830508474576,0.17094017094017094,0.15384615384615385,0.11956154329035684,0.06097373281452754,627
516,0.034303506215413414,0.0022723763813727598,0.009717226028442383,0.0011611867129609624,0.1,poly,40,MinMaxScaler(),20,0.001,4.0,5.0,"{'Classifier__SVC__C': 0.1, 'Classifier__SVC__coef0': 4, 'Classifier__SVC__degree': 5, 'Classifier__SVC__gamma': 0.001, 'Classifier__SVC__kernel': 'poly', 'PCA__n_components': 40, 'Scaler': MinMaxScaler(), 'Selector__max_features': 20}",0.11016949152542373,0.18803418803418803,0.15384615384615385,0.15068327780192187,0.031866707593284825,419
517,0.03262162208557129,0.0016524564626084846,0.008822123209635416,0.00045509838717651006,0.1,poly,30,MinMaxScaler(),4,0.01,4.0,5.0,"{'Classifier__SVC__C': 0.1, 'Classifier__SVC__coef0': 4, 'Classifier__SVC__degree': 5, 'Classifier__SVC__gamma': 0.01, 'Classifier__SVC__kernel': 'poly', 'PCA__n_components': 30, 'Scaler': MinMaxScaler(), 'Selector__max_features': 4}",0.2457627118644068,0.24786324786324787,0.17094017094017094,0.22152204355594188,0.03577706379660172,174
518,0.03196581204732259,0.0005075047092259822,0.008936643600463867,0.0006063267443332705,0.1,poly,30,MinMaxScaler(),8,0.01,4.0,5.0,"{'Classifier__SVC__C': 0.1, 'Classifier__SVC__coef0': 4, 'Classifier__SVC__degree': 5, 'Classifier__SVC__gamma': 0.01, 'Classifier__SVC__kernel': 'poly', 'PCA__n_components': 30, 'Scaler': MinMaxScaler(), 'Selector__max_features': 8}",0.2033898305084746,0.28205128205128205,0.18803418803418803,0.22449176686464822,0.041180677348644765,165
519,0.03346498807271322,0.000469268871952591,0.008857011795043945,0.00022835770836169184,0.1,poly,30,MinMaxScaler(),12,0.01,4.0,5.0,"{'Classifier__SVC__C': 0.1, 'Classifier__SVC__coef0': 4, 'Classifier__SVC__degree': 5, 'Classifier__SVC__gamma': 0.01, 'Classifier__SVC__kernel': 'poly', 'PCA__n_components': 30, 'Scaler': MinMaxScaler(), 'Selector__max_features': 12}",0.3050847457627119,0.3247863247863248,0.19658119658119658,0.2754840890434111,0.05636954191277269,77
520,0.03252434730529785,0.0002691310346722991,0.008726278940836588,0.000415007897328697,0.1,poly,30,MinMaxScaler(),16,0.01,4.0,5.0,"{'Classifier__SVC__C': 0.1, 'Classifier__SVC__coef0': 4, 'Classifier__SVC__degree': 5, 'Classifier__SVC__gamma': 0.01, 'Classifier__SVC__kernel': 'poly', 'PCA__n_components': 30, 'Scaler': MinMaxScaler(), 'Selector__max_features': 16}",0.3050847457627119,0.3247863247863248,0.2564102564102564,0.29542710898643104,0.028737596080386,58
521,0.03273908297220866,0.0008929979329241964,0.011367162068684896,0.004121877668318951,0.1,poly,30,MinMaxScaler(),20,0.01,4.0,5.0,"{'Classifier__SVC__C': 0.1, 'Classifier__SVC__coef0': 4, 'Classifier__SVC__degree': 5, 'Classifier__SVC__gamma': 0.01, 'Classifier__SVC__kernel': 'poly', 'PCA__n_components': 30, 'Scaler': MinMaxScaler(), 'Selector__max_features': 20}",0.3050847457627119,0.3247863247863248,0.2564102564102564,0.29542710898643104,0.028737596080386,58
522,0.03168551127115885,0.0014094842125024934,0.015657981236775715,0.002123751598564943,0.1,poly,40,MinMaxScaler(),4,0.01,4.0,5.0,"{'Classifier__SVC__C': 0.1, 'Classifier__SVC__coef0': 4, 'Classifier__SVC__degree': 5, 'Classifier__SVC__gamma': 0.01, 'Classifier__SVC__kernel': 'poly', 'PCA__n_components': 40, 'Scaler': MinMaxScaler(), 'Selector__max_features': 4}",0.3135593220338983,0.28205128205128205,0.17094017094017094,0.2555169250084504,0.061172486421218315,107
523,0.03313859303792318,0.001632893907605725,0.012392441431681315,0.0006212968697180246,0.1,poly,40,MinMaxScaler(),8,0.01,4.0,5.0,"{'Classifier__SVC__C': 0.1, 'Classifier__SVC__coef0': 4, 'Classifier__SVC__degree': 5, 'Classifier__SVC__gamma': 0.01, 'Classifier__SVC__kernel': 'poly', 'PCA__n_components': 40, 'Scaler': MinMaxScaler(), 'Selector__max_features': 8}",0.211864406779661,0.3162393162393162,0.1623931623931624,0.2301656284707132,0.064126753646469,156
524,0.03446515401204427,0.001502508719290891,0.009093205134073893,0.0004079508556625297,0.1,poly,40,MinMaxScaler(),12,0.01,4.0,5.0,"{'Classifier__SVC__C': 0.1, 'Classifier__SVC__coef0': 4, 'Classifier__SVC__degree': 5, 'Classifier__SVC__gamma': 0.01, 'Classifier__SVC__kernel': 'poly', 'PCA__n_components': 40, 'Scaler': MinMaxScaler(), 'Selector__max_features': 12}",0.22033898305084745,0.3076923076923077,0.1794871794871795,0.2358394900767782,0.053474841518038725,142
525,0.03494564692179362,0.00015521389279908528,0.009419441223144531,0.00047662042619663996,0.1,poly,40,MinMaxScaler(),16,0.01,4.0,5.0,"{'Classifier__SVC__C': 0.1, 'Classifier__SVC__coef0': 4, 'Classifier__SVC__degree': 5, 'Classifier__SVC__gamma': 0.01, 'Classifier__SVC__kernel': 'poly', 'PCA__n_components': 40, 'Scaler': MinMaxScaler(), 'Selector__max_features': 16}",0.2796610169491525,0.3333333333333333,0.24786324786324787,0.28695253271524457,0.035271882372897766,64
526,0.037050485610961914,0.001496925448805885,0.010383923848470053,0.0005479850136192941,0.1,poly,40,MinMaxScaler(),20,0.01,4.0,5.0,"{'Classifier__SVC__C': 0.1, 'Classifier__SVC__coef0': 4, 'Classifier__SVC__degree': 5, 'Classifier__SVC__gamma': 0.01, 'Classifier__SVC__kernel': 'poly', 'PCA__n_components': 40, 'Scaler': MinMaxScaler(), 'Selector__max_features': 20}",0.2796610169491525,0.358974358974359,0.29914529914529914,0.31259355835627023,0.03374703258713716,40
527,0.03634333610534668,0.0015519247277590864,0.009248495101928711,0.00010890745655215018,0.1,poly,30,MinMaxScaler(),4,0.001,6.0,3.0,"{'Classifier__SVC__C': 0.1, 'Classifier__SVC__coef0': 6, 'Classifier__SVC__degree': 3, 'Classifier__SVC__gamma': 0.001, 'Classifier__SVC__kernel': 'poly', 'PCA__n_components': 30, 'Scaler': MinMaxScaler(), 'Selector__max_features': 4}",0.059322033898305086,0.08547008547008547,0.13675213675213677,0.09384808537350912,0.032161036143912435,686
528,0.03634564081827799,0.0021914292632762996,0.008816162745157877,0.0009034919652310004,0.1,poly,30,MinMaxScaler(),8,0.001,6.0,3.0,"{'Classifier__SVC__C': 0.1, 'Classifier__SVC__coef0': 6, 'Classifier__SVC__degree': 3, 'Classifier__SVC__gamma': 0.001, 'Classifier__SVC__kernel': 'poly', 'PCA__n_components': 30, 'Scaler': MinMaxScaler(), 'Selector__max_features': 8}",0.0847457627118644,0.08547008547008547,0.13675213675213677,0.10232266164469554,0.024347111094815816,664
529,0.03539911905924479,0.0014049188491088425,0.008040428161621094,5.3947966093944364e-06,0.1,poly,30,MinMaxScaler(),12,0.001,6.0,3.0,"{'Classifier__SVC__C': 0.1, 'Classifier__SVC__coef0': 6, 'Classifier__SVC__degree': 3, 'Classifier__SVC__gamma': 0.001, 'Classifier__SVC__kernel': 'poly', 'PCA__n_components': 30, 'Scaler': MinMaxScaler(), 'Selector__max_features': 12}",0.03389830508474576,0.08547008547008547,0.13675213675213677,0.08537350910232266,0.04198995647701252,701
530,0.03334784507751465,0.0012286364902893755,0.008206367492675781,0.0006250099282563466,0.1,poly,30,MinMaxScaler(),16,0.001,6.0,3.0,"{'Classifier__SVC__C': 0.1, 'Classifier__SVC__coef0': 6, 'Classifier__SVC__degree': 3, 'Classifier__SVC__gamma': 0.001, 'Classifier__SVC__kernel': 'poly', 'PCA__n_components': 30, 'Scaler': MinMaxScaler(), 'Selector__max_features': 16}",0.03389830508474576,0.08547008547008547,0.13675213675213677,0.08537350910232266,0.04198995647701252,701
531,0.03293800354003906,0.0004108993251109245,0.008790095647176107,0.001003214941017922,0.1,poly,30,MinMaxScaler(),20,0.001,6.0,3.0,"{'Classifier__SVC__C': 0.1, 'Classifier__SVC__coef0': 6, 'Classifier__SVC__degree': 3, 'Classifier__SVC__gamma': 0.001, 'Classifier__SVC__kernel': 'poly', 'PCA__n_components': 30, 'Scaler': MinMaxScaler(), 'Selector__max_features': 20}",0.03389830508474576,0.08547008547008547,0.13675213675213677,0.08537350910232266,0.04198995647701252,701
532,0.031767686208089195,0.000877659180070505,0.009168863296508789,0.00041418657650840203,0.1,poly,40,MinMaxScaler(),4,0.001,6.0,3.0,"{'Classifier__SVC__C': 0.1, 'Classifier__SVC__coef0': 6, 'Classifier__SVC__degree': 3, 'Classifier__SVC__gamma': 0.001, 'Classifier__SVC__kernel': 'poly', 'PCA__n_components': 40, 'Scaler': MinMaxScaler(), 'Selector__max_features': 4}",0.03389830508474576,0.08547008547008547,0.13675213675213677,0.08537350910232266,0.04198995647701252,701
533,0.030817588170369465,0.0022692225655126528,0.00879669189453125,0.0013757535150760438,0.1,poly,40,MinMaxScaler(),8,0.001,6.0,3.0,"{'Classifier__SVC__C': 0.1, 'Classifier__SVC__coef0': 6, 'Classifier__SVC__degree': 3, 'Classifier__SVC__gamma': 0.001, 'Classifier__SVC__kernel': 'poly', 'PCA__n_components': 40, 'Scaler': MinMaxScaler(), 'Selector__max_features': 8}",0.09322033898305085,0.08547008547008547,0.13675213675213677,0.10514752040175769,0.022570710199574937,656
534,0.03202978769938151,0.0010439696721902987,0.008655548095703125,0.0003526249204645125,0.1,poly,40,MinMaxScaler(),12,0.001,6.0,3.0,"{'Classifier__SVC__C': 0.1, 'Classifier__SVC__coef0': 6, 'Classifier__SVC__degree': 3, 'Classifier__SVC__gamma': 0.001, 'Classifier__SVC__kernel': 'poly', 'PCA__n_components': 40, 'Scaler': MinMaxScaler(), 'Selector__max_features': 12}",0.0847457627118644,0.08547008547008547,0.13675213675213677,0.10232266164469554,0.024347111094815816,664
535,0.03208756446838379,0.0008765917668571044,0.009781519571940104,0.001434075265278451,0.1,poly,40,MinMaxScaler(),16,0.001,6.0,3.0,"{'Classifier__SVC__C': 0.1, 'Classifier__SVC__coef0': 6, 'Classifier__SVC__degree': 3, 'Classifier__SVC__gamma': 0.001, 'Classifier__SVC__kernel': 'poly', 'PCA__n_components': 40, 'Scaler': MinMaxScaler(), 'Selector__max_features': 16}",0.0847457627118644,0.08547008547008547,0.13675213675213677,0.10232266164469554,0.024347111094815816,664
536,0.03231938680013021,0.001091688037145401,0.009788433710734049,0.0006350357613121784,0.1,poly,40,MinMaxScaler(),20,0.001,6.0,3.0,"{'Classifier__SVC__C': 0.1, 'Classifier__SVC__coef0': 6, 'Classifier__SVC__degree': 3, 'Classifier__SVC__gamma': 0.001, 'Classifier__SVC__kernel': 'poly', 'PCA__n_components': 40, 'Scaler': MinMaxScaler(), 'Selector__max_features': 20}",0.09322033898305085,0.08547008547008547,0.13675213675213677,0.10514752040175769,0.022570710199574937,656
537,0.030139605204264324,0.0023291666525691182,0.009968042373657227,0.00040845359024460403,0.1,poly,30,MinMaxScaler(),4,0.01,6.0,3.0,"{'Classifier__SVC__C': 0.1, 'Classifier__SVC__coef0': 6, 'Classifier__SVC__degree': 3, 'Classifier__SVC__gamma': 0.01, 'Classifier__SVC__kernel': 'poly', 'PCA__n_components': 30, 'Scaler': MinMaxScaler(), 'Selector__max_features': 4}",0.059322033898305086,0.08547008547008547,0.07692307692307693,0.07390506543048916,0.010886120988891178,744
538,0.03172485033671061,0.00148770343431933,0.008548895517985025,0.0016607417725764265,0.1,poly,30,MinMaxScaler(),8,0.01,6.0,3.0,"{'Classifier__SVC__C': 0.1, 'Classifier__SVC__coef0': 6, 'Classifier__SVC__degree': 3, 'Classifier__SVC__gamma': 0.01, 'Classifier__SVC__kernel': 'poly', 'PCA__n_components': 30, 'Scaler': MinMaxScaler(), 'Selector__max_features': 8}",0.0847457627118644,0.08547008547008547,0.1282051282051282,0.0994736587956927,0.020318368728542414,682
539,0.03371238708496094,0.0007545052932796018,0.008902549743652344,0.0006796637816708738,0.1,poly,30,MinMaxScaler(),12,0.01,6.0,3.0,"{'Classifier__SVC__C': 0.1, 'Classifier__SVC__coef0': 6, 'Classifier__SVC__degree': 3, 'Classifier__SVC__gamma': 0.01, 'Classifier__SVC__kernel': 'poly', 'PCA__n_components': 30, 'Scaler': MinMaxScaler(), 'Selector__max_features': 12}",0.06779661016949153,0.1623931623931624,0.1111111111111111,0.11376696122458835,0.03866451498053795,638
540,0.03263314565022787,0.00033416705482901916,0.008949518203735352,0.0001640614355613672,0.1,poly,30,MinMaxScaler(),16,0.01,6.0,3.0,"{'Classifier__SVC__C': 0.1, 'Classifier__SVC__coef0': 6, 'Classifier__SVC__degree': 3, 'Classifier__SVC__gamma': 0.01, 'Classifier__SVC__kernel': 'poly', 'PCA__n_components': 30, 'Scaler': MinMaxScaler(), 'Selector__max_features': 16}",0.06779661016949153,0.1623931623931624,0.1794871794871795,0.13655898401661115,0.04912059580203886,619
541,0.03400381406148275,0.0011476712843945234,0.009122848510742188,0.0004152642554676996,0.1,poly,30,MinMaxScaler(),20,0.01,6.0,3.0,"{'Classifier__SVC__C': 0.1, 'Classifier__SVC__coef0': 6, 'Classifier__SVC__degree': 3, 'Classifier__SVC__gamma': 0.01, 'Classifier__SVC__kernel': 'poly', 'PCA__n_components': 30, 'Scaler': MinMaxScaler(), 'Selector__max_features': 20}",0.06779661016949153,0.1623931623931624,0.1794871794871795,0.13655898401661115,0.04912059580203886,619
542,0.03439227739969889,3.1208456716600753e-05,0.008568048477172852,0.0004161782341594605,0.1,poly,40,MinMaxScaler(),4,0.01,6.0,3.0,"{'Classifier__SVC__C': 0.1, 'Classifier__SVC__coef0': 6, 'Classifier__SVC__degree': 3, 'Classifier__SVC__gamma': 0.01, 'Classifier__SVC__kernel': 'poly', 'PCA__n_components': 40, 'Scaler': MinMaxScaler(), 'Selector__max_features': 4}",0.03389830508474576,0.08547008547008547,0.07692307692307693,0.06543048915930272,0.022567998185623623,746
543,0.03632060686747233,0.001365321354022101,0.009659608205159506,0.0010282951273769432,0.1,poly,40,MinMaxScaler(),8,0.01,6.0,3.0,"{'Classifier__SVC__C': 0.1, 'Classifier__SVC__coef0': 6, 'Classifier__SVC__degree': 3, 'Classifier__SVC__gamma': 0.01, 'Classifier__SVC__kernel': 'poly', 'PCA__n_components': 40, 'Scaler': MinMaxScaler(), 'Selector__max_features': 8}",0.09322033898305085,0.08547008547008547,0.07692307692307693,0.08520450045873774,0.006655979227309121,734
544,0.03492331504821777,0.002336852110703623,0.010080337524414062,0.0009410548335512419,0.1,poly,40,MinMaxScaler(),12,0.01,6.0,3.0,"{'Classifier__SVC__C': 0.1, 'Classifier__SVC__coef0': 6, 'Classifier__SVC__degree': 3, 'Classifier__SVC__gamma': 0.01, 'Classifier__SVC__kernel': 'poly', 'PCA__n_components': 40, 'Scaler': MinMaxScaler(), 'Selector__max_features': 12}",0.0847457627118644,0.08547008547008547,0.13675213675213677,0.10232266164469554,0.024347111094815816,664
545,0.03862579663594564,0.0040467745706814435,0.012529929478963217,0.0025088119358484665,0.1,poly,40,MinMaxScaler(),16,0.01,6.0,3.0,"{'Classifier__SVC__C': 0.1, 'Classifier__SVC__coef0': 6, 'Classifier__SVC__degree': 3, 'Classifier__SVC__gamma': 0.01, 'Classifier__SVC__kernel': 'poly', 'PCA__n_components': 40, 'Scaler': MinMaxScaler(), 'Selector__max_features': 16}",0.0847457627118644,0.15384615384615385,0.1452991452991453,0.1279636872857212,0.03075824650538822,626
546,0.038213094075520836,0.0035686893803948735,0.011873881022135416,0.0023827807286388504,0.1,poly,40,MinMaxScaler(),20,0.01,6.0,3.0,"{'Classifier__SVC__C': 0.1, 'Classifier__SVC__coef0': 6, 'Classifier__SVC__degree': 3, 'Classifier__SVC__gamma': 0.01, 'Classifier__SVC__kernel': 'poly', 'PCA__n_components': 40, 'Scaler': MinMaxScaler(), 'Selector__max_features': 20}",0.09322033898305085,0.15384615384615385,0.1794871794871795,0.14218455743879474,0.03617076688632494,609
547,0.03978681564331055,0.0015609181647496407,0.012563784917195639,0.0012345004039975426,0.1,poly,30,MinMaxScaler(),4,0.001,6.0,5.0,"{'Classifier__SVC__C': 0.1, 'Classifier__SVC__coef0': 6, 'Classifier__SVC__degree': 5, 'Classifier__SVC__gamma': 0.001, 'Classifier__SVC__kernel': 'poly', 'PCA__n_components': 30, 'Scaler': MinMaxScaler(), 'Selector__max_features': 4}",0.2033898305084746,0.23931623931623933,0.1452991452991453,0.19600173837461976,0.0387362140714906,221
548,0.03674642244974772,0.0022905735757345375,0.01079090436299642,0.0006544168684939512,0.1,poly,30,MinMaxScaler(),8,0.001,6.0,5.0,"{'Classifier__SVC__C': 0.1, 'Classifier__SVC__coef0': 6, 'Classifier__SVC__degree': 5, 'Classifier__SVC__gamma': 0.001, 'Classifier__SVC__kernel': 'poly', 'PCA__n_components': 30, 'Scaler': MinMaxScaler(), 'Selector__max_features': 8}",0.2033898305084746,0.28205128205128205,0.1623931623931624,0.21594475831763968,0.04965035118539264,187
549,0.04237667719523112,0.002226406106961469,0.007985512415568033,0.0008726698506512113,0.1,poly,30,MinMaxScaler(),12,0.001,6.0,5.0,"{'Classifier__SVC__C': 0.1, 'Classifier__SVC__coef0': 6, 'Classifier__SVC__degree': 5, 'Classifier__SVC__gamma': 0.001, 'Classifier__SVC__kernel': 'poly', 'PCA__n_components': 30, 'Scaler': MinMaxScaler(), 'Selector__max_features': 12}",0.2966101694915254,0.27350427350427353,0.17094017094017094,0.2470182046453233,0.054616060010923215,122
550,0.030459165573120117,0.002873104580332582,0.008125782012939453,4.6698809586418926e-05,0.1,poly,30,MinMaxScaler(),16,0.001,6.0,5.0,"{'Classifier__SVC__C': 0.1, 'Classifier__SVC__coef0': 6, 'Classifier__SVC__degree': 5, 'Classifier__SVC__gamma': 0.001, 'Classifier__SVC__kernel': 'poly', 'PCA__n_components': 30, 'Scaler': MinMaxScaler(), 'Selector__max_features': 16}",0.2966101694915254,0.27350427350427353,0.24786324786324787,0.2726592302863489,0.01990981609807046,80
551,0.02973175048828125,0.0018816637425999733,0.020876010258992512,0.007918682989942586,0.1,poly,30,MinMaxScaler(),20,0.001,6.0,5.0,"{'Classifier__SVC__C': 0.1, 'Classifier__SVC__coef0': 6, 'Classifier__SVC__degree': 5, 'Classifier__SVC__gamma': 0.001, 'Classifier__SVC__kernel': 'poly', 'PCA__n_components': 30, 'Scaler': MinMaxScaler(), 'Selector__max_features': 20}",0.2966101694915254,0.27350427350427353,0.24786324786324787,0.2726592302863489,0.01990981609807046,80
552,0.03214637438456217,0.0012734622670377703,0.011162837346394857,0.0003237881334392349,0.1,poly,40,MinMaxScaler(),4,0.001,6.0,5.0,"{'Classifier__SVC__C': 0.1, 'Classifier__SVC__coef0': 6, 'Classifier__SVC__degree': 5, 'Classifier__SVC__gamma': 0.001, 'Classifier__SVC__kernel': 'poly', 'PCA__n_components': 40, 'Scaler': MinMaxScaler(), 'Selector__max_features': 4}",0.1864406779661017,0.2222222222222222,0.1452991452991453,0.18465401516248972,0.031429116689345664,260
553,0.03254262606302897,0.0010614122790639044,0.014184315999348959,0.003311693541002832,0.1,poly,40,MinMaxScaler(),8,0.001,6.0,5.0,"{'Classifier__SVC__C': 0.1, 'Classifier__SVC__coef0': 6, 'Classifier__SVC__degree': 5, 'Classifier__SVC__gamma': 0.001, 'Classifier__SVC__kernel': 'poly', 'PCA__n_components': 40, 'Scaler': MinMaxScaler(), 'Selector__max_features': 8}",0.19491525423728814,0.3076923076923077,0.1452991452991453,0.21596890240958042,0.06794766061234192,184
554,0.03734906514485677,0.002416356528726856,0.011591196060180664,0.0009304057701334168,0.1,poly,40,MinMaxScaler(),12,0.001,6.0,5.0,"{'Classifier__SVC__C': 0.1, 'Classifier__SVC__coef0': 6, 'Classifier__SVC__degree': 5, 'Classifier__SVC__gamma': 0.001, 'Classifier__SVC__kernel': 'poly', 'PCA__n_components': 40, 'Scaler': MinMaxScaler(), 'Selector__max_features': 12}",0.19491525423728814,0.2905982905982906,0.17094017094017094,0.21881790525858325,0.05169151409669732,177
555,0.03981224695841471,0.003923219355010619,0.011811574300130209,0.0019680727011357054,0.1,poly,40,MinMaxScaler(),16,0.001,6.0,5.0,"{'Classifier__SVC__C': 0.1, 'Classifier__SVC__coef0': 6, 'Classifier__SVC__degree': 5, 'Classifier__SVC__gamma': 0.001, 'Classifier__SVC__kernel': 'poly', 'PCA__n_components': 40, 'Scaler': MinMaxScaler(), 'Selector__max_features': 16}",0.2542372881355932,0.3076923076923077,0.2222222222222222,0.26138393935004106,0.03525705456833338,95
556,0.03910946846008301,0.00517562223755329,0.010481595993041992,0.0012444197535692774,0.1,poly,40,MinMaxScaler(),20,0.001,6.0,5.0,"{'Classifier__SVC__C': 0.1, 'Classifier__SVC__coef0': 6, 'Classifier__SVC__degree': 5, 'Classifier__SVC__gamma': 0.001, 'Classifier__SVC__kernel': 'poly', 'PCA__n_components': 40, 'Scaler': MinMaxScaler(), 'Selector__max_features': 20}",0.2627118644067797,0.29914529914529914,0.27350427350427353,0.27845381235211747,0.015280101282740812,72
557,0.045555830001831055,0.00291252019128982,0.0107574462890625,0.0008763215554008125,0.1,poly,30,MinMaxScaler(),4,0.01,6.0,5.0,"{'Classifier__SVC__C': 0.1, 'Classifier__SVC__coef0': 6, 'Classifier__SVC__degree': 5, 'Classifier__SVC__gamma': 0.01, 'Classifier__SVC__kernel': 'poly', 'PCA__n_components': 30, 'Scaler': MinMaxScaler(), 'Selector__max_features': 4}",0.2711864406779661,0.26495726495726496,0.1623931623931624,0.23284562267613115,0.04988227826581507,153
558,0.04119427998860677,0.004436865874601535,0.011421839396158854,0.0016831571609232762,0.1,poly,30,MinMaxScaler(),8,0.01,6.0,5.0,"{'Classifier__SVC__C': 0.1, 'Classifier__SVC__coef0': 6, 'Classifier__SVC__degree': 5, 'Classifier__SVC__gamma': 0.01, 'Classifier__SVC__kernel': 'poly', 'PCA__n_components': 30, 'Scaler': MinMaxScaler(), 'Selector__max_features': 8}",0.2033898305084746,0.2564102564102564,0.23076923076923078,0.2301897725626539,0.02164937596577879,155
559,0.041683355967203774,0.00816706915024132,0.009517987569173178,0.0007494604340802245,0.1,poly,30,MinMaxScaler(),12,0.01,6.0,5.0,"{'Classifier__SVC__C': 0.1, 'Classifier__SVC__coef0': 6, 'Classifier__SVC__degree': 5, 'Classifier__SVC__gamma': 0.01, 'Classifier__SVC__kernel': 'poly', 'PCA__n_components': 30, 'Scaler': MinMaxScaler(), 'Selector__max_features': 12}",0.3050847457627119,0.36752136752136755,0.27350427350427353,0.315370128929451,0.03906528998160007,36
560,0.03982734680175781,0.001680129902066615,0.012106100718180338,0.002093405867637099,0.1,poly,30,MinMaxScaler(),16,0.01,6.0,5.0,"{'Classifier__SVC__C': 0.1, 'Classifier__SVC__coef0': 6, 'Classifier__SVC__degree': 5, 'Classifier__SVC__gamma': 0.01, 'Classifier__SVC__kernel': 'poly', 'PCA__n_components': 30, 'Scaler': MinMaxScaler(), 'Selector__max_features': 16}",0.3050847457627119,0.36752136752136755,0.3333333333333333,0.33531314887247093,0.02552805889389316,20
561,0.0413517157236735,0.0032115043925480336,0.010406812032063803,0.0006585200665529723,0.1,poly,30,MinMaxScaler(),20,0.01,6.0,5.0,"{'Classifier__SVC__C': 0.1, 'Classifier__SVC__coef0': 6, 'Classifier__SVC__degree': 5, 'Classifier__SVC__gamma': 0.01, 'Classifier__SVC__kernel': 'poly', 'PCA__n_components': 30, 'Scaler': MinMaxScaler(), 'Selector__max_features': 20}",0.3050847457627119,0.36752136752136755,0.3333333333333333,0.33531314887247093,0.02552805889389316,20
562,0.03904247283935547,0.0021629292585753604,0.010641972223917643,0.001023715173800234,0.1,poly,40,MinMaxScaler(),4,0.01,6.0,5.0,"{'Classifier__SVC__C': 0.1, 'Classifier__SVC__coef0': 6, 'Classifier__SVC__degree': 5, 'Classifier__SVC__gamma': 0.01, 'Classifier__SVC__kernel': 'poly', 'PCA__n_components': 40, 'Scaler': MinMaxScaler(), 'Selector__max_features': 4}",0.3220338983050847,0.29914529914529914,0.1623931623931624,0.2611907866145154,0.07048262153047419,99
563,0.05124982198079427,0.009231742944599174,0.009824991226196289,0.0006577589081235101,0.1,poly,40,MinMaxScaler(),8,0.01,6.0,5.0,"{'Classifier__SVC__C': 0.1, 'Classifier__SVC__coef0': 6, 'Classifier__SVC__degree': 5, 'Classifier__SVC__gamma': 0.01, 'Classifier__SVC__kernel': 'poly', 'PCA__n_components': 40, 'Scaler': MinMaxScaler(), 'Selector__max_features': 8}",0.2457627118644068,0.3247863247863248,0.24786324786324787,0.2728040948379931,0.03676698914036455,78
564,0.0396882692972819,0.004267740854656679,0.00994571050008138,0.00036726132546202925,0.1,poly,40,MinMaxScaler(),12,0.01,6.0,5.0,"{'Classifier__SVC__C': 0.1, 'Classifier__SVC__coef0': 6, 'Classifier__SVC__degree': 5, 'Classifier__SVC__gamma': 0.01, 'Classifier__SVC__kernel': 'poly', 'PCA__n_components': 40, 'Scaler': MinMaxScaler(), 'Selector__max_features': 12}",0.2457627118644068,0.3076923076923077,0.21367521367521367,0.2557100777439761,0.039021498841974187,105
565,0.04608289400736491,0.007634585210060239,0.010012149810791016,0.0013821710062863618,0.1,poly,40,MinMaxScaler(),16,0.01,6.0,5.0,"{'Classifier__SVC__C': 0.1, 'Classifier__SVC__coef0': 6, 'Classifier__SVC__degree': 5, 'Classifier__SVC__gamma': 0.01, 'Classifier__SVC__kernel': 'poly', 'PCA__n_components': 40, 'Scaler': MinMaxScaler(), 'Selector__max_features': 16}",0.3559322033898305,0.37606837606837606,0.3162393162393162,0.3494132985658409,0.024856269364561815,8
566,0.038290818532307945,0.003857029321095264,0.011673688888549805,0.001960733994716128,0.1,poly,40,MinMaxScaler(),20,0.01,6.0,5.0,"{'Classifier__SVC__C': 0.1, 'Classifier__SVC__coef0': 6, 'Classifier__SVC__degree': 5, 'Classifier__SVC__gamma': 0.01, 'Classifier__SVC__kernel': 'poly', 'PCA__n_components': 40, 'Scaler': MinMaxScaler(), 'Selector__max_features': 20}",0.2966101694915254,0.3333333333333333,0.37606837606837606,0.3353372929644116,0.032469611831727745,19
567,0.037755886713663735,0.002104906789870934,0.009342590967814127,0.0002776155008035995,0.001,poly,15,MinMaxScaler(),4,0.001,2.0,3.0,"{'Classifier__SVC__C': 0.001, 'Classifier__SVC__coef0': 2, 'Classifier__SVC__degree': 3, 'Classifier__SVC__gamma': 0.001, 'Classifier__SVC__kernel': 'poly', 'PCA__n_components': 15, 'Scaler': MinMaxScaler(), 'Selector__max_features': 4}",0.3474576271186441,0.07692307692307693,0.13675213675213677,0.18704428026461928,0.11602933676931182,249
568,0.0399169127146403,0.003297284789428302,0.009197314580281576,0.00019985681423705183,0.001,poly,15,MinMaxScaler(),8,0.001,2.0,3.0,"{'Classifier__SVC__C': 0.001, 'Classifier__SVC__coef0': 2, 'Classifier__SVC__degree': 3, 'Classifier__SVC__gamma': 0.001, 'Classifier__SVC__kernel': 'poly', 'PCA__n_components': 15, 'Scaler': MinMaxScaler(), 'Selector__max_features': 8}",0.2711864406779661,0.07692307692307693,0.13675213675213677,0.16162055145105994,0.08123378673749534,348
569,0.038072427113850914,0.0018782819874218727,0.009503920873006185,0.00044788880197585873,0.001,poly,15,MinMaxScaler(),12,0.001,2.0,3.0,"{'Classifier__SVC__C': 0.001, 'Classifier__SVC__coef0': 2, 'Classifier__SVC__degree': 3, 'Classifier__SVC__gamma': 0.001, 'Classifier__SVC__kernel': 'poly', 'PCA__n_components': 15, 'Scaler': MinMaxScaler(), 'Selector__max_features': 12}",0.2711864406779661,0.07692307692307693,0.13675213675213677,0.16162055145105994,0.08123378673749534,348
570,0.03799319267272949,0.0017960689517082416,0.009899616241455078,0.0006334413584271336,0.001,poly,15,MinMaxScaler(),4,0.01,2.0,3.0,"{'Classifier__SVC__C': 0.001, 'Classifier__SVC__coef0': 2, 'Classifier__SVC__degree': 3, 'Classifier__SVC__gamma': 0.01, 'Classifier__SVC__kernel': 'poly', 'PCA__n_components': 15, 'Scaler': MinMaxScaler(), 'Selector__max_features': 4}",0.3474576271186441,0.07692307692307693,0.13675213675213677,0.18704428026461928,0.11602933676931182,249
571,0.03732903798421224,0.002736507937425177,0.009881099065144857,0.0002463846045719622,0.001,poly,15,MinMaxScaler(),8,0.01,2.0,3.0,"{'Classifier__SVC__C': 0.001, 'Classifier__SVC__coef0': 2, 'Classifier__SVC__degree': 3, 'Classifier__SVC__gamma': 0.01, 'Classifier__SVC__kernel': 'poly', 'PCA__n_components': 15, 'Scaler': MinMaxScaler(), 'Selector__max_features': 8}",0.2711864406779661,0.07692307692307693,0.13675213675213677,0.16162055145105994,0.08123378673749534,348
572,0.04188021024068197,0.008043573799448154,0.009849866231282553,0.0008724480948686879,0.001,poly,15,MinMaxScaler(),12,0.01,2.0,3.0,"{'Classifier__SVC__C': 0.001, 'Classifier__SVC__coef0': 2, 'Classifier__SVC__degree': 3, 'Classifier__SVC__gamma': 0.01, 'Classifier__SVC__kernel': 'poly', 'PCA__n_components': 15, 'Scaler': MinMaxScaler(), 'Selector__max_features': 12}",0.2711864406779661,0.07692307692307693,0.13675213675213677,0.16162055145105994,0.08123378673749534,348
573,0.03707162539164225,0.001925755113592271,0.009523471196492514,0.0004027722948639293,0.001,poly,15,MinMaxScaler(),4,0.001,2.0,5.0,"{'Classifier__SVC__C': 0.001, 'Classifier__SVC__coef0': 2, 'Classifier__SVC__degree': 5, 'Classifier__SVC__gamma': 0.001, 'Classifier__SVC__kernel': 'poly', 'PCA__n_components': 15, 'Scaler': MinMaxScaler(), 'Selector__max_features': 4}",0.3474576271186441,0.07692307692307693,0.13675213675213677,0.18704428026461928,0.11602933676931182,249
574,0.03594326972961426,0.0012548388617845648,0.009661674499511719,0.0001916897237560714,0.001,poly,15,MinMaxScaler(),8,0.001,2.0,5.0,"{'Classifier__SVC__C': 0.001, 'Classifier__SVC__coef0': 2, 'Classifier__SVC__degree': 5, 'Classifier__SVC__gamma': 0.001, 'Classifier__SVC__kernel': 'poly', 'PCA__n_components': 15, 'Scaler': MinMaxScaler(), 'Selector__max_features': 8}",0.2711864406779661,0.07692307692307693,0.13675213675213677,0.16162055145105994,0.08123378673749534,348
575,0.039288600285847984,0.0032261096826617795,0.0170134703318278,0.010992507997940028,0.001,poly,15,MinMaxScaler(),12,0.001,2.0,5.0,"{'Classifier__SVC__C': 0.001, 'Classifier__SVC__coef0': 2, 'Classifier__SVC__degree': 5, 'Classifier__SVC__gamma': 0.001, 'Classifier__SVC__kernel': 'poly', 'PCA__n_components': 15, 'Scaler': MinMaxScaler(), 'Selector__max_features': 12}",0.2711864406779661,0.07692307692307693,0.13675213675213677,0.16162055145105994,0.08123378673749534,348
576,0.05978822708129883,0.006663002468095457,0.008903741836547852,0.001361590171122322,0.001,poly,15,MinMaxScaler(),4,0.01,2.0,5.0,"{'Classifier__SVC__C': 0.001, 'Classifier__SVC__coef0': 2, 'Classifier__SVC__degree': 5, 'Classifier__SVC__gamma': 0.01, 'Classifier__SVC__kernel': 'poly', 'PCA__n_components': 15, 'Scaler': MinMaxScaler(), 'Selector__max_features': 4}",0.3474576271186441,0.07692307692307693,0.13675213675213677,0.18704428026461928,0.11602933676931182,249
577,0.054276466369628906,0.007924966784596355,0.010471343994140625,0.001701026466129482,0.001,poly,15,MinMaxScaler(),8,0.01,2.0,5.0,"{'Classifier__SVC__C': 0.001, 'Classifier__SVC__coef0': 2, 'Classifier__SVC__degree': 5, 'Classifier__SVC__gamma': 0.01, 'Classifier__SVC__kernel': 'poly', 'PCA__n_components': 15, 'Scaler': MinMaxScaler(), 'Selector__max_features': 8}",0.2627118644067797,0.07692307692307693,0.13675213675213677,0.1587956926939978,0.07743301258760195,401
578,0.061729113260904946,0.0011502595930105767,0.009056886037190756,0.0010847822881054658,0.001,poly,15,MinMaxScaler(),12,0.01,2.0,5.0,"{'Classifier__SVC__C': 0.001, 'Classifier__SVC__coef0': 2, 'Classifier__SVC__degree': 5, 'Classifier__SVC__gamma': 0.01, 'Classifier__SVC__kernel': 'poly', 'PCA__n_components': 15, 'Scaler': MinMaxScaler(), 'Selector__max_features': 12}",0.2627118644067797,0.07692307692307693,0.13675213675213677,0.1587956926939978,0.07743301258760195,401
579,0.06569615999857585,0.011105099375895966,0.008890708287556967,0.0006313055758014536,0.001,poly,15,MinMaxScaler(),4,0.001,4.0,3.0,"{'Classifier__SVC__C': 0.001, 'Classifier__SVC__coef0': 4, 'Classifier__SVC__degree': 3, 'Classifier__SVC__gamma': 0.001, 'Classifier__SVC__kernel': 'poly', 'PCA__n_components': 15, 'Scaler': MinMaxScaler(), 'Selector__max_features': 4}",0.3474576271186441,0.07692307692307693,0.13675213675213677,0.18704428026461928,0.11602933676931182,249
580,0.05124084154764811,0.00353583233919444,0.008631706237792969,0.00038772711013325927,0.001,poly,15,MinMaxScaler(),8,0.001,4.0,3.0,"{'Classifier__SVC__C': 0.001, 'Classifier__SVC__coef0': 4, 'Classifier__SVC__degree': 3, 'Classifier__SVC__gamma': 0.001, 'Classifier__SVC__kernel': 'poly', 'PCA__n_components': 15, 'Scaler': MinMaxScaler(), 'Selector__max_features': 8}",0.2711864406779661,0.07692307692307693,0.13675213675213677,0.16162055145105994,0.08123378673749534,348
581,0.05813860893249512,0.006073315365302185,0.009313503901163736,0.00024158805590316243,0.001,poly,15,MinMaxScaler(),12,0.001,4.0,3.0,"{'Classifier__SVC__C': 0.001, 'Classifier__SVC__coef0': 4, 'Classifier__SVC__degree': 3, 'Classifier__SVC__gamma': 0.001, 'Classifier__SVC__kernel': 'poly', 'PCA__n_components': 15, 'Scaler': MinMaxScaler(), 'Selector__max_features': 12}",0.2711864406779661,0.07692307692307693,0.13675213675213677,0.16162055145105994,0.08123378673749534,348
582,0.04924782117207845,0.017625001543133827,0.010595560073852539,0.002859311234177329,0.001,poly,15,MinMaxScaler(),4,0.01,4.0,3.0,"{'Classifier__SVC__C': 0.001, 'Classifier__SVC__coef0': 4, 'Classifier__SVC__degree': 3, 'Classifier__SVC__gamma': 0.01, 'Classifier__SVC__kernel': 'poly', 'PCA__n_components': 15, 'Scaler': MinMaxScaler(), 'Selector__max_features': 4}",0.3474576271186441,0.07692307692307693,0.13675213675213677,0.18704428026461928,0.11602933676931182,249
583,0.043124993642171226,0.011085595555518593,0.008914709091186523,0.0005200727741743488,0.001,poly,15,MinMaxScaler(),8,0.01,4.0,3.0,"{'Classifier__SVC__C': 0.001, 'Classifier__SVC__coef0': 4, 'Classifier__SVC__degree': 3, 'Classifier__SVC__gamma': 0.01, 'Classifier__SVC__kernel': 'poly', 'PCA__n_components': 15, 'Scaler': MinMaxScaler(), 'Selector__max_features': 8}",0.2711864406779661,0.07692307692307693,0.13675213675213677,0.16162055145105994,0.08123378673749534,348
584,0.03961340586344401,0.01414333617450508,0.01058355967203776,0.0008165485215198827,0.001,poly,15,MinMaxScaler(),12,0.01,4.0,3.0,"{'Classifier__SVC__C': 0.001, 'Classifier__SVC__coef0': 4, 'Classifier__SVC__degree': 3, 'Classifier__SVC__gamma': 0.01, 'Classifier__SVC__kernel': 'poly', 'PCA__n_components': 15, 'Scaler': MinMaxScaler(), 'Selector__max_features': 12}",0.2711864406779661,0.07692307692307693,0.13675213675213677,0.16162055145105994,0.08123378673749534,348
585,0.0411683718363444,0.006813551977977202,0.013918797175089518,0.006233287512975949,0.001,poly,15,MinMaxScaler(),4,0.001,4.0,5.0,"{'Classifier__SVC__C': 0.001, 'Classifier__SVC__coef0': 4, 'Classifier__SVC__degree': 5, 'Classifier__SVC__gamma': 0.001, 'Classifier__SVC__kernel': 'poly', 'PCA__n_components': 15, 'Scaler': MinMaxScaler(), 'Selector__max_features': 4}",0.3474576271186441,0.07692307692307693,0.13675213675213677,0.18704428026461928,0.11602933676931182,249
586,0.040427049001057945,0.010473808061941694,0.013453960418701172,0.004914670934112588,0.001,poly,15,MinMaxScaler(),8,0.001,4.0,5.0,"{'Classifier__SVC__C': 0.001, 'Classifier__SVC__coef0': 4, 'Classifier__SVC__degree': 5, 'Classifier__SVC__gamma': 0.001, 'Classifier__SVC__kernel': 'poly', 'PCA__n_components': 15, 'Scaler': MinMaxScaler(), 'Selector__max_features': 8}",0.2711864406779661,0.07692307692307693,0.13675213675213677,0.16162055145105994,0.08123378673749534,348
587,0.03775167465209961,0.0024946832371475474,0.012607494990030924,0.0042840304658393275,0.001,poly,15,MinMaxScaler(),12,0.001,4.0,5.0,"{'Classifier__SVC__C': 0.001, 'Classifier__SVC__coef0': 4, 'Classifier__SVC__degree': 5, 'Classifier__SVC__gamma': 0.001, 'Classifier__SVC__kernel': 'poly', 'PCA__n_components': 15, 'Scaler': MinMaxScaler(), 'Selector__max_features': 12}",0.2711864406779661,0.07692307692307693,0.13675213675213677,0.16162055145105994,0.08123378673749534,348
588,0.04240012168884277,0.005367652578416683,0.012620766957600912,0.005360129946654676,0.001,poly,15,MinMaxScaler(),4,0.01,4.0,5.0,"{'Classifier__SVC__C': 0.001, 'Classifier__SVC__coef0': 4, 'Classifier__SVC__degree': 5, 'Classifier__SVC__gamma': 0.01, 'Classifier__SVC__kernel': 'poly', 'PCA__n_components': 15, 'Scaler': MinMaxScaler(), 'Selector__max_features': 4}",0.3474576271186441,0.07692307692307693,0.13675213675213677,0.18704428026461928,0.11602933676931182,249
589,0.04171983400980631,0.004277302514447628,0.010932524998982748,0.0027705069331783,0.001,poly,15,MinMaxScaler(),8,0.01,4.0,5.0,"{'Classifier__SVC__C': 0.001, 'Classifier__SVC__coef0': 4, 'Classifier__SVC__degree': 5, 'Classifier__SVC__gamma': 0.01, 'Classifier__SVC__kernel': 'poly', 'PCA__n_components': 15, 'Scaler': MinMaxScaler(), 'Selector__max_features': 8}",0.2711864406779661,0.07692307692307693,0.13675213675213677,0.16162055145105994,0.08123378673749534,348
590,0.0440675417582194,0.0035251798208784505,0.011582136154174805,0.0034145954371110855,0.001,poly,15,MinMaxScaler(),12,0.01,4.0,5.0,"{'Classifier__SVC__C': 0.001, 'Classifier__SVC__coef0': 4, 'Classifier__SVC__degree': 5, 'Classifier__SVC__gamma': 0.01, 'Classifier__SVC__kernel': 'poly', 'PCA__n_components': 15, 'Scaler': MinMaxScaler(), 'Selector__max_features': 12}",0.2711864406779661,0.07692307692307693,0.13675213675213677,0.16162055145105994,0.08123378673749534,348
591,0.040394226710001625,0.004750615827179884,0.010391791661580404,0.002698302802370524,0.001,poly,15,MinMaxScaler(),4,0.001,6.0,3.0,"{'Classifier__SVC__C': 0.001, 'Classifier__SVC__coef0': 6, 'Classifier__SVC__degree': 3, 'Classifier__SVC__gamma': 0.001, 'Classifier__SVC__kernel': 'poly', 'PCA__n_components': 15, 'Scaler': MinMaxScaler(), 'Selector__max_features': 4}",0.3474576271186441,0.07692307692307693,0.13675213675213677,0.18704428026461928,0.11602933676931182,249
592,0.04160475730895996,0.0035444473398088183,0.009277741114298502,0.0001857689612653801,0.001,poly,15,MinMaxScaler(),8,0.001,6.0,3.0,"{'Classifier__SVC__C': 0.001, 'Classifier__SVC__coef0': 6, 'Classifier__SVC__degree': 3, 'Classifier__SVC__gamma': 0.001, 'Classifier__SVC__kernel': 'poly', 'PCA__n_components': 15, 'Scaler': MinMaxScaler(), 'Selector__max_features': 8}",0.2711864406779661,0.07692307692307693,0.13675213675213677,0.16162055145105994,0.08123378673749534,348
593,0.042513132095336914,0.006364488176731345,0.009634971618652344,0.00030405171574376195,0.001,poly,15,MinMaxScaler(),12,0.001,6.0,3.0,"{'Classifier__SVC__C': 0.001, 'Classifier__SVC__coef0': 6, 'Classifier__SVC__degree': 3, 'Classifier__SVC__gamma': 0.001, 'Classifier__SVC__kernel': 'poly', 'PCA__n_components': 15, 'Scaler': MinMaxScaler(), 'Selector__max_features': 12}",0.2711864406779661,0.07692307692307693,0.13675213675213677,0.16162055145105994,0.08123378673749534,348
594,0.044585863749186196,0.006614804943775192,0.009384552637736002,0.0010542273474618213,0.001,poly,15,MinMaxScaler(),4,0.01,6.0,3.0,"{'Classifier__SVC__C': 0.001, 'Classifier__SVC__coef0': 6, 'Classifier__SVC__degree': 3, 'Classifier__SVC__gamma': 0.01, 'Classifier__SVC__kernel': 'poly', 'PCA__n_components': 15, 'Scaler': MinMaxScaler(), 'Selector__max_features': 4}",0.3474576271186441,0.07692307692307693,0.13675213675213677,0.18704428026461928,0.11602933676931182,249
595,0.038760105768839516,0.006481572936133227,0.008913119633992514,0.00033312831144097015,0.001,poly,15,MinMaxScaler(),8,0.01,6.0,3.0,"{'Classifier__SVC__C': 0.001, 'Classifier__SVC__coef0': 6, 'Classifier__SVC__degree': 3, 'Classifier__SVC__gamma': 0.01, 'Classifier__SVC__kernel': 'poly', 'PCA__n_components': 15, 'Scaler': MinMaxScaler(), 'Selector__max_features': 8}",0.2711864406779661,0.07692307692307693,0.13675213675213677,0.16162055145105994,0.08123378673749534,348
596,0.04135481516520182,0.0036734130163264818,0.009850422541300455,0.0007402409491241655,0.001,poly,15,MinMaxScaler(),12,0.01,6.0,3.0,"{'Classifier__SVC__C': 0.001, 'Classifier__SVC__coef0': 6, 'Classifier__SVC__degree': 3, 'Classifier__SVC__gamma': 0.01, 'Classifier__SVC__kernel': 'poly', 'PCA__n_components': 15, 'Scaler': MinMaxScaler(), 'Selector__max_features': 12}",0.2711864406779661,0.07692307692307693,0.13675213675213677,0.16162055145105994,0.08123378673749534,348
597,0.048081556955973305,0.01844590866811665,0.00966334342956543,0.0010295838688060641,0.001,poly,15,MinMaxScaler(),4,0.001,6.0,5.0,"{'Classifier__SVC__C': 0.001, 'Classifier__SVC__coef0': 6, 'Classifier__SVC__degree': 5, 'Classifier__SVC__gamma': 0.001, 'Classifier__SVC__kernel': 'poly', 'PCA__n_components': 15, 'Scaler': MinMaxScaler(), 'Selector__max_features': 4}",0.3474576271186441,0.07692307692307693,0.13675213675213677,0.18704428026461928,0.11602933676931182,249
598,0.0392146110534668,0.00853993595756044,0.01330240567525228,0.006402397549057698,0.001,poly,15,MinMaxScaler(),8,0.001,6.0,5.0,"{'Classifier__SVC__C': 0.001, 'Classifier__SVC__coef0': 6, 'Classifier__SVC__degree': 5, 'Classifier__SVC__gamma': 0.001, 'Classifier__SVC__kernel': 'poly', 'PCA__n_components': 15, 'Scaler': MinMaxScaler(), 'Selector__max_features': 8}",0.2711864406779661,0.07692307692307693,0.13675213675213677,0.16162055145105994,0.08123378673749534,348
599,0.059492031733194985,0.018598012940755807,0.008761326471964518,0.0007494900891974941,0.001,poly,15,MinMaxScaler(),12,0.001,6.0,5.0,"{'Classifier__SVC__C': 0.001, 'Classifier__SVC__coef0': 6, 'Classifier__SVC__degree': 5, 'Classifier__SVC__gamma': 0.001, 'Classifier__SVC__kernel': 'poly', 'PCA__n_components': 15, 'Scaler': MinMaxScaler(), 'Selector__max_features': 12}",0.2711864406779661,0.07692307692307693,0.13675213675213677,0.16162055145105994,0.08123378673749534,348
600,0.04237095514933268,0.011611332297972768,0.01489583651224772,0.004199065550838695,0.001,poly,15,MinMaxScaler(),4,0.01,6.0,5.0,"{'Classifier__SVC__C': 0.001, 'Classifier__SVC__coef0': 6, 'Classifier__SVC__degree': 5, 'Classifier__SVC__gamma': 0.01, 'Classifier__SVC__kernel': 'poly', 'PCA__n_components': 15, 'Scaler': MinMaxScaler(), 'Selector__max_features': 4}",0.3474576271186441,0.08547008547008547,0.09401709401709402,0.17564826886860785,0.1215376608998013,320
601,0.059427499771118164,0.018867486994700138,0.013257106145222982,0.00234291196782093,0.001,poly,15,MinMaxScaler(),8,0.01,6.0,5.0,"{'Classifier__SVC__C': 0.001, 'Classifier__SVC__coef0': 6, 'Classifier__SVC__degree': 5, 'Classifier__SVC__gamma': 0.01, 'Classifier__SVC__kernel': 'poly', 'PCA__n_components': 15, 'Scaler': MinMaxScaler(), 'Selector__max_features': 8}",0.3050847457627119,0.1282051282051282,0.1111111111111111,0.18146699502631705,0.08768908171468373,273
602,0.04227431615193685,0.01357982812175854,0.014026959737141928,0.0035865278158492176,0.001,poly,15,MinMaxScaler(),12,0.01,6.0,5.0,"{'Classifier__SVC__C': 0.001, 'Classifier__SVC__coef0': 6, 'Classifier__SVC__degree': 5, 'Classifier__SVC__gamma': 0.01, 'Classifier__SVC__kernel': 'poly', 'PCA__n_components': 15, 'Scaler': MinMaxScaler(), 'Selector__max_features': 12}",0.3050847457627119,0.1282051282051282,0.1111111111111111,0.18146699502631705,0.08768908171468373,273
603,0.04771288235982259,0.011819843647608503,0.012840191523234049,0.002967421567700403,0.01,poly,15,MinMaxScaler(),4,0.001,2.0,3.0,"{'Classifier__SVC__C': 0.01, 'Classifier__SVC__coef0': 2, 'Classifier__SVC__degree': 3, 'Classifier__SVC__gamma': 0.001, 'Classifier__SVC__kernel': 'poly', 'PCA__n_components': 15, 'Scaler': MinMaxScaler(), 'Selector__max_features': 4}",0.2966101694915254,0.07692307692307693,0.07692307692307693,0.1501521077792264,0.10356148859620448,437
604,0.047655979792277016,0.0049439660145623975,0.011942307154337565,0.002745566442028625,0.01,poly,15,MinMaxScaler(),8,0.001,2.0,3.0,"{'Classifier__SVC__C': 0.01, 'Classifier__SVC__coef0': 2, 'Classifier__SVC__degree': 3, 'Classifier__SVC__gamma': 0.001, 'Classifier__SVC__kernel': 'poly', 'PCA__n_components': 15, 'Scaler': MinMaxScaler(), 'Selector__max_features': 8}",0.2966101694915254,0.07692307692307693,0.07692307692307693,0.1501521077792264,0.10356148859620448,437
605,0.07059097290039062,0.023781463354181447,0.008394320805867514,0.0008280103529827848,0.01,poly,15,MinMaxScaler(),12,0.001,2.0,3.0,"{'Classifier__SVC__C': 0.01, 'Classifier__SVC__coef0': 2, 'Classifier__SVC__degree': 3, 'Classifier__SVC__gamma': 0.001, 'Classifier__SVC__kernel': 'poly', 'PCA__n_components': 15, 'Scaler': MinMaxScaler(), 'Selector__max_features': 12}",0.2966101694915254,0.07692307692307693,0.07692307692307693,0.1501521077792264,0.10356148859620448,437
606,0.046799262364705406,0.009340344103247633,0.011803785959879557,0.004271415290560139,0.01,poly,15,MinMaxScaler(),4,0.01,2.0,3.0,"{'Classifier__SVC__C': 0.01, 'Classifier__SVC__coef0': 2, 'Classifier__SVC__degree': 3, 'Classifier__SVC__gamma': 0.01, 'Classifier__SVC__kernel': 'poly', 'PCA__n_components': 15, 'Scaler': MinMaxScaler(), 'Selector__max_features': 4}",0.2966101694915254,0.07692307692307693,0.07692307692307693,0.1501521077792264,0.10356148859620448,437
607,0.05466341972351074,0.011854082125043349,0.013079404830932617,0.005070625909508934,0.01,poly,15,MinMaxScaler(),8,0.01,2.0,3.0,"{'Classifier__SVC__C': 0.01, 'Classifier__SVC__coef0': 2, 'Classifier__SVC__degree': 3, 'Classifier__SVC__gamma': 0.01, 'Classifier__SVC__kernel': 'poly', 'PCA__n_components': 15, 'Scaler': MinMaxScaler(), 'Selector__max_features': 8}",0.2966101694915254,0.07692307692307693,0.07692307692307693,0.1501521077792264,0.10356148859620448,437
608,0.043469905853271484,0.005107077175742902,0.014289458592732748,0.0035747403456670257,0.01,poly,15,MinMaxScaler(),12,0.01,2.0,3.0,"{'Classifier__SVC__C': 0.01, 'Classifier__SVC__coef0': 2, 'Classifier__SVC__degree': 3, 'Classifier__SVC__gamma': 0.01, 'Classifier__SVC__kernel': 'poly', 'PCA__n_components': 15, 'Scaler': MinMaxScaler(), 'Selector__max_features': 12}",0.2966101694915254,0.07692307692307693,0.07692307692307693,0.1501521077792264,0.10356148859620448,437
609,0.05427010854085287,0.011739722023111103,0.012537002563476562,0.003975233473365179,0.01,poly,15,MinMaxScaler(),4,0.001,2.0,5.0,"{'Classifier__SVC__C': 0.01, 'Classifier__SVC__coef0': 2, 'Classifier__SVC__degree': 5, 'Classifier__SVC__gamma': 0.001, 'Classifier__SVC__kernel': 'poly', 'PCA__n_components': 15, 'Scaler': MinMaxScaler(), 'Selector__max_features': 4}",0.2966101694915254,0.07692307692307693,0.07692307692307693,0.1501521077792264,0.10356148859620448,437
610,0.04886468251546224,0.0037142178479638932,0.020241340001424152,0.008512404066909826,0.01,poly,15,MinMaxScaler(),8,0.001,2.0,5.0,"{'Classifier__SVC__C': 0.01, 'Classifier__SVC__coef0': 2, 'Classifier__SVC__degree': 5, 'Classifier__SVC__gamma': 0.001, 'Classifier__SVC__kernel': 'poly', 'PCA__n_components': 15, 'Scaler': MinMaxScaler(), 'Selector__max_features': 8}",0.2966101694915254,0.07692307692307693,0.07692307692307693,0.1501521077792264,0.10356148859620448,437
611,0.050742785135904946,0.004526518227815037,0.013053178787231445,0.006937190862428018,0.01,poly,15,MinMaxScaler(),12,0.001,2.0,5.0,"{'Classifier__SVC__C': 0.01, 'Classifier__SVC__coef0': 2, 'Classifier__SVC__degree': 5, 'Classifier__SVC__gamma': 0.001, 'Classifier__SVC__kernel': 'poly', 'PCA__n_components': 15, 'Scaler': MinMaxScaler(), 'Selector__max_features': 12}",0.2966101694915254,0.07692307692307693,0.07692307692307693,0.1501521077792264,0.10356148859620448,437
612,0.05091134707132975,0.011075811522761657,0.013152758280436197,0.0068145747662655175,0.01,poly,15,MinMaxScaler(),4,0.01,2.0,5.0,"{'Classifier__SVC__C': 0.01, 'Classifier__SVC__coef0': 2, 'Classifier__SVC__degree': 5, 'Classifier__SVC__gamma': 0.01, 'Classifier__SVC__kernel': 'poly', 'PCA__n_components': 15, 'Scaler': MinMaxScaler(), 'Selector__max_features': 4}",0.2966101694915254,0.07692307692307693,0.07692307692307693,0.1501521077792264,0.10356148859620448,437
613,0.05091389020284017,0.009149980808187769,0.009589195251464844,0.0017863183073672717,0.01,poly,15,MinMaxScaler(),8,0.01,2.0,5.0,"{'Classifier__SVC__C': 0.01, 'Classifier__SVC__coef0': 2, 'Classifier__SVC__degree': 5, 'Classifier__SVC__gamma': 0.01, 'Classifier__SVC__kernel': 'poly', 'PCA__n_components': 15, 'Scaler': MinMaxScaler(), 'Selector__max_features': 8}",0.2966101694915254,0.07692307692307693,0.07692307692307693,0.1501521077792264,0.10356148859620448,437
614,0.04953336715698242,0.002671023314449946,0.008310397466023764,0.00013785409984097644,0.01,poly,15,MinMaxScaler(),12,0.01,2.0,5.0,"{'Classifier__SVC__C': 0.01, 'Classifier__SVC__coef0': 2, 'Classifier__SVC__degree': 5, 'Classifier__SVC__gamma': 0.01, 'Classifier__SVC__kernel': 'poly', 'PCA__n_components': 15, 'Scaler': MinMaxScaler(), 'Selector__max_features': 12}",0.2966101694915254,0.07692307692307693,0.07692307692307693,0.1501521077792264,0.10356148859620448,437
615,0.04571262995402018,0.001712503084775924,0.00832827885945638,0.00012732926206061285,0.01,poly,15,MinMaxScaler(),4,0.001,4.0,3.0,"{'Classifier__SVC__C': 0.01, 'Classifier__SVC__coef0': 4, 'Classifier__SVC__degree': 3, 'Classifier__SVC__gamma': 0.001, 'Classifier__SVC__kernel': 'poly', 'PCA__n_components': 15, 'Scaler': MinMaxScaler(), 'Selector__max_features': 4}",0.2966101694915254,0.07692307692307693,0.07692307692307693,0.1501521077792264,0.10356148859620448,437
616,0.06421764691670735,0.022617468916203833,0.009128570556640625,0.0007264047966190697,0.01,poly,15,MinMaxScaler(),8,0.001,4.0,3.0,"{'Classifier__SVC__C': 0.01, 'Classifier__SVC__coef0': 4, 'Classifier__SVC__degree': 3, 'Classifier__SVC__gamma': 0.001, 'Classifier__SVC__kernel': 'poly', 'PCA__n_components': 15, 'Scaler': MinMaxScaler(), 'Selector__max_features': 8}",0.2966101694915254,0.07692307692307693,0.07692307692307693,0.1501521077792264,0.10356148859620448,437
617,0.04074446360270182,0.00601537376683223,0.007920583089192709,0.0012747215657744665,0.01,poly,15,MinMaxScaler(),12,0.001,4.0,3.0,"{'Classifier__SVC__C': 0.01, 'Classifier__SVC__coef0': 4, 'Classifier__SVC__degree': 3, 'Classifier__SVC__gamma': 0.001, 'Classifier__SVC__kernel': 'poly', 'PCA__n_components': 15, 'Scaler': MinMaxScaler(), 'Selector__max_features': 12}",0.2966101694915254,0.07692307692307693,0.07692307692307693,0.1501521077792264,0.10356148859620448,437
618,0.04184087117513021,0.009369574127655756,0.00918110211690267,0.0005661381349024179,0.01,poly,15,MinMaxScaler(),4,0.01,4.0,3.0,"{'Classifier__SVC__C': 0.01, 'Classifier__SVC__coef0': 4, 'Classifier__SVC__degree': 3, 'Classifier__SVC__gamma': 0.01, 'Classifier__SVC__kernel': 'poly', 'PCA__n_components': 15, 'Scaler': MinMaxScaler(), 'Selector__max_features': 4}",0.2966101694915254,0.07692307692307693,0.07692307692307693,0.1501521077792264,0.10356148859620448,437
619,0.03826077779134115,0.00932703726385993,0.009039481480916342,0.00040735711860819554,0.01,poly,15,MinMaxScaler(),8,0.01,4.0,3.0,"{'Classifier__SVC__C': 0.01, 'Classifier__SVC__coef0': 4, 'Classifier__SVC__degree': 3, 'Classifier__SVC__gamma': 0.01, 'Classifier__SVC__kernel': 'poly', 'PCA__n_components': 15, 'Scaler': MinMaxScaler(), 'Selector__max_features': 8}",0.2966101694915254,0.07692307692307693,0.07692307692307693,0.1501521077792264,0.10356148859620448,437
620,0.0364998976389567,0.007277561188542687,0.009801387786865234,0.0002250961814342549,0.01,poly,15,MinMaxScaler(),12,0.01,4.0,3.0,"{'Classifier__SVC__C': 0.01, 'Classifier__SVC__coef0': 4, 'Classifier__SVC__degree': 3, 'Classifier__SVC__gamma': 0.01, 'Classifier__SVC__kernel': 'poly', 'PCA__n_components': 15, 'Scaler': MinMaxScaler(), 'Selector__max_features': 12}",0.2966101694915254,0.07692307692307693,0.07692307692307693,0.1501521077792264,0.10356148859620448,437
621,0.046806891759236656,0.012918179178963953,0.00921487808227539,0.0008599468520155489,0.01,poly,15,MinMaxScaler(),4,0.001,4.0,5.0,"{'Classifier__SVC__C': 0.01, 'Classifier__SVC__coef0': 4, 'Classifier__SVC__degree': 5, 'Classifier__SVC__gamma': 0.001, 'Classifier__SVC__kernel': 'poly', 'PCA__n_components': 15, 'Scaler': MinMaxScaler(), 'Selector__max_features': 4}",0.2966101694915254,0.07692307692307693,0.07692307692307693,0.1501521077792264,0.10356148859620448,437
622,0.036484082539876304,0.008027959384459646,0.010700543721516928,0.000616924411856276,0.01,poly,15,MinMaxScaler(),8,0.001,4.0,5.0,"{'Classifier__SVC__C': 0.01, 'Classifier__SVC__coef0': 4, 'Classifier__SVC__degree': 5, 'Classifier__SVC__gamma': 0.001, 'Classifier__SVC__kernel': 'poly', 'PCA__n_components': 15, 'Scaler': MinMaxScaler(), 'Selector__max_features': 8}",0.2966101694915254,0.07692307692307693,0.07692307692307693,0.1501521077792264,0.10356148859620448,437
623,0.0477608839670817,0.01639204498265849,0.01020208994547526,0.0010228437757258519,0.01,poly,15,MinMaxScaler(),12,0.001,4.0,5.0,"{'Classifier__SVC__C': 0.01, 'Classifier__SVC__coef0': 4, 'Classifier__SVC__degree': 5, 'Classifier__SVC__gamma': 0.001, 'Classifier__SVC__kernel': 'poly', 'PCA__n_components': 15, 'Scaler': MinMaxScaler(), 'Selector__max_features': 12}",0.2966101694915254,0.07692307692307693,0.07692307692307693,0.1501521077792264,0.10356148859620448,437
624,0.03706097602844238,0.009939831640286938,0.011158068974812826,0.0013896806907260529,0.01,poly,15,MinMaxScaler(),4,0.01,4.0,5.0,"{'Classifier__SVC__C': 0.01, 'Classifier__SVC__coef0': 4, 'Classifier__SVC__degree': 5, 'Classifier__SVC__gamma': 0.01, 'Classifier__SVC__kernel': 'poly', 'PCA__n_components': 15, 'Scaler': MinMaxScaler(), 'Selector__max_features': 4}",0.1864406779661017,0.1282051282051282,0.10256410256410256,0.13906996957844417,0.03509371794535598,614
625,0.04330563545227051,0.010443398149322028,0.009873151779174805,0.0001996374686997453,0.01,poly,15,MinMaxScaler(),8,0.01,4.0,5.0,"{'Classifier__SVC__C': 0.01, 'Classifier__SVC__coef0': 4, 'Classifier__SVC__degree': 5, 'Classifier__SVC__gamma': 0.01, 'Classifier__SVC__kernel': 'poly', 'PCA__n_components': 15, 'Scaler': MinMaxScaler(), 'Selector__max_features': 8}",0.2288135593220339,0.24786324786324787,0.1623931623931624,0.21302332319281472,0.03663588900998858,194
626,0.03510260581970215,0.0063287176092111635,0.016123453776041668,0.003983957255861731,0.01,poly,15,MinMaxScaler(),12,0.01,4.0,5.0,"{'Classifier__SVC__C': 0.01, 'Classifier__SVC__coef0': 4, 'Classifier__SVC__degree': 5, 'Classifier__SVC__gamma': 0.01, 'Classifier__SVC__kernel': 'poly', 'PCA__n_components': 15, 'Scaler': MinMaxScaler(), 'Selector__max_features': 12}",0.2288135593220339,0.24786324786324787,0.1623931623931624,0.21302332319281472,0.03663588900998858,194
627,0.041477600733439125,0.010871015489591334,0.01269841194152832,0.0042747211296479725,0.01,poly,15,MinMaxScaler(),4,0.001,6.0,3.0,"{'Classifier__SVC__C': 0.01, 'Classifier__SVC__coef0': 6, 'Classifier__SVC__degree': 3, 'Classifier__SVC__gamma': 0.001, 'Classifier__SVC__kernel': 'poly', 'PCA__n_components': 15, 'Scaler': MinMaxScaler(), 'Selector__max_features': 4}",0.2966101694915254,0.07692307692307693,0.07692307692307693,0.1501521077792264,0.10356148859620448,437
628,0.037104129791259766,0.005983993970462037,0.012614806493123373,0.004269251025329505,0.01,poly,15,MinMaxScaler(),8,0.001,6.0,3.0,"{'Classifier__SVC__C': 0.01, 'Classifier__SVC__coef0': 6, 'Classifier__SVC__degree': 3, 'Classifier__SVC__gamma': 0.001, 'Classifier__SVC__kernel': 'poly', 'PCA__n_components': 15, 'Scaler': MinMaxScaler(), 'Selector__max_features': 8}",0.2966101694915254,0.07692307692307693,0.07692307692307693,0.1501521077792264,0.10356148859620448,437
629,0.050403594970703125,0.007244605260506259,0.01103504498799642,0.0022098445671712274,0.01,poly,15,MinMaxScaler(),12,0.001,6.0,3.0,"{'Classifier__SVC__C': 0.01, 'Classifier__SVC__coef0': 6, 'Classifier__SVC__degree': 3, 'Classifier__SVC__gamma': 0.001, 'Classifier__SVC__kernel': 'poly', 'PCA__n_components': 15, 'Scaler': MinMaxScaler(), 'Selector__max_features': 12}",0.2966101694915254,0.07692307692307693,0.07692307692307693,0.1501521077792264,0.10356148859620448,437
630,0.04604816436767578,0.0019055607582130283,0.008981148401896158,0.0004938588019037671,0.01,poly,15,MinMaxScaler(),4,0.01,6.0,3.0,"{'Classifier__SVC__C': 0.01, 'Classifier__SVC__coef0': 6, 'Classifier__SVC__degree': 3, 'Classifier__SVC__gamma': 0.01, 'Classifier__SVC__kernel': 'poly', 'PCA__n_components': 15, 'Scaler': MinMaxScaler(), 'Selector__max_features': 4}",0.2966101694915254,0.07692307692307693,0.07692307692307693,0.1501521077792264,0.10356148859620448,437
631,0.04484415054321289,0.0034762265141251064,0.009192943572998047,0.00046667329397313736,0.01,poly,15,MinMaxScaler(),8,0.01,6.0,3.0,"{'Classifier__SVC__C': 0.01, 'Classifier__SVC__coef0': 6, 'Classifier__SVC__degree': 3, 'Classifier__SVC__gamma': 0.01, 'Classifier__SVC__kernel': 'poly', 'PCA__n_components': 15, 'Scaler': MinMaxScaler(), 'Selector__max_features': 8}",0.2966101694915254,0.07692307692307693,0.07692307692307693,0.1501521077792264,0.10356148859620448,437
632,0.043529113133748375,0.0029240642772522937,0.009034077326456705,0.0003977463316273175,0.01,poly,15,MinMaxScaler(),12,0.01,6.0,3.0,"{'Classifier__SVC__C': 0.01, 'Classifier__SVC__coef0': 6, 'Classifier__SVC__degree': 3, 'Classifier__SVC__gamma': 0.01, 'Classifier__SVC__kernel': 'poly', 'PCA__n_components': 15, 'Scaler': MinMaxScaler(), 'Selector__max_features': 12}",0.2966101694915254,0.07692307692307693,0.07692307692307693,0.1501521077792264,0.10356148859620448,437
633,0.04213261604309082,0.005035090719168907,0.009554704030354818,0.0007562957602287245,0.01,poly,15,MinMaxScaler(),4,0.001,6.0,5.0,"{'Classifier__SVC__C': 0.01, 'Classifier__SVC__coef0': 6, 'Classifier__SVC__degree': 5, 'Classifier__SVC__gamma': 0.001, 'Classifier__SVC__kernel': 'poly', 'PCA__n_components': 15, 'Scaler': MinMaxScaler(), 'Selector__max_features': 4}",0.288135593220339,0.07692307692307693,0.07692307692307693,0.1473272490221643,0.09956653503017879,574
634,0.04252545038859049,0.003949003709971433,0.009697437286376953,0.0003328865284054234,0.01,poly,15,MinMaxScaler(),8,0.001,6.0,5.0,"{'Classifier__SVC__C': 0.01, 'Classifier__SVC__coef0': 6, 'Classifier__SVC__degree': 5, 'Classifier__SVC__gamma': 0.001, 'Classifier__SVC__kernel': 'poly', 'PCA__n_components': 15, 'Scaler': MinMaxScaler(), 'Selector__max_features': 8}",0.2796610169491525,0.1282051282051282,0.10256410256410256,0.17014341590612778,0.07814492627012662,331
635,0.04155564308166504,0.004592587552533285,0.027181069056193035,0.013507577566323049,0.01,poly,15,MinMaxScaler(),12,0.001,6.0,5.0,"{'Classifier__SVC__C': 0.01, 'Classifier__SVC__coef0': 6, 'Classifier__SVC__degree': 5, 'Classifier__SVC__gamma': 0.001, 'Classifier__SVC__kernel': 'poly', 'PCA__n_components': 15, 'Scaler': MinMaxScaler(), 'Selector__max_features': 12}",0.2796610169491525,0.1282051282051282,0.10256410256410256,0.17014341590612778,0.07814492627012662,331
636,0.0431065559387207,0.0045660293253985415,0.015959660212198894,0.00908860637433408,0.01,poly,15,MinMaxScaler(),4,0.01,6.0,5.0,"{'Classifier__SVC__C': 0.01, 'Classifier__SVC__coef0': 6, 'Classifier__SVC__degree': 5, 'Classifier__SVC__gamma': 0.01, 'Classifier__SVC__kernel': 'poly', 'PCA__n_components': 15, 'Scaler': MinMaxScaler(), 'Selector__max_features': 4}",0.2711864406779661,0.20512820512820512,0.1794871794871795,0.21860060843111692,0.03862915879489014,180
637,0.05016223589579264,0.010830850327221211,0.029767831166585285,0.011119058345006889,0.01,poly,15,MinMaxScaler(),8,0.01,6.0,5.0,"{'Classifier__SVC__C': 0.01, 'Classifier__SVC__coef0': 6, 'Classifier__SVC__degree': 5, 'Classifier__SVC__gamma': 0.01, 'Classifier__SVC__kernel': 'poly', 'PCA__n_components': 15, 'Scaler': MinMaxScaler(), 'Selector__max_features': 8}",0.22033898305084745,0.23931623931623933,0.1282051282051282,0.19595345019073832,0.04852772686990409,222
638,0.05192796389261881,0.022591148307332123,0.013245820999145508,0.003651148757797345,0.01,poly,15,MinMaxScaler(),12,0.01,6.0,5.0,"{'Classifier__SVC__C': 0.01, 'Classifier__SVC__coef0': 6, 'Classifier__SVC__degree': 5, 'Classifier__SVC__gamma': 0.01, 'Classifier__SVC__kernel': 'poly', 'PCA__n_components': 15, 'Scaler': MinMaxScaler(), 'Selector__max_features': 12}",0.22033898305084745,0.23931623931623933,0.1282051282051282,0.19595345019073832,0.04852772686990409,222
639,0.07123502095540364,0.024677430220448285,0.006887515385945638,0.002085508465023216,0.1,poly,15,MinMaxScaler(),4,0.001,2.0,3.0,"{'Classifier__SVC__C': 0.1, 'Classifier__SVC__coef0': 2, 'Classifier__SVC__degree': 3, 'Classifier__SVC__gamma': 0.001, 'Classifier__SVC__kernel': 'poly', 'PCA__n_components': 15, 'Scaler': MinMaxScaler(), 'Selector__max_features': 4}",0.03389830508474576,0.08547008547008547,0.13675213675213677,0.08537350910232266,0.04198995647701252,701
640,0.04846056302388509,0.005985512385014093,0.011267900466918945,0.0030711666461130114,0.1,poly,15,MinMaxScaler(),8,0.001,2.0,3.0,"{'Classifier__SVC__C': 0.1, 'Classifier__SVC__coef0': 2, 'Classifier__SVC__degree': 3, 'Classifier__SVC__gamma': 0.001, 'Classifier__SVC__kernel': 'poly', 'PCA__n_components': 15, 'Scaler': MinMaxScaler(), 'Selector__max_features': 8}",0.1271186440677966,0.08547008547008547,0.13675213675213677,0.11644695543000627,0.022254226560516423,628
641,0.03418087959289551,0.005384978882085727,0.009709596633911133,0.0006257041431014311,0.1,poly,15,MinMaxScaler(),12,0.001,2.0,3.0,"{'Classifier__SVC__C': 0.1, 'Classifier__SVC__coef0': 2, 'Classifier__SVC__degree': 3, 'Classifier__SVC__gamma': 0.001, 'Classifier__SVC__kernel': 'poly', 'PCA__n_components': 15, 'Scaler': MinMaxScaler(), 'Selector__max_features': 12}",0.1271186440677966,0.08547008547008547,0.13675213675213677,0.11644695543000627,0.022254226560516423,628
642,0.03341380755106608,0.013946214691696072,0.009315808614095053,0.000620625904790099,0.1,poly,15,MinMaxScaler(),4,0.01,2.0,3.0,"{'Classifier__SVC__C': 0.1, 'Classifier__SVC__coef0': 2, 'Classifier__SVC__degree': 3, 'Classifier__SVC__gamma': 0.01, 'Classifier__SVC__kernel': 'poly', 'PCA__n_components': 15, 'Scaler': MinMaxScaler(), 'Selector__max_features': 4}",0.03389830508474576,0.08547008547008547,0.13675213675213677,0.08537350910232266,0.04198995647701252,701
643,0.036344448725382485,0.006593301842166885,0.012278397878011068,0.0032889402201145617,0.1,poly,15,MinMaxScaler(),8,0.01,2.0,3.0,"{'Classifier__SVC__C': 0.1, 'Classifier__SVC__coef0': 2, 'Classifier__SVC__degree': 3, 'Classifier__SVC__gamma': 0.01, 'Classifier__SVC__kernel': 'poly', 'PCA__n_components': 15, 'Scaler': MinMaxScaler(), 'Selector__max_features': 8}",0.1271186440677966,0.08547008547008547,0.13675213675213677,0.11644695543000627,0.022254226560516423,628
644,0.03149096171061198,0.0068635699281949705,0.010623534520467123,0.0010419724125896872,0.1,poly,15,MinMaxScaler(),12,0.01,2.0,3.0,"{'Classifier__SVC__C': 0.1, 'Classifier__SVC__coef0': 2, 'Classifier__SVC__degree': 3, 'Classifier__SVC__gamma': 0.01, 'Classifier__SVC__kernel': 'poly', 'PCA__n_components': 15, 'Scaler': MinMaxScaler(), 'Selector__max_features': 12}",0.1271186440677966,0.08547008547008547,0.13675213675213677,0.11644695543000627,0.022254226560516423,628
645,0.0373071034749349,0.004912739010741016,0.009652137756347656,0.0008938992019899006,0.1,poly,15,MinMaxScaler(),4,0.001,2.0,5.0,"{'Classifier__SVC__C': 0.1, 'Classifier__SVC__coef0': 2, 'Classifier__SVC__degree': 5, 'Classifier__SVC__gamma': 0.001, 'Classifier__SVC__kernel': 'poly', 'PCA__n_components': 15, 'Scaler': MinMaxScaler(), 'Selector__max_features': 4}",0.03389830508474576,0.08547008547008547,0.13675213675213677,0.08537350910232266,0.04198995647701252,701
646,0.03609824180603027,0.004057868938066146,0.010099013646443685,0.0009191240075315406,0.1,poly,15,MinMaxScaler(),8,0.001,2.0,5.0,"{'Classifier__SVC__C': 0.1, 'Classifier__SVC__coef0': 2, 'Classifier__SVC__degree': 5, 'Classifier__SVC__gamma': 0.001, 'Classifier__SVC__kernel': 'poly', 'PCA__n_components': 15, 'Scaler': MinMaxScaler(), 'Selector__max_features': 8}",0.1271186440677966,0.08547008547008547,0.13675213675213677,0.11644695543000627,0.022254226560516423,628
647,0.03907012939453125,0.0026120455844818088,0.009721676508585611,0.00024539610520948483,0.1,poly,15,MinMaxScaler(),12,0.001,2.0,5.0,"{'Classifier__SVC__C': 0.1, 'Classifier__SVC__coef0': 2, 'Classifier__SVC__degree': 5, 'Classifier__SVC__gamma': 0.001, 'Classifier__SVC__kernel': 'poly', 'PCA__n_components': 15, 'Scaler': MinMaxScaler(), 'Selector__max_features': 12}",0.1271186440677966,0.08547008547008547,0.13675213675213677,0.11644695543000627,0.022254226560516423,628
648,0.03711620966593424,0.0017030677778337709,0.010311206181844076,0.0006188921484419377,0.1,poly,15,MinMaxScaler(),4,0.01,2.0,5.0,"{'Classifier__SVC__C': 0.1, 'Classifier__SVC__coef0': 2, 'Classifier__SVC__degree': 5, 'Classifier__SVC__gamma': 0.01, 'Classifier__SVC__kernel': 'poly', 'PCA__n_components': 15, 'Scaler': MinMaxScaler(), 'Selector__max_features': 4}",0.06779661016949153,0.1111111111111111,0.08547008547008547,0.0881259355835627,0.01778251299871747,700
649,0.03673195838928223,0.0008452586829326293,0.00985415776570638,0.00026001797563099453,0.1,poly,15,MinMaxScaler(),8,0.01,2.0,5.0,"{'Classifier__SVC__C': 0.1, 'Classifier__SVC__coef0': 2, 'Classifier__SVC__degree': 5, 'Classifier__SVC__gamma': 0.01, 'Classifier__SVC__kernel': 'poly', 'PCA__n_components': 15, 'Scaler': MinMaxScaler(), 'Selector__max_features': 8}",0.09322033898305085,0.1282051282051282,0.17094017094017094,0.13078854604278334,0.031781531383847046,624
650,0.037431796391805015,0.0008380387016618894,0.010307947794596354,0.0008993166150633361,0.1,poly,15,MinMaxScaler(),12,0.01,2.0,5.0,"{'Classifier__SVC__C': 0.1, 'Classifier__SVC__coef0': 2, 'Classifier__SVC__degree': 5, 'Classifier__SVC__gamma': 0.01, 'Classifier__SVC__kernel': 'poly', 'PCA__n_components': 15, 'Scaler': MinMaxScaler(), 'Selector__max_features': 12}",0.09322033898305085,0.1282051282051282,0.17094017094017094,0.13078854604278334,0.031781531383847046,624
651,0.03608417510986328,0.0014770735951415762,0.011593977610270182,0.003185511824008826,0.1,poly,15,MinMaxScaler(),4,0.001,4.0,3.0,"{'Classifier__SVC__C': 0.1, 'Classifier__SVC__coef0': 4, 'Classifier__SVC__degree': 3, 'Classifier__SVC__gamma': 0.001, 'Classifier__SVC__kernel': 'poly', 'PCA__n_components': 15, 'Scaler': MinMaxScaler(), 'Selector__max_features': 4}",0.03389830508474576,0.08547008547008547,0.13675213675213677,0.08537350910232266,0.04198995647701252,701
652,0.03610873222351074,0.00026430610967018907,0.008806864420572916,0.0002130604376283261,0.1,poly,15,MinMaxScaler(),8,0.001,4.0,3.0,"{'Classifier__SVC__C': 0.1, 'Classifier__SVC__coef0': 4, 'Classifier__SVC__degree': 3, 'Classifier__SVC__gamma': 0.001, 'Classifier__SVC__kernel': 'poly', 'PCA__n_components': 15, 'Scaler': MinMaxScaler(), 'Selector__max_features': 8}",0.1271186440677966,0.08547008547008547,0.13675213675213677,0.11644695543000627,0.022254226560516423,628
653,0.037850538889567055,0.003277542766974476,0.009990374247233072,0.0011277424662422453,0.1,poly,15,MinMaxScaler(),12,0.001,4.0,3.0,"{'Classifier__SVC__C': 0.1, 'Classifier__SVC__coef0': 4, 'Classifier__SVC__degree': 3, 'Classifier__SVC__gamma': 0.001, 'Classifier__SVC__kernel': 'poly', 'PCA__n_components': 15, 'Scaler': MinMaxScaler(), 'Selector__max_features': 12}",0.1271186440677966,0.08547008547008547,0.13675213675213677,0.11644695543000627,0.022254226560516423,628
654,0.036187966664632164,0.0016150869131234663,0.010231097539265951,0.0008585833689928096,0.1,poly,15,MinMaxScaler(),4,0.01,4.0,3.0,"{'Classifier__SVC__C': 0.1, 'Classifier__SVC__coef0': 4, 'Classifier__SVC__degree': 3, 'Classifier__SVC__gamma': 0.01, 'Classifier__SVC__kernel': 'poly', 'PCA__n_components': 15, 'Scaler': MinMaxScaler(), 'Selector__max_features': 4}",0.03389830508474576,0.08547008547008547,0.1282051282051282,0.08252450625331981,0.03855689777853379,736
655,0.03722842534383138,0.0027981570336536293,0.009983698527018229,0.0004768383635399737,0.1,poly,15,MinMaxScaler(),8,0.01,4.0,3.0,"{'Classifier__SVC__C': 0.1, 'Classifier__SVC__coef0': 4, 'Classifier__SVC__degree': 3, 'Classifier__SVC__gamma': 0.01, 'Classifier__SVC__kernel': 'poly', 'PCA__n_components': 15, 'Scaler': MinMaxScaler(), 'Selector__max_features': 8}",0.1271186440677966,0.08547008547008547,0.1282051282051282,0.11359795258100343,0.019894350841420005,645
656,0.03384176890055338,0.000938131157448389,0.009722391764322916,0.00023651990930124894,0.1,poly,15,MinMaxScaler(),12,0.01,4.0,3.0,"{'Classifier__SVC__C': 0.1, 'Classifier__SVC__coef0': 4, 'Classifier__SVC__degree': 3, 'Classifier__SVC__gamma': 0.01, 'Classifier__SVC__kernel': 'poly', 'PCA__n_components': 15, 'Scaler': MinMaxScaler(), 'Selector__max_features': 12}",0.1271186440677966,0.08547008547008547,0.1282051282051282,0.11359795258100343,0.019894350841420005,645
657,0.034791151682535805,0.002046075596461602,0.009913047154744467,0.0012685183277272264,0.1,poly,15,MinMaxScaler(),4,0.001,4.0,5.0,"{'Classifier__SVC__C': 0.1, 'Classifier__SVC__coef0': 4, 'Classifier__SVC__degree': 5, 'Classifier__SVC__gamma': 0.001, 'Classifier__SVC__kernel': 'poly', 'PCA__n_components': 15, 'Scaler': MinMaxScaler(), 'Selector__max_features': 4}",0.07627118644067797,0.15384615384615385,0.09401709401709402,0.10804481143464195,0.03318686019044379,648
658,0.03730217615763346,0.006180176282323615,0.010217030843098959,0.0009544378310474648,0.1,poly,15,MinMaxScaler(),8,0.001,4.0,5.0,"{'Classifier__SVC__C': 0.1, 'Classifier__SVC__coef0': 4, 'Classifier__SVC__degree': 5, 'Classifier__SVC__gamma': 0.001, 'Classifier__SVC__kernel': 'poly', 'PCA__n_components': 15, 'Scaler': MinMaxScaler(), 'Selector__max_features': 8}",0.11016949152542373,0.1794871794871795,0.13675213675213677,0.14213626925491332,0.028553775327691502,610
659,0.04783550898234049,0.016675863501941886,0.016960779825846355,0.005787041128400875,0.1,poly,15,MinMaxScaler(),12,0.001,4.0,5.0,"{'Classifier__SVC__C': 0.1, 'Classifier__SVC__coef0': 4, 'Classifier__SVC__degree': 5, 'Classifier__SVC__gamma': 0.001, 'Classifier__SVC__kernel': 'poly', 'PCA__n_components': 15, 'Scaler': MinMaxScaler(), 'Selector__max_features': 12}",0.11016949152542373,0.1794871794871795,0.13675213675213677,0.14213626925491332,0.028553775327691502,610
660,0.04116741816202799,0.013761144033279762,0.012776772181193033,0.004586225870487178,0.1,poly,15,MinMaxScaler(),4,0.01,4.0,5.0,"{'Classifier__SVC__C': 0.1, 'Classifier__SVC__coef0': 4, 'Classifier__SVC__degree': 5, 'Classifier__SVC__gamma': 0.01, 'Classifier__SVC__kernel': 'poly', 'PCA__n_components': 15, 'Scaler': MinMaxScaler(), 'Selector__max_features': 4}",0.2457627118644068,0.24786324786324787,0.1452991452991453,0.21297503500893333,0.047861763436513355,197
661,0.05237714449564616,0.016042410308054277,0.012378931045532227,0.0036773159220339657,0.1,poly,15,MinMaxScaler(),8,0.01,4.0,5.0,"{'Classifier__SVC__C': 0.1, 'Classifier__SVC__coef0': 4, 'Classifier__SVC__degree': 5, 'Classifier__SVC__gamma': 0.01, 'Classifier__SVC__kernel': 'poly', 'PCA__n_components': 15, 'Scaler': MinMaxScaler(), 'Selector__max_features': 8}",0.2457627118644068,0.23931623931623933,0.1623931623931624,0.21582403785793616,0.03787288468704835,188
662,0.04309860865275065,0.018296759941368278,0.009184678395589193,0.0006374154290354453,0.1,poly,15,MinMaxScaler(),12,0.01,4.0,5.0,"{'Classifier__SVC__C': 0.1, 'Classifier__SVC__coef0': 4, 'Classifier__SVC__degree': 5, 'Classifier__SVC__gamma': 0.01, 'Classifier__SVC__kernel': 'poly', 'PCA__n_components': 15, 'Scaler': MinMaxScaler(), 'Selector__max_features': 12}",0.2457627118644068,0.23931623931623933,0.1623931623931624,0.21582403785793616,0.03787288468704835,188
663,0.039736032485961914,0.00534537432265572,0.017524003982543945,0.00573892795456676,0.1,poly,15,MinMaxScaler(),4,0.001,6.0,3.0,"{'Classifier__SVC__C': 0.1, 'Classifier__SVC__coef0': 6, 'Classifier__SVC__degree': 3, 'Classifier__SVC__gamma': 0.001, 'Classifier__SVC__kernel': 'poly', 'PCA__n_components': 15, 'Scaler': MinMaxScaler(), 'Selector__max_features': 4}",0.03389830508474576,0.08547008547008547,0.13675213675213677,0.08537350910232266,0.04198995647701252,701
664,0.0401770273844401,0.01238598108191576,0.01257173220316569,0.0021705647548216672,0.1,poly,15,MinMaxScaler(),8,0.001,6.0,3.0,"{'Classifier__SVC__C': 0.1, 'Classifier__SVC__coef0': 6, 'Classifier__SVC__degree': 3, 'Classifier__SVC__gamma': 0.001, 'Classifier__SVC__kernel': 'poly', 'PCA__n_components': 15, 'Scaler': MinMaxScaler(), 'Selector__max_features': 8}",0.1271186440677966,0.08547008547008547,0.13675213675213677,0.11644695543000627,0.022254226560516423,628
665,0.04481053352355957,0.010048838011061198,0.011268138885498047,0.0009578448142070071,0.1,poly,15,MinMaxScaler(),12,0.001,6.0,3.0,"{'Classifier__SVC__C': 0.1, 'Classifier__SVC__coef0': 6, 'Classifier__SVC__degree': 3, 'Classifier__SVC__gamma': 0.001, 'Classifier__SVC__kernel': 'poly', 'PCA__n_components': 15, 'Scaler': MinMaxScaler(), 'Selector__max_features': 12}",0.1271186440677966,0.08547008547008547,0.13675213675213677,0.11644695543000627,0.022254226560516423,628
666,0.03968493143717448,0.008709138761993442,0.009060144424438477,0.0008668512873249908,0.1,poly,15,MinMaxScaler(),4,0.01,6.0,3.0,"{'Classifier__SVC__C': 0.1, 'Classifier__SVC__coef0': 6, 'Classifier__SVC__degree': 3, 'Classifier__SVC__gamma': 0.01, 'Classifier__SVC__kernel': 'poly', 'PCA__n_components': 15, 'Scaler': MinMaxScaler(), 'Selector__max_features': 4}",0.0847457627118644,0.1452991452991453,0.10256410256410256,0.11086967019170409,0.025408855095588236,647
667,0.04491917292277018,0.006260578630732467,0.009365161259969076,0.00046900889130753074,0.1,poly,15,MinMaxScaler(),8,0.01,6.0,3.0,"{'Classifier__SVC__C': 0.1, 'Classifier__SVC__coef0': 6, 'Classifier__SVC__degree': 3, 'Classifier__SVC__gamma': 0.01, 'Classifier__SVC__kernel': 'poly', 'PCA__n_components': 15, 'Scaler': MinMaxScaler(), 'Selector__max_features': 8}",0.1016949152542373,0.18803418803418803,0.1623931623931624,0.15070742189386258,0.03620345199291929,417
668,0.043474276860555015,0.007148386961565083,0.010704358418782553,0.0020325059306166063,0.1,poly,15,MinMaxScaler(),12,0.01,6.0,3.0,"{'Classifier__SVC__C': 0.1, 'Classifier__SVC__coef0': 6, 'Classifier__SVC__degree': 3, 'Classifier__SVC__gamma': 0.01, 'Classifier__SVC__kernel': 'poly', 'PCA__n_components': 15, 'Scaler': MinMaxScaler(), 'Selector__max_features': 12}",0.1016949152542373,0.18803418803418803,0.1623931623931624,0.15070742189386258,0.03620345199291929,417
669,0.04782644907633463,0.009287116293794898,0.012783368428548178,0.002471378805082797,0.1,poly,15,MinMaxScaler(),4,0.001,6.0,5.0,"{'Classifier__SVC__C': 0.1, 'Classifier__SVC__coef0': 6, 'Classifier__SVC__degree': 5, 'Classifier__SVC__gamma': 0.001, 'Classifier__SVC__kernel': 'poly', 'PCA__n_components': 15, 'Scaler': MinMaxScaler(), 'Selector__max_features': 4}",0.2711864406779661,0.19658119658119658,0.1794871794871795,0.21575160558211406,0.039814713039954375,191
670,0.041022698084513344,0.00553731409429933,0.012627840042114258,0.0013718035708995418,0.1,poly,15,MinMaxScaler(),8,0.001,6.0,5.0,"{'Classifier__SVC__C': 0.1, 'Classifier__SVC__coef0': 6, 'Classifier__SVC__degree': 5, 'Classifier__SVC__gamma': 0.001, 'Classifier__SVC__kernel': 'poly', 'PCA__n_components': 15, 'Scaler': MinMaxScaler(), 'Selector__max_features': 8}",0.22033898305084745,0.23931623931623933,0.1282051282051282,0.19595345019073832,0.04852772686990409,222
671,0.0457154115041097,0.005066286535913802,0.011004130045572916,0.0028599757048339233,0.1,poly,15,MinMaxScaler(),12,0.001,6.0,5.0,"{'Classifier__SVC__C': 0.1, 'Classifier__SVC__coef0': 6, 'Classifier__SVC__degree': 5, 'Classifier__SVC__gamma': 0.001, 'Classifier__SVC__kernel': 'poly', 'PCA__n_components': 15, 'Scaler': MinMaxScaler(), 'Selector__max_features': 12}",0.22033898305084745,0.23931623931623933,0.1282051282051282,0.19595345019073832,0.04852772686990409,222
672,0.04477318127950033,0.00463317982654073,0.009212732315063477,0.0014459141175938032,0.1,poly,15,MinMaxScaler(),4,0.01,6.0,5.0,"{'Classifier__SVC__C': 0.1, 'Classifier__SVC__coef0': 6, 'Classifier__SVC__degree': 5, 'Classifier__SVC__gamma': 0.01, 'Classifier__SVC__kernel': 'poly', 'PCA__n_components': 15, 'Scaler': MinMaxScaler(), 'Selector__max_features': 4}",0.2627118644067797,0.2564102564102564,0.1794871794871795,0.23286976676807183,0.0378347550490906,152
673,0.04431955019632975,0.005745695581603625,0.008684317270914713,0.0009352053041229006,0.1,poly,15,MinMaxScaler(),8,0.01,6.0,5.0,"{'Classifier__SVC__C': 0.1, 'Classifier__SVC__coef0': 6, 'Classifier__SVC__degree': 5, 'Classifier__SVC__gamma': 0.01, 'Classifier__SVC__kernel': 'poly', 'PCA__n_components': 15, 'Scaler': MinMaxScaler(), 'Selector__max_features': 8}",0.19491525423728814,0.3162393162393162,0.18803418803418803,0.23306291950359748,0.05888164399016118,147
674,0.04554144541422526,0.0050397655334685175,0.010344505310058594,0.0029603253411106165,0.1,poly,15,MinMaxScaler(),12,0.01,6.0,5.0,"{'Classifier__SVC__C': 0.1, 'Classifier__SVC__coef0': 6, 'Classifier__SVC__degree': 5, 'Classifier__SVC__gamma': 0.01, 'Classifier__SVC__kernel': 'poly', 'PCA__n_components': 15, 'Scaler': MinMaxScaler(), 'Selector__max_features': 12}",0.19491525423728814,0.3162393162393162,0.18803418803418803,0.23306291950359748,0.05888164399016118,147
675,0.047607739766438804,0.006861299328468953,0.01137240727742513,0.0010658760159477823,0.001,poly,10,MinMaxScaler(),4,0.001,2.0,3.0,"{'Classifier__SVC__C': 0.001, 'Classifier__SVC__coef0': 2, 'Classifier__SVC__degree': 3, 'Classifier__SVC__gamma': 0.001, 'Classifier__SVC__kernel': 'poly', 'PCA__n_components': 10, 'Scaler': MinMaxScaler(), 'Selector__max_features': 4}",0.2711864406779661,0.07692307692307693,0.13675213675213677,0.16162055145105994,0.08123378673749534,348
676,0.039481163024902344,0.00707494048528125,0.01641114552815755,0.004778260706652145,0.001,poly,10,MinMaxScaler(),8,0.001,2.0,3.0,"{'Classifier__SVC__C': 0.001, 'Classifier__SVC__coef0': 2, 'Classifier__SVC__degree': 3, 'Classifier__SVC__gamma': 0.001, 'Classifier__SVC__kernel': 'poly', 'PCA__n_components': 10, 'Scaler': MinMaxScaler(), 'Selector__max_features': 8}",0.2711864406779661,0.07692307692307693,0.13675213675213677,0.16162055145105994,0.08123378673749534,348
677,0.04221487045288086,0.006734336231897005,0.009293317794799805,0.00020141869104299095,0.001,poly,10,MinMaxScaler(),4,0.01,2.0,3.0,"{'Classifier__SVC__C': 0.001, 'Classifier__SVC__coef0': 2, 'Classifier__SVC__degree': 3, 'Classifier__SVC__gamma': 0.01, 'Classifier__SVC__kernel': 'poly', 'PCA__n_components': 10, 'Scaler': MinMaxScaler(), 'Selector__max_features': 4}",0.2711864406779661,0.07692307692307693,0.13675213675213677,0.16162055145105994,0.08123378673749534,348
678,0.03999614715576172,0.0012839892774320245,0.01045831044514974,0.0015870937776806342,0.001,poly,10,MinMaxScaler(),8,0.01,2.0,3.0,"{'Classifier__SVC__C': 0.001, 'Classifier__SVC__coef0': 2, 'Classifier__SVC__degree': 3, 'Classifier__SVC__gamma': 0.01, 'Classifier__SVC__kernel': 'poly', 'PCA__n_components': 10, 'Scaler': MinMaxScaler(), 'Selector__max_features': 8}",0.2711864406779661,0.07692307692307693,0.13675213675213677,0.16162055145105994,0.08123378673749534,348
679,0.0460965633392334,0.006410838596578344,0.010587215423583984,0.0022253676587948236,0.001,poly,10,MinMaxScaler(),4,0.001,2.0,5.0,"{'Classifier__SVC__C': 0.001, 'Classifier__SVC__coef0': 2, 'Classifier__SVC__degree': 5, 'Classifier__SVC__gamma': 0.001, 'Classifier__SVC__kernel': 'poly', 'PCA__n_components': 10, 'Scaler': MinMaxScaler(), 'Selector__max_features': 4}",0.2711864406779661,0.07692307692307693,0.13675213675213677,0.16162055145105994,0.08123378673749534,348
680,0.04358092943827311,0.0029932805854926657,0.00934131940205892,0.0005577863789626278,0.001,poly,10,MinMaxScaler(),8,0.001,2.0,5.0,"{'Classifier__SVC__C': 0.001, 'Classifier__SVC__coef0': 2, 'Classifier__SVC__degree': 5, 'Classifier__SVC__gamma': 0.001, 'Classifier__SVC__kernel': 'poly', 'PCA__n_components': 10, 'Scaler': MinMaxScaler(), 'Selector__max_features': 8}",0.2711864406779661,0.07692307692307693,0.13675213675213677,0.16162055145105994,0.08123378673749534,348
681,0.04328234990437826,0.0017732828140875065,0.009716510772705078,0.00024361580390535857,0.001,poly,10,MinMaxScaler(),4,0.01,2.0,5.0,"{'Classifier__SVC__C': 0.001, 'Classifier__SVC__coef0': 2, 'Classifier__SVC__degree': 5, 'Classifier__SVC__gamma': 0.01, 'Classifier__SVC__kernel': 'poly', 'PCA__n_components': 10, 'Scaler': MinMaxScaler(), 'Selector__max_features': 4}",0.2711864406779661,0.07692307692307693,0.13675213675213677,0.16162055145105994,0.08123378673749534,348
682,0.04473670323689779,0.003809415206792492,0.010387738545735678,0.0008616911944153572,0.001,poly,10,MinMaxScaler(),8,0.01,2.0,5.0,"{'Classifier__SVC__C': 0.001, 'Classifier__SVC__coef0': 2, 'Classifier__SVC__degree': 5, 'Classifier__SVC__gamma': 0.01, 'Classifier__SVC__kernel': 'poly', 'PCA__n_components': 10, 'Scaler': MinMaxScaler(), 'Selector__max_features': 8}",0.2711864406779661,0.07692307692307693,0.13675213675213677,0.16162055145105994,0.08123378673749534,348
683,0.041896979014078774,0.005021761544557598,0.011168082555135092,0.001493713491317439,0.001,poly,10,MinMaxScaler(),4,0.001,4.0,3.0,"{'Classifier__SVC__C': 0.001, 'Classifier__SVC__coef0': 4, 'Classifier__SVC__degree': 3, 'Classifier__SVC__gamma': 0.001, 'Classifier__SVC__kernel': 'poly', 'PCA__n_components': 10, 'Scaler': MinMaxScaler(), 'Selector__max_features': 4}",0.2711864406779661,0.07692307692307693,0.13675213675213677,0.16162055145105994,0.08123378673749534,348
684,0.037712812423706055,0.0032185845956936437,0.010242303212483725,0.00021567332307374055,0.001,poly,10,MinMaxScaler(),8,0.001,4.0,3.0,"{'Classifier__SVC__C': 0.001, 'Classifier__SVC__coef0': 4, 'Classifier__SVC__degree': 3, 'Classifier__SVC__gamma': 0.001, 'Classifier__SVC__kernel': 'poly', 'PCA__n_components': 10, 'Scaler': MinMaxScaler(), 'Selector__max_features': 8}",0.2711864406779661,0.07692307692307693,0.13675213675213677,0.16162055145105994,0.08123378673749534,348
685,0.03870820999145508,0.006614626040909458,0.008749882380167643,0.0002841260214494839,0.001,poly,10,MinMaxScaler(),4,0.01,4.0,3.0,"{'Classifier__SVC__C': 0.001, 'Classifier__SVC__coef0': 4, 'Classifier__SVC__degree': 3, 'Classifier__SVC__gamma': 0.01, 'Classifier__SVC__kernel': 'poly', 'PCA__n_components': 10, 'Scaler': MinMaxScaler(), 'Selector__max_features': 4}",0.2711864406779661,0.07692307692307693,0.13675213675213677,0.16162055145105994,0.08123378673749534,348
686,0.03808204332987467,0.004941269851106203,0.010125001271565756,0.00043095991432154124,0.001,poly,10,MinMaxScaler(),8,0.01,4.0,3.0,"{'Classifier__SVC__C': 0.001, 'Classifier__SVC__coef0': 4, 'Classifier__SVC__degree': 3, 'Classifier__SVC__gamma': 0.01, 'Classifier__SVC__kernel': 'poly', 'PCA__n_components': 10, 'Scaler': MinMaxScaler(), 'Selector__max_features': 8}",0.2711864406779661,0.07692307692307693,0.13675213675213677,0.16162055145105994,0.08123378673749534,348
687,0.038241068522135414,0.0025981474312802674,0.010018110275268555,0.0009266807457828431,0.001,poly,10,MinMaxScaler(),4,0.001,4.0,5.0,"{'Classifier__SVC__C': 0.001, 'Classifier__SVC__coef0': 4, 'Classifier__SVC__degree': 5, 'Classifier__SVC__gamma': 0.001, 'Classifier__SVC__kernel': 'poly', 'PCA__n_components': 10, 'Scaler': MinMaxScaler(), 'Selector__max_features': 4}",0.2711864406779661,0.07692307692307693,0.13675213675213677,0.16162055145105994,0.08123378673749534,348
688,0.03714744249979655,0.002890826955010447,0.009119749069213867,5.3273972186190475e-05,0.001,poly,10,MinMaxScaler(),8,0.001,4.0,5.0,"{'Classifier__SVC__C': 0.001, 'Classifier__SVC__coef0': 4, 'Classifier__SVC__degree': 5, 'Classifier__SVC__gamma': 0.001, 'Classifier__SVC__kernel': 'poly', 'PCA__n_components': 10, 'Scaler': MinMaxScaler(), 'Selector__max_features': 8}",0.2711864406779661,0.07692307692307693,0.13675213675213677,0.16162055145105994,0.08123378673749534,348
689,0.03850452105204264,0.002424919665808723,0.012677590052286783,0.0037091517483120646,0.001,poly,10,MinMaxScaler(),4,0.01,4.0,5.0,"{'Classifier__SVC__C': 0.001, 'Classifier__SVC__coef0': 4, 'Classifier__SVC__degree': 5, 'Classifier__SVC__gamma': 0.01, 'Classifier__SVC__kernel': 'poly', 'PCA__n_components': 10, 'Scaler': MinMaxScaler(), 'Selector__max_features': 4}",0.2711864406779661,0.042735042735042736,0.13675213675213677,0.15022454005504854,0.09375016282149848,434
690,0.04707606633504232,0.008996900558768187,0.013646602630615234,0.002994682704329861,0.001,poly,10,MinMaxScaler(),8,0.01,4.0,5.0,"{'Classifier__SVC__C': 0.001, 'Classifier__SVC__coef0': 4, 'Classifier__SVC__degree': 5, 'Classifier__SVC__gamma': 0.01, 'Classifier__SVC__kernel': 'poly', 'PCA__n_components': 10, 'Scaler': MinMaxScaler(), 'Selector__max_features': 8}",0.2711864406779661,0.042735042735042736,0.13675213675213677,0.15022454005504854,0.09375016282149848,434
691,0.045065720876057945,0.008580460614224262,0.013222138086954752,0.00485640859431649,0.001,poly,10,MinMaxScaler(),4,0.001,6.0,3.0,"{'Classifier__SVC__C': 0.001, 'Classifier__SVC__coef0': 6, 'Classifier__SVC__degree': 3, 'Classifier__SVC__gamma': 0.001, 'Classifier__SVC__kernel': 'poly', 'PCA__n_components': 10, 'Scaler': MinMaxScaler(), 'Selector__max_features': 4}",0.2711864406779661,0.07692307692307693,0.13675213675213677,0.16162055145105994,0.08123378673749534,348
692,0.051157236099243164,0.010031947629232008,0.01628390947977702,0.010318520363779421,0.001,poly,10,MinMaxScaler(),8,0.001,6.0,3.0,"{'Classifier__SVC__C': 0.001, 'Classifier__SVC__coef0': 6, 'Classifier__SVC__degree': 3, 'Classifier__SVC__gamma': 0.001, 'Classifier__SVC__kernel': 'poly', 'PCA__n_components': 10, 'Scaler': MinMaxScaler(), 'Selector__max_features': 8}",0.2711864406779661,0.07692307692307693,0.13675213675213677,0.16162055145105994,0.08123378673749534,348
693,0.05534633000691732,0.021777295989538068,0.013248523076375326,0.004214223185565949,0.001,poly,10,MinMaxScaler(),4,0.01,6.0,3.0,"{'Classifier__SVC__C': 0.001, 'Classifier__SVC__coef0': 6, 'Classifier__SVC__degree': 3, 'Classifier__SVC__gamma': 0.01, 'Classifier__SVC__kernel': 'poly', 'PCA__n_components': 10, 'Scaler': MinMaxScaler(), 'Selector__max_features': 4}",0.2711864406779661,0.07692307692307693,0.13675213675213677,0.16162055145105994,0.08123378673749534,348
694,0.049456278483072914,0.006498067939605542,0.009308894475301107,0.0010386250416429994,0.001,poly,10,MinMaxScaler(),8,0.01,6.0,3.0,"{'Classifier__SVC__C': 0.001, 'Classifier__SVC__coef0': 6, 'Classifier__SVC__degree': 3, 'Classifier__SVC__gamma': 0.01, 'Classifier__SVC__kernel': 'poly', 'PCA__n_components': 10, 'Scaler': MinMaxScaler(), 'Selector__max_features': 8}",0.2711864406779661,0.07692307692307693,0.13675213675213677,0.16162055145105994,0.08123378673749534,348
695,0.053132216135660805,0.010148760570143061,0.011798461278279623,0.002686986097682554,0.001,poly,10,MinMaxScaler(),4,0.001,6.0,5.0,"{'Classifier__SVC__C': 0.001, 'Classifier__SVC__coef0': 6, 'Classifier__SVC__degree': 5, 'Classifier__SVC__gamma': 0.001, 'Classifier__SVC__kernel': 'poly', 'PCA__n_components': 10, 'Scaler': MinMaxScaler(), 'Selector__max_features': 4}",0.2711864406779661,0.07692307692307693,0.13675213675213677,0.16162055145105994,0.08123378673749534,348
696,0.04552022616068522,0.0023949427674490914,0.009124279022216797,0.0011068067875073496,0.001,poly,10,MinMaxScaler(),8,0.001,6.0,5.0,"{'Classifier__SVC__C': 0.001, 'Classifier__SVC__coef0': 6, 'Classifier__SVC__degree': 5, 'Classifier__SVC__gamma': 0.001, 'Classifier__SVC__kernel': 'poly', 'PCA__n_components': 10, 'Scaler': MinMaxScaler(), 'Selector__max_features': 8}",0.2711864406779661,0.07692307692307693,0.13675213675213677,0.16162055145105994,0.08123378673749534,348
697,0.04445497194925944,0.003433222408276127,0.009691397349039713,0.0018388792947422,0.001,poly,10,MinMaxScaler(),4,0.01,6.0,5.0,"{'Classifier__SVC__C': 0.001, 'Classifier__SVC__coef0': 6, 'Classifier__SVC__degree': 5, 'Classifier__SVC__gamma': 0.01, 'Classifier__SVC__kernel': 'poly', 'PCA__n_components': 10, 'Scaler': MinMaxScaler(), 'Selector__max_features': 4}",0.2711864406779661,0.08547008547008547,0.09401709401709402,0.1502245400550485,0.08560412330609275,436
698,0.04268209139506022,0.0008381460908713177,0.009784380594889322,0.0006093748273517416,0.001,poly,10,MinMaxScaler(),8,0.01,6.0,5.0,"{'Classifier__SVC__C': 0.001, 'Classifier__SVC__coef0': 6, 'Classifier__SVC__degree': 5, 'Classifier__SVC__gamma': 0.01, 'Classifier__SVC__kernel': 'poly', 'PCA__n_components': 10, 'Scaler': MinMaxScaler(), 'Selector__max_features': 8}",0.2711864406779661,0.08547008547008547,0.1111111111111111,0.15592254575305423,0.08217335194139594,404
699,0.05826163291931152,0.011111151762981646,0.00907429059346517,0.0004528121550130246,0.01,poly,10,MinMaxScaler(),4,0.001,2.0,3.0,"{'Classifier__SVC__C': 0.01, 'Classifier__SVC__coef0': 2, 'Classifier__SVC__degree': 3, 'Classifier__SVC__gamma': 0.001, 'Classifier__SVC__kernel': 'poly', 'PCA__n_components': 10, 'Scaler': MinMaxScaler(), 'Selector__max_features': 4}",0.2966101694915254,0.07692307692307693,0.07692307692307693,0.1501521077792264,0.10356148859620448,437
700,0.04866830507914225,0.002153161961599072,0.010272820790608725,0.0008905000280700182,0.01,poly,10,MinMaxScaler(),8,0.001,2.0,3.0,"{'Classifier__SVC__C': 0.01, 'Classifier__SVC__coef0': 2, 'Classifier__SVC__degree': 3, 'Classifier__SVC__gamma': 0.001, 'Classifier__SVC__kernel': 'poly', 'PCA__n_components': 10, 'Scaler': MinMaxScaler(), 'Selector__max_features': 8}",0.2966101694915254,0.07692307692307693,0.07692307692307693,0.1501521077792264,0.10356148859620448,437
701,0.05001386006673177,0.006201675355696258,0.010385354359944662,0.0018595545721057114,0.01,poly,10,MinMaxScaler(),4,0.01,2.0,3.0,"{'Classifier__SVC__C': 0.01, 'Classifier__SVC__coef0': 2, 'Classifier__SVC__degree': 3, 'Classifier__SVC__gamma': 0.01, 'Classifier__SVC__kernel': 'poly', 'PCA__n_components': 10, 'Scaler': MinMaxScaler(), 'Selector__max_features': 4}",0.2966101694915254,0.07692307692307693,0.07692307692307693,0.1501521077792264,0.10356148859620448,437
702,0.04889408747355143,0.007309290750762007,0.011030991872151693,0.0013850660451528941,0.01,poly,10,MinMaxScaler(),8,0.01,2.0,3.0,"{'Classifier__SVC__C': 0.01, 'Classifier__SVC__coef0': 2, 'Classifier__SVC__degree': 3, 'Classifier__SVC__gamma': 0.01, 'Classifier__SVC__kernel': 'poly', 'PCA__n_components': 10, 'Scaler': MinMaxScaler(), 'Selector__max_features': 8}",0.2966101694915254,0.07692307692307693,0.07692307692307693,0.1501521077792264,0.10356148859620448,437
703,0.04297884305318197,0.005708127313889745,0.009227116902669271,0.0004943570127108384,0.01,poly,10,MinMaxScaler(),4,0.001,2.0,5.0,"{'Classifier__SVC__C': 0.01, 'Classifier__SVC__coef0': 2, 'Classifier__SVC__degree': 5, 'Classifier__SVC__gamma': 0.001, 'Classifier__SVC__kernel': 'poly', 'PCA__n_components': 10, 'Scaler': MinMaxScaler(), 'Selector__max_features': 4}",0.2966101694915254,0.07692307692307693,0.07692307692307693,0.1501521077792264,0.10356148859620448,437
704,0.05254824956258138,0.0012892815038265616,0.012023607889811197,0.002103745894471772,0.01,poly,10,MinMaxScaler(),8,0.001,2.0,5.0,"{'Classifier__SVC__C': 0.01, 'Classifier__SVC__coef0': 2, 'Classifier__SVC__degree': 5, 'Classifier__SVC__gamma': 0.001, 'Classifier__SVC__kernel': 'poly', 'PCA__n_components': 10, 'Scaler': MinMaxScaler(), 'Selector__max_features': 8}",0.2966101694915254,0.07692307692307693,0.07692307692307693,0.1501521077792264,0.10356148859620448,437
705,0.0442352294921875,0.006039624992459214,0.010940949122111002,0.001836847419282032,0.01,poly,10,MinMaxScaler(),4,0.01,2.0,5.0,"{'Classifier__SVC__C': 0.01, 'Classifier__SVC__coef0': 2, 'Classifier__SVC__degree': 5, 'Classifier__SVC__gamma': 0.01, 'Classifier__SVC__kernel': 'poly', 'PCA__n_components': 10, 'Scaler': MinMaxScaler(), 'Selector__max_features': 4}",0.2966101694915254,0.07692307692307693,0.07692307692307693,0.1501521077792264,0.10356148859620448,437
706,0.049896955490112305,0.0075704173105894754,0.011664231618245443,0.001992012832979785,0.01,poly,10,MinMaxScaler(),8,0.01,2.0,5.0,"{'Classifier__SVC__C': 0.01, 'Classifier__SVC__coef0': 2, 'Classifier__SVC__degree': 5, 'Classifier__SVC__gamma': 0.01, 'Classifier__SVC__kernel': 'poly', 'PCA__n_components': 10, 'Scaler': MinMaxScaler(), 'Selector__max_features': 8}",0.2966101694915254,0.07692307692307693,0.07692307692307693,0.1501521077792264,0.10356148859620448,437
707,0.041402578353881836,0.001517589386545148,0.009815216064453125,0.001649807275098225,0.01,poly,10,MinMaxScaler(),4,0.001,4.0,3.0,"{'Classifier__SVC__C': 0.01, 'Classifier__SVC__coef0': 4, 'Classifier__SVC__degree': 3, 'Classifier__SVC__gamma': 0.001, 'Classifier__SVC__kernel': 'poly', 'PCA__n_components': 10, 'Scaler': MinMaxScaler(), 'Selector__max_features': 4}",0.2966101694915254,0.07692307692307693,0.07692307692307693,0.1501521077792264,0.10356148859620448,437
708,0.037112792332967125,0.0030887603377794674,0.012987295786539713,0.0035413230824294325,0.01,poly,10,MinMaxScaler(),8,0.001,4.0,3.0,"{'Classifier__SVC__C': 0.01, 'Classifier__SVC__coef0': 4, 'Classifier__SVC__degree': 3, 'Classifier__SVC__gamma': 0.001, 'Classifier__SVC__kernel': 'poly', 'PCA__n_components': 10, 'Scaler': MinMaxScaler(), 'Selector__max_features': 8}",0.2966101694915254,0.07692307692307693,0.07692307692307693,0.1501521077792264,0.10356148859620448,437
709,0.04116304715474447,0.0022579108198791803,0.00938089688618978,0.00047300292612657645,0.01,poly,10,MinMaxScaler(),4,0.01,4.0,3.0,"{'Classifier__SVC__C': 0.01, 'Classifier__SVC__coef0': 4, 'Classifier__SVC__degree': 3, 'Classifier__SVC__gamma': 0.01, 'Classifier__SVC__kernel': 'poly', 'PCA__n_components': 10, 'Scaler': MinMaxScaler(), 'Selector__max_features': 4}",0.2966101694915254,0.07692307692307693,0.07692307692307693,0.1501521077792264,0.10356148859620448,437
710,0.041556596755981445,0.0017930157291564275,0.009539365768432617,0.0004146659110199136,0.01,poly,10,MinMaxScaler(),8,0.01,4.0,3.0,"{'Classifier__SVC__C': 0.01, 'Classifier__SVC__coef0': 4, 'Classifier__SVC__degree': 3, 'Classifier__SVC__gamma': 0.01, 'Classifier__SVC__kernel': 'poly', 'PCA__n_components': 10, 'Scaler': MinMaxScaler(), 'Selector__max_features': 8}",0.2966101694915254,0.07692307692307693,0.07692307692307693,0.1501521077792264,0.10356148859620448,437
711,0.0370934804280599,0.002837110047915719,0.0088348388671875,0.0011901566516443628,0.01,poly,10,MinMaxScaler(),4,0.001,4.0,5.0,"{'Classifier__SVC__C': 0.01, 'Classifier__SVC__coef0': 4, 'Classifier__SVC__degree': 5, 'Classifier__SVC__gamma': 0.001, 'Classifier__SVC__kernel': 'poly', 'PCA__n_components': 10, 'Scaler': MinMaxScaler(), 'Selector__max_features': 4}",0.2966101694915254,0.042735042735042736,0.07692307692307693,0.13875609638321504,0.11248892306377963,615
712,0.0371247927347819,0.003126316092591895,0.02276889483133952,0.018727924236217965,0.01,poly,10,MinMaxScaler(),8,0.001,4.0,5.0,"{'Classifier__SVC__C': 0.01, 'Classifier__SVC__coef0': 4, 'Classifier__SVC__degree': 5, 'Classifier__SVC__gamma': 0.001, 'Classifier__SVC__kernel': 'poly', 'PCA__n_components': 10, 'Scaler': MinMaxScaler(), 'Selector__max_features': 8}",0.2966101694915254,0.042735042735042736,0.07692307692307693,0.13875609638321504,0.11248892306377963,615
713,0.036752939224243164,0.005009328497690982,0.013540267944335938,0.00419862276161022,0.01,poly,10,MinMaxScaler(),4,0.01,4.0,5.0,"{'Classifier__SVC__C': 0.01, 'Classifier__SVC__coef0': 4, 'Classifier__SVC__degree': 5, 'Classifier__SVC__gamma': 0.01, 'Classifier__SVC__kernel': 'poly', 'PCA__n_components': 10, 'Scaler': MinMaxScaler(), 'Selector__max_features': 4}",0.2627118644067797,0.10256410256410256,0.08547008547008547,0.15024868414698925,0.07982909469908085,433
714,0.06011613210042318,0.03683778977513016,0.023902336756388348,0.011765306182199748,0.01,poly,10,MinMaxScaler(),8,0.01,4.0,5.0,"{'Classifier__SVC__C': 0.01, 'Classifier__SVC__coef0': 4, 'Classifier__SVC__degree': 5, 'Classifier__SVC__gamma': 0.01, 'Classifier__SVC__kernel': 'poly', 'PCA__n_components': 10, 'Scaler': MinMaxScaler(), 'Selector__max_features': 8}",0.2627118644067797,0.10256410256410256,0.1111111111111111,0.1587956926939978,0.07356263044216557,401
715,0.08694958686828613,0.03676279134511944,0.008622010548909506,0.0014935114050570325,0.01,poly,10,MinMaxScaler(),4,0.001,6.0,3.0,"{'Classifier__SVC__C': 0.01, 'Classifier__SVC__coef0': 6, 'Classifier__SVC__degree': 3, 'Classifier__SVC__gamma': 0.001, 'Classifier__SVC__kernel': 'poly', 'PCA__n_components': 10, 'Scaler': MinMaxScaler(), 'Selector__max_features': 4}",0.2966101694915254,0.07692307692307693,0.07692307692307693,0.1501521077792264,0.10356148859620448,437
716,0.05365220705668131,0.028944896300411957,0.016753753026326496,0.003768052671729994,0.01,poly,10,MinMaxScaler(),8,0.001,6.0,3.0,"{'Classifier__SVC__C': 0.01, 'Classifier__SVC__coef0': 6, 'Classifier__SVC__degree': 3, 'Classifier__SVC__gamma': 0.001, 'Classifier__SVC__kernel': 'poly', 'PCA__n_components': 10, 'Scaler': MinMaxScaler(), 'Selector__max_features': 8}",0.2966101694915254,0.07692307692307693,0.07692307692307693,0.1501521077792264,0.10356148859620448,437
717,0.05707756678263346,0.01725069571928851,0.03428196907043457,0.016029817464789122,0.01,poly,10,MinMaxScaler(),4,0.01,6.0,3.0,"{'Classifier__SVC__C': 0.01, 'Classifier__SVC__coef0': 6, 'Classifier__SVC__degree': 3, 'Classifier__SVC__gamma': 0.01, 'Classifier__SVC__kernel': 'poly', 'PCA__n_components': 10, 'Scaler': MinMaxScaler(), 'Selector__max_features': 4}",0.2966101694915254,0.042735042735042736,0.07692307692307693,0.13875609638321504,0.11248892306377963,615
718,0.056975603103637695,0.036173606590181026,0.01302639643351237,0.004547850977655072,0.01,poly,10,MinMaxScaler(),8,0.01,6.0,3.0,"{'Classifier__SVC__C': 0.01, 'Classifier__SVC__coef0': 6, 'Classifier__SVC__degree': 3, 'Classifier__SVC__gamma': 0.01, 'Classifier__SVC__kernel': 'poly', 'PCA__n_components': 10, 'Scaler': MinMaxScaler(), 'Selector__max_features': 8}",0.2966101694915254,0.042735042735042736,0.07692307692307693,0.13875609638321504,0.11248892306377963,615
719,0.08567547798156738,0.03775283794424703,0.010877688725789389,0.0019411422090307438,0.01,poly,10,MinMaxScaler(),4,0.001,6.0,5.0,"{'Classifier__SVC__C': 0.01, 'Classifier__SVC__coef0': 6, 'Classifier__SVC__degree': 5, 'Classifier__SVC__gamma': 0.001, 'Classifier__SVC__kernel': 'poly', 'PCA__n_components': 10, 'Scaler': MinMaxScaler(), 'Selector__max_features': 4}",0.2966101694915254,0.08547008547008547,0.1452991452991453,0.17579313342025207,0.08885361089564801,304
720,0.06427264213562012,0.030903116175324326,0.009121020634969076,0.0007650306060781643,0.01,poly,10,MinMaxScaler(),8,0.001,6.0,5.0,"{'Classifier__SVC__C': 0.01, 'Classifier__SVC__coef0': 6, 'Classifier__SVC__degree': 5, 'Classifier__SVC__gamma': 0.001, 'Classifier__SVC__kernel': 'poly', 'PCA__n_components': 10, 'Scaler': MinMaxScaler(), 'Selector__max_features': 8}",0.2966101694915254,0.08547008547008547,0.1111111111111111,0.16439712202424067,0.09407296100871494,346
721,0.08046738306681316,0.02917110464492106,0.009493509928385416,0.0009381926968949219,0.01,poly,10,MinMaxScaler(),4,0.01,6.0,5.0,"{'Classifier__SVC__C': 0.01, 'Classifier__SVC__coef0': 6, 'Classifier__SVC__degree': 5, 'Classifier__SVC__gamma': 0.01, 'Classifier__SVC__kernel': 'poly', 'PCA__n_components': 10, 'Scaler': MinMaxScaler(), 'Selector__max_features': 4}",0.2542372881355932,0.13675213675213677,0.10256410256410256,0.1645178424839442,0.06495839497421896,340
722,0.05890266100565592,0.029671721403479224,0.012777964274088541,0.002930113945715568,0.01,poly,10,MinMaxScaler(),8,0.01,6.0,5.0,"{'Classifier__SVC__C': 0.01, 'Classifier__SVC__coef0': 6, 'Classifier__SVC__degree': 5, 'Classifier__SVC__gamma': 0.01, 'Classifier__SVC__kernel': 'poly', 'PCA__n_components': 10, 'Scaler': MinMaxScaler(), 'Selector__max_features': 8}",0.2542372881355932,0.13675213675213677,0.11965811965811966,0.17021584818194987,0.0598205824891701,330
723,0.08955526351928711,0.036987964982139736,0.010158936182657877,0.0006032722015767957,0.1,poly,10,MinMaxScaler(),4,0.001,2.0,3.0,"{'Classifier__SVC__C': 0.1, 'Classifier__SVC__coef0': 2, 'Classifier__SVC__degree': 3, 'Classifier__SVC__gamma': 0.001, 'Classifier__SVC__kernel': 'poly', 'PCA__n_components': 10, 'Scaler': MinMaxScaler(), 'Selector__max_features': 4}",0.11864406779661017,0.08547008547008547,0.13675213675213677,0.11362209667294414,0.02123483523833634,639
724,0.06123542785644531,0.027173744864982762,0.013896783192952475,0.00414241910861056,0.1,poly,10,MinMaxScaler(),8,0.001,2.0,3.0,"{'Classifier__SVC__C': 0.1, 'Classifier__SVC__coef0': 2, 'Classifier__SVC__degree': 3, 'Classifier__SVC__gamma': 0.001, 'Classifier__SVC__kernel': 'poly', 'PCA__n_components': 10, 'Scaler': MinMaxScaler(), 'Selector__max_features': 8}",0.11864406779661017,0.08547008547008547,0.13675213675213677,0.11362209667294414,0.02123483523833634,639
725,0.07623958587646484,0.02760796495279726,0.012064933776855469,0.004088653571234392,0.1,poly,10,MinMaxScaler(),4,0.01,2.0,3.0,"{'Classifier__SVC__C': 0.1, 'Classifier__SVC__coef0': 2, 'Classifier__SVC__degree': 3, 'Classifier__SVC__gamma': 0.01, 'Classifier__SVC__kernel': 'poly', 'PCA__n_components': 10, 'Scaler': MinMaxScaler(), 'Selector__max_features': 4}",0.11864406779661017,0.06837606837606838,0.13675213675213677,0.10792409097493844,0.028925307361490894,651
726,0.061235268910725914,0.019663653917340183,0.013278881708780924,0.003666341169064111,0.1,poly,10,MinMaxScaler(),8,0.01,2.0,3.0,"{'Classifier__SVC__C': 0.1, 'Classifier__SVC__coef0': 2, 'Classifier__SVC__degree': 3, 'Classifier__SVC__gamma': 0.01, 'Classifier__SVC__kernel': 'poly', 'PCA__n_components': 10, 'Scaler': MinMaxScaler(), 'Selector__max_features': 8}",0.11864406779661017,0.06837606837606838,0.13675213675213677,0.10792409097493844,0.028925307361490894,651
727,0.08972128232320149,0.030347612680912614,0.010631084442138672,0.0009632869688973721,0.1,poly,10,MinMaxScaler(),4,0.001,2.0,5.0,"{'Classifier__SVC__C': 0.1, 'Classifier__SVC__coef0': 2, 'Classifier__SVC__degree': 5, 'Classifier__SVC__gamma': 0.001, 'Classifier__SVC__kernel': 'poly', 'PCA__n_components': 10, 'Scaler': MinMaxScaler(), 'Selector__max_features': 4}",0.11864406779661017,0.08547008547008547,0.13675213675213677,0.11362209667294414,0.02123483523833634,639
728,0.0708921750386556,0.0375347109678343,0.01619108517964681,0.0030448607794168214,0.1,poly,10,MinMaxScaler(),8,0.001,2.0,5.0,"{'Classifier__SVC__C': 0.1, 'Classifier__SVC__coef0': 2, 'Classifier__SVC__degree': 5, 'Classifier__SVC__gamma': 0.001, 'Classifier__SVC__kernel': 'poly', 'PCA__n_components': 10, 'Scaler': MinMaxScaler(), 'Selector__max_features': 8}",0.11864406779661017,0.08547008547008547,0.13675213675213677,0.11362209667294414,0.02123483523833634,639
729,0.09332140286763509,0.035697432960132024,0.011751015981038412,0.0012183463785507618,0.1,poly,10,MinMaxScaler(),4,0.01,2.0,5.0,"{'Classifier__SVC__C': 0.1, 'Classifier__SVC__coef0': 2, 'Classifier__SVC__degree': 5, 'Classifier__SVC__gamma': 0.01, 'Classifier__SVC__kernel': 'poly', 'PCA__n_components': 10, 'Scaler': MinMaxScaler(), 'Selector__max_features': 4}",0.11864406779661017,0.07692307692307693,0.08547008547008547,0.09367907672992419,0.01799446068461889,695
730,0.06897393862406413,0.026216468855191178,0.02200619379679362,0.0031203455268313,0.1,poly,10,MinMaxScaler(),8,0.01,2.0,5.0,"{'Classifier__SVC__C': 0.1, 'Classifier__SVC__coef0': 2, 'Classifier__SVC__degree': 5, 'Classifier__SVC__gamma': 0.01, 'Classifier__SVC__kernel': 'poly', 'PCA__n_components': 10, 'Scaler': MinMaxScaler(), 'Selector__max_features': 8}",0.11864406779661017,0.07692307692307693,0.08547008547008547,0.09367907672992419,0.01799446068461889,695
731,0.06001575787862142,0.0172380547781687,0.02331709861755371,0.016987522719707188,0.1,poly,10,MinMaxScaler(),4,0.001,4.0,3.0,"{'Classifier__SVC__C': 0.1, 'Classifier__SVC__coef0': 4, 'Classifier__SVC__degree': 3, 'Classifier__SVC__gamma': 0.001, 'Classifier__SVC__kernel': 'poly', 'PCA__n_components': 10, 'Scaler': MinMaxScaler(), 'Selector__max_features': 4}",0.11864406779661017,0.08547008547008547,0.13675213675213677,0.11362209667294414,0.02123483523833634,639
732,0.07537460327148438,0.04706004220579165,0.024837493896484375,0.021287656536740765,0.1,poly,10,MinMaxScaler(),8,0.001,4.0,3.0,"{'Classifier__SVC__C': 0.1, 'Classifier__SVC__coef0': 4, 'Classifier__SVC__degree': 3, 'Classifier__SVC__gamma': 0.001, 'Classifier__SVC__kernel': 'poly', 'PCA__n_components': 10, 'Scaler': MinMaxScaler(), 'Selector__max_features': 8}",0.11864406779661017,0.08547008547008547,0.13675213675213677,0.11362209667294414,0.02123483523833634,639
733,0.06793212890625,0.03461675402406227,0.013054609298706055,0.001155214968172794,0.1,poly,10,MinMaxScaler(),4,0.01,4.0,3.0,"{'Classifier__SVC__C': 0.1, 'Classifier__SVC__coef0': 4, 'Classifier__SVC__degree': 3, 'Classifier__SVC__gamma': 0.01, 'Classifier__SVC__kernel': 'poly', 'PCA__n_components': 10, 'Scaler': MinMaxScaler(), 'Selector__max_features': 4}",0.11864406779661017,0.07692307692307693,0.05982905982905983,0.08513206818291565,0.024702792604397773,735
734,0.06640791893005371,0.022746459140345683,0.011439800262451172,0.0007116391885675107,0.1,poly,10,MinMaxScaler(),8,0.01,4.0,3.0,"{'Classifier__SVC__C': 0.1, 'Classifier__SVC__coef0': 4, 'Classifier__SVC__degree': 3, 'Classifier__SVC__gamma': 0.01, 'Classifier__SVC__kernel': 'poly', 'PCA__n_components': 10, 'Scaler': MinMaxScaler(), 'Selector__max_features': 8}",0.11864406779661017,0.07692307692307693,0.07692307692307693,0.09083007388092135,0.019667463709664944,698
735,0.05413683255513509,0.007809244665480674,0.019294102986653645,0.01084667341467261,0.1,poly,10,MinMaxScaler(),4,0.001,4.0,5.0,"{'Classifier__SVC__C': 0.1, 'Classifier__SVC__coef0': 4, 'Classifier__SVC__degree': 5, 'Classifier__SVC__gamma': 0.001, 'Classifier__SVC__kernel': 'poly', 'PCA__n_components': 10, 'Scaler': MinMaxScaler(), 'Selector__max_features': 4}",0.059322033898305086,0.09401709401709402,0.08547008547008547,0.07960307112849486,0.01475925002893478,741
736,0.04593356450398763,0.005227870557107014,0.01811822255452474,0.011928887813582834,0.1,poly,10,MinMaxScaler(),8,0.001,4.0,5.0,"{'Classifier__SVC__C': 0.1, 'Classifier__SVC__coef0': 4, 'Classifier__SVC__degree': 5, 'Classifier__SVC__gamma': 0.001, 'Classifier__SVC__kernel': 'poly', 'PCA__n_components': 10, 'Scaler': MinMaxScaler(), 'Selector__max_features': 8}",0.059322033898305086,0.09401709401709402,0.1111111111111111,0.08815007967550341,0.021545974451573986,699
737,0.060711940129597984,0.004957572688878016,0.01416627566019694,0.005068192272843662,0.1,poly,10,MinMaxScaler(),4,0.01,4.0,5.0,"{'Classifier__SVC__C': 0.1, 'Classifier__SVC__coef0': 4, 'Classifier__SVC__degree': 5, 'Classifier__SVC__gamma': 0.01, 'Classifier__SVC__kernel': 'poly', 'PCA__n_components': 10, 'Scaler': MinMaxScaler(), 'Selector__max_features': 4}",0.2796610169491525,0.17094017094017094,0.1111111111111111,0.18723743300014487,0.0697685136839045,248
738,0.04014444351196289,0.0016495741733883454,0.018528540929158527,0.011988235152801459,0.1,poly,10,MinMaxScaler(),8,0.01,4.0,5.0,"{'Classifier__SVC__C': 0.1, 'Classifier__SVC__coef0': 4, 'Classifier__SVC__degree': 5, 'Classifier__SVC__gamma': 0.01, 'Classifier__SVC__kernel': 'poly', 'PCA__n_components': 10, 'Scaler': MinMaxScaler(), 'Selector__max_features': 8}",0.2796610169491525,0.17094017094017094,0.1282051282051282,0.19293543869815055,0.06375769449836091,228
739,0.038471221923828125,0.0006168222098865345,0.025827884674072266,0.012225381928830216,0.1,poly,10,MinMaxScaler(),4,0.001,6.0,3.0,"{'Classifier__SVC__C': 0.1, 'Classifier__SVC__coef0': 6, 'Classifier__SVC__degree': 3, 'Classifier__SVC__gamma': 0.001, 'Classifier__SVC__kernel': 'poly', 'PCA__n_components': 10, 'Scaler': MinMaxScaler(), 'Selector__max_features': 4}",0.11864406779661017,0.06837606837606838,0.13675213675213677,0.10792409097493844,0.028925307361490894,651
740,0.05516839027404785,0.007695755016224913,0.014500141143798828,0.0007669465069254418,0.1,poly,10,MinMaxScaler(),8,0.001,6.0,3.0,"{'Classifier__SVC__C': 0.1, 'Classifier__SVC__coef0': 6, 'Classifier__SVC__degree': 3, 'Classifier__SVC__gamma': 0.001, 'Classifier__SVC__kernel': 'poly', 'PCA__n_components': 10, 'Scaler': MinMaxScaler(), 'Selector__max_features': 8}",0.11864406779661017,0.06837606837606838,0.13675213675213677,0.10792409097493844,0.028925307361490894,651
741,0.05723492304484049,0.006741265628945951,0.01566624641418457,0.003896122392789419,0.1,poly,10,MinMaxScaler(),4,0.01,6.0,3.0,"{'Classifier__SVC__C': 0.1, 'Classifier__SVC__coef0': 6, 'Classifier__SVC__degree': 3, 'Classifier__SVC__gamma': 0.01, 'Classifier__SVC__kernel': 'poly', 'PCA__n_components': 10, 'Scaler': MinMaxScaler(), 'Selector__max_features': 4}",0.09322033898305085,0.09401709401709402,0.08547008547008547,0.09090250615674345,0.003855048683971916,697
742,0.04890831311543783,0.008524176432974814,0.013765891393025717,0.0026646969176832742,0.1,poly,10,MinMaxScaler(),8,0.01,6.0,3.0,"{'Classifier__SVC__C': 0.1, 'Classifier__SVC__coef0': 6, 'Classifier__SVC__degree': 3, 'Classifier__SVC__gamma': 0.01, 'Classifier__SVC__kernel': 'poly', 'PCA__n_components': 10, 'Scaler': MinMaxScaler(), 'Selector__max_features': 8}",0.09322033898305085,0.09401709401709402,0.10256410256410256,0.09660051185474915,0.0042294219666193225,685
743,0.05457282066345215,0.008269261322465544,0.016514301300048828,0.003106423955441922,0.1,poly,10,MinMaxScaler(),4,0.001,6.0,5.0,"{'Classifier__SVC__C': 0.1, 'Classifier__SVC__coef0': 6, 'Classifier__SVC__degree': 5, 'Classifier__SVC__gamma': 0.001, 'Classifier__SVC__kernel': 'poly', 'PCA__n_components': 10, 'Scaler': MinMaxScaler(), 'Selector__max_features': 4}",0.22033898305084745,0.13675213675213677,0.10256410256410256,0.1532184074556956,0.049471097094356827,407
744,0.048158486684163414,0.011289047052211528,0.013254086176554361,0.0029247472366399742,0.1,poly,10,MinMaxScaler(),8,0.001,6.0,5.0,"{'Classifier__SVC__C': 0.1, 'Classifier__SVC__coef0': 6, 'Classifier__SVC__degree': 5, 'Classifier__SVC__gamma': 0.001, 'Classifier__SVC__kernel': 'poly', 'PCA__n_components': 10, 'Scaler': MinMaxScaler(), 'Selector__max_features': 8}",0.22033898305084745,0.13675213675213677,0.1282051282051282,0.16176541600270414,0.041564487296514435,347
745,0.05374391873677572,0.011939637700689277,0.01632968584696452,0.0029180230077022447,0.1,poly,10,MinMaxScaler(),4,0.01,6.0,5.0,"{'Classifier__SVC__C': 0.1, 'Classifier__SVC__coef0': 6, 'Classifier__SVC__degree': 5, 'Classifier__SVC__gamma': 0.01, 'Classifier__SVC__kernel': 'poly', 'PCA__n_components': 10, 'Scaler': MinMaxScaler(), 'Selector__max_features': 4}",0.17796610169491525,0.20512820512820512,0.13675213675213677,0.17328214785841908,0.028110214623857696,322
746,0.053306897481282554,0.010088544354737038,0.010077238082885742,0.0028817207435489554,0.1,poly,10,MinMaxScaler(),8,0.01,6.0,5.0,"{'Classifier__SVC__C': 0.1, 'Classifier__SVC__coef0': 6, 'Classifier__SVC__degree': 5, 'Classifier__SVC__gamma': 0.01, 'Classifier__SVC__kernel': 'poly', 'PCA__n_components': 10, 'Scaler': MinMaxScaler(), 'Selector__max_features': 8}",0.17796610169491525,0.20512820512820512,0.1282051282051282,0.1704331450094162,0.03185225285750451,326
