,source(s),Oversampling,First parameters,First features,Second parameters,Second features,Accuracy,Precision,Recall
0,Instrumental,False,"{'memory': None, 'steps': [('Imputer', SimpleImputer()), ('Scaler', StandardScaler()), ('Selector', SelectFromModel(estimator=LinearSVC(random_state=42), max_features=24)), ('Classifier', Pipeline(steps=[('SVC',
                 OneVsRestClassifier(estimator=SVC(C=0.01, cache_size=500,
                                                   class_weight='balanced',
                                                   coef0=4, degree=8,
                                                   gamma=0.01, kernel='poly',
                                                   max_iter=1000000,
                                                   probability=True,
                                                   random_state=42)))]))], 'transform_input': None, 'verbose': False, 'Imputer': SimpleImputer(), 'Scaler': StandardScaler(), 'Selector': SelectFromModel(estimator=LinearSVC(random_state=42), max_features=24), 'Classifier': Pipeline(steps=[('SVC',
                 OneVsRestClassifier(estimator=SVC(C=0.01, cache_size=500,
                                                   class_weight='balanced',
                                                   coef0=4, degree=8,
                                                   gamma=0.01, kernel='poly',
                                                   max_iter=1000000,
                                                   probability=True,
                                                   random_state=42)))]), 'Imputer__add_indicator': False, 'Imputer__copy': True, 'Imputer__fill_value': None, 'Imputer__keep_empty_features': False, 'Imputer__missing_values': nan, 'Imputer__strategy': 'mean', 'Scaler__copy': True, 'Scaler__with_mean': True, 'Scaler__with_std': True, 'Selector__estimator__C': 1.0, 'Selector__estimator__class_weight': None, 'Selector__estimator__dual': 'auto', 'Selector__estimator__fit_intercept': True, 'Selector__estimator__intercept_scaling': 1, 'Selector__estimator__loss': 'squared_hinge', 'Selector__estimator__max_iter': 1000, 'Selector__estimator__multi_class': 'ovr', 'Selector__estimator__penalty': 'l2', 'Selector__estimator__random_state': 42, 'Selector__estimator__tol': 0.0001, 'Selector__estimator__verbose': 0, 'Selector__estimator': LinearSVC(random_state=42), 'Selector__importance_getter': 'auto', 'Selector__max_features': 24, 'Selector__norm_order': 1, 'Selector__prefit': False, 'Selector__threshold': None, 'Classifier__memory': None, 'Classifier__steps': [('SVC', OneVsRestClassifier(estimator=SVC(C=0.01, cache_size=500,
                                  class_weight='balanced', coef0=4, degree=8,
                                  gamma=0.01, kernel='poly', max_iter=1000000,
                                  probability=True, random_state=42)))], 'Classifier__transform_input': None, 'Classifier__verbose': False, 'Classifier__SVC': OneVsRestClassifier(estimator=SVC(C=0.01, cache_size=500,
                                  class_weight='balanced', coef0=4, degree=8,
                                  gamma=0.01, kernel='poly', max_iter=1000000,
                                  probability=True, random_state=42)), 'Classifier__SVC__estimator__C': 0.01, 'Classifier__SVC__estimator__break_ties': False, 'Classifier__SVC__estimator__cache_size': 500, 'Classifier__SVC__estimator__class_weight': 'balanced', 'Classifier__SVC__estimator__coef0': 4, 'Classifier__SVC__estimator__decision_function_shape': 'ovr', 'Classifier__SVC__estimator__degree': 8, 'Classifier__SVC__estimator__gamma': 0.01, 'Classifier__SVC__estimator__kernel': 'poly', 'Classifier__SVC__estimator__max_iter': 1000000, 'Classifier__SVC__estimator__probability': True, 'Classifier__SVC__estimator__random_state': 42, 'Classifier__SVC__estimator__shrinking': True, 'Classifier__SVC__estimator__tol': 0.001, 'Classifier__SVC__estimator__verbose': False, 'Classifier__SVC__estimator': SVC(C=0.01, cache_size=500, class_weight='balanced', coef0=4, degree=8,
    gamma=0.01, kernel='poly', max_iter=1000000, probability=True,
    random_state=42), 'Classifier__SVC__n_jobs': None, 'Classifier__SVC__verbose': 0}","['Spectral Centroid Overall Standard Deviation'
 'Spectral Flux Overall Standard Deviation'
 'Spectral Variability Overall Standard Deviation'
 'Root Mean Square Overall Standard Deviation'
 'Zero Crossings Overall Standard Deviation'
 'Method of Moments Overall Standard Deviation 2'
 'Method of Moments Overall Standard Deviation 3'
 'Method of Moments Overall Standard Deviation 4'
 'Method of Moments Overall Standard Deviation 5'
 'Spectral Centroid Overall Average'
 'Spectral Rolloff Point Overall Average' 'Spectral Flux Overall Average'
 'Spectral Variability Overall Average' 'Root Mean Square Overall Average'
 'Zero Crossings Overall Average' 'LPC Overall Average 1'
 'LPC Overall Average 2' 'Method of Moments Overall Average 1'
 'Method of Moments Overall Average 2'
 'Method of Moments Overall Average 3'
 'Method of Moments Overall Average 4'
 'Method of Moments Overall Average 5' 'Chroma feature 2'
 'Chroma feature 3']",,,0.43037974683544306,0.27770562770562773,0.3467893217893218
1,Instrumental,False,"{'memory': None, 'steps': [('Imputer', SimpleImputer()), ('Scaler', StandardScaler()), ('Selector', SelectFromModel(estimator=LinearSVC(random_state=42), max_features=24)), ('Classifier', Pipeline(steps=[('SVC',
                 OneVsRestClassifier(estimator=SVC(C=0.1, cache_size=500,
                                                   class_weight='balanced',
                                                   coef0=6, degree=6,
                                                   gamma=0.01, kernel='poly',
                                                   max_iter=1000000,
                                                   probability=True,
                                                   random_state=42)))]))], 'transform_input': None, 'verbose': False, 'Imputer': SimpleImputer(), 'Scaler': StandardScaler(), 'Selector': SelectFromModel(estimator=LinearSVC(random_state=42), max_features=24), 'Classifier': Pipeline(steps=[('SVC',
                 OneVsRestClassifier(estimator=SVC(C=0.1, cache_size=500,
                                                   class_weight='balanced',
                                                   coef0=6, degree=6,
                                                   gamma=0.01, kernel='poly',
                                                   max_iter=1000000,
                                                   probability=True,
                                                   random_state=42)))]), 'Imputer__add_indicator': False, 'Imputer__copy': True, 'Imputer__fill_value': None, 'Imputer__keep_empty_features': False, 'Imputer__missing_values': nan, 'Imputer__strategy': 'mean', 'Scaler__copy': True, 'Scaler__with_mean': True, 'Scaler__with_std': True, 'Selector__estimator__C': 1.0, 'Selector__estimator__class_weight': None, 'Selector__estimator__dual': 'auto', 'Selector__estimator__fit_intercept': True, 'Selector__estimator__intercept_scaling': 1, 'Selector__estimator__loss': 'squared_hinge', 'Selector__estimator__max_iter': 1000, 'Selector__estimator__multi_class': 'ovr', 'Selector__estimator__penalty': 'l2', 'Selector__estimator__random_state': 42, 'Selector__estimator__tol': 0.0001, 'Selector__estimator__verbose': 0, 'Selector__estimator': LinearSVC(random_state=42), 'Selector__importance_getter': 'auto', 'Selector__max_features': 24, 'Selector__norm_order': 1, 'Selector__prefit': False, 'Selector__threshold': None, 'Classifier__memory': None, 'Classifier__steps': [('SVC', OneVsRestClassifier(estimator=SVC(C=0.1, cache_size=500,
                                  class_weight='balanced', coef0=6, degree=6,
                                  gamma=0.01, kernel='poly', max_iter=1000000,
                                  probability=True, random_state=42)))], 'Classifier__transform_input': None, 'Classifier__verbose': False, 'Classifier__SVC': OneVsRestClassifier(estimator=SVC(C=0.1, cache_size=500,
                                  class_weight='balanced', coef0=6, degree=6,
                                  gamma=0.01, kernel='poly', max_iter=1000000,
                                  probability=True, random_state=42)), 'Classifier__SVC__estimator__C': 0.1, 'Classifier__SVC__estimator__break_ties': False, 'Classifier__SVC__estimator__cache_size': 500, 'Classifier__SVC__estimator__class_weight': 'balanced', 'Classifier__SVC__estimator__coef0': 6, 'Classifier__SVC__estimator__decision_function_shape': 'ovr', 'Classifier__SVC__estimator__degree': 6, 'Classifier__SVC__estimator__gamma': 0.01, 'Classifier__SVC__estimator__kernel': 'poly', 'Classifier__SVC__estimator__max_iter': 1000000, 'Classifier__SVC__estimator__probability': True, 'Classifier__SVC__estimator__random_state': 42, 'Classifier__SVC__estimator__shrinking': True, 'Classifier__SVC__estimator__tol': 0.001, 'Classifier__SVC__estimator__verbose': False, 'Classifier__SVC__estimator': SVC(C=0.1, cache_size=500, class_weight='balanced', coef0=6, degree=6,
    gamma=0.01, kernel='poly', max_iter=1000000, probability=True,
    random_state=42), 'Classifier__SVC__n_jobs': None, 'Classifier__SVC__verbose': 0}","['Spectral Centroid Overall Standard Deviation'
 'Spectral Flux Overall Standard Deviation'
 'Spectral Variability Overall Standard Deviation'
 'Root Mean Square Overall Standard Deviation'
 'Zero Crossings Overall Standard Deviation'
 'Method of Moments Overall Standard Deviation 2'
 'Method of Moments Overall Standard Deviation 3'
 'Method of Moments Overall Standard Deviation 4'
 'Method of Moments Overall Standard Deviation 5'
 'Spectral Centroid Overall Average'
 'Spectral Rolloff Point Overall Average' 'Spectral Flux Overall Average'
 'Spectral Variability Overall Average' 'Root Mean Square Overall Average'
 'Zero Crossings Overall Average' 'LPC Overall Average 1'
 'LPC Overall Average 2' 'Method of Moments Overall Average 1'
 'Method of Moments Overall Average 2'
 'Method of Moments Overall Average 3'
 'Method of Moments Overall Average 4'
 'Method of Moments Overall Average 5' 'Chroma feature 2'
 'Chroma feature 3']",,,0.43037974683544306,0.2783549783549784,0.3435353535353536
2,Instrumental,False,"{'memory': None, 'steps': [('Imputer', SimpleImputer()), ('Scaler', StandardScaler()), ('Selector', SelectFromModel(estimator=LinearSVC(random_state=42), max_features=28)), ('Classifier', Pipeline(steps=[('SVC',
                 OneVsRestClassifier(estimator=SVC(C=0.1, cache_size=500,
                                                   class_weight='balanced',
                                                   coef0=4, degree=6,
                                                   gamma=0.01, kernel='poly',
                                                   max_iter=1000000,
                                                   probability=True,
                                                   random_state=42)))]))], 'transform_input': None, 'verbose': False, 'Imputer': SimpleImputer(), 'Scaler': StandardScaler(), 'Selector': SelectFromModel(estimator=LinearSVC(random_state=42), max_features=28), 'Classifier': Pipeline(steps=[('SVC',
                 OneVsRestClassifier(estimator=SVC(C=0.1, cache_size=500,
                                                   class_weight='balanced',
                                                   coef0=4, degree=6,
                                                   gamma=0.01, kernel='poly',
                                                   max_iter=1000000,
                                                   probability=True,
                                                   random_state=42)))]), 'Imputer__add_indicator': False, 'Imputer__copy': True, 'Imputer__fill_value': None, 'Imputer__keep_empty_features': False, 'Imputer__missing_values': nan, 'Imputer__strategy': 'mean', 'Scaler__copy': True, 'Scaler__with_mean': True, 'Scaler__with_std': True, 'Selector__estimator__C': 1.0, 'Selector__estimator__class_weight': None, 'Selector__estimator__dual': 'auto', 'Selector__estimator__fit_intercept': True, 'Selector__estimator__intercept_scaling': 1, 'Selector__estimator__loss': 'squared_hinge', 'Selector__estimator__max_iter': 1000, 'Selector__estimator__multi_class': 'ovr', 'Selector__estimator__penalty': 'l2', 'Selector__estimator__random_state': 42, 'Selector__estimator__tol': 0.0001, 'Selector__estimator__verbose': 0, 'Selector__estimator': LinearSVC(random_state=42), 'Selector__importance_getter': 'auto', 'Selector__max_features': 28, 'Selector__norm_order': 1, 'Selector__prefit': False, 'Selector__threshold': None, 'Classifier__memory': None, 'Classifier__steps': [('SVC', OneVsRestClassifier(estimator=SVC(C=0.1, cache_size=500,
                                  class_weight='balanced', coef0=4, degree=6,
                                  gamma=0.01, kernel='poly', max_iter=1000000,
                                  probability=True, random_state=42)))], 'Classifier__transform_input': None, 'Classifier__verbose': False, 'Classifier__SVC': OneVsRestClassifier(estimator=SVC(C=0.1, cache_size=500,
                                  class_weight='balanced', coef0=4, degree=6,
                                  gamma=0.01, kernel='poly', max_iter=1000000,
                                  probability=True, random_state=42)), 'Classifier__SVC__estimator__C': 0.1, 'Classifier__SVC__estimator__break_ties': False, 'Classifier__SVC__estimator__cache_size': 500, 'Classifier__SVC__estimator__class_weight': 'balanced', 'Classifier__SVC__estimator__coef0': 4, 'Classifier__SVC__estimator__decision_function_shape': 'ovr', 'Classifier__SVC__estimator__degree': 6, 'Classifier__SVC__estimator__gamma': 0.01, 'Classifier__SVC__estimator__kernel': 'poly', 'Classifier__SVC__estimator__max_iter': 1000000, 'Classifier__SVC__estimator__probability': True, 'Classifier__SVC__estimator__random_state': 42, 'Classifier__SVC__estimator__shrinking': True, 'Classifier__SVC__estimator__tol': 0.001, 'Classifier__SVC__estimator__verbose': False, 'Classifier__SVC__estimator': SVC(C=0.1, cache_size=500, class_weight='balanced', coef0=4, degree=6,
    gamma=0.01, kernel='poly', max_iter=1000000, probability=True,
    random_state=42), 'Classifier__SVC__n_jobs': None, 'Classifier__SVC__verbose': 0}","['Spectral Centroid Overall Standard Deviation'
 'Spectral Flux Overall Standard Deviation'
 'Spectral Variability Overall Standard Deviation'
 'Root Mean Square Overall Standard Deviation'
 'Zero Crossings Overall Standard Deviation'
 'Method of Moments Overall Standard Deviation 2'
 'Method of Moments Overall Standard Deviation 3'
 'Method of Moments Overall Standard Deviation 4'
 'Method of Moments Overall Standard Deviation 5'
 'Spectral Centroid Overall Average'
 'Spectral Rolloff Point Overall Average' 'Spectral Flux Overall Average'
 'Spectral Variability Overall Average' 'Root Mean Square Overall Average'
 'Zero Crossings Overall Average' 'MFCC Overall Average 1'
 'MFCC Overall Average 2' 'LPC Overall Average 1' 'LPC Overall Average 2'
 'Method of Moments Overall Average 1'
 'Method of Moments Overall Average 2'
 'Method of Moments Overall Average 3'
 'Method of Moments Overall Average 4'
 'Method of Moments Overall Average 5' 'Chroma feature 2'
 'Chroma feature 3' 'Chroma feature 8' 'Chroma feature 9']",,,0.3670886075949367,0.2337662337662338,0.24779411764705883
3,Mixed,False,"{'memory': None, 'steps': [('Imputer', SimpleImputer()), ('Scaler', StandardScaler()), ('Selector', SelectFromModel(estimator=LinearSVC(random_state=42), max_features=12)), ('Classifier', Pipeline(steps=[('SVC',
                 OneVsRestClassifier(estimator=SVC(C=0.1, cache_size=500,
                                                   class_weight='balanced',
                                                   coef0=6, degree=8,
                                                   gamma=0.01, kernel='poly',
                                                   max_iter=1000000,
                                                   probability=True,
                                                   random_state=42)))]))], 'transform_input': None, 'verbose': False, 'Imputer': SimpleImputer(), 'Scaler': StandardScaler(), 'Selector': SelectFromModel(estimator=LinearSVC(random_state=42), max_features=12), 'Classifier': Pipeline(steps=[('SVC',
                 OneVsRestClassifier(estimator=SVC(C=0.1, cache_size=500,
                                                   class_weight='balanced',
                                                   coef0=6, degree=8,
                                                   gamma=0.01, kernel='poly',
                                                   max_iter=1000000,
                                                   probability=True,
                                                   random_state=42)))]), 'Imputer__add_indicator': False, 'Imputer__copy': True, 'Imputer__fill_value': None, 'Imputer__keep_empty_features': False, 'Imputer__missing_values': nan, 'Imputer__strategy': 'mean', 'Scaler__copy': True, 'Scaler__with_mean': True, 'Scaler__with_std': True, 'Selector__estimator__C': 1.0, 'Selector__estimator__class_weight': None, 'Selector__estimator__dual': 'auto', 'Selector__estimator__fit_intercept': True, 'Selector__estimator__intercept_scaling': 1, 'Selector__estimator__loss': 'squared_hinge', 'Selector__estimator__max_iter': 1000, 'Selector__estimator__multi_class': 'ovr', 'Selector__estimator__penalty': 'l2', 'Selector__estimator__random_state': 42, 'Selector__estimator__tol': 0.0001, 'Selector__estimator__verbose': 0, 'Selector__estimator': LinearSVC(random_state=42), 'Selector__importance_getter': 'auto', 'Selector__max_features': 12, 'Selector__norm_order': 1, 'Selector__prefit': False, 'Selector__threshold': None, 'Classifier__memory': None, 'Classifier__steps': [('SVC', OneVsRestClassifier(estimator=SVC(C=0.1, cache_size=500,
                                  class_weight='balanced', coef0=6, degree=8,
                                  gamma=0.01, kernel='poly', max_iter=1000000,
                                  probability=True, random_state=42)))], 'Classifier__transform_input': None, 'Classifier__verbose': False, 'Classifier__SVC': OneVsRestClassifier(estimator=SVC(C=0.1, cache_size=500,
                                  class_weight='balanced', coef0=6, degree=8,
                                  gamma=0.01, kernel='poly', max_iter=1000000,
                                  probability=True, random_state=42)), 'Classifier__SVC__estimator__C': 0.1, 'Classifier__SVC__estimator__break_ties': False, 'Classifier__SVC__estimator__cache_size': 500, 'Classifier__SVC__estimator__class_weight': 'balanced', 'Classifier__SVC__estimator__coef0': 6, 'Classifier__SVC__estimator__decision_function_shape': 'ovr', 'Classifier__SVC__estimator__degree': 8, 'Classifier__SVC__estimator__gamma': 0.01, 'Classifier__SVC__estimator__kernel': 'poly', 'Classifier__SVC__estimator__max_iter': 1000000, 'Classifier__SVC__estimator__probability': True, 'Classifier__SVC__estimator__random_state': 42, 'Classifier__SVC__estimator__shrinking': True, 'Classifier__SVC__estimator__tol': 0.001, 'Classifier__SVC__estimator__verbose': False, 'Classifier__SVC__estimator': SVC(C=0.1, cache_size=500, class_weight='balanced', coef0=6, degree=8,
    gamma=0.01, kernel='poly', max_iter=1000000, probability=True,
    random_state=42), 'Classifier__SVC__n_jobs': None, 'Classifier__SVC__verbose': 0}","['Spectral Centroid Overall Standard Deviation'
 'Spectral Variability Overall Standard Deviation'
 'Root Mean Square Overall Standard Deviation'
 'Spectral Centroid Overall Average' 'Spectral Flux Overall Average'
 'Root Mean Square Overall Average' 'Zero Crossings Overall Average'
 'Method of Moments Overall Average 1'
 'Method of Moments Overall Average 2'
 'Method of Moments Overall Average 3'
 'Method of Moments Overall Average 4'
 'Method of Moments Overall Average 5']",,,0.3291139240506329,0.18896103896103897,0.36904761904761907
4,Mixed,False,"{'memory': None, 'steps': [('Imputer', SimpleImputer()), ('Scaler', StandardScaler()), ('Selector', SelectFromModel(estimator=LinearSVC(random_state=42), max_features=16)), ('Classifier', Pipeline(steps=[('SVC',
                 OneVsRestClassifier(estimator=SVC(C=0.1, cache_size=500,
                                                   class_weight='balanced',
                                                   coef0=6, degree=8,
                                                   gamma=0.01, kernel='poly',
                                                   max_iter=1000000,
                                                   probability=True,
                                                   random_state=42)))]))], 'transform_input': None, 'verbose': False, 'Imputer': SimpleImputer(), 'Scaler': StandardScaler(), 'Selector': SelectFromModel(estimator=LinearSVC(random_state=42), max_features=16), 'Classifier': Pipeline(steps=[('SVC',
                 OneVsRestClassifier(estimator=SVC(C=0.1, cache_size=500,
                                                   class_weight='balanced',
                                                   coef0=6, degree=8,
                                                   gamma=0.01, kernel='poly',
                                                   max_iter=1000000,
                                                   probability=True,
                                                   random_state=42)))]), 'Imputer__add_indicator': False, 'Imputer__copy': True, 'Imputer__fill_value': None, 'Imputer__keep_empty_features': False, 'Imputer__missing_values': nan, 'Imputer__strategy': 'mean', 'Scaler__copy': True, 'Scaler__with_mean': True, 'Scaler__with_std': True, 'Selector__estimator__C': 1.0, 'Selector__estimator__class_weight': None, 'Selector__estimator__dual': 'auto', 'Selector__estimator__fit_intercept': True, 'Selector__estimator__intercept_scaling': 1, 'Selector__estimator__loss': 'squared_hinge', 'Selector__estimator__max_iter': 1000, 'Selector__estimator__multi_class': 'ovr', 'Selector__estimator__penalty': 'l2', 'Selector__estimator__random_state': 42, 'Selector__estimator__tol': 0.0001, 'Selector__estimator__verbose': 0, 'Selector__estimator': LinearSVC(random_state=42), 'Selector__importance_getter': 'auto', 'Selector__max_features': 16, 'Selector__norm_order': 1, 'Selector__prefit': False, 'Selector__threshold': None, 'Classifier__memory': None, 'Classifier__steps': [('SVC', OneVsRestClassifier(estimator=SVC(C=0.1, cache_size=500,
                                  class_weight='balanced', coef0=6, degree=8,
                                  gamma=0.01, kernel='poly', max_iter=1000000,
                                  probability=True, random_state=42)))], 'Classifier__transform_input': None, 'Classifier__verbose': False, 'Classifier__SVC': OneVsRestClassifier(estimator=SVC(C=0.1, cache_size=500,
                                  class_weight='balanced', coef0=6, degree=8,
                                  gamma=0.01, kernel='poly', max_iter=1000000,
                                  probability=True, random_state=42)), 'Classifier__SVC__estimator__C': 0.1, 'Classifier__SVC__estimator__break_ties': False, 'Classifier__SVC__estimator__cache_size': 500, 'Classifier__SVC__estimator__class_weight': 'balanced', 'Classifier__SVC__estimator__coef0': 6, 'Classifier__SVC__estimator__decision_function_shape': 'ovr', 'Classifier__SVC__estimator__degree': 8, 'Classifier__SVC__estimator__gamma': 0.01, 'Classifier__SVC__estimator__kernel': 'poly', 'Classifier__SVC__estimator__max_iter': 1000000, 'Classifier__SVC__estimator__probability': True, 'Classifier__SVC__estimator__random_state': 42, 'Classifier__SVC__estimator__shrinking': True, 'Classifier__SVC__estimator__tol': 0.001, 'Classifier__SVC__estimator__verbose': False, 'Classifier__SVC__estimator': SVC(C=0.1, cache_size=500, class_weight='balanced', coef0=6, degree=8,
    gamma=0.01, kernel='poly', max_iter=1000000, probability=True,
    random_state=42), 'Classifier__SVC__n_jobs': None, 'Classifier__SVC__verbose': 0}","['Spectral Centroid Overall Standard Deviation'
 'Spectral Variability Overall Standard Deviation'
 'Root Mean Square Overall Standard Deviation'
 'Zero Crossings Overall Standard Deviation'
 'LPC Overall Standard Deviation 1'
 'Method of Moments Overall Standard Deviation 2'
 'Spectral Centroid Overall Average' 'Spectral Flux Overall Average'
 'Root Mean Square Overall Average' 'Zero Crossings Overall Average'
 'LPC Overall Average 1' 'Method of Moments Overall Average 1'
 'Method of Moments Overall Average 2'
 'Method of Moments Overall Average 3'
 'Method of Moments Overall Average 4'
 'Method of Moments Overall Average 5']",,,0.31645569620253167,0.16558441558441558,0.23989898989898992
5,Mixed,False,"{'memory': None, 'steps': [('Imputer', SimpleImputer()), ('Scaler', MinMaxScaler()), ('Selector', SelectFromModel(estimator=LinearSVC(random_state=42), max_features=32)), ('Classifier', Pipeline(steps=[('SVC',
                 OneVsRestClassifier(estimator=SVC(C=10, cache_size=500,
                                                   class_weight='balanced',
                                                   coef0=8, degree=6,
                                                   gamma=0.01, kernel='poly',
                                                   max_iter=1000000,
                                                   probability=True,
                                                   random_state=42)))]))], 'transform_input': None, 'verbose': False, 'Imputer': SimpleImputer(), 'Scaler': MinMaxScaler(), 'Selector': SelectFromModel(estimator=LinearSVC(random_state=42), max_features=32), 'Classifier': Pipeline(steps=[('SVC',
                 OneVsRestClassifier(estimator=SVC(C=10, cache_size=500,
                                                   class_weight='balanced',
                                                   coef0=8, degree=6,
                                                   gamma=0.01, kernel='poly',
                                                   max_iter=1000000,
                                                   probability=True,
                                                   random_state=42)))]), 'Imputer__add_indicator': False, 'Imputer__copy': True, 'Imputer__fill_value': None, 'Imputer__keep_empty_features': False, 'Imputer__missing_values': nan, 'Imputer__strategy': 'mean', 'Scaler__clip': False, 'Scaler__copy': True, 'Scaler__feature_range': (0, 1), 'Selector__estimator__C': 1.0, 'Selector__estimator__class_weight': None, 'Selector__estimator__dual': 'auto', 'Selector__estimator__fit_intercept': True, 'Selector__estimator__intercept_scaling': 1, 'Selector__estimator__loss': 'squared_hinge', 'Selector__estimator__max_iter': 1000, 'Selector__estimator__multi_class': 'ovr', 'Selector__estimator__penalty': 'l2', 'Selector__estimator__random_state': 42, 'Selector__estimator__tol': 0.0001, 'Selector__estimator__verbose': 0, 'Selector__estimator': LinearSVC(random_state=42), 'Selector__importance_getter': 'auto', 'Selector__max_features': 32, 'Selector__norm_order': 1, 'Selector__prefit': False, 'Selector__threshold': None, 'Classifier__memory': None, 'Classifier__steps': [('SVC', OneVsRestClassifier(estimator=SVC(C=10, cache_size=500, class_weight='balanced',
                                  coef0=8, degree=6, gamma=0.01, kernel='poly',
                                  max_iter=1000000, probability=True,
                                  random_state=42)))], 'Classifier__transform_input': None, 'Classifier__verbose': False, 'Classifier__SVC': OneVsRestClassifier(estimator=SVC(C=10, cache_size=500, class_weight='balanced',
                                  coef0=8, degree=6, gamma=0.01, kernel='poly',
                                  max_iter=1000000, probability=True,
                                  random_state=42)), 'Classifier__SVC__estimator__C': 10, 'Classifier__SVC__estimator__break_ties': False, 'Classifier__SVC__estimator__cache_size': 500, 'Classifier__SVC__estimator__class_weight': 'balanced', 'Classifier__SVC__estimator__coef0': 8, 'Classifier__SVC__estimator__decision_function_shape': 'ovr', 'Classifier__SVC__estimator__degree': 6, 'Classifier__SVC__estimator__gamma': 0.01, 'Classifier__SVC__estimator__kernel': 'poly', 'Classifier__SVC__estimator__max_iter': 1000000, 'Classifier__SVC__estimator__probability': True, 'Classifier__SVC__estimator__random_state': 42, 'Classifier__SVC__estimator__shrinking': True, 'Classifier__SVC__estimator__tol': 0.001, 'Classifier__SVC__estimator__verbose': False, 'Classifier__SVC__estimator': SVC(C=10, cache_size=500, class_weight='balanced', coef0=8, degree=6,
    gamma=0.01, kernel='poly', max_iter=1000000, probability=True,
    random_state=42), 'Classifier__SVC__n_jobs': None, 'Classifier__SVC__verbose': 0}","['Spectral Rolloff Point Overall Standard Deviation'
 'Spectral Flux Overall Standard Deviation'
 'Compactness Overall Standard Deviation'
 'Spectral Variability Overall Standard Deviation'
 'Root Mean Square Overall Standard Deviation'
 'Zero Crossings Overall Standard Deviation'
 'MFCC Overall Standard Deviation 1' 'MFCC Overall Standard Deviation 8'
 'LPC Overall Standard Deviation 1'
 'Method of Moments Overall Standard Deviation 1'
 'Method of Moments Overall Standard Deviation 2'
 'Method of Moments Overall Standard Deviation 4'
 'Method of Moments Overall Standard Deviation 5'
 'Spectral Flux Overall Average' 'Compactness Overall Average'
 'Spectral Variability Overall Average' 'Root Mean Square Overall Average'
 'MFCC Overall Average 1' 'MFCC Overall Average 3'
 'MFCC Overall Average 4' 'MFCC Overall Average 5'
 'MFCC Overall Average 6' 'MFCC Overall Average 11'
 'LPC Overall Average 3' 'LPC Overall Average 6'
 'Method of Moments Overall Average 1'
 'Method of Moments Overall Average 2'
 'Method of Moments Overall Average 3'
 'Method of Moments Overall Average 4' 'Chroma feature 0'
 'Chroma feature 6' 'Chroma feature 11']",,,0.4430379746835443,0.31233766233766236,0.4836707410236822
6,Vocals,False,"{'memory': None, 'steps': [('Imputer', SimpleImputer()), ('Scaler', StandardScaler()), ('Selector', SelectFromModel(estimator=LinearSVC(random_state=42), max_features=32)), ('Classifier', Pipeline(steps=[('SVC',
                 OneVsRestClassifier(estimator=SVC(C=10, cache_size=500,
                                                   class_weight='balanced',
                                                   coef0=2, degree=2, gamma=0.1,
                                                   kernel='poly',
                                                   max_iter=1000000,
                                                   probability=True,
                                                   random_state=42)))]))], 'transform_input': None, 'verbose': False, 'Imputer': SimpleImputer(), 'Scaler': StandardScaler(), 'Selector': SelectFromModel(estimator=LinearSVC(random_state=42), max_features=32), 'Classifier': Pipeline(steps=[('SVC',
                 OneVsRestClassifier(estimator=SVC(C=10, cache_size=500,
                                                   class_weight='balanced',
                                                   coef0=2, degree=2, gamma=0.1,
                                                   kernel='poly',
                                                   max_iter=1000000,
                                                   probability=True,
                                                   random_state=42)))]), 'Imputer__add_indicator': False, 'Imputer__copy': True, 'Imputer__fill_value': None, 'Imputer__keep_empty_features': False, 'Imputer__missing_values': nan, 'Imputer__strategy': 'mean', 'Scaler__copy': True, 'Scaler__with_mean': True, 'Scaler__with_std': True, 'Selector__estimator__C': 1.0, 'Selector__estimator__class_weight': None, 'Selector__estimator__dual': 'auto', 'Selector__estimator__fit_intercept': True, 'Selector__estimator__intercept_scaling': 1, 'Selector__estimator__loss': 'squared_hinge', 'Selector__estimator__max_iter': 1000, 'Selector__estimator__multi_class': 'ovr', 'Selector__estimator__penalty': 'l2', 'Selector__estimator__random_state': 42, 'Selector__estimator__tol': 0.0001, 'Selector__estimator__verbose': 0, 'Selector__estimator': LinearSVC(random_state=42), 'Selector__importance_getter': 'auto', 'Selector__max_features': 32, 'Selector__norm_order': 1, 'Selector__prefit': False, 'Selector__threshold': None, 'Classifier__memory': None, 'Classifier__steps': [('SVC', OneVsRestClassifier(estimator=SVC(C=10, cache_size=500, class_weight='balanced',
                                  coef0=2, degree=2, gamma=0.1, kernel='poly',
                                  max_iter=1000000, probability=True,
                                  random_state=42)))], 'Classifier__transform_input': None, 'Classifier__verbose': False, 'Classifier__SVC': OneVsRestClassifier(estimator=SVC(C=10, cache_size=500, class_weight='balanced',
                                  coef0=2, degree=2, gamma=0.1, kernel='poly',
                                  max_iter=1000000, probability=True,
                                  random_state=42)), 'Classifier__SVC__estimator__C': 10, 'Classifier__SVC__estimator__break_ties': False, 'Classifier__SVC__estimator__cache_size': 500, 'Classifier__SVC__estimator__class_weight': 'balanced', 'Classifier__SVC__estimator__coef0': 2, 'Classifier__SVC__estimator__decision_function_shape': 'ovr', 'Classifier__SVC__estimator__degree': 2, 'Classifier__SVC__estimator__gamma': 0.1, 'Classifier__SVC__estimator__kernel': 'poly', 'Classifier__SVC__estimator__max_iter': 1000000, 'Classifier__SVC__estimator__probability': True, 'Classifier__SVC__estimator__random_state': 42, 'Classifier__SVC__estimator__shrinking': True, 'Classifier__SVC__estimator__tol': 0.001, 'Classifier__SVC__estimator__verbose': False, 'Classifier__SVC__estimator': SVC(C=10, cache_size=500, class_weight='balanced', coef0=2, degree=2, gamma=0.1,
    kernel='poly', max_iter=1000000, probability=True, random_state=42), 'Classifier__SVC__n_jobs': None, 'Classifier__SVC__verbose': 0}","['Spectral Centroid Overall Standard Deviation'
 'Spectral Rolloff Point Overall Standard Deviation'
 'Compactness Overall Standard Deviation'
 'Spectral Variability Overall Standard Deviation'
 'Root Mean Square Overall Standard Deviation'
 'Zero Crossings Overall Standard Deviation'
 'MFCC Overall Standard Deviation 1' 'LPC Overall Standard Deviation 7'
 'LPC Overall Standard Deviation 9'
 'Method of Moments Overall Standard Deviation 1'
 'Method of Moments Overall Standard Deviation 2'
 'Method of Moments Overall Standard Deviation 3'
 'Method of Moments Overall Standard Deviation 4'
 'Method of Moments Overall Standard Deviation 5'
 'Spectral Centroid Overall Average'
 'Spectral Rolloff Point Overall Average' 'Spectral Flux Overall Average'
 'Compactness Overall Average' 'Spectral Variability Overall Average'
 'Root Mean Square Overall Average' 'Zero Crossings Overall Average'
 'MFCC Overall Average 1' 'LPC Overall Average 1' 'LPC Overall Average 2'
 'Method of Moments Overall Average 1'
 'Method of Moments Overall Average 2'
 'Method of Moments Overall Average 3'
 'Method of Moments Overall Average 4'
 'Method of Moments Overall Average 5' 'Chroma feature 0'
 'Chroma feature 1' 'Chroma feature 10']",,,0.3670886075949367,0.21277056277056278,0.6025132275132274
7,Vocals,False,"{'memory': None, 'steps': [('Imputer', SimpleImputer()), ('Scaler', StandardScaler()), ('Selector', SelectFromModel(estimator=LinearSVC(random_state=42), max_features=32)), ('Classifier', Pipeline(steps=[('SVC',
                 OneVsRestClassifier(estimator=SVC(C=1, cache_size=500,
                                                   class_weight='balanced',
                                                   coef0=2, degree=6,
                                                   gamma=0.01, kernel='poly',
                                                   max_iter=1000000,
                                                   probability=True,
                                                   random_state=42)))]))], 'transform_input': None, 'verbose': False, 'Imputer': SimpleImputer(), 'Scaler': StandardScaler(), 'Selector': SelectFromModel(estimator=LinearSVC(random_state=42), max_features=32), 'Classifier': Pipeline(steps=[('SVC',
                 OneVsRestClassifier(estimator=SVC(C=1, cache_size=500,
                                                   class_weight='balanced',
                                                   coef0=2, degree=6,
                                                   gamma=0.01, kernel='poly',
                                                   max_iter=1000000,
                                                   probability=True,
                                                   random_state=42)))]), 'Imputer__add_indicator': False, 'Imputer__copy': True, 'Imputer__fill_value': None, 'Imputer__keep_empty_features': False, 'Imputer__missing_values': nan, 'Imputer__strategy': 'mean', 'Scaler__copy': True, 'Scaler__with_mean': True, 'Scaler__with_std': True, 'Selector__estimator__C': 1.0, 'Selector__estimator__class_weight': None, 'Selector__estimator__dual': 'auto', 'Selector__estimator__fit_intercept': True, 'Selector__estimator__intercept_scaling': 1, 'Selector__estimator__loss': 'squared_hinge', 'Selector__estimator__max_iter': 1000, 'Selector__estimator__multi_class': 'ovr', 'Selector__estimator__penalty': 'l2', 'Selector__estimator__random_state': 42, 'Selector__estimator__tol': 0.0001, 'Selector__estimator__verbose': 0, 'Selector__estimator': LinearSVC(random_state=42), 'Selector__importance_getter': 'auto', 'Selector__max_features': 32, 'Selector__norm_order': 1, 'Selector__prefit': False, 'Selector__threshold': None, 'Classifier__memory': None, 'Classifier__steps': [('SVC', OneVsRestClassifier(estimator=SVC(C=1, cache_size=500, class_weight='balanced',
                                  coef0=2, degree=6, gamma=0.01, kernel='poly',
                                  max_iter=1000000, probability=True,
                                  random_state=42)))], 'Classifier__transform_input': None, 'Classifier__verbose': False, 'Classifier__SVC': OneVsRestClassifier(estimator=SVC(C=1, cache_size=500, class_weight='balanced',
                                  coef0=2, degree=6, gamma=0.01, kernel='poly',
                                  max_iter=1000000, probability=True,
                                  random_state=42)), 'Classifier__SVC__estimator__C': 1, 'Classifier__SVC__estimator__break_ties': False, 'Classifier__SVC__estimator__cache_size': 500, 'Classifier__SVC__estimator__class_weight': 'balanced', 'Classifier__SVC__estimator__coef0': 2, 'Classifier__SVC__estimator__decision_function_shape': 'ovr', 'Classifier__SVC__estimator__degree': 6, 'Classifier__SVC__estimator__gamma': 0.01, 'Classifier__SVC__estimator__kernel': 'poly', 'Classifier__SVC__estimator__max_iter': 1000000, 'Classifier__SVC__estimator__probability': True, 'Classifier__SVC__estimator__random_state': 42, 'Classifier__SVC__estimator__shrinking': True, 'Classifier__SVC__estimator__tol': 0.001, 'Classifier__SVC__estimator__verbose': False, 'Classifier__SVC__estimator': SVC(C=1, cache_size=500, class_weight='balanced', coef0=2, degree=6, gamma=0.01,
    kernel='poly', max_iter=1000000, probability=True, random_state=42), 'Classifier__SVC__n_jobs': None, 'Classifier__SVC__verbose': 0}","['Spectral Centroid Overall Standard Deviation'
 'Spectral Rolloff Point Overall Standard Deviation'
 'Compactness Overall Standard Deviation'
 'Spectral Variability Overall Standard Deviation'
 'Root Mean Square Overall Standard Deviation'
 'Zero Crossings Overall Standard Deviation'
 'MFCC Overall Standard Deviation 1' 'LPC Overall Standard Deviation 7'
 'LPC Overall Standard Deviation 9'
 'Method of Moments Overall Standard Deviation 1'
 'Method of Moments Overall Standard Deviation 2'
 'Method of Moments Overall Standard Deviation 3'
 'Method of Moments Overall Standard Deviation 4'
 'Method of Moments Overall Standard Deviation 5'
 'Spectral Centroid Overall Average'
 'Spectral Rolloff Point Overall Average' 'Spectral Flux Overall Average'
 'Compactness Overall Average' 'Spectral Variability Overall Average'
 'Root Mean Square Overall Average' 'Zero Crossings Overall Average'
 'MFCC Overall Average 1' 'LPC Overall Average 1' 'LPC Overall Average 2'
 'Method of Moments Overall Average 1'
 'Method of Moments Overall Average 2'
 'Method of Moments Overall Average 3'
 'Method of Moments Overall Average 4'
 'Method of Moments Overall Average 5' 'Chroma feature 0'
 'Chroma feature 1' 'Chroma feature 10']",,,0.379746835443038,0.22164502164502164,0.5287925696594428
8,Vocals,False,"{'memory': None, 'steps': [('Imputer', SimpleImputer()), ('Scaler', StandardScaler()), ('Selector', SelectFromModel(estimator=LinearSVC(random_state=42), max_features=32)), ('Classifier', Pipeline(steps=[('SVC',
                 OneVsRestClassifier(estimator=SVC(C=10, cache_size=500,
                                                   class_weight='balanced',
                                                   coef0=4, degree=2, gamma=0.1,
                                                   kernel='poly',
                                                   max_iter=1000000,
                                                   probability=True,
                                                   random_state=42)))]))], 'transform_input': None, 'verbose': False, 'Imputer': SimpleImputer(), 'Scaler': StandardScaler(), 'Selector': SelectFromModel(estimator=LinearSVC(random_state=42), max_features=32), 'Classifier': Pipeline(steps=[('SVC',
                 OneVsRestClassifier(estimator=SVC(C=10, cache_size=500,
                                                   class_weight='balanced',
                                                   coef0=4, degree=2, gamma=0.1,
                                                   kernel='poly',
                                                   max_iter=1000000,
                                                   probability=True,
                                                   random_state=42)))]), 'Imputer__add_indicator': False, 'Imputer__copy': True, 'Imputer__fill_value': None, 'Imputer__keep_empty_features': False, 'Imputer__missing_values': nan, 'Imputer__strategy': 'mean', 'Scaler__copy': True, 'Scaler__with_mean': True, 'Scaler__with_std': True, 'Selector__estimator__C': 1.0, 'Selector__estimator__class_weight': None, 'Selector__estimator__dual': 'auto', 'Selector__estimator__fit_intercept': True, 'Selector__estimator__intercept_scaling': 1, 'Selector__estimator__loss': 'squared_hinge', 'Selector__estimator__max_iter': 1000, 'Selector__estimator__multi_class': 'ovr', 'Selector__estimator__penalty': 'l2', 'Selector__estimator__random_state': 42, 'Selector__estimator__tol': 0.0001, 'Selector__estimator__verbose': 0, 'Selector__estimator': LinearSVC(random_state=42), 'Selector__importance_getter': 'auto', 'Selector__max_features': 32, 'Selector__norm_order': 1, 'Selector__prefit': False, 'Selector__threshold': None, 'Classifier__memory': None, 'Classifier__steps': [('SVC', OneVsRestClassifier(estimator=SVC(C=10, cache_size=500, class_weight='balanced',
                                  coef0=4, degree=2, gamma=0.1, kernel='poly',
                                  max_iter=1000000, probability=True,
                                  random_state=42)))], 'Classifier__transform_input': None, 'Classifier__verbose': False, 'Classifier__SVC': OneVsRestClassifier(estimator=SVC(C=10, cache_size=500, class_weight='balanced',
                                  coef0=4, degree=2, gamma=0.1, kernel='poly',
                                  max_iter=1000000, probability=True,
                                  random_state=42)), 'Classifier__SVC__estimator__C': 10, 'Classifier__SVC__estimator__break_ties': False, 'Classifier__SVC__estimator__cache_size': 500, 'Classifier__SVC__estimator__class_weight': 'balanced', 'Classifier__SVC__estimator__coef0': 4, 'Classifier__SVC__estimator__decision_function_shape': 'ovr', 'Classifier__SVC__estimator__degree': 2, 'Classifier__SVC__estimator__gamma': 0.1, 'Classifier__SVC__estimator__kernel': 'poly', 'Classifier__SVC__estimator__max_iter': 1000000, 'Classifier__SVC__estimator__probability': True, 'Classifier__SVC__estimator__random_state': 42, 'Classifier__SVC__estimator__shrinking': True, 'Classifier__SVC__estimator__tol': 0.001, 'Classifier__SVC__estimator__verbose': False, 'Classifier__SVC__estimator': SVC(C=10, cache_size=500, class_weight='balanced', coef0=4, degree=2, gamma=0.1,
    kernel='poly', max_iter=1000000, probability=True, random_state=42), 'Classifier__SVC__n_jobs': None, 'Classifier__SVC__verbose': 0}","['Spectral Centroid Overall Standard Deviation'
 'Spectral Rolloff Point Overall Standard Deviation'
 'Compactness Overall Standard Deviation'
 'Spectral Variability Overall Standard Deviation'
 'Root Mean Square Overall Standard Deviation'
 'Zero Crossings Overall Standard Deviation'
 'MFCC Overall Standard Deviation 1' 'LPC Overall Standard Deviation 7'
 'LPC Overall Standard Deviation 9'
 'Method of Moments Overall Standard Deviation 1'
 'Method of Moments Overall Standard Deviation 2'
 'Method of Moments Overall Standard Deviation 3'
 'Method of Moments Overall Standard Deviation 4'
 'Method of Moments Overall Standard Deviation 5'
 'Spectral Centroid Overall Average'
 'Spectral Rolloff Point Overall Average' 'Spectral Flux Overall Average'
 'Compactness Overall Average' 'Spectral Variability Overall Average'
 'Root Mean Square Overall Average' 'Zero Crossings Overall Average'
 'MFCC Overall Average 1' 'LPC Overall Average 1' 'LPC Overall Average 2'
 'Method of Moments Overall Average 1'
 'Method of Moments Overall Average 2'
 'Method of Moments Overall Average 3'
 'Method of Moments Overall Average 4'
 'Method of Moments Overall Average 5' 'Chroma feature 0'
 'Chroma feature 1' 'Chroma feature 10']",,,0.379746835443038,0.2192640692640693,0.6109848484848485
9,Instrumental + Instrumental,False,"{'memory': None, 'steps': [('Imputer', SimpleImputer()), ('Scaler', StandardScaler()), ('Selector', SelectFromModel(estimator=LinearSVC(random_state=42), max_features=24)), ('Classifier', Pipeline(steps=[('SVC',
                 OneVsRestClassifier(estimator=SVC(C=0.01, cache_size=500,
                                                   class_weight='balanced',
                                                   coef0=4, degree=8,
                                                   gamma=0.01, kernel='poly',
                                                   max_iter=1000000,
                                                   probability=True,
                                                   random_state=42)))]))], 'transform_input': None, 'verbose': False, 'Imputer': SimpleImputer(), 'Scaler': StandardScaler(), 'Selector': SelectFromModel(estimator=LinearSVC(random_state=42), max_features=24), 'Classifier': Pipeline(steps=[('SVC',
                 OneVsRestClassifier(estimator=SVC(C=0.01, cache_size=500,
                                                   class_weight='balanced',
                                                   coef0=4, degree=8,
                                                   gamma=0.01, kernel='poly',
                                                   max_iter=1000000,
                                                   probability=True,
                                                   random_state=42)))]), 'Imputer__add_indicator': False, 'Imputer__copy': True, 'Imputer__fill_value': None, 'Imputer__keep_empty_features': False, 'Imputer__missing_values': nan, 'Imputer__strategy': 'mean', 'Scaler__copy': True, 'Scaler__with_mean': True, 'Scaler__with_std': True, 'Selector__estimator__C': 1.0, 'Selector__estimator__class_weight': None, 'Selector__estimator__dual': 'auto', 'Selector__estimator__fit_intercept': True, 'Selector__estimator__intercept_scaling': 1, 'Selector__estimator__loss': 'squared_hinge', 'Selector__estimator__max_iter': 1000, 'Selector__estimator__multi_class': 'ovr', 'Selector__estimator__penalty': 'l2', 'Selector__estimator__random_state': 42, 'Selector__estimator__tol': 0.0001, 'Selector__estimator__verbose': 0, 'Selector__estimator': LinearSVC(random_state=42), 'Selector__importance_getter': 'auto', 'Selector__max_features': 24, 'Selector__norm_order': 1, 'Selector__prefit': False, 'Selector__threshold': None, 'Classifier__memory': None, 'Classifier__steps': [('SVC', OneVsRestClassifier(estimator=SVC(C=0.01, cache_size=500,
                                  class_weight='balanced', coef0=4, degree=8,
                                  gamma=0.01, kernel='poly', max_iter=1000000,
                                  probability=True, random_state=42)))], 'Classifier__transform_input': None, 'Classifier__verbose': False, 'Classifier__SVC': OneVsRestClassifier(estimator=SVC(C=0.01, cache_size=500,
                                  class_weight='balanced', coef0=4, degree=8,
                                  gamma=0.01, kernel='poly', max_iter=1000000,
                                  probability=True, random_state=42)), 'Classifier__SVC__estimator__C': 0.01, 'Classifier__SVC__estimator__break_ties': False, 'Classifier__SVC__estimator__cache_size': 500, 'Classifier__SVC__estimator__class_weight': 'balanced', 'Classifier__SVC__estimator__coef0': 4, 'Classifier__SVC__estimator__decision_function_shape': 'ovr', 'Classifier__SVC__estimator__degree': 8, 'Classifier__SVC__estimator__gamma': 0.01, 'Classifier__SVC__estimator__kernel': 'poly', 'Classifier__SVC__estimator__max_iter': 1000000, 'Classifier__SVC__estimator__probability': True, 'Classifier__SVC__estimator__random_state': 42, 'Classifier__SVC__estimator__shrinking': True, 'Classifier__SVC__estimator__tol': 0.001, 'Classifier__SVC__estimator__verbose': False, 'Classifier__SVC__estimator': SVC(C=0.01, cache_size=500, class_weight='balanced', coef0=4, degree=8,
    gamma=0.01, kernel='poly', max_iter=1000000, probability=True,
    random_state=42), 'Classifier__SVC__n_jobs': None, 'Classifier__SVC__verbose': 0}","['Spectral Centroid Overall Standard Deviation'
 'Spectral Flux Overall Standard Deviation'
 'Spectral Variability Overall Standard Deviation'
 'Root Mean Square Overall Standard Deviation'
 'Zero Crossings Overall Standard Deviation'
 'Method of Moments Overall Standard Deviation 2'
 'Method of Moments Overall Standard Deviation 3'
 'Method of Moments Overall Standard Deviation 4'
 'Method of Moments Overall Standard Deviation 5'
 'Spectral Centroid Overall Average'
 'Spectral Rolloff Point Overall Average' 'Spectral Flux Overall Average'
 'Spectral Variability Overall Average' 'Root Mean Square Overall Average'
 'Zero Crossings Overall Average' 'LPC Overall Average 1'
 'LPC Overall Average 2' 'Method of Moments Overall Average 1'
 'Method of Moments Overall Average 2'
 'Method of Moments Overall Average 3'
 'Method of Moments Overall Average 4'
 'Method of Moments Overall Average 5' 'Chroma feature 2'
 'Chroma feature 3']","{'memory': None, 'steps': [('Imputer', SimpleImputer()), ('Scaler', StandardScaler()), ('Selector', SelectFromModel(estimator=LinearSVC(random_state=42), max_features=24)), ('Classifier', Pipeline(steps=[('SVC',
                 OneVsRestClassifier(estimator=SVC(C=0.1, cache_size=500,
                                                   class_weight='balanced',
                                                   coef0=6, degree=6,
                                                   gamma=0.01, kernel='poly',
                                                   max_iter=1000000,
                                                   probability=True,
                                                   random_state=42)))]))], 'transform_input': None, 'verbose': False, 'Imputer': SimpleImputer(), 'Scaler': StandardScaler(), 'Selector': SelectFromModel(estimator=LinearSVC(random_state=42), max_features=24), 'Classifier': Pipeline(steps=[('SVC',
                 OneVsRestClassifier(estimator=SVC(C=0.1, cache_size=500,
                                                   class_weight='balanced',
                                                   coef0=6, degree=6,
                                                   gamma=0.01, kernel='poly',
                                                   max_iter=1000000,
                                                   probability=True,
                                                   random_state=42)))]), 'Imputer__add_indicator': False, 'Imputer__copy': True, 'Imputer__fill_value': None, 'Imputer__keep_empty_features': False, 'Imputer__missing_values': nan, 'Imputer__strategy': 'mean', 'Scaler__copy': True, 'Scaler__with_mean': True, 'Scaler__with_std': True, 'Selector__estimator__C': 1.0, 'Selector__estimator__class_weight': None, 'Selector__estimator__dual': 'auto', 'Selector__estimator__fit_intercept': True, 'Selector__estimator__intercept_scaling': 1, 'Selector__estimator__loss': 'squared_hinge', 'Selector__estimator__max_iter': 1000, 'Selector__estimator__multi_class': 'ovr', 'Selector__estimator__penalty': 'l2', 'Selector__estimator__random_state': 42, 'Selector__estimator__tol': 0.0001, 'Selector__estimator__verbose': 0, 'Selector__estimator': LinearSVC(random_state=42), 'Selector__importance_getter': 'auto', 'Selector__max_features': 24, 'Selector__norm_order': 1, 'Selector__prefit': False, 'Selector__threshold': None, 'Classifier__memory': None, 'Classifier__steps': [('SVC', OneVsRestClassifier(estimator=SVC(C=0.1, cache_size=500,
                                  class_weight='balanced', coef0=6, degree=6,
                                  gamma=0.01, kernel='poly', max_iter=1000000,
                                  probability=True, random_state=42)))], 'Classifier__transform_input': None, 'Classifier__verbose': False, 'Classifier__SVC': OneVsRestClassifier(estimator=SVC(C=0.1, cache_size=500,
                                  class_weight='balanced', coef0=6, degree=6,
                                  gamma=0.01, kernel='poly', max_iter=1000000,
                                  probability=True, random_state=42)), 'Classifier__SVC__estimator__C': 0.1, 'Classifier__SVC__estimator__break_ties': False, 'Classifier__SVC__estimator__cache_size': 500, 'Classifier__SVC__estimator__class_weight': 'balanced', 'Classifier__SVC__estimator__coef0': 6, 'Classifier__SVC__estimator__decision_function_shape': 'ovr', 'Classifier__SVC__estimator__degree': 6, 'Classifier__SVC__estimator__gamma': 0.01, 'Classifier__SVC__estimator__kernel': 'poly', 'Classifier__SVC__estimator__max_iter': 1000000, 'Classifier__SVC__estimator__probability': True, 'Classifier__SVC__estimator__random_state': 42, 'Classifier__SVC__estimator__shrinking': True, 'Classifier__SVC__estimator__tol': 0.001, 'Classifier__SVC__estimator__verbose': False, 'Classifier__SVC__estimator': SVC(C=0.1, cache_size=500, class_weight='balanced', coef0=6, degree=6,
    gamma=0.01, kernel='poly', max_iter=1000000, probability=True,
    random_state=42), 'Classifier__SVC__n_jobs': None, 'Classifier__SVC__verbose': 0}","['Spectral Centroid Overall Standard Deviation'
 'Spectral Flux Overall Standard Deviation'
 'Spectral Variability Overall Standard Deviation'
 'Root Mean Square Overall Standard Deviation'
 'Zero Crossings Overall Standard Deviation'
 'Method of Moments Overall Standard Deviation 2'
 'Method of Moments Overall Standard Deviation 3'
 'Method of Moments Overall Standard Deviation 4'
 'Method of Moments Overall Standard Deviation 5'
 'Spectral Centroid Overall Average'
 'Spectral Rolloff Point Overall Average' 'Spectral Flux Overall Average'
 'Spectral Variability Overall Average' 'Root Mean Square Overall Average'
 'Zero Crossings Overall Average' 'LPC Overall Average 1'
 'LPC Overall Average 2' 'Method of Moments Overall Average 1'
 'Method of Moments Overall Average 2'
 'Method of Moments Overall Average 3'
 'Method of Moments Overall Average 4'
 'Method of Moments Overall Average 5' 'Chroma feature 2'
 'Chroma feature 3']",0.43037974683544306,0.27770562770562773,0.32029341594558985
10,Instrumental + Instrumental,False,"{'memory': None, 'steps': [('Imputer', SimpleImputer()), ('Scaler', StandardScaler()), ('Selector', SelectFromModel(estimator=LinearSVC(random_state=42), max_features=24)), ('Classifier', Pipeline(steps=[('SVC',
                 OneVsRestClassifier(estimator=SVC(C=0.01, cache_size=500,
                                                   class_weight='balanced',
                                                   coef0=4, degree=8,
                                                   gamma=0.01, kernel='poly',
                                                   max_iter=1000000,
                                                   probability=True,
                                                   random_state=42)))]))], 'transform_input': None, 'verbose': False, 'Imputer': SimpleImputer(), 'Scaler': StandardScaler(), 'Selector': SelectFromModel(estimator=LinearSVC(random_state=42), max_features=24), 'Classifier': Pipeline(steps=[('SVC',
                 OneVsRestClassifier(estimator=SVC(C=0.01, cache_size=500,
                                                   class_weight='balanced',
                                                   coef0=4, degree=8,
                                                   gamma=0.01, kernel='poly',
                                                   max_iter=1000000,
                                                   probability=True,
                                                   random_state=42)))]), 'Imputer__add_indicator': False, 'Imputer__copy': True, 'Imputer__fill_value': None, 'Imputer__keep_empty_features': False, 'Imputer__missing_values': nan, 'Imputer__strategy': 'mean', 'Scaler__copy': True, 'Scaler__with_mean': True, 'Scaler__with_std': True, 'Selector__estimator__C': 1.0, 'Selector__estimator__class_weight': None, 'Selector__estimator__dual': 'auto', 'Selector__estimator__fit_intercept': True, 'Selector__estimator__intercept_scaling': 1, 'Selector__estimator__loss': 'squared_hinge', 'Selector__estimator__max_iter': 1000, 'Selector__estimator__multi_class': 'ovr', 'Selector__estimator__penalty': 'l2', 'Selector__estimator__random_state': 42, 'Selector__estimator__tol': 0.0001, 'Selector__estimator__verbose': 0, 'Selector__estimator': LinearSVC(random_state=42), 'Selector__importance_getter': 'auto', 'Selector__max_features': 24, 'Selector__norm_order': 1, 'Selector__prefit': False, 'Selector__threshold': None, 'Classifier__memory': None, 'Classifier__steps': [('SVC', OneVsRestClassifier(estimator=SVC(C=0.01, cache_size=500,
                                  class_weight='balanced', coef0=4, degree=8,
                                  gamma=0.01, kernel='poly', max_iter=1000000,
                                  probability=True, random_state=42)))], 'Classifier__transform_input': None, 'Classifier__verbose': False, 'Classifier__SVC': OneVsRestClassifier(estimator=SVC(C=0.01, cache_size=500,
                                  class_weight='balanced', coef0=4, degree=8,
                                  gamma=0.01, kernel='poly', max_iter=1000000,
                                  probability=True, random_state=42)), 'Classifier__SVC__estimator__C': 0.01, 'Classifier__SVC__estimator__break_ties': False, 'Classifier__SVC__estimator__cache_size': 500, 'Classifier__SVC__estimator__class_weight': 'balanced', 'Classifier__SVC__estimator__coef0': 4, 'Classifier__SVC__estimator__decision_function_shape': 'ovr', 'Classifier__SVC__estimator__degree': 8, 'Classifier__SVC__estimator__gamma': 0.01, 'Classifier__SVC__estimator__kernel': 'poly', 'Classifier__SVC__estimator__max_iter': 1000000, 'Classifier__SVC__estimator__probability': True, 'Classifier__SVC__estimator__random_state': 42, 'Classifier__SVC__estimator__shrinking': True, 'Classifier__SVC__estimator__tol': 0.001, 'Classifier__SVC__estimator__verbose': False, 'Classifier__SVC__estimator': SVC(C=0.01, cache_size=500, class_weight='balanced', coef0=4, degree=8,
    gamma=0.01, kernel='poly', max_iter=1000000, probability=True,
    random_state=42), 'Classifier__SVC__n_jobs': None, 'Classifier__SVC__verbose': 0}","['Spectral Centroid Overall Standard Deviation'
 'Spectral Flux Overall Standard Deviation'
 'Spectral Variability Overall Standard Deviation'
 'Root Mean Square Overall Standard Deviation'
 'Zero Crossings Overall Standard Deviation'
 'Method of Moments Overall Standard Deviation 2'
 'Method of Moments Overall Standard Deviation 3'
 'Method of Moments Overall Standard Deviation 4'
 'Method of Moments Overall Standard Deviation 5'
 'Spectral Centroid Overall Average'
 'Spectral Rolloff Point Overall Average' 'Spectral Flux Overall Average'
 'Spectral Variability Overall Average' 'Root Mean Square Overall Average'
 'Zero Crossings Overall Average' 'LPC Overall Average 1'
 'LPC Overall Average 2' 'Method of Moments Overall Average 1'
 'Method of Moments Overall Average 2'
 'Method of Moments Overall Average 3'
 'Method of Moments Overall Average 4'
 'Method of Moments Overall Average 5' 'Chroma feature 2'
 'Chroma feature 3']","{'memory': None, 'steps': [('Imputer', SimpleImputer()), ('Scaler', StandardScaler()), ('Selector', SelectFromModel(estimator=LinearSVC(random_state=42), max_features=28)), ('Classifier', Pipeline(steps=[('SVC',
                 OneVsRestClassifier(estimator=SVC(C=0.1, cache_size=500,
                                                   class_weight='balanced',
                                                   coef0=4, degree=6,
                                                   gamma=0.01, kernel='poly',
                                                   max_iter=1000000,
                                                   probability=True,
                                                   random_state=42)))]))], 'transform_input': None, 'verbose': False, 'Imputer': SimpleImputer(), 'Scaler': StandardScaler(), 'Selector': SelectFromModel(estimator=LinearSVC(random_state=42), max_features=28), 'Classifier': Pipeline(steps=[('SVC',
                 OneVsRestClassifier(estimator=SVC(C=0.1, cache_size=500,
                                                   class_weight='balanced',
                                                   coef0=4, degree=6,
                                                   gamma=0.01, kernel='poly',
                                                   max_iter=1000000,
                                                   probability=True,
                                                   random_state=42)))]), 'Imputer__add_indicator': False, 'Imputer__copy': True, 'Imputer__fill_value': None, 'Imputer__keep_empty_features': False, 'Imputer__missing_values': nan, 'Imputer__strategy': 'mean', 'Scaler__copy': True, 'Scaler__with_mean': True, 'Scaler__with_std': True, 'Selector__estimator__C': 1.0, 'Selector__estimator__class_weight': None, 'Selector__estimator__dual': 'auto', 'Selector__estimator__fit_intercept': True, 'Selector__estimator__intercept_scaling': 1, 'Selector__estimator__loss': 'squared_hinge', 'Selector__estimator__max_iter': 1000, 'Selector__estimator__multi_class': 'ovr', 'Selector__estimator__penalty': 'l2', 'Selector__estimator__random_state': 42, 'Selector__estimator__tol': 0.0001, 'Selector__estimator__verbose': 0, 'Selector__estimator': LinearSVC(random_state=42), 'Selector__importance_getter': 'auto', 'Selector__max_features': 28, 'Selector__norm_order': 1, 'Selector__prefit': False, 'Selector__threshold': None, 'Classifier__memory': None, 'Classifier__steps': [('SVC', OneVsRestClassifier(estimator=SVC(C=0.1, cache_size=500,
                                  class_weight='balanced', coef0=4, degree=6,
                                  gamma=0.01, kernel='poly', max_iter=1000000,
                                  probability=True, random_state=42)))], 'Classifier__transform_input': None, 'Classifier__verbose': False, 'Classifier__SVC': OneVsRestClassifier(estimator=SVC(C=0.1, cache_size=500,
                                  class_weight='balanced', coef0=4, degree=6,
                                  gamma=0.01, kernel='poly', max_iter=1000000,
                                  probability=True, random_state=42)), 'Classifier__SVC__estimator__C': 0.1, 'Classifier__SVC__estimator__break_ties': False, 'Classifier__SVC__estimator__cache_size': 500, 'Classifier__SVC__estimator__class_weight': 'balanced', 'Classifier__SVC__estimator__coef0': 4, 'Classifier__SVC__estimator__decision_function_shape': 'ovr', 'Classifier__SVC__estimator__degree': 6, 'Classifier__SVC__estimator__gamma': 0.01, 'Classifier__SVC__estimator__kernel': 'poly', 'Classifier__SVC__estimator__max_iter': 1000000, 'Classifier__SVC__estimator__probability': True, 'Classifier__SVC__estimator__random_state': 42, 'Classifier__SVC__estimator__shrinking': True, 'Classifier__SVC__estimator__tol': 0.001, 'Classifier__SVC__estimator__verbose': False, 'Classifier__SVC__estimator': SVC(C=0.1, cache_size=500, class_weight='balanced', coef0=4, degree=6,
    gamma=0.01, kernel='poly', max_iter=1000000, probability=True,
    random_state=42), 'Classifier__SVC__n_jobs': None, 'Classifier__SVC__verbose': 0}","['Spectral Centroid Overall Standard Deviation'
 'Spectral Flux Overall Standard Deviation'
 'Spectral Variability Overall Standard Deviation'
 'Root Mean Square Overall Standard Deviation'
 'Zero Crossings Overall Standard Deviation'
 'Method of Moments Overall Standard Deviation 2'
 'Method of Moments Overall Standard Deviation 3'
 'Method of Moments Overall Standard Deviation 4'
 'Method of Moments Overall Standard Deviation 5'
 'Spectral Centroid Overall Average'
 'Spectral Rolloff Point Overall Average' 'Spectral Flux Overall Average'
 'Spectral Variability Overall Average' 'Root Mean Square Overall Average'
 'Zero Crossings Overall Average' 'MFCC Overall Average 1'
 'MFCC Overall Average 2' 'LPC Overall Average 1' 'LPC Overall Average 2'
 'Method of Moments Overall Average 1'
 'Method of Moments Overall Average 2'
 'Method of Moments Overall Average 3'
 'Method of Moments Overall Average 4'
 'Method of Moments Overall Average 5' 'Chroma feature 2'
 'Chroma feature 3' 'Chroma feature 8' 'Chroma feature 9']",0.46835443037974683,0.2924242424242424,0.39232793522267206
11,Instrumental + Instrumental,False,"{'memory': None, 'steps': [('Imputer', SimpleImputer()), ('Scaler', StandardScaler()), ('Selector', SelectFromModel(estimator=LinearSVC(random_state=42), max_features=24)), ('Classifier', Pipeline(steps=[('SVC',
                 OneVsRestClassifier(estimator=SVC(C=0.1, cache_size=500,
                                                   class_weight='balanced',
                                                   coef0=6, degree=6,
                                                   gamma=0.01, kernel='poly',
                                                   max_iter=1000000,
                                                   probability=True,
                                                   random_state=42)))]))], 'transform_input': None, 'verbose': False, 'Imputer': SimpleImputer(), 'Scaler': StandardScaler(), 'Selector': SelectFromModel(estimator=LinearSVC(random_state=42), max_features=24), 'Classifier': Pipeline(steps=[('SVC',
                 OneVsRestClassifier(estimator=SVC(C=0.1, cache_size=500,
                                                   class_weight='balanced',
                                                   coef0=6, degree=6,
                                                   gamma=0.01, kernel='poly',
                                                   max_iter=1000000,
                                                   probability=True,
                                                   random_state=42)))]), 'Imputer__add_indicator': False, 'Imputer__copy': True, 'Imputer__fill_value': None, 'Imputer__keep_empty_features': False, 'Imputer__missing_values': nan, 'Imputer__strategy': 'mean', 'Scaler__copy': True, 'Scaler__with_mean': True, 'Scaler__with_std': True, 'Selector__estimator__C': 1.0, 'Selector__estimator__class_weight': None, 'Selector__estimator__dual': 'auto', 'Selector__estimator__fit_intercept': True, 'Selector__estimator__intercept_scaling': 1, 'Selector__estimator__loss': 'squared_hinge', 'Selector__estimator__max_iter': 1000, 'Selector__estimator__multi_class': 'ovr', 'Selector__estimator__penalty': 'l2', 'Selector__estimator__random_state': 42, 'Selector__estimator__tol': 0.0001, 'Selector__estimator__verbose': 0, 'Selector__estimator': LinearSVC(random_state=42), 'Selector__importance_getter': 'auto', 'Selector__max_features': 24, 'Selector__norm_order': 1, 'Selector__prefit': False, 'Selector__threshold': None, 'Classifier__memory': None, 'Classifier__steps': [('SVC', OneVsRestClassifier(estimator=SVC(C=0.1, cache_size=500,
                                  class_weight='balanced', coef0=6, degree=6,
                                  gamma=0.01, kernel='poly', max_iter=1000000,
                                  probability=True, random_state=42)))], 'Classifier__transform_input': None, 'Classifier__verbose': False, 'Classifier__SVC': OneVsRestClassifier(estimator=SVC(C=0.1, cache_size=500,
                                  class_weight='balanced', coef0=6, degree=6,
                                  gamma=0.01, kernel='poly', max_iter=1000000,
                                  probability=True, random_state=42)), 'Classifier__SVC__estimator__C': 0.1, 'Classifier__SVC__estimator__break_ties': False, 'Classifier__SVC__estimator__cache_size': 500, 'Classifier__SVC__estimator__class_weight': 'balanced', 'Classifier__SVC__estimator__coef0': 6, 'Classifier__SVC__estimator__decision_function_shape': 'ovr', 'Classifier__SVC__estimator__degree': 6, 'Classifier__SVC__estimator__gamma': 0.01, 'Classifier__SVC__estimator__kernel': 'poly', 'Classifier__SVC__estimator__max_iter': 1000000, 'Classifier__SVC__estimator__probability': True, 'Classifier__SVC__estimator__random_state': 42, 'Classifier__SVC__estimator__shrinking': True, 'Classifier__SVC__estimator__tol': 0.001, 'Classifier__SVC__estimator__verbose': False, 'Classifier__SVC__estimator': SVC(C=0.1, cache_size=500, class_weight='balanced', coef0=6, degree=6,
    gamma=0.01, kernel='poly', max_iter=1000000, probability=True,
    random_state=42), 'Classifier__SVC__n_jobs': None, 'Classifier__SVC__verbose': 0}","['Spectral Centroid Overall Standard Deviation'
 'Spectral Flux Overall Standard Deviation'
 'Spectral Variability Overall Standard Deviation'
 'Root Mean Square Overall Standard Deviation'
 'Zero Crossings Overall Standard Deviation'
 'Method of Moments Overall Standard Deviation 2'
 'Method of Moments Overall Standard Deviation 3'
 'Method of Moments Overall Standard Deviation 4'
 'Method of Moments Overall Standard Deviation 5'
 'Spectral Centroid Overall Average'
 'Spectral Rolloff Point Overall Average' 'Spectral Flux Overall Average'
 'Spectral Variability Overall Average' 'Root Mean Square Overall Average'
 'Zero Crossings Overall Average' 'LPC Overall Average 1'
 'LPC Overall Average 2' 'Method of Moments Overall Average 1'
 'Method of Moments Overall Average 2'
 'Method of Moments Overall Average 3'
 'Method of Moments Overall Average 4'
 'Method of Moments Overall Average 5' 'Chroma feature 2'
 'Chroma feature 3']","{'memory': None, 'steps': [('Imputer', SimpleImputer()), ('Scaler', StandardScaler()), ('Selector', SelectFromModel(estimator=LinearSVC(random_state=42), max_features=24)), ('Classifier', Pipeline(steps=[('SVC',
                 OneVsRestClassifier(estimator=SVC(C=0.01, cache_size=500,
                                                   class_weight='balanced',
                                                   coef0=4, degree=8,
                                                   gamma=0.01, kernel='poly',
                                                   max_iter=1000000,
                                                   probability=True,
                                                   random_state=42)))]))], 'transform_input': None, 'verbose': False, 'Imputer': SimpleImputer(), 'Scaler': StandardScaler(), 'Selector': SelectFromModel(estimator=LinearSVC(random_state=42), max_features=24), 'Classifier': Pipeline(steps=[('SVC',
                 OneVsRestClassifier(estimator=SVC(C=0.01, cache_size=500,
                                                   class_weight='balanced',
                                                   coef0=4, degree=8,
                                                   gamma=0.01, kernel='poly',
                                                   max_iter=1000000,
                                                   probability=True,
                                                   random_state=42)))]), 'Imputer__add_indicator': False, 'Imputer__copy': True, 'Imputer__fill_value': None, 'Imputer__keep_empty_features': False, 'Imputer__missing_values': nan, 'Imputer__strategy': 'mean', 'Scaler__copy': True, 'Scaler__with_mean': True, 'Scaler__with_std': True, 'Selector__estimator__C': 1.0, 'Selector__estimator__class_weight': None, 'Selector__estimator__dual': 'auto', 'Selector__estimator__fit_intercept': True, 'Selector__estimator__intercept_scaling': 1, 'Selector__estimator__loss': 'squared_hinge', 'Selector__estimator__max_iter': 1000, 'Selector__estimator__multi_class': 'ovr', 'Selector__estimator__penalty': 'l2', 'Selector__estimator__random_state': 42, 'Selector__estimator__tol': 0.0001, 'Selector__estimator__verbose': 0, 'Selector__estimator': LinearSVC(random_state=42), 'Selector__importance_getter': 'auto', 'Selector__max_features': 24, 'Selector__norm_order': 1, 'Selector__prefit': False, 'Selector__threshold': None, 'Classifier__memory': None, 'Classifier__steps': [('SVC', OneVsRestClassifier(estimator=SVC(C=0.01, cache_size=500,
                                  class_weight='balanced', coef0=4, degree=8,
                                  gamma=0.01, kernel='poly', max_iter=1000000,
                                  probability=True, random_state=42)))], 'Classifier__transform_input': None, 'Classifier__verbose': False, 'Classifier__SVC': OneVsRestClassifier(estimator=SVC(C=0.01, cache_size=500,
                                  class_weight='balanced', coef0=4, degree=8,
                                  gamma=0.01, kernel='poly', max_iter=1000000,
                                  probability=True, random_state=42)), 'Classifier__SVC__estimator__C': 0.01, 'Classifier__SVC__estimator__break_ties': False, 'Classifier__SVC__estimator__cache_size': 500, 'Classifier__SVC__estimator__class_weight': 'balanced', 'Classifier__SVC__estimator__coef0': 4, 'Classifier__SVC__estimator__decision_function_shape': 'ovr', 'Classifier__SVC__estimator__degree': 8, 'Classifier__SVC__estimator__gamma': 0.01, 'Classifier__SVC__estimator__kernel': 'poly', 'Classifier__SVC__estimator__max_iter': 1000000, 'Classifier__SVC__estimator__probability': True, 'Classifier__SVC__estimator__random_state': 42, 'Classifier__SVC__estimator__shrinking': True, 'Classifier__SVC__estimator__tol': 0.001, 'Classifier__SVC__estimator__verbose': False, 'Classifier__SVC__estimator': SVC(C=0.01, cache_size=500, class_weight='balanced', coef0=4, degree=8,
    gamma=0.01, kernel='poly', max_iter=1000000, probability=True,
    random_state=42), 'Classifier__SVC__n_jobs': None, 'Classifier__SVC__verbose': 0}","['Spectral Centroid Overall Standard Deviation'
 'Spectral Flux Overall Standard Deviation'
 'Spectral Variability Overall Standard Deviation'
 'Root Mean Square Overall Standard Deviation'
 'Zero Crossings Overall Standard Deviation'
 'Method of Moments Overall Standard Deviation 2'
 'Method of Moments Overall Standard Deviation 3'
 'Method of Moments Overall Standard Deviation 4'
 'Method of Moments Overall Standard Deviation 5'
 'Spectral Centroid Overall Average'
 'Spectral Rolloff Point Overall Average' 'Spectral Flux Overall Average'
 'Spectral Variability Overall Average' 'Root Mean Square Overall Average'
 'Zero Crossings Overall Average' 'LPC Overall Average 1'
 'LPC Overall Average 2' 'Method of Moments Overall Average 1'
 'Method of Moments Overall Average 2'
 'Method of Moments Overall Average 3'
 'Method of Moments Overall Average 4'
 'Method of Moments Overall Average 5' 'Chroma feature 2'
 'Chroma feature 3']",0.43037974683544306,0.27770562770562773,0.32029341594558985
12,Instrumental + Instrumental,False,"{'memory': None, 'steps': [('Imputer', SimpleImputer()), ('Scaler', StandardScaler()), ('Selector', SelectFromModel(estimator=LinearSVC(random_state=42), max_features=24)), ('Classifier', Pipeline(steps=[('SVC',
                 OneVsRestClassifier(estimator=SVC(C=0.1, cache_size=500,
                                                   class_weight='balanced',
                                                   coef0=6, degree=6,
                                                   gamma=0.01, kernel='poly',
                                                   max_iter=1000000,
                                                   probability=True,
                                                   random_state=42)))]))], 'transform_input': None, 'verbose': False, 'Imputer': SimpleImputer(), 'Scaler': StandardScaler(), 'Selector': SelectFromModel(estimator=LinearSVC(random_state=42), max_features=24), 'Classifier': Pipeline(steps=[('SVC',
                 OneVsRestClassifier(estimator=SVC(C=0.1, cache_size=500,
                                                   class_weight='balanced',
                                                   coef0=6, degree=6,
                                                   gamma=0.01, kernel='poly',
                                                   max_iter=1000000,
                                                   probability=True,
                                                   random_state=42)))]), 'Imputer__add_indicator': False, 'Imputer__copy': True, 'Imputer__fill_value': None, 'Imputer__keep_empty_features': False, 'Imputer__missing_values': nan, 'Imputer__strategy': 'mean', 'Scaler__copy': True, 'Scaler__with_mean': True, 'Scaler__with_std': True, 'Selector__estimator__C': 1.0, 'Selector__estimator__class_weight': None, 'Selector__estimator__dual': 'auto', 'Selector__estimator__fit_intercept': True, 'Selector__estimator__intercept_scaling': 1, 'Selector__estimator__loss': 'squared_hinge', 'Selector__estimator__max_iter': 1000, 'Selector__estimator__multi_class': 'ovr', 'Selector__estimator__penalty': 'l2', 'Selector__estimator__random_state': 42, 'Selector__estimator__tol': 0.0001, 'Selector__estimator__verbose': 0, 'Selector__estimator': LinearSVC(random_state=42), 'Selector__importance_getter': 'auto', 'Selector__max_features': 24, 'Selector__norm_order': 1, 'Selector__prefit': False, 'Selector__threshold': None, 'Classifier__memory': None, 'Classifier__steps': [('SVC', OneVsRestClassifier(estimator=SVC(C=0.1, cache_size=500,
                                  class_weight='balanced', coef0=6, degree=6,
                                  gamma=0.01, kernel='poly', max_iter=1000000,
                                  probability=True, random_state=42)))], 'Classifier__transform_input': None, 'Classifier__verbose': False, 'Classifier__SVC': OneVsRestClassifier(estimator=SVC(C=0.1, cache_size=500,
                                  class_weight='balanced', coef0=6, degree=6,
                                  gamma=0.01, kernel='poly', max_iter=1000000,
                                  probability=True, random_state=42)), 'Classifier__SVC__estimator__C': 0.1, 'Classifier__SVC__estimator__break_ties': False, 'Classifier__SVC__estimator__cache_size': 500, 'Classifier__SVC__estimator__class_weight': 'balanced', 'Classifier__SVC__estimator__coef0': 6, 'Classifier__SVC__estimator__decision_function_shape': 'ovr', 'Classifier__SVC__estimator__degree': 6, 'Classifier__SVC__estimator__gamma': 0.01, 'Classifier__SVC__estimator__kernel': 'poly', 'Classifier__SVC__estimator__max_iter': 1000000, 'Classifier__SVC__estimator__probability': True, 'Classifier__SVC__estimator__random_state': 42, 'Classifier__SVC__estimator__shrinking': True, 'Classifier__SVC__estimator__tol': 0.001, 'Classifier__SVC__estimator__verbose': False, 'Classifier__SVC__estimator': SVC(C=0.1, cache_size=500, class_weight='balanced', coef0=6, degree=6,
    gamma=0.01, kernel='poly', max_iter=1000000, probability=True,
    random_state=42), 'Classifier__SVC__n_jobs': None, 'Classifier__SVC__verbose': 0}","['Spectral Centroid Overall Standard Deviation'
 'Spectral Flux Overall Standard Deviation'
 'Spectral Variability Overall Standard Deviation'
 'Root Mean Square Overall Standard Deviation'
 'Zero Crossings Overall Standard Deviation'
 'Method of Moments Overall Standard Deviation 2'
 'Method of Moments Overall Standard Deviation 3'
 'Method of Moments Overall Standard Deviation 4'
 'Method of Moments Overall Standard Deviation 5'
 'Spectral Centroid Overall Average'
 'Spectral Rolloff Point Overall Average' 'Spectral Flux Overall Average'
 'Spectral Variability Overall Average' 'Root Mean Square Overall Average'
 'Zero Crossings Overall Average' 'LPC Overall Average 1'
 'LPC Overall Average 2' 'Method of Moments Overall Average 1'
 'Method of Moments Overall Average 2'
 'Method of Moments Overall Average 3'
 'Method of Moments Overall Average 4'
 'Method of Moments Overall Average 5' 'Chroma feature 2'
 'Chroma feature 3']","{'memory': None, 'steps': [('Imputer', SimpleImputer()), ('Scaler', StandardScaler()), ('Selector', SelectFromModel(estimator=LinearSVC(random_state=42), max_features=28)), ('Classifier', Pipeline(steps=[('SVC',
                 OneVsRestClassifier(estimator=SVC(C=0.1, cache_size=500,
                                                   class_weight='balanced',
                                                   coef0=4, degree=6,
                                                   gamma=0.01, kernel='poly',
                                                   max_iter=1000000,
                                                   probability=True,
                                                   random_state=42)))]))], 'transform_input': None, 'verbose': False, 'Imputer': SimpleImputer(), 'Scaler': StandardScaler(), 'Selector': SelectFromModel(estimator=LinearSVC(random_state=42), max_features=28), 'Classifier': Pipeline(steps=[('SVC',
                 OneVsRestClassifier(estimator=SVC(C=0.1, cache_size=500,
                                                   class_weight='balanced',
                                                   coef0=4, degree=6,
                                                   gamma=0.01, kernel='poly',
                                                   max_iter=1000000,
                                                   probability=True,
                                                   random_state=42)))]), 'Imputer__add_indicator': False, 'Imputer__copy': True, 'Imputer__fill_value': None, 'Imputer__keep_empty_features': False, 'Imputer__missing_values': nan, 'Imputer__strategy': 'mean', 'Scaler__copy': True, 'Scaler__with_mean': True, 'Scaler__with_std': True, 'Selector__estimator__C': 1.0, 'Selector__estimator__class_weight': None, 'Selector__estimator__dual': 'auto', 'Selector__estimator__fit_intercept': True, 'Selector__estimator__intercept_scaling': 1, 'Selector__estimator__loss': 'squared_hinge', 'Selector__estimator__max_iter': 1000, 'Selector__estimator__multi_class': 'ovr', 'Selector__estimator__penalty': 'l2', 'Selector__estimator__random_state': 42, 'Selector__estimator__tol': 0.0001, 'Selector__estimator__verbose': 0, 'Selector__estimator': LinearSVC(random_state=42), 'Selector__importance_getter': 'auto', 'Selector__max_features': 28, 'Selector__norm_order': 1, 'Selector__prefit': False, 'Selector__threshold': None, 'Classifier__memory': None, 'Classifier__steps': [('SVC', OneVsRestClassifier(estimator=SVC(C=0.1, cache_size=500,
                                  class_weight='balanced', coef0=4, degree=6,
                                  gamma=0.01, kernel='poly', max_iter=1000000,
                                  probability=True, random_state=42)))], 'Classifier__transform_input': None, 'Classifier__verbose': False, 'Classifier__SVC': OneVsRestClassifier(estimator=SVC(C=0.1, cache_size=500,
                                  class_weight='balanced', coef0=4, degree=6,
                                  gamma=0.01, kernel='poly', max_iter=1000000,
                                  probability=True, random_state=42)), 'Classifier__SVC__estimator__C': 0.1, 'Classifier__SVC__estimator__break_ties': False, 'Classifier__SVC__estimator__cache_size': 500, 'Classifier__SVC__estimator__class_weight': 'balanced', 'Classifier__SVC__estimator__coef0': 4, 'Classifier__SVC__estimator__decision_function_shape': 'ovr', 'Classifier__SVC__estimator__degree': 6, 'Classifier__SVC__estimator__gamma': 0.01, 'Classifier__SVC__estimator__kernel': 'poly', 'Classifier__SVC__estimator__max_iter': 1000000, 'Classifier__SVC__estimator__probability': True, 'Classifier__SVC__estimator__random_state': 42, 'Classifier__SVC__estimator__shrinking': True, 'Classifier__SVC__estimator__tol': 0.001, 'Classifier__SVC__estimator__verbose': False, 'Classifier__SVC__estimator': SVC(C=0.1, cache_size=500, class_weight='balanced', coef0=4, degree=6,
    gamma=0.01, kernel='poly', max_iter=1000000, probability=True,
    random_state=42), 'Classifier__SVC__n_jobs': None, 'Classifier__SVC__verbose': 0}","['Spectral Centroid Overall Standard Deviation'
 'Spectral Flux Overall Standard Deviation'
 'Spectral Variability Overall Standard Deviation'
 'Root Mean Square Overall Standard Deviation'
 'Zero Crossings Overall Standard Deviation'
 'Method of Moments Overall Standard Deviation 2'
 'Method of Moments Overall Standard Deviation 3'
 'Method of Moments Overall Standard Deviation 4'
 'Method of Moments Overall Standard Deviation 5'
 'Spectral Centroid Overall Average'
 'Spectral Rolloff Point Overall Average' 'Spectral Flux Overall Average'
 'Spectral Variability Overall Average' 'Root Mean Square Overall Average'
 'Zero Crossings Overall Average' 'MFCC Overall Average 1'
 'MFCC Overall Average 2' 'LPC Overall Average 1' 'LPC Overall Average 2'
 'Method of Moments Overall Average 1'
 'Method of Moments Overall Average 2'
 'Method of Moments Overall Average 3'
 'Method of Moments Overall Average 4'
 'Method of Moments Overall Average 5' 'Chroma feature 2'
 'Chroma feature 3' 'Chroma feature 8' 'Chroma feature 9']",0.4810126582278481,0.30497835497835496,0.4337362637362638
13,Instrumental + Instrumental,False,"{'memory': None, 'steps': [('Imputer', SimpleImputer()), ('Scaler', StandardScaler()), ('Selector', SelectFromModel(estimator=LinearSVC(random_state=42), max_features=28)), ('Classifier', Pipeline(steps=[('SVC',
                 OneVsRestClassifier(estimator=SVC(C=0.1, cache_size=500,
                                                   class_weight='balanced',
                                                   coef0=4, degree=6,
                                                   gamma=0.01, kernel='poly',
                                                   max_iter=1000000,
                                                   probability=True,
                                                   random_state=42)))]))], 'transform_input': None, 'verbose': False, 'Imputer': SimpleImputer(), 'Scaler': StandardScaler(), 'Selector': SelectFromModel(estimator=LinearSVC(random_state=42), max_features=28), 'Classifier': Pipeline(steps=[('SVC',
                 OneVsRestClassifier(estimator=SVC(C=0.1, cache_size=500,
                                                   class_weight='balanced',
                                                   coef0=4, degree=6,
                                                   gamma=0.01, kernel='poly',
                                                   max_iter=1000000,
                                                   probability=True,
                                                   random_state=42)))]), 'Imputer__add_indicator': False, 'Imputer__copy': True, 'Imputer__fill_value': None, 'Imputer__keep_empty_features': False, 'Imputer__missing_values': nan, 'Imputer__strategy': 'mean', 'Scaler__copy': True, 'Scaler__with_mean': True, 'Scaler__with_std': True, 'Selector__estimator__C': 1.0, 'Selector__estimator__class_weight': None, 'Selector__estimator__dual': 'auto', 'Selector__estimator__fit_intercept': True, 'Selector__estimator__intercept_scaling': 1, 'Selector__estimator__loss': 'squared_hinge', 'Selector__estimator__max_iter': 1000, 'Selector__estimator__multi_class': 'ovr', 'Selector__estimator__penalty': 'l2', 'Selector__estimator__random_state': 42, 'Selector__estimator__tol': 0.0001, 'Selector__estimator__verbose': 0, 'Selector__estimator': LinearSVC(random_state=42), 'Selector__importance_getter': 'auto', 'Selector__max_features': 28, 'Selector__norm_order': 1, 'Selector__prefit': False, 'Selector__threshold': None, 'Classifier__memory': None, 'Classifier__steps': [('SVC', OneVsRestClassifier(estimator=SVC(C=0.1, cache_size=500,
                                  class_weight='balanced', coef0=4, degree=6,
                                  gamma=0.01, kernel='poly', max_iter=1000000,
                                  probability=True, random_state=42)))], 'Classifier__transform_input': None, 'Classifier__verbose': False, 'Classifier__SVC': OneVsRestClassifier(estimator=SVC(C=0.1, cache_size=500,
                                  class_weight='balanced', coef0=4, degree=6,
                                  gamma=0.01, kernel='poly', max_iter=1000000,
                                  probability=True, random_state=42)), 'Classifier__SVC__estimator__C': 0.1, 'Classifier__SVC__estimator__break_ties': False, 'Classifier__SVC__estimator__cache_size': 500, 'Classifier__SVC__estimator__class_weight': 'balanced', 'Classifier__SVC__estimator__coef0': 4, 'Classifier__SVC__estimator__decision_function_shape': 'ovr', 'Classifier__SVC__estimator__degree': 6, 'Classifier__SVC__estimator__gamma': 0.01, 'Classifier__SVC__estimator__kernel': 'poly', 'Classifier__SVC__estimator__max_iter': 1000000, 'Classifier__SVC__estimator__probability': True, 'Classifier__SVC__estimator__random_state': 42, 'Classifier__SVC__estimator__shrinking': True, 'Classifier__SVC__estimator__tol': 0.001, 'Classifier__SVC__estimator__verbose': False, 'Classifier__SVC__estimator': SVC(C=0.1, cache_size=500, class_weight='balanced', coef0=4, degree=6,
    gamma=0.01, kernel='poly', max_iter=1000000, probability=True,
    random_state=42), 'Classifier__SVC__n_jobs': None, 'Classifier__SVC__verbose': 0}","['Spectral Centroid Overall Standard Deviation'
 'Spectral Flux Overall Standard Deviation'
 'Spectral Variability Overall Standard Deviation'
 'Root Mean Square Overall Standard Deviation'
 'Zero Crossings Overall Standard Deviation'
 'Method of Moments Overall Standard Deviation 2'
 'Method of Moments Overall Standard Deviation 3'
 'Method of Moments Overall Standard Deviation 4'
 'Method of Moments Overall Standard Deviation 5'
 'Spectral Centroid Overall Average'
 'Spectral Rolloff Point Overall Average' 'Spectral Flux Overall Average'
 'Spectral Variability Overall Average' 'Root Mean Square Overall Average'
 'Zero Crossings Overall Average' 'MFCC Overall Average 1'
 'MFCC Overall Average 2' 'LPC Overall Average 1' 'LPC Overall Average 2'
 'Method of Moments Overall Average 1'
 'Method of Moments Overall Average 2'
 'Method of Moments Overall Average 3'
 'Method of Moments Overall Average 4'
 'Method of Moments Overall Average 5' 'Chroma feature 2'
 'Chroma feature 3' 'Chroma feature 8' 'Chroma feature 9']","{'memory': None, 'steps': [('Imputer', SimpleImputer()), ('Scaler', StandardScaler()), ('Selector', SelectFromModel(estimator=LinearSVC(random_state=42), max_features=24)), ('Classifier', Pipeline(steps=[('SVC',
                 OneVsRestClassifier(estimator=SVC(C=0.01, cache_size=500,
                                                   class_weight='balanced',
                                                   coef0=4, degree=8,
                                                   gamma=0.01, kernel='poly',
                                                   max_iter=1000000,
                                                   probability=True,
                                                   random_state=42)))]))], 'transform_input': None, 'verbose': False, 'Imputer': SimpleImputer(), 'Scaler': StandardScaler(), 'Selector': SelectFromModel(estimator=LinearSVC(random_state=42), max_features=24), 'Classifier': Pipeline(steps=[('SVC',
                 OneVsRestClassifier(estimator=SVC(C=0.01, cache_size=500,
                                                   class_weight='balanced',
                                                   coef0=4, degree=8,
                                                   gamma=0.01, kernel='poly',
                                                   max_iter=1000000,
                                                   probability=True,
                                                   random_state=42)))]), 'Imputer__add_indicator': False, 'Imputer__copy': True, 'Imputer__fill_value': None, 'Imputer__keep_empty_features': False, 'Imputer__missing_values': nan, 'Imputer__strategy': 'mean', 'Scaler__copy': True, 'Scaler__with_mean': True, 'Scaler__with_std': True, 'Selector__estimator__C': 1.0, 'Selector__estimator__class_weight': None, 'Selector__estimator__dual': 'auto', 'Selector__estimator__fit_intercept': True, 'Selector__estimator__intercept_scaling': 1, 'Selector__estimator__loss': 'squared_hinge', 'Selector__estimator__max_iter': 1000, 'Selector__estimator__multi_class': 'ovr', 'Selector__estimator__penalty': 'l2', 'Selector__estimator__random_state': 42, 'Selector__estimator__tol': 0.0001, 'Selector__estimator__verbose': 0, 'Selector__estimator': LinearSVC(random_state=42), 'Selector__importance_getter': 'auto', 'Selector__max_features': 24, 'Selector__norm_order': 1, 'Selector__prefit': False, 'Selector__threshold': None, 'Classifier__memory': None, 'Classifier__steps': [('SVC', OneVsRestClassifier(estimator=SVC(C=0.01, cache_size=500,
                                  class_weight='balanced', coef0=4, degree=8,
                                  gamma=0.01, kernel='poly', max_iter=1000000,
                                  probability=True, random_state=42)))], 'Classifier__transform_input': None, 'Classifier__verbose': False, 'Classifier__SVC': OneVsRestClassifier(estimator=SVC(C=0.01, cache_size=500,
                                  class_weight='balanced', coef0=4, degree=8,
                                  gamma=0.01, kernel='poly', max_iter=1000000,
                                  probability=True, random_state=42)), 'Classifier__SVC__estimator__C': 0.01, 'Classifier__SVC__estimator__break_ties': False, 'Classifier__SVC__estimator__cache_size': 500, 'Classifier__SVC__estimator__class_weight': 'balanced', 'Classifier__SVC__estimator__coef0': 4, 'Classifier__SVC__estimator__decision_function_shape': 'ovr', 'Classifier__SVC__estimator__degree': 8, 'Classifier__SVC__estimator__gamma': 0.01, 'Classifier__SVC__estimator__kernel': 'poly', 'Classifier__SVC__estimator__max_iter': 1000000, 'Classifier__SVC__estimator__probability': True, 'Classifier__SVC__estimator__random_state': 42, 'Classifier__SVC__estimator__shrinking': True, 'Classifier__SVC__estimator__tol': 0.001, 'Classifier__SVC__estimator__verbose': False, 'Classifier__SVC__estimator': SVC(C=0.01, cache_size=500, class_weight='balanced', coef0=4, degree=8,
    gamma=0.01, kernel='poly', max_iter=1000000, probability=True,
    random_state=42), 'Classifier__SVC__n_jobs': None, 'Classifier__SVC__verbose': 0}","['Spectral Centroid Overall Standard Deviation'
 'Spectral Flux Overall Standard Deviation'
 'Spectral Variability Overall Standard Deviation'
 'Root Mean Square Overall Standard Deviation'
 'Zero Crossings Overall Standard Deviation'
 'Method of Moments Overall Standard Deviation 2'
 'Method of Moments Overall Standard Deviation 3'
 'Method of Moments Overall Standard Deviation 4'
 'Method of Moments Overall Standard Deviation 5'
 'Spectral Centroid Overall Average'
 'Spectral Rolloff Point Overall Average' 'Spectral Flux Overall Average'
 'Spectral Variability Overall Average' 'Root Mean Square Overall Average'
 'Zero Crossings Overall Average' 'LPC Overall Average 1'
 'LPC Overall Average 2' 'Method of Moments Overall Average 1'
 'Method of Moments Overall Average 2'
 'Method of Moments Overall Average 3'
 'Method of Moments Overall Average 4'
 'Method of Moments Overall Average 5' 'Chroma feature 2'
 'Chroma feature 3']",0.46835443037974683,0.2924242424242424,0.39232793522267206
14,Instrumental + Instrumental,False,"{'memory': None, 'steps': [('Imputer', SimpleImputer()), ('Scaler', StandardScaler()), ('Selector', SelectFromModel(estimator=LinearSVC(random_state=42), max_features=28)), ('Classifier', Pipeline(steps=[('SVC',
                 OneVsRestClassifier(estimator=SVC(C=0.1, cache_size=500,
                                                   class_weight='balanced',
                                                   coef0=4, degree=6,
                                                   gamma=0.01, kernel='poly',
                                                   max_iter=1000000,
                                                   probability=True,
                                                   random_state=42)))]))], 'transform_input': None, 'verbose': False, 'Imputer': SimpleImputer(), 'Scaler': StandardScaler(), 'Selector': SelectFromModel(estimator=LinearSVC(random_state=42), max_features=28), 'Classifier': Pipeline(steps=[('SVC',
                 OneVsRestClassifier(estimator=SVC(C=0.1, cache_size=500,
                                                   class_weight='balanced',
                                                   coef0=4, degree=6,
                                                   gamma=0.01, kernel='poly',
                                                   max_iter=1000000,
                                                   probability=True,
                                                   random_state=42)))]), 'Imputer__add_indicator': False, 'Imputer__copy': True, 'Imputer__fill_value': None, 'Imputer__keep_empty_features': False, 'Imputer__missing_values': nan, 'Imputer__strategy': 'mean', 'Scaler__copy': True, 'Scaler__with_mean': True, 'Scaler__with_std': True, 'Selector__estimator__C': 1.0, 'Selector__estimator__class_weight': None, 'Selector__estimator__dual': 'auto', 'Selector__estimator__fit_intercept': True, 'Selector__estimator__intercept_scaling': 1, 'Selector__estimator__loss': 'squared_hinge', 'Selector__estimator__max_iter': 1000, 'Selector__estimator__multi_class': 'ovr', 'Selector__estimator__penalty': 'l2', 'Selector__estimator__random_state': 42, 'Selector__estimator__tol': 0.0001, 'Selector__estimator__verbose': 0, 'Selector__estimator': LinearSVC(random_state=42), 'Selector__importance_getter': 'auto', 'Selector__max_features': 28, 'Selector__norm_order': 1, 'Selector__prefit': False, 'Selector__threshold': None, 'Classifier__memory': None, 'Classifier__steps': [('SVC', OneVsRestClassifier(estimator=SVC(C=0.1, cache_size=500,
                                  class_weight='balanced', coef0=4, degree=6,
                                  gamma=0.01, kernel='poly', max_iter=1000000,
                                  probability=True, random_state=42)))], 'Classifier__transform_input': None, 'Classifier__verbose': False, 'Classifier__SVC': OneVsRestClassifier(estimator=SVC(C=0.1, cache_size=500,
                                  class_weight='balanced', coef0=4, degree=6,
                                  gamma=0.01, kernel='poly', max_iter=1000000,
                                  probability=True, random_state=42)), 'Classifier__SVC__estimator__C': 0.1, 'Classifier__SVC__estimator__break_ties': False, 'Classifier__SVC__estimator__cache_size': 500, 'Classifier__SVC__estimator__class_weight': 'balanced', 'Classifier__SVC__estimator__coef0': 4, 'Classifier__SVC__estimator__decision_function_shape': 'ovr', 'Classifier__SVC__estimator__degree': 6, 'Classifier__SVC__estimator__gamma': 0.01, 'Classifier__SVC__estimator__kernel': 'poly', 'Classifier__SVC__estimator__max_iter': 1000000, 'Classifier__SVC__estimator__probability': True, 'Classifier__SVC__estimator__random_state': 42, 'Classifier__SVC__estimator__shrinking': True, 'Classifier__SVC__estimator__tol': 0.001, 'Classifier__SVC__estimator__verbose': False, 'Classifier__SVC__estimator': SVC(C=0.1, cache_size=500, class_weight='balanced', coef0=4, degree=6,
    gamma=0.01, kernel='poly', max_iter=1000000, probability=True,
    random_state=42), 'Classifier__SVC__n_jobs': None, 'Classifier__SVC__verbose': 0}","['Spectral Centroid Overall Standard Deviation'
 'Spectral Flux Overall Standard Deviation'
 'Spectral Variability Overall Standard Deviation'
 'Root Mean Square Overall Standard Deviation'
 'Zero Crossings Overall Standard Deviation'
 'Method of Moments Overall Standard Deviation 2'
 'Method of Moments Overall Standard Deviation 3'
 'Method of Moments Overall Standard Deviation 4'
 'Method of Moments Overall Standard Deviation 5'
 'Spectral Centroid Overall Average'
 'Spectral Rolloff Point Overall Average' 'Spectral Flux Overall Average'
 'Spectral Variability Overall Average' 'Root Mean Square Overall Average'
 'Zero Crossings Overall Average' 'MFCC Overall Average 1'
 'MFCC Overall Average 2' 'LPC Overall Average 1' 'LPC Overall Average 2'
 'Method of Moments Overall Average 1'
 'Method of Moments Overall Average 2'
 'Method of Moments Overall Average 3'
 'Method of Moments Overall Average 4'
 'Method of Moments Overall Average 5' 'Chroma feature 2'
 'Chroma feature 3' 'Chroma feature 8' 'Chroma feature 9']","{'memory': None, 'steps': [('Imputer', SimpleImputer()), ('Scaler', StandardScaler()), ('Selector', SelectFromModel(estimator=LinearSVC(random_state=42), max_features=24)), ('Classifier', Pipeline(steps=[('SVC',
                 OneVsRestClassifier(estimator=SVC(C=0.1, cache_size=500,
                                                   class_weight='balanced',
                                                   coef0=6, degree=6,
                                                   gamma=0.01, kernel='poly',
                                                   max_iter=1000000,
                                                   probability=True,
                                                   random_state=42)))]))], 'transform_input': None, 'verbose': False, 'Imputer': SimpleImputer(), 'Scaler': StandardScaler(), 'Selector': SelectFromModel(estimator=LinearSVC(random_state=42), max_features=24), 'Classifier': Pipeline(steps=[('SVC',
                 OneVsRestClassifier(estimator=SVC(C=0.1, cache_size=500,
                                                   class_weight='balanced',
                                                   coef0=6, degree=6,
                                                   gamma=0.01, kernel='poly',
                                                   max_iter=1000000,
                                                   probability=True,
                                                   random_state=42)))]), 'Imputer__add_indicator': False, 'Imputer__copy': True, 'Imputer__fill_value': None, 'Imputer__keep_empty_features': False, 'Imputer__missing_values': nan, 'Imputer__strategy': 'mean', 'Scaler__copy': True, 'Scaler__with_mean': True, 'Scaler__with_std': True, 'Selector__estimator__C': 1.0, 'Selector__estimator__class_weight': None, 'Selector__estimator__dual': 'auto', 'Selector__estimator__fit_intercept': True, 'Selector__estimator__intercept_scaling': 1, 'Selector__estimator__loss': 'squared_hinge', 'Selector__estimator__max_iter': 1000, 'Selector__estimator__multi_class': 'ovr', 'Selector__estimator__penalty': 'l2', 'Selector__estimator__random_state': 42, 'Selector__estimator__tol': 0.0001, 'Selector__estimator__verbose': 0, 'Selector__estimator': LinearSVC(random_state=42), 'Selector__importance_getter': 'auto', 'Selector__max_features': 24, 'Selector__norm_order': 1, 'Selector__prefit': False, 'Selector__threshold': None, 'Classifier__memory': None, 'Classifier__steps': [('SVC', OneVsRestClassifier(estimator=SVC(C=0.1, cache_size=500,
                                  class_weight='balanced', coef0=6, degree=6,
                                  gamma=0.01, kernel='poly', max_iter=1000000,
                                  probability=True, random_state=42)))], 'Classifier__transform_input': None, 'Classifier__verbose': False, 'Classifier__SVC': OneVsRestClassifier(estimator=SVC(C=0.1, cache_size=500,
                                  class_weight='balanced', coef0=6, degree=6,
                                  gamma=0.01, kernel='poly', max_iter=1000000,
                                  probability=True, random_state=42)), 'Classifier__SVC__estimator__C': 0.1, 'Classifier__SVC__estimator__break_ties': False, 'Classifier__SVC__estimator__cache_size': 500, 'Classifier__SVC__estimator__class_weight': 'balanced', 'Classifier__SVC__estimator__coef0': 6, 'Classifier__SVC__estimator__decision_function_shape': 'ovr', 'Classifier__SVC__estimator__degree': 6, 'Classifier__SVC__estimator__gamma': 0.01, 'Classifier__SVC__estimator__kernel': 'poly', 'Classifier__SVC__estimator__max_iter': 1000000, 'Classifier__SVC__estimator__probability': True, 'Classifier__SVC__estimator__random_state': 42, 'Classifier__SVC__estimator__shrinking': True, 'Classifier__SVC__estimator__tol': 0.001, 'Classifier__SVC__estimator__verbose': False, 'Classifier__SVC__estimator': SVC(C=0.1, cache_size=500, class_weight='balanced', coef0=6, degree=6,
    gamma=0.01, kernel='poly', max_iter=1000000, probability=True,
    random_state=42), 'Classifier__SVC__n_jobs': None, 'Classifier__SVC__verbose': 0}","['Spectral Centroid Overall Standard Deviation'
 'Spectral Flux Overall Standard Deviation'
 'Spectral Variability Overall Standard Deviation'
 'Root Mean Square Overall Standard Deviation'
 'Zero Crossings Overall Standard Deviation'
 'Method of Moments Overall Standard Deviation 2'
 'Method of Moments Overall Standard Deviation 3'
 'Method of Moments Overall Standard Deviation 4'
 'Method of Moments Overall Standard Deviation 5'
 'Spectral Centroid Overall Average'
 'Spectral Rolloff Point Overall Average' 'Spectral Flux Overall Average'
 'Spectral Variability Overall Average' 'Root Mean Square Overall Average'
 'Zero Crossings Overall Average' 'LPC Overall Average 1'
 'LPC Overall Average 2' 'Method of Moments Overall Average 1'
 'Method of Moments Overall Average 2'
 'Method of Moments Overall Average 3'
 'Method of Moments Overall Average 4'
 'Method of Moments Overall Average 5' 'Chroma feature 2'
 'Chroma feature 3']",0.4810126582278481,0.30497835497835496,0.4337362637362638
15,Instrumental + Mixed,False,"{'memory': None, 'steps': [('Imputer', SimpleImputer()), ('Scaler', StandardScaler()), ('Selector', SelectFromModel(estimator=LinearSVC(random_state=42), max_features=24)), ('Classifier', Pipeline(steps=[('SVC',
                 OneVsRestClassifier(estimator=SVC(C=0.01, cache_size=500,
                                                   class_weight='balanced',
                                                   coef0=4, degree=8,
                                                   gamma=0.01, kernel='poly',
                                                   max_iter=1000000,
                                                   probability=True,
                                                   random_state=42)))]))], 'transform_input': None, 'verbose': False, 'Imputer': SimpleImputer(), 'Scaler': StandardScaler(), 'Selector': SelectFromModel(estimator=LinearSVC(random_state=42), max_features=24), 'Classifier': Pipeline(steps=[('SVC',
                 OneVsRestClassifier(estimator=SVC(C=0.01, cache_size=500,
                                                   class_weight='balanced',
                                                   coef0=4, degree=8,
                                                   gamma=0.01, kernel='poly',
                                                   max_iter=1000000,
                                                   probability=True,
                                                   random_state=42)))]), 'Imputer__add_indicator': False, 'Imputer__copy': True, 'Imputer__fill_value': None, 'Imputer__keep_empty_features': False, 'Imputer__missing_values': nan, 'Imputer__strategy': 'mean', 'Scaler__copy': True, 'Scaler__with_mean': True, 'Scaler__with_std': True, 'Selector__estimator__C': 1.0, 'Selector__estimator__class_weight': None, 'Selector__estimator__dual': 'auto', 'Selector__estimator__fit_intercept': True, 'Selector__estimator__intercept_scaling': 1, 'Selector__estimator__loss': 'squared_hinge', 'Selector__estimator__max_iter': 1000, 'Selector__estimator__multi_class': 'ovr', 'Selector__estimator__penalty': 'l2', 'Selector__estimator__random_state': 42, 'Selector__estimator__tol': 0.0001, 'Selector__estimator__verbose': 0, 'Selector__estimator': LinearSVC(random_state=42), 'Selector__importance_getter': 'auto', 'Selector__max_features': 24, 'Selector__norm_order': 1, 'Selector__prefit': False, 'Selector__threshold': None, 'Classifier__memory': None, 'Classifier__steps': [('SVC', OneVsRestClassifier(estimator=SVC(C=0.01, cache_size=500,
                                  class_weight='balanced', coef0=4, degree=8,
                                  gamma=0.01, kernel='poly', max_iter=1000000,
                                  probability=True, random_state=42)))], 'Classifier__transform_input': None, 'Classifier__verbose': False, 'Classifier__SVC': OneVsRestClassifier(estimator=SVC(C=0.01, cache_size=500,
                                  class_weight='balanced', coef0=4, degree=8,
                                  gamma=0.01, kernel='poly', max_iter=1000000,
                                  probability=True, random_state=42)), 'Classifier__SVC__estimator__C': 0.01, 'Classifier__SVC__estimator__break_ties': False, 'Classifier__SVC__estimator__cache_size': 500, 'Classifier__SVC__estimator__class_weight': 'balanced', 'Classifier__SVC__estimator__coef0': 4, 'Classifier__SVC__estimator__decision_function_shape': 'ovr', 'Classifier__SVC__estimator__degree': 8, 'Classifier__SVC__estimator__gamma': 0.01, 'Classifier__SVC__estimator__kernel': 'poly', 'Classifier__SVC__estimator__max_iter': 1000000, 'Classifier__SVC__estimator__probability': True, 'Classifier__SVC__estimator__random_state': 42, 'Classifier__SVC__estimator__shrinking': True, 'Classifier__SVC__estimator__tol': 0.001, 'Classifier__SVC__estimator__verbose': False, 'Classifier__SVC__estimator': SVC(C=0.01, cache_size=500, class_weight='balanced', coef0=4, degree=8,
    gamma=0.01, kernel='poly', max_iter=1000000, probability=True,
    random_state=42), 'Classifier__SVC__n_jobs': None, 'Classifier__SVC__verbose': 0}","['Spectral Centroid Overall Standard Deviation'
 'Spectral Flux Overall Standard Deviation'
 'Spectral Variability Overall Standard Deviation'
 'Root Mean Square Overall Standard Deviation'
 'Zero Crossings Overall Standard Deviation'
 'Method of Moments Overall Standard Deviation 2'
 'Method of Moments Overall Standard Deviation 3'
 'Method of Moments Overall Standard Deviation 4'
 'Method of Moments Overall Standard Deviation 5'
 'Spectral Centroid Overall Average'
 'Spectral Rolloff Point Overall Average' 'Spectral Flux Overall Average'
 'Spectral Variability Overall Average' 'Root Mean Square Overall Average'
 'Zero Crossings Overall Average' 'LPC Overall Average 1'
 'LPC Overall Average 2' 'Method of Moments Overall Average 1'
 'Method of Moments Overall Average 2'
 'Method of Moments Overall Average 3'
 'Method of Moments Overall Average 4'
 'Method of Moments Overall Average 5' 'Chroma feature 2'
 'Chroma feature 3']","{'memory': None, 'steps': [('Imputer', SimpleImputer()), ('Scaler', StandardScaler()), ('Selector', SelectFromModel(estimator=LinearSVC(random_state=42), max_features=12)), ('Classifier', Pipeline(steps=[('SVC',
                 OneVsRestClassifier(estimator=SVC(C=0.1, cache_size=500,
                                                   class_weight='balanced',
                                                   coef0=6, degree=8,
                                                   gamma=0.01, kernel='poly',
                                                   max_iter=1000000,
                                                   probability=True,
                                                   random_state=42)))]))], 'transform_input': None, 'verbose': False, 'Imputer': SimpleImputer(), 'Scaler': StandardScaler(), 'Selector': SelectFromModel(estimator=LinearSVC(random_state=42), max_features=12), 'Classifier': Pipeline(steps=[('SVC',
                 OneVsRestClassifier(estimator=SVC(C=0.1, cache_size=500,
                                                   class_weight='balanced',
                                                   coef0=6, degree=8,
                                                   gamma=0.01, kernel='poly',
                                                   max_iter=1000000,
                                                   probability=True,
                                                   random_state=42)))]), 'Imputer__add_indicator': False, 'Imputer__copy': True, 'Imputer__fill_value': None, 'Imputer__keep_empty_features': False, 'Imputer__missing_values': nan, 'Imputer__strategy': 'mean', 'Scaler__copy': True, 'Scaler__with_mean': True, 'Scaler__with_std': True, 'Selector__estimator__C': 1.0, 'Selector__estimator__class_weight': None, 'Selector__estimator__dual': 'auto', 'Selector__estimator__fit_intercept': True, 'Selector__estimator__intercept_scaling': 1, 'Selector__estimator__loss': 'squared_hinge', 'Selector__estimator__max_iter': 1000, 'Selector__estimator__multi_class': 'ovr', 'Selector__estimator__penalty': 'l2', 'Selector__estimator__random_state': 42, 'Selector__estimator__tol': 0.0001, 'Selector__estimator__verbose': 0, 'Selector__estimator': LinearSVC(random_state=42), 'Selector__importance_getter': 'auto', 'Selector__max_features': 12, 'Selector__norm_order': 1, 'Selector__prefit': False, 'Selector__threshold': None, 'Classifier__memory': None, 'Classifier__steps': [('SVC', OneVsRestClassifier(estimator=SVC(C=0.1, cache_size=500,
                                  class_weight='balanced', coef0=6, degree=8,
                                  gamma=0.01, kernel='poly', max_iter=1000000,
                                  probability=True, random_state=42)))], 'Classifier__transform_input': None, 'Classifier__verbose': False, 'Classifier__SVC': OneVsRestClassifier(estimator=SVC(C=0.1, cache_size=500,
                                  class_weight='balanced', coef0=6, degree=8,
                                  gamma=0.01, kernel='poly', max_iter=1000000,
                                  probability=True, random_state=42)), 'Classifier__SVC__estimator__C': 0.1, 'Classifier__SVC__estimator__break_ties': False, 'Classifier__SVC__estimator__cache_size': 500, 'Classifier__SVC__estimator__class_weight': 'balanced', 'Classifier__SVC__estimator__coef0': 6, 'Classifier__SVC__estimator__decision_function_shape': 'ovr', 'Classifier__SVC__estimator__degree': 8, 'Classifier__SVC__estimator__gamma': 0.01, 'Classifier__SVC__estimator__kernel': 'poly', 'Classifier__SVC__estimator__max_iter': 1000000, 'Classifier__SVC__estimator__probability': True, 'Classifier__SVC__estimator__random_state': 42, 'Classifier__SVC__estimator__shrinking': True, 'Classifier__SVC__estimator__tol': 0.001, 'Classifier__SVC__estimator__verbose': False, 'Classifier__SVC__estimator': SVC(C=0.1, cache_size=500, class_weight='balanced', coef0=6, degree=8,
    gamma=0.01, kernel='poly', max_iter=1000000, probability=True,
    random_state=42), 'Classifier__SVC__n_jobs': None, 'Classifier__SVC__verbose': 0}","['Spectral Centroid Overall Standard Deviation'
 'Spectral Variability Overall Standard Deviation'
 'Root Mean Square Overall Standard Deviation'
 'Spectral Centroid Overall Average' 'Spectral Flux Overall Average'
 'Root Mean Square Overall Average' 'Zero Crossings Overall Average'
 'Method of Moments Overall Average 1'
 'Method of Moments Overall Average 2'
 'Method of Moments Overall Average 3'
 'Method of Moments Overall Average 4'
 'Method of Moments Overall Average 5']",0.45569620253164556,0.274025974025974,0.4821569734613213
16,Instrumental + Mixed,False,"{'memory': None, 'steps': [('Imputer', SimpleImputer()), ('Scaler', StandardScaler()), ('Selector', SelectFromModel(estimator=LinearSVC(random_state=42), max_features=24)), ('Classifier', Pipeline(steps=[('SVC',
                 OneVsRestClassifier(estimator=SVC(C=0.01, cache_size=500,
                                                   class_weight='balanced',
                                                   coef0=4, degree=8,
                                                   gamma=0.01, kernel='poly',
                                                   max_iter=1000000,
                                                   probability=True,
                                                   random_state=42)))]))], 'transform_input': None, 'verbose': False, 'Imputer': SimpleImputer(), 'Scaler': StandardScaler(), 'Selector': SelectFromModel(estimator=LinearSVC(random_state=42), max_features=24), 'Classifier': Pipeline(steps=[('SVC',
                 OneVsRestClassifier(estimator=SVC(C=0.01, cache_size=500,
                                                   class_weight='balanced',
                                                   coef0=4, degree=8,
                                                   gamma=0.01, kernel='poly',
                                                   max_iter=1000000,
                                                   probability=True,
                                                   random_state=42)))]), 'Imputer__add_indicator': False, 'Imputer__copy': True, 'Imputer__fill_value': None, 'Imputer__keep_empty_features': False, 'Imputer__missing_values': nan, 'Imputer__strategy': 'mean', 'Scaler__copy': True, 'Scaler__with_mean': True, 'Scaler__with_std': True, 'Selector__estimator__C': 1.0, 'Selector__estimator__class_weight': None, 'Selector__estimator__dual': 'auto', 'Selector__estimator__fit_intercept': True, 'Selector__estimator__intercept_scaling': 1, 'Selector__estimator__loss': 'squared_hinge', 'Selector__estimator__max_iter': 1000, 'Selector__estimator__multi_class': 'ovr', 'Selector__estimator__penalty': 'l2', 'Selector__estimator__random_state': 42, 'Selector__estimator__tol': 0.0001, 'Selector__estimator__verbose': 0, 'Selector__estimator': LinearSVC(random_state=42), 'Selector__importance_getter': 'auto', 'Selector__max_features': 24, 'Selector__norm_order': 1, 'Selector__prefit': False, 'Selector__threshold': None, 'Classifier__memory': None, 'Classifier__steps': [('SVC', OneVsRestClassifier(estimator=SVC(C=0.01, cache_size=500,
                                  class_weight='balanced', coef0=4, degree=8,
                                  gamma=0.01, kernel='poly', max_iter=1000000,
                                  probability=True, random_state=42)))], 'Classifier__transform_input': None, 'Classifier__verbose': False, 'Classifier__SVC': OneVsRestClassifier(estimator=SVC(C=0.01, cache_size=500,
                                  class_weight='balanced', coef0=4, degree=8,
                                  gamma=0.01, kernel='poly', max_iter=1000000,
                                  probability=True, random_state=42)), 'Classifier__SVC__estimator__C': 0.01, 'Classifier__SVC__estimator__break_ties': False, 'Classifier__SVC__estimator__cache_size': 500, 'Classifier__SVC__estimator__class_weight': 'balanced', 'Classifier__SVC__estimator__coef0': 4, 'Classifier__SVC__estimator__decision_function_shape': 'ovr', 'Classifier__SVC__estimator__degree': 8, 'Classifier__SVC__estimator__gamma': 0.01, 'Classifier__SVC__estimator__kernel': 'poly', 'Classifier__SVC__estimator__max_iter': 1000000, 'Classifier__SVC__estimator__probability': True, 'Classifier__SVC__estimator__random_state': 42, 'Classifier__SVC__estimator__shrinking': True, 'Classifier__SVC__estimator__tol': 0.001, 'Classifier__SVC__estimator__verbose': False, 'Classifier__SVC__estimator': SVC(C=0.01, cache_size=500, class_weight='balanced', coef0=4, degree=8,
    gamma=0.01, kernel='poly', max_iter=1000000, probability=True,
    random_state=42), 'Classifier__SVC__n_jobs': None, 'Classifier__SVC__verbose': 0}","['Spectral Centroid Overall Standard Deviation'
 'Spectral Flux Overall Standard Deviation'
 'Spectral Variability Overall Standard Deviation'
 'Root Mean Square Overall Standard Deviation'
 'Zero Crossings Overall Standard Deviation'
 'Method of Moments Overall Standard Deviation 2'
 'Method of Moments Overall Standard Deviation 3'
 'Method of Moments Overall Standard Deviation 4'
 'Method of Moments Overall Standard Deviation 5'
 'Spectral Centroid Overall Average'
 'Spectral Rolloff Point Overall Average' 'Spectral Flux Overall Average'
 'Spectral Variability Overall Average' 'Root Mean Square Overall Average'
 'Zero Crossings Overall Average' 'LPC Overall Average 1'
 'LPC Overall Average 2' 'Method of Moments Overall Average 1'
 'Method of Moments Overall Average 2'
 'Method of Moments Overall Average 3'
 'Method of Moments Overall Average 4'
 'Method of Moments Overall Average 5' 'Chroma feature 2'
 'Chroma feature 3']","{'memory': None, 'steps': [('Imputer', SimpleImputer()), ('Scaler', StandardScaler()), ('Selector', SelectFromModel(estimator=LinearSVC(random_state=42), max_features=16)), ('Classifier', Pipeline(steps=[('SVC',
                 OneVsRestClassifier(estimator=SVC(C=0.1, cache_size=500,
                                                   class_weight='balanced',
                                                   coef0=6, degree=8,
                                                   gamma=0.01, kernel='poly',
                                                   max_iter=1000000,
                                                   probability=True,
                                                   random_state=42)))]))], 'transform_input': None, 'verbose': False, 'Imputer': SimpleImputer(), 'Scaler': StandardScaler(), 'Selector': SelectFromModel(estimator=LinearSVC(random_state=42), max_features=16), 'Classifier': Pipeline(steps=[('SVC',
                 OneVsRestClassifier(estimator=SVC(C=0.1, cache_size=500,
                                                   class_weight='balanced',
                                                   coef0=6, degree=8,
                                                   gamma=0.01, kernel='poly',
                                                   max_iter=1000000,
                                                   probability=True,
                                                   random_state=42)))]), 'Imputer__add_indicator': False, 'Imputer__copy': True, 'Imputer__fill_value': None, 'Imputer__keep_empty_features': False, 'Imputer__missing_values': nan, 'Imputer__strategy': 'mean', 'Scaler__copy': True, 'Scaler__with_mean': True, 'Scaler__with_std': True, 'Selector__estimator__C': 1.0, 'Selector__estimator__class_weight': None, 'Selector__estimator__dual': 'auto', 'Selector__estimator__fit_intercept': True, 'Selector__estimator__intercept_scaling': 1, 'Selector__estimator__loss': 'squared_hinge', 'Selector__estimator__max_iter': 1000, 'Selector__estimator__multi_class': 'ovr', 'Selector__estimator__penalty': 'l2', 'Selector__estimator__random_state': 42, 'Selector__estimator__tol': 0.0001, 'Selector__estimator__verbose': 0, 'Selector__estimator': LinearSVC(random_state=42), 'Selector__importance_getter': 'auto', 'Selector__max_features': 16, 'Selector__norm_order': 1, 'Selector__prefit': False, 'Selector__threshold': None, 'Classifier__memory': None, 'Classifier__steps': [('SVC', OneVsRestClassifier(estimator=SVC(C=0.1, cache_size=500,
                                  class_weight='balanced', coef0=6, degree=8,
                                  gamma=0.01, kernel='poly', max_iter=1000000,
                                  probability=True, random_state=42)))], 'Classifier__transform_input': None, 'Classifier__verbose': False, 'Classifier__SVC': OneVsRestClassifier(estimator=SVC(C=0.1, cache_size=500,
                                  class_weight='balanced', coef0=6, degree=8,
                                  gamma=0.01, kernel='poly', max_iter=1000000,
                                  probability=True, random_state=42)), 'Classifier__SVC__estimator__C': 0.1, 'Classifier__SVC__estimator__break_ties': False, 'Classifier__SVC__estimator__cache_size': 500, 'Classifier__SVC__estimator__class_weight': 'balanced', 'Classifier__SVC__estimator__coef0': 6, 'Classifier__SVC__estimator__decision_function_shape': 'ovr', 'Classifier__SVC__estimator__degree': 8, 'Classifier__SVC__estimator__gamma': 0.01, 'Classifier__SVC__estimator__kernel': 'poly', 'Classifier__SVC__estimator__max_iter': 1000000, 'Classifier__SVC__estimator__probability': True, 'Classifier__SVC__estimator__random_state': 42, 'Classifier__SVC__estimator__shrinking': True, 'Classifier__SVC__estimator__tol': 0.001, 'Classifier__SVC__estimator__verbose': False, 'Classifier__SVC__estimator': SVC(C=0.1, cache_size=500, class_weight='balanced', coef0=6, degree=8,
    gamma=0.01, kernel='poly', max_iter=1000000, probability=True,
    random_state=42), 'Classifier__SVC__n_jobs': None, 'Classifier__SVC__verbose': 0}","['Spectral Centroid Overall Standard Deviation'
 'Spectral Variability Overall Standard Deviation'
 'Root Mean Square Overall Standard Deviation'
 'Zero Crossings Overall Standard Deviation'
 'LPC Overall Standard Deviation 1'
 'Method of Moments Overall Standard Deviation 2'
 'Spectral Centroid Overall Average' 'Spectral Flux Overall Average'
 'Root Mean Square Overall Average' 'Zero Crossings Overall Average'
 'LPC Overall Average 1' 'Method of Moments Overall Average 1'
 'Method of Moments Overall Average 2'
 'Method of Moments Overall Average 3'
 'Method of Moments Overall Average 4'
 'Method of Moments Overall Average 5']",0.43037974683544306,0.25432900432900435,0.33314436885865456
17,Instrumental + Mixed,False,"{'memory': None, 'steps': [('Imputer', SimpleImputer()), ('Scaler', StandardScaler()), ('Selector', SelectFromModel(estimator=LinearSVC(random_state=42), max_features=24)), ('Classifier', Pipeline(steps=[('SVC',
                 OneVsRestClassifier(estimator=SVC(C=0.01, cache_size=500,
                                                   class_weight='balanced',
                                                   coef0=4, degree=8,
                                                   gamma=0.01, kernel='poly',
                                                   max_iter=1000000,
                                                   probability=True,
                                                   random_state=42)))]))], 'transform_input': None, 'verbose': False, 'Imputer': SimpleImputer(), 'Scaler': StandardScaler(), 'Selector': SelectFromModel(estimator=LinearSVC(random_state=42), max_features=24), 'Classifier': Pipeline(steps=[('SVC',
                 OneVsRestClassifier(estimator=SVC(C=0.01, cache_size=500,
                                                   class_weight='balanced',
                                                   coef0=4, degree=8,
                                                   gamma=0.01, kernel='poly',
                                                   max_iter=1000000,
                                                   probability=True,
                                                   random_state=42)))]), 'Imputer__add_indicator': False, 'Imputer__copy': True, 'Imputer__fill_value': None, 'Imputer__keep_empty_features': False, 'Imputer__missing_values': nan, 'Imputer__strategy': 'mean', 'Scaler__copy': True, 'Scaler__with_mean': True, 'Scaler__with_std': True, 'Selector__estimator__C': 1.0, 'Selector__estimator__class_weight': None, 'Selector__estimator__dual': 'auto', 'Selector__estimator__fit_intercept': True, 'Selector__estimator__intercept_scaling': 1, 'Selector__estimator__loss': 'squared_hinge', 'Selector__estimator__max_iter': 1000, 'Selector__estimator__multi_class': 'ovr', 'Selector__estimator__penalty': 'l2', 'Selector__estimator__random_state': 42, 'Selector__estimator__tol': 0.0001, 'Selector__estimator__verbose': 0, 'Selector__estimator': LinearSVC(random_state=42), 'Selector__importance_getter': 'auto', 'Selector__max_features': 24, 'Selector__norm_order': 1, 'Selector__prefit': False, 'Selector__threshold': None, 'Classifier__memory': None, 'Classifier__steps': [('SVC', OneVsRestClassifier(estimator=SVC(C=0.01, cache_size=500,
                                  class_weight='balanced', coef0=4, degree=8,
                                  gamma=0.01, kernel='poly', max_iter=1000000,
                                  probability=True, random_state=42)))], 'Classifier__transform_input': None, 'Classifier__verbose': False, 'Classifier__SVC': OneVsRestClassifier(estimator=SVC(C=0.01, cache_size=500,
                                  class_weight='balanced', coef0=4, degree=8,
                                  gamma=0.01, kernel='poly', max_iter=1000000,
                                  probability=True, random_state=42)), 'Classifier__SVC__estimator__C': 0.01, 'Classifier__SVC__estimator__break_ties': False, 'Classifier__SVC__estimator__cache_size': 500, 'Classifier__SVC__estimator__class_weight': 'balanced', 'Classifier__SVC__estimator__coef0': 4, 'Classifier__SVC__estimator__decision_function_shape': 'ovr', 'Classifier__SVC__estimator__degree': 8, 'Classifier__SVC__estimator__gamma': 0.01, 'Classifier__SVC__estimator__kernel': 'poly', 'Classifier__SVC__estimator__max_iter': 1000000, 'Classifier__SVC__estimator__probability': True, 'Classifier__SVC__estimator__random_state': 42, 'Classifier__SVC__estimator__shrinking': True, 'Classifier__SVC__estimator__tol': 0.001, 'Classifier__SVC__estimator__verbose': False, 'Classifier__SVC__estimator': SVC(C=0.01, cache_size=500, class_weight='balanced', coef0=4, degree=8,
    gamma=0.01, kernel='poly', max_iter=1000000, probability=True,
    random_state=42), 'Classifier__SVC__n_jobs': None, 'Classifier__SVC__verbose': 0}","['Spectral Centroid Overall Standard Deviation'
 'Spectral Flux Overall Standard Deviation'
 'Spectral Variability Overall Standard Deviation'
 'Root Mean Square Overall Standard Deviation'
 'Zero Crossings Overall Standard Deviation'
 'Method of Moments Overall Standard Deviation 2'
 'Method of Moments Overall Standard Deviation 3'
 'Method of Moments Overall Standard Deviation 4'
 'Method of Moments Overall Standard Deviation 5'
 'Spectral Centroid Overall Average'
 'Spectral Rolloff Point Overall Average' 'Spectral Flux Overall Average'
 'Spectral Variability Overall Average' 'Root Mean Square Overall Average'
 'Zero Crossings Overall Average' 'LPC Overall Average 1'
 'LPC Overall Average 2' 'Method of Moments Overall Average 1'
 'Method of Moments Overall Average 2'
 'Method of Moments Overall Average 3'
 'Method of Moments Overall Average 4'
 'Method of Moments Overall Average 5' 'Chroma feature 2'
 'Chroma feature 3']","{'memory': None, 'steps': [('Imputer', SimpleImputer()), ('Scaler', MinMaxScaler()), ('Selector', SelectFromModel(estimator=LinearSVC(random_state=42), max_features=32)), ('Classifier', Pipeline(steps=[('SVC',
                 OneVsRestClassifier(estimator=SVC(C=10, cache_size=500,
                                                   class_weight='balanced',
                                                   coef0=8, degree=6,
                                                   gamma=0.01, kernel='poly',
                                                   max_iter=1000000,
                                                   probability=True,
                                                   random_state=42)))]))], 'transform_input': None, 'verbose': False, 'Imputer': SimpleImputer(), 'Scaler': MinMaxScaler(), 'Selector': SelectFromModel(estimator=LinearSVC(random_state=42), max_features=32), 'Classifier': Pipeline(steps=[('SVC',
                 OneVsRestClassifier(estimator=SVC(C=10, cache_size=500,
                                                   class_weight='balanced',
                                                   coef0=8, degree=6,
                                                   gamma=0.01, kernel='poly',
                                                   max_iter=1000000,
                                                   probability=True,
                                                   random_state=42)))]), 'Imputer__add_indicator': False, 'Imputer__copy': True, 'Imputer__fill_value': None, 'Imputer__keep_empty_features': False, 'Imputer__missing_values': nan, 'Imputer__strategy': 'mean', 'Scaler__clip': False, 'Scaler__copy': True, 'Scaler__feature_range': (0, 1), 'Selector__estimator__C': 1.0, 'Selector__estimator__class_weight': None, 'Selector__estimator__dual': 'auto', 'Selector__estimator__fit_intercept': True, 'Selector__estimator__intercept_scaling': 1, 'Selector__estimator__loss': 'squared_hinge', 'Selector__estimator__max_iter': 1000, 'Selector__estimator__multi_class': 'ovr', 'Selector__estimator__penalty': 'l2', 'Selector__estimator__random_state': 42, 'Selector__estimator__tol': 0.0001, 'Selector__estimator__verbose': 0, 'Selector__estimator': LinearSVC(random_state=42), 'Selector__importance_getter': 'auto', 'Selector__max_features': 32, 'Selector__norm_order': 1, 'Selector__prefit': False, 'Selector__threshold': None, 'Classifier__memory': None, 'Classifier__steps': [('SVC', OneVsRestClassifier(estimator=SVC(C=10, cache_size=500, class_weight='balanced',
                                  coef0=8, degree=6, gamma=0.01, kernel='poly',
                                  max_iter=1000000, probability=True,
                                  random_state=42)))], 'Classifier__transform_input': None, 'Classifier__verbose': False, 'Classifier__SVC': OneVsRestClassifier(estimator=SVC(C=10, cache_size=500, class_weight='balanced',
                                  coef0=8, degree=6, gamma=0.01, kernel='poly',
                                  max_iter=1000000, probability=True,
                                  random_state=42)), 'Classifier__SVC__estimator__C': 10, 'Classifier__SVC__estimator__break_ties': False, 'Classifier__SVC__estimator__cache_size': 500, 'Classifier__SVC__estimator__class_weight': 'balanced', 'Classifier__SVC__estimator__coef0': 8, 'Classifier__SVC__estimator__decision_function_shape': 'ovr', 'Classifier__SVC__estimator__degree': 6, 'Classifier__SVC__estimator__gamma': 0.01, 'Classifier__SVC__estimator__kernel': 'poly', 'Classifier__SVC__estimator__max_iter': 1000000, 'Classifier__SVC__estimator__probability': True, 'Classifier__SVC__estimator__random_state': 42, 'Classifier__SVC__estimator__shrinking': True, 'Classifier__SVC__estimator__tol': 0.001, 'Classifier__SVC__estimator__verbose': False, 'Classifier__SVC__estimator': SVC(C=10, cache_size=500, class_weight='balanced', coef0=8, degree=6,
    gamma=0.01, kernel='poly', max_iter=1000000, probability=True,
    random_state=42), 'Classifier__SVC__n_jobs': None, 'Classifier__SVC__verbose': 0}","['Spectral Rolloff Point Overall Standard Deviation'
 'Spectral Flux Overall Standard Deviation'
 'Compactness Overall Standard Deviation'
 'Spectral Variability Overall Standard Deviation'
 'Root Mean Square Overall Standard Deviation'
 'Zero Crossings Overall Standard Deviation'
 'MFCC Overall Standard Deviation 1' 'MFCC Overall Standard Deviation 8'
 'LPC Overall Standard Deviation 1'
 'Method of Moments Overall Standard Deviation 1'
 'Method of Moments Overall Standard Deviation 2'
 'Method of Moments Overall Standard Deviation 4'
 'Method of Moments Overall Standard Deviation 5'
 'Spectral Flux Overall Average' 'Compactness Overall Average'
 'Spectral Variability Overall Average' 'Root Mean Square Overall Average'
 'MFCC Overall Average 1' 'MFCC Overall Average 3'
 'MFCC Overall Average 4' 'MFCC Overall Average 5'
 'MFCC Overall Average 6' 'MFCC Overall Average 11'
 'LPC Overall Average 3' 'LPC Overall Average 6'
 'Method of Moments Overall Average 1'
 'Method of Moments Overall Average 2'
 'Method of Moments Overall Average 3'
 'Method of Moments Overall Average 4' 'Chroma feature 0'
 'Chroma feature 6' 'Chroma feature 11']",0.4430379746835443,0.27294372294372293,0.3335275835275835
18,Instrumental + Mixed,False,"{'memory': None, 'steps': [('Imputer', SimpleImputer()), ('Scaler', StandardScaler()), ('Selector', SelectFromModel(estimator=LinearSVC(random_state=42), max_features=24)), ('Classifier', Pipeline(steps=[('SVC',
                 OneVsRestClassifier(estimator=SVC(C=0.1, cache_size=500,
                                                   class_weight='balanced',
                                                   coef0=6, degree=6,
                                                   gamma=0.01, kernel='poly',
                                                   max_iter=1000000,
                                                   probability=True,
                                                   random_state=42)))]))], 'transform_input': None, 'verbose': False, 'Imputer': SimpleImputer(), 'Scaler': StandardScaler(), 'Selector': SelectFromModel(estimator=LinearSVC(random_state=42), max_features=24), 'Classifier': Pipeline(steps=[('SVC',
                 OneVsRestClassifier(estimator=SVC(C=0.1, cache_size=500,
                                                   class_weight='balanced',
                                                   coef0=6, degree=6,
                                                   gamma=0.01, kernel='poly',
                                                   max_iter=1000000,
                                                   probability=True,
                                                   random_state=42)))]), 'Imputer__add_indicator': False, 'Imputer__copy': True, 'Imputer__fill_value': None, 'Imputer__keep_empty_features': False, 'Imputer__missing_values': nan, 'Imputer__strategy': 'mean', 'Scaler__copy': True, 'Scaler__with_mean': True, 'Scaler__with_std': True, 'Selector__estimator__C': 1.0, 'Selector__estimator__class_weight': None, 'Selector__estimator__dual': 'auto', 'Selector__estimator__fit_intercept': True, 'Selector__estimator__intercept_scaling': 1, 'Selector__estimator__loss': 'squared_hinge', 'Selector__estimator__max_iter': 1000, 'Selector__estimator__multi_class': 'ovr', 'Selector__estimator__penalty': 'l2', 'Selector__estimator__random_state': 42, 'Selector__estimator__tol': 0.0001, 'Selector__estimator__verbose': 0, 'Selector__estimator': LinearSVC(random_state=42), 'Selector__importance_getter': 'auto', 'Selector__max_features': 24, 'Selector__norm_order': 1, 'Selector__prefit': False, 'Selector__threshold': None, 'Classifier__memory': None, 'Classifier__steps': [('SVC', OneVsRestClassifier(estimator=SVC(C=0.1, cache_size=500,
                                  class_weight='balanced', coef0=6, degree=6,
                                  gamma=0.01, kernel='poly', max_iter=1000000,
                                  probability=True, random_state=42)))], 'Classifier__transform_input': None, 'Classifier__verbose': False, 'Classifier__SVC': OneVsRestClassifier(estimator=SVC(C=0.1, cache_size=500,
                                  class_weight='balanced', coef0=6, degree=6,
                                  gamma=0.01, kernel='poly', max_iter=1000000,
                                  probability=True, random_state=42)), 'Classifier__SVC__estimator__C': 0.1, 'Classifier__SVC__estimator__break_ties': False, 'Classifier__SVC__estimator__cache_size': 500, 'Classifier__SVC__estimator__class_weight': 'balanced', 'Classifier__SVC__estimator__coef0': 6, 'Classifier__SVC__estimator__decision_function_shape': 'ovr', 'Classifier__SVC__estimator__degree': 6, 'Classifier__SVC__estimator__gamma': 0.01, 'Classifier__SVC__estimator__kernel': 'poly', 'Classifier__SVC__estimator__max_iter': 1000000, 'Classifier__SVC__estimator__probability': True, 'Classifier__SVC__estimator__random_state': 42, 'Classifier__SVC__estimator__shrinking': True, 'Classifier__SVC__estimator__tol': 0.001, 'Classifier__SVC__estimator__verbose': False, 'Classifier__SVC__estimator': SVC(C=0.1, cache_size=500, class_weight='balanced', coef0=6, degree=6,
    gamma=0.01, kernel='poly', max_iter=1000000, probability=True,
    random_state=42), 'Classifier__SVC__n_jobs': None, 'Classifier__SVC__verbose': 0}","['Spectral Centroid Overall Standard Deviation'
 'Spectral Flux Overall Standard Deviation'
 'Spectral Variability Overall Standard Deviation'
 'Root Mean Square Overall Standard Deviation'
 'Zero Crossings Overall Standard Deviation'
 'Method of Moments Overall Standard Deviation 2'
 'Method of Moments Overall Standard Deviation 3'
 'Method of Moments Overall Standard Deviation 4'
 'Method of Moments Overall Standard Deviation 5'
 'Spectral Centroid Overall Average'
 'Spectral Rolloff Point Overall Average' 'Spectral Flux Overall Average'
 'Spectral Variability Overall Average' 'Root Mean Square Overall Average'
 'Zero Crossings Overall Average' 'LPC Overall Average 1'
 'LPC Overall Average 2' 'Method of Moments Overall Average 1'
 'Method of Moments Overall Average 2'
 'Method of Moments Overall Average 3'
 'Method of Moments Overall Average 4'
 'Method of Moments Overall Average 5' 'Chroma feature 2'
 'Chroma feature 3']","{'memory': None, 'steps': [('Imputer', SimpleImputer()), ('Scaler', StandardScaler()), ('Selector', SelectFromModel(estimator=LinearSVC(random_state=42), max_features=12)), ('Classifier', Pipeline(steps=[('SVC',
                 OneVsRestClassifier(estimator=SVC(C=0.1, cache_size=500,
                                                   class_weight='balanced',
                                                   coef0=6, degree=8,
                                                   gamma=0.01, kernel='poly',
                                                   max_iter=1000000,
                                                   probability=True,
                                                   random_state=42)))]))], 'transform_input': None, 'verbose': False, 'Imputer': SimpleImputer(), 'Scaler': StandardScaler(), 'Selector': SelectFromModel(estimator=LinearSVC(random_state=42), max_features=12), 'Classifier': Pipeline(steps=[('SVC',
                 OneVsRestClassifier(estimator=SVC(C=0.1, cache_size=500,
                                                   class_weight='balanced',
                                                   coef0=6, degree=8,
                                                   gamma=0.01, kernel='poly',
                                                   max_iter=1000000,
                                                   probability=True,
                                                   random_state=42)))]), 'Imputer__add_indicator': False, 'Imputer__copy': True, 'Imputer__fill_value': None, 'Imputer__keep_empty_features': False, 'Imputer__missing_values': nan, 'Imputer__strategy': 'mean', 'Scaler__copy': True, 'Scaler__with_mean': True, 'Scaler__with_std': True, 'Selector__estimator__C': 1.0, 'Selector__estimator__class_weight': None, 'Selector__estimator__dual': 'auto', 'Selector__estimator__fit_intercept': True, 'Selector__estimator__intercept_scaling': 1, 'Selector__estimator__loss': 'squared_hinge', 'Selector__estimator__max_iter': 1000, 'Selector__estimator__multi_class': 'ovr', 'Selector__estimator__penalty': 'l2', 'Selector__estimator__random_state': 42, 'Selector__estimator__tol': 0.0001, 'Selector__estimator__verbose': 0, 'Selector__estimator': LinearSVC(random_state=42), 'Selector__importance_getter': 'auto', 'Selector__max_features': 12, 'Selector__norm_order': 1, 'Selector__prefit': False, 'Selector__threshold': None, 'Classifier__memory': None, 'Classifier__steps': [('SVC', OneVsRestClassifier(estimator=SVC(C=0.1, cache_size=500,
                                  class_weight='balanced', coef0=6, degree=8,
                                  gamma=0.01, kernel='poly', max_iter=1000000,
                                  probability=True, random_state=42)))], 'Classifier__transform_input': None, 'Classifier__verbose': False, 'Classifier__SVC': OneVsRestClassifier(estimator=SVC(C=0.1, cache_size=500,
                                  class_weight='balanced', coef0=6, degree=8,
                                  gamma=0.01, kernel='poly', max_iter=1000000,
                                  probability=True, random_state=42)), 'Classifier__SVC__estimator__C': 0.1, 'Classifier__SVC__estimator__break_ties': False, 'Classifier__SVC__estimator__cache_size': 500, 'Classifier__SVC__estimator__class_weight': 'balanced', 'Classifier__SVC__estimator__coef0': 6, 'Classifier__SVC__estimator__decision_function_shape': 'ovr', 'Classifier__SVC__estimator__degree': 8, 'Classifier__SVC__estimator__gamma': 0.01, 'Classifier__SVC__estimator__kernel': 'poly', 'Classifier__SVC__estimator__max_iter': 1000000, 'Classifier__SVC__estimator__probability': True, 'Classifier__SVC__estimator__random_state': 42, 'Classifier__SVC__estimator__shrinking': True, 'Classifier__SVC__estimator__tol': 0.001, 'Classifier__SVC__estimator__verbose': False, 'Classifier__SVC__estimator': SVC(C=0.1, cache_size=500, class_weight='balanced', coef0=6, degree=8,
    gamma=0.01, kernel='poly', max_iter=1000000, probability=True,
    random_state=42), 'Classifier__SVC__n_jobs': None, 'Classifier__SVC__verbose': 0}","['Spectral Centroid Overall Standard Deviation'
 'Spectral Variability Overall Standard Deviation'
 'Root Mean Square Overall Standard Deviation'
 'Spectral Centroid Overall Average' 'Spectral Flux Overall Average'
 'Root Mean Square Overall Average' 'Zero Crossings Overall Average'
 'Method of Moments Overall Average 1'
 'Method of Moments Overall Average 2'
 'Method of Moments Overall Average 3'
 'Method of Moments Overall Average 4'
 'Method of Moments Overall Average 5']",0.4050632911392405,0.24675324675324675,0.37572751322751324
19,Instrumental + Mixed,False,"{'memory': None, 'steps': [('Imputer', SimpleImputer()), ('Scaler', StandardScaler()), ('Selector', SelectFromModel(estimator=LinearSVC(random_state=42), max_features=24)), ('Classifier', Pipeline(steps=[('SVC',
                 OneVsRestClassifier(estimator=SVC(C=0.1, cache_size=500,
                                                   class_weight='balanced',
                                                   coef0=6, degree=6,
                                                   gamma=0.01, kernel='poly',
                                                   max_iter=1000000,
                                                   probability=True,
                                                   random_state=42)))]))], 'transform_input': None, 'verbose': False, 'Imputer': SimpleImputer(), 'Scaler': StandardScaler(), 'Selector': SelectFromModel(estimator=LinearSVC(random_state=42), max_features=24), 'Classifier': Pipeline(steps=[('SVC',
                 OneVsRestClassifier(estimator=SVC(C=0.1, cache_size=500,
                                                   class_weight='balanced',
                                                   coef0=6, degree=6,
                                                   gamma=0.01, kernel='poly',
                                                   max_iter=1000000,
                                                   probability=True,
                                                   random_state=42)))]), 'Imputer__add_indicator': False, 'Imputer__copy': True, 'Imputer__fill_value': None, 'Imputer__keep_empty_features': False, 'Imputer__missing_values': nan, 'Imputer__strategy': 'mean', 'Scaler__copy': True, 'Scaler__with_mean': True, 'Scaler__with_std': True, 'Selector__estimator__C': 1.0, 'Selector__estimator__class_weight': None, 'Selector__estimator__dual': 'auto', 'Selector__estimator__fit_intercept': True, 'Selector__estimator__intercept_scaling': 1, 'Selector__estimator__loss': 'squared_hinge', 'Selector__estimator__max_iter': 1000, 'Selector__estimator__multi_class': 'ovr', 'Selector__estimator__penalty': 'l2', 'Selector__estimator__random_state': 42, 'Selector__estimator__tol': 0.0001, 'Selector__estimator__verbose': 0, 'Selector__estimator': LinearSVC(random_state=42), 'Selector__importance_getter': 'auto', 'Selector__max_features': 24, 'Selector__norm_order': 1, 'Selector__prefit': False, 'Selector__threshold': None, 'Classifier__memory': None, 'Classifier__steps': [('SVC', OneVsRestClassifier(estimator=SVC(C=0.1, cache_size=500,
                                  class_weight='balanced', coef0=6, degree=6,
                                  gamma=0.01, kernel='poly', max_iter=1000000,
                                  probability=True, random_state=42)))], 'Classifier__transform_input': None, 'Classifier__verbose': False, 'Classifier__SVC': OneVsRestClassifier(estimator=SVC(C=0.1, cache_size=500,
                                  class_weight='balanced', coef0=6, degree=6,
                                  gamma=0.01, kernel='poly', max_iter=1000000,
                                  probability=True, random_state=42)), 'Classifier__SVC__estimator__C': 0.1, 'Classifier__SVC__estimator__break_ties': False, 'Classifier__SVC__estimator__cache_size': 500, 'Classifier__SVC__estimator__class_weight': 'balanced', 'Classifier__SVC__estimator__coef0': 6, 'Classifier__SVC__estimator__decision_function_shape': 'ovr', 'Classifier__SVC__estimator__degree': 6, 'Classifier__SVC__estimator__gamma': 0.01, 'Classifier__SVC__estimator__kernel': 'poly', 'Classifier__SVC__estimator__max_iter': 1000000, 'Classifier__SVC__estimator__probability': True, 'Classifier__SVC__estimator__random_state': 42, 'Classifier__SVC__estimator__shrinking': True, 'Classifier__SVC__estimator__tol': 0.001, 'Classifier__SVC__estimator__verbose': False, 'Classifier__SVC__estimator': SVC(C=0.1, cache_size=500, class_weight='balanced', coef0=6, degree=6,
    gamma=0.01, kernel='poly', max_iter=1000000, probability=True,
    random_state=42), 'Classifier__SVC__n_jobs': None, 'Classifier__SVC__verbose': 0}","['Spectral Centroid Overall Standard Deviation'
 'Spectral Flux Overall Standard Deviation'
 'Spectral Variability Overall Standard Deviation'
 'Root Mean Square Overall Standard Deviation'
 'Zero Crossings Overall Standard Deviation'
 'Method of Moments Overall Standard Deviation 2'
 'Method of Moments Overall Standard Deviation 3'
 'Method of Moments Overall Standard Deviation 4'
 'Method of Moments Overall Standard Deviation 5'
 'Spectral Centroid Overall Average'
 'Spectral Rolloff Point Overall Average' 'Spectral Flux Overall Average'
 'Spectral Variability Overall Average' 'Root Mean Square Overall Average'
 'Zero Crossings Overall Average' 'LPC Overall Average 1'
 'LPC Overall Average 2' 'Method of Moments Overall Average 1'
 'Method of Moments Overall Average 2'
 'Method of Moments Overall Average 3'
 'Method of Moments Overall Average 4'
 'Method of Moments Overall Average 5' 'Chroma feature 2'
 'Chroma feature 3']","{'memory': None, 'steps': [('Imputer', SimpleImputer()), ('Scaler', StandardScaler()), ('Selector', SelectFromModel(estimator=LinearSVC(random_state=42), max_features=16)), ('Classifier', Pipeline(steps=[('SVC',
                 OneVsRestClassifier(estimator=SVC(C=0.1, cache_size=500,
                                                   class_weight='balanced',
                                                   coef0=6, degree=8,
                                                   gamma=0.01, kernel='poly',
                                                   max_iter=1000000,
                                                   probability=True,
                                                   random_state=42)))]))], 'transform_input': None, 'verbose': False, 'Imputer': SimpleImputer(), 'Scaler': StandardScaler(), 'Selector': SelectFromModel(estimator=LinearSVC(random_state=42), max_features=16), 'Classifier': Pipeline(steps=[('SVC',
                 OneVsRestClassifier(estimator=SVC(C=0.1, cache_size=500,
                                                   class_weight='balanced',
                                                   coef0=6, degree=8,
                                                   gamma=0.01, kernel='poly',
                                                   max_iter=1000000,
                                                   probability=True,
                                                   random_state=42)))]), 'Imputer__add_indicator': False, 'Imputer__copy': True, 'Imputer__fill_value': None, 'Imputer__keep_empty_features': False, 'Imputer__missing_values': nan, 'Imputer__strategy': 'mean', 'Scaler__copy': True, 'Scaler__with_mean': True, 'Scaler__with_std': True, 'Selector__estimator__C': 1.0, 'Selector__estimator__class_weight': None, 'Selector__estimator__dual': 'auto', 'Selector__estimator__fit_intercept': True, 'Selector__estimator__intercept_scaling': 1, 'Selector__estimator__loss': 'squared_hinge', 'Selector__estimator__max_iter': 1000, 'Selector__estimator__multi_class': 'ovr', 'Selector__estimator__penalty': 'l2', 'Selector__estimator__random_state': 42, 'Selector__estimator__tol': 0.0001, 'Selector__estimator__verbose': 0, 'Selector__estimator': LinearSVC(random_state=42), 'Selector__importance_getter': 'auto', 'Selector__max_features': 16, 'Selector__norm_order': 1, 'Selector__prefit': False, 'Selector__threshold': None, 'Classifier__memory': None, 'Classifier__steps': [('SVC', OneVsRestClassifier(estimator=SVC(C=0.1, cache_size=500,
                                  class_weight='balanced', coef0=6, degree=8,
                                  gamma=0.01, kernel='poly', max_iter=1000000,
                                  probability=True, random_state=42)))], 'Classifier__transform_input': None, 'Classifier__verbose': False, 'Classifier__SVC': OneVsRestClassifier(estimator=SVC(C=0.1, cache_size=500,
                                  class_weight='balanced', coef0=6, degree=8,
                                  gamma=0.01, kernel='poly', max_iter=1000000,
                                  probability=True, random_state=42)), 'Classifier__SVC__estimator__C': 0.1, 'Classifier__SVC__estimator__break_ties': False, 'Classifier__SVC__estimator__cache_size': 500, 'Classifier__SVC__estimator__class_weight': 'balanced', 'Classifier__SVC__estimator__coef0': 6, 'Classifier__SVC__estimator__decision_function_shape': 'ovr', 'Classifier__SVC__estimator__degree': 8, 'Classifier__SVC__estimator__gamma': 0.01, 'Classifier__SVC__estimator__kernel': 'poly', 'Classifier__SVC__estimator__max_iter': 1000000, 'Classifier__SVC__estimator__probability': True, 'Classifier__SVC__estimator__random_state': 42, 'Classifier__SVC__estimator__shrinking': True, 'Classifier__SVC__estimator__tol': 0.001, 'Classifier__SVC__estimator__verbose': False, 'Classifier__SVC__estimator': SVC(C=0.1, cache_size=500, class_weight='balanced', coef0=6, degree=8,
    gamma=0.01, kernel='poly', max_iter=1000000, probability=True,
    random_state=42), 'Classifier__SVC__n_jobs': None, 'Classifier__SVC__verbose': 0}","['Spectral Centroid Overall Standard Deviation'
 'Spectral Variability Overall Standard Deviation'
 'Root Mean Square Overall Standard Deviation'
 'Zero Crossings Overall Standard Deviation'
 'LPC Overall Standard Deviation 1'
 'Method of Moments Overall Standard Deviation 2'
 'Spectral Centroid Overall Average' 'Spectral Flux Overall Average'
 'Root Mean Square Overall Average' 'Zero Crossings Overall Average'
 'LPC Overall Average 1' 'Method of Moments Overall Average 1'
 'Method of Moments Overall Average 2'
 'Method of Moments Overall Average 3'
 'Method of Moments Overall Average 4'
 'Method of Moments Overall Average 5']",0.4177215189873418,0.24783549783549783,0.3190511740343767
20,Instrumental + Mixed,False,"{'memory': None, 'steps': [('Imputer', SimpleImputer()), ('Scaler', StandardScaler()), ('Selector', SelectFromModel(estimator=LinearSVC(random_state=42), max_features=24)), ('Classifier', Pipeline(steps=[('SVC',
                 OneVsRestClassifier(estimator=SVC(C=0.1, cache_size=500,
                                                   class_weight='balanced',
                                                   coef0=6, degree=6,
                                                   gamma=0.01, kernel='poly',
                                                   max_iter=1000000,
                                                   probability=True,
                                                   random_state=42)))]))], 'transform_input': None, 'verbose': False, 'Imputer': SimpleImputer(), 'Scaler': StandardScaler(), 'Selector': SelectFromModel(estimator=LinearSVC(random_state=42), max_features=24), 'Classifier': Pipeline(steps=[('SVC',
                 OneVsRestClassifier(estimator=SVC(C=0.1, cache_size=500,
                                                   class_weight='balanced',
                                                   coef0=6, degree=6,
                                                   gamma=0.01, kernel='poly',
                                                   max_iter=1000000,
                                                   probability=True,
                                                   random_state=42)))]), 'Imputer__add_indicator': False, 'Imputer__copy': True, 'Imputer__fill_value': None, 'Imputer__keep_empty_features': False, 'Imputer__missing_values': nan, 'Imputer__strategy': 'mean', 'Scaler__copy': True, 'Scaler__with_mean': True, 'Scaler__with_std': True, 'Selector__estimator__C': 1.0, 'Selector__estimator__class_weight': None, 'Selector__estimator__dual': 'auto', 'Selector__estimator__fit_intercept': True, 'Selector__estimator__intercept_scaling': 1, 'Selector__estimator__loss': 'squared_hinge', 'Selector__estimator__max_iter': 1000, 'Selector__estimator__multi_class': 'ovr', 'Selector__estimator__penalty': 'l2', 'Selector__estimator__random_state': 42, 'Selector__estimator__tol': 0.0001, 'Selector__estimator__verbose': 0, 'Selector__estimator': LinearSVC(random_state=42), 'Selector__importance_getter': 'auto', 'Selector__max_features': 24, 'Selector__norm_order': 1, 'Selector__prefit': False, 'Selector__threshold': None, 'Classifier__memory': None, 'Classifier__steps': [('SVC', OneVsRestClassifier(estimator=SVC(C=0.1, cache_size=500,
                                  class_weight='balanced', coef0=6, degree=6,
                                  gamma=0.01, kernel='poly', max_iter=1000000,
                                  probability=True, random_state=42)))], 'Classifier__transform_input': None, 'Classifier__verbose': False, 'Classifier__SVC': OneVsRestClassifier(estimator=SVC(C=0.1, cache_size=500,
                                  class_weight='balanced', coef0=6, degree=6,
                                  gamma=0.01, kernel='poly', max_iter=1000000,
                                  probability=True, random_state=42)), 'Classifier__SVC__estimator__C': 0.1, 'Classifier__SVC__estimator__break_ties': False, 'Classifier__SVC__estimator__cache_size': 500, 'Classifier__SVC__estimator__class_weight': 'balanced', 'Classifier__SVC__estimator__coef0': 6, 'Classifier__SVC__estimator__decision_function_shape': 'ovr', 'Classifier__SVC__estimator__degree': 6, 'Classifier__SVC__estimator__gamma': 0.01, 'Classifier__SVC__estimator__kernel': 'poly', 'Classifier__SVC__estimator__max_iter': 1000000, 'Classifier__SVC__estimator__probability': True, 'Classifier__SVC__estimator__random_state': 42, 'Classifier__SVC__estimator__shrinking': True, 'Classifier__SVC__estimator__tol': 0.001, 'Classifier__SVC__estimator__verbose': False, 'Classifier__SVC__estimator': SVC(C=0.1, cache_size=500, class_weight='balanced', coef0=6, degree=6,
    gamma=0.01, kernel='poly', max_iter=1000000, probability=True,
    random_state=42), 'Classifier__SVC__n_jobs': None, 'Classifier__SVC__verbose': 0}","['Spectral Centroid Overall Standard Deviation'
 'Spectral Flux Overall Standard Deviation'
 'Spectral Variability Overall Standard Deviation'
 'Root Mean Square Overall Standard Deviation'
 'Zero Crossings Overall Standard Deviation'
 'Method of Moments Overall Standard Deviation 2'
 'Method of Moments Overall Standard Deviation 3'
 'Method of Moments Overall Standard Deviation 4'
 'Method of Moments Overall Standard Deviation 5'
 'Spectral Centroid Overall Average'
 'Spectral Rolloff Point Overall Average' 'Spectral Flux Overall Average'
 'Spectral Variability Overall Average' 'Root Mean Square Overall Average'
 'Zero Crossings Overall Average' 'LPC Overall Average 1'
 'LPC Overall Average 2' 'Method of Moments Overall Average 1'
 'Method of Moments Overall Average 2'
 'Method of Moments Overall Average 3'
 'Method of Moments Overall Average 4'
 'Method of Moments Overall Average 5' 'Chroma feature 2'
 'Chroma feature 3']","{'memory': None, 'steps': [('Imputer', SimpleImputer()), ('Scaler', MinMaxScaler()), ('Selector', SelectFromModel(estimator=LinearSVC(random_state=42), max_features=32)), ('Classifier', Pipeline(steps=[('SVC',
                 OneVsRestClassifier(estimator=SVC(C=10, cache_size=500,
                                                   class_weight='balanced',
                                                   coef0=8, degree=6,
                                                   gamma=0.01, kernel='poly',
                                                   max_iter=1000000,
                                                   probability=True,
                                                   random_state=42)))]))], 'transform_input': None, 'verbose': False, 'Imputer': SimpleImputer(), 'Scaler': MinMaxScaler(), 'Selector': SelectFromModel(estimator=LinearSVC(random_state=42), max_features=32), 'Classifier': Pipeline(steps=[('SVC',
                 OneVsRestClassifier(estimator=SVC(C=10, cache_size=500,
                                                   class_weight='balanced',
                                                   coef0=8, degree=6,
                                                   gamma=0.01, kernel='poly',
                                                   max_iter=1000000,
                                                   probability=True,
                                                   random_state=42)))]), 'Imputer__add_indicator': False, 'Imputer__copy': True, 'Imputer__fill_value': None, 'Imputer__keep_empty_features': False, 'Imputer__missing_values': nan, 'Imputer__strategy': 'mean', 'Scaler__clip': False, 'Scaler__copy': True, 'Scaler__feature_range': (0, 1), 'Selector__estimator__C': 1.0, 'Selector__estimator__class_weight': None, 'Selector__estimator__dual': 'auto', 'Selector__estimator__fit_intercept': True, 'Selector__estimator__intercept_scaling': 1, 'Selector__estimator__loss': 'squared_hinge', 'Selector__estimator__max_iter': 1000, 'Selector__estimator__multi_class': 'ovr', 'Selector__estimator__penalty': 'l2', 'Selector__estimator__random_state': 42, 'Selector__estimator__tol': 0.0001, 'Selector__estimator__verbose': 0, 'Selector__estimator': LinearSVC(random_state=42), 'Selector__importance_getter': 'auto', 'Selector__max_features': 32, 'Selector__norm_order': 1, 'Selector__prefit': False, 'Selector__threshold': None, 'Classifier__memory': None, 'Classifier__steps': [('SVC', OneVsRestClassifier(estimator=SVC(C=10, cache_size=500, class_weight='balanced',
                                  coef0=8, degree=6, gamma=0.01, kernel='poly',
                                  max_iter=1000000, probability=True,
                                  random_state=42)))], 'Classifier__transform_input': None, 'Classifier__verbose': False, 'Classifier__SVC': OneVsRestClassifier(estimator=SVC(C=10, cache_size=500, class_weight='balanced',
                                  coef0=8, degree=6, gamma=0.01, kernel='poly',
                                  max_iter=1000000, probability=True,
                                  random_state=42)), 'Classifier__SVC__estimator__C': 10, 'Classifier__SVC__estimator__break_ties': False, 'Classifier__SVC__estimator__cache_size': 500, 'Classifier__SVC__estimator__class_weight': 'balanced', 'Classifier__SVC__estimator__coef0': 8, 'Classifier__SVC__estimator__decision_function_shape': 'ovr', 'Classifier__SVC__estimator__degree': 6, 'Classifier__SVC__estimator__gamma': 0.01, 'Classifier__SVC__estimator__kernel': 'poly', 'Classifier__SVC__estimator__max_iter': 1000000, 'Classifier__SVC__estimator__probability': True, 'Classifier__SVC__estimator__random_state': 42, 'Classifier__SVC__estimator__shrinking': True, 'Classifier__SVC__estimator__tol': 0.001, 'Classifier__SVC__estimator__verbose': False, 'Classifier__SVC__estimator': SVC(C=10, cache_size=500, class_weight='balanced', coef0=8, degree=6,
    gamma=0.01, kernel='poly', max_iter=1000000, probability=True,
    random_state=42), 'Classifier__SVC__n_jobs': None, 'Classifier__SVC__verbose': 0}","['Spectral Rolloff Point Overall Standard Deviation'
 'Spectral Flux Overall Standard Deviation'
 'Compactness Overall Standard Deviation'
 'Spectral Variability Overall Standard Deviation'
 'Root Mean Square Overall Standard Deviation'
 'Zero Crossings Overall Standard Deviation'
 'MFCC Overall Standard Deviation 1' 'MFCC Overall Standard Deviation 8'
 'LPC Overall Standard Deviation 1'
 'Method of Moments Overall Standard Deviation 1'
 'Method of Moments Overall Standard Deviation 2'
 'Method of Moments Overall Standard Deviation 4'
 'Method of Moments Overall Standard Deviation 5'
 'Spectral Flux Overall Average' 'Compactness Overall Average'
 'Spectral Variability Overall Average' 'Root Mean Square Overall Average'
 'MFCC Overall Average 1' 'MFCC Overall Average 3'
 'MFCC Overall Average 4' 'MFCC Overall Average 5'
 'MFCC Overall Average 6' 'MFCC Overall Average 11'
 'LPC Overall Average 3' 'LPC Overall Average 6'
 'Method of Moments Overall Average 1'
 'Method of Moments Overall Average 2'
 'Method of Moments Overall Average 3'
 'Method of Moments Overall Average 4' 'Chroma feature 0'
 'Chroma feature 6' 'Chroma feature 11']",0.43037974683544306,0.27186147186147186,0.32557189542483655
21,Instrumental + Mixed,False,"{'memory': None, 'steps': [('Imputer', SimpleImputer()), ('Scaler', StandardScaler()), ('Selector', SelectFromModel(estimator=LinearSVC(random_state=42), max_features=28)), ('Classifier', Pipeline(steps=[('SVC',
                 OneVsRestClassifier(estimator=SVC(C=0.1, cache_size=500,
                                                   class_weight='balanced',
                                                   coef0=4, degree=6,
                                                   gamma=0.01, kernel='poly',
                                                   max_iter=1000000,
                                                   probability=True,
                                                   random_state=42)))]))], 'transform_input': None, 'verbose': False, 'Imputer': SimpleImputer(), 'Scaler': StandardScaler(), 'Selector': SelectFromModel(estimator=LinearSVC(random_state=42), max_features=28), 'Classifier': Pipeline(steps=[('SVC',
                 OneVsRestClassifier(estimator=SVC(C=0.1, cache_size=500,
                                                   class_weight='balanced',
                                                   coef0=4, degree=6,
                                                   gamma=0.01, kernel='poly',
                                                   max_iter=1000000,
                                                   probability=True,
                                                   random_state=42)))]), 'Imputer__add_indicator': False, 'Imputer__copy': True, 'Imputer__fill_value': None, 'Imputer__keep_empty_features': False, 'Imputer__missing_values': nan, 'Imputer__strategy': 'mean', 'Scaler__copy': True, 'Scaler__with_mean': True, 'Scaler__with_std': True, 'Selector__estimator__C': 1.0, 'Selector__estimator__class_weight': None, 'Selector__estimator__dual': 'auto', 'Selector__estimator__fit_intercept': True, 'Selector__estimator__intercept_scaling': 1, 'Selector__estimator__loss': 'squared_hinge', 'Selector__estimator__max_iter': 1000, 'Selector__estimator__multi_class': 'ovr', 'Selector__estimator__penalty': 'l2', 'Selector__estimator__random_state': 42, 'Selector__estimator__tol': 0.0001, 'Selector__estimator__verbose': 0, 'Selector__estimator': LinearSVC(random_state=42), 'Selector__importance_getter': 'auto', 'Selector__max_features': 28, 'Selector__norm_order': 1, 'Selector__prefit': False, 'Selector__threshold': None, 'Classifier__memory': None, 'Classifier__steps': [('SVC', OneVsRestClassifier(estimator=SVC(C=0.1, cache_size=500,
                                  class_weight='balanced', coef0=4, degree=6,
                                  gamma=0.01, kernel='poly', max_iter=1000000,
                                  probability=True, random_state=42)))], 'Classifier__transform_input': None, 'Classifier__verbose': False, 'Classifier__SVC': OneVsRestClassifier(estimator=SVC(C=0.1, cache_size=500,
                                  class_weight='balanced', coef0=4, degree=6,
                                  gamma=0.01, kernel='poly', max_iter=1000000,
                                  probability=True, random_state=42)), 'Classifier__SVC__estimator__C': 0.1, 'Classifier__SVC__estimator__break_ties': False, 'Classifier__SVC__estimator__cache_size': 500, 'Classifier__SVC__estimator__class_weight': 'balanced', 'Classifier__SVC__estimator__coef0': 4, 'Classifier__SVC__estimator__decision_function_shape': 'ovr', 'Classifier__SVC__estimator__degree': 6, 'Classifier__SVC__estimator__gamma': 0.01, 'Classifier__SVC__estimator__kernel': 'poly', 'Classifier__SVC__estimator__max_iter': 1000000, 'Classifier__SVC__estimator__probability': True, 'Classifier__SVC__estimator__random_state': 42, 'Classifier__SVC__estimator__shrinking': True, 'Classifier__SVC__estimator__tol': 0.001, 'Classifier__SVC__estimator__verbose': False, 'Classifier__SVC__estimator': SVC(C=0.1, cache_size=500, class_weight='balanced', coef0=4, degree=6,
    gamma=0.01, kernel='poly', max_iter=1000000, probability=True,
    random_state=42), 'Classifier__SVC__n_jobs': None, 'Classifier__SVC__verbose': 0}","['Spectral Centroid Overall Standard Deviation'
 'Spectral Flux Overall Standard Deviation'
 'Spectral Variability Overall Standard Deviation'
 'Root Mean Square Overall Standard Deviation'
 'Zero Crossings Overall Standard Deviation'
 'Method of Moments Overall Standard Deviation 2'
 'Method of Moments Overall Standard Deviation 3'
 'Method of Moments Overall Standard Deviation 4'
 'Method of Moments Overall Standard Deviation 5'
 'Spectral Centroid Overall Average'
 'Spectral Rolloff Point Overall Average' 'Spectral Flux Overall Average'
 'Spectral Variability Overall Average' 'Root Mean Square Overall Average'
 'Zero Crossings Overall Average' 'MFCC Overall Average 1'
 'MFCC Overall Average 2' 'LPC Overall Average 1' 'LPC Overall Average 2'
 'Method of Moments Overall Average 1'
 'Method of Moments Overall Average 2'
 'Method of Moments Overall Average 3'
 'Method of Moments Overall Average 4'
 'Method of Moments Overall Average 5' 'Chroma feature 2'
 'Chroma feature 3' 'Chroma feature 8' 'Chroma feature 9']","{'memory': None, 'steps': [('Imputer', SimpleImputer()), ('Scaler', StandardScaler()), ('Selector', SelectFromModel(estimator=LinearSVC(random_state=42), max_features=12)), ('Classifier', Pipeline(steps=[('SVC',
                 OneVsRestClassifier(estimator=SVC(C=0.1, cache_size=500,
                                                   class_weight='balanced',
                                                   coef0=6, degree=8,
                                                   gamma=0.01, kernel='poly',
                                                   max_iter=1000000,
                                                   probability=True,
                                                   random_state=42)))]))], 'transform_input': None, 'verbose': False, 'Imputer': SimpleImputer(), 'Scaler': StandardScaler(), 'Selector': SelectFromModel(estimator=LinearSVC(random_state=42), max_features=12), 'Classifier': Pipeline(steps=[('SVC',
                 OneVsRestClassifier(estimator=SVC(C=0.1, cache_size=500,
                                                   class_weight='balanced',
                                                   coef0=6, degree=8,
                                                   gamma=0.01, kernel='poly',
                                                   max_iter=1000000,
                                                   probability=True,
                                                   random_state=42)))]), 'Imputer__add_indicator': False, 'Imputer__copy': True, 'Imputer__fill_value': None, 'Imputer__keep_empty_features': False, 'Imputer__missing_values': nan, 'Imputer__strategy': 'mean', 'Scaler__copy': True, 'Scaler__with_mean': True, 'Scaler__with_std': True, 'Selector__estimator__C': 1.0, 'Selector__estimator__class_weight': None, 'Selector__estimator__dual': 'auto', 'Selector__estimator__fit_intercept': True, 'Selector__estimator__intercept_scaling': 1, 'Selector__estimator__loss': 'squared_hinge', 'Selector__estimator__max_iter': 1000, 'Selector__estimator__multi_class': 'ovr', 'Selector__estimator__penalty': 'l2', 'Selector__estimator__random_state': 42, 'Selector__estimator__tol': 0.0001, 'Selector__estimator__verbose': 0, 'Selector__estimator': LinearSVC(random_state=42), 'Selector__importance_getter': 'auto', 'Selector__max_features': 12, 'Selector__norm_order': 1, 'Selector__prefit': False, 'Selector__threshold': None, 'Classifier__memory': None, 'Classifier__steps': [('SVC', OneVsRestClassifier(estimator=SVC(C=0.1, cache_size=500,
                                  class_weight='balanced', coef0=6, degree=8,
                                  gamma=0.01, kernel='poly', max_iter=1000000,
                                  probability=True, random_state=42)))], 'Classifier__transform_input': None, 'Classifier__verbose': False, 'Classifier__SVC': OneVsRestClassifier(estimator=SVC(C=0.1, cache_size=500,
                                  class_weight='balanced', coef0=6, degree=8,
                                  gamma=0.01, kernel='poly', max_iter=1000000,
                                  probability=True, random_state=42)), 'Classifier__SVC__estimator__C': 0.1, 'Classifier__SVC__estimator__break_ties': False, 'Classifier__SVC__estimator__cache_size': 500, 'Classifier__SVC__estimator__class_weight': 'balanced', 'Classifier__SVC__estimator__coef0': 6, 'Classifier__SVC__estimator__decision_function_shape': 'ovr', 'Classifier__SVC__estimator__degree': 8, 'Classifier__SVC__estimator__gamma': 0.01, 'Classifier__SVC__estimator__kernel': 'poly', 'Classifier__SVC__estimator__max_iter': 1000000, 'Classifier__SVC__estimator__probability': True, 'Classifier__SVC__estimator__random_state': 42, 'Classifier__SVC__estimator__shrinking': True, 'Classifier__SVC__estimator__tol': 0.001, 'Classifier__SVC__estimator__verbose': False, 'Classifier__SVC__estimator': SVC(C=0.1, cache_size=500, class_weight='balanced', coef0=6, degree=8,
    gamma=0.01, kernel='poly', max_iter=1000000, probability=True,
    random_state=42), 'Classifier__SVC__n_jobs': None, 'Classifier__SVC__verbose': 0}","['Spectral Centroid Overall Standard Deviation'
 'Spectral Variability Overall Standard Deviation'
 'Root Mean Square Overall Standard Deviation'
 'Spectral Centroid Overall Average' 'Spectral Flux Overall Average'
 'Root Mean Square Overall Average' 'Zero Crossings Overall Average'
 'Method of Moments Overall Average 1'
 'Method of Moments Overall Average 2'
 'Method of Moments Overall Average 3'
 'Method of Moments Overall Average 4'
 'Method of Moments Overall Average 5']",0.4050632911392405,0.24437229437229438,0.35518341307814993
22,Instrumental + Mixed,False,"{'memory': None, 'steps': [('Imputer', SimpleImputer()), ('Scaler', StandardScaler()), ('Selector', SelectFromModel(estimator=LinearSVC(random_state=42), max_features=28)), ('Classifier', Pipeline(steps=[('SVC',
                 OneVsRestClassifier(estimator=SVC(C=0.1, cache_size=500,
                                                   class_weight='balanced',
                                                   coef0=4, degree=6,
                                                   gamma=0.01, kernel='poly',
                                                   max_iter=1000000,
                                                   probability=True,
                                                   random_state=42)))]))], 'transform_input': None, 'verbose': False, 'Imputer': SimpleImputer(), 'Scaler': StandardScaler(), 'Selector': SelectFromModel(estimator=LinearSVC(random_state=42), max_features=28), 'Classifier': Pipeline(steps=[('SVC',
                 OneVsRestClassifier(estimator=SVC(C=0.1, cache_size=500,
                                                   class_weight='balanced',
                                                   coef0=4, degree=6,
                                                   gamma=0.01, kernel='poly',
                                                   max_iter=1000000,
                                                   probability=True,
                                                   random_state=42)))]), 'Imputer__add_indicator': False, 'Imputer__copy': True, 'Imputer__fill_value': None, 'Imputer__keep_empty_features': False, 'Imputer__missing_values': nan, 'Imputer__strategy': 'mean', 'Scaler__copy': True, 'Scaler__with_mean': True, 'Scaler__with_std': True, 'Selector__estimator__C': 1.0, 'Selector__estimator__class_weight': None, 'Selector__estimator__dual': 'auto', 'Selector__estimator__fit_intercept': True, 'Selector__estimator__intercept_scaling': 1, 'Selector__estimator__loss': 'squared_hinge', 'Selector__estimator__max_iter': 1000, 'Selector__estimator__multi_class': 'ovr', 'Selector__estimator__penalty': 'l2', 'Selector__estimator__random_state': 42, 'Selector__estimator__tol': 0.0001, 'Selector__estimator__verbose': 0, 'Selector__estimator': LinearSVC(random_state=42), 'Selector__importance_getter': 'auto', 'Selector__max_features': 28, 'Selector__norm_order': 1, 'Selector__prefit': False, 'Selector__threshold': None, 'Classifier__memory': None, 'Classifier__steps': [('SVC', OneVsRestClassifier(estimator=SVC(C=0.1, cache_size=500,
                                  class_weight='balanced', coef0=4, degree=6,
                                  gamma=0.01, kernel='poly', max_iter=1000000,
                                  probability=True, random_state=42)))], 'Classifier__transform_input': None, 'Classifier__verbose': False, 'Classifier__SVC': OneVsRestClassifier(estimator=SVC(C=0.1, cache_size=500,
                                  class_weight='balanced', coef0=4, degree=6,
                                  gamma=0.01, kernel='poly', max_iter=1000000,
                                  probability=True, random_state=42)), 'Classifier__SVC__estimator__C': 0.1, 'Classifier__SVC__estimator__break_ties': False, 'Classifier__SVC__estimator__cache_size': 500, 'Classifier__SVC__estimator__class_weight': 'balanced', 'Classifier__SVC__estimator__coef0': 4, 'Classifier__SVC__estimator__decision_function_shape': 'ovr', 'Classifier__SVC__estimator__degree': 6, 'Classifier__SVC__estimator__gamma': 0.01, 'Classifier__SVC__estimator__kernel': 'poly', 'Classifier__SVC__estimator__max_iter': 1000000, 'Classifier__SVC__estimator__probability': True, 'Classifier__SVC__estimator__random_state': 42, 'Classifier__SVC__estimator__shrinking': True, 'Classifier__SVC__estimator__tol': 0.001, 'Classifier__SVC__estimator__verbose': False, 'Classifier__SVC__estimator': SVC(C=0.1, cache_size=500, class_weight='balanced', coef0=4, degree=6,
    gamma=0.01, kernel='poly', max_iter=1000000, probability=True,
    random_state=42), 'Classifier__SVC__n_jobs': None, 'Classifier__SVC__verbose': 0}","['Spectral Centroid Overall Standard Deviation'
 'Spectral Flux Overall Standard Deviation'
 'Spectral Variability Overall Standard Deviation'
 'Root Mean Square Overall Standard Deviation'
 'Zero Crossings Overall Standard Deviation'
 'Method of Moments Overall Standard Deviation 2'
 'Method of Moments Overall Standard Deviation 3'
 'Method of Moments Overall Standard Deviation 4'
 'Method of Moments Overall Standard Deviation 5'
 'Spectral Centroid Overall Average'
 'Spectral Rolloff Point Overall Average' 'Spectral Flux Overall Average'
 'Spectral Variability Overall Average' 'Root Mean Square Overall Average'
 'Zero Crossings Overall Average' 'MFCC Overall Average 1'
 'MFCC Overall Average 2' 'LPC Overall Average 1' 'LPC Overall Average 2'
 'Method of Moments Overall Average 1'
 'Method of Moments Overall Average 2'
 'Method of Moments Overall Average 3'
 'Method of Moments Overall Average 4'
 'Method of Moments Overall Average 5' 'Chroma feature 2'
 'Chroma feature 3' 'Chroma feature 8' 'Chroma feature 9']","{'memory': None, 'steps': [('Imputer', SimpleImputer()), ('Scaler', StandardScaler()), ('Selector', SelectFromModel(estimator=LinearSVC(random_state=42), max_features=16)), ('Classifier', Pipeline(steps=[('SVC',
                 OneVsRestClassifier(estimator=SVC(C=0.1, cache_size=500,
                                                   class_weight='balanced',
                                                   coef0=6, degree=8,
                                                   gamma=0.01, kernel='poly',
                                                   max_iter=1000000,
                                                   probability=True,
                                                   random_state=42)))]))], 'transform_input': None, 'verbose': False, 'Imputer': SimpleImputer(), 'Scaler': StandardScaler(), 'Selector': SelectFromModel(estimator=LinearSVC(random_state=42), max_features=16), 'Classifier': Pipeline(steps=[('SVC',
                 OneVsRestClassifier(estimator=SVC(C=0.1, cache_size=500,
                                                   class_weight='balanced',
                                                   coef0=6, degree=8,
                                                   gamma=0.01, kernel='poly',
                                                   max_iter=1000000,
                                                   probability=True,
                                                   random_state=42)))]), 'Imputer__add_indicator': False, 'Imputer__copy': True, 'Imputer__fill_value': None, 'Imputer__keep_empty_features': False, 'Imputer__missing_values': nan, 'Imputer__strategy': 'mean', 'Scaler__copy': True, 'Scaler__with_mean': True, 'Scaler__with_std': True, 'Selector__estimator__C': 1.0, 'Selector__estimator__class_weight': None, 'Selector__estimator__dual': 'auto', 'Selector__estimator__fit_intercept': True, 'Selector__estimator__intercept_scaling': 1, 'Selector__estimator__loss': 'squared_hinge', 'Selector__estimator__max_iter': 1000, 'Selector__estimator__multi_class': 'ovr', 'Selector__estimator__penalty': 'l2', 'Selector__estimator__random_state': 42, 'Selector__estimator__tol': 0.0001, 'Selector__estimator__verbose': 0, 'Selector__estimator': LinearSVC(random_state=42), 'Selector__importance_getter': 'auto', 'Selector__max_features': 16, 'Selector__norm_order': 1, 'Selector__prefit': False, 'Selector__threshold': None, 'Classifier__memory': None, 'Classifier__steps': [('SVC', OneVsRestClassifier(estimator=SVC(C=0.1, cache_size=500,
                                  class_weight='balanced', coef0=6, degree=8,
                                  gamma=0.01, kernel='poly', max_iter=1000000,
                                  probability=True, random_state=42)))], 'Classifier__transform_input': None, 'Classifier__verbose': False, 'Classifier__SVC': OneVsRestClassifier(estimator=SVC(C=0.1, cache_size=500,
                                  class_weight='balanced', coef0=6, degree=8,
                                  gamma=0.01, kernel='poly', max_iter=1000000,
                                  probability=True, random_state=42)), 'Classifier__SVC__estimator__C': 0.1, 'Classifier__SVC__estimator__break_ties': False, 'Classifier__SVC__estimator__cache_size': 500, 'Classifier__SVC__estimator__class_weight': 'balanced', 'Classifier__SVC__estimator__coef0': 6, 'Classifier__SVC__estimator__decision_function_shape': 'ovr', 'Classifier__SVC__estimator__degree': 8, 'Classifier__SVC__estimator__gamma': 0.01, 'Classifier__SVC__estimator__kernel': 'poly', 'Classifier__SVC__estimator__max_iter': 1000000, 'Classifier__SVC__estimator__probability': True, 'Classifier__SVC__estimator__random_state': 42, 'Classifier__SVC__estimator__shrinking': True, 'Classifier__SVC__estimator__tol': 0.001, 'Classifier__SVC__estimator__verbose': False, 'Classifier__SVC__estimator': SVC(C=0.1, cache_size=500, class_weight='balanced', coef0=6, degree=8,
    gamma=0.01, kernel='poly', max_iter=1000000, probability=True,
    random_state=42), 'Classifier__SVC__n_jobs': None, 'Classifier__SVC__verbose': 0}","['Spectral Centroid Overall Standard Deviation'
 'Spectral Variability Overall Standard Deviation'
 'Root Mean Square Overall Standard Deviation'
 'Zero Crossings Overall Standard Deviation'
 'LPC Overall Standard Deviation 1'
 'Method of Moments Overall Standard Deviation 2'
 'Spectral Centroid Overall Average' 'Spectral Flux Overall Average'
 'Root Mean Square Overall Average' 'Zero Crossings Overall Average'
 'LPC Overall Average 1' 'Method of Moments Overall Average 1'
 'Method of Moments Overall Average 2'
 'Method of Moments Overall Average 3'
 'Method of Moments Overall Average 4'
 'Method of Moments Overall Average 5']",0.4430379746835443,0.26385281385281384,0.31686159844054584
23,Instrumental + Mixed,False,"{'memory': None, 'steps': [('Imputer', SimpleImputer()), ('Scaler', StandardScaler()), ('Selector', SelectFromModel(estimator=LinearSVC(random_state=42), max_features=28)), ('Classifier', Pipeline(steps=[('SVC',
                 OneVsRestClassifier(estimator=SVC(C=0.1, cache_size=500,
                                                   class_weight='balanced',
                                                   coef0=4, degree=6,
                                                   gamma=0.01, kernel='poly',
                                                   max_iter=1000000,
                                                   probability=True,
                                                   random_state=42)))]))], 'transform_input': None, 'verbose': False, 'Imputer': SimpleImputer(), 'Scaler': StandardScaler(), 'Selector': SelectFromModel(estimator=LinearSVC(random_state=42), max_features=28), 'Classifier': Pipeline(steps=[('SVC',
                 OneVsRestClassifier(estimator=SVC(C=0.1, cache_size=500,
                                                   class_weight='balanced',
                                                   coef0=4, degree=6,
                                                   gamma=0.01, kernel='poly',
                                                   max_iter=1000000,
                                                   probability=True,
                                                   random_state=42)))]), 'Imputer__add_indicator': False, 'Imputer__copy': True, 'Imputer__fill_value': None, 'Imputer__keep_empty_features': False, 'Imputer__missing_values': nan, 'Imputer__strategy': 'mean', 'Scaler__copy': True, 'Scaler__with_mean': True, 'Scaler__with_std': True, 'Selector__estimator__C': 1.0, 'Selector__estimator__class_weight': None, 'Selector__estimator__dual': 'auto', 'Selector__estimator__fit_intercept': True, 'Selector__estimator__intercept_scaling': 1, 'Selector__estimator__loss': 'squared_hinge', 'Selector__estimator__max_iter': 1000, 'Selector__estimator__multi_class': 'ovr', 'Selector__estimator__penalty': 'l2', 'Selector__estimator__random_state': 42, 'Selector__estimator__tol': 0.0001, 'Selector__estimator__verbose': 0, 'Selector__estimator': LinearSVC(random_state=42), 'Selector__importance_getter': 'auto', 'Selector__max_features': 28, 'Selector__norm_order': 1, 'Selector__prefit': False, 'Selector__threshold': None, 'Classifier__memory': None, 'Classifier__steps': [('SVC', OneVsRestClassifier(estimator=SVC(C=0.1, cache_size=500,
                                  class_weight='balanced', coef0=4, degree=6,
                                  gamma=0.01, kernel='poly', max_iter=1000000,
                                  probability=True, random_state=42)))], 'Classifier__transform_input': None, 'Classifier__verbose': False, 'Classifier__SVC': OneVsRestClassifier(estimator=SVC(C=0.1, cache_size=500,
                                  class_weight='balanced', coef0=4, degree=6,
                                  gamma=0.01, kernel='poly', max_iter=1000000,
                                  probability=True, random_state=42)), 'Classifier__SVC__estimator__C': 0.1, 'Classifier__SVC__estimator__break_ties': False, 'Classifier__SVC__estimator__cache_size': 500, 'Classifier__SVC__estimator__class_weight': 'balanced', 'Classifier__SVC__estimator__coef0': 4, 'Classifier__SVC__estimator__decision_function_shape': 'ovr', 'Classifier__SVC__estimator__degree': 6, 'Classifier__SVC__estimator__gamma': 0.01, 'Classifier__SVC__estimator__kernel': 'poly', 'Classifier__SVC__estimator__max_iter': 1000000, 'Classifier__SVC__estimator__probability': True, 'Classifier__SVC__estimator__random_state': 42, 'Classifier__SVC__estimator__shrinking': True, 'Classifier__SVC__estimator__tol': 0.001, 'Classifier__SVC__estimator__verbose': False, 'Classifier__SVC__estimator': SVC(C=0.1, cache_size=500, class_weight='balanced', coef0=4, degree=6,
    gamma=0.01, kernel='poly', max_iter=1000000, probability=True,
    random_state=42), 'Classifier__SVC__n_jobs': None, 'Classifier__SVC__verbose': 0}","['Spectral Centroid Overall Standard Deviation'
 'Spectral Flux Overall Standard Deviation'
 'Spectral Variability Overall Standard Deviation'
 'Root Mean Square Overall Standard Deviation'
 'Zero Crossings Overall Standard Deviation'
 'Method of Moments Overall Standard Deviation 2'
 'Method of Moments Overall Standard Deviation 3'
 'Method of Moments Overall Standard Deviation 4'
 'Method of Moments Overall Standard Deviation 5'
 'Spectral Centroid Overall Average'
 'Spectral Rolloff Point Overall Average' 'Spectral Flux Overall Average'
 'Spectral Variability Overall Average' 'Root Mean Square Overall Average'
 'Zero Crossings Overall Average' 'MFCC Overall Average 1'
 'MFCC Overall Average 2' 'LPC Overall Average 1' 'LPC Overall Average 2'
 'Method of Moments Overall Average 1'
 'Method of Moments Overall Average 2'
 'Method of Moments Overall Average 3'
 'Method of Moments Overall Average 4'
 'Method of Moments Overall Average 5' 'Chroma feature 2'
 'Chroma feature 3' 'Chroma feature 8' 'Chroma feature 9']","{'memory': None, 'steps': [('Imputer', SimpleImputer()), ('Scaler', MinMaxScaler()), ('Selector', SelectFromModel(estimator=LinearSVC(random_state=42), max_features=32)), ('Classifier', Pipeline(steps=[('SVC',
                 OneVsRestClassifier(estimator=SVC(C=10, cache_size=500,
                                                   class_weight='balanced',
                                                   coef0=8, degree=6,
                                                   gamma=0.01, kernel='poly',
                                                   max_iter=1000000,
                                                   probability=True,
                                                   random_state=42)))]))], 'transform_input': None, 'verbose': False, 'Imputer': SimpleImputer(), 'Scaler': MinMaxScaler(), 'Selector': SelectFromModel(estimator=LinearSVC(random_state=42), max_features=32), 'Classifier': Pipeline(steps=[('SVC',
                 OneVsRestClassifier(estimator=SVC(C=10, cache_size=500,
                                                   class_weight='balanced',
                                                   coef0=8, degree=6,
                                                   gamma=0.01, kernel='poly',
                                                   max_iter=1000000,
                                                   probability=True,
                                                   random_state=42)))]), 'Imputer__add_indicator': False, 'Imputer__copy': True, 'Imputer__fill_value': None, 'Imputer__keep_empty_features': False, 'Imputer__missing_values': nan, 'Imputer__strategy': 'mean', 'Scaler__clip': False, 'Scaler__copy': True, 'Scaler__feature_range': (0, 1), 'Selector__estimator__C': 1.0, 'Selector__estimator__class_weight': None, 'Selector__estimator__dual': 'auto', 'Selector__estimator__fit_intercept': True, 'Selector__estimator__intercept_scaling': 1, 'Selector__estimator__loss': 'squared_hinge', 'Selector__estimator__max_iter': 1000, 'Selector__estimator__multi_class': 'ovr', 'Selector__estimator__penalty': 'l2', 'Selector__estimator__random_state': 42, 'Selector__estimator__tol': 0.0001, 'Selector__estimator__verbose': 0, 'Selector__estimator': LinearSVC(random_state=42), 'Selector__importance_getter': 'auto', 'Selector__max_features': 32, 'Selector__norm_order': 1, 'Selector__prefit': False, 'Selector__threshold': None, 'Classifier__memory': None, 'Classifier__steps': [('SVC', OneVsRestClassifier(estimator=SVC(C=10, cache_size=500, class_weight='balanced',
                                  coef0=8, degree=6, gamma=0.01, kernel='poly',
                                  max_iter=1000000, probability=True,
                                  random_state=42)))], 'Classifier__transform_input': None, 'Classifier__verbose': False, 'Classifier__SVC': OneVsRestClassifier(estimator=SVC(C=10, cache_size=500, class_weight='balanced',
                                  coef0=8, degree=6, gamma=0.01, kernel='poly',
                                  max_iter=1000000, probability=True,
                                  random_state=42)), 'Classifier__SVC__estimator__C': 10, 'Classifier__SVC__estimator__break_ties': False, 'Classifier__SVC__estimator__cache_size': 500, 'Classifier__SVC__estimator__class_weight': 'balanced', 'Classifier__SVC__estimator__coef0': 8, 'Classifier__SVC__estimator__decision_function_shape': 'ovr', 'Classifier__SVC__estimator__degree': 6, 'Classifier__SVC__estimator__gamma': 0.01, 'Classifier__SVC__estimator__kernel': 'poly', 'Classifier__SVC__estimator__max_iter': 1000000, 'Classifier__SVC__estimator__probability': True, 'Classifier__SVC__estimator__random_state': 42, 'Classifier__SVC__estimator__shrinking': True, 'Classifier__SVC__estimator__tol': 0.001, 'Classifier__SVC__estimator__verbose': False, 'Classifier__SVC__estimator': SVC(C=10, cache_size=500, class_weight='balanced', coef0=8, degree=6,
    gamma=0.01, kernel='poly', max_iter=1000000, probability=True,
    random_state=42), 'Classifier__SVC__n_jobs': None, 'Classifier__SVC__verbose': 0}","['Spectral Rolloff Point Overall Standard Deviation'
 'Spectral Flux Overall Standard Deviation'
 'Compactness Overall Standard Deviation'
 'Spectral Variability Overall Standard Deviation'
 'Root Mean Square Overall Standard Deviation'
 'Zero Crossings Overall Standard Deviation'
 'MFCC Overall Standard Deviation 1' 'MFCC Overall Standard Deviation 8'
 'LPC Overall Standard Deviation 1'
 'Method of Moments Overall Standard Deviation 1'
 'Method of Moments Overall Standard Deviation 2'
 'Method of Moments Overall Standard Deviation 4'
 'Method of Moments Overall Standard Deviation 5'
 'Spectral Flux Overall Average' 'Compactness Overall Average'
 'Spectral Variability Overall Average' 'Root Mean Square Overall Average'
 'MFCC Overall Average 1' 'MFCC Overall Average 3'
 'MFCC Overall Average 4' 'MFCC Overall Average 5'
 'MFCC Overall Average 6' 'MFCC Overall Average 11'
 'LPC Overall Average 3' 'LPC Overall Average 6'
 'Method of Moments Overall Average 1'
 'Method of Moments Overall Average 2'
 'Method of Moments Overall Average 3'
 'Method of Moments Overall Average 4' 'Chroma feature 0'
 'Chroma feature 6' 'Chroma feature 11']",0.4430379746835443,0.27835497835497836,0.4485960144927536
24,Instrumental + Vocals,False,"{'memory': None, 'steps': [('Imputer', SimpleImputer()), ('Scaler', StandardScaler()), ('Selector', SelectFromModel(estimator=LinearSVC(random_state=42), max_features=24)), ('Classifier', Pipeline(steps=[('SVC',
                 OneVsRestClassifier(estimator=SVC(C=0.01, cache_size=500,
                                                   class_weight='balanced',
                                                   coef0=4, degree=8,
                                                   gamma=0.01, kernel='poly',
                                                   max_iter=1000000,
                                                   probability=True,
                                                   random_state=42)))]))], 'transform_input': None, 'verbose': False, 'Imputer': SimpleImputer(), 'Scaler': StandardScaler(), 'Selector': SelectFromModel(estimator=LinearSVC(random_state=42), max_features=24), 'Classifier': Pipeline(steps=[('SVC',
                 OneVsRestClassifier(estimator=SVC(C=0.01, cache_size=500,
                                                   class_weight='balanced',
                                                   coef0=4, degree=8,
                                                   gamma=0.01, kernel='poly',
                                                   max_iter=1000000,
                                                   probability=True,
                                                   random_state=42)))]), 'Imputer__add_indicator': False, 'Imputer__copy': True, 'Imputer__fill_value': None, 'Imputer__keep_empty_features': False, 'Imputer__missing_values': nan, 'Imputer__strategy': 'mean', 'Scaler__copy': True, 'Scaler__with_mean': True, 'Scaler__with_std': True, 'Selector__estimator__C': 1.0, 'Selector__estimator__class_weight': None, 'Selector__estimator__dual': 'auto', 'Selector__estimator__fit_intercept': True, 'Selector__estimator__intercept_scaling': 1, 'Selector__estimator__loss': 'squared_hinge', 'Selector__estimator__max_iter': 1000, 'Selector__estimator__multi_class': 'ovr', 'Selector__estimator__penalty': 'l2', 'Selector__estimator__random_state': 42, 'Selector__estimator__tol': 0.0001, 'Selector__estimator__verbose': 0, 'Selector__estimator': LinearSVC(random_state=42), 'Selector__importance_getter': 'auto', 'Selector__max_features': 24, 'Selector__norm_order': 1, 'Selector__prefit': False, 'Selector__threshold': None, 'Classifier__memory': None, 'Classifier__steps': [('SVC', OneVsRestClassifier(estimator=SVC(C=0.01, cache_size=500,
                                  class_weight='balanced', coef0=4, degree=8,
                                  gamma=0.01, kernel='poly', max_iter=1000000,
                                  probability=True, random_state=42)))], 'Classifier__transform_input': None, 'Classifier__verbose': False, 'Classifier__SVC': OneVsRestClassifier(estimator=SVC(C=0.01, cache_size=500,
                                  class_weight='balanced', coef0=4, degree=8,
                                  gamma=0.01, kernel='poly', max_iter=1000000,
                                  probability=True, random_state=42)), 'Classifier__SVC__estimator__C': 0.01, 'Classifier__SVC__estimator__break_ties': False, 'Classifier__SVC__estimator__cache_size': 500, 'Classifier__SVC__estimator__class_weight': 'balanced', 'Classifier__SVC__estimator__coef0': 4, 'Classifier__SVC__estimator__decision_function_shape': 'ovr', 'Classifier__SVC__estimator__degree': 8, 'Classifier__SVC__estimator__gamma': 0.01, 'Classifier__SVC__estimator__kernel': 'poly', 'Classifier__SVC__estimator__max_iter': 1000000, 'Classifier__SVC__estimator__probability': True, 'Classifier__SVC__estimator__random_state': 42, 'Classifier__SVC__estimator__shrinking': True, 'Classifier__SVC__estimator__tol': 0.001, 'Classifier__SVC__estimator__verbose': False, 'Classifier__SVC__estimator': SVC(C=0.01, cache_size=500, class_weight='balanced', coef0=4, degree=8,
    gamma=0.01, kernel='poly', max_iter=1000000, probability=True,
    random_state=42), 'Classifier__SVC__n_jobs': None, 'Classifier__SVC__verbose': 0}","['Spectral Centroid Overall Standard Deviation'
 'Spectral Flux Overall Standard Deviation'
 'Spectral Variability Overall Standard Deviation'
 'Root Mean Square Overall Standard Deviation'
 'Zero Crossings Overall Standard Deviation'
 'Method of Moments Overall Standard Deviation 2'
 'Method of Moments Overall Standard Deviation 3'
 'Method of Moments Overall Standard Deviation 4'
 'Method of Moments Overall Standard Deviation 5'
 'Spectral Centroid Overall Average'
 'Spectral Rolloff Point Overall Average' 'Spectral Flux Overall Average'
 'Spectral Variability Overall Average' 'Root Mean Square Overall Average'
 'Zero Crossings Overall Average' 'LPC Overall Average 1'
 'LPC Overall Average 2' 'Method of Moments Overall Average 1'
 'Method of Moments Overall Average 2'
 'Method of Moments Overall Average 3'
 'Method of Moments Overall Average 4'
 'Method of Moments Overall Average 5' 'Chroma feature 2'
 'Chroma feature 3']","{'memory': None, 'steps': [('Imputer', SimpleImputer()), ('Scaler', StandardScaler()), ('Selector', SelectFromModel(estimator=LinearSVC(random_state=42), max_features=32)), ('Classifier', Pipeline(steps=[('SVC',
                 OneVsRestClassifier(estimator=SVC(C=10, cache_size=500,
                                                   class_weight='balanced',
                                                   coef0=2, degree=2, gamma=0.1,
                                                   kernel='poly',
                                                   max_iter=1000000,
                                                   probability=True,
                                                   random_state=42)))]))], 'transform_input': None, 'verbose': False, 'Imputer': SimpleImputer(), 'Scaler': StandardScaler(), 'Selector': SelectFromModel(estimator=LinearSVC(random_state=42), max_features=32), 'Classifier': Pipeline(steps=[('SVC',
                 OneVsRestClassifier(estimator=SVC(C=10, cache_size=500,
                                                   class_weight='balanced',
                                                   coef0=2, degree=2, gamma=0.1,
                                                   kernel='poly',
                                                   max_iter=1000000,
                                                   probability=True,
                                                   random_state=42)))]), 'Imputer__add_indicator': False, 'Imputer__copy': True, 'Imputer__fill_value': None, 'Imputer__keep_empty_features': False, 'Imputer__missing_values': nan, 'Imputer__strategy': 'mean', 'Scaler__copy': True, 'Scaler__with_mean': True, 'Scaler__with_std': True, 'Selector__estimator__C': 1.0, 'Selector__estimator__class_weight': None, 'Selector__estimator__dual': 'auto', 'Selector__estimator__fit_intercept': True, 'Selector__estimator__intercept_scaling': 1, 'Selector__estimator__loss': 'squared_hinge', 'Selector__estimator__max_iter': 1000, 'Selector__estimator__multi_class': 'ovr', 'Selector__estimator__penalty': 'l2', 'Selector__estimator__random_state': 42, 'Selector__estimator__tol': 0.0001, 'Selector__estimator__verbose': 0, 'Selector__estimator': LinearSVC(random_state=42), 'Selector__importance_getter': 'auto', 'Selector__max_features': 32, 'Selector__norm_order': 1, 'Selector__prefit': False, 'Selector__threshold': None, 'Classifier__memory': None, 'Classifier__steps': [('SVC', OneVsRestClassifier(estimator=SVC(C=10, cache_size=500, class_weight='balanced',
                                  coef0=2, degree=2, gamma=0.1, kernel='poly',
                                  max_iter=1000000, probability=True,
                                  random_state=42)))], 'Classifier__transform_input': None, 'Classifier__verbose': False, 'Classifier__SVC': OneVsRestClassifier(estimator=SVC(C=10, cache_size=500, class_weight='balanced',
                                  coef0=2, degree=2, gamma=0.1, kernel='poly',
                                  max_iter=1000000, probability=True,
                                  random_state=42)), 'Classifier__SVC__estimator__C': 10, 'Classifier__SVC__estimator__break_ties': False, 'Classifier__SVC__estimator__cache_size': 500, 'Classifier__SVC__estimator__class_weight': 'balanced', 'Classifier__SVC__estimator__coef0': 2, 'Classifier__SVC__estimator__decision_function_shape': 'ovr', 'Classifier__SVC__estimator__degree': 2, 'Classifier__SVC__estimator__gamma': 0.1, 'Classifier__SVC__estimator__kernel': 'poly', 'Classifier__SVC__estimator__max_iter': 1000000, 'Classifier__SVC__estimator__probability': True, 'Classifier__SVC__estimator__random_state': 42, 'Classifier__SVC__estimator__shrinking': True, 'Classifier__SVC__estimator__tol': 0.001, 'Classifier__SVC__estimator__verbose': False, 'Classifier__SVC__estimator': SVC(C=10, cache_size=500, class_weight='balanced', coef0=2, degree=2, gamma=0.1,
    kernel='poly', max_iter=1000000, probability=True, random_state=42), 'Classifier__SVC__n_jobs': None, 'Classifier__SVC__verbose': 0}","['Spectral Centroid Overall Standard Deviation'
 'Spectral Rolloff Point Overall Standard Deviation'
 'Compactness Overall Standard Deviation'
 'Spectral Variability Overall Standard Deviation'
 'Root Mean Square Overall Standard Deviation'
 'Zero Crossings Overall Standard Deviation'
 'MFCC Overall Standard Deviation 1' 'LPC Overall Standard Deviation 7'
 'LPC Overall Standard Deviation 9'
 'Method of Moments Overall Standard Deviation 1'
 'Method of Moments Overall Standard Deviation 2'
 'Method of Moments Overall Standard Deviation 3'
 'Method of Moments Overall Standard Deviation 4'
 'Method of Moments Overall Standard Deviation 5'
 'Spectral Centroid Overall Average'
 'Spectral Rolloff Point Overall Average' 'Spectral Flux Overall Average'
 'Compactness Overall Average' 'Spectral Variability Overall Average'
 'Root Mean Square Overall Average' 'Zero Crossings Overall Average'
 'MFCC Overall Average 1' 'LPC Overall Average 1' 'LPC Overall Average 2'
 'Method of Moments Overall Average 1'
 'Method of Moments Overall Average 2'
 'Method of Moments Overall Average 3'
 'Method of Moments Overall Average 4'
 'Method of Moments Overall Average 5' 'Chroma feature 0'
 'Chroma feature 1' 'Chroma feature 10']",0.4430379746835443,0.2662337662337662,0.4189463019250253
25,Instrumental + Vocals,False,"{'memory': None, 'steps': [('Imputer', SimpleImputer()), ('Scaler', StandardScaler()), ('Selector', SelectFromModel(estimator=LinearSVC(random_state=42), max_features=24)), ('Classifier', Pipeline(steps=[('SVC',
                 OneVsRestClassifier(estimator=SVC(C=0.01, cache_size=500,
                                                   class_weight='balanced',
                                                   coef0=4, degree=8,
                                                   gamma=0.01, kernel='poly',
                                                   max_iter=1000000,
                                                   probability=True,
                                                   random_state=42)))]))], 'transform_input': None, 'verbose': False, 'Imputer': SimpleImputer(), 'Scaler': StandardScaler(), 'Selector': SelectFromModel(estimator=LinearSVC(random_state=42), max_features=24), 'Classifier': Pipeline(steps=[('SVC',
                 OneVsRestClassifier(estimator=SVC(C=0.01, cache_size=500,
                                                   class_weight='balanced',
                                                   coef0=4, degree=8,
                                                   gamma=0.01, kernel='poly',
                                                   max_iter=1000000,
                                                   probability=True,
                                                   random_state=42)))]), 'Imputer__add_indicator': False, 'Imputer__copy': True, 'Imputer__fill_value': None, 'Imputer__keep_empty_features': False, 'Imputer__missing_values': nan, 'Imputer__strategy': 'mean', 'Scaler__copy': True, 'Scaler__with_mean': True, 'Scaler__with_std': True, 'Selector__estimator__C': 1.0, 'Selector__estimator__class_weight': None, 'Selector__estimator__dual': 'auto', 'Selector__estimator__fit_intercept': True, 'Selector__estimator__intercept_scaling': 1, 'Selector__estimator__loss': 'squared_hinge', 'Selector__estimator__max_iter': 1000, 'Selector__estimator__multi_class': 'ovr', 'Selector__estimator__penalty': 'l2', 'Selector__estimator__random_state': 42, 'Selector__estimator__tol': 0.0001, 'Selector__estimator__verbose': 0, 'Selector__estimator': LinearSVC(random_state=42), 'Selector__importance_getter': 'auto', 'Selector__max_features': 24, 'Selector__norm_order': 1, 'Selector__prefit': False, 'Selector__threshold': None, 'Classifier__memory': None, 'Classifier__steps': [('SVC', OneVsRestClassifier(estimator=SVC(C=0.01, cache_size=500,
                                  class_weight='balanced', coef0=4, degree=8,
                                  gamma=0.01, kernel='poly', max_iter=1000000,
                                  probability=True, random_state=42)))], 'Classifier__transform_input': None, 'Classifier__verbose': False, 'Classifier__SVC': OneVsRestClassifier(estimator=SVC(C=0.01, cache_size=500,
                                  class_weight='balanced', coef0=4, degree=8,
                                  gamma=0.01, kernel='poly', max_iter=1000000,
                                  probability=True, random_state=42)), 'Classifier__SVC__estimator__C': 0.01, 'Classifier__SVC__estimator__break_ties': False, 'Classifier__SVC__estimator__cache_size': 500, 'Classifier__SVC__estimator__class_weight': 'balanced', 'Classifier__SVC__estimator__coef0': 4, 'Classifier__SVC__estimator__decision_function_shape': 'ovr', 'Classifier__SVC__estimator__degree': 8, 'Classifier__SVC__estimator__gamma': 0.01, 'Classifier__SVC__estimator__kernel': 'poly', 'Classifier__SVC__estimator__max_iter': 1000000, 'Classifier__SVC__estimator__probability': True, 'Classifier__SVC__estimator__random_state': 42, 'Classifier__SVC__estimator__shrinking': True, 'Classifier__SVC__estimator__tol': 0.001, 'Classifier__SVC__estimator__verbose': False, 'Classifier__SVC__estimator': SVC(C=0.01, cache_size=500, class_weight='balanced', coef0=4, degree=8,
    gamma=0.01, kernel='poly', max_iter=1000000, probability=True,
    random_state=42), 'Classifier__SVC__n_jobs': None, 'Classifier__SVC__verbose': 0}","['Spectral Centroid Overall Standard Deviation'
 'Spectral Flux Overall Standard Deviation'
 'Spectral Variability Overall Standard Deviation'
 'Root Mean Square Overall Standard Deviation'
 'Zero Crossings Overall Standard Deviation'
 'Method of Moments Overall Standard Deviation 2'
 'Method of Moments Overall Standard Deviation 3'
 'Method of Moments Overall Standard Deviation 4'
 'Method of Moments Overall Standard Deviation 5'
 'Spectral Centroid Overall Average'
 'Spectral Rolloff Point Overall Average' 'Spectral Flux Overall Average'
 'Spectral Variability Overall Average' 'Root Mean Square Overall Average'
 'Zero Crossings Overall Average' 'LPC Overall Average 1'
 'LPC Overall Average 2' 'Method of Moments Overall Average 1'
 'Method of Moments Overall Average 2'
 'Method of Moments Overall Average 3'
 'Method of Moments Overall Average 4'
 'Method of Moments Overall Average 5' 'Chroma feature 2'
 'Chroma feature 3']","{'memory': None, 'steps': [('Imputer', SimpleImputer()), ('Scaler', StandardScaler()), ('Selector', SelectFromModel(estimator=LinearSVC(random_state=42), max_features=32)), ('Classifier', Pipeline(steps=[('SVC',
                 OneVsRestClassifier(estimator=SVC(C=1, cache_size=500,
                                                   class_weight='balanced',
                                                   coef0=2, degree=6,
                                                   gamma=0.01, kernel='poly',
                                                   max_iter=1000000,
                                                   probability=True,
                                                   random_state=42)))]))], 'transform_input': None, 'verbose': False, 'Imputer': SimpleImputer(), 'Scaler': StandardScaler(), 'Selector': SelectFromModel(estimator=LinearSVC(random_state=42), max_features=32), 'Classifier': Pipeline(steps=[('SVC',
                 OneVsRestClassifier(estimator=SVC(C=1, cache_size=500,
                                                   class_weight='balanced',
                                                   coef0=2, degree=6,
                                                   gamma=0.01, kernel='poly',
                                                   max_iter=1000000,
                                                   probability=True,
                                                   random_state=42)))]), 'Imputer__add_indicator': False, 'Imputer__copy': True, 'Imputer__fill_value': None, 'Imputer__keep_empty_features': False, 'Imputer__missing_values': nan, 'Imputer__strategy': 'mean', 'Scaler__copy': True, 'Scaler__with_mean': True, 'Scaler__with_std': True, 'Selector__estimator__C': 1.0, 'Selector__estimator__class_weight': None, 'Selector__estimator__dual': 'auto', 'Selector__estimator__fit_intercept': True, 'Selector__estimator__intercept_scaling': 1, 'Selector__estimator__loss': 'squared_hinge', 'Selector__estimator__max_iter': 1000, 'Selector__estimator__multi_class': 'ovr', 'Selector__estimator__penalty': 'l2', 'Selector__estimator__random_state': 42, 'Selector__estimator__tol': 0.0001, 'Selector__estimator__verbose': 0, 'Selector__estimator': LinearSVC(random_state=42), 'Selector__importance_getter': 'auto', 'Selector__max_features': 32, 'Selector__norm_order': 1, 'Selector__prefit': False, 'Selector__threshold': None, 'Classifier__memory': None, 'Classifier__steps': [('SVC', OneVsRestClassifier(estimator=SVC(C=1, cache_size=500, class_weight='balanced',
                                  coef0=2, degree=6, gamma=0.01, kernel='poly',
                                  max_iter=1000000, probability=True,
                                  random_state=42)))], 'Classifier__transform_input': None, 'Classifier__verbose': False, 'Classifier__SVC': OneVsRestClassifier(estimator=SVC(C=1, cache_size=500, class_weight='balanced',
                                  coef0=2, degree=6, gamma=0.01, kernel='poly',
                                  max_iter=1000000, probability=True,
                                  random_state=42)), 'Classifier__SVC__estimator__C': 1, 'Classifier__SVC__estimator__break_ties': False, 'Classifier__SVC__estimator__cache_size': 500, 'Classifier__SVC__estimator__class_weight': 'balanced', 'Classifier__SVC__estimator__coef0': 2, 'Classifier__SVC__estimator__decision_function_shape': 'ovr', 'Classifier__SVC__estimator__degree': 6, 'Classifier__SVC__estimator__gamma': 0.01, 'Classifier__SVC__estimator__kernel': 'poly', 'Classifier__SVC__estimator__max_iter': 1000000, 'Classifier__SVC__estimator__probability': True, 'Classifier__SVC__estimator__random_state': 42, 'Classifier__SVC__estimator__shrinking': True, 'Classifier__SVC__estimator__tol': 0.001, 'Classifier__SVC__estimator__verbose': False, 'Classifier__SVC__estimator': SVC(C=1, cache_size=500, class_weight='balanced', coef0=2, degree=6, gamma=0.01,
    kernel='poly', max_iter=1000000, probability=True, random_state=42), 'Classifier__SVC__n_jobs': None, 'Classifier__SVC__verbose': 0}","['Spectral Centroid Overall Standard Deviation'
 'Spectral Rolloff Point Overall Standard Deviation'
 'Compactness Overall Standard Deviation'
 'Spectral Variability Overall Standard Deviation'
 'Root Mean Square Overall Standard Deviation'
 'Zero Crossings Overall Standard Deviation'
 'MFCC Overall Standard Deviation 1' 'LPC Overall Standard Deviation 7'
 'LPC Overall Standard Deviation 9'
 'Method of Moments Overall Standard Deviation 1'
 'Method of Moments Overall Standard Deviation 2'
 'Method of Moments Overall Standard Deviation 3'
 'Method of Moments Overall Standard Deviation 4'
 'Method of Moments Overall Standard Deviation 5'
 'Spectral Centroid Overall Average'
 'Spectral Rolloff Point Overall Average' 'Spectral Flux Overall Average'
 'Compactness Overall Average' 'Spectral Variability Overall Average'
 'Root Mean Square Overall Average' 'Zero Crossings Overall Average'
 'MFCC Overall Average 1' 'LPC Overall Average 1' 'LPC Overall Average 2'
 'Method of Moments Overall Average 1'
 'Method of Moments Overall Average 2'
 'Method of Moments Overall Average 3'
 'Method of Moments Overall Average 4'
 'Method of Moments Overall Average 5' 'Chroma feature 0'
 'Chroma feature 1' 'Chroma feature 10']",0.4430379746835443,0.2662337662337662,0.43726190476190474
26,Instrumental + Vocals,False,"{'memory': None, 'steps': [('Imputer', SimpleImputer()), ('Scaler', StandardScaler()), ('Selector', SelectFromModel(estimator=LinearSVC(random_state=42), max_features=24)), ('Classifier', Pipeline(steps=[('SVC',
                 OneVsRestClassifier(estimator=SVC(C=0.01, cache_size=500,
                                                   class_weight='balanced',
                                                   coef0=4, degree=8,
                                                   gamma=0.01, kernel='poly',
                                                   max_iter=1000000,
                                                   probability=True,
                                                   random_state=42)))]))], 'transform_input': None, 'verbose': False, 'Imputer': SimpleImputer(), 'Scaler': StandardScaler(), 'Selector': SelectFromModel(estimator=LinearSVC(random_state=42), max_features=24), 'Classifier': Pipeline(steps=[('SVC',
                 OneVsRestClassifier(estimator=SVC(C=0.01, cache_size=500,
                                                   class_weight='balanced',
                                                   coef0=4, degree=8,
                                                   gamma=0.01, kernel='poly',
                                                   max_iter=1000000,
                                                   probability=True,
                                                   random_state=42)))]), 'Imputer__add_indicator': False, 'Imputer__copy': True, 'Imputer__fill_value': None, 'Imputer__keep_empty_features': False, 'Imputer__missing_values': nan, 'Imputer__strategy': 'mean', 'Scaler__copy': True, 'Scaler__with_mean': True, 'Scaler__with_std': True, 'Selector__estimator__C': 1.0, 'Selector__estimator__class_weight': None, 'Selector__estimator__dual': 'auto', 'Selector__estimator__fit_intercept': True, 'Selector__estimator__intercept_scaling': 1, 'Selector__estimator__loss': 'squared_hinge', 'Selector__estimator__max_iter': 1000, 'Selector__estimator__multi_class': 'ovr', 'Selector__estimator__penalty': 'l2', 'Selector__estimator__random_state': 42, 'Selector__estimator__tol': 0.0001, 'Selector__estimator__verbose': 0, 'Selector__estimator': LinearSVC(random_state=42), 'Selector__importance_getter': 'auto', 'Selector__max_features': 24, 'Selector__norm_order': 1, 'Selector__prefit': False, 'Selector__threshold': None, 'Classifier__memory': None, 'Classifier__steps': [('SVC', OneVsRestClassifier(estimator=SVC(C=0.01, cache_size=500,
                                  class_weight='balanced', coef0=4, degree=8,
                                  gamma=0.01, kernel='poly', max_iter=1000000,
                                  probability=True, random_state=42)))], 'Classifier__transform_input': None, 'Classifier__verbose': False, 'Classifier__SVC': OneVsRestClassifier(estimator=SVC(C=0.01, cache_size=500,
                                  class_weight='balanced', coef0=4, degree=8,
                                  gamma=0.01, kernel='poly', max_iter=1000000,
                                  probability=True, random_state=42)), 'Classifier__SVC__estimator__C': 0.01, 'Classifier__SVC__estimator__break_ties': False, 'Classifier__SVC__estimator__cache_size': 500, 'Classifier__SVC__estimator__class_weight': 'balanced', 'Classifier__SVC__estimator__coef0': 4, 'Classifier__SVC__estimator__decision_function_shape': 'ovr', 'Classifier__SVC__estimator__degree': 8, 'Classifier__SVC__estimator__gamma': 0.01, 'Classifier__SVC__estimator__kernel': 'poly', 'Classifier__SVC__estimator__max_iter': 1000000, 'Classifier__SVC__estimator__probability': True, 'Classifier__SVC__estimator__random_state': 42, 'Classifier__SVC__estimator__shrinking': True, 'Classifier__SVC__estimator__tol': 0.001, 'Classifier__SVC__estimator__verbose': False, 'Classifier__SVC__estimator': SVC(C=0.01, cache_size=500, class_weight='balanced', coef0=4, degree=8,
    gamma=0.01, kernel='poly', max_iter=1000000, probability=True,
    random_state=42), 'Classifier__SVC__n_jobs': None, 'Classifier__SVC__verbose': 0}","['Spectral Centroid Overall Standard Deviation'
 'Spectral Flux Overall Standard Deviation'
 'Spectral Variability Overall Standard Deviation'
 'Root Mean Square Overall Standard Deviation'
 'Zero Crossings Overall Standard Deviation'
 'Method of Moments Overall Standard Deviation 2'
 'Method of Moments Overall Standard Deviation 3'
 'Method of Moments Overall Standard Deviation 4'
 'Method of Moments Overall Standard Deviation 5'
 'Spectral Centroid Overall Average'
 'Spectral Rolloff Point Overall Average' 'Spectral Flux Overall Average'
 'Spectral Variability Overall Average' 'Root Mean Square Overall Average'
 'Zero Crossings Overall Average' 'LPC Overall Average 1'
 'LPC Overall Average 2' 'Method of Moments Overall Average 1'
 'Method of Moments Overall Average 2'
 'Method of Moments Overall Average 3'
 'Method of Moments Overall Average 4'
 'Method of Moments Overall Average 5' 'Chroma feature 2'
 'Chroma feature 3']","{'memory': None, 'steps': [('Imputer', SimpleImputer()), ('Scaler', StandardScaler()), ('Selector', SelectFromModel(estimator=LinearSVC(random_state=42), max_features=32)), ('Classifier', Pipeline(steps=[('SVC',
                 OneVsRestClassifier(estimator=SVC(C=10, cache_size=500,
                                                   class_weight='balanced',
                                                   coef0=4, degree=2, gamma=0.1,
                                                   kernel='poly',
                                                   max_iter=1000000,
                                                   probability=True,
                                                   random_state=42)))]))], 'transform_input': None, 'verbose': False, 'Imputer': SimpleImputer(), 'Scaler': StandardScaler(), 'Selector': SelectFromModel(estimator=LinearSVC(random_state=42), max_features=32), 'Classifier': Pipeline(steps=[('SVC',
                 OneVsRestClassifier(estimator=SVC(C=10, cache_size=500,
                                                   class_weight='balanced',
                                                   coef0=4, degree=2, gamma=0.1,
                                                   kernel='poly',
                                                   max_iter=1000000,
                                                   probability=True,
                                                   random_state=42)))]), 'Imputer__add_indicator': False, 'Imputer__copy': True, 'Imputer__fill_value': None, 'Imputer__keep_empty_features': False, 'Imputer__missing_values': nan, 'Imputer__strategy': 'mean', 'Scaler__copy': True, 'Scaler__with_mean': True, 'Scaler__with_std': True, 'Selector__estimator__C': 1.0, 'Selector__estimator__class_weight': None, 'Selector__estimator__dual': 'auto', 'Selector__estimator__fit_intercept': True, 'Selector__estimator__intercept_scaling': 1, 'Selector__estimator__loss': 'squared_hinge', 'Selector__estimator__max_iter': 1000, 'Selector__estimator__multi_class': 'ovr', 'Selector__estimator__penalty': 'l2', 'Selector__estimator__random_state': 42, 'Selector__estimator__tol': 0.0001, 'Selector__estimator__verbose': 0, 'Selector__estimator': LinearSVC(random_state=42), 'Selector__importance_getter': 'auto', 'Selector__max_features': 32, 'Selector__norm_order': 1, 'Selector__prefit': False, 'Selector__threshold': None, 'Classifier__memory': None, 'Classifier__steps': [('SVC', OneVsRestClassifier(estimator=SVC(C=10, cache_size=500, class_weight='balanced',
                                  coef0=4, degree=2, gamma=0.1, kernel='poly',
                                  max_iter=1000000, probability=True,
                                  random_state=42)))], 'Classifier__transform_input': None, 'Classifier__verbose': False, 'Classifier__SVC': OneVsRestClassifier(estimator=SVC(C=10, cache_size=500, class_weight='balanced',
                                  coef0=4, degree=2, gamma=0.1, kernel='poly',
                                  max_iter=1000000, probability=True,
                                  random_state=42)), 'Classifier__SVC__estimator__C': 10, 'Classifier__SVC__estimator__break_ties': False, 'Classifier__SVC__estimator__cache_size': 500, 'Classifier__SVC__estimator__class_weight': 'balanced', 'Classifier__SVC__estimator__coef0': 4, 'Classifier__SVC__estimator__decision_function_shape': 'ovr', 'Classifier__SVC__estimator__degree': 2, 'Classifier__SVC__estimator__gamma': 0.1, 'Classifier__SVC__estimator__kernel': 'poly', 'Classifier__SVC__estimator__max_iter': 1000000, 'Classifier__SVC__estimator__probability': True, 'Classifier__SVC__estimator__random_state': 42, 'Classifier__SVC__estimator__shrinking': True, 'Classifier__SVC__estimator__tol': 0.001, 'Classifier__SVC__estimator__verbose': False, 'Classifier__SVC__estimator': SVC(C=10, cache_size=500, class_weight='balanced', coef0=4, degree=2, gamma=0.1,
    kernel='poly', max_iter=1000000, probability=True, random_state=42), 'Classifier__SVC__n_jobs': None, 'Classifier__SVC__verbose': 0}","['Spectral Centroid Overall Standard Deviation'
 'Spectral Rolloff Point Overall Standard Deviation'
 'Compactness Overall Standard Deviation'
 'Spectral Variability Overall Standard Deviation'
 'Root Mean Square Overall Standard Deviation'
 'Zero Crossings Overall Standard Deviation'
 'MFCC Overall Standard Deviation 1' 'LPC Overall Standard Deviation 7'
 'LPC Overall Standard Deviation 9'
 'Method of Moments Overall Standard Deviation 1'
 'Method of Moments Overall Standard Deviation 2'
 'Method of Moments Overall Standard Deviation 3'
 'Method of Moments Overall Standard Deviation 4'
 'Method of Moments Overall Standard Deviation 5'
 'Spectral Centroid Overall Average'
 'Spectral Rolloff Point Overall Average' 'Spectral Flux Overall Average'
 'Compactness Overall Average' 'Spectral Variability Overall Average'
 'Root Mean Square Overall Average' 'Zero Crossings Overall Average'
 'MFCC Overall Average 1' 'LPC Overall Average 1' 'LPC Overall Average 2'
 'Method of Moments Overall Average 1'
 'Method of Moments Overall Average 2'
 'Method of Moments Overall Average 3'
 'Method of Moments Overall Average 4'
 'Method of Moments Overall Average 5' 'Chroma feature 0'
 'Chroma feature 1' 'Chroma feature 10']",0.4430379746835443,0.2662337662337662,0.4189463019250253
27,Instrumental + Vocals,False,"{'memory': None, 'steps': [('Imputer', SimpleImputer()), ('Scaler', StandardScaler()), ('Selector', SelectFromModel(estimator=LinearSVC(random_state=42), max_features=24)), ('Classifier', Pipeline(steps=[('SVC',
                 OneVsRestClassifier(estimator=SVC(C=0.1, cache_size=500,
                                                   class_weight='balanced',
                                                   coef0=6, degree=6,
                                                   gamma=0.01, kernel='poly',
                                                   max_iter=1000000,
                                                   probability=True,
                                                   random_state=42)))]))], 'transform_input': None, 'verbose': False, 'Imputer': SimpleImputer(), 'Scaler': StandardScaler(), 'Selector': SelectFromModel(estimator=LinearSVC(random_state=42), max_features=24), 'Classifier': Pipeline(steps=[('SVC',
                 OneVsRestClassifier(estimator=SVC(C=0.1, cache_size=500,
                                                   class_weight='balanced',
                                                   coef0=6, degree=6,
                                                   gamma=0.01, kernel='poly',
                                                   max_iter=1000000,
                                                   probability=True,
                                                   random_state=42)))]), 'Imputer__add_indicator': False, 'Imputer__copy': True, 'Imputer__fill_value': None, 'Imputer__keep_empty_features': False, 'Imputer__missing_values': nan, 'Imputer__strategy': 'mean', 'Scaler__copy': True, 'Scaler__with_mean': True, 'Scaler__with_std': True, 'Selector__estimator__C': 1.0, 'Selector__estimator__class_weight': None, 'Selector__estimator__dual': 'auto', 'Selector__estimator__fit_intercept': True, 'Selector__estimator__intercept_scaling': 1, 'Selector__estimator__loss': 'squared_hinge', 'Selector__estimator__max_iter': 1000, 'Selector__estimator__multi_class': 'ovr', 'Selector__estimator__penalty': 'l2', 'Selector__estimator__random_state': 42, 'Selector__estimator__tol': 0.0001, 'Selector__estimator__verbose': 0, 'Selector__estimator': LinearSVC(random_state=42), 'Selector__importance_getter': 'auto', 'Selector__max_features': 24, 'Selector__norm_order': 1, 'Selector__prefit': False, 'Selector__threshold': None, 'Classifier__memory': None, 'Classifier__steps': [('SVC', OneVsRestClassifier(estimator=SVC(C=0.1, cache_size=500,
                                  class_weight='balanced', coef0=6, degree=6,
                                  gamma=0.01, kernel='poly', max_iter=1000000,
                                  probability=True, random_state=42)))], 'Classifier__transform_input': None, 'Classifier__verbose': False, 'Classifier__SVC': OneVsRestClassifier(estimator=SVC(C=0.1, cache_size=500,
                                  class_weight='balanced', coef0=6, degree=6,
                                  gamma=0.01, kernel='poly', max_iter=1000000,
                                  probability=True, random_state=42)), 'Classifier__SVC__estimator__C': 0.1, 'Classifier__SVC__estimator__break_ties': False, 'Classifier__SVC__estimator__cache_size': 500, 'Classifier__SVC__estimator__class_weight': 'balanced', 'Classifier__SVC__estimator__coef0': 6, 'Classifier__SVC__estimator__decision_function_shape': 'ovr', 'Classifier__SVC__estimator__degree': 6, 'Classifier__SVC__estimator__gamma': 0.01, 'Classifier__SVC__estimator__kernel': 'poly', 'Classifier__SVC__estimator__max_iter': 1000000, 'Classifier__SVC__estimator__probability': True, 'Classifier__SVC__estimator__random_state': 42, 'Classifier__SVC__estimator__shrinking': True, 'Classifier__SVC__estimator__tol': 0.001, 'Classifier__SVC__estimator__verbose': False, 'Classifier__SVC__estimator': SVC(C=0.1, cache_size=500, class_weight='balanced', coef0=6, degree=6,
    gamma=0.01, kernel='poly', max_iter=1000000, probability=True,
    random_state=42), 'Classifier__SVC__n_jobs': None, 'Classifier__SVC__verbose': 0}","['Spectral Centroid Overall Standard Deviation'
 'Spectral Flux Overall Standard Deviation'
 'Spectral Variability Overall Standard Deviation'
 'Root Mean Square Overall Standard Deviation'
 'Zero Crossings Overall Standard Deviation'
 'Method of Moments Overall Standard Deviation 2'
 'Method of Moments Overall Standard Deviation 3'
 'Method of Moments Overall Standard Deviation 4'
 'Method of Moments Overall Standard Deviation 5'
 'Spectral Centroid Overall Average'
 'Spectral Rolloff Point Overall Average' 'Spectral Flux Overall Average'
 'Spectral Variability Overall Average' 'Root Mean Square Overall Average'
 'Zero Crossings Overall Average' 'LPC Overall Average 1'
 'LPC Overall Average 2' 'Method of Moments Overall Average 1'
 'Method of Moments Overall Average 2'
 'Method of Moments Overall Average 3'
 'Method of Moments Overall Average 4'
 'Method of Moments Overall Average 5' 'Chroma feature 2'
 'Chroma feature 3']","{'memory': None, 'steps': [('Imputer', SimpleImputer()), ('Scaler', StandardScaler()), ('Selector', SelectFromModel(estimator=LinearSVC(random_state=42), max_features=32)), ('Classifier', Pipeline(steps=[('SVC',
                 OneVsRestClassifier(estimator=SVC(C=10, cache_size=500,
                                                   class_weight='balanced',
                                                   coef0=2, degree=2, gamma=0.1,
                                                   kernel='poly',
                                                   max_iter=1000000,
                                                   probability=True,
                                                   random_state=42)))]))], 'transform_input': None, 'verbose': False, 'Imputer': SimpleImputer(), 'Scaler': StandardScaler(), 'Selector': SelectFromModel(estimator=LinearSVC(random_state=42), max_features=32), 'Classifier': Pipeline(steps=[('SVC',
                 OneVsRestClassifier(estimator=SVC(C=10, cache_size=500,
                                                   class_weight='balanced',
                                                   coef0=2, degree=2, gamma=0.1,
                                                   kernel='poly',
                                                   max_iter=1000000,
                                                   probability=True,
                                                   random_state=42)))]), 'Imputer__add_indicator': False, 'Imputer__copy': True, 'Imputer__fill_value': None, 'Imputer__keep_empty_features': False, 'Imputer__missing_values': nan, 'Imputer__strategy': 'mean', 'Scaler__copy': True, 'Scaler__with_mean': True, 'Scaler__with_std': True, 'Selector__estimator__C': 1.0, 'Selector__estimator__class_weight': None, 'Selector__estimator__dual': 'auto', 'Selector__estimator__fit_intercept': True, 'Selector__estimator__intercept_scaling': 1, 'Selector__estimator__loss': 'squared_hinge', 'Selector__estimator__max_iter': 1000, 'Selector__estimator__multi_class': 'ovr', 'Selector__estimator__penalty': 'l2', 'Selector__estimator__random_state': 42, 'Selector__estimator__tol': 0.0001, 'Selector__estimator__verbose': 0, 'Selector__estimator': LinearSVC(random_state=42), 'Selector__importance_getter': 'auto', 'Selector__max_features': 32, 'Selector__norm_order': 1, 'Selector__prefit': False, 'Selector__threshold': None, 'Classifier__memory': None, 'Classifier__steps': [('SVC', OneVsRestClassifier(estimator=SVC(C=10, cache_size=500, class_weight='balanced',
                                  coef0=2, degree=2, gamma=0.1, kernel='poly',
                                  max_iter=1000000, probability=True,
                                  random_state=42)))], 'Classifier__transform_input': None, 'Classifier__verbose': False, 'Classifier__SVC': OneVsRestClassifier(estimator=SVC(C=10, cache_size=500, class_weight='balanced',
                                  coef0=2, degree=2, gamma=0.1, kernel='poly',
                                  max_iter=1000000, probability=True,
                                  random_state=42)), 'Classifier__SVC__estimator__C': 10, 'Classifier__SVC__estimator__break_ties': False, 'Classifier__SVC__estimator__cache_size': 500, 'Classifier__SVC__estimator__class_weight': 'balanced', 'Classifier__SVC__estimator__coef0': 2, 'Classifier__SVC__estimator__decision_function_shape': 'ovr', 'Classifier__SVC__estimator__degree': 2, 'Classifier__SVC__estimator__gamma': 0.1, 'Classifier__SVC__estimator__kernel': 'poly', 'Classifier__SVC__estimator__max_iter': 1000000, 'Classifier__SVC__estimator__probability': True, 'Classifier__SVC__estimator__random_state': 42, 'Classifier__SVC__estimator__shrinking': True, 'Classifier__SVC__estimator__tol': 0.001, 'Classifier__SVC__estimator__verbose': False, 'Classifier__SVC__estimator': SVC(C=10, cache_size=500, class_weight='balanced', coef0=2, degree=2, gamma=0.1,
    kernel='poly', max_iter=1000000, probability=True, random_state=42), 'Classifier__SVC__n_jobs': None, 'Classifier__SVC__verbose': 0}","['Spectral Centroid Overall Standard Deviation'
 'Spectral Rolloff Point Overall Standard Deviation'
 'Compactness Overall Standard Deviation'
 'Spectral Variability Overall Standard Deviation'
 'Root Mean Square Overall Standard Deviation'
 'Zero Crossings Overall Standard Deviation'
 'MFCC Overall Standard Deviation 1' 'LPC Overall Standard Deviation 7'
 'LPC Overall Standard Deviation 9'
 'Method of Moments Overall Standard Deviation 1'
 'Method of Moments Overall Standard Deviation 2'
 'Method of Moments Overall Standard Deviation 3'
 'Method of Moments Overall Standard Deviation 4'
 'Method of Moments Overall Standard Deviation 5'
 'Spectral Centroid Overall Average'
 'Spectral Rolloff Point Overall Average' 'Spectral Flux Overall Average'
 'Compactness Overall Average' 'Spectral Variability Overall Average'
 'Root Mean Square Overall Average' 'Zero Crossings Overall Average'
 'MFCC Overall Average 1' 'LPC Overall Average 1' 'LPC Overall Average 2'
 'Method of Moments Overall Average 1'
 'Method of Moments Overall Average 2'
 'Method of Moments Overall Average 3'
 'Method of Moments Overall Average 4'
 'Method of Moments Overall Average 5' 'Chroma feature 0'
 'Chroma feature 1' 'Chroma feature 10']",0.4430379746835443,0.2668831168831169,0.4156433637284701
28,Instrumental + Vocals,False,"{'memory': None, 'steps': [('Imputer', SimpleImputer()), ('Scaler', StandardScaler()), ('Selector', SelectFromModel(estimator=LinearSVC(random_state=42), max_features=24)), ('Classifier', Pipeline(steps=[('SVC',
                 OneVsRestClassifier(estimator=SVC(C=0.1, cache_size=500,
                                                   class_weight='balanced',
                                                   coef0=6, degree=6,
                                                   gamma=0.01, kernel='poly',
                                                   max_iter=1000000,
                                                   probability=True,
                                                   random_state=42)))]))], 'transform_input': None, 'verbose': False, 'Imputer': SimpleImputer(), 'Scaler': StandardScaler(), 'Selector': SelectFromModel(estimator=LinearSVC(random_state=42), max_features=24), 'Classifier': Pipeline(steps=[('SVC',
                 OneVsRestClassifier(estimator=SVC(C=0.1, cache_size=500,
                                                   class_weight='balanced',
                                                   coef0=6, degree=6,
                                                   gamma=0.01, kernel='poly',
                                                   max_iter=1000000,
                                                   probability=True,
                                                   random_state=42)))]), 'Imputer__add_indicator': False, 'Imputer__copy': True, 'Imputer__fill_value': None, 'Imputer__keep_empty_features': False, 'Imputer__missing_values': nan, 'Imputer__strategy': 'mean', 'Scaler__copy': True, 'Scaler__with_mean': True, 'Scaler__with_std': True, 'Selector__estimator__C': 1.0, 'Selector__estimator__class_weight': None, 'Selector__estimator__dual': 'auto', 'Selector__estimator__fit_intercept': True, 'Selector__estimator__intercept_scaling': 1, 'Selector__estimator__loss': 'squared_hinge', 'Selector__estimator__max_iter': 1000, 'Selector__estimator__multi_class': 'ovr', 'Selector__estimator__penalty': 'l2', 'Selector__estimator__random_state': 42, 'Selector__estimator__tol': 0.0001, 'Selector__estimator__verbose': 0, 'Selector__estimator': LinearSVC(random_state=42), 'Selector__importance_getter': 'auto', 'Selector__max_features': 24, 'Selector__norm_order': 1, 'Selector__prefit': False, 'Selector__threshold': None, 'Classifier__memory': None, 'Classifier__steps': [('SVC', OneVsRestClassifier(estimator=SVC(C=0.1, cache_size=500,
                                  class_weight='balanced', coef0=6, degree=6,
                                  gamma=0.01, kernel='poly', max_iter=1000000,
                                  probability=True, random_state=42)))], 'Classifier__transform_input': None, 'Classifier__verbose': False, 'Classifier__SVC': OneVsRestClassifier(estimator=SVC(C=0.1, cache_size=500,
                                  class_weight='balanced', coef0=6, degree=6,
                                  gamma=0.01, kernel='poly', max_iter=1000000,
                                  probability=True, random_state=42)), 'Classifier__SVC__estimator__C': 0.1, 'Classifier__SVC__estimator__break_ties': False, 'Classifier__SVC__estimator__cache_size': 500, 'Classifier__SVC__estimator__class_weight': 'balanced', 'Classifier__SVC__estimator__coef0': 6, 'Classifier__SVC__estimator__decision_function_shape': 'ovr', 'Classifier__SVC__estimator__degree': 6, 'Classifier__SVC__estimator__gamma': 0.01, 'Classifier__SVC__estimator__kernel': 'poly', 'Classifier__SVC__estimator__max_iter': 1000000, 'Classifier__SVC__estimator__probability': True, 'Classifier__SVC__estimator__random_state': 42, 'Classifier__SVC__estimator__shrinking': True, 'Classifier__SVC__estimator__tol': 0.001, 'Classifier__SVC__estimator__verbose': False, 'Classifier__SVC__estimator': SVC(C=0.1, cache_size=500, class_weight='balanced', coef0=6, degree=6,
    gamma=0.01, kernel='poly', max_iter=1000000, probability=True,
    random_state=42), 'Classifier__SVC__n_jobs': None, 'Classifier__SVC__verbose': 0}","['Spectral Centroid Overall Standard Deviation'
 'Spectral Flux Overall Standard Deviation'
 'Spectral Variability Overall Standard Deviation'
 'Root Mean Square Overall Standard Deviation'
 'Zero Crossings Overall Standard Deviation'
 'Method of Moments Overall Standard Deviation 2'
 'Method of Moments Overall Standard Deviation 3'
 'Method of Moments Overall Standard Deviation 4'
 'Method of Moments Overall Standard Deviation 5'
 'Spectral Centroid Overall Average'
 'Spectral Rolloff Point Overall Average' 'Spectral Flux Overall Average'
 'Spectral Variability Overall Average' 'Root Mean Square Overall Average'
 'Zero Crossings Overall Average' 'LPC Overall Average 1'
 'LPC Overall Average 2' 'Method of Moments Overall Average 1'
 'Method of Moments Overall Average 2'
 'Method of Moments Overall Average 3'
 'Method of Moments Overall Average 4'
 'Method of Moments Overall Average 5' 'Chroma feature 2'
 'Chroma feature 3']","{'memory': None, 'steps': [('Imputer', SimpleImputer()), ('Scaler', StandardScaler()), ('Selector', SelectFromModel(estimator=LinearSVC(random_state=42), max_features=32)), ('Classifier', Pipeline(steps=[('SVC',
                 OneVsRestClassifier(estimator=SVC(C=1, cache_size=500,
                                                   class_weight='balanced',
                                                   coef0=2, degree=6,
                                                   gamma=0.01, kernel='poly',
                                                   max_iter=1000000,
                                                   probability=True,
                                                   random_state=42)))]))], 'transform_input': None, 'verbose': False, 'Imputer': SimpleImputer(), 'Scaler': StandardScaler(), 'Selector': SelectFromModel(estimator=LinearSVC(random_state=42), max_features=32), 'Classifier': Pipeline(steps=[('SVC',
                 OneVsRestClassifier(estimator=SVC(C=1, cache_size=500,
                                                   class_weight='balanced',
                                                   coef0=2, degree=6,
                                                   gamma=0.01, kernel='poly',
                                                   max_iter=1000000,
                                                   probability=True,
                                                   random_state=42)))]), 'Imputer__add_indicator': False, 'Imputer__copy': True, 'Imputer__fill_value': None, 'Imputer__keep_empty_features': False, 'Imputer__missing_values': nan, 'Imputer__strategy': 'mean', 'Scaler__copy': True, 'Scaler__with_mean': True, 'Scaler__with_std': True, 'Selector__estimator__C': 1.0, 'Selector__estimator__class_weight': None, 'Selector__estimator__dual': 'auto', 'Selector__estimator__fit_intercept': True, 'Selector__estimator__intercept_scaling': 1, 'Selector__estimator__loss': 'squared_hinge', 'Selector__estimator__max_iter': 1000, 'Selector__estimator__multi_class': 'ovr', 'Selector__estimator__penalty': 'l2', 'Selector__estimator__random_state': 42, 'Selector__estimator__tol': 0.0001, 'Selector__estimator__verbose': 0, 'Selector__estimator': LinearSVC(random_state=42), 'Selector__importance_getter': 'auto', 'Selector__max_features': 32, 'Selector__norm_order': 1, 'Selector__prefit': False, 'Selector__threshold': None, 'Classifier__memory': None, 'Classifier__steps': [('SVC', OneVsRestClassifier(estimator=SVC(C=1, cache_size=500, class_weight='balanced',
                                  coef0=2, degree=6, gamma=0.01, kernel='poly',
                                  max_iter=1000000, probability=True,
                                  random_state=42)))], 'Classifier__transform_input': None, 'Classifier__verbose': False, 'Classifier__SVC': OneVsRestClassifier(estimator=SVC(C=1, cache_size=500, class_weight='balanced',
                                  coef0=2, degree=6, gamma=0.01, kernel='poly',
                                  max_iter=1000000, probability=True,
                                  random_state=42)), 'Classifier__SVC__estimator__C': 1, 'Classifier__SVC__estimator__break_ties': False, 'Classifier__SVC__estimator__cache_size': 500, 'Classifier__SVC__estimator__class_weight': 'balanced', 'Classifier__SVC__estimator__coef0': 2, 'Classifier__SVC__estimator__decision_function_shape': 'ovr', 'Classifier__SVC__estimator__degree': 6, 'Classifier__SVC__estimator__gamma': 0.01, 'Classifier__SVC__estimator__kernel': 'poly', 'Classifier__SVC__estimator__max_iter': 1000000, 'Classifier__SVC__estimator__probability': True, 'Classifier__SVC__estimator__random_state': 42, 'Classifier__SVC__estimator__shrinking': True, 'Classifier__SVC__estimator__tol': 0.001, 'Classifier__SVC__estimator__verbose': False, 'Classifier__SVC__estimator': SVC(C=1, cache_size=500, class_weight='balanced', coef0=2, degree=6, gamma=0.01,
    kernel='poly', max_iter=1000000, probability=True, random_state=42), 'Classifier__SVC__n_jobs': None, 'Classifier__SVC__verbose': 0}","['Spectral Centroid Overall Standard Deviation'
 'Spectral Rolloff Point Overall Standard Deviation'
 'Compactness Overall Standard Deviation'
 'Spectral Variability Overall Standard Deviation'
 'Root Mean Square Overall Standard Deviation'
 'Zero Crossings Overall Standard Deviation'
 'MFCC Overall Standard Deviation 1' 'LPC Overall Standard Deviation 7'
 'LPC Overall Standard Deviation 9'
 'Method of Moments Overall Standard Deviation 1'
 'Method of Moments Overall Standard Deviation 2'
 'Method of Moments Overall Standard Deviation 3'
 'Method of Moments Overall Standard Deviation 4'
 'Method of Moments Overall Standard Deviation 5'
 'Spectral Centroid Overall Average'
 'Spectral Rolloff Point Overall Average' 'Spectral Flux Overall Average'
 'Compactness Overall Average' 'Spectral Variability Overall Average'
 'Root Mean Square Overall Average' 'Zero Crossings Overall Average'
 'MFCC Overall Average 1' 'LPC Overall Average 1' 'LPC Overall Average 2'
 'Method of Moments Overall Average 1'
 'Method of Moments Overall Average 2'
 'Method of Moments Overall Average 3'
 'Method of Moments Overall Average 4'
 'Method of Moments Overall Average 5' 'Chroma feature 0'
 'Chroma feature 1' 'Chroma feature 10']",0.46835443037974683,0.2859307359307359,0.4333333333333333
29,Instrumental + Vocals,False,"{'memory': None, 'steps': [('Imputer', SimpleImputer()), ('Scaler', StandardScaler()), ('Selector', SelectFromModel(estimator=LinearSVC(random_state=42), max_features=24)), ('Classifier', Pipeline(steps=[('SVC',
                 OneVsRestClassifier(estimator=SVC(C=0.1, cache_size=500,
                                                   class_weight='balanced',
                                                   coef0=6, degree=6,
                                                   gamma=0.01, kernel='poly',
                                                   max_iter=1000000,
                                                   probability=True,
                                                   random_state=42)))]))], 'transform_input': None, 'verbose': False, 'Imputer': SimpleImputer(), 'Scaler': StandardScaler(), 'Selector': SelectFromModel(estimator=LinearSVC(random_state=42), max_features=24), 'Classifier': Pipeline(steps=[('SVC',
                 OneVsRestClassifier(estimator=SVC(C=0.1, cache_size=500,
                                                   class_weight='balanced',
                                                   coef0=6, degree=6,
                                                   gamma=0.01, kernel='poly',
                                                   max_iter=1000000,
                                                   probability=True,
                                                   random_state=42)))]), 'Imputer__add_indicator': False, 'Imputer__copy': True, 'Imputer__fill_value': None, 'Imputer__keep_empty_features': False, 'Imputer__missing_values': nan, 'Imputer__strategy': 'mean', 'Scaler__copy': True, 'Scaler__with_mean': True, 'Scaler__with_std': True, 'Selector__estimator__C': 1.0, 'Selector__estimator__class_weight': None, 'Selector__estimator__dual': 'auto', 'Selector__estimator__fit_intercept': True, 'Selector__estimator__intercept_scaling': 1, 'Selector__estimator__loss': 'squared_hinge', 'Selector__estimator__max_iter': 1000, 'Selector__estimator__multi_class': 'ovr', 'Selector__estimator__penalty': 'l2', 'Selector__estimator__random_state': 42, 'Selector__estimator__tol': 0.0001, 'Selector__estimator__verbose': 0, 'Selector__estimator': LinearSVC(random_state=42), 'Selector__importance_getter': 'auto', 'Selector__max_features': 24, 'Selector__norm_order': 1, 'Selector__prefit': False, 'Selector__threshold': None, 'Classifier__memory': None, 'Classifier__steps': [('SVC', OneVsRestClassifier(estimator=SVC(C=0.1, cache_size=500,
                                  class_weight='balanced', coef0=6, degree=6,
                                  gamma=0.01, kernel='poly', max_iter=1000000,
                                  probability=True, random_state=42)))], 'Classifier__transform_input': None, 'Classifier__verbose': False, 'Classifier__SVC': OneVsRestClassifier(estimator=SVC(C=0.1, cache_size=500,
                                  class_weight='balanced', coef0=6, degree=6,
                                  gamma=0.01, kernel='poly', max_iter=1000000,
                                  probability=True, random_state=42)), 'Classifier__SVC__estimator__C': 0.1, 'Classifier__SVC__estimator__break_ties': False, 'Classifier__SVC__estimator__cache_size': 500, 'Classifier__SVC__estimator__class_weight': 'balanced', 'Classifier__SVC__estimator__coef0': 6, 'Classifier__SVC__estimator__decision_function_shape': 'ovr', 'Classifier__SVC__estimator__degree': 6, 'Classifier__SVC__estimator__gamma': 0.01, 'Classifier__SVC__estimator__kernel': 'poly', 'Classifier__SVC__estimator__max_iter': 1000000, 'Classifier__SVC__estimator__probability': True, 'Classifier__SVC__estimator__random_state': 42, 'Classifier__SVC__estimator__shrinking': True, 'Classifier__SVC__estimator__tol': 0.001, 'Classifier__SVC__estimator__verbose': False, 'Classifier__SVC__estimator': SVC(C=0.1, cache_size=500, class_weight='balanced', coef0=6, degree=6,
    gamma=0.01, kernel='poly', max_iter=1000000, probability=True,
    random_state=42), 'Classifier__SVC__n_jobs': None, 'Classifier__SVC__verbose': 0}","['Spectral Centroid Overall Standard Deviation'
 'Spectral Flux Overall Standard Deviation'
 'Spectral Variability Overall Standard Deviation'
 'Root Mean Square Overall Standard Deviation'
 'Zero Crossings Overall Standard Deviation'
 'Method of Moments Overall Standard Deviation 2'
 'Method of Moments Overall Standard Deviation 3'
 'Method of Moments Overall Standard Deviation 4'
 'Method of Moments Overall Standard Deviation 5'
 'Spectral Centroid Overall Average'
 'Spectral Rolloff Point Overall Average' 'Spectral Flux Overall Average'
 'Spectral Variability Overall Average' 'Root Mean Square Overall Average'
 'Zero Crossings Overall Average' 'LPC Overall Average 1'
 'LPC Overall Average 2' 'Method of Moments Overall Average 1'
 'Method of Moments Overall Average 2'
 'Method of Moments Overall Average 3'
 'Method of Moments Overall Average 4'
 'Method of Moments Overall Average 5' 'Chroma feature 2'
 'Chroma feature 3']","{'memory': None, 'steps': [('Imputer', SimpleImputer()), ('Scaler', StandardScaler()), ('Selector', SelectFromModel(estimator=LinearSVC(random_state=42), max_features=32)), ('Classifier', Pipeline(steps=[('SVC',
                 OneVsRestClassifier(estimator=SVC(C=10, cache_size=500,
                                                   class_weight='balanced',
                                                   coef0=4, degree=2, gamma=0.1,
                                                   kernel='poly',
                                                   max_iter=1000000,
                                                   probability=True,
                                                   random_state=42)))]))], 'transform_input': None, 'verbose': False, 'Imputer': SimpleImputer(), 'Scaler': StandardScaler(), 'Selector': SelectFromModel(estimator=LinearSVC(random_state=42), max_features=32), 'Classifier': Pipeline(steps=[('SVC',
                 OneVsRestClassifier(estimator=SVC(C=10, cache_size=500,
                                                   class_weight='balanced',
                                                   coef0=4, degree=2, gamma=0.1,
                                                   kernel='poly',
                                                   max_iter=1000000,
                                                   probability=True,
                                                   random_state=42)))]), 'Imputer__add_indicator': False, 'Imputer__copy': True, 'Imputer__fill_value': None, 'Imputer__keep_empty_features': False, 'Imputer__missing_values': nan, 'Imputer__strategy': 'mean', 'Scaler__copy': True, 'Scaler__with_mean': True, 'Scaler__with_std': True, 'Selector__estimator__C': 1.0, 'Selector__estimator__class_weight': None, 'Selector__estimator__dual': 'auto', 'Selector__estimator__fit_intercept': True, 'Selector__estimator__intercept_scaling': 1, 'Selector__estimator__loss': 'squared_hinge', 'Selector__estimator__max_iter': 1000, 'Selector__estimator__multi_class': 'ovr', 'Selector__estimator__penalty': 'l2', 'Selector__estimator__random_state': 42, 'Selector__estimator__tol': 0.0001, 'Selector__estimator__verbose': 0, 'Selector__estimator': LinearSVC(random_state=42), 'Selector__importance_getter': 'auto', 'Selector__max_features': 32, 'Selector__norm_order': 1, 'Selector__prefit': False, 'Selector__threshold': None, 'Classifier__memory': None, 'Classifier__steps': [('SVC', OneVsRestClassifier(estimator=SVC(C=10, cache_size=500, class_weight='balanced',
                                  coef0=4, degree=2, gamma=0.1, kernel='poly',
                                  max_iter=1000000, probability=True,
                                  random_state=42)))], 'Classifier__transform_input': None, 'Classifier__verbose': False, 'Classifier__SVC': OneVsRestClassifier(estimator=SVC(C=10, cache_size=500, class_weight='balanced',
                                  coef0=4, degree=2, gamma=0.1, kernel='poly',
                                  max_iter=1000000, probability=True,
                                  random_state=42)), 'Classifier__SVC__estimator__C': 10, 'Classifier__SVC__estimator__break_ties': False, 'Classifier__SVC__estimator__cache_size': 500, 'Classifier__SVC__estimator__class_weight': 'balanced', 'Classifier__SVC__estimator__coef0': 4, 'Classifier__SVC__estimator__decision_function_shape': 'ovr', 'Classifier__SVC__estimator__degree': 2, 'Classifier__SVC__estimator__gamma': 0.1, 'Classifier__SVC__estimator__kernel': 'poly', 'Classifier__SVC__estimator__max_iter': 1000000, 'Classifier__SVC__estimator__probability': True, 'Classifier__SVC__estimator__random_state': 42, 'Classifier__SVC__estimator__shrinking': True, 'Classifier__SVC__estimator__tol': 0.001, 'Classifier__SVC__estimator__verbose': False, 'Classifier__SVC__estimator': SVC(C=10, cache_size=500, class_weight='balanced', coef0=4, degree=2, gamma=0.1,
    kernel='poly', max_iter=1000000, probability=True, random_state=42), 'Classifier__SVC__n_jobs': None, 'Classifier__SVC__verbose': 0}","['Spectral Centroid Overall Standard Deviation'
 'Spectral Rolloff Point Overall Standard Deviation'
 'Compactness Overall Standard Deviation'
 'Spectral Variability Overall Standard Deviation'
 'Root Mean Square Overall Standard Deviation'
 'Zero Crossings Overall Standard Deviation'
 'MFCC Overall Standard Deviation 1' 'LPC Overall Standard Deviation 7'
 'LPC Overall Standard Deviation 9'
 'Method of Moments Overall Standard Deviation 1'
 'Method of Moments Overall Standard Deviation 2'
 'Method of Moments Overall Standard Deviation 3'
 'Method of Moments Overall Standard Deviation 4'
 'Method of Moments Overall Standard Deviation 5'
 'Spectral Centroid Overall Average'
 'Spectral Rolloff Point Overall Average' 'Spectral Flux Overall Average'
 'Compactness Overall Average' 'Spectral Variability Overall Average'
 'Root Mean Square Overall Average' 'Zero Crossings Overall Average'
 'MFCC Overall Average 1' 'LPC Overall Average 1' 'LPC Overall Average 2'
 'Method of Moments Overall Average 1'
 'Method of Moments Overall Average 2'
 'Method of Moments Overall Average 3'
 'Method of Moments Overall Average 4'
 'Method of Moments Overall Average 5' 'Chroma feature 0'
 'Chroma feature 1' 'Chroma feature 10']",0.4430379746835443,0.2668831168831169,0.4156433637284701
30,Instrumental + Vocals,False,"{'memory': None, 'steps': [('Imputer', SimpleImputer()), ('Scaler', StandardScaler()), ('Selector', SelectFromModel(estimator=LinearSVC(random_state=42), max_features=28)), ('Classifier', Pipeline(steps=[('SVC',
                 OneVsRestClassifier(estimator=SVC(C=0.1, cache_size=500,
                                                   class_weight='balanced',
                                                   coef0=4, degree=6,
                                                   gamma=0.01, kernel='poly',
                                                   max_iter=1000000,
                                                   probability=True,
                                                   random_state=42)))]))], 'transform_input': None, 'verbose': False, 'Imputer': SimpleImputer(), 'Scaler': StandardScaler(), 'Selector': SelectFromModel(estimator=LinearSVC(random_state=42), max_features=28), 'Classifier': Pipeline(steps=[('SVC',
                 OneVsRestClassifier(estimator=SVC(C=0.1, cache_size=500,
                                                   class_weight='balanced',
                                                   coef0=4, degree=6,
                                                   gamma=0.01, kernel='poly',
                                                   max_iter=1000000,
                                                   probability=True,
                                                   random_state=42)))]), 'Imputer__add_indicator': False, 'Imputer__copy': True, 'Imputer__fill_value': None, 'Imputer__keep_empty_features': False, 'Imputer__missing_values': nan, 'Imputer__strategy': 'mean', 'Scaler__copy': True, 'Scaler__with_mean': True, 'Scaler__with_std': True, 'Selector__estimator__C': 1.0, 'Selector__estimator__class_weight': None, 'Selector__estimator__dual': 'auto', 'Selector__estimator__fit_intercept': True, 'Selector__estimator__intercept_scaling': 1, 'Selector__estimator__loss': 'squared_hinge', 'Selector__estimator__max_iter': 1000, 'Selector__estimator__multi_class': 'ovr', 'Selector__estimator__penalty': 'l2', 'Selector__estimator__random_state': 42, 'Selector__estimator__tol': 0.0001, 'Selector__estimator__verbose': 0, 'Selector__estimator': LinearSVC(random_state=42), 'Selector__importance_getter': 'auto', 'Selector__max_features': 28, 'Selector__norm_order': 1, 'Selector__prefit': False, 'Selector__threshold': None, 'Classifier__memory': None, 'Classifier__steps': [('SVC', OneVsRestClassifier(estimator=SVC(C=0.1, cache_size=500,
                                  class_weight='balanced', coef0=4, degree=6,
                                  gamma=0.01, kernel='poly', max_iter=1000000,
                                  probability=True, random_state=42)))], 'Classifier__transform_input': None, 'Classifier__verbose': False, 'Classifier__SVC': OneVsRestClassifier(estimator=SVC(C=0.1, cache_size=500,
                                  class_weight='balanced', coef0=4, degree=6,
                                  gamma=0.01, kernel='poly', max_iter=1000000,
                                  probability=True, random_state=42)), 'Classifier__SVC__estimator__C': 0.1, 'Classifier__SVC__estimator__break_ties': False, 'Classifier__SVC__estimator__cache_size': 500, 'Classifier__SVC__estimator__class_weight': 'balanced', 'Classifier__SVC__estimator__coef0': 4, 'Classifier__SVC__estimator__decision_function_shape': 'ovr', 'Classifier__SVC__estimator__degree': 6, 'Classifier__SVC__estimator__gamma': 0.01, 'Classifier__SVC__estimator__kernel': 'poly', 'Classifier__SVC__estimator__max_iter': 1000000, 'Classifier__SVC__estimator__probability': True, 'Classifier__SVC__estimator__random_state': 42, 'Classifier__SVC__estimator__shrinking': True, 'Classifier__SVC__estimator__tol': 0.001, 'Classifier__SVC__estimator__verbose': False, 'Classifier__SVC__estimator': SVC(C=0.1, cache_size=500, class_weight='balanced', coef0=4, degree=6,
    gamma=0.01, kernel='poly', max_iter=1000000, probability=True,
    random_state=42), 'Classifier__SVC__n_jobs': None, 'Classifier__SVC__verbose': 0}","['Spectral Centroid Overall Standard Deviation'
 'Spectral Flux Overall Standard Deviation'
 'Spectral Variability Overall Standard Deviation'
 'Root Mean Square Overall Standard Deviation'
 'Zero Crossings Overall Standard Deviation'
 'Method of Moments Overall Standard Deviation 2'
 'Method of Moments Overall Standard Deviation 3'
 'Method of Moments Overall Standard Deviation 4'
 'Method of Moments Overall Standard Deviation 5'
 'Spectral Centroid Overall Average'
 'Spectral Rolloff Point Overall Average' 'Spectral Flux Overall Average'
 'Spectral Variability Overall Average' 'Root Mean Square Overall Average'
 'Zero Crossings Overall Average' 'MFCC Overall Average 1'
 'MFCC Overall Average 2' 'LPC Overall Average 1' 'LPC Overall Average 2'
 'Method of Moments Overall Average 1'
 'Method of Moments Overall Average 2'
 'Method of Moments Overall Average 3'
 'Method of Moments Overall Average 4'
 'Method of Moments Overall Average 5' 'Chroma feature 2'
 'Chroma feature 3' 'Chroma feature 8' 'Chroma feature 9']","{'memory': None, 'steps': [('Imputer', SimpleImputer()), ('Scaler', StandardScaler()), ('Selector', SelectFromModel(estimator=LinearSVC(random_state=42), max_features=32)), ('Classifier', Pipeline(steps=[('SVC',
                 OneVsRestClassifier(estimator=SVC(C=10, cache_size=500,
                                                   class_weight='balanced',
                                                   coef0=2, degree=2, gamma=0.1,
                                                   kernel='poly',
                                                   max_iter=1000000,
                                                   probability=True,
                                                   random_state=42)))]))], 'transform_input': None, 'verbose': False, 'Imputer': SimpleImputer(), 'Scaler': StandardScaler(), 'Selector': SelectFromModel(estimator=LinearSVC(random_state=42), max_features=32), 'Classifier': Pipeline(steps=[('SVC',
                 OneVsRestClassifier(estimator=SVC(C=10, cache_size=500,
                                                   class_weight='balanced',
                                                   coef0=2, degree=2, gamma=0.1,
                                                   kernel='poly',
                                                   max_iter=1000000,
                                                   probability=True,
                                                   random_state=42)))]), 'Imputer__add_indicator': False, 'Imputer__copy': True, 'Imputer__fill_value': None, 'Imputer__keep_empty_features': False, 'Imputer__missing_values': nan, 'Imputer__strategy': 'mean', 'Scaler__copy': True, 'Scaler__with_mean': True, 'Scaler__with_std': True, 'Selector__estimator__C': 1.0, 'Selector__estimator__class_weight': None, 'Selector__estimator__dual': 'auto', 'Selector__estimator__fit_intercept': True, 'Selector__estimator__intercept_scaling': 1, 'Selector__estimator__loss': 'squared_hinge', 'Selector__estimator__max_iter': 1000, 'Selector__estimator__multi_class': 'ovr', 'Selector__estimator__penalty': 'l2', 'Selector__estimator__random_state': 42, 'Selector__estimator__tol': 0.0001, 'Selector__estimator__verbose': 0, 'Selector__estimator': LinearSVC(random_state=42), 'Selector__importance_getter': 'auto', 'Selector__max_features': 32, 'Selector__norm_order': 1, 'Selector__prefit': False, 'Selector__threshold': None, 'Classifier__memory': None, 'Classifier__steps': [('SVC', OneVsRestClassifier(estimator=SVC(C=10, cache_size=500, class_weight='balanced',
                                  coef0=2, degree=2, gamma=0.1, kernel='poly',
                                  max_iter=1000000, probability=True,
                                  random_state=42)))], 'Classifier__transform_input': None, 'Classifier__verbose': False, 'Classifier__SVC': OneVsRestClassifier(estimator=SVC(C=10, cache_size=500, class_weight='balanced',
                                  coef0=2, degree=2, gamma=0.1, kernel='poly',
                                  max_iter=1000000, probability=True,
                                  random_state=42)), 'Classifier__SVC__estimator__C': 10, 'Classifier__SVC__estimator__break_ties': False, 'Classifier__SVC__estimator__cache_size': 500, 'Classifier__SVC__estimator__class_weight': 'balanced', 'Classifier__SVC__estimator__coef0': 2, 'Classifier__SVC__estimator__decision_function_shape': 'ovr', 'Classifier__SVC__estimator__degree': 2, 'Classifier__SVC__estimator__gamma': 0.1, 'Classifier__SVC__estimator__kernel': 'poly', 'Classifier__SVC__estimator__max_iter': 1000000, 'Classifier__SVC__estimator__probability': True, 'Classifier__SVC__estimator__random_state': 42, 'Classifier__SVC__estimator__shrinking': True, 'Classifier__SVC__estimator__tol': 0.001, 'Classifier__SVC__estimator__verbose': False, 'Classifier__SVC__estimator': SVC(C=10, cache_size=500, class_weight='balanced', coef0=2, degree=2, gamma=0.1,
    kernel='poly', max_iter=1000000, probability=True, random_state=42), 'Classifier__SVC__n_jobs': None, 'Classifier__SVC__verbose': 0}","['Spectral Centroid Overall Standard Deviation'
 'Spectral Rolloff Point Overall Standard Deviation'
 'Compactness Overall Standard Deviation'
 'Spectral Variability Overall Standard Deviation'
 'Root Mean Square Overall Standard Deviation'
 'Zero Crossings Overall Standard Deviation'
 'MFCC Overall Standard Deviation 1' 'LPC Overall Standard Deviation 7'
 'LPC Overall Standard Deviation 9'
 'Method of Moments Overall Standard Deviation 1'
 'Method of Moments Overall Standard Deviation 2'
 'Method of Moments Overall Standard Deviation 3'
 'Method of Moments Overall Standard Deviation 4'
 'Method of Moments Overall Standard Deviation 5'
 'Spectral Centroid Overall Average'
 'Spectral Rolloff Point Overall Average' 'Spectral Flux Overall Average'
 'Compactness Overall Average' 'Spectral Variability Overall Average'
 'Root Mean Square Overall Average' 'Zero Crossings Overall Average'
 'MFCC Overall Average 1' 'LPC Overall Average 1' 'LPC Overall Average 2'
 'Method of Moments Overall Average 1'
 'Method of Moments Overall Average 2'
 'Method of Moments Overall Average 3'
 'Method of Moments Overall Average 4'
 'Method of Moments Overall Average 5' 'Chroma feature 0'
 'Chroma feature 1' 'Chroma feature 10']",0.4430379746835443,0.2645021645021645,0.36530020703933747
31,Instrumental + Vocals,False,"{'memory': None, 'steps': [('Imputer', SimpleImputer()), ('Scaler', StandardScaler()), ('Selector', SelectFromModel(estimator=LinearSVC(random_state=42), max_features=28)), ('Classifier', Pipeline(steps=[('SVC',
                 OneVsRestClassifier(estimator=SVC(C=0.1, cache_size=500,
                                                   class_weight='balanced',
                                                   coef0=4, degree=6,
                                                   gamma=0.01, kernel='poly',
                                                   max_iter=1000000,
                                                   probability=True,
                                                   random_state=42)))]))], 'transform_input': None, 'verbose': False, 'Imputer': SimpleImputer(), 'Scaler': StandardScaler(), 'Selector': SelectFromModel(estimator=LinearSVC(random_state=42), max_features=28), 'Classifier': Pipeline(steps=[('SVC',
                 OneVsRestClassifier(estimator=SVC(C=0.1, cache_size=500,
                                                   class_weight='balanced',
                                                   coef0=4, degree=6,
                                                   gamma=0.01, kernel='poly',
                                                   max_iter=1000000,
                                                   probability=True,
                                                   random_state=42)))]), 'Imputer__add_indicator': False, 'Imputer__copy': True, 'Imputer__fill_value': None, 'Imputer__keep_empty_features': False, 'Imputer__missing_values': nan, 'Imputer__strategy': 'mean', 'Scaler__copy': True, 'Scaler__with_mean': True, 'Scaler__with_std': True, 'Selector__estimator__C': 1.0, 'Selector__estimator__class_weight': None, 'Selector__estimator__dual': 'auto', 'Selector__estimator__fit_intercept': True, 'Selector__estimator__intercept_scaling': 1, 'Selector__estimator__loss': 'squared_hinge', 'Selector__estimator__max_iter': 1000, 'Selector__estimator__multi_class': 'ovr', 'Selector__estimator__penalty': 'l2', 'Selector__estimator__random_state': 42, 'Selector__estimator__tol': 0.0001, 'Selector__estimator__verbose': 0, 'Selector__estimator': LinearSVC(random_state=42), 'Selector__importance_getter': 'auto', 'Selector__max_features': 28, 'Selector__norm_order': 1, 'Selector__prefit': False, 'Selector__threshold': None, 'Classifier__memory': None, 'Classifier__steps': [('SVC', OneVsRestClassifier(estimator=SVC(C=0.1, cache_size=500,
                                  class_weight='balanced', coef0=4, degree=6,
                                  gamma=0.01, kernel='poly', max_iter=1000000,
                                  probability=True, random_state=42)))], 'Classifier__transform_input': None, 'Classifier__verbose': False, 'Classifier__SVC': OneVsRestClassifier(estimator=SVC(C=0.1, cache_size=500,
                                  class_weight='balanced', coef0=4, degree=6,
                                  gamma=0.01, kernel='poly', max_iter=1000000,
                                  probability=True, random_state=42)), 'Classifier__SVC__estimator__C': 0.1, 'Classifier__SVC__estimator__break_ties': False, 'Classifier__SVC__estimator__cache_size': 500, 'Classifier__SVC__estimator__class_weight': 'balanced', 'Classifier__SVC__estimator__coef0': 4, 'Classifier__SVC__estimator__decision_function_shape': 'ovr', 'Classifier__SVC__estimator__degree': 6, 'Classifier__SVC__estimator__gamma': 0.01, 'Classifier__SVC__estimator__kernel': 'poly', 'Classifier__SVC__estimator__max_iter': 1000000, 'Classifier__SVC__estimator__probability': True, 'Classifier__SVC__estimator__random_state': 42, 'Classifier__SVC__estimator__shrinking': True, 'Classifier__SVC__estimator__tol': 0.001, 'Classifier__SVC__estimator__verbose': False, 'Classifier__SVC__estimator': SVC(C=0.1, cache_size=500, class_weight='balanced', coef0=4, degree=6,
    gamma=0.01, kernel='poly', max_iter=1000000, probability=True,
    random_state=42), 'Classifier__SVC__n_jobs': None, 'Classifier__SVC__verbose': 0}","['Spectral Centroid Overall Standard Deviation'
 'Spectral Flux Overall Standard Deviation'
 'Spectral Variability Overall Standard Deviation'
 'Root Mean Square Overall Standard Deviation'
 'Zero Crossings Overall Standard Deviation'
 'Method of Moments Overall Standard Deviation 2'
 'Method of Moments Overall Standard Deviation 3'
 'Method of Moments Overall Standard Deviation 4'
 'Method of Moments Overall Standard Deviation 5'
 'Spectral Centroid Overall Average'
 'Spectral Rolloff Point Overall Average' 'Spectral Flux Overall Average'
 'Spectral Variability Overall Average' 'Root Mean Square Overall Average'
 'Zero Crossings Overall Average' 'MFCC Overall Average 1'
 'MFCC Overall Average 2' 'LPC Overall Average 1' 'LPC Overall Average 2'
 'Method of Moments Overall Average 1'
 'Method of Moments Overall Average 2'
 'Method of Moments Overall Average 3'
 'Method of Moments Overall Average 4'
 'Method of Moments Overall Average 5' 'Chroma feature 2'
 'Chroma feature 3' 'Chroma feature 8' 'Chroma feature 9']","{'memory': None, 'steps': [('Imputer', SimpleImputer()), ('Scaler', StandardScaler()), ('Selector', SelectFromModel(estimator=LinearSVC(random_state=42), max_features=32)), ('Classifier', Pipeline(steps=[('SVC',
                 OneVsRestClassifier(estimator=SVC(C=1, cache_size=500,
                                                   class_weight='balanced',
                                                   coef0=2, degree=6,
                                                   gamma=0.01, kernel='poly',
                                                   max_iter=1000000,
                                                   probability=True,
                                                   random_state=42)))]))], 'transform_input': None, 'verbose': False, 'Imputer': SimpleImputer(), 'Scaler': StandardScaler(), 'Selector': SelectFromModel(estimator=LinearSVC(random_state=42), max_features=32), 'Classifier': Pipeline(steps=[('SVC',
                 OneVsRestClassifier(estimator=SVC(C=1, cache_size=500,
                                                   class_weight='balanced',
                                                   coef0=2, degree=6,
                                                   gamma=0.01, kernel='poly',
                                                   max_iter=1000000,
                                                   probability=True,
                                                   random_state=42)))]), 'Imputer__add_indicator': False, 'Imputer__copy': True, 'Imputer__fill_value': None, 'Imputer__keep_empty_features': False, 'Imputer__missing_values': nan, 'Imputer__strategy': 'mean', 'Scaler__copy': True, 'Scaler__with_mean': True, 'Scaler__with_std': True, 'Selector__estimator__C': 1.0, 'Selector__estimator__class_weight': None, 'Selector__estimator__dual': 'auto', 'Selector__estimator__fit_intercept': True, 'Selector__estimator__intercept_scaling': 1, 'Selector__estimator__loss': 'squared_hinge', 'Selector__estimator__max_iter': 1000, 'Selector__estimator__multi_class': 'ovr', 'Selector__estimator__penalty': 'l2', 'Selector__estimator__random_state': 42, 'Selector__estimator__tol': 0.0001, 'Selector__estimator__verbose': 0, 'Selector__estimator': LinearSVC(random_state=42), 'Selector__importance_getter': 'auto', 'Selector__max_features': 32, 'Selector__norm_order': 1, 'Selector__prefit': False, 'Selector__threshold': None, 'Classifier__memory': None, 'Classifier__steps': [('SVC', OneVsRestClassifier(estimator=SVC(C=1, cache_size=500, class_weight='balanced',
                                  coef0=2, degree=6, gamma=0.01, kernel='poly',
                                  max_iter=1000000, probability=True,
                                  random_state=42)))], 'Classifier__transform_input': None, 'Classifier__verbose': False, 'Classifier__SVC': OneVsRestClassifier(estimator=SVC(C=1, cache_size=500, class_weight='balanced',
                                  coef0=2, degree=6, gamma=0.01, kernel='poly',
                                  max_iter=1000000, probability=True,
                                  random_state=42)), 'Classifier__SVC__estimator__C': 1, 'Classifier__SVC__estimator__break_ties': False, 'Classifier__SVC__estimator__cache_size': 500, 'Classifier__SVC__estimator__class_weight': 'balanced', 'Classifier__SVC__estimator__coef0': 2, 'Classifier__SVC__estimator__decision_function_shape': 'ovr', 'Classifier__SVC__estimator__degree': 6, 'Classifier__SVC__estimator__gamma': 0.01, 'Classifier__SVC__estimator__kernel': 'poly', 'Classifier__SVC__estimator__max_iter': 1000000, 'Classifier__SVC__estimator__probability': True, 'Classifier__SVC__estimator__random_state': 42, 'Classifier__SVC__estimator__shrinking': True, 'Classifier__SVC__estimator__tol': 0.001, 'Classifier__SVC__estimator__verbose': False, 'Classifier__SVC__estimator': SVC(C=1, cache_size=500, class_weight='balanced', coef0=2, degree=6, gamma=0.01,
    kernel='poly', max_iter=1000000, probability=True, random_state=42), 'Classifier__SVC__n_jobs': None, 'Classifier__SVC__verbose': 0}","['Spectral Centroid Overall Standard Deviation'
 'Spectral Rolloff Point Overall Standard Deviation'
 'Compactness Overall Standard Deviation'
 'Spectral Variability Overall Standard Deviation'
 'Root Mean Square Overall Standard Deviation'
 'Zero Crossings Overall Standard Deviation'
 'MFCC Overall Standard Deviation 1' 'LPC Overall Standard Deviation 7'
 'LPC Overall Standard Deviation 9'
 'Method of Moments Overall Standard Deviation 1'
 'Method of Moments Overall Standard Deviation 2'
 'Method of Moments Overall Standard Deviation 3'
 'Method of Moments Overall Standard Deviation 4'
 'Method of Moments Overall Standard Deviation 5'
 'Spectral Centroid Overall Average'
 'Spectral Rolloff Point Overall Average' 'Spectral Flux Overall Average'
 'Compactness Overall Average' 'Spectral Variability Overall Average'
 'Root Mean Square Overall Average' 'Zero Crossings Overall Average'
 'MFCC Overall Average 1' 'LPC Overall Average 1' 'LPC Overall Average 2'
 'Method of Moments Overall Average 1'
 'Method of Moments Overall Average 2'
 'Method of Moments Overall Average 3'
 'Method of Moments Overall Average 4'
 'Method of Moments Overall Average 5' 'Chroma feature 0'
 'Chroma feature 1' 'Chroma feature 10']",0.4430379746835443,0.2645021645021645,0.3464646464646465
32,Instrumental + Vocals,False,"{'memory': None, 'steps': [('Imputer', SimpleImputer()), ('Scaler', StandardScaler()), ('Selector', SelectFromModel(estimator=LinearSVC(random_state=42), max_features=28)), ('Classifier', Pipeline(steps=[('SVC',
                 OneVsRestClassifier(estimator=SVC(C=0.1, cache_size=500,
                                                   class_weight='balanced',
                                                   coef0=4, degree=6,
                                                   gamma=0.01, kernel='poly',
                                                   max_iter=1000000,
                                                   probability=True,
                                                   random_state=42)))]))], 'transform_input': None, 'verbose': False, 'Imputer': SimpleImputer(), 'Scaler': StandardScaler(), 'Selector': SelectFromModel(estimator=LinearSVC(random_state=42), max_features=28), 'Classifier': Pipeline(steps=[('SVC',
                 OneVsRestClassifier(estimator=SVC(C=0.1, cache_size=500,
                                                   class_weight='balanced',
                                                   coef0=4, degree=6,
                                                   gamma=0.01, kernel='poly',
                                                   max_iter=1000000,
                                                   probability=True,
                                                   random_state=42)))]), 'Imputer__add_indicator': False, 'Imputer__copy': True, 'Imputer__fill_value': None, 'Imputer__keep_empty_features': False, 'Imputer__missing_values': nan, 'Imputer__strategy': 'mean', 'Scaler__copy': True, 'Scaler__with_mean': True, 'Scaler__with_std': True, 'Selector__estimator__C': 1.0, 'Selector__estimator__class_weight': None, 'Selector__estimator__dual': 'auto', 'Selector__estimator__fit_intercept': True, 'Selector__estimator__intercept_scaling': 1, 'Selector__estimator__loss': 'squared_hinge', 'Selector__estimator__max_iter': 1000, 'Selector__estimator__multi_class': 'ovr', 'Selector__estimator__penalty': 'l2', 'Selector__estimator__random_state': 42, 'Selector__estimator__tol': 0.0001, 'Selector__estimator__verbose': 0, 'Selector__estimator': LinearSVC(random_state=42), 'Selector__importance_getter': 'auto', 'Selector__max_features': 28, 'Selector__norm_order': 1, 'Selector__prefit': False, 'Selector__threshold': None, 'Classifier__memory': None, 'Classifier__steps': [('SVC', OneVsRestClassifier(estimator=SVC(C=0.1, cache_size=500,
                                  class_weight='balanced', coef0=4, degree=6,
                                  gamma=0.01, kernel='poly', max_iter=1000000,
                                  probability=True, random_state=42)))], 'Classifier__transform_input': None, 'Classifier__verbose': False, 'Classifier__SVC': OneVsRestClassifier(estimator=SVC(C=0.1, cache_size=500,
                                  class_weight='balanced', coef0=4, degree=6,
                                  gamma=0.01, kernel='poly', max_iter=1000000,
                                  probability=True, random_state=42)), 'Classifier__SVC__estimator__C': 0.1, 'Classifier__SVC__estimator__break_ties': False, 'Classifier__SVC__estimator__cache_size': 500, 'Classifier__SVC__estimator__class_weight': 'balanced', 'Classifier__SVC__estimator__coef0': 4, 'Classifier__SVC__estimator__decision_function_shape': 'ovr', 'Classifier__SVC__estimator__degree': 6, 'Classifier__SVC__estimator__gamma': 0.01, 'Classifier__SVC__estimator__kernel': 'poly', 'Classifier__SVC__estimator__max_iter': 1000000, 'Classifier__SVC__estimator__probability': True, 'Classifier__SVC__estimator__random_state': 42, 'Classifier__SVC__estimator__shrinking': True, 'Classifier__SVC__estimator__tol': 0.001, 'Classifier__SVC__estimator__verbose': False, 'Classifier__SVC__estimator': SVC(C=0.1, cache_size=500, class_weight='balanced', coef0=4, degree=6,
    gamma=0.01, kernel='poly', max_iter=1000000, probability=True,
    random_state=42), 'Classifier__SVC__n_jobs': None, 'Classifier__SVC__verbose': 0}","['Spectral Centroid Overall Standard Deviation'
 'Spectral Flux Overall Standard Deviation'
 'Spectral Variability Overall Standard Deviation'
 'Root Mean Square Overall Standard Deviation'
 'Zero Crossings Overall Standard Deviation'
 'Method of Moments Overall Standard Deviation 2'
 'Method of Moments Overall Standard Deviation 3'
 'Method of Moments Overall Standard Deviation 4'
 'Method of Moments Overall Standard Deviation 5'
 'Spectral Centroid Overall Average'
 'Spectral Rolloff Point Overall Average' 'Spectral Flux Overall Average'
 'Spectral Variability Overall Average' 'Root Mean Square Overall Average'
 'Zero Crossings Overall Average' 'MFCC Overall Average 1'
 'MFCC Overall Average 2' 'LPC Overall Average 1' 'LPC Overall Average 2'
 'Method of Moments Overall Average 1'
 'Method of Moments Overall Average 2'
 'Method of Moments Overall Average 3'
 'Method of Moments Overall Average 4'
 'Method of Moments Overall Average 5' 'Chroma feature 2'
 'Chroma feature 3' 'Chroma feature 8' 'Chroma feature 9']","{'memory': None, 'steps': [('Imputer', SimpleImputer()), ('Scaler', StandardScaler()), ('Selector', SelectFromModel(estimator=LinearSVC(random_state=42), max_features=32)), ('Classifier', Pipeline(steps=[('SVC',
                 OneVsRestClassifier(estimator=SVC(C=10, cache_size=500,
                                                   class_weight='balanced',
                                                   coef0=4, degree=2, gamma=0.1,
                                                   kernel='poly',
                                                   max_iter=1000000,
                                                   probability=True,
                                                   random_state=42)))]))], 'transform_input': None, 'verbose': False, 'Imputer': SimpleImputer(), 'Scaler': StandardScaler(), 'Selector': SelectFromModel(estimator=LinearSVC(random_state=42), max_features=32), 'Classifier': Pipeline(steps=[('SVC',
                 OneVsRestClassifier(estimator=SVC(C=10, cache_size=500,
                                                   class_weight='balanced',
                                                   coef0=4, degree=2, gamma=0.1,
                                                   kernel='poly',
                                                   max_iter=1000000,
                                                   probability=True,
                                                   random_state=42)))]), 'Imputer__add_indicator': False, 'Imputer__copy': True, 'Imputer__fill_value': None, 'Imputer__keep_empty_features': False, 'Imputer__missing_values': nan, 'Imputer__strategy': 'mean', 'Scaler__copy': True, 'Scaler__with_mean': True, 'Scaler__with_std': True, 'Selector__estimator__C': 1.0, 'Selector__estimator__class_weight': None, 'Selector__estimator__dual': 'auto', 'Selector__estimator__fit_intercept': True, 'Selector__estimator__intercept_scaling': 1, 'Selector__estimator__loss': 'squared_hinge', 'Selector__estimator__max_iter': 1000, 'Selector__estimator__multi_class': 'ovr', 'Selector__estimator__penalty': 'l2', 'Selector__estimator__random_state': 42, 'Selector__estimator__tol': 0.0001, 'Selector__estimator__verbose': 0, 'Selector__estimator': LinearSVC(random_state=42), 'Selector__importance_getter': 'auto', 'Selector__max_features': 32, 'Selector__norm_order': 1, 'Selector__prefit': False, 'Selector__threshold': None, 'Classifier__memory': None, 'Classifier__steps': [('SVC', OneVsRestClassifier(estimator=SVC(C=10, cache_size=500, class_weight='balanced',
                                  coef0=4, degree=2, gamma=0.1, kernel='poly',
                                  max_iter=1000000, probability=True,
                                  random_state=42)))], 'Classifier__transform_input': None, 'Classifier__verbose': False, 'Classifier__SVC': OneVsRestClassifier(estimator=SVC(C=10, cache_size=500, class_weight='balanced',
                                  coef0=4, degree=2, gamma=0.1, kernel='poly',
                                  max_iter=1000000, probability=True,
                                  random_state=42)), 'Classifier__SVC__estimator__C': 10, 'Classifier__SVC__estimator__break_ties': False, 'Classifier__SVC__estimator__cache_size': 500, 'Classifier__SVC__estimator__class_weight': 'balanced', 'Classifier__SVC__estimator__coef0': 4, 'Classifier__SVC__estimator__decision_function_shape': 'ovr', 'Classifier__SVC__estimator__degree': 2, 'Classifier__SVC__estimator__gamma': 0.1, 'Classifier__SVC__estimator__kernel': 'poly', 'Classifier__SVC__estimator__max_iter': 1000000, 'Classifier__SVC__estimator__probability': True, 'Classifier__SVC__estimator__random_state': 42, 'Classifier__SVC__estimator__shrinking': True, 'Classifier__SVC__estimator__tol': 0.001, 'Classifier__SVC__estimator__verbose': False, 'Classifier__SVC__estimator': SVC(C=10, cache_size=500, class_weight='balanced', coef0=4, degree=2, gamma=0.1,
    kernel='poly', max_iter=1000000, probability=True, random_state=42), 'Classifier__SVC__n_jobs': None, 'Classifier__SVC__verbose': 0}","['Spectral Centroid Overall Standard Deviation'
 'Spectral Rolloff Point Overall Standard Deviation'
 'Compactness Overall Standard Deviation'
 'Spectral Variability Overall Standard Deviation'
 'Root Mean Square Overall Standard Deviation'
 'Zero Crossings Overall Standard Deviation'
 'MFCC Overall Standard Deviation 1' 'LPC Overall Standard Deviation 7'
 'LPC Overall Standard Deviation 9'
 'Method of Moments Overall Standard Deviation 1'
 'Method of Moments Overall Standard Deviation 2'
 'Method of Moments Overall Standard Deviation 3'
 'Method of Moments Overall Standard Deviation 4'
 'Method of Moments Overall Standard Deviation 5'
 'Spectral Centroid Overall Average'
 'Spectral Rolloff Point Overall Average' 'Spectral Flux Overall Average'
 'Compactness Overall Average' 'Spectral Variability Overall Average'
 'Root Mean Square Overall Average' 'Zero Crossings Overall Average'
 'MFCC Overall Average 1' 'LPC Overall Average 1' 'LPC Overall Average 2'
 'Method of Moments Overall Average 1'
 'Method of Moments Overall Average 2'
 'Method of Moments Overall Average 3'
 'Method of Moments Overall Average 4'
 'Method of Moments Overall Average 5' 'Chroma feature 0'
 'Chroma feature 1' 'Chroma feature 10']",0.4430379746835443,0.2645021645021645,0.36530020703933747
33,Mixed + Mixed,False,"{'memory': None, 'steps': [('Imputer', SimpleImputer()), ('Scaler', StandardScaler()), ('Selector', SelectFromModel(estimator=LinearSVC(random_state=42), max_features=12)), ('Classifier', Pipeline(steps=[('SVC',
                 OneVsRestClassifier(estimator=SVC(C=0.1, cache_size=500,
                                                   class_weight='balanced',
                                                   coef0=6, degree=8,
                                                   gamma=0.01, kernel='poly',
                                                   max_iter=1000000,
                                                   probability=True,
                                                   random_state=42)))]))], 'transform_input': None, 'verbose': False, 'Imputer': SimpleImputer(), 'Scaler': StandardScaler(), 'Selector': SelectFromModel(estimator=LinearSVC(random_state=42), max_features=12), 'Classifier': Pipeline(steps=[('SVC',
                 OneVsRestClassifier(estimator=SVC(C=0.1, cache_size=500,
                                                   class_weight='balanced',
                                                   coef0=6, degree=8,
                                                   gamma=0.01, kernel='poly',
                                                   max_iter=1000000,
                                                   probability=True,
                                                   random_state=42)))]), 'Imputer__add_indicator': False, 'Imputer__copy': True, 'Imputer__fill_value': None, 'Imputer__keep_empty_features': False, 'Imputer__missing_values': nan, 'Imputer__strategy': 'mean', 'Scaler__copy': True, 'Scaler__with_mean': True, 'Scaler__with_std': True, 'Selector__estimator__C': 1.0, 'Selector__estimator__class_weight': None, 'Selector__estimator__dual': 'auto', 'Selector__estimator__fit_intercept': True, 'Selector__estimator__intercept_scaling': 1, 'Selector__estimator__loss': 'squared_hinge', 'Selector__estimator__max_iter': 1000, 'Selector__estimator__multi_class': 'ovr', 'Selector__estimator__penalty': 'l2', 'Selector__estimator__random_state': 42, 'Selector__estimator__tol': 0.0001, 'Selector__estimator__verbose': 0, 'Selector__estimator': LinearSVC(random_state=42), 'Selector__importance_getter': 'auto', 'Selector__max_features': 12, 'Selector__norm_order': 1, 'Selector__prefit': False, 'Selector__threshold': None, 'Classifier__memory': None, 'Classifier__steps': [('SVC', OneVsRestClassifier(estimator=SVC(C=0.1, cache_size=500,
                                  class_weight='balanced', coef0=6, degree=8,
                                  gamma=0.01, kernel='poly', max_iter=1000000,
                                  probability=True, random_state=42)))], 'Classifier__transform_input': None, 'Classifier__verbose': False, 'Classifier__SVC': OneVsRestClassifier(estimator=SVC(C=0.1, cache_size=500,
                                  class_weight='balanced', coef0=6, degree=8,
                                  gamma=0.01, kernel='poly', max_iter=1000000,
                                  probability=True, random_state=42)), 'Classifier__SVC__estimator__C': 0.1, 'Classifier__SVC__estimator__break_ties': False, 'Classifier__SVC__estimator__cache_size': 500, 'Classifier__SVC__estimator__class_weight': 'balanced', 'Classifier__SVC__estimator__coef0': 6, 'Classifier__SVC__estimator__decision_function_shape': 'ovr', 'Classifier__SVC__estimator__degree': 8, 'Classifier__SVC__estimator__gamma': 0.01, 'Classifier__SVC__estimator__kernel': 'poly', 'Classifier__SVC__estimator__max_iter': 1000000, 'Classifier__SVC__estimator__probability': True, 'Classifier__SVC__estimator__random_state': 42, 'Classifier__SVC__estimator__shrinking': True, 'Classifier__SVC__estimator__tol': 0.001, 'Classifier__SVC__estimator__verbose': False, 'Classifier__SVC__estimator': SVC(C=0.1, cache_size=500, class_weight='balanced', coef0=6, degree=8,
    gamma=0.01, kernel='poly', max_iter=1000000, probability=True,
    random_state=42), 'Classifier__SVC__n_jobs': None, 'Classifier__SVC__verbose': 0}","['Spectral Centroid Overall Standard Deviation'
 'Spectral Variability Overall Standard Deviation'
 'Root Mean Square Overall Standard Deviation'
 'Spectral Centroid Overall Average' 'Spectral Flux Overall Average'
 'Root Mean Square Overall Average' 'Zero Crossings Overall Average'
 'Method of Moments Overall Average 1'
 'Method of Moments Overall Average 2'
 'Method of Moments Overall Average 3'
 'Method of Moments Overall Average 4'
 'Method of Moments Overall Average 5']","{'memory': None, 'steps': [('Imputer', SimpleImputer()), ('Scaler', StandardScaler()), ('Selector', SelectFromModel(estimator=LinearSVC(random_state=42), max_features=16)), ('Classifier', Pipeline(steps=[('SVC',
                 OneVsRestClassifier(estimator=SVC(C=0.1, cache_size=500,
                                                   class_weight='balanced',
                                                   coef0=6, degree=8,
                                                   gamma=0.01, kernel='poly',
                                                   max_iter=1000000,
                                                   probability=True,
                                                   random_state=42)))]))], 'transform_input': None, 'verbose': False, 'Imputer': SimpleImputer(), 'Scaler': StandardScaler(), 'Selector': SelectFromModel(estimator=LinearSVC(random_state=42), max_features=16), 'Classifier': Pipeline(steps=[('SVC',
                 OneVsRestClassifier(estimator=SVC(C=0.1, cache_size=500,
                                                   class_weight='balanced',
                                                   coef0=6, degree=8,
                                                   gamma=0.01, kernel='poly',
                                                   max_iter=1000000,
                                                   probability=True,
                                                   random_state=42)))]), 'Imputer__add_indicator': False, 'Imputer__copy': True, 'Imputer__fill_value': None, 'Imputer__keep_empty_features': False, 'Imputer__missing_values': nan, 'Imputer__strategy': 'mean', 'Scaler__copy': True, 'Scaler__with_mean': True, 'Scaler__with_std': True, 'Selector__estimator__C': 1.0, 'Selector__estimator__class_weight': None, 'Selector__estimator__dual': 'auto', 'Selector__estimator__fit_intercept': True, 'Selector__estimator__intercept_scaling': 1, 'Selector__estimator__loss': 'squared_hinge', 'Selector__estimator__max_iter': 1000, 'Selector__estimator__multi_class': 'ovr', 'Selector__estimator__penalty': 'l2', 'Selector__estimator__random_state': 42, 'Selector__estimator__tol': 0.0001, 'Selector__estimator__verbose': 0, 'Selector__estimator': LinearSVC(random_state=42), 'Selector__importance_getter': 'auto', 'Selector__max_features': 16, 'Selector__norm_order': 1, 'Selector__prefit': False, 'Selector__threshold': None, 'Classifier__memory': None, 'Classifier__steps': [('SVC', OneVsRestClassifier(estimator=SVC(C=0.1, cache_size=500,
                                  class_weight='balanced', coef0=6, degree=8,
                                  gamma=0.01, kernel='poly', max_iter=1000000,
                                  probability=True, random_state=42)))], 'Classifier__transform_input': None, 'Classifier__verbose': False, 'Classifier__SVC': OneVsRestClassifier(estimator=SVC(C=0.1, cache_size=500,
                                  class_weight='balanced', coef0=6, degree=8,
                                  gamma=0.01, kernel='poly', max_iter=1000000,
                                  probability=True, random_state=42)), 'Classifier__SVC__estimator__C': 0.1, 'Classifier__SVC__estimator__break_ties': False, 'Classifier__SVC__estimator__cache_size': 500, 'Classifier__SVC__estimator__class_weight': 'balanced', 'Classifier__SVC__estimator__coef0': 6, 'Classifier__SVC__estimator__decision_function_shape': 'ovr', 'Classifier__SVC__estimator__degree': 8, 'Classifier__SVC__estimator__gamma': 0.01, 'Classifier__SVC__estimator__kernel': 'poly', 'Classifier__SVC__estimator__max_iter': 1000000, 'Classifier__SVC__estimator__probability': True, 'Classifier__SVC__estimator__random_state': 42, 'Classifier__SVC__estimator__shrinking': True, 'Classifier__SVC__estimator__tol': 0.001, 'Classifier__SVC__estimator__verbose': False, 'Classifier__SVC__estimator': SVC(C=0.1, cache_size=500, class_weight='balanced', coef0=6, degree=8,
    gamma=0.01, kernel='poly', max_iter=1000000, probability=True,
    random_state=42), 'Classifier__SVC__n_jobs': None, 'Classifier__SVC__verbose': 0}","['Spectral Centroid Overall Standard Deviation'
 'Spectral Variability Overall Standard Deviation'
 'Root Mean Square Overall Standard Deviation'
 'Zero Crossings Overall Standard Deviation'
 'LPC Overall Standard Deviation 1'
 'Method of Moments Overall Standard Deviation 2'
 'Spectral Centroid Overall Average' 'Spectral Flux Overall Average'
 'Root Mean Square Overall Average' 'Zero Crossings Overall Average'
 'LPC Overall Average 1' 'Method of Moments Overall Average 1'
 'Method of Moments Overall Average 2'
 'Method of Moments Overall Average 3'
 'Method of Moments Overall Average 4'
 'Method of Moments Overall Average 5']",0.35443037974683544,0.19242424242424241,0.5940212150433944
34,Mixed + Mixed,False,"{'memory': None, 'steps': [('Imputer', SimpleImputer()), ('Scaler', StandardScaler()), ('Selector', SelectFromModel(estimator=LinearSVC(random_state=42), max_features=12)), ('Classifier', Pipeline(steps=[('SVC',
                 OneVsRestClassifier(estimator=SVC(C=0.1, cache_size=500,
                                                   class_weight='balanced',
                                                   coef0=6, degree=8,
                                                   gamma=0.01, kernel='poly',
                                                   max_iter=1000000,
                                                   probability=True,
                                                   random_state=42)))]))], 'transform_input': None, 'verbose': False, 'Imputer': SimpleImputer(), 'Scaler': StandardScaler(), 'Selector': SelectFromModel(estimator=LinearSVC(random_state=42), max_features=12), 'Classifier': Pipeline(steps=[('SVC',
                 OneVsRestClassifier(estimator=SVC(C=0.1, cache_size=500,
                                                   class_weight='balanced',
                                                   coef0=6, degree=8,
                                                   gamma=0.01, kernel='poly',
                                                   max_iter=1000000,
                                                   probability=True,
                                                   random_state=42)))]), 'Imputer__add_indicator': False, 'Imputer__copy': True, 'Imputer__fill_value': None, 'Imputer__keep_empty_features': False, 'Imputer__missing_values': nan, 'Imputer__strategy': 'mean', 'Scaler__copy': True, 'Scaler__with_mean': True, 'Scaler__with_std': True, 'Selector__estimator__C': 1.0, 'Selector__estimator__class_weight': None, 'Selector__estimator__dual': 'auto', 'Selector__estimator__fit_intercept': True, 'Selector__estimator__intercept_scaling': 1, 'Selector__estimator__loss': 'squared_hinge', 'Selector__estimator__max_iter': 1000, 'Selector__estimator__multi_class': 'ovr', 'Selector__estimator__penalty': 'l2', 'Selector__estimator__random_state': 42, 'Selector__estimator__tol': 0.0001, 'Selector__estimator__verbose': 0, 'Selector__estimator': LinearSVC(random_state=42), 'Selector__importance_getter': 'auto', 'Selector__max_features': 12, 'Selector__norm_order': 1, 'Selector__prefit': False, 'Selector__threshold': None, 'Classifier__memory': None, 'Classifier__steps': [('SVC', OneVsRestClassifier(estimator=SVC(C=0.1, cache_size=500,
                                  class_weight='balanced', coef0=6, degree=8,
                                  gamma=0.01, kernel='poly', max_iter=1000000,
                                  probability=True, random_state=42)))], 'Classifier__transform_input': None, 'Classifier__verbose': False, 'Classifier__SVC': OneVsRestClassifier(estimator=SVC(C=0.1, cache_size=500,
                                  class_weight='balanced', coef0=6, degree=8,
                                  gamma=0.01, kernel='poly', max_iter=1000000,
                                  probability=True, random_state=42)), 'Classifier__SVC__estimator__C': 0.1, 'Classifier__SVC__estimator__break_ties': False, 'Classifier__SVC__estimator__cache_size': 500, 'Classifier__SVC__estimator__class_weight': 'balanced', 'Classifier__SVC__estimator__coef0': 6, 'Classifier__SVC__estimator__decision_function_shape': 'ovr', 'Classifier__SVC__estimator__degree': 8, 'Classifier__SVC__estimator__gamma': 0.01, 'Classifier__SVC__estimator__kernel': 'poly', 'Classifier__SVC__estimator__max_iter': 1000000, 'Classifier__SVC__estimator__probability': True, 'Classifier__SVC__estimator__random_state': 42, 'Classifier__SVC__estimator__shrinking': True, 'Classifier__SVC__estimator__tol': 0.001, 'Classifier__SVC__estimator__verbose': False, 'Classifier__SVC__estimator': SVC(C=0.1, cache_size=500, class_weight='balanced', coef0=6, degree=8,
    gamma=0.01, kernel='poly', max_iter=1000000, probability=True,
    random_state=42), 'Classifier__SVC__n_jobs': None, 'Classifier__SVC__verbose': 0}","['Spectral Centroid Overall Standard Deviation'
 'Spectral Variability Overall Standard Deviation'
 'Root Mean Square Overall Standard Deviation'
 'Spectral Centroid Overall Average' 'Spectral Flux Overall Average'
 'Root Mean Square Overall Average' 'Zero Crossings Overall Average'
 'Method of Moments Overall Average 1'
 'Method of Moments Overall Average 2'
 'Method of Moments Overall Average 3'
 'Method of Moments Overall Average 4'
 'Method of Moments Overall Average 5']","{'memory': None, 'steps': [('Imputer', SimpleImputer()), ('Scaler', MinMaxScaler()), ('Selector', SelectFromModel(estimator=LinearSVC(random_state=42), max_features=32)), ('Classifier', Pipeline(steps=[('SVC',
                 OneVsRestClassifier(estimator=SVC(C=10, cache_size=500,
                                                   class_weight='balanced',
                                                   coef0=8, degree=6,
                                                   gamma=0.01, kernel='poly',
                                                   max_iter=1000000,
                                                   probability=True,
                                                   random_state=42)))]))], 'transform_input': None, 'verbose': False, 'Imputer': SimpleImputer(), 'Scaler': MinMaxScaler(), 'Selector': SelectFromModel(estimator=LinearSVC(random_state=42), max_features=32), 'Classifier': Pipeline(steps=[('SVC',
                 OneVsRestClassifier(estimator=SVC(C=10, cache_size=500,
                                                   class_weight='balanced',
                                                   coef0=8, degree=6,
                                                   gamma=0.01, kernel='poly',
                                                   max_iter=1000000,
                                                   probability=True,
                                                   random_state=42)))]), 'Imputer__add_indicator': False, 'Imputer__copy': True, 'Imputer__fill_value': None, 'Imputer__keep_empty_features': False, 'Imputer__missing_values': nan, 'Imputer__strategy': 'mean', 'Scaler__clip': False, 'Scaler__copy': True, 'Scaler__feature_range': (0, 1), 'Selector__estimator__C': 1.0, 'Selector__estimator__class_weight': None, 'Selector__estimator__dual': 'auto', 'Selector__estimator__fit_intercept': True, 'Selector__estimator__intercept_scaling': 1, 'Selector__estimator__loss': 'squared_hinge', 'Selector__estimator__max_iter': 1000, 'Selector__estimator__multi_class': 'ovr', 'Selector__estimator__penalty': 'l2', 'Selector__estimator__random_state': 42, 'Selector__estimator__tol': 0.0001, 'Selector__estimator__verbose': 0, 'Selector__estimator': LinearSVC(random_state=42), 'Selector__importance_getter': 'auto', 'Selector__max_features': 32, 'Selector__norm_order': 1, 'Selector__prefit': False, 'Selector__threshold': None, 'Classifier__memory': None, 'Classifier__steps': [('SVC', OneVsRestClassifier(estimator=SVC(C=10, cache_size=500, class_weight='balanced',
                                  coef0=8, degree=6, gamma=0.01, kernel='poly',
                                  max_iter=1000000, probability=True,
                                  random_state=42)))], 'Classifier__transform_input': None, 'Classifier__verbose': False, 'Classifier__SVC': OneVsRestClassifier(estimator=SVC(C=10, cache_size=500, class_weight='balanced',
                                  coef0=8, degree=6, gamma=0.01, kernel='poly',
                                  max_iter=1000000, probability=True,
                                  random_state=42)), 'Classifier__SVC__estimator__C': 10, 'Classifier__SVC__estimator__break_ties': False, 'Classifier__SVC__estimator__cache_size': 500, 'Classifier__SVC__estimator__class_weight': 'balanced', 'Classifier__SVC__estimator__coef0': 8, 'Classifier__SVC__estimator__decision_function_shape': 'ovr', 'Classifier__SVC__estimator__degree': 6, 'Classifier__SVC__estimator__gamma': 0.01, 'Classifier__SVC__estimator__kernel': 'poly', 'Classifier__SVC__estimator__max_iter': 1000000, 'Classifier__SVC__estimator__probability': True, 'Classifier__SVC__estimator__random_state': 42, 'Classifier__SVC__estimator__shrinking': True, 'Classifier__SVC__estimator__tol': 0.001, 'Classifier__SVC__estimator__verbose': False, 'Classifier__SVC__estimator': SVC(C=10, cache_size=500, class_weight='balanced', coef0=8, degree=6,
    gamma=0.01, kernel='poly', max_iter=1000000, probability=True,
    random_state=42), 'Classifier__SVC__n_jobs': None, 'Classifier__SVC__verbose': 0}","['Spectral Rolloff Point Overall Standard Deviation'
 'Spectral Flux Overall Standard Deviation'
 'Compactness Overall Standard Deviation'
 'Spectral Variability Overall Standard Deviation'
 'Root Mean Square Overall Standard Deviation'
 'Zero Crossings Overall Standard Deviation'
 'MFCC Overall Standard Deviation 1' 'MFCC Overall Standard Deviation 8'
 'LPC Overall Standard Deviation 1'
 'Method of Moments Overall Standard Deviation 1'
 'Method of Moments Overall Standard Deviation 2'
 'Method of Moments Overall Standard Deviation 4'
 'Method of Moments Overall Standard Deviation 5'
 'Spectral Flux Overall Average' 'Compactness Overall Average'
 'Spectral Variability Overall Average' 'Root Mean Square Overall Average'
 'MFCC Overall Average 1' 'MFCC Overall Average 3'
 'MFCC Overall Average 4' 'MFCC Overall Average 5'
 'MFCC Overall Average 6' 'MFCC Overall Average 11'
 'LPC Overall Average 3' 'LPC Overall Average 6'
 'Method of Moments Overall Average 1'
 'Method of Moments Overall Average 2'
 'Method of Moments Overall Average 3'
 'Method of Moments Overall Average 4' 'Chroma feature 0'
 'Chroma feature 6' 'Chroma feature 11']",0.43037974683544306,0.2807359307359308,0.45071982281284606
35,Mixed + Mixed,False,"{'memory': None, 'steps': [('Imputer', SimpleImputer()), ('Scaler', StandardScaler()), ('Selector', SelectFromModel(estimator=LinearSVC(random_state=42), max_features=16)), ('Classifier', Pipeline(steps=[('SVC',
                 OneVsRestClassifier(estimator=SVC(C=0.1, cache_size=500,
                                                   class_weight='balanced',
                                                   coef0=6, degree=8,
                                                   gamma=0.01, kernel='poly',
                                                   max_iter=1000000,
                                                   probability=True,
                                                   random_state=42)))]))], 'transform_input': None, 'verbose': False, 'Imputer': SimpleImputer(), 'Scaler': StandardScaler(), 'Selector': SelectFromModel(estimator=LinearSVC(random_state=42), max_features=16), 'Classifier': Pipeline(steps=[('SVC',
                 OneVsRestClassifier(estimator=SVC(C=0.1, cache_size=500,
                                                   class_weight='balanced',
                                                   coef0=6, degree=8,
                                                   gamma=0.01, kernel='poly',
                                                   max_iter=1000000,
                                                   probability=True,
                                                   random_state=42)))]), 'Imputer__add_indicator': False, 'Imputer__copy': True, 'Imputer__fill_value': None, 'Imputer__keep_empty_features': False, 'Imputer__missing_values': nan, 'Imputer__strategy': 'mean', 'Scaler__copy': True, 'Scaler__with_mean': True, 'Scaler__with_std': True, 'Selector__estimator__C': 1.0, 'Selector__estimator__class_weight': None, 'Selector__estimator__dual': 'auto', 'Selector__estimator__fit_intercept': True, 'Selector__estimator__intercept_scaling': 1, 'Selector__estimator__loss': 'squared_hinge', 'Selector__estimator__max_iter': 1000, 'Selector__estimator__multi_class': 'ovr', 'Selector__estimator__penalty': 'l2', 'Selector__estimator__random_state': 42, 'Selector__estimator__tol': 0.0001, 'Selector__estimator__verbose': 0, 'Selector__estimator': LinearSVC(random_state=42), 'Selector__importance_getter': 'auto', 'Selector__max_features': 16, 'Selector__norm_order': 1, 'Selector__prefit': False, 'Selector__threshold': None, 'Classifier__memory': None, 'Classifier__steps': [('SVC', OneVsRestClassifier(estimator=SVC(C=0.1, cache_size=500,
                                  class_weight='balanced', coef0=6, degree=8,
                                  gamma=0.01, kernel='poly', max_iter=1000000,
                                  probability=True, random_state=42)))], 'Classifier__transform_input': None, 'Classifier__verbose': False, 'Classifier__SVC': OneVsRestClassifier(estimator=SVC(C=0.1, cache_size=500,
                                  class_weight='balanced', coef0=6, degree=8,
                                  gamma=0.01, kernel='poly', max_iter=1000000,
                                  probability=True, random_state=42)), 'Classifier__SVC__estimator__C': 0.1, 'Classifier__SVC__estimator__break_ties': False, 'Classifier__SVC__estimator__cache_size': 500, 'Classifier__SVC__estimator__class_weight': 'balanced', 'Classifier__SVC__estimator__coef0': 6, 'Classifier__SVC__estimator__decision_function_shape': 'ovr', 'Classifier__SVC__estimator__degree': 8, 'Classifier__SVC__estimator__gamma': 0.01, 'Classifier__SVC__estimator__kernel': 'poly', 'Classifier__SVC__estimator__max_iter': 1000000, 'Classifier__SVC__estimator__probability': True, 'Classifier__SVC__estimator__random_state': 42, 'Classifier__SVC__estimator__shrinking': True, 'Classifier__SVC__estimator__tol': 0.001, 'Classifier__SVC__estimator__verbose': False, 'Classifier__SVC__estimator': SVC(C=0.1, cache_size=500, class_weight='balanced', coef0=6, degree=8,
    gamma=0.01, kernel='poly', max_iter=1000000, probability=True,
    random_state=42), 'Classifier__SVC__n_jobs': None, 'Classifier__SVC__verbose': 0}","['Spectral Centroid Overall Standard Deviation'
 'Spectral Variability Overall Standard Deviation'
 'Root Mean Square Overall Standard Deviation'
 'Zero Crossings Overall Standard Deviation'
 'LPC Overall Standard Deviation 1'
 'Method of Moments Overall Standard Deviation 2'
 'Spectral Centroid Overall Average' 'Spectral Flux Overall Average'
 'Root Mean Square Overall Average' 'Zero Crossings Overall Average'
 'LPC Overall Average 1' 'Method of Moments Overall Average 1'
 'Method of Moments Overall Average 2'
 'Method of Moments Overall Average 3'
 'Method of Moments Overall Average 4'
 'Method of Moments Overall Average 5']","{'memory': None, 'steps': [('Imputer', SimpleImputer()), ('Scaler', StandardScaler()), ('Selector', SelectFromModel(estimator=LinearSVC(random_state=42), max_features=12)), ('Classifier', Pipeline(steps=[('SVC',
                 OneVsRestClassifier(estimator=SVC(C=0.1, cache_size=500,
                                                   class_weight='balanced',
                                                   coef0=6, degree=8,
                                                   gamma=0.01, kernel='poly',
                                                   max_iter=1000000,
                                                   probability=True,
                                                   random_state=42)))]))], 'transform_input': None, 'verbose': False, 'Imputer': SimpleImputer(), 'Scaler': StandardScaler(), 'Selector': SelectFromModel(estimator=LinearSVC(random_state=42), max_features=12), 'Classifier': Pipeline(steps=[('SVC',
                 OneVsRestClassifier(estimator=SVC(C=0.1, cache_size=500,
                                                   class_weight='balanced',
                                                   coef0=6, degree=8,
                                                   gamma=0.01, kernel='poly',
                                                   max_iter=1000000,
                                                   probability=True,
                                                   random_state=42)))]), 'Imputer__add_indicator': False, 'Imputer__copy': True, 'Imputer__fill_value': None, 'Imputer__keep_empty_features': False, 'Imputer__missing_values': nan, 'Imputer__strategy': 'mean', 'Scaler__copy': True, 'Scaler__with_mean': True, 'Scaler__with_std': True, 'Selector__estimator__C': 1.0, 'Selector__estimator__class_weight': None, 'Selector__estimator__dual': 'auto', 'Selector__estimator__fit_intercept': True, 'Selector__estimator__intercept_scaling': 1, 'Selector__estimator__loss': 'squared_hinge', 'Selector__estimator__max_iter': 1000, 'Selector__estimator__multi_class': 'ovr', 'Selector__estimator__penalty': 'l2', 'Selector__estimator__random_state': 42, 'Selector__estimator__tol': 0.0001, 'Selector__estimator__verbose': 0, 'Selector__estimator': LinearSVC(random_state=42), 'Selector__importance_getter': 'auto', 'Selector__max_features': 12, 'Selector__norm_order': 1, 'Selector__prefit': False, 'Selector__threshold': None, 'Classifier__memory': None, 'Classifier__steps': [('SVC', OneVsRestClassifier(estimator=SVC(C=0.1, cache_size=500,
                                  class_weight='balanced', coef0=6, degree=8,
                                  gamma=0.01, kernel='poly', max_iter=1000000,
                                  probability=True, random_state=42)))], 'Classifier__transform_input': None, 'Classifier__verbose': False, 'Classifier__SVC': OneVsRestClassifier(estimator=SVC(C=0.1, cache_size=500,
                                  class_weight='balanced', coef0=6, degree=8,
                                  gamma=0.01, kernel='poly', max_iter=1000000,
                                  probability=True, random_state=42)), 'Classifier__SVC__estimator__C': 0.1, 'Classifier__SVC__estimator__break_ties': False, 'Classifier__SVC__estimator__cache_size': 500, 'Classifier__SVC__estimator__class_weight': 'balanced', 'Classifier__SVC__estimator__coef0': 6, 'Classifier__SVC__estimator__decision_function_shape': 'ovr', 'Classifier__SVC__estimator__degree': 8, 'Classifier__SVC__estimator__gamma': 0.01, 'Classifier__SVC__estimator__kernel': 'poly', 'Classifier__SVC__estimator__max_iter': 1000000, 'Classifier__SVC__estimator__probability': True, 'Classifier__SVC__estimator__random_state': 42, 'Classifier__SVC__estimator__shrinking': True, 'Classifier__SVC__estimator__tol': 0.001, 'Classifier__SVC__estimator__verbose': False, 'Classifier__SVC__estimator': SVC(C=0.1, cache_size=500, class_weight='balanced', coef0=6, degree=8,
    gamma=0.01, kernel='poly', max_iter=1000000, probability=True,
    random_state=42), 'Classifier__SVC__n_jobs': None, 'Classifier__SVC__verbose': 0}","['Spectral Centroid Overall Standard Deviation'
 'Spectral Variability Overall Standard Deviation'
 'Root Mean Square Overall Standard Deviation'
 'Spectral Centroid Overall Average' 'Spectral Flux Overall Average'
 'Root Mean Square Overall Average' 'Zero Crossings Overall Average'
 'Method of Moments Overall Average 1'
 'Method of Moments Overall Average 2'
 'Method of Moments Overall Average 3'
 'Method of Moments Overall Average 4'
 'Method of Moments Overall Average 5']",0.35443037974683544,0.19242424242424241,0.5940212150433944
36,Mixed + Mixed,False,"{'memory': None, 'steps': [('Imputer', SimpleImputer()), ('Scaler', StandardScaler()), ('Selector', SelectFromModel(estimator=LinearSVC(random_state=42), max_features=16)), ('Classifier', Pipeline(steps=[('SVC',
                 OneVsRestClassifier(estimator=SVC(C=0.1, cache_size=500,
                                                   class_weight='balanced',
                                                   coef0=6, degree=8,
                                                   gamma=0.01, kernel='poly',
                                                   max_iter=1000000,
                                                   probability=True,
                                                   random_state=42)))]))], 'transform_input': None, 'verbose': False, 'Imputer': SimpleImputer(), 'Scaler': StandardScaler(), 'Selector': SelectFromModel(estimator=LinearSVC(random_state=42), max_features=16), 'Classifier': Pipeline(steps=[('SVC',
                 OneVsRestClassifier(estimator=SVC(C=0.1, cache_size=500,
                                                   class_weight='balanced',
                                                   coef0=6, degree=8,
                                                   gamma=0.01, kernel='poly',
                                                   max_iter=1000000,
                                                   probability=True,
                                                   random_state=42)))]), 'Imputer__add_indicator': False, 'Imputer__copy': True, 'Imputer__fill_value': None, 'Imputer__keep_empty_features': False, 'Imputer__missing_values': nan, 'Imputer__strategy': 'mean', 'Scaler__copy': True, 'Scaler__with_mean': True, 'Scaler__with_std': True, 'Selector__estimator__C': 1.0, 'Selector__estimator__class_weight': None, 'Selector__estimator__dual': 'auto', 'Selector__estimator__fit_intercept': True, 'Selector__estimator__intercept_scaling': 1, 'Selector__estimator__loss': 'squared_hinge', 'Selector__estimator__max_iter': 1000, 'Selector__estimator__multi_class': 'ovr', 'Selector__estimator__penalty': 'l2', 'Selector__estimator__random_state': 42, 'Selector__estimator__tol': 0.0001, 'Selector__estimator__verbose': 0, 'Selector__estimator': LinearSVC(random_state=42), 'Selector__importance_getter': 'auto', 'Selector__max_features': 16, 'Selector__norm_order': 1, 'Selector__prefit': False, 'Selector__threshold': None, 'Classifier__memory': None, 'Classifier__steps': [('SVC', OneVsRestClassifier(estimator=SVC(C=0.1, cache_size=500,
                                  class_weight='balanced', coef0=6, degree=8,
                                  gamma=0.01, kernel='poly', max_iter=1000000,
                                  probability=True, random_state=42)))], 'Classifier__transform_input': None, 'Classifier__verbose': False, 'Classifier__SVC': OneVsRestClassifier(estimator=SVC(C=0.1, cache_size=500,
                                  class_weight='balanced', coef0=6, degree=8,
                                  gamma=0.01, kernel='poly', max_iter=1000000,
                                  probability=True, random_state=42)), 'Classifier__SVC__estimator__C': 0.1, 'Classifier__SVC__estimator__break_ties': False, 'Classifier__SVC__estimator__cache_size': 500, 'Classifier__SVC__estimator__class_weight': 'balanced', 'Classifier__SVC__estimator__coef0': 6, 'Classifier__SVC__estimator__decision_function_shape': 'ovr', 'Classifier__SVC__estimator__degree': 8, 'Classifier__SVC__estimator__gamma': 0.01, 'Classifier__SVC__estimator__kernel': 'poly', 'Classifier__SVC__estimator__max_iter': 1000000, 'Classifier__SVC__estimator__probability': True, 'Classifier__SVC__estimator__random_state': 42, 'Classifier__SVC__estimator__shrinking': True, 'Classifier__SVC__estimator__tol': 0.001, 'Classifier__SVC__estimator__verbose': False, 'Classifier__SVC__estimator': SVC(C=0.1, cache_size=500, class_weight='balanced', coef0=6, degree=8,
    gamma=0.01, kernel='poly', max_iter=1000000, probability=True,
    random_state=42), 'Classifier__SVC__n_jobs': None, 'Classifier__SVC__verbose': 0}","['Spectral Centroid Overall Standard Deviation'
 'Spectral Variability Overall Standard Deviation'
 'Root Mean Square Overall Standard Deviation'
 'Zero Crossings Overall Standard Deviation'
 'LPC Overall Standard Deviation 1'
 'Method of Moments Overall Standard Deviation 2'
 'Spectral Centroid Overall Average' 'Spectral Flux Overall Average'
 'Root Mean Square Overall Average' 'Zero Crossings Overall Average'
 'LPC Overall Average 1' 'Method of Moments Overall Average 1'
 'Method of Moments Overall Average 2'
 'Method of Moments Overall Average 3'
 'Method of Moments Overall Average 4'
 'Method of Moments Overall Average 5']","{'memory': None, 'steps': [('Imputer', SimpleImputer()), ('Scaler', MinMaxScaler()), ('Selector', SelectFromModel(estimator=LinearSVC(random_state=42), max_features=32)), ('Classifier', Pipeline(steps=[('SVC',
                 OneVsRestClassifier(estimator=SVC(C=10, cache_size=500,
                                                   class_weight='balanced',
                                                   coef0=8, degree=6,
                                                   gamma=0.01, kernel='poly',
                                                   max_iter=1000000,
                                                   probability=True,
                                                   random_state=42)))]))], 'transform_input': None, 'verbose': False, 'Imputer': SimpleImputer(), 'Scaler': MinMaxScaler(), 'Selector': SelectFromModel(estimator=LinearSVC(random_state=42), max_features=32), 'Classifier': Pipeline(steps=[('SVC',
                 OneVsRestClassifier(estimator=SVC(C=10, cache_size=500,
                                                   class_weight='balanced',
                                                   coef0=8, degree=6,
                                                   gamma=0.01, kernel='poly',
                                                   max_iter=1000000,
                                                   probability=True,
                                                   random_state=42)))]), 'Imputer__add_indicator': False, 'Imputer__copy': True, 'Imputer__fill_value': None, 'Imputer__keep_empty_features': False, 'Imputer__missing_values': nan, 'Imputer__strategy': 'mean', 'Scaler__clip': False, 'Scaler__copy': True, 'Scaler__feature_range': (0, 1), 'Selector__estimator__C': 1.0, 'Selector__estimator__class_weight': None, 'Selector__estimator__dual': 'auto', 'Selector__estimator__fit_intercept': True, 'Selector__estimator__intercept_scaling': 1, 'Selector__estimator__loss': 'squared_hinge', 'Selector__estimator__max_iter': 1000, 'Selector__estimator__multi_class': 'ovr', 'Selector__estimator__penalty': 'l2', 'Selector__estimator__random_state': 42, 'Selector__estimator__tol': 0.0001, 'Selector__estimator__verbose': 0, 'Selector__estimator': LinearSVC(random_state=42), 'Selector__importance_getter': 'auto', 'Selector__max_features': 32, 'Selector__norm_order': 1, 'Selector__prefit': False, 'Selector__threshold': None, 'Classifier__memory': None, 'Classifier__steps': [('SVC', OneVsRestClassifier(estimator=SVC(C=10, cache_size=500, class_weight='balanced',
                                  coef0=8, degree=6, gamma=0.01, kernel='poly',
                                  max_iter=1000000, probability=True,
                                  random_state=42)))], 'Classifier__transform_input': None, 'Classifier__verbose': False, 'Classifier__SVC': OneVsRestClassifier(estimator=SVC(C=10, cache_size=500, class_weight='balanced',
                                  coef0=8, degree=6, gamma=0.01, kernel='poly',
                                  max_iter=1000000, probability=True,
                                  random_state=42)), 'Classifier__SVC__estimator__C': 10, 'Classifier__SVC__estimator__break_ties': False, 'Classifier__SVC__estimator__cache_size': 500, 'Classifier__SVC__estimator__class_weight': 'balanced', 'Classifier__SVC__estimator__coef0': 8, 'Classifier__SVC__estimator__decision_function_shape': 'ovr', 'Classifier__SVC__estimator__degree': 6, 'Classifier__SVC__estimator__gamma': 0.01, 'Classifier__SVC__estimator__kernel': 'poly', 'Classifier__SVC__estimator__max_iter': 1000000, 'Classifier__SVC__estimator__probability': True, 'Classifier__SVC__estimator__random_state': 42, 'Classifier__SVC__estimator__shrinking': True, 'Classifier__SVC__estimator__tol': 0.001, 'Classifier__SVC__estimator__verbose': False, 'Classifier__SVC__estimator': SVC(C=10, cache_size=500, class_weight='balanced', coef0=8, degree=6,
    gamma=0.01, kernel='poly', max_iter=1000000, probability=True,
    random_state=42), 'Classifier__SVC__n_jobs': None, 'Classifier__SVC__verbose': 0}","['Spectral Rolloff Point Overall Standard Deviation'
 'Spectral Flux Overall Standard Deviation'
 'Compactness Overall Standard Deviation'
 'Spectral Variability Overall Standard Deviation'
 'Root Mean Square Overall Standard Deviation'
 'Zero Crossings Overall Standard Deviation'
 'MFCC Overall Standard Deviation 1' 'MFCC Overall Standard Deviation 8'
 'LPC Overall Standard Deviation 1'
 'Method of Moments Overall Standard Deviation 1'
 'Method of Moments Overall Standard Deviation 2'
 'Method of Moments Overall Standard Deviation 4'
 'Method of Moments Overall Standard Deviation 5'
 'Spectral Flux Overall Average' 'Compactness Overall Average'
 'Spectral Variability Overall Average' 'Root Mean Square Overall Average'
 'MFCC Overall Average 1' 'MFCC Overall Average 3'
 'MFCC Overall Average 4' 'MFCC Overall Average 5'
 'MFCC Overall Average 6' 'MFCC Overall Average 11'
 'LPC Overall Average 3' 'LPC Overall Average 6'
 'Method of Moments Overall Average 1'
 'Method of Moments Overall Average 2'
 'Method of Moments Overall Average 3'
 'Method of Moments Overall Average 4' 'Chroma feature 0'
 'Chroma feature 6' 'Chroma feature 11']",0.43037974683544306,0.26991341991341994,0.4496706192358365
37,Mixed + Mixed,False,"{'memory': None, 'steps': [('Imputer', SimpleImputer()), ('Scaler', MinMaxScaler()), ('Selector', SelectFromModel(estimator=LinearSVC(random_state=42), max_features=32)), ('Classifier', Pipeline(steps=[('SVC',
                 OneVsRestClassifier(estimator=SVC(C=10, cache_size=500,
                                                   class_weight='balanced',
                                                   coef0=8, degree=6,
                                                   gamma=0.01, kernel='poly',
                                                   max_iter=1000000,
                                                   probability=True,
                                                   random_state=42)))]))], 'transform_input': None, 'verbose': False, 'Imputer': SimpleImputer(), 'Scaler': MinMaxScaler(), 'Selector': SelectFromModel(estimator=LinearSVC(random_state=42), max_features=32), 'Classifier': Pipeline(steps=[('SVC',
                 OneVsRestClassifier(estimator=SVC(C=10, cache_size=500,
                                                   class_weight='balanced',
                                                   coef0=8, degree=6,
                                                   gamma=0.01, kernel='poly',
                                                   max_iter=1000000,
                                                   probability=True,
                                                   random_state=42)))]), 'Imputer__add_indicator': False, 'Imputer__copy': True, 'Imputer__fill_value': None, 'Imputer__keep_empty_features': False, 'Imputer__missing_values': nan, 'Imputer__strategy': 'mean', 'Scaler__clip': False, 'Scaler__copy': True, 'Scaler__feature_range': (0, 1), 'Selector__estimator__C': 1.0, 'Selector__estimator__class_weight': None, 'Selector__estimator__dual': 'auto', 'Selector__estimator__fit_intercept': True, 'Selector__estimator__intercept_scaling': 1, 'Selector__estimator__loss': 'squared_hinge', 'Selector__estimator__max_iter': 1000, 'Selector__estimator__multi_class': 'ovr', 'Selector__estimator__penalty': 'l2', 'Selector__estimator__random_state': 42, 'Selector__estimator__tol': 0.0001, 'Selector__estimator__verbose': 0, 'Selector__estimator': LinearSVC(random_state=42), 'Selector__importance_getter': 'auto', 'Selector__max_features': 32, 'Selector__norm_order': 1, 'Selector__prefit': False, 'Selector__threshold': None, 'Classifier__memory': None, 'Classifier__steps': [('SVC', OneVsRestClassifier(estimator=SVC(C=10, cache_size=500, class_weight='balanced',
                                  coef0=8, degree=6, gamma=0.01, kernel='poly',
                                  max_iter=1000000, probability=True,
                                  random_state=42)))], 'Classifier__transform_input': None, 'Classifier__verbose': False, 'Classifier__SVC': OneVsRestClassifier(estimator=SVC(C=10, cache_size=500, class_weight='balanced',
                                  coef0=8, degree=6, gamma=0.01, kernel='poly',
                                  max_iter=1000000, probability=True,
                                  random_state=42)), 'Classifier__SVC__estimator__C': 10, 'Classifier__SVC__estimator__break_ties': False, 'Classifier__SVC__estimator__cache_size': 500, 'Classifier__SVC__estimator__class_weight': 'balanced', 'Classifier__SVC__estimator__coef0': 8, 'Classifier__SVC__estimator__decision_function_shape': 'ovr', 'Classifier__SVC__estimator__degree': 6, 'Classifier__SVC__estimator__gamma': 0.01, 'Classifier__SVC__estimator__kernel': 'poly', 'Classifier__SVC__estimator__max_iter': 1000000, 'Classifier__SVC__estimator__probability': True, 'Classifier__SVC__estimator__random_state': 42, 'Classifier__SVC__estimator__shrinking': True, 'Classifier__SVC__estimator__tol': 0.001, 'Classifier__SVC__estimator__verbose': False, 'Classifier__SVC__estimator': SVC(C=10, cache_size=500, class_weight='balanced', coef0=8, degree=6,
    gamma=0.01, kernel='poly', max_iter=1000000, probability=True,
    random_state=42), 'Classifier__SVC__n_jobs': None, 'Classifier__SVC__verbose': 0}","['Spectral Rolloff Point Overall Standard Deviation'
 'Spectral Flux Overall Standard Deviation'
 'Compactness Overall Standard Deviation'
 'Spectral Variability Overall Standard Deviation'
 'Root Mean Square Overall Standard Deviation'
 'Zero Crossings Overall Standard Deviation'
 'MFCC Overall Standard Deviation 1' 'MFCC Overall Standard Deviation 8'
 'LPC Overall Standard Deviation 1'
 'Method of Moments Overall Standard Deviation 1'
 'Method of Moments Overall Standard Deviation 2'
 'Method of Moments Overall Standard Deviation 4'
 'Method of Moments Overall Standard Deviation 5'
 'Spectral Flux Overall Average' 'Compactness Overall Average'
 'Spectral Variability Overall Average' 'Root Mean Square Overall Average'
 'MFCC Overall Average 1' 'MFCC Overall Average 3'
 'MFCC Overall Average 4' 'MFCC Overall Average 5'
 'MFCC Overall Average 6' 'MFCC Overall Average 11'
 'LPC Overall Average 3' 'LPC Overall Average 6'
 'Method of Moments Overall Average 1'
 'Method of Moments Overall Average 2'
 'Method of Moments Overall Average 3'
 'Method of Moments Overall Average 4' 'Chroma feature 0'
 'Chroma feature 6' 'Chroma feature 11']","{'memory': None, 'steps': [('Imputer', SimpleImputer()), ('Scaler', StandardScaler()), ('Selector', SelectFromModel(estimator=LinearSVC(random_state=42), max_features=12)), ('Classifier', Pipeline(steps=[('SVC',
                 OneVsRestClassifier(estimator=SVC(C=0.1, cache_size=500,
                                                   class_weight='balanced',
                                                   coef0=6, degree=8,
                                                   gamma=0.01, kernel='poly',
                                                   max_iter=1000000,
                                                   probability=True,
                                                   random_state=42)))]))], 'transform_input': None, 'verbose': False, 'Imputer': SimpleImputer(), 'Scaler': StandardScaler(), 'Selector': SelectFromModel(estimator=LinearSVC(random_state=42), max_features=12), 'Classifier': Pipeline(steps=[('SVC',
                 OneVsRestClassifier(estimator=SVC(C=0.1, cache_size=500,
                                                   class_weight='balanced',
                                                   coef0=6, degree=8,
                                                   gamma=0.01, kernel='poly',
                                                   max_iter=1000000,
                                                   probability=True,
                                                   random_state=42)))]), 'Imputer__add_indicator': False, 'Imputer__copy': True, 'Imputer__fill_value': None, 'Imputer__keep_empty_features': False, 'Imputer__missing_values': nan, 'Imputer__strategy': 'mean', 'Scaler__copy': True, 'Scaler__with_mean': True, 'Scaler__with_std': True, 'Selector__estimator__C': 1.0, 'Selector__estimator__class_weight': None, 'Selector__estimator__dual': 'auto', 'Selector__estimator__fit_intercept': True, 'Selector__estimator__intercept_scaling': 1, 'Selector__estimator__loss': 'squared_hinge', 'Selector__estimator__max_iter': 1000, 'Selector__estimator__multi_class': 'ovr', 'Selector__estimator__penalty': 'l2', 'Selector__estimator__random_state': 42, 'Selector__estimator__tol': 0.0001, 'Selector__estimator__verbose': 0, 'Selector__estimator': LinearSVC(random_state=42), 'Selector__importance_getter': 'auto', 'Selector__max_features': 12, 'Selector__norm_order': 1, 'Selector__prefit': False, 'Selector__threshold': None, 'Classifier__memory': None, 'Classifier__steps': [('SVC', OneVsRestClassifier(estimator=SVC(C=0.1, cache_size=500,
                                  class_weight='balanced', coef0=6, degree=8,
                                  gamma=0.01, kernel='poly', max_iter=1000000,
                                  probability=True, random_state=42)))], 'Classifier__transform_input': None, 'Classifier__verbose': False, 'Classifier__SVC': OneVsRestClassifier(estimator=SVC(C=0.1, cache_size=500,
                                  class_weight='balanced', coef0=6, degree=8,
                                  gamma=0.01, kernel='poly', max_iter=1000000,
                                  probability=True, random_state=42)), 'Classifier__SVC__estimator__C': 0.1, 'Classifier__SVC__estimator__break_ties': False, 'Classifier__SVC__estimator__cache_size': 500, 'Classifier__SVC__estimator__class_weight': 'balanced', 'Classifier__SVC__estimator__coef0': 6, 'Classifier__SVC__estimator__decision_function_shape': 'ovr', 'Classifier__SVC__estimator__degree': 8, 'Classifier__SVC__estimator__gamma': 0.01, 'Classifier__SVC__estimator__kernel': 'poly', 'Classifier__SVC__estimator__max_iter': 1000000, 'Classifier__SVC__estimator__probability': True, 'Classifier__SVC__estimator__random_state': 42, 'Classifier__SVC__estimator__shrinking': True, 'Classifier__SVC__estimator__tol': 0.001, 'Classifier__SVC__estimator__verbose': False, 'Classifier__SVC__estimator': SVC(C=0.1, cache_size=500, class_weight='balanced', coef0=6, degree=8,
    gamma=0.01, kernel='poly', max_iter=1000000, probability=True,
    random_state=42), 'Classifier__SVC__n_jobs': None, 'Classifier__SVC__verbose': 0}","['Spectral Centroid Overall Standard Deviation'
 'Spectral Variability Overall Standard Deviation'
 'Root Mean Square Overall Standard Deviation'
 'Spectral Centroid Overall Average' 'Spectral Flux Overall Average'
 'Root Mean Square Overall Average' 'Zero Crossings Overall Average'
 'Method of Moments Overall Average 1'
 'Method of Moments Overall Average 2'
 'Method of Moments Overall Average 3'
 'Method of Moments Overall Average 4'
 'Method of Moments Overall Average 5']",0.43037974683544306,0.2807359307359308,0.45071982281284606
38,Mixed + Mixed,False,"{'memory': None, 'steps': [('Imputer', SimpleImputer()), ('Scaler', MinMaxScaler()), ('Selector', SelectFromModel(estimator=LinearSVC(random_state=42), max_features=32)), ('Classifier', Pipeline(steps=[('SVC',
                 OneVsRestClassifier(estimator=SVC(C=10, cache_size=500,
                                                   class_weight='balanced',
                                                   coef0=8, degree=6,
                                                   gamma=0.01, kernel='poly',
                                                   max_iter=1000000,
                                                   probability=True,
                                                   random_state=42)))]))], 'transform_input': None, 'verbose': False, 'Imputer': SimpleImputer(), 'Scaler': MinMaxScaler(), 'Selector': SelectFromModel(estimator=LinearSVC(random_state=42), max_features=32), 'Classifier': Pipeline(steps=[('SVC',
                 OneVsRestClassifier(estimator=SVC(C=10, cache_size=500,
                                                   class_weight='balanced',
                                                   coef0=8, degree=6,
                                                   gamma=0.01, kernel='poly',
                                                   max_iter=1000000,
                                                   probability=True,
                                                   random_state=42)))]), 'Imputer__add_indicator': False, 'Imputer__copy': True, 'Imputer__fill_value': None, 'Imputer__keep_empty_features': False, 'Imputer__missing_values': nan, 'Imputer__strategy': 'mean', 'Scaler__clip': False, 'Scaler__copy': True, 'Scaler__feature_range': (0, 1), 'Selector__estimator__C': 1.0, 'Selector__estimator__class_weight': None, 'Selector__estimator__dual': 'auto', 'Selector__estimator__fit_intercept': True, 'Selector__estimator__intercept_scaling': 1, 'Selector__estimator__loss': 'squared_hinge', 'Selector__estimator__max_iter': 1000, 'Selector__estimator__multi_class': 'ovr', 'Selector__estimator__penalty': 'l2', 'Selector__estimator__random_state': 42, 'Selector__estimator__tol': 0.0001, 'Selector__estimator__verbose': 0, 'Selector__estimator': LinearSVC(random_state=42), 'Selector__importance_getter': 'auto', 'Selector__max_features': 32, 'Selector__norm_order': 1, 'Selector__prefit': False, 'Selector__threshold': None, 'Classifier__memory': None, 'Classifier__steps': [('SVC', OneVsRestClassifier(estimator=SVC(C=10, cache_size=500, class_weight='balanced',
                                  coef0=8, degree=6, gamma=0.01, kernel='poly',
                                  max_iter=1000000, probability=True,
                                  random_state=42)))], 'Classifier__transform_input': None, 'Classifier__verbose': False, 'Classifier__SVC': OneVsRestClassifier(estimator=SVC(C=10, cache_size=500, class_weight='balanced',
                                  coef0=8, degree=6, gamma=0.01, kernel='poly',
                                  max_iter=1000000, probability=True,
                                  random_state=42)), 'Classifier__SVC__estimator__C': 10, 'Classifier__SVC__estimator__break_ties': False, 'Classifier__SVC__estimator__cache_size': 500, 'Classifier__SVC__estimator__class_weight': 'balanced', 'Classifier__SVC__estimator__coef0': 8, 'Classifier__SVC__estimator__decision_function_shape': 'ovr', 'Classifier__SVC__estimator__degree': 6, 'Classifier__SVC__estimator__gamma': 0.01, 'Classifier__SVC__estimator__kernel': 'poly', 'Classifier__SVC__estimator__max_iter': 1000000, 'Classifier__SVC__estimator__probability': True, 'Classifier__SVC__estimator__random_state': 42, 'Classifier__SVC__estimator__shrinking': True, 'Classifier__SVC__estimator__tol': 0.001, 'Classifier__SVC__estimator__verbose': False, 'Classifier__SVC__estimator': SVC(C=10, cache_size=500, class_weight='balanced', coef0=8, degree=6,
    gamma=0.01, kernel='poly', max_iter=1000000, probability=True,
    random_state=42), 'Classifier__SVC__n_jobs': None, 'Classifier__SVC__verbose': 0}","['Spectral Rolloff Point Overall Standard Deviation'
 'Spectral Flux Overall Standard Deviation'
 'Compactness Overall Standard Deviation'
 'Spectral Variability Overall Standard Deviation'
 'Root Mean Square Overall Standard Deviation'
 'Zero Crossings Overall Standard Deviation'
 'MFCC Overall Standard Deviation 1' 'MFCC Overall Standard Deviation 8'
 'LPC Overall Standard Deviation 1'
 'Method of Moments Overall Standard Deviation 1'
 'Method of Moments Overall Standard Deviation 2'
 'Method of Moments Overall Standard Deviation 4'
 'Method of Moments Overall Standard Deviation 5'
 'Spectral Flux Overall Average' 'Compactness Overall Average'
 'Spectral Variability Overall Average' 'Root Mean Square Overall Average'
 'MFCC Overall Average 1' 'MFCC Overall Average 3'
 'MFCC Overall Average 4' 'MFCC Overall Average 5'
 'MFCC Overall Average 6' 'MFCC Overall Average 11'
 'LPC Overall Average 3' 'LPC Overall Average 6'
 'Method of Moments Overall Average 1'
 'Method of Moments Overall Average 2'
 'Method of Moments Overall Average 3'
 'Method of Moments Overall Average 4' 'Chroma feature 0'
 'Chroma feature 6' 'Chroma feature 11']","{'memory': None, 'steps': [('Imputer', SimpleImputer()), ('Scaler', StandardScaler()), ('Selector', SelectFromModel(estimator=LinearSVC(random_state=42), max_features=16)), ('Classifier', Pipeline(steps=[('SVC',
                 OneVsRestClassifier(estimator=SVC(C=0.1, cache_size=500,
                                                   class_weight='balanced',
                                                   coef0=6, degree=8,
                                                   gamma=0.01, kernel='poly',
                                                   max_iter=1000000,
                                                   probability=True,
                                                   random_state=42)))]))], 'transform_input': None, 'verbose': False, 'Imputer': SimpleImputer(), 'Scaler': StandardScaler(), 'Selector': SelectFromModel(estimator=LinearSVC(random_state=42), max_features=16), 'Classifier': Pipeline(steps=[('SVC',
                 OneVsRestClassifier(estimator=SVC(C=0.1, cache_size=500,
                                                   class_weight='balanced',
                                                   coef0=6, degree=8,
                                                   gamma=0.01, kernel='poly',
                                                   max_iter=1000000,
                                                   probability=True,
                                                   random_state=42)))]), 'Imputer__add_indicator': False, 'Imputer__copy': True, 'Imputer__fill_value': None, 'Imputer__keep_empty_features': False, 'Imputer__missing_values': nan, 'Imputer__strategy': 'mean', 'Scaler__copy': True, 'Scaler__with_mean': True, 'Scaler__with_std': True, 'Selector__estimator__C': 1.0, 'Selector__estimator__class_weight': None, 'Selector__estimator__dual': 'auto', 'Selector__estimator__fit_intercept': True, 'Selector__estimator__intercept_scaling': 1, 'Selector__estimator__loss': 'squared_hinge', 'Selector__estimator__max_iter': 1000, 'Selector__estimator__multi_class': 'ovr', 'Selector__estimator__penalty': 'l2', 'Selector__estimator__random_state': 42, 'Selector__estimator__tol': 0.0001, 'Selector__estimator__verbose': 0, 'Selector__estimator': LinearSVC(random_state=42), 'Selector__importance_getter': 'auto', 'Selector__max_features': 16, 'Selector__norm_order': 1, 'Selector__prefit': False, 'Selector__threshold': None, 'Classifier__memory': None, 'Classifier__steps': [('SVC', OneVsRestClassifier(estimator=SVC(C=0.1, cache_size=500,
                                  class_weight='balanced', coef0=6, degree=8,
                                  gamma=0.01, kernel='poly', max_iter=1000000,
                                  probability=True, random_state=42)))], 'Classifier__transform_input': None, 'Classifier__verbose': False, 'Classifier__SVC': OneVsRestClassifier(estimator=SVC(C=0.1, cache_size=500,
                                  class_weight='balanced', coef0=6, degree=8,
                                  gamma=0.01, kernel='poly', max_iter=1000000,
                                  probability=True, random_state=42)), 'Classifier__SVC__estimator__C': 0.1, 'Classifier__SVC__estimator__break_ties': False, 'Classifier__SVC__estimator__cache_size': 500, 'Classifier__SVC__estimator__class_weight': 'balanced', 'Classifier__SVC__estimator__coef0': 6, 'Classifier__SVC__estimator__decision_function_shape': 'ovr', 'Classifier__SVC__estimator__degree': 8, 'Classifier__SVC__estimator__gamma': 0.01, 'Classifier__SVC__estimator__kernel': 'poly', 'Classifier__SVC__estimator__max_iter': 1000000, 'Classifier__SVC__estimator__probability': True, 'Classifier__SVC__estimator__random_state': 42, 'Classifier__SVC__estimator__shrinking': True, 'Classifier__SVC__estimator__tol': 0.001, 'Classifier__SVC__estimator__verbose': False, 'Classifier__SVC__estimator': SVC(C=0.1, cache_size=500, class_weight='balanced', coef0=6, degree=8,
    gamma=0.01, kernel='poly', max_iter=1000000, probability=True,
    random_state=42), 'Classifier__SVC__n_jobs': None, 'Classifier__SVC__verbose': 0}","['Spectral Centroid Overall Standard Deviation'
 'Spectral Variability Overall Standard Deviation'
 'Root Mean Square Overall Standard Deviation'
 'Zero Crossings Overall Standard Deviation'
 'LPC Overall Standard Deviation 1'
 'Method of Moments Overall Standard Deviation 2'
 'Spectral Centroid Overall Average' 'Spectral Flux Overall Average'
 'Root Mean Square Overall Average' 'Zero Crossings Overall Average'
 'LPC Overall Average 1' 'Method of Moments Overall Average 1'
 'Method of Moments Overall Average 2'
 'Method of Moments Overall Average 3'
 'Method of Moments Overall Average 4'
 'Method of Moments Overall Average 5']",0.43037974683544306,0.26991341991341994,0.4496706192358365
39,Mixed + Vocals,False,"{'memory': None, 'steps': [('Imputer', SimpleImputer()), ('Scaler', StandardScaler()), ('Selector', SelectFromModel(estimator=LinearSVC(random_state=42), max_features=12)), ('Classifier', Pipeline(steps=[('SVC',
                 OneVsRestClassifier(estimator=SVC(C=0.1, cache_size=500,
                                                   class_weight='balanced',
                                                   coef0=6, degree=8,
                                                   gamma=0.01, kernel='poly',
                                                   max_iter=1000000,
                                                   probability=True,
                                                   random_state=42)))]))], 'transform_input': None, 'verbose': False, 'Imputer': SimpleImputer(), 'Scaler': StandardScaler(), 'Selector': SelectFromModel(estimator=LinearSVC(random_state=42), max_features=12), 'Classifier': Pipeline(steps=[('SVC',
                 OneVsRestClassifier(estimator=SVC(C=0.1, cache_size=500,
                                                   class_weight='balanced',
                                                   coef0=6, degree=8,
                                                   gamma=0.01, kernel='poly',
                                                   max_iter=1000000,
                                                   probability=True,
                                                   random_state=42)))]), 'Imputer__add_indicator': False, 'Imputer__copy': True, 'Imputer__fill_value': None, 'Imputer__keep_empty_features': False, 'Imputer__missing_values': nan, 'Imputer__strategy': 'mean', 'Scaler__copy': True, 'Scaler__with_mean': True, 'Scaler__with_std': True, 'Selector__estimator__C': 1.0, 'Selector__estimator__class_weight': None, 'Selector__estimator__dual': 'auto', 'Selector__estimator__fit_intercept': True, 'Selector__estimator__intercept_scaling': 1, 'Selector__estimator__loss': 'squared_hinge', 'Selector__estimator__max_iter': 1000, 'Selector__estimator__multi_class': 'ovr', 'Selector__estimator__penalty': 'l2', 'Selector__estimator__random_state': 42, 'Selector__estimator__tol': 0.0001, 'Selector__estimator__verbose': 0, 'Selector__estimator': LinearSVC(random_state=42), 'Selector__importance_getter': 'auto', 'Selector__max_features': 12, 'Selector__norm_order': 1, 'Selector__prefit': False, 'Selector__threshold': None, 'Classifier__memory': None, 'Classifier__steps': [('SVC', OneVsRestClassifier(estimator=SVC(C=0.1, cache_size=500,
                                  class_weight='balanced', coef0=6, degree=8,
                                  gamma=0.01, kernel='poly', max_iter=1000000,
                                  probability=True, random_state=42)))], 'Classifier__transform_input': None, 'Classifier__verbose': False, 'Classifier__SVC': OneVsRestClassifier(estimator=SVC(C=0.1, cache_size=500,
                                  class_weight='balanced', coef0=6, degree=8,
                                  gamma=0.01, kernel='poly', max_iter=1000000,
                                  probability=True, random_state=42)), 'Classifier__SVC__estimator__C': 0.1, 'Classifier__SVC__estimator__break_ties': False, 'Classifier__SVC__estimator__cache_size': 500, 'Classifier__SVC__estimator__class_weight': 'balanced', 'Classifier__SVC__estimator__coef0': 6, 'Classifier__SVC__estimator__decision_function_shape': 'ovr', 'Classifier__SVC__estimator__degree': 8, 'Classifier__SVC__estimator__gamma': 0.01, 'Classifier__SVC__estimator__kernel': 'poly', 'Classifier__SVC__estimator__max_iter': 1000000, 'Classifier__SVC__estimator__probability': True, 'Classifier__SVC__estimator__random_state': 42, 'Classifier__SVC__estimator__shrinking': True, 'Classifier__SVC__estimator__tol': 0.001, 'Classifier__SVC__estimator__verbose': False, 'Classifier__SVC__estimator': SVC(C=0.1, cache_size=500, class_weight='balanced', coef0=6, degree=8,
    gamma=0.01, kernel='poly', max_iter=1000000, probability=True,
    random_state=42), 'Classifier__SVC__n_jobs': None, 'Classifier__SVC__verbose': 0}","['Spectral Centroid Overall Standard Deviation'
 'Spectral Variability Overall Standard Deviation'
 'Root Mean Square Overall Standard Deviation'
 'Spectral Centroid Overall Average' 'Spectral Flux Overall Average'
 'Root Mean Square Overall Average' 'Zero Crossings Overall Average'
 'Method of Moments Overall Average 1'
 'Method of Moments Overall Average 2'
 'Method of Moments Overall Average 3'
 'Method of Moments Overall Average 4'
 'Method of Moments Overall Average 5']","{'memory': None, 'steps': [('Imputer', SimpleImputer()), ('Scaler', StandardScaler()), ('Selector', SelectFromModel(estimator=LinearSVC(random_state=42), max_features=32)), ('Classifier', Pipeline(steps=[('SVC',
                 OneVsRestClassifier(estimator=SVC(C=10, cache_size=500,
                                                   class_weight='balanced',
                                                   coef0=2, degree=2, gamma=0.1,
                                                   kernel='poly',
                                                   max_iter=1000000,
                                                   probability=True,
                                                   random_state=42)))]))], 'transform_input': None, 'verbose': False, 'Imputer': SimpleImputer(), 'Scaler': StandardScaler(), 'Selector': SelectFromModel(estimator=LinearSVC(random_state=42), max_features=32), 'Classifier': Pipeline(steps=[('SVC',
                 OneVsRestClassifier(estimator=SVC(C=10, cache_size=500,
                                                   class_weight='balanced',
                                                   coef0=2, degree=2, gamma=0.1,
                                                   kernel='poly',
                                                   max_iter=1000000,
                                                   probability=True,
                                                   random_state=42)))]), 'Imputer__add_indicator': False, 'Imputer__copy': True, 'Imputer__fill_value': None, 'Imputer__keep_empty_features': False, 'Imputer__missing_values': nan, 'Imputer__strategy': 'mean', 'Scaler__copy': True, 'Scaler__with_mean': True, 'Scaler__with_std': True, 'Selector__estimator__C': 1.0, 'Selector__estimator__class_weight': None, 'Selector__estimator__dual': 'auto', 'Selector__estimator__fit_intercept': True, 'Selector__estimator__intercept_scaling': 1, 'Selector__estimator__loss': 'squared_hinge', 'Selector__estimator__max_iter': 1000, 'Selector__estimator__multi_class': 'ovr', 'Selector__estimator__penalty': 'l2', 'Selector__estimator__random_state': 42, 'Selector__estimator__tol': 0.0001, 'Selector__estimator__verbose': 0, 'Selector__estimator': LinearSVC(random_state=42), 'Selector__importance_getter': 'auto', 'Selector__max_features': 32, 'Selector__norm_order': 1, 'Selector__prefit': False, 'Selector__threshold': None, 'Classifier__memory': None, 'Classifier__steps': [('SVC', OneVsRestClassifier(estimator=SVC(C=10, cache_size=500, class_weight='balanced',
                                  coef0=2, degree=2, gamma=0.1, kernel='poly',
                                  max_iter=1000000, probability=True,
                                  random_state=42)))], 'Classifier__transform_input': None, 'Classifier__verbose': False, 'Classifier__SVC': OneVsRestClassifier(estimator=SVC(C=10, cache_size=500, class_weight='balanced',
                                  coef0=2, degree=2, gamma=0.1, kernel='poly',
                                  max_iter=1000000, probability=True,
                                  random_state=42)), 'Classifier__SVC__estimator__C': 10, 'Classifier__SVC__estimator__break_ties': False, 'Classifier__SVC__estimator__cache_size': 500, 'Classifier__SVC__estimator__class_weight': 'balanced', 'Classifier__SVC__estimator__coef0': 2, 'Classifier__SVC__estimator__decision_function_shape': 'ovr', 'Classifier__SVC__estimator__degree': 2, 'Classifier__SVC__estimator__gamma': 0.1, 'Classifier__SVC__estimator__kernel': 'poly', 'Classifier__SVC__estimator__max_iter': 1000000, 'Classifier__SVC__estimator__probability': True, 'Classifier__SVC__estimator__random_state': 42, 'Classifier__SVC__estimator__shrinking': True, 'Classifier__SVC__estimator__tol': 0.001, 'Classifier__SVC__estimator__verbose': False, 'Classifier__SVC__estimator': SVC(C=10, cache_size=500, class_weight='balanced', coef0=2, degree=2, gamma=0.1,
    kernel='poly', max_iter=1000000, probability=True, random_state=42), 'Classifier__SVC__n_jobs': None, 'Classifier__SVC__verbose': 0}","['Spectral Centroid Overall Standard Deviation'
 'Spectral Rolloff Point Overall Standard Deviation'
 'Compactness Overall Standard Deviation'
 'Spectral Variability Overall Standard Deviation'
 'Root Mean Square Overall Standard Deviation'
 'Zero Crossings Overall Standard Deviation'
 'MFCC Overall Standard Deviation 1' 'LPC Overall Standard Deviation 7'
 'LPC Overall Standard Deviation 9'
 'Method of Moments Overall Standard Deviation 1'
 'Method of Moments Overall Standard Deviation 2'
 'Method of Moments Overall Standard Deviation 3'
 'Method of Moments Overall Standard Deviation 4'
 'Method of Moments Overall Standard Deviation 5'
 'Spectral Centroid Overall Average'
 'Spectral Rolloff Point Overall Average' 'Spectral Flux Overall Average'
 'Compactness Overall Average' 'Spectral Variability Overall Average'
 'Root Mean Square Overall Average' 'Zero Crossings Overall Average'
 'MFCC Overall Average 1' 'LPC Overall Average 1' 'LPC Overall Average 2'
 'Method of Moments Overall Average 1'
 'Method of Moments Overall Average 2'
 'Method of Moments Overall Average 3'
 'Method of Moments Overall Average 4'
 'Method of Moments Overall Average 5' 'Chroma feature 0'
 'Chroma feature 1' 'Chroma feature 10']",0.3924050632911392,0.22402597402597405,0.5147226986849628
40,Mixed + Vocals,False,"{'memory': None, 'steps': [('Imputer', SimpleImputer()), ('Scaler', StandardScaler()), ('Selector', SelectFromModel(estimator=LinearSVC(random_state=42), max_features=12)), ('Classifier', Pipeline(steps=[('SVC',
                 OneVsRestClassifier(estimator=SVC(C=0.1, cache_size=500,
                                                   class_weight='balanced',
                                                   coef0=6, degree=8,
                                                   gamma=0.01, kernel='poly',
                                                   max_iter=1000000,
                                                   probability=True,
                                                   random_state=42)))]))], 'transform_input': None, 'verbose': False, 'Imputer': SimpleImputer(), 'Scaler': StandardScaler(), 'Selector': SelectFromModel(estimator=LinearSVC(random_state=42), max_features=12), 'Classifier': Pipeline(steps=[('SVC',
                 OneVsRestClassifier(estimator=SVC(C=0.1, cache_size=500,
                                                   class_weight='balanced',
                                                   coef0=6, degree=8,
                                                   gamma=0.01, kernel='poly',
                                                   max_iter=1000000,
                                                   probability=True,
                                                   random_state=42)))]), 'Imputer__add_indicator': False, 'Imputer__copy': True, 'Imputer__fill_value': None, 'Imputer__keep_empty_features': False, 'Imputer__missing_values': nan, 'Imputer__strategy': 'mean', 'Scaler__copy': True, 'Scaler__with_mean': True, 'Scaler__with_std': True, 'Selector__estimator__C': 1.0, 'Selector__estimator__class_weight': None, 'Selector__estimator__dual': 'auto', 'Selector__estimator__fit_intercept': True, 'Selector__estimator__intercept_scaling': 1, 'Selector__estimator__loss': 'squared_hinge', 'Selector__estimator__max_iter': 1000, 'Selector__estimator__multi_class': 'ovr', 'Selector__estimator__penalty': 'l2', 'Selector__estimator__random_state': 42, 'Selector__estimator__tol': 0.0001, 'Selector__estimator__verbose': 0, 'Selector__estimator': LinearSVC(random_state=42), 'Selector__importance_getter': 'auto', 'Selector__max_features': 12, 'Selector__norm_order': 1, 'Selector__prefit': False, 'Selector__threshold': None, 'Classifier__memory': None, 'Classifier__steps': [('SVC', OneVsRestClassifier(estimator=SVC(C=0.1, cache_size=500,
                                  class_weight='balanced', coef0=6, degree=8,
                                  gamma=0.01, kernel='poly', max_iter=1000000,
                                  probability=True, random_state=42)))], 'Classifier__transform_input': None, 'Classifier__verbose': False, 'Classifier__SVC': OneVsRestClassifier(estimator=SVC(C=0.1, cache_size=500,
                                  class_weight='balanced', coef0=6, degree=8,
                                  gamma=0.01, kernel='poly', max_iter=1000000,
                                  probability=True, random_state=42)), 'Classifier__SVC__estimator__C': 0.1, 'Classifier__SVC__estimator__break_ties': False, 'Classifier__SVC__estimator__cache_size': 500, 'Classifier__SVC__estimator__class_weight': 'balanced', 'Classifier__SVC__estimator__coef0': 6, 'Classifier__SVC__estimator__decision_function_shape': 'ovr', 'Classifier__SVC__estimator__degree': 8, 'Classifier__SVC__estimator__gamma': 0.01, 'Classifier__SVC__estimator__kernel': 'poly', 'Classifier__SVC__estimator__max_iter': 1000000, 'Classifier__SVC__estimator__probability': True, 'Classifier__SVC__estimator__random_state': 42, 'Classifier__SVC__estimator__shrinking': True, 'Classifier__SVC__estimator__tol': 0.001, 'Classifier__SVC__estimator__verbose': False, 'Classifier__SVC__estimator': SVC(C=0.1, cache_size=500, class_weight='balanced', coef0=6, degree=8,
    gamma=0.01, kernel='poly', max_iter=1000000, probability=True,
    random_state=42), 'Classifier__SVC__n_jobs': None, 'Classifier__SVC__verbose': 0}","['Spectral Centroid Overall Standard Deviation'
 'Spectral Variability Overall Standard Deviation'
 'Root Mean Square Overall Standard Deviation'
 'Spectral Centroid Overall Average' 'Spectral Flux Overall Average'
 'Root Mean Square Overall Average' 'Zero Crossings Overall Average'
 'Method of Moments Overall Average 1'
 'Method of Moments Overall Average 2'
 'Method of Moments Overall Average 3'
 'Method of Moments Overall Average 4'
 'Method of Moments Overall Average 5']","{'memory': None, 'steps': [('Imputer', SimpleImputer()), ('Scaler', StandardScaler()), ('Selector', SelectFromModel(estimator=LinearSVC(random_state=42), max_features=32)), ('Classifier', Pipeline(steps=[('SVC',
                 OneVsRestClassifier(estimator=SVC(C=1, cache_size=500,
                                                   class_weight='balanced',
                                                   coef0=2, degree=6,
                                                   gamma=0.01, kernel='poly',
                                                   max_iter=1000000,
                                                   probability=True,
                                                   random_state=42)))]))], 'transform_input': None, 'verbose': False, 'Imputer': SimpleImputer(), 'Scaler': StandardScaler(), 'Selector': SelectFromModel(estimator=LinearSVC(random_state=42), max_features=32), 'Classifier': Pipeline(steps=[('SVC',
                 OneVsRestClassifier(estimator=SVC(C=1, cache_size=500,
                                                   class_weight='balanced',
                                                   coef0=2, degree=6,
                                                   gamma=0.01, kernel='poly',
                                                   max_iter=1000000,
                                                   probability=True,
                                                   random_state=42)))]), 'Imputer__add_indicator': False, 'Imputer__copy': True, 'Imputer__fill_value': None, 'Imputer__keep_empty_features': False, 'Imputer__missing_values': nan, 'Imputer__strategy': 'mean', 'Scaler__copy': True, 'Scaler__with_mean': True, 'Scaler__with_std': True, 'Selector__estimator__C': 1.0, 'Selector__estimator__class_weight': None, 'Selector__estimator__dual': 'auto', 'Selector__estimator__fit_intercept': True, 'Selector__estimator__intercept_scaling': 1, 'Selector__estimator__loss': 'squared_hinge', 'Selector__estimator__max_iter': 1000, 'Selector__estimator__multi_class': 'ovr', 'Selector__estimator__penalty': 'l2', 'Selector__estimator__random_state': 42, 'Selector__estimator__tol': 0.0001, 'Selector__estimator__verbose': 0, 'Selector__estimator': LinearSVC(random_state=42), 'Selector__importance_getter': 'auto', 'Selector__max_features': 32, 'Selector__norm_order': 1, 'Selector__prefit': False, 'Selector__threshold': None, 'Classifier__memory': None, 'Classifier__steps': [('SVC', OneVsRestClassifier(estimator=SVC(C=1, cache_size=500, class_weight='balanced',
                                  coef0=2, degree=6, gamma=0.01, kernel='poly',
                                  max_iter=1000000, probability=True,
                                  random_state=42)))], 'Classifier__transform_input': None, 'Classifier__verbose': False, 'Classifier__SVC': OneVsRestClassifier(estimator=SVC(C=1, cache_size=500, class_weight='balanced',
                                  coef0=2, degree=6, gamma=0.01, kernel='poly',
                                  max_iter=1000000, probability=True,
                                  random_state=42)), 'Classifier__SVC__estimator__C': 1, 'Classifier__SVC__estimator__break_ties': False, 'Classifier__SVC__estimator__cache_size': 500, 'Classifier__SVC__estimator__class_weight': 'balanced', 'Classifier__SVC__estimator__coef0': 2, 'Classifier__SVC__estimator__decision_function_shape': 'ovr', 'Classifier__SVC__estimator__degree': 6, 'Classifier__SVC__estimator__gamma': 0.01, 'Classifier__SVC__estimator__kernel': 'poly', 'Classifier__SVC__estimator__max_iter': 1000000, 'Classifier__SVC__estimator__probability': True, 'Classifier__SVC__estimator__random_state': 42, 'Classifier__SVC__estimator__shrinking': True, 'Classifier__SVC__estimator__tol': 0.001, 'Classifier__SVC__estimator__verbose': False, 'Classifier__SVC__estimator': SVC(C=1, cache_size=500, class_weight='balanced', coef0=2, degree=6, gamma=0.01,
    kernel='poly', max_iter=1000000, probability=True, random_state=42), 'Classifier__SVC__n_jobs': None, 'Classifier__SVC__verbose': 0}","['Spectral Centroid Overall Standard Deviation'
 'Spectral Rolloff Point Overall Standard Deviation'
 'Compactness Overall Standard Deviation'
 'Spectral Variability Overall Standard Deviation'
 'Root Mean Square Overall Standard Deviation'
 'Zero Crossings Overall Standard Deviation'
 'MFCC Overall Standard Deviation 1' 'LPC Overall Standard Deviation 7'
 'LPC Overall Standard Deviation 9'
 'Method of Moments Overall Standard Deviation 1'
 'Method of Moments Overall Standard Deviation 2'
 'Method of Moments Overall Standard Deviation 3'
 'Method of Moments Overall Standard Deviation 4'
 'Method of Moments Overall Standard Deviation 5'
 'Spectral Centroid Overall Average'
 'Spectral Rolloff Point Overall Average' 'Spectral Flux Overall Average'
 'Compactness Overall Average' 'Spectral Variability Overall Average'
 'Root Mean Square Overall Average' 'Zero Crossings Overall Average'
 'MFCC Overall Average 1' 'LPC Overall Average 1' 'LPC Overall Average 2'
 'Method of Moments Overall Average 1'
 'Method of Moments Overall Average 2'
 'Method of Moments Overall Average 3'
 'Method of Moments Overall Average 4'
 'Method of Moments Overall Average 5' 'Chroma feature 0'
 'Chroma feature 1' 'Chroma feature 10']",0.4177215189873418,0.2383116883116883,0.6204539239814055
41,Mixed + Vocals,False,"{'memory': None, 'steps': [('Imputer', SimpleImputer()), ('Scaler', StandardScaler()), ('Selector', SelectFromModel(estimator=LinearSVC(random_state=42), max_features=12)), ('Classifier', Pipeline(steps=[('SVC',
                 OneVsRestClassifier(estimator=SVC(C=0.1, cache_size=500,
                                                   class_weight='balanced',
                                                   coef0=6, degree=8,
                                                   gamma=0.01, kernel='poly',
                                                   max_iter=1000000,
                                                   probability=True,
                                                   random_state=42)))]))], 'transform_input': None, 'verbose': False, 'Imputer': SimpleImputer(), 'Scaler': StandardScaler(), 'Selector': SelectFromModel(estimator=LinearSVC(random_state=42), max_features=12), 'Classifier': Pipeline(steps=[('SVC',
                 OneVsRestClassifier(estimator=SVC(C=0.1, cache_size=500,
                                                   class_weight='balanced',
                                                   coef0=6, degree=8,
                                                   gamma=0.01, kernel='poly',
                                                   max_iter=1000000,
                                                   probability=True,
                                                   random_state=42)))]), 'Imputer__add_indicator': False, 'Imputer__copy': True, 'Imputer__fill_value': None, 'Imputer__keep_empty_features': False, 'Imputer__missing_values': nan, 'Imputer__strategy': 'mean', 'Scaler__copy': True, 'Scaler__with_mean': True, 'Scaler__with_std': True, 'Selector__estimator__C': 1.0, 'Selector__estimator__class_weight': None, 'Selector__estimator__dual': 'auto', 'Selector__estimator__fit_intercept': True, 'Selector__estimator__intercept_scaling': 1, 'Selector__estimator__loss': 'squared_hinge', 'Selector__estimator__max_iter': 1000, 'Selector__estimator__multi_class': 'ovr', 'Selector__estimator__penalty': 'l2', 'Selector__estimator__random_state': 42, 'Selector__estimator__tol': 0.0001, 'Selector__estimator__verbose': 0, 'Selector__estimator': LinearSVC(random_state=42), 'Selector__importance_getter': 'auto', 'Selector__max_features': 12, 'Selector__norm_order': 1, 'Selector__prefit': False, 'Selector__threshold': None, 'Classifier__memory': None, 'Classifier__steps': [('SVC', OneVsRestClassifier(estimator=SVC(C=0.1, cache_size=500,
                                  class_weight='balanced', coef0=6, degree=8,
                                  gamma=0.01, kernel='poly', max_iter=1000000,
                                  probability=True, random_state=42)))], 'Classifier__transform_input': None, 'Classifier__verbose': False, 'Classifier__SVC': OneVsRestClassifier(estimator=SVC(C=0.1, cache_size=500,
                                  class_weight='balanced', coef0=6, degree=8,
                                  gamma=0.01, kernel='poly', max_iter=1000000,
                                  probability=True, random_state=42)), 'Classifier__SVC__estimator__C': 0.1, 'Classifier__SVC__estimator__break_ties': False, 'Classifier__SVC__estimator__cache_size': 500, 'Classifier__SVC__estimator__class_weight': 'balanced', 'Classifier__SVC__estimator__coef0': 6, 'Classifier__SVC__estimator__decision_function_shape': 'ovr', 'Classifier__SVC__estimator__degree': 8, 'Classifier__SVC__estimator__gamma': 0.01, 'Classifier__SVC__estimator__kernel': 'poly', 'Classifier__SVC__estimator__max_iter': 1000000, 'Classifier__SVC__estimator__probability': True, 'Classifier__SVC__estimator__random_state': 42, 'Classifier__SVC__estimator__shrinking': True, 'Classifier__SVC__estimator__tol': 0.001, 'Classifier__SVC__estimator__verbose': False, 'Classifier__SVC__estimator': SVC(C=0.1, cache_size=500, class_weight='balanced', coef0=6, degree=8,
    gamma=0.01, kernel='poly', max_iter=1000000, probability=True,
    random_state=42), 'Classifier__SVC__n_jobs': None, 'Classifier__SVC__verbose': 0}","['Spectral Centroid Overall Standard Deviation'
 'Spectral Variability Overall Standard Deviation'
 'Root Mean Square Overall Standard Deviation'
 'Spectral Centroid Overall Average' 'Spectral Flux Overall Average'
 'Root Mean Square Overall Average' 'Zero Crossings Overall Average'
 'Method of Moments Overall Average 1'
 'Method of Moments Overall Average 2'
 'Method of Moments Overall Average 3'
 'Method of Moments Overall Average 4'
 'Method of Moments Overall Average 5']","{'memory': None, 'steps': [('Imputer', SimpleImputer()), ('Scaler', StandardScaler()), ('Selector', SelectFromModel(estimator=LinearSVC(random_state=42), max_features=32)), ('Classifier', Pipeline(steps=[('SVC',
                 OneVsRestClassifier(estimator=SVC(C=10, cache_size=500,
                                                   class_weight='balanced',
                                                   coef0=4, degree=2, gamma=0.1,
                                                   kernel='poly',
                                                   max_iter=1000000,
                                                   probability=True,
                                                   random_state=42)))]))], 'transform_input': None, 'verbose': False, 'Imputer': SimpleImputer(), 'Scaler': StandardScaler(), 'Selector': SelectFromModel(estimator=LinearSVC(random_state=42), max_features=32), 'Classifier': Pipeline(steps=[('SVC',
                 OneVsRestClassifier(estimator=SVC(C=10, cache_size=500,
                                                   class_weight='balanced',
                                                   coef0=4, degree=2, gamma=0.1,
                                                   kernel='poly',
                                                   max_iter=1000000,
                                                   probability=True,
                                                   random_state=42)))]), 'Imputer__add_indicator': False, 'Imputer__copy': True, 'Imputer__fill_value': None, 'Imputer__keep_empty_features': False, 'Imputer__missing_values': nan, 'Imputer__strategy': 'mean', 'Scaler__copy': True, 'Scaler__with_mean': True, 'Scaler__with_std': True, 'Selector__estimator__C': 1.0, 'Selector__estimator__class_weight': None, 'Selector__estimator__dual': 'auto', 'Selector__estimator__fit_intercept': True, 'Selector__estimator__intercept_scaling': 1, 'Selector__estimator__loss': 'squared_hinge', 'Selector__estimator__max_iter': 1000, 'Selector__estimator__multi_class': 'ovr', 'Selector__estimator__penalty': 'l2', 'Selector__estimator__random_state': 42, 'Selector__estimator__tol': 0.0001, 'Selector__estimator__verbose': 0, 'Selector__estimator': LinearSVC(random_state=42), 'Selector__importance_getter': 'auto', 'Selector__max_features': 32, 'Selector__norm_order': 1, 'Selector__prefit': False, 'Selector__threshold': None, 'Classifier__memory': None, 'Classifier__steps': [('SVC', OneVsRestClassifier(estimator=SVC(C=10, cache_size=500, class_weight='balanced',
                                  coef0=4, degree=2, gamma=0.1, kernel='poly',
                                  max_iter=1000000, probability=True,
                                  random_state=42)))], 'Classifier__transform_input': None, 'Classifier__verbose': False, 'Classifier__SVC': OneVsRestClassifier(estimator=SVC(C=10, cache_size=500, class_weight='balanced',
                                  coef0=4, degree=2, gamma=0.1, kernel='poly',
                                  max_iter=1000000, probability=True,
                                  random_state=42)), 'Classifier__SVC__estimator__C': 10, 'Classifier__SVC__estimator__break_ties': False, 'Classifier__SVC__estimator__cache_size': 500, 'Classifier__SVC__estimator__class_weight': 'balanced', 'Classifier__SVC__estimator__coef0': 4, 'Classifier__SVC__estimator__decision_function_shape': 'ovr', 'Classifier__SVC__estimator__degree': 2, 'Classifier__SVC__estimator__gamma': 0.1, 'Classifier__SVC__estimator__kernel': 'poly', 'Classifier__SVC__estimator__max_iter': 1000000, 'Classifier__SVC__estimator__probability': True, 'Classifier__SVC__estimator__random_state': 42, 'Classifier__SVC__estimator__shrinking': True, 'Classifier__SVC__estimator__tol': 0.001, 'Classifier__SVC__estimator__verbose': False, 'Classifier__SVC__estimator': SVC(C=10, cache_size=500, class_weight='balanced', coef0=4, degree=2, gamma=0.1,
    kernel='poly', max_iter=1000000, probability=True, random_state=42), 'Classifier__SVC__n_jobs': None, 'Classifier__SVC__verbose': 0}","['Spectral Centroid Overall Standard Deviation'
 'Spectral Rolloff Point Overall Standard Deviation'
 'Compactness Overall Standard Deviation'
 'Spectral Variability Overall Standard Deviation'
 'Root Mean Square Overall Standard Deviation'
 'Zero Crossings Overall Standard Deviation'
 'MFCC Overall Standard Deviation 1' 'LPC Overall Standard Deviation 7'
 'LPC Overall Standard Deviation 9'
 'Method of Moments Overall Standard Deviation 1'
 'Method of Moments Overall Standard Deviation 2'
 'Method of Moments Overall Standard Deviation 3'
 'Method of Moments Overall Standard Deviation 4'
 'Method of Moments Overall Standard Deviation 5'
 'Spectral Centroid Overall Average'
 'Spectral Rolloff Point Overall Average' 'Spectral Flux Overall Average'
 'Compactness Overall Average' 'Spectral Variability Overall Average'
 'Root Mean Square Overall Average' 'Zero Crossings Overall Average'
 'MFCC Overall Average 1' 'LPC Overall Average 1' 'LPC Overall Average 2'
 'Method of Moments Overall Average 1'
 'Method of Moments Overall Average 2'
 'Method of Moments Overall Average 3'
 'Method of Moments Overall Average 4'
 'Method of Moments Overall Average 5' 'Chroma feature 0'
 'Chroma feature 1' 'Chroma feature 10']",0.3924050632911392,0.22402597402597405,0.5147226986849628
42,Mixed + Vocals,False,"{'memory': None, 'steps': [('Imputer', SimpleImputer()), ('Scaler', StandardScaler()), ('Selector', SelectFromModel(estimator=LinearSVC(random_state=42), max_features=16)), ('Classifier', Pipeline(steps=[('SVC',
                 OneVsRestClassifier(estimator=SVC(C=0.1, cache_size=500,
                                                   class_weight='balanced',
                                                   coef0=6, degree=8,
                                                   gamma=0.01, kernel='poly',
                                                   max_iter=1000000,
                                                   probability=True,
                                                   random_state=42)))]))], 'transform_input': None, 'verbose': False, 'Imputer': SimpleImputer(), 'Scaler': StandardScaler(), 'Selector': SelectFromModel(estimator=LinearSVC(random_state=42), max_features=16), 'Classifier': Pipeline(steps=[('SVC',
                 OneVsRestClassifier(estimator=SVC(C=0.1, cache_size=500,
                                                   class_weight='balanced',
                                                   coef0=6, degree=8,
                                                   gamma=0.01, kernel='poly',
                                                   max_iter=1000000,
                                                   probability=True,
                                                   random_state=42)))]), 'Imputer__add_indicator': False, 'Imputer__copy': True, 'Imputer__fill_value': None, 'Imputer__keep_empty_features': False, 'Imputer__missing_values': nan, 'Imputer__strategy': 'mean', 'Scaler__copy': True, 'Scaler__with_mean': True, 'Scaler__with_std': True, 'Selector__estimator__C': 1.0, 'Selector__estimator__class_weight': None, 'Selector__estimator__dual': 'auto', 'Selector__estimator__fit_intercept': True, 'Selector__estimator__intercept_scaling': 1, 'Selector__estimator__loss': 'squared_hinge', 'Selector__estimator__max_iter': 1000, 'Selector__estimator__multi_class': 'ovr', 'Selector__estimator__penalty': 'l2', 'Selector__estimator__random_state': 42, 'Selector__estimator__tol': 0.0001, 'Selector__estimator__verbose': 0, 'Selector__estimator': LinearSVC(random_state=42), 'Selector__importance_getter': 'auto', 'Selector__max_features': 16, 'Selector__norm_order': 1, 'Selector__prefit': False, 'Selector__threshold': None, 'Classifier__memory': None, 'Classifier__steps': [('SVC', OneVsRestClassifier(estimator=SVC(C=0.1, cache_size=500,
                                  class_weight='balanced', coef0=6, degree=8,
                                  gamma=0.01, kernel='poly', max_iter=1000000,
                                  probability=True, random_state=42)))], 'Classifier__transform_input': None, 'Classifier__verbose': False, 'Classifier__SVC': OneVsRestClassifier(estimator=SVC(C=0.1, cache_size=500,
                                  class_weight='balanced', coef0=6, degree=8,
                                  gamma=0.01, kernel='poly', max_iter=1000000,
                                  probability=True, random_state=42)), 'Classifier__SVC__estimator__C': 0.1, 'Classifier__SVC__estimator__break_ties': False, 'Classifier__SVC__estimator__cache_size': 500, 'Classifier__SVC__estimator__class_weight': 'balanced', 'Classifier__SVC__estimator__coef0': 6, 'Classifier__SVC__estimator__decision_function_shape': 'ovr', 'Classifier__SVC__estimator__degree': 8, 'Classifier__SVC__estimator__gamma': 0.01, 'Classifier__SVC__estimator__kernel': 'poly', 'Classifier__SVC__estimator__max_iter': 1000000, 'Classifier__SVC__estimator__probability': True, 'Classifier__SVC__estimator__random_state': 42, 'Classifier__SVC__estimator__shrinking': True, 'Classifier__SVC__estimator__tol': 0.001, 'Classifier__SVC__estimator__verbose': False, 'Classifier__SVC__estimator': SVC(C=0.1, cache_size=500, class_weight='balanced', coef0=6, degree=8,
    gamma=0.01, kernel='poly', max_iter=1000000, probability=True,
    random_state=42), 'Classifier__SVC__n_jobs': None, 'Classifier__SVC__verbose': 0}","['Spectral Centroid Overall Standard Deviation'
 'Spectral Variability Overall Standard Deviation'
 'Root Mean Square Overall Standard Deviation'
 'Zero Crossings Overall Standard Deviation'
 'LPC Overall Standard Deviation 1'
 'Method of Moments Overall Standard Deviation 2'
 'Spectral Centroid Overall Average' 'Spectral Flux Overall Average'
 'Root Mean Square Overall Average' 'Zero Crossings Overall Average'
 'LPC Overall Average 1' 'Method of Moments Overall Average 1'
 'Method of Moments Overall Average 2'
 'Method of Moments Overall Average 3'
 'Method of Moments Overall Average 4'
 'Method of Moments Overall Average 5']","{'memory': None, 'steps': [('Imputer', SimpleImputer()), ('Scaler', StandardScaler()), ('Selector', SelectFromModel(estimator=LinearSVC(random_state=42), max_features=32)), ('Classifier', Pipeline(steps=[('SVC',
                 OneVsRestClassifier(estimator=SVC(C=10, cache_size=500,
                                                   class_weight='balanced',
                                                   coef0=2, degree=2, gamma=0.1,
                                                   kernel='poly',
                                                   max_iter=1000000,
                                                   probability=True,
                                                   random_state=42)))]))], 'transform_input': None, 'verbose': False, 'Imputer': SimpleImputer(), 'Scaler': StandardScaler(), 'Selector': SelectFromModel(estimator=LinearSVC(random_state=42), max_features=32), 'Classifier': Pipeline(steps=[('SVC',
                 OneVsRestClassifier(estimator=SVC(C=10, cache_size=500,
                                                   class_weight='balanced',
                                                   coef0=2, degree=2, gamma=0.1,
                                                   kernel='poly',
                                                   max_iter=1000000,
                                                   probability=True,
                                                   random_state=42)))]), 'Imputer__add_indicator': False, 'Imputer__copy': True, 'Imputer__fill_value': None, 'Imputer__keep_empty_features': False, 'Imputer__missing_values': nan, 'Imputer__strategy': 'mean', 'Scaler__copy': True, 'Scaler__with_mean': True, 'Scaler__with_std': True, 'Selector__estimator__C': 1.0, 'Selector__estimator__class_weight': None, 'Selector__estimator__dual': 'auto', 'Selector__estimator__fit_intercept': True, 'Selector__estimator__intercept_scaling': 1, 'Selector__estimator__loss': 'squared_hinge', 'Selector__estimator__max_iter': 1000, 'Selector__estimator__multi_class': 'ovr', 'Selector__estimator__penalty': 'l2', 'Selector__estimator__random_state': 42, 'Selector__estimator__tol': 0.0001, 'Selector__estimator__verbose': 0, 'Selector__estimator': LinearSVC(random_state=42), 'Selector__importance_getter': 'auto', 'Selector__max_features': 32, 'Selector__norm_order': 1, 'Selector__prefit': False, 'Selector__threshold': None, 'Classifier__memory': None, 'Classifier__steps': [('SVC', OneVsRestClassifier(estimator=SVC(C=10, cache_size=500, class_weight='balanced',
                                  coef0=2, degree=2, gamma=0.1, kernel='poly',
                                  max_iter=1000000, probability=True,
                                  random_state=42)))], 'Classifier__transform_input': None, 'Classifier__verbose': False, 'Classifier__SVC': OneVsRestClassifier(estimator=SVC(C=10, cache_size=500, class_weight='balanced',
                                  coef0=2, degree=2, gamma=0.1, kernel='poly',
                                  max_iter=1000000, probability=True,
                                  random_state=42)), 'Classifier__SVC__estimator__C': 10, 'Classifier__SVC__estimator__break_ties': False, 'Classifier__SVC__estimator__cache_size': 500, 'Classifier__SVC__estimator__class_weight': 'balanced', 'Classifier__SVC__estimator__coef0': 2, 'Classifier__SVC__estimator__decision_function_shape': 'ovr', 'Classifier__SVC__estimator__degree': 2, 'Classifier__SVC__estimator__gamma': 0.1, 'Classifier__SVC__estimator__kernel': 'poly', 'Classifier__SVC__estimator__max_iter': 1000000, 'Classifier__SVC__estimator__probability': True, 'Classifier__SVC__estimator__random_state': 42, 'Classifier__SVC__estimator__shrinking': True, 'Classifier__SVC__estimator__tol': 0.001, 'Classifier__SVC__estimator__verbose': False, 'Classifier__SVC__estimator': SVC(C=10, cache_size=500, class_weight='balanced', coef0=2, degree=2, gamma=0.1,
    kernel='poly', max_iter=1000000, probability=True, random_state=42), 'Classifier__SVC__n_jobs': None, 'Classifier__SVC__verbose': 0}","['Spectral Centroid Overall Standard Deviation'
 'Spectral Rolloff Point Overall Standard Deviation'
 'Compactness Overall Standard Deviation'
 'Spectral Variability Overall Standard Deviation'
 'Root Mean Square Overall Standard Deviation'
 'Zero Crossings Overall Standard Deviation'
 'MFCC Overall Standard Deviation 1' 'LPC Overall Standard Deviation 7'
 'LPC Overall Standard Deviation 9'
 'Method of Moments Overall Standard Deviation 1'
 'Method of Moments Overall Standard Deviation 2'
 'Method of Moments Overall Standard Deviation 3'
 'Method of Moments Overall Standard Deviation 4'
 'Method of Moments Overall Standard Deviation 5'
 'Spectral Centroid Overall Average'
 'Spectral Rolloff Point Overall Average' 'Spectral Flux Overall Average'
 'Compactness Overall Average' 'Spectral Variability Overall Average'
 'Root Mean Square Overall Average' 'Zero Crossings Overall Average'
 'MFCC Overall Average 1' 'LPC Overall Average 1' 'LPC Overall Average 2'
 'Method of Moments Overall Average 1'
 'Method of Moments Overall Average 2'
 'Method of Moments Overall Average 3'
 'Method of Moments Overall Average 4'
 'Method of Moments Overall Average 5' 'Chroma feature 0'
 'Chroma feature 1' 'Chroma feature 10']",0.3670886075949367,0.1935064935064935,0.40464895635673626
43,Mixed + Vocals,False,"{'memory': None, 'steps': [('Imputer', SimpleImputer()), ('Scaler', StandardScaler()), ('Selector', SelectFromModel(estimator=LinearSVC(random_state=42), max_features=16)), ('Classifier', Pipeline(steps=[('SVC',
                 OneVsRestClassifier(estimator=SVC(C=0.1, cache_size=500,
                                                   class_weight='balanced',
                                                   coef0=6, degree=8,
                                                   gamma=0.01, kernel='poly',
                                                   max_iter=1000000,
                                                   probability=True,
                                                   random_state=42)))]))], 'transform_input': None, 'verbose': False, 'Imputer': SimpleImputer(), 'Scaler': StandardScaler(), 'Selector': SelectFromModel(estimator=LinearSVC(random_state=42), max_features=16), 'Classifier': Pipeline(steps=[('SVC',
                 OneVsRestClassifier(estimator=SVC(C=0.1, cache_size=500,
                                                   class_weight='balanced',
                                                   coef0=6, degree=8,
                                                   gamma=0.01, kernel='poly',
                                                   max_iter=1000000,
                                                   probability=True,
                                                   random_state=42)))]), 'Imputer__add_indicator': False, 'Imputer__copy': True, 'Imputer__fill_value': None, 'Imputer__keep_empty_features': False, 'Imputer__missing_values': nan, 'Imputer__strategy': 'mean', 'Scaler__copy': True, 'Scaler__with_mean': True, 'Scaler__with_std': True, 'Selector__estimator__C': 1.0, 'Selector__estimator__class_weight': None, 'Selector__estimator__dual': 'auto', 'Selector__estimator__fit_intercept': True, 'Selector__estimator__intercept_scaling': 1, 'Selector__estimator__loss': 'squared_hinge', 'Selector__estimator__max_iter': 1000, 'Selector__estimator__multi_class': 'ovr', 'Selector__estimator__penalty': 'l2', 'Selector__estimator__random_state': 42, 'Selector__estimator__tol': 0.0001, 'Selector__estimator__verbose': 0, 'Selector__estimator': LinearSVC(random_state=42), 'Selector__importance_getter': 'auto', 'Selector__max_features': 16, 'Selector__norm_order': 1, 'Selector__prefit': False, 'Selector__threshold': None, 'Classifier__memory': None, 'Classifier__steps': [('SVC', OneVsRestClassifier(estimator=SVC(C=0.1, cache_size=500,
                                  class_weight='balanced', coef0=6, degree=8,
                                  gamma=0.01, kernel='poly', max_iter=1000000,
                                  probability=True, random_state=42)))], 'Classifier__transform_input': None, 'Classifier__verbose': False, 'Classifier__SVC': OneVsRestClassifier(estimator=SVC(C=0.1, cache_size=500,
                                  class_weight='balanced', coef0=6, degree=8,
                                  gamma=0.01, kernel='poly', max_iter=1000000,
                                  probability=True, random_state=42)), 'Classifier__SVC__estimator__C': 0.1, 'Classifier__SVC__estimator__break_ties': False, 'Classifier__SVC__estimator__cache_size': 500, 'Classifier__SVC__estimator__class_weight': 'balanced', 'Classifier__SVC__estimator__coef0': 6, 'Classifier__SVC__estimator__decision_function_shape': 'ovr', 'Classifier__SVC__estimator__degree': 8, 'Classifier__SVC__estimator__gamma': 0.01, 'Classifier__SVC__estimator__kernel': 'poly', 'Classifier__SVC__estimator__max_iter': 1000000, 'Classifier__SVC__estimator__probability': True, 'Classifier__SVC__estimator__random_state': 42, 'Classifier__SVC__estimator__shrinking': True, 'Classifier__SVC__estimator__tol': 0.001, 'Classifier__SVC__estimator__verbose': False, 'Classifier__SVC__estimator': SVC(C=0.1, cache_size=500, class_weight='balanced', coef0=6, degree=8,
    gamma=0.01, kernel='poly', max_iter=1000000, probability=True,
    random_state=42), 'Classifier__SVC__n_jobs': None, 'Classifier__SVC__verbose': 0}","['Spectral Centroid Overall Standard Deviation'
 'Spectral Variability Overall Standard Deviation'
 'Root Mean Square Overall Standard Deviation'
 'Zero Crossings Overall Standard Deviation'
 'LPC Overall Standard Deviation 1'
 'Method of Moments Overall Standard Deviation 2'
 'Spectral Centroid Overall Average' 'Spectral Flux Overall Average'
 'Root Mean Square Overall Average' 'Zero Crossings Overall Average'
 'LPC Overall Average 1' 'Method of Moments Overall Average 1'
 'Method of Moments Overall Average 2'
 'Method of Moments Overall Average 3'
 'Method of Moments Overall Average 4'
 'Method of Moments Overall Average 5']","{'memory': None, 'steps': [('Imputer', SimpleImputer()), ('Scaler', StandardScaler()), ('Selector', SelectFromModel(estimator=LinearSVC(random_state=42), max_features=32)), ('Classifier', Pipeline(steps=[('SVC',
                 OneVsRestClassifier(estimator=SVC(C=1, cache_size=500,
                                                   class_weight='balanced',
                                                   coef0=2, degree=6,
                                                   gamma=0.01, kernel='poly',
                                                   max_iter=1000000,
                                                   probability=True,
                                                   random_state=42)))]))], 'transform_input': None, 'verbose': False, 'Imputer': SimpleImputer(), 'Scaler': StandardScaler(), 'Selector': SelectFromModel(estimator=LinearSVC(random_state=42), max_features=32), 'Classifier': Pipeline(steps=[('SVC',
                 OneVsRestClassifier(estimator=SVC(C=1, cache_size=500,
                                                   class_weight='balanced',
                                                   coef0=2, degree=6,
                                                   gamma=0.01, kernel='poly',
                                                   max_iter=1000000,
                                                   probability=True,
                                                   random_state=42)))]), 'Imputer__add_indicator': False, 'Imputer__copy': True, 'Imputer__fill_value': None, 'Imputer__keep_empty_features': False, 'Imputer__missing_values': nan, 'Imputer__strategy': 'mean', 'Scaler__copy': True, 'Scaler__with_mean': True, 'Scaler__with_std': True, 'Selector__estimator__C': 1.0, 'Selector__estimator__class_weight': None, 'Selector__estimator__dual': 'auto', 'Selector__estimator__fit_intercept': True, 'Selector__estimator__intercept_scaling': 1, 'Selector__estimator__loss': 'squared_hinge', 'Selector__estimator__max_iter': 1000, 'Selector__estimator__multi_class': 'ovr', 'Selector__estimator__penalty': 'l2', 'Selector__estimator__random_state': 42, 'Selector__estimator__tol': 0.0001, 'Selector__estimator__verbose': 0, 'Selector__estimator': LinearSVC(random_state=42), 'Selector__importance_getter': 'auto', 'Selector__max_features': 32, 'Selector__norm_order': 1, 'Selector__prefit': False, 'Selector__threshold': None, 'Classifier__memory': None, 'Classifier__steps': [('SVC', OneVsRestClassifier(estimator=SVC(C=1, cache_size=500, class_weight='balanced',
                                  coef0=2, degree=6, gamma=0.01, kernel='poly',
                                  max_iter=1000000, probability=True,
                                  random_state=42)))], 'Classifier__transform_input': None, 'Classifier__verbose': False, 'Classifier__SVC': OneVsRestClassifier(estimator=SVC(C=1, cache_size=500, class_weight='balanced',
                                  coef0=2, degree=6, gamma=0.01, kernel='poly',
                                  max_iter=1000000, probability=True,
                                  random_state=42)), 'Classifier__SVC__estimator__C': 1, 'Classifier__SVC__estimator__break_ties': False, 'Classifier__SVC__estimator__cache_size': 500, 'Classifier__SVC__estimator__class_weight': 'balanced', 'Classifier__SVC__estimator__coef0': 2, 'Classifier__SVC__estimator__decision_function_shape': 'ovr', 'Classifier__SVC__estimator__degree': 6, 'Classifier__SVC__estimator__gamma': 0.01, 'Classifier__SVC__estimator__kernel': 'poly', 'Classifier__SVC__estimator__max_iter': 1000000, 'Classifier__SVC__estimator__probability': True, 'Classifier__SVC__estimator__random_state': 42, 'Classifier__SVC__estimator__shrinking': True, 'Classifier__SVC__estimator__tol': 0.001, 'Classifier__SVC__estimator__verbose': False, 'Classifier__SVC__estimator': SVC(C=1, cache_size=500, class_weight='balanced', coef0=2, degree=6, gamma=0.01,
    kernel='poly', max_iter=1000000, probability=True, random_state=42), 'Classifier__SVC__n_jobs': None, 'Classifier__SVC__verbose': 0}","['Spectral Centroid Overall Standard Deviation'
 'Spectral Rolloff Point Overall Standard Deviation'
 'Compactness Overall Standard Deviation'
 'Spectral Variability Overall Standard Deviation'
 'Root Mean Square Overall Standard Deviation'
 'Zero Crossings Overall Standard Deviation'
 'MFCC Overall Standard Deviation 1' 'LPC Overall Standard Deviation 7'
 'LPC Overall Standard Deviation 9'
 'Method of Moments Overall Standard Deviation 1'
 'Method of Moments Overall Standard Deviation 2'
 'Method of Moments Overall Standard Deviation 3'
 'Method of Moments Overall Standard Deviation 4'
 'Method of Moments Overall Standard Deviation 5'
 'Spectral Centroid Overall Average'
 'Spectral Rolloff Point Overall Average' 'Spectral Flux Overall Average'
 'Compactness Overall Average' 'Spectral Variability Overall Average'
 'Root Mean Square Overall Average' 'Zero Crossings Overall Average'
 'MFCC Overall Average 1' 'LPC Overall Average 1' 'LPC Overall Average 2'
 'Method of Moments Overall Average 1'
 'Method of Moments Overall Average 2'
 'Method of Moments Overall Average 3'
 'Method of Moments Overall Average 4'
 'Method of Moments Overall Average 5' 'Chroma feature 0'
 'Chroma feature 1' 'Chroma feature 10']",0.379746835443038,0.2114718614718615,0.6246584699453552
44,Mixed + Vocals,False,"{'memory': None, 'steps': [('Imputer', SimpleImputer()), ('Scaler', StandardScaler()), ('Selector', SelectFromModel(estimator=LinearSVC(random_state=42), max_features=16)), ('Classifier', Pipeline(steps=[('SVC',
                 OneVsRestClassifier(estimator=SVC(C=0.1, cache_size=500,
                                                   class_weight='balanced',
                                                   coef0=6, degree=8,
                                                   gamma=0.01, kernel='poly',
                                                   max_iter=1000000,
                                                   probability=True,
                                                   random_state=42)))]))], 'transform_input': None, 'verbose': False, 'Imputer': SimpleImputer(), 'Scaler': StandardScaler(), 'Selector': SelectFromModel(estimator=LinearSVC(random_state=42), max_features=16), 'Classifier': Pipeline(steps=[('SVC',
                 OneVsRestClassifier(estimator=SVC(C=0.1, cache_size=500,
                                                   class_weight='balanced',
                                                   coef0=6, degree=8,
                                                   gamma=0.01, kernel='poly',
                                                   max_iter=1000000,
                                                   probability=True,
                                                   random_state=42)))]), 'Imputer__add_indicator': False, 'Imputer__copy': True, 'Imputer__fill_value': None, 'Imputer__keep_empty_features': False, 'Imputer__missing_values': nan, 'Imputer__strategy': 'mean', 'Scaler__copy': True, 'Scaler__with_mean': True, 'Scaler__with_std': True, 'Selector__estimator__C': 1.0, 'Selector__estimator__class_weight': None, 'Selector__estimator__dual': 'auto', 'Selector__estimator__fit_intercept': True, 'Selector__estimator__intercept_scaling': 1, 'Selector__estimator__loss': 'squared_hinge', 'Selector__estimator__max_iter': 1000, 'Selector__estimator__multi_class': 'ovr', 'Selector__estimator__penalty': 'l2', 'Selector__estimator__random_state': 42, 'Selector__estimator__tol': 0.0001, 'Selector__estimator__verbose': 0, 'Selector__estimator': LinearSVC(random_state=42), 'Selector__importance_getter': 'auto', 'Selector__max_features': 16, 'Selector__norm_order': 1, 'Selector__prefit': False, 'Selector__threshold': None, 'Classifier__memory': None, 'Classifier__steps': [('SVC', OneVsRestClassifier(estimator=SVC(C=0.1, cache_size=500,
                                  class_weight='balanced', coef0=6, degree=8,
                                  gamma=0.01, kernel='poly', max_iter=1000000,
                                  probability=True, random_state=42)))], 'Classifier__transform_input': None, 'Classifier__verbose': False, 'Classifier__SVC': OneVsRestClassifier(estimator=SVC(C=0.1, cache_size=500,
                                  class_weight='balanced', coef0=6, degree=8,
                                  gamma=0.01, kernel='poly', max_iter=1000000,
                                  probability=True, random_state=42)), 'Classifier__SVC__estimator__C': 0.1, 'Classifier__SVC__estimator__break_ties': False, 'Classifier__SVC__estimator__cache_size': 500, 'Classifier__SVC__estimator__class_weight': 'balanced', 'Classifier__SVC__estimator__coef0': 6, 'Classifier__SVC__estimator__decision_function_shape': 'ovr', 'Classifier__SVC__estimator__degree': 8, 'Classifier__SVC__estimator__gamma': 0.01, 'Classifier__SVC__estimator__kernel': 'poly', 'Classifier__SVC__estimator__max_iter': 1000000, 'Classifier__SVC__estimator__probability': True, 'Classifier__SVC__estimator__random_state': 42, 'Classifier__SVC__estimator__shrinking': True, 'Classifier__SVC__estimator__tol': 0.001, 'Classifier__SVC__estimator__verbose': False, 'Classifier__SVC__estimator': SVC(C=0.1, cache_size=500, class_weight='balanced', coef0=6, degree=8,
    gamma=0.01, kernel='poly', max_iter=1000000, probability=True,
    random_state=42), 'Classifier__SVC__n_jobs': None, 'Classifier__SVC__verbose': 0}","['Spectral Centroid Overall Standard Deviation'
 'Spectral Variability Overall Standard Deviation'
 'Root Mean Square Overall Standard Deviation'
 'Zero Crossings Overall Standard Deviation'
 'LPC Overall Standard Deviation 1'
 'Method of Moments Overall Standard Deviation 2'
 'Spectral Centroid Overall Average' 'Spectral Flux Overall Average'
 'Root Mean Square Overall Average' 'Zero Crossings Overall Average'
 'LPC Overall Average 1' 'Method of Moments Overall Average 1'
 'Method of Moments Overall Average 2'
 'Method of Moments Overall Average 3'
 'Method of Moments Overall Average 4'
 'Method of Moments Overall Average 5']","{'memory': None, 'steps': [('Imputer', SimpleImputer()), ('Scaler', StandardScaler()), ('Selector', SelectFromModel(estimator=LinearSVC(random_state=42), max_features=32)), ('Classifier', Pipeline(steps=[('SVC',
                 OneVsRestClassifier(estimator=SVC(C=10, cache_size=500,
                                                   class_weight='balanced',
                                                   coef0=4, degree=2, gamma=0.1,
                                                   kernel='poly',
                                                   max_iter=1000000,
                                                   probability=True,
                                                   random_state=42)))]))], 'transform_input': None, 'verbose': False, 'Imputer': SimpleImputer(), 'Scaler': StandardScaler(), 'Selector': SelectFromModel(estimator=LinearSVC(random_state=42), max_features=32), 'Classifier': Pipeline(steps=[('SVC',
                 OneVsRestClassifier(estimator=SVC(C=10, cache_size=500,
                                                   class_weight='balanced',
                                                   coef0=4, degree=2, gamma=0.1,
                                                   kernel='poly',
                                                   max_iter=1000000,
                                                   probability=True,
                                                   random_state=42)))]), 'Imputer__add_indicator': False, 'Imputer__copy': True, 'Imputer__fill_value': None, 'Imputer__keep_empty_features': False, 'Imputer__missing_values': nan, 'Imputer__strategy': 'mean', 'Scaler__copy': True, 'Scaler__with_mean': True, 'Scaler__with_std': True, 'Selector__estimator__C': 1.0, 'Selector__estimator__class_weight': None, 'Selector__estimator__dual': 'auto', 'Selector__estimator__fit_intercept': True, 'Selector__estimator__intercept_scaling': 1, 'Selector__estimator__loss': 'squared_hinge', 'Selector__estimator__max_iter': 1000, 'Selector__estimator__multi_class': 'ovr', 'Selector__estimator__penalty': 'l2', 'Selector__estimator__random_state': 42, 'Selector__estimator__tol': 0.0001, 'Selector__estimator__verbose': 0, 'Selector__estimator': LinearSVC(random_state=42), 'Selector__importance_getter': 'auto', 'Selector__max_features': 32, 'Selector__norm_order': 1, 'Selector__prefit': False, 'Selector__threshold': None, 'Classifier__memory': None, 'Classifier__steps': [('SVC', OneVsRestClassifier(estimator=SVC(C=10, cache_size=500, class_weight='balanced',
                                  coef0=4, degree=2, gamma=0.1, kernel='poly',
                                  max_iter=1000000, probability=True,
                                  random_state=42)))], 'Classifier__transform_input': None, 'Classifier__verbose': False, 'Classifier__SVC': OneVsRestClassifier(estimator=SVC(C=10, cache_size=500, class_weight='balanced',
                                  coef0=4, degree=2, gamma=0.1, kernel='poly',
                                  max_iter=1000000, probability=True,
                                  random_state=42)), 'Classifier__SVC__estimator__C': 10, 'Classifier__SVC__estimator__break_ties': False, 'Classifier__SVC__estimator__cache_size': 500, 'Classifier__SVC__estimator__class_weight': 'balanced', 'Classifier__SVC__estimator__coef0': 4, 'Classifier__SVC__estimator__decision_function_shape': 'ovr', 'Classifier__SVC__estimator__degree': 2, 'Classifier__SVC__estimator__gamma': 0.1, 'Classifier__SVC__estimator__kernel': 'poly', 'Classifier__SVC__estimator__max_iter': 1000000, 'Classifier__SVC__estimator__probability': True, 'Classifier__SVC__estimator__random_state': 42, 'Classifier__SVC__estimator__shrinking': True, 'Classifier__SVC__estimator__tol': 0.001, 'Classifier__SVC__estimator__verbose': False, 'Classifier__SVC__estimator': SVC(C=10, cache_size=500, class_weight='balanced', coef0=4, degree=2, gamma=0.1,
    kernel='poly', max_iter=1000000, probability=True, random_state=42), 'Classifier__SVC__n_jobs': None, 'Classifier__SVC__verbose': 0}","['Spectral Centroid Overall Standard Deviation'
 'Spectral Rolloff Point Overall Standard Deviation'
 'Compactness Overall Standard Deviation'
 'Spectral Variability Overall Standard Deviation'
 'Root Mean Square Overall Standard Deviation'
 'Zero Crossings Overall Standard Deviation'
 'MFCC Overall Standard Deviation 1' 'LPC Overall Standard Deviation 7'
 'LPC Overall Standard Deviation 9'
 'Method of Moments Overall Standard Deviation 1'
 'Method of Moments Overall Standard Deviation 2'
 'Method of Moments Overall Standard Deviation 3'
 'Method of Moments Overall Standard Deviation 4'
 'Method of Moments Overall Standard Deviation 5'
 'Spectral Centroid Overall Average'
 'Spectral Rolloff Point Overall Average' 'Spectral Flux Overall Average'
 'Compactness Overall Average' 'Spectral Variability Overall Average'
 'Root Mean Square Overall Average' 'Zero Crossings Overall Average'
 'MFCC Overall Average 1' 'LPC Overall Average 1' 'LPC Overall Average 2'
 'Method of Moments Overall Average 1'
 'Method of Moments Overall Average 2'
 'Method of Moments Overall Average 3'
 'Method of Moments Overall Average 4'
 'Method of Moments Overall Average 5' 'Chroma feature 0'
 'Chroma feature 1' 'Chroma feature 10']",0.3670886075949367,0.1935064935064935,0.41666666666666663
45,Mixed + Vocals,False,"{'memory': None, 'steps': [('Imputer', SimpleImputer()), ('Scaler', MinMaxScaler()), ('Selector', SelectFromModel(estimator=LinearSVC(random_state=42), max_features=32)), ('Classifier', Pipeline(steps=[('SVC',
                 OneVsRestClassifier(estimator=SVC(C=10, cache_size=500,
                                                   class_weight='balanced',
                                                   coef0=8, degree=6,
                                                   gamma=0.01, kernel='poly',
                                                   max_iter=1000000,
                                                   probability=True,
                                                   random_state=42)))]))], 'transform_input': None, 'verbose': False, 'Imputer': SimpleImputer(), 'Scaler': MinMaxScaler(), 'Selector': SelectFromModel(estimator=LinearSVC(random_state=42), max_features=32), 'Classifier': Pipeline(steps=[('SVC',
                 OneVsRestClassifier(estimator=SVC(C=10, cache_size=500,
                                                   class_weight='balanced',
                                                   coef0=8, degree=6,
                                                   gamma=0.01, kernel='poly',
                                                   max_iter=1000000,
                                                   probability=True,
                                                   random_state=42)))]), 'Imputer__add_indicator': False, 'Imputer__copy': True, 'Imputer__fill_value': None, 'Imputer__keep_empty_features': False, 'Imputer__missing_values': nan, 'Imputer__strategy': 'mean', 'Scaler__clip': False, 'Scaler__copy': True, 'Scaler__feature_range': (0, 1), 'Selector__estimator__C': 1.0, 'Selector__estimator__class_weight': None, 'Selector__estimator__dual': 'auto', 'Selector__estimator__fit_intercept': True, 'Selector__estimator__intercept_scaling': 1, 'Selector__estimator__loss': 'squared_hinge', 'Selector__estimator__max_iter': 1000, 'Selector__estimator__multi_class': 'ovr', 'Selector__estimator__penalty': 'l2', 'Selector__estimator__random_state': 42, 'Selector__estimator__tol': 0.0001, 'Selector__estimator__verbose': 0, 'Selector__estimator': LinearSVC(random_state=42), 'Selector__importance_getter': 'auto', 'Selector__max_features': 32, 'Selector__norm_order': 1, 'Selector__prefit': False, 'Selector__threshold': None, 'Classifier__memory': None, 'Classifier__steps': [('SVC', OneVsRestClassifier(estimator=SVC(C=10, cache_size=500, class_weight='balanced',
                                  coef0=8, degree=6, gamma=0.01, kernel='poly',
                                  max_iter=1000000, probability=True,
                                  random_state=42)))], 'Classifier__transform_input': None, 'Classifier__verbose': False, 'Classifier__SVC': OneVsRestClassifier(estimator=SVC(C=10, cache_size=500, class_weight='balanced',
                                  coef0=8, degree=6, gamma=0.01, kernel='poly',
                                  max_iter=1000000, probability=True,
                                  random_state=42)), 'Classifier__SVC__estimator__C': 10, 'Classifier__SVC__estimator__break_ties': False, 'Classifier__SVC__estimator__cache_size': 500, 'Classifier__SVC__estimator__class_weight': 'balanced', 'Classifier__SVC__estimator__coef0': 8, 'Classifier__SVC__estimator__decision_function_shape': 'ovr', 'Classifier__SVC__estimator__degree': 6, 'Classifier__SVC__estimator__gamma': 0.01, 'Classifier__SVC__estimator__kernel': 'poly', 'Classifier__SVC__estimator__max_iter': 1000000, 'Classifier__SVC__estimator__probability': True, 'Classifier__SVC__estimator__random_state': 42, 'Classifier__SVC__estimator__shrinking': True, 'Classifier__SVC__estimator__tol': 0.001, 'Classifier__SVC__estimator__verbose': False, 'Classifier__SVC__estimator': SVC(C=10, cache_size=500, class_weight='balanced', coef0=8, degree=6,
    gamma=0.01, kernel='poly', max_iter=1000000, probability=True,
    random_state=42), 'Classifier__SVC__n_jobs': None, 'Classifier__SVC__verbose': 0}","['Spectral Rolloff Point Overall Standard Deviation'
 'Spectral Flux Overall Standard Deviation'
 'Compactness Overall Standard Deviation'
 'Spectral Variability Overall Standard Deviation'
 'Root Mean Square Overall Standard Deviation'
 'Zero Crossings Overall Standard Deviation'
 'MFCC Overall Standard Deviation 1' 'MFCC Overall Standard Deviation 8'
 'LPC Overall Standard Deviation 1'
 'Method of Moments Overall Standard Deviation 1'
 'Method of Moments Overall Standard Deviation 2'
 'Method of Moments Overall Standard Deviation 4'
 'Method of Moments Overall Standard Deviation 5'
 'Spectral Flux Overall Average' 'Compactness Overall Average'
 'Spectral Variability Overall Average' 'Root Mean Square Overall Average'
 'MFCC Overall Average 1' 'MFCC Overall Average 3'
 'MFCC Overall Average 4' 'MFCC Overall Average 5'
 'MFCC Overall Average 6' 'MFCC Overall Average 11'
 'LPC Overall Average 3' 'LPC Overall Average 6'
 'Method of Moments Overall Average 1'
 'Method of Moments Overall Average 2'
 'Method of Moments Overall Average 3'
 'Method of Moments Overall Average 4' 'Chroma feature 0'
 'Chroma feature 6' 'Chroma feature 11']","{'memory': None, 'steps': [('Imputer', SimpleImputer()), ('Scaler', StandardScaler()), ('Selector', SelectFromModel(estimator=LinearSVC(random_state=42), max_features=32)), ('Classifier', Pipeline(steps=[('SVC',
                 OneVsRestClassifier(estimator=SVC(C=10, cache_size=500,
                                                   class_weight='balanced',
                                                   coef0=2, degree=2, gamma=0.1,
                                                   kernel='poly',
                                                   max_iter=1000000,
                                                   probability=True,
                                                   random_state=42)))]))], 'transform_input': None, 'verbose': False, 'Imputer': SimpleImputer(), 'Scaler': StandardScaler(), 'Selector': SelectFromModel(estimator=LinearSVC(random_state=42), max_features=32), 'Classifier': Pipeline(steps=[('SVC',
                 OneVsRestClassifier(estimator=SVC(C=10, cache_size=500,
                                                   class_weight='balanced',
                                                   coef0=2, degree=2, gamma=0.1,
                                                   kernel='poly',
                                                   max_iter=1000000,
                                                   probability=True,
                                                   random_state=42)))]), 'Imputer__add_indicator': False, 'Imputer__copy': True, 'Imputer__fill_value': None, 'Imputer__keep_empty_features': False, 'Imputer__missing_values': nan, 'Imputer__strategy': 'mean', 'Scaler__copy': True, 'Scaler__with_mean': True, 'Scaler__with_std': True, 'Selector__estimator__C': 1.0, 'Selector__estimator__class_weight': None, 'Selector__estimator__dual': 'auto', 'Selector__estimator__fit_intercept': True, 'Selector__estimator__intercept_scaling': 1, 'Selector__estimator__loss': 'squared_hinge', 'Selector__estimator__max_iter': 1000, 'Selector__estimator__multi_class': 'ovr', 'Selector__estimator__penalty': 'l2', 'Selector__estimator__random_state': 42, 'Selector__estimator__tol': 0.0001, 'Selector__estimator__verbose': 0, 'Selector__estimator': LinearSVC(random_state=42), 'Selector__importance_getter': 'auto', 'Selector__max_features': 32, 'Selector__norm_order': 1, 'Selector__prefit': False, 'Selector__threshold': None, 'Classifier__memory': None, 'Classifier__steps': [('SVC', OneVsRestClassifier(estimator=SVC(C=10, cache_size=500, class_weight='balanced',
                                  coef0=2, degree=2, gamma=0.1, kernel='poly',
                                  max_iter=1000000, probability=True,
                                  random_state=42)))], 'Classifier__transform_input': None, 'Classifier__verbose': False, 'Classifier__SVC': OneVsRestClassifier(estimator=SVC(C=10, cache_size=500, class_weight='balanced',
                                  coef0=2, degree=2, gamma=0.1, kernel='poly',
                                  max_iter=1000000, probability=True,
                                  random_state=42)), 'Classifier__SVC__estimator__C': 10, 'Classifier__SVC__estimator__break_ties': False, 'Classifier__SVC__estimator__cache_size': 500, 'Classifier__SVC__estimator__class_weight': 'balanced', 'Classifier__SVC__estimator__coef0': 2, 'Classifier__SVC__estimator__decision_function_shape': 'ovr', 'Classifier__SVC__estimator__degree': 2, 'Classifier__SVC__estimator__gamma': 0.1, 'Classifier__SVC__estimator__kernel': 'poly', 'Classifier__SVC__estimator__max_iter': 1000000, 'Classifier__SVC__estimator__probability': True, 'Classifier__SVC__estimator__random_state': 42, 'Classifier__SVC__estimator__shrinking': True, 'Classifier__SVC__estimator__tol': 0.001, 'Classifier__SVC__estimator__verbose': False, 'Classifier__SVC__estimator': SVC(C=10, cache_size=500, class_weight='balanced', coef0=2, degree=2, gamma=0.1,
    kernel='poly', max_iter=1000000, probability=True, random_state=42), 'Classifier__SVC__n_jobs': None, 'Classifier__SVC__verbose': 0}","['Spectral Centroid Overall Standard Deviation'
 'Spectral Rolloff Point Overall Standard Deviation'
 'Compactness Overall Standard Deviation'
 'Spectral Variability Overall Standard Deviation'
 'Root Mean Square Overall Standard Deviation'
 'Zero Crossings Overall Standard Deviation'
 'MFCC Overall Standard Deviation 1' 'LPC Overall Standard Deviation 7'
 'LPC Overall Standard Deviation 9'
 'Method of Moments Overall Standard Deviation 1'
 'Method of Moments Overall Standard Deviation 2'
 'Method of Moments Overall Standard Deviation 3'
 'Method of Moments Overall Standard Deviation 4'
 'Method of Moments Overall Standard Deviation 5'
 'Spectral Centroid Overall Average'
 'Spectral Rolloff Point Overall Average' 'Spectral Flux Overall Average'
 'Compactness Overall Average' 'Spectral Variability Overall Average'
 'Root Mean Square Overall Average' 'Zero Crossings Overall Average'
 'MFCC Overall Average 1' 'LPC Overall Average 1' 'LPC Overall Average 2'
 'Method of Moments Overall Average 1'
 'Method of Moments Overall Average 2'
 'Method of Moments Overall Average 3'
 'Method of Moments Overall Average 4'
 'Method of Moments Overall Average 5' 'Chroma feature 0'
 'Chroma feature 1' 'Chroma feature 10']",0.4177215189873418,0.2627705627705628,0.4536749482401657
46,Mixed + Vocals,False,"{'memory': None, 'steps': [('Imputer', SimpleImputer()), ('Scaler', MinMaxScaler()), ('Selector', SelectFromModel(estimator=LinearSVC(random_state=42), max_features=32)), ('Classifier', Pipeline(steps=[('SVC',
                 OneVsRestClassifier(estimator=SVC(C=10, cache_size=500,
                                                   class_weight='balanced',
                                                   coef0=8, degree=6,
                                                   gamma=0.01, kernel='poly',
                                                   max_iter=1000000,
                                                   probability=True,
                                                   random_state=42)))]))], 'transform_input': None, 'verbose': False, 'Imputer': SimpleImputer(), 'Scaler': MinMaxScaler(), 'Selector': SelectFromModel(estimator=LinearSVC(random_state=42), max_features=32), 'Classifier': Pipeline(steps=[('SVC',
                 OneVsRestClassifier(estimator=SVC(C=10, cache_size=500,
                                                   class_weight='balanced',
                                                   coef0=8, degree=6,
                                                   gamma=0.01, kernel='poly',
                                                   max_iter=1000000,
                                                   probability=True,
                                                   random_state=42)))]), 'Imputer__add_indicator': False, 'Imputer__copy': True, 'Imputer__fill_value': None, 'Imputer__keep_empty_features': False, 'Imputer__missing_values': nan, 'Imputer__strategy': 'mean', 'Scaler__clip': False, 'Scaler__copy': True, 'Scaler__feature_range': (0, 1), 'Selector__estimator__C': 1.0, 'Selector__estimator__class_weight': None, 'Selector__estimator__dual': 'auto', 'Selector__estimator__fit_intercept': True, 'Selector__estimator__intercept_scaling': 1, 'Selector__estimator__loss': 'squared_hinge', 'Selector__estimator__max_iter': 1000, 'Selector__estimator__multi_class': 'ovr', 'Selector__estimator__penalty': 'l2', 'Selector__estimator__random_state': 42, 'Selector__estimator__tol': 0.0001, 'Selector__estimator__verbose': 0, 'Selector__estimator': LinearSVC(random_state=42), 'Selector__importance_getter': 'auto', 'Selector__max_features': 32, 'Selector__norm_order': 1, 'Selector__prefit': False, 'Selector__threshold': None, 'Classifier__memory': None, 'Classifier__steps': [('SVC', OneVsRestClassifier(estimator=SVC(C=10, cache_size=500, class_weight='balanced',
                                  coef0=8, degree=6, gamma=0.01, kernel='poly',
                                  max_iter=1000000, probability=True,
                                  random_state=42)))], 'Classifier__transform_input': None, 'Classifier__verbose': False, 'Classifier__SVC': OneVsRestClassifier(estimator=SVC(C=10, cache_size=500, class_weight='balanced',
                                  coef0=8, degree=6, gamma=0.01, kernel='poly',
                                  max_iter=1000000, probability=True,
                                  random_state=42)), 'Classifier__SVC__estimator__C': 10, 'Classifier__SVC__estimator__break_ties': False, 'Classifier__SVC__estimator__cache_size': 500, 'Classifier__SVC__estimator__class_weight': 'balanced', 'Classifier__SVC__estimator__coef0': 8, 'Classifier__SVC__estimator__decision_function_shape': 'ovr', 'Classifier__SVC__estimator__degree': 6, 'Classifier__SVC__estimator__gamma': 0.01, 'Classifier__SVC__estimator__kernel': 'poly', 'Classifier__SVC__estimator__max_iter': 1000000, 'Classifier__SVC__estimator__probability': True, 'Classifier__SVC__estimator__random_state': 42, 'Classifier__SVC__estimator__shrinking': True, 'Classifier__SVC__estimator__tol': 0.001, 'Classifier__SVC__estimator__verbose': False, 'Classifier__SVC__estimator': SVC(C=10, cache_size=500, class_weight='balanced', coef0=8, degree=6,
    gamma=0.01, kernel='poly', max_iter=1000000, probability=True,
    random_state=42), 'Classifier__SVC__n_jobs': None, 'Classifier__SVC__verbose': 0}","['Spectral Rolloff Point Overall Standard Deviation'
 'Spectral Flux Overall Standard Deviation'
 'Compactness Overall Standard Deviation'
 'Spectral Variability Overall Standard Deviation'
 'Root Mean Square Overall Standard Deviation'
 'Zero Crossings Overall Standard Deviation'
 'MFCC Overall Standard Deviation 1' 'MFCC Overall Standard Deviation 8'
 'LPC Overall Standard Deviation 1'
 'Method of Moments Overall Standard Deviation 1'
 'Method of Moments Overall Standard Deviation 2'
 'Method of Moments Overall Standard Deviation 4'
 'Method of Moments Overall Standard Deviation 5'
 'Spectral Flux Overall Average' 'Compactness Overall Average'
 'Spectral Variability Overall Average' 'Root Mean Square Overall Average'
 'MFCC Overall Average 1' 'MFCC Overall Average 3'
 'MFCC Overall Average 4' 'MFCC Overall Average 5'
 'MFCC Overall Average 6' 'MFCC Overall Average 11'
 'LPC Overall Average 3' 'LPC Overall Average 6'
 'Method of Moments Overall Average 1'
 'Method of Moments Overall Average 2'
 'Method of Moments Overall Average 3'
 'Method of Moments Overall Average 4' 'Chroma feature 0'
 'Chroma feature 6' 'Chroma feature 11']","{'memory': None, 'steps': [('Imputer', SimpleImputer()), ('Scaler', StandardScaler()), ('Selector', SelectFromModel(estimator=LinearSVC(random_state=42), max_features=32)), ('Classifier', Pipeline(steps=[('SVC',
                 OneVsRestClassifier(estimator=SVC(C=1, cache_size=500,
                                                   class_weight='balanced',
                                                   coef0=2, degree=6,
                                                   gamma=0.01, kernel='poly',
                                                   max_iter=1000000,
                                                   probability=True,
                                                   random_state=42)))]))], 'transform_input': None, 'verbose': False, 'Imputer': SimpleImputer(), 'Scaler': StandardScaler(), 'Selector': SelectFromModel(estimator=LinearSVC(random_state=42), max_features=32), 'Classifier': Pipeline(steps=[('SVC',
                 OneVsRestClassifier(estimator=SVC(C=1, cache_size=500,
                                                   class_weight='balanced',
                                                   coef0=2, degree=6,
                                                   gamma=0.01, kernel='poly',
                                                   max_iter=1000000,
                                                   probability=True,
                                                   random_state=42)))]), 'Imputer__add_indicator': False, 'Imputer__copy': True, 'Imputer__fill_value': None, 'Imputer__keep_empty_features': False, 'Imputer__missing_values': nan, 'Imputer__strategy': 'mean', 'Scaler__copy': True, 'Scaler__with_mean': True, 'Scaler__with_std': True, 'Selector__estimator__C': 1.0, 'Selector__estimator__class_weight': None, 'Selector__estimator__dual': 'auto', 'Selector__estimator__fit_intercept': True, 'Selector__estimator__intercept_scaling': 1, 'Selector__estimator__loss': 'squared_hinge', 'Selector__estimator__max_iter': 1000, 'Selector__estimator__multi_class': 'ovr', 'Selector__estimator__penalty': 'l2', 'Selector__estimator__random_state': 42, 'Selector__estimator__tol': 0.0001, 'Selector__estimator__verbose': 0, 'Selector__estimator': LinearSVC(random_state=42), 'Selector__importance_getter': 'auto', 'Selector__max_features': 32, 'Selector__norm_order': 1, 'Selector__prefit': False, 'Selector__threshold': None, 'Classifier__memory': None, 'Classifier__steps': [('SVC', OneVsRestClassifier(estimator=SVC(C=1, cache_size=500, class_weight='balanced',
                                  coef0=2, degree=6, gamma=0.01, kernel='poly',
                                  max_iter=1000000, probability=True,
                                  random_state=42)))], 'Classifier__transform_input': None, 'Classifier__verbose': False, 'Classifier__SVC': OneVsRestClassifier(estimator=SVC(C=1, cache_size=500, class_weight='balanced',
                                  coef0=2, degree=6, gamma=0.01, kernel='poly',
                                  max_iter=1000000, probability=True,
                                  random_state=42)), 'Classifier__SVC__estimator__C': 1, 'Classifier__SVC__estimator__break_ties': False, 'Classifier__SVC__estimator__cache_size': 500, 'Classifier__SVC__estimator__class_weight': 'balanced', 'Classifier__SVC__estimator__coef0': 2, 'Classifier__SVC__estimator__decision_function_shape': 'ovr', 'Classifier__SVC__estimator__degree': 6, 'Classifier__SVC__estimator__gamma': 0.01, 'Classifier__SVC__estimator__kernel': 'poly', 'Classifier__SVC__estimator__max_iter': 1000000, 'Classifier__SVC__estimator__probability': True, 'Classifier__SVC__estimator__random_state': 42, 'Classifier__SVC__estimator__shrinking': True, 'Classifier__SVC__estimator__tol': 0.001, 'Classifier__SVC__estimator__verbose': False, 'Classifier__SVC__estimator': SVC(C=1, cache_size=500, class_weight='balanced', coef0=2, degree=6, gamma=0.01,
    kernel='poly', max_iter=1000000, probability=True, random_state=42), 'Classifier__SVC__n_jobs': None, 'Classifier__SVC__verbose': 0}","['Spectral Centroid Overall Standard Deviation'
 'Spectral Rolloff Point Overall Standard Deviation'
 'Compactness Overall Standard Deviation'
 'Spectral Variability Overall Standard Deviation'
 'Root Mean Square Overall Standard Deviation'
 'Zero Crossings Overall Standard Deviation'
 'MFCC Overall Standard Deviation 1' 'LPC Overall Standard Deviation 7'
 'LPC Overall Standard Deviation 9'
 'Method of Moments Overall Standard Deviation 1'
 'Method of Moments Overall Standard Deviation 2'
 'Method of Moments Overall Standard Deviation 3'
 'Method of Moments Overall Standard Deviation 4'
 'Method of Moments Overall Standard Deviation 5'
 'Spectral Centroid Overall Average'
 'Spectral Rolloff Point Overall Average' 'Spectral Flux Overall Average'
 'Compactness Overall Average' 'Spectral Variability Overall Average'
 'Root Mean Square Overall Average' 'Zero Crossings Overall Average'
 'MFCC Overall Average 1' 'LPC Overall Average 1' 'LPC Overall Average 2'
 'Method of Moments Overall Average 1'
 'Method of Moments Overall Average 2'
 'Method of Moments Overall Average 3'
 'Method of Moments Overall Average 4'
 'Method of Moments Overall Average 5' 'Chroma feature 0'
 'Chroma feature 1' 'Chroma feature 10']",0.4050632911392405,0.2562770562770563,0.4461111111111111
47,Mixed + Vocals,False,"{'memory': None, 'steps': [('Imputer', SimpleImputer()), ('Scaler', MinMaxScaler()), ('Selector', SelectFromModel(estimator=LinearSVC(random_state=42), max_features=32)), ('Classifier', Pipeline(steps=[('SVC',
                 OneVsRestClassifier(estimator=SVC(C=10, cache_size=500,
                                                   class_weight='balanced',
                                                   coef0=8, degree=6,
                                                   gamma=0.01, kernel='poly',
                                                   max_iter=1000000,
                                                   probability=True,
                                                   random_state=42)))]))], 'transform_input': None, 'verbose': False, 'Imputer': SimpleImputer(), 'Scaler': MinMaxScaler(), 'Selector': SelectFromModel(estimator=LinearSVC(random_state=42), max_features=32), 'Classifier': Pipeline(steps=[('SVC',
                 OneVsRestClassifier(estimator=SVC(C=10, cache_size=500,
                                                   class_weight='balanced',
                                                   coef0=8, degree=6,
                                                   gamma=0.01, kernel='poly',
                                                   max_iter=1000000,
                                                   probability=True,
                                                   random_state=42)))]), 'Imputer__add_indicator': False, 'Imputer__copy': True, 'Imputer__fill_value': None, 'Imputer__keep_empty_features': False, 'Imputer__missing_values': nan, 'Imputer__strategy': 'mean', 'Scaler__clip': False, 'Scaler__copy': True, 'Scaler__feature_range': (0, 1), 'Selector__estimator__C': 1.0, 'Selector__estimator__class_weight': None, 'Selector__estimator__dual': 'auto', 'Selector__estimator__fit_intercept': True, 'Selector__estimator__intercept_scaling': 1, 'Selector__estimator__loss': 'squared_hinge', 'Selector__estimator__max_iter': 1000, 'Selector__estimator__multi_class': 'ovr', 'Selector__estimator__penalty': 'l2', 'Selector__estimator__random_state': 42, 'Selector__estimator__tol': 0.0001, 'Selector__estimator__verbose': 0, 'Selector__estimator': LinearSVC(random_state=42), 'Selector__importance_getter': 'auto', 'Selector__max_features': 32, 'Selector__norm_order': 1, 'Selector__prefit': False, 'Selector__threshold': None, 'Classifier__memory': None, 'Classifier__steps': [('SVC', OneVsRestClassifier(estimator=SVC(C=10, cache_size=500, class_weight='balanced',
                                  coef0=8, degree=6, gamma=0.01, kernel='poly',
                                  max_iter=1000000, probability=True,
                                  random_state=42)))], 'Classifier__transform_input': None, 'Classifier__verbose': False, 'Classifier__SVC': OneVsRestClassifier(estimator=SVC(C=10, cache_size=500, class_weight='balanced',
                                  coef0=8, degree=6, gamma=0.01, kernel='poly',
                                  max_iter=1000000, probability=True,
                                  random_state=42)), 'Classifier__SVC__estimator__C': 10, 'Classifier__SVC__estimator__break_ties': False, 'Classifier__SVC__estimator__cache_size': 500, 'Classifier__SVC__estimator__class_weight': 'balanced', 'Classifier__SVC__estimator__coef0': 8, 'Classifier__SVC__estimator__decision_function_shape': 'ovr', 'Classifier__SVC__estimator__degree': 6, 'Classifier__SVC__estimator__gamma': 0.01, 'Classifier__SVC__estimator__kernel': 'poly', 'Classifier__SVC__estimator__max_iter': 1000000, 'Classifier__SVC__estimator__probability': True, 'Classifier__SVC__estimator__random_state': 42, 'Classifier__SVC__estimator__shrinking': True, 'Classifier__SVC__estimator__tol': 0.001, 'Classifier__SVC__estimator__verbose': False, 'Classifier__SVC__estimator': SVC(C=10, cache_size=500, class_weight='balanced', coef0=8, degree=6,
    gamma=0.01, kernel='poly', max_iter=1000000, probability=True,
    random_state=42), 'Classifier__SVC__n_jobs': None, 'Classifier__SVC__verbose': 0}","['Spectral Rolloff Point Overall Standard Deviation'
 'Spectral Flux Overall Standard Deviation'
 'Compactness Overall Standard Deviation'
 'Spectral Variability Overall Standard Deviation'
 'Root Mean Square Overall Standard Deviation'
 'Zero Crossings Overall Standard Deviation'
 'MFCC Overall Standard Deviation 1' 'MFCC Overall Standard Deviation 8'
 'LPC Overall Standard Deviation 1'
 'Method of Moments Overall Standard Deviation 1'
 'Method of Moments Overall Standard Deviation 2'
 'Method of Moments Overall Standard Deviation 4'
 'Method of Moments Overall Standard Deviation 5'
 'Spectral Flux Overall Average' 'Compactness Overall Average'
 'Spectral Variability Overall Average' 'Root Mean Square Overall Average'
 'MFCC Overall Average 1' 'MFCC Overall Average 3'
 'MFCC Overall Average 4' 'MFCC Overall Average 5'
 'MFCC Overall Average 6' 'MFCC Overall Average 11'
 'LPC Overall Average 3' 'LPC Overall Average 6'
 'Method of Moments Overall Average 1'
 'Method of Moments Overall Average 2'
 'Method of Moments Overall Average 3'
 'Method of Moments Overall Average 4' 'Chroma feature 0'
 'Chroma feature 6' 'Chroma feature 11']","{'memory': None, 'steps': [('Imputer', SimpleImputer()), ('Scaler', StandardScaler()), ('Selector', SelectFromModel(estimator=LinearSVC(random_state=42), max_features=32)), ('Classifier', Pipeline(steps=[('SVC',
                 OneVsRestClassifier(estimator=SVC(C=10, cache_size=500,
                                                   class_weight='balanced',
                                                   coef0=4, degree=2, gamma=0.1,
                                                   kernel='poly',
                                                   max_iter=1000000,
                                                   probability=True,
                                                   random_state=42)))]))], 'transform_input': None, 'verbose': False, 'Imputer': SimpleImputer(), 'Scaler': StandardScaler(), 'Selector': SelectFromModel(estimator=LinearSVC(random_state=42), max_features=32), 'Classifier': Pipeline(steps=[('SVC',
                 OneVsRestClassifier(estimator=SVC(C=10, cache_size=500,
                                                   class_weight='balanced',
                                                   coef0=4, degree=2, gamma=0.1,
                                                   kernel='poly',
                                                   max_iter=1000000,
                                                   probability=True,
                                                   random_state=42)))]), 'Imputer__add_indicator': False, 'Imputer__copy': True, 'Imputer__fill_value': None, 'Imputer__keep_empty_features': False, 'Imputer__missing_values': nan, 'Imputer__strategy': 'mean', 'Scaler__copy': True, 'Scaler__with_mean': True, 'Scaler__with_std': True, 'Selector__estimator__C': 1.0, 'Selector__estimator__class_weight': None, 'Selector__estimator__dual': 'auto', 'Selector__estimator__fit_intercept': True, 'Selector__estimator__intercept_scaling': 1, 'Selector__estimator__loss': 'squared_hinge', 'Selector__estimator__max_iter': 1000, 'Selector__estimator__multi_class': 'ovr', 'Selector__estimator__penalty': 'l2', 'Selector__estimator__random_state': 42, 'Selector__estimator__tol': 0.0001, 'Selector__estimator__verbose': 0, 'Selector__estimator': LinearSVC(random_state=42), 'Selector__importance_getter': 'auto', 'Selector__max_features': 32, 'Selector__norm_order': 1, 'Selector__prefit': False, 'Selector__threshold': None, 'Classifier__memory': None, 'Classifier__steps': [('SVC', OneVsRestClassifier(estimator=SVC(C=10, cache_size=500, class_weight='balanced',
                                  coef0=4, degree=2, gamma=0.1, kernel='poly',
                                  max_iter=1000000, probability=True,
                                  random_state=42)))], 'Classifier__transform_input': None, 'Classifier__verbose': False, 'Classifier__SVC': OneVsRestClassifier(estimator=SVC(C=10, cache_size=500, class_weight='balanced',
                                  coef0=4, degree=2, gamma=0.1, kernel='poly',
                                  max_iter=1000000, probability=True,
                                  random_state=42)), 'Classifier__SVC__estimator__C': 10, 'Classifier__SVC__estimator__break_ties': False, 'Classifier__SVC__estimator__cache_size': 500, 'Classifier__SVC__estimator__class_weight': 'balanced', 'Classifier__SVC__estimator__coef0': 4, 'Classifier__SVC__estimator__decision_function_shape': 'ovr', 'Classifier__SVC__estimator__degree': 2, 'Classifier__SVC__estimator__gamma': 0.1, 'Classifier__SVC__estimator__kernel': 'poly', 'Classifier__SVC__estimator__max_iter': 1000000, 'Classifier__SVC__estimator__probability': True, 'Classifier__SVC__estimator__random_state': 42, 'Classifier__SVC__estimator__shrinking': True, 'Classifier__SVC__estimator__tol': 0.001, 'Classifier__SVC__estimator__verbose': False, 'Classifier__SVC__estimator': SVC(C=10, cache_size=500, class_weight='balanced', coef0=4, degree=2, gamma=0.1,
    kernel='poly', max_iter=1000000, probability=True, random_state=42), 'Classifier__SVC__n_jobs': None, 'Classifier__SVC__verbose': 0}","['Spectral Centroid Overall Standard Deviation'
 'Spectral Rolloff Point Overall Standard Deviation'
 'Compactness Overall Standard Deviation'
 'Spectral Variability Overall Standard Deviation'
 'Root Mean Square Overall Standard Deviation'
 'Zero Crossings Overall Standard Deviation'
 'MFCC Overall Standard Deviation 1' 'LPC Overall Standard Deviation 7'
 'LPC Overall Standard Deviation 9'
 'Method of Moments Overall Standard Deviation 1'
 'Method of Moments Overall Standard Deviation 2'
 'Method of Moments Overall Standard Deviation 3'
 'Method of Moments Overall Standard Deviation 4'
 'Method of Moments Overall Standard Deviation 5'
 'Spectral Centroid Overall Average'
 'Spectral Rolloff Point Overall Average' 'Spectral Flux Overall Average'
 'Compactness Overall Average' 'Spectral Variability Overall Average'
 'Root Mean Square Overall Average' 'Zero Crossings Overall Average'
 'MFCC Overall Average 1' 'LPC Overall Average 1' 'LPC Overall Average 2'
 'Method of Moments Overall Average 1'
 'Method of Moments Overall Average 2'
 'Method of Moments Overall Average 3'
 'Method of Moments Overall Average 4'
 'Method of Moments Overall Average 5' 'Chroma feature 0'
 'Chroma feature 1' 'Chroma feature 10']",0.4177215189873418,0.2627705627705628,0.4536749482401657
48,Vocals + Vocals,False,"{'memory': None, 'steps': [('Imputer', SimpleImputer()), ('Scaler', StandardScaler()), ('Selector', SelectFromModel(estimator=LinearSVC(random_state=42), max_features=32)), ('Classifier', Pipeline(steps=[('SVC',
                 OneVsRestClassifier(estimator=SVC(C=10, cache_size=500,
                                                   class_weight='balanced',
                                                   coef0=2, degree=2, gamma=0.1,
                                                   kernel='poly',
                                                   max_iter=1000000,
                                                   probability=True,
                                                   random_state=42)))]))], 'transform_input': None, 'verbose': False, 'Imputer': SimpleImputer(), 'Scaler': StandardScaler(), 'Selector': SelectFromModel(estimator=LinearSVC(random_state=42), max_features=32), 'Classifier': Pipeline(steps=[('SVC',
                 OneVsRestClassifier(estimator=SVC(C=10, cache_size=500,
                                                   class_weight='balanced',
                                                   coef0=2, degree=2, gamma=0.1,
                                                   kernel='poly',
                                                   max_iter=1000000,
                                                   probability=True,
                                                   random_state=42)))]), 'Imputer__add_indicator': False, 'Imputer__copy': True, 'Imputer__fill_value': None, 'Imputer__keep_empty_features': False, 'Imputer__missing_values': nan, 'Imputer__strategy': 'mean', 'Scaler__copy': True, 'Scaler__with_mean': True, 'Scaler__with_std': True, 'Selector__estimator__C': 1.0, 'Selector__estimator__class_weight': None, 'Selector__estimator__dual': 'auto', 'Selector__estimator__fit_intercept': True, 'Selector__estimator__intercept_scaling': 1, 'Selector__estimator__loss': 'squared_hinge', 'Selector__estimator__max_iter': 1000, 'Selector__estimator__multi_class': 'ovr', 'Selector__estimator__penalty': 'l2', 'Selector__estimator__random_state': 42, 'Selector__estimator__tol': 0.0001, 'Selector__estimator__verbose': 0, 'Selector__estimator': LinearSVC(random_state=42), 'Selector__importance_getter': 'auto', 'Selector__max_features': 32, 'Selector__norm_order': 1, 'Selector__prefit': False, 'Selector__threshold': None, 'Classifier__memory': None, 'Classifier__steps': [('SVC', OneVsRestClassifier(estimator=SVC(C=10, cache_size=500, class_weight='balanced',
                                  coef0=2, degree=2, gamma=0.1, kernel='poly',
                                  max_iter=1000000, probability=True,
                                  random_state=42)))], 'Classifier__transform_input': None, 'Classifier__verbose': False, 'Classifier__SVC': OneVsRestClassifier(estimator=SVC(C=10, cache_size=500, class_weight='balanced',
                                  coef0=2, degree=2, gamma=0.1, kernel='poly',
                                  max_iter=1000000, probability=True,
                                  random_state=42)), 'Classifier__SVC__estimator__C': 10, 'Classifier__SVC__estimator__break_ties': False, 'Classifier__SVC__estimator__cache_size': 500, 'Classifier__SVC__estimator__class_weight': 'balanced', 'Classifier__SVC__estimator__coef0': 2, 'Classifier__SVC__estimator__decision_function_shape': 'ovr', 'Classifier__SVC__estimator__degree': 2, 'Classifier__SVC__estimator__gamma': 0.1, 'Classifier__SVC__estimator__kernel': 'poly', 'Classifier__SVC__estimator__max_iter': 1000000, 'Classifier__SVC__estimator__probability': True, 'Classifier__SVC__estimator__random_state': 42, 'Classifier__SVC__estimator__shrinking': True, 'Classifier__SVC__estimator__tol': 0.001, 'Classifier__SVC__estimator__verbose': False, 'Classifier__SVC__estimator': SVC(C=10, cache_size=500, class_weight='balanced', coef0=2, degree=2, gamma=0.1,
    kernel='poly', max_iter=1000000, probability=True, random_state=42), 'Classifier__SVC__n_jobs': None, 'Classifier__SVC__verbose': 0}","['Spectral Centroid Overall Standard Deviation'
 'Spectral Rolloff Point Overall Standard Deviation'
 'Compactness Overall Standard Deviation'
 'Spectral Variability Overall Standard Deviation'
 'Root Mean Square Overall Standard Deviation'
 'Zero Crossings Overall Standard Deviation'
 'MFCC Overall Standard Deviation 1' 'LPC Overall Standard Deviation 7'
 'LPC Overall Standard Deviation 9'
 'Method of Moments Overall Standard Deviation 1'
 'Method of Moments Overall Standard Deviation 2'
 'Method of Moments Overall Standard Deviation 3'
 'Method of Moments Overall Standard Deviation 4'
 'Method of Moments Overall Standard Deviation 5'
 'Spectral Centroid Overall Average'
 'Spectral Rolloff Point Overall Average' 'Spectral Flux Overall Average'
 'Compactness Overall Average' 'Spectral Variability Overall Average'
 'Root Mean Square Overall Average' 'Zero Crossings Overall Average'
 'MFCC Overall Average 1' 'LPC Overall Average 1' 'LPC Overall Average 2'
 'Method of Moments Overall Average 1'
 'Method of Moments Overall Average 2'
 'Method of Moments Overall Average 3'
 'Method of Moments Overall Average 4'
 'Method of Moments Overall Average 5' 'Chroma feature 0'
 'Chroma feature 1' 'Chroma feature 10']","{'memory': None, 'steps': [('Imputer', SimpleImputer()), ('Scaler', StandardScaler()), ('Selector', SelectFromModel(estimator=LinearSVC(random_state=42), max_features=32)), ('Classifier', Pipeline(steps=[('SVC',
                 OneVsRestClassifier(estimator=SVC(C=1, cache_size=500,
                                                   class_weight='balanced',
                                                   coef0=2, degree=6,
                                                   gamma=0.01, kernel='poly',
                                                   max_iter=1000000,
                                                   probability=True,
                                                   random_state=42)))]))], 'transform_input': None, 'verbose': False, 'Imputer': SimpleImputer(), 'Scaler': StandardScaler(), 'Selector': SelectFromModel(estimator=LinearSVC(random_state=42), max_features=32), 'Classifier': Pipeline(steps=[('SVC',
                 OneVsRestClassifier(estimator=SVC(C=1, cache_size=500,
                                                   class_weight='balanced',
                                                   coef0=2, degree=6,
                                                   gamma=0.01, kernel='poly',
                                                   max_iter=1000000,
                                                   probability=True,
                                                   random_state=42)))]), 'Imputer__add_indicator': False, 'Imputer__copy': True, 'Imputer__fill_value': None, 'Imputer__keep_empty_features': False, 'Imputer__missing_values': nan, 'Imputer__strategy': 'mean', 'Scaler__copy': True, 'Scaler__with_mean': True, 'Scaler__with_std': True, 'Selector__estimator__C': 1.0, 'Selector__estimator__class_weight': None, 'Selector__estimator__dual': 'auto', 'Selector__estimator__fit_intercept': True, 'Selector__estimator__intercept_scaling': 1, 'Selector__estimator__loss': 'squared_hinge', 'Selector__estimator__max_iter': 1000, 'Selector__estimator__multi_class': 'ovr', 'Selector__estimator__penalty': 'l2', 'Selector__estimator__random_state': 42, 'Selector__estimator__tol': 0.0001, 'Selector__estimator__verbose': 0, 'Selector__estimator': LinearSVC(random_state=42), 'Selector__importance_getter': 'auto', 'Selector__max_features': 32, 'Selector__norm_order': 1, 'Selector__prefit': False, 'Selector__threshold': None, 'Classifier__memory': None, 'Classifier__steps': [('SVC', OneVsRestClassifier(estimator=SVC(C=1, cache_size=500, class_weight='balanced',
                                  coef0=2, degree=6, gamma=0.01, kernel='poly',
                                  max_iter=1000000, probability=True,
                                  random_state=42)))], 'Classifier__transform_input': None, 'Classifier__verbose': False, 'Classifier__SVC': OneVsRestClassifier(estimator=SVC(C=1, cache_size=500, class_weight='balanced',
                                  coef0=2, degree=6, gamma=0.01, kernel='poly',
                                  max_iter=1000000, probability=True,
                                  random_state=42)), 'Classifier__SVC__estimator__C': 1, 'Classifier__SVC__estimator__break_ties': False, 'Classifier__SVC__estimator__cache_size': 500, 'Classifier__SVC__estimator__class_weight': 'balanced', 'Classifier__SVC__estimator__coef0': 2, 'Classifier__SVC__estimator__decision_function_shape': 'ovr', 'Classifier__SVC__estimator__degree': 6, 'Classifier__SVC__estimator__gamma': 0.01, 'Classifier__SVC__estimator__kernel': 'poly', 'Classifier__SVC__estimator__max_iter': 1000000, 'Classifier__SVC__estimator__probability': True, 'Classifier__SVC__estimator__random_state': 42, 'Classifier__SVC__estimator__shrinking': True, 'Classifier__SVC__estimator__tol': 0.001, 'Classifier__SVC__estimator__verbose': False, 'Classifier__SVC__estimator': SVC(C=1, cache_size=500, class_weight='balanced', coef0=2, degree=6, gamma=0.01,
    kernel='poly', max_iter=1000000, probability=True, random_state=42), 'Classifier__SVC__n_jobs': None, 'Classifier__SVC__verbose': 0}","['Spectral Centroid Overall Standard Deviation'
 'Spectral Rolloff Point Overall Standard Deviation'
 'Compactness Overall Standard Deviation'
 'Spectral Variability Overall Standard Deviation'
 'Root Mean Square Overall Standard Deviation'
 'Zero Crossings Overall Standard Deviation'
 'MFCC Overall Standard Deviation 1' 'LPC Overall Standard Deviation 7'
 'LPC Overall Standard Deviation 9'
 'Method of Moments Overall Standard Deviation 1'
 'Method of Moments Overall Standard Deviation 2'
 'Method of Moments Overall Standard Deviation 3'
 'Method of Moments Overall Standard Deviation 4'
 'Method of Moments Overall Standard Deviation 5'
 'Spectral Centroid Overall Average'
 'Spectral Rolloff Point Overall Average' 'Spectral Flux Overall Average'
 'Compactness Overall Average' 'Spectral Variability Overall Average'
 'Root Mean Square Overall Average' 'Zero Crossings Overall Average'
 'MFCC Overall Average 1' 'LPC Overall Average 1' 'LPC Overall Average 2'
 'Method of Moments Overall Average 1'
 'Method of Moments Overall Average 2'
 'Method of Moments Overall Average 3'
 'Method of Moments Overall Average 4'
 'Method of Moments Overall Average 5' 'Chroma feature 0'
 'Chroma feature 1' 'Chroma feature 10']",0.3670886075949367,0.20974025974025975,0.4974937343358396
49,Vocals + Vocals,False,"{'memory': None, 'steps': [('Imputer', SimpleImputer()), ('Scaler', StandardScaler()), ('Selector', SelectFromModel(estimator=LinearSVC(random_state=42), max_features=32)), ('Classifier', Pipeline(steps=[('SVC',
                 OneVsRestClassifier(estimator=SVC(C=10, cache_size=500,
                                                   class_weight='balanced',
                                                   coef0=2, degree=2, gamma=0.1,
                                                   kernel='poly',
                                                   max_iter=1000000,
                                                   probability=True,
                                                   random_state=42)))]))], 'transform_input': None, 'verbose': False, 'Imputer': SimpleImputer(), 'Scaler': StandardScaler(), 'Selector': SelectFromModel(estimator=LinearSVC(random_state=42), max_features=32), 'Classifier': Pipeline(steps=[('SVC',
                 OneVsRestClassifier(estimator=SVC(C=10, cache_size=500,
                                                   class_weight='balanced',
                                                   coef0=2, degree=2, gamma=0.1,
                                                   kernel='poly',
                                                   max_iter=1000000,
                                                   probability=True,
                                                   random_state=42)))]), 'Imputer__add_indicator': False, 'Imputer__copy': True, 'Imputer__fill_value': None, 'Imputer__keep_empty_features': False, 'Imputer__missing_values': nan, 'Imputer__strategy': 'mean', 'Scaler__copy': True, 'Scaler__with_mean': True, 'Scaler__with_std': True, 'Selector__estimator__C': 1.0, 'Selector__estimator__class_weight': None, 'Selector__estimator__dual': 'auto', 'Selector__estimator__fit_intercept': True, 'Selector__estimator__intercept_scaling': 1, 'Selector__estimator__loss': 'squared_hinge', 'Selector__estimator__max_iter': 1000, 'Selector__estimator__multi_class': 'ovr', 'Selector__estimator__penalty': 'l2', 'Selector__estimator__random_state': 42, 'Selector__estimator__tol': 0.0001, 'Selector__estimator__verbose': 0, 'Selector__estimator': LinearSVC(random_state=42), 'Selector__importance_getter': 'auto', 'Selector__max_features': 32, 'Selector__norm_order': 1, 'Selector__prefit': False, 'Selector__threshold': None, 'Classifier__memory': None, 'Classifier__steps': [('SVC', OneVsRestClassifier(estimator=SVC(C=10, cache_size=500, class_weight='balanced',
                                  coef0=2, degree=2, gamma=0.1, kernel='poly',
                                  max_iter=1000000, probability=True,
                                  random_state=42)))], 'Classifier__transform_input': None, 'Classifier__verbose': False, 'Classifier__SVC': OneVsRestClassifier(estimator=SVC(C=10, cache_size=500, class_weight='balanced',
                                  coef0=2, degree=2, gamma=0.1, kernel='poly',
                                  max_iter=1000000, probability=True,
                                  random_state=42)), 'Classifier__SVC__estimator__C': 10, 'Classifier__SVC__estimator__break_ties': False, 'Classifier__SVC__estimator__cache_size': 500, 'Classifier__SVC__estimator__class_weight': 'balanced', 'Classifier__SVC__estimator__coef0': 2, 'Classifier__SVC__estimator__decision_function_shape': 'ovr', 'Classifier__SVC__estimator__degree': 2, 'Classifier__SVC__estimator__gamma': 0.1, 'Classifier__SVC__estimator__kernel': 'poly', 'Classifier__SVC__estimator__max_iter': 1000000, 'Classifier__SVC__estimator__probability': True, 'Classifier__SVC__estimator__random_state': 42, 'Classifier__SVC__estimator__shrinking': True, 'Classifier__SVC__estimator__tol': 0.001, 'Classifier__SVC__estimator__verbose': False, 'Classifier__SVC__estimator': SVC(C=10, cache_size=500, class_weight='balanced', coef0=2, degree=2, gamma=0.1,
    kernel='poly', max_iter=1000000, probability=True, random_state=42), 'Classifier__SVC__n_jobs': None, 'Classifier__SVC__verbose': 0}","['Spectral Centroid Overall Standard Deviation'
 'Spectral Rolloff Point Overall Standard Deviation'
 'Compactness Overall Standard Deviation'
 'Spectral Variability Overall Standard Deviation'
 'Root Mean Square Overall Standard Deviation'
 'Zero Crossings Overall Standard Deviation'
 'MFCC Overall Standard Deviation 1' 'LPC Overall Standard Deviation 7'
 'LPC Overall Standard Deviation 9'
 'Method of Moments Overall Standard Deviation 1'
 'Method of Moments Overall Standard Deviation 2'
 'Method of Moments Overall Standard Deviation 3'
 'Method of Moments Overall Standard Deviation 4'
 'Method of Moments Overall Standard Deviation 5'
 'Spectral Centroid Overall Average'
 'Spectral Rolloff Point Overall Average' 'Spectral Flux Overall Average'
 'Compactness Overall Average' 'Spectral Variability Overall Average'
 'Root Mean Square Overall Average' 'Zero Crossings Overall Average'
 'MFCC Overall Average 1' 'LPC Overall Average 1' 'LPC Overall Average 2'
 'Method of Moments Overall Average 1'
 'Method of Moments Overall Average 2'
 'Method of Moments Overall Average 3'
 'Method of Moments Overall Average 4'
 'Method of Moments Overall Average 5' 'Chroma feature 0'
 'Chroma feature 1' 'Chroma feature 10']","{'memory': None, 'steps': [('Imputer', SimpleImputer()), ('Scaler', StandardScaler()), ('Selector', SelectFromModel(estimator=LinearSVC(random_state=42), max_features=32)), ('Classifier', Pipeline(steps=[('SVC',
                 OneVsRestClassifier(estimator=SVC(C=10, cache_size=500,
                                                   class_weight='balanced',
                                                   coef0=4, degree=2, gamma=0.1,
                                                   kernel='poly',
                                                   max_iter=1000000,
                                                   probability=True,
                                                   random_state=42)))]))], 'transform_input': None, 'verbose': False, 'Imputer': SimpleImputer(), 'Scaler': StandardScaler(), 'Selector': SelectFromModel(estimator=LinearSVC(random_state=42), max_features=32), 'Classifier': Pipeline(steps=[('SVC',
                 OneVsRestClassifier(estimator=SVC(C=10, cache_size=500,
                                                   class_weight='balanced',
                                                   coef0=4, degree=2, gamma=0.1,
                                                   kernel='poly',
                                                   max_iter=1000000,
                                                   probability=True,
                                                   random_state=42)))]), 'Imputer__add_indicator': False, 'Imputer__copy': True, 'Imputer__fill_value': None, 'Imputer__keep_empty_features': False, 'Imputer__missing_values': nan, 'Imputer__strategy': 'mean', 'Scaler__copy': True, 'Scaler__with_mean': True, 'Scaler__with_std': True, 'Selector__estimator__C': 1.0, 'Selector__estimator__class_weight': None, 'Selector__estimator__dual': 'auto', 'Selector__estimator__fit_intercept': True, 'Selector__estimator__intercept_scaling': 1, 'Selector__estimator__loss': 'squared_hinge', 'Selector__estimator__max_iter': 1000, 'Selector__estimator__multi_class': 'ovr', 'Selector__estimator__penalty': 'l2', 'Selector__estimator__random_state': 42, 'Selector__estimator__tol': 0.0001, 'Selector__estimator__verbose': 0, 'Selector__estimator': LinearSVC(random_state=42), 'Selector__importance_getter': 'auto', 'Selector__max_features': 32, 'Selector__norm_order': 1, 'Selector__prefit': False, 'Selector__threshold': None, 'Classifier__memory': None, 'Classifier__steps': [('SVC', OneVsRestClassifier(estimator=SVC(C=10, cache_size=500, class_weight='balanced',
                                  coef0=4, degree=2, gamma=0.1, kernel='poly',
                                  max_iter=1000000, probability=True,
                                  random_state=42)))], 'Classifier__transform_input': None, 'Classifier__verbose': False, 'Classifier__SVC': OneVsRestClassifier(estimator=SVC(C=10, cache_size=500, class_weight='balanced',
                                  coef0=4, degree=2, gamma=0.1, kernel='poly',
                                  max_iter=1000000, probability=True,
                                  random_state=42)), 'Classifier__SVC__estimator__C': 10, 'Classifier__SVC__estimator__break_ties': False, 'Classifier__SVC__estimator__cache_size': 500, 'Classifier__SVC__estimator__class_weight': 'balanced', 'Classifier__SVC__estimator__coef0': 4, 'Classifier__SVC__estimator__decision_function_shape': 'ovr', 'Classifier__SVC__estimator__degree': 2, 'Classifier__SVC__estimator__gamma': 0.1, 'Classifier__SVC__estimator__kernel': 'poly', 'Classifier__SVC__estimator__max_iter': 1000000, 'Classifier__SVC__estimator__probability': True, 'Classifier__SVC__estimator__random_state': 42, 'Classifier__SVC__estimator__shrinking': True, 'Classifier__SVC__estimator__tol': 0.001, 'Classifier__SVC__estimator__verbose': False, 'Classifier__SVC__estimator': SVC(C=10, cache_size=500, class_weight='balanced', coef0=4, degree=2, gamma=0.1,
    kernel='poly', max_iter=1000000, probability=True, random_state=42), 'Classifier__SVC__n_jobs': None, 'Classifier__SVC__verbose': 0}","['Spectral Centroid Overall Standard Deviation'
 'Spectral Rolloff Point Overall Standard Deviation'
 'Compactness Overall Standard Deviation'
 'Spectral Variability Overall Standard Deviation'
 'Root Mean Square Overall Standard Deviation'
 'Zero Crossings Overall Standard Deviation'
 'MFCC Overall Standard Deviation 1' 'LPC Overall Standard Deviation 7'
 'LPC Overall Standard Deviation 9'
 'Method of Moments Overall Standard Deviation 1'
 'Method of Moments Overall Standard Deviation 2'
 'Method of Moments Overall Standard Deviation 3'
 'Method of Moments Overall Standard Deviation 4'
 'Method of Moments Overall Standard Deviation 5'
 'Spectral Centroid Overall Average'
 'Spectral Rolloff Point Overall Average' 'Spectral Flux Overall Average'
 'Compactness Overall Average' 'Spectral Variability Overall Average'
 'Root Mean Square Overall Average' 'Zero Crossings Overall Average'
 'MFCC Overall Average 1' 'LPC Overall Average 1' 'LPC Overall Average 2'
 'Method of Moments Overall Average 1'
 'Method of Moments Overall Average 2'
 'Method of Moments Overall Average 3'
 'Method of Moments Overall Average 4'
 'Method of Moments Overall Average 5' 'Chroma feature 0'
 'Chroma feature 1' 'Chroma feature 10']",0.3670886075949367,0.21277056277056278,0.6025132275132274
50,Vocals + Vocals,False,"{'memory': None, 'steps': [('Imputer', SimpleImputer()), ('Scaler', StandardScaler()), ('Selector', SelectFromModel(estimator=LinearSVC(random_state=42), max_features=32)), ('Classifier', Pipeline(steps=[('SVC',
                 OneVsRestClassifier(estimator=SVC(C=1, cache_size=500,
                                                   class_weight='balanced',
                                                   coef0=2, degree=6,
                                                   gamma=0.01, kernel='poly',
                                                   max_iter=1000000,
                                                   probability=True,
                                                   random_state=42)))]))], 'transform_input': None, 'verbose': False, 'Imputer': SimpleImputer(), 'Scaler': StandardScaler(), 'Selector': SelectFromModel(estimator=LinearSVC(random_state=42), max_features=32), 'Classifier': Pipeline(steps=[('SVC',
                 OneVsRestClassifier(estimator=SVC(C=1, cache_size=500,
                                                   class_weight='balanced',
                                                   coef0=2, degree=6,
                                                   gamma=0.01, kernel='poly',
                                                   max_iter=1000000,
                                                   probability=True,
                                                   random_state=42)))]), 'Imputer__add_indicator': False, 'Imputer__copy': True, 'Imputer__fill_value': None, 'Imputer__keep_empty_features': False, 'Imputer__missing_values': nan, 'Imputer__strategy': 'mean', 'Scaler__copy': True, 'Scaler__with_mean': True, 'Scaler__with_std': True, 'Selector__estimator__C': 1.0, 'Selector__estimator__class_weight': None, 'Selector__estimator__dual': 'auto', 'Selector__estimator__fit_intercept': True, 'Selector__estimator__intercept_scaling': 1, 'Selector__estimator__loss': 'squared_hinge', 'Selector__estimator__max_iter': 1000, 'Selector__estimator__multi_class': 'ovr', 'Selector__estimator__penalty': 'l2', 'Selector__estimator__random_state': 42, 'Selector__estimator__tol': 0.0001, 'Selector__estimator__verbose': 0, 'Selector__estimator': LinearSVC(random_state=42), 'Selector__importance_getter': 'auto', 'Selector__max_features': 32, 'Selector__norm_order': 1, 'Selector__prefit': False, 'Selector__threshold': None, 'Classifier__memory': None, 'Classifier__steps': [('SVC', OneVsRestClassifier(estimator=SVC(C=1, cache_size=500, class_weight='balanced',
                                  coef0=2, degree=6, gamma=0.01, kernel='poly',
                                  max_iter=1000000, probability=True,
                                  random_state=42)))], 'Classifier__transform_input': None, 'Classifier__verbose': False, 'Classifier__SVC': OneVsRestClassifier(estimator=SVC(C=1, cache_size=500, class_weight='balanced',
                                  coef0=2, degree=6, gamma=0.01, kernel='poly',
                                  max_iter=1000000, probability=True,
                                  random_state=42)), 'Classifier__SVC__estimator__C': 1, 'Classifier__SVC__estimator__break_ties': False, 'Classifier__SVC__estimator__cache_size': 500, 'Classifier__SVC__estimator__class_weight': 'balanced', 'Classifier__SVC__estimator__coef0': 2, 'Classifier__SVC__estimator__decision_function_shape': 'ovr', 'Classifier__SVC__estimator__degree': 6, 'Classifier__SVC__estimator__gamma': 0.01, 'Classifier__SVC__estimator__kernel': 'poly', 'Classifier__SVC__estimator__max_iter': 1000000, 'Classifier__SVC__estimator__probability': True, 'Classifier__SVC__estimator__random_state': 42, 'Classifier__SVC__estimator__shrinking': True, 'Classifier__SVC__estimator__tol': 0.001, 'Classifier__SVC__estimator__verbose': False, 'Classifier__SVC__estimator': SVC(C=1, cache_size=500, class_weight='balanced', coef0=2, degree=6, gamma=0.01,
    kernel='poly', max_iter=1000000, probability=True, random_state=42), 'Classifier__SVC__n_jobs': None, 'Classifier__SVC__verbose': 0}","['Spectral Centroid Overall Standard Deviation'
 'Spectral Rolloff Point Overall Standard Deviation'
 'Compactness Overall Standard Deviation'
 'Spectral Variability Overall Standard Deviation'
 'Root Mean Square Overall Standard Deviation'
 'Zero Crossings Overall Standard Deviation'
 'MFCC Overall Standard Deviation 1' 'LPC Overall Standard Deviation 7'
 'LPC Overall Standard Deviation 9'
 'Method of Moments Overall Standard Deviation 1'
 'Method of Moments Overall Standard Deviation 2'
 'Method of Moments Overall Standard Deviation 3'
 'Method of Moments Overall Standard Deviation 4'
 'Method of Moments Overall Standard Deviation 5'
 'Spectral Centroid Overall Average'
 'Spectral Rolloff Point Overall Average' 'Spectral Flux Overall Average'
 'Compactness Overall Average' 'Spectral Variability Overall Average'
 'Root Mean Square Overall Average' 'Zero Crossings Overall Average'
 'MFCC Overall Average 1' 'LPC Overall Average 1' 'LPC Overall Average 2'
 'Method of Moments Overall Average 1'
 'Method of Moments Overall Average 2'
 'Method of Moments Overall Average 3'
 'Method of Moments Overall Average 4'
 'Method of Moments Overall Average 5' 'Chroma feature 0'
 'Chroma feature 1' 'Chroma feature 10']","{'memory': None, 'steps': [('Imputer', SimpleImputer()), ('Scaler', StandardScaler()), ('Selector', SelectFromModel(estimator=LinearSVC(random_state=42), max_features=32)), ('Classifier', Pipeline(steps=[('SVC',
                 OneVsRestClassifier(estimator=SVC(C=10, cache_size=500,
                                                   class_weight='balanced',
                                                   coef0=2, degree=2, gamma=0.1,
                                                   kernel='poly',
                                                   max_iter=1000000,
                                                   probability=True,
                                                   random_state=42)))]))], 'transform_input': None, 'verbose': False, 'Imputer': SimpleImputer(), 'Scaler': StandardScaler(), 'Selector': SelectFromModel(estimator=LinearSVC(random_state=42), max_features=32), 'Classifier': Pipeline(steps=[('SVC',
                 OneVsRestClassifier(estimator=SVC(C=10, cache_size=500,
                                                   class_weight='balanced',
                                                   coef0=2, degree=2, gamma=0.1,
                                                   kernel='poly',
                                                   max_iter=1000000,
                                                   probability=True,
                                                   random_state=42)))]), 'Imputer__add_indicator': False, 'Imputer__copy': True, 'Imputer__fill_value': None, 'Imputer__keep_empty_features': False, 'Imputer__missing_values': nan, 'Imputer__strategy': 'mean', 'Scaler__copy': True, 'Scaler__with_mean': True, 'Scaler__with_std': True, 'Selector__estimator__C': 1.0, 'Selector__estimator__class_weight': None, 'Selector__estimator__dual': 'auto', 'Selector__estimator__fit_intercept': True, 'Selector__estimator__intercept_scaling': 1, 'Selector__estimator__loss': 'squared_hinge', 'Selector__estimator__max_iter': 1000, 'Selector__estimator__multi_class': 'ovr', 'Selector__estimator__penalty': 'l2', 'Selector__estimator__random_state': 42, 'Selector__estimator__tol': 0.0001, 'Selector__estimator__verbose': 0, 'Selector__estimator': LinearSVC(random_state=42), 'Selector__importance_getter': 'auto', 'Selector__max_features': 32, 'Selector__norm_order': 1, 'Selector__prefit': False, 'Selector__threshold': None, 'Classifier__memory': None, 'Classifier__steps': [('SVC', OneVsRestClassifier(estimator=SVC(C=10, cache_size=500, class_weight='balanced',
                                  coef0=2, degree=2, gamma=0.1, kernel='poly',
                                  max_iter=1000000, probability=True,
                                  random_state=42)))], 'Classifier__transform_input': None, 'Classifier__verbose': False, 'Classifier__SVC': OneVsRestClassifier(estimator=SVC(C=10, cache_size=500, class_weight='balanced',
                                  coef0=2, degree=2, gamma=0.1, kernel='poly',
                                  max_iter=1000000, probability=True,
                                  random_state=42)), 'Classifier__SVC__estimator__C': 10, 'Classifier__SVC__estimator__break_ties': False, 'Classifier__SVC__estimator__cache_size': 500, 'Classifier__SVC__estimator__class_weight': 'balanced', 'Classifier__SVC__estimator__coef0': 2, 'Classifier__SVC__estimator__decision_function_shape': 'ovr', 'Classifier__SVC__estimator__degree': 2, 'Classifier__SVC__estimator__gamma': 0.1, 'Classifier__SVC__estimator__kernel': 'poly', 'Classifier__SVC__estimator__max_iter': 1000000, 'Classifier__SVC__estimator__probability': True, 'Classifier__SVC__estimator__random_state': 42, 'Classifier__SVC__estimator__shrinking': True, 'Classifier__SVC__estimator__tol': 0.001, 'Classifier__SVC__estimator__verbose': False, 'Classifier__SVC__estimator': SVC(C=10, cache_size=500, class_weight='balanced', coef0=2, degree=2, gamma=0.1,
    kernel='poly', max_iter=1000000, probability=True, random_state=42), 'Classifier__SVC__n_jobs': None, 'Classifier__SVC__verbose': 0}","['Spectral Centroid Overall Standard Deviation'
 'Spectral Rolloff Point Overall Standard Deviation'
 'Compactness Overall Standard Deviation'
 'Spectral Variability Overall Standard Deviation'
 'Root Mean Square Overall Standard Deviation'
 'Zero Crossings Overall Standard Deviation'
 'MFCC Overall Standard Deviation 1' 'LPC Overall Standard Deviation 7'
 'LPC Overall Standard Deviation 9'
 'Method of Moments Overall Standard Deviation 1'
 'Method of Moments Overall Standard Deviation 2'
 'Method of Moments Overall Standard Deviation 3'
 'Method of Moments Overall Standard Deviation 4'
 'Method of Moments Overall Standard Deviation 5'
 'Spectral Centroid Overall Average'
 'Spectral Rolloff Point Overall Average' 'Spectral Flux Overall Average'
 'Compactness Overall Average' 'Spectral Variability Overall Average'
 'Root Mean Square Overall Average' 'Zero Crossings Overall Average'
 'MFCC Overall Average 1' 'LPC Overall Average 1' 'LPC Overall Average 2'
 'Method of Moments Overall Average 1'
 'Method of Moments Overall Average 2'
 'Method of Moments Overall Average 3'
 'Method of Moments Overall Average 4'
 'Method of Moments Overall Average 5' 'Chroma feature 0'
 'Chroma feature 1' 'Chroma feature 10']",0.3670886075949367,0.20974025974025975,0.4974937343358396
51,Vocals + Vocals,False,"{'memory': None, 'steps': [('Imputer', SimpleImputer()), ('Scaler', StandardScaler()), ('Selector', SelectFromModel(estimator=LinearSVC(random_state=42), max_features=32)), ('Classifier', Pipeline(steps=[('SVC',
                 OneVsRestClassifier(estimator=SVC(C=1, cache_size=500,
                                                   class_weight='balanced',
                                                   coef0=2, degree=6,
                                                   gamma=0.01, kernel='poly',
                                                   max_iter=1000000,
                                                   probability=True,
                                                   random_state=42)))]))], 'transform_input': None, 'verbose': False, 'Imputer': SimpleImputer(), 'Scaler': StandardScaler(), 'Selector': SelectFromModel(estimator=LinearSVC(random_state=42), max_features=32), 'Classifier': Pipeline(steps=[('SVC',
                 OneVsRestClassifier(estimator=SVC(C=1, cache_size=500,
                                                   class_weight='balanced',
                                                   coef0=2, degree=6,
                                                   gamma=0.01, kernel='poly',
                                                   max_iter=1000000,
                                                   probability=True,
                                                   random_state=42)))]), 'Imputer__add_indicator': False, 'Imputer__copy': True, 'Imputer__fill_value': None, 'Imputer__keep_empty_features': False, 'Imputer__missing_values': nan, 'Imputer__strategy': 'mean', 'Scaler__copy': True, 'Scaler__with_mean': True, 'Scaler__with_std': True, 'Selector__estimator__C': 1.0, 'Selector__estimator__class_weight': None, 'Selector__estimator__dual': 'auto', 'Selector__estimator__fit_intercept': True, 'Selector__estimator__intercept_scaling': 1, 'Selector__estimator__loss': 'squared_hinge', 'Selector__estimator__max_iter': 1000, 'Selector__estimator__multi_class': 'ovr', 'Selector__estimator__penalty': 'l2', 'Selector__estimator__random_state': 42, 'Selector__estimator__tol': 0.0001, 'Selector__estimator__verbose': 0, 'Selector__estimator': LinearSVC(random_state=42), 'Selector__importance_getter': 'auto', 'Selector__max_features': 32, 'Selector__norm_order': 1, 'Selector__prefit': False, 'Selector__threshold': None, 'Classifier__memory': None, 'Classifier__steps': [('SVC', OneVsRestClassifier(estimator=SVC(C=1, cache_size=500, class_weight='balanced',
                                  coef0=2, degree=6, gamma=0.01, kernel='poly',
                                  max_iter=1000000, probability=True,
                                  random_state=42)))], 'Classifier__transform_input': None, 'Classifier__verbose': False, 'Classifier__SVC': OneVsRestClassifier(estimator=SVC(C=1, cache_size=500, class_weight='balanced',
                                  coef0=2, degree=6, gamma=0.01, kernel='poly',
                                  max_iter=1000000, probability=True,
                                  random_state=42)), 'Classifier__SVC__estimator__C': 1, 'Classifier__SVC__estimator__break_ties': False, 'Classifier__SVC__estimator__cache_size': 500, 'Classifier__SVC__estimator__class_weight': 'balanced', 'Classifier__SVC__estimator__coef0': 2, 'Classifier__SVC__estimator__decision_function_shape': 'ovr', 'Classifier__SVC__estimator__degree': 6, 'Classifier__SVC__estimator__gamma': 0.01, 'Classifier__SVC__estimator__kernel': 'poly', 'Classifier__SVC__estimator__max_iter': 1000000, 'Classifier__SVC__estimator__probability': True, 'Classifier__SVC__estimator__random_state': 42, 'Classifier__SVC__estimator__shrinking': True, 'Classifier__SVC__estimator__tol': 0.001, 'Classifier__SVC__estimator__verbose': False, 'Classifier__SVC__estimator': SVC(C=1, cache_size=500, class_weight='balanced', coef0=2, degree=6, gamma=0.01,
    kernel='poly', max_iter=1000000, probability=True, random_state=42), 'Classifier__SVC__n_jobs': None, 'Classifier__SVC__verbose': 0}","['Spectral Centroid Overall Standard Deviation'
 'Spectral Rolloff Point Overall Standard Deviation'
 'Compactness Overall Standard Deviation'
 'Spectral Variability Overall Standard Deviation'
 'Root Mean Square Overall Standard Deviation'
 'Zero Crossings Overall Standard Deviation'
 'MFCC Overall Standard Deviation 1' 'LPC Overall Standard Deviation 7'
 'LPC Overall Standard Deviation 9'
 'Method of Moments Overall Standard Deviation 1'
 'Method of Moments Overall Standard Deviation 2'
 'Method of Moments Overall Standard Deviation 3'
 'Method of Moments Overall Standard Deviation 4'
 'Method of Moments Overall Standard Deviation 5'
 'Spectral Centroid Overall Average'
 'Spectral Rolloff Point Overall Average' 'Spectral Flux Overall Average'
 'Compactness Overall Average' 'Spectral Variability Overall Average'
 'Root Mean Square Overall Average' 'Zero Crossings Overall Average'
 'MFCC Overall Average 1' 'LPC Overall Average 1' 'LPC Overall Average 2'
 'Method of Moments Overall Average 1'
 'Method of Moments Overall Average 2'
 'Method of Moments Overall Average 3'
 'Method of Moments Overall Average 4'
 'Method of Moments Overall Average 5' 'Chroma feature 0'
 'Chroma feature 1' 'Chroma feature 10']","{'memory': None, 'steps': [('Imputer', SimpleImputer()), ('Scaler', StandardScaler()), ('Selector', SelectFromModel(estimator=LinearSVC(random_state=42), max_features=32)), ('Classifier', Pipeline(steps=[('SVC',
                 OneVsRestClassifier(estimator=SVC(C=10, cache_size=500,
                                                   class_weight='balanced',
                                                   coef0=4, degree=2, gamma=0.1,
                                                   kernel='poly',
                                                   max_iter=1000000,
                                                   probability=True,
                                                   random_state=42)))]))], 'transform_input': None, 'verbose': False, 'Imputer': SimpleImputer(), 'Scaler': StandardScaler(), 'Selector': SelectFromModel(estimator=LinearSVC(random_state=42), max_features=32), 'Classifier': Pipeline(steps=[('SVC',
                 OneVsRestClassifier(estimator=SVC(C=10, cache_size=500,
                                                   class_weight='balanced',
                                                   coef0=4, degree=2, gamma=0.1,
                                                   kernel='poly',
                                                   max_iter=1000000,
                                                   probability=True,
                                                   random_state=42)))]), 'Imputer__add_indicator': False, 'Imputer__copy': True, 'Imputer__fill_value': None, 'Imputer__keep_empty_features': False, 'Imputer__missing_values': nan, 'Imputer__strategy': 'mean', 'Scaler__copy': True, 'Scaler__with_mean': True, 'Scaler__with_std': True, 'Selector__estimator__C': 1.0, 'Selector__estimator__class_weight': None, 'Selector__estimator__dual': 'auto', 'Selector__estimator__fit_intercept': True, 'Selector__estimator__intercept_scaling': 1, 'Selector__estimator__loss': 'squared_hinge', 'Selector__estimator__max_iter': 1000, 'Selector__estimator__multi_class': 'ovr', 'Selector__estimator__penalty': 'l2', 'Selector__estimator__random_state': 42, 'Selector__estimator__tol': 0.0001, 'Selector__estimator__verbose': 0, 'Selector__estimator': LinearSVC(random_state=42), 'Selector__importance_getter': 'auto', 'Selector__max_features': 32, 'Selector__norm_order': 1, 'Selector__prefit': False, 'Selector__threshold': None, 'Classifier__memory': None, 'Classifier__steps': [('SVC', OneVsRestClassifier(estimator=SVC(C=10, cache_size=500, class_weight='balanced',
                                  coef0=4, degree=2, gamma=0.1, kernel='poly',
                                  max_iter=1000000, probability=True,
                                  random_state=42)))], 'Classifier__transform_input': None, 'Classifier__verbose': False, 'Classifier__SVC': OneVsRestClassifier(estimator=SVC(C=10, cache_size=500, class_weight='balanced',
                                  coef0=4, degree=2, gamma=0.1, kernel='poly',
                                  max_iter=1000000, probability=True,
                                  random_state=42)), 'Classifier__SVC__estimator__C': 10, 'Classifier__SVC__estimator__break_ties': False, 'Classifier__SVC__estimator__cache_size': 500, 'Classifier__SVC__estimator__class_weight': 'balanced', 'Classifier__SVC__estimator__coef0': 4, 'Classifier__SVC__estimator__decision_function_shape': 'ovr', 'Classifier__SVC__estimator__degree': 2, 'Classifier__SVC__estimator__gamma': 0.1, 'Classifier__SVC__estimator__kernel': 'poly', 'Classifier__SVC__estimator__max_iter': 1000000, 'Classifier__SVC__estimator__probability': True, 'Classifier__SVC__estimator__random_state': 42, 'Classifier__SVC__estimator__shrinking': True, 'Classifier__SVC__estimator__tol': 0.001, 'Classifier__SVC__estimator__verbose': False, 'Classifier__SVC__estimator': SVC(C=10, cache_size=500, class_weight='balanced', coef0=4, degree=2, gamma=0.1,
    kernel='poly', max_iter=1000000, probability=True, random_state=42), 'Classifier__SVC__n_jobs': None, 'Classifier__SVC__verbose': 0}","['Spectral Centroid Overall Standard Deviation'
 'Spectral Rolloff Point Overall Standard Deviation'
 'Compactness Overall Standard Deviation'
 'Spectral Variability Overall Standard Deviation'
 'Root Mean Square Overall Standard Deviation'
 'Zero Crossings Overall Standard Deviation'
 'MFCC Overall Standard Deviation 1' 'LPC Overall Standard Deviation 7'
 'LPC Overall Standard Deviation 9'
 'Method of Moments Overall Standard Deviation 1'
 'Method of Moments Overall Standard Deviation 2'
 'Method of Moments Overall Standard Deviation 3'
 'Method of Moments Overall Standard Deviation 4'
 'Method of Moments Overall Standard Deviation 5'
 'Spectral Centroid Overall Average'
 'Spectral Rolloff Point Overall Average' 'Spectral Flux Overall Average'
 'Compactness Overall Average' 'Spectral Variability Overall Average'
 'Root Mean Square Overall Average' 'Zero Crossings Overall Average'
 'MFCC Overall Average 1' 'LPC Overall Average 1' 'LPC Overall Average 2'
 'Method of Moments Overall Average 1'
 'Method of Moments Overall Average 2'
 'Method of Moments Overall Average 3'
 'Method of Moments Overall Average 4'
 'Method of Moments Overall Average 5' 'Chroma feature 0'
 'Chroma feature 1' 'Chroma feature 10']",0.3670886075949367,0.20974025974025975,0.4974937343358396
52,Vocals + Vocals,False,"{'memory': None, 'steps': [('Imputer', SimpleImputer()), ('Scaler', StandardScaler()), ('Selector', SelectFromModel(estimator=LinearSVC(random_state=42), max_features=32)), ('Classifier', Pipeline(steps=[('SVC',
                 OneVsRestClassifier(estimator=SVC(C=10, cache_size=500,
                                                   class_weight='balanced',
                                                   coef0=4, degree=2, gamma=0.1,
                                                   kernel='poly',
                                                   max_iter=1000000,
                                                   probability=True,
                                                   random_state=42)))]))], 'transform_input': None, 'verbose': False, 'Imputer': SimpleImputer(), 'Scaler': StandardScaler(), 'Selector': SelectFromModel(estimator=LinearSVC(random_state=42), max_features=32), 'Classifier': Pipeline(steps=[('SVC',
                 OneVsRestClassifier(estimator=SVC(C=10, cache_size=500,
                                                   class_weight='balanced',
                                                   coef0=4, degree=2, gamma=0.1,
                                                   kernel='poly',
                                                   max_iter=1000000,
                                                   probability=True,
                                                   random_state=42)))]), 'Imputer__add_indicator': False, 'Imputer__copy': True, 'Imputer__fill_value': None, 'Imputer__keep_empty_features': False, 'Imputer__missing_values': nan, 'Imputer__strategy': 'mean', 'Scaler__copy': True, 'Scaler__with_mean': True, 'Scaler__with_std': True, 'Selector__estimator__C': 1.0, 'Selector__estimator__class_weight': None, 'Selector__estimator__dual': 'auto', 'Selector__estimator__fit_intercept': True, 'Selector__estimator__intercept_scaling': 1, 'Selector__estimator__loss': 'squared_hinge', 'Selector__estimator__max_iter': 1000, 'Selector__estimator__multi_class': 'ovr', 'Selector__estimator__penalty': 'l2', 'Selector__estimator__random_state': 42, 'Selector__estimator__tol': 0.0001, 'Selector__estimator__verbose': 0, 'Selector__estimator': LinearSVC(random_state=42), 'Selector__importance_getter': 'auto', 'Selector__max_features': 32, 'Selector__norm_order': 1, 'Selector__prefit': False, 'Selector__threshold': None, 'Classifier__memory': None, 'Classifier__steps': [('SVC', OneVsRestClassifier(estimator=SVC(C=10, cache_size=500, class_weight='balanced',
                                  coef0=4, degree=2, gamma=0.1, kernel='poly',
                                  max_iter=1000000, probability=True,
                                  random_state=42)))], 'Classifier__transform_input': None, 'Classifier__verbose': False, 'Classifier__SVC': OneVsRestClassifier(estimator=SVC(C=10, cache_size=500, class_weight='balanced',
                                  coef0=4, degree=2, gamma=0.1, kernel='poly',
                                  max_iter=1000000, probability=True,
                                  random_state=42)), 'Classifier__SVC__estimator__C': 10, 'Classifier__SVC__estimator__break_ties': False, 'Classifier__SVC__estimator__cache_size': 500, 'Classifier__SVC__estimator__class_weight': 'balanced', 'Classifier__SVC__estimator__coef0': 4, 'Classifier__SVC__estimator__decision_function_shape': 'ovr', 'Classifier__SVC__estimator__degree': 2, 'Classifier__SVC__estimator__gamma': 0.1, 'Classifier__SVC__estimator__kernel': 'poly', 'Classifier__SVC__estimator__max_iter': 1000000, 'Classifier__SVC__estimator__probability': True, 'Classifier__SVC__estimator__random_state': 42, 'Classifier__SVC__estimator__shrinking': True, 'Classifier__SVC__estimator__tol': 0.001, 'Classifier__SVC__estimator__verbose': False, 'Classifier__SVC__estimator': SVC(C=10, cache_size=500, class_weight='balanced', coef0=4, degree=2, gamma=0.1,
    kernel='poly', max_iter=1000000, probability=True, random_state=42), 'Classifier__SVC__n_jobs': None, 'Classifier__SVC__verbose': 0}","['Spectral Centroid Overall Standard Deviation'
 'Spectral Rolloff Point Overall Standard Deviation'
 'Compactness Overall Standard Deviation'
 'Spectral Variability Overall Standard Deviation'
 'Root Mean Square Overall Standard Deviation'
 'Zero Crossings Overall Standard Deviation'
 'MFCC Overall Standard Deviation 1' 'LPC Overall Standard Deviation 7'
 'LPC Overall Standard Deviation 9'
 'Method of Moments Overall Standard Deviation 1'
 'Method of Moments Overall Standard Deviation 2'
 'Method of Moments Overall Standard Deviation 3'
 'Method of Moments Overall Standard Deviation 4'
 'Method of Moments Overall Standard Deviation 5'
 'Spectral Centroid Overall Average'
 'Spectral Rolloff Point Overall Average' 'Spectral Flux Overall Average'
 'Compactness Overall Average' 'Spectral Variability Overall Average'
 'Root Mean Square Overall Average' 'Zero Crossings Overall Average'
 'MFCC Overall Average 1' 'LPC Overall Average 1' 'LPC Overall Average 2'
 'Method of Moments Overall Average 1'
 'Method of Moments Overall Average 2'
 'Method of Moments Overall Average 3'
 'Method of Moments Overall Average 4'
 'Method of Moments Overall Average 5' 'Chroma feature 0'
 'Chroma feature 1' 'Chroma feature 10']","{'memory': None, 'steps': [('Imputer', SimpleImputer()), ('Scaler', StandardScaler()), ('Selector', SelectFromModel(estimator=LinearSVC(random_state=42), max_features=32)), ('Classifier', Pipeline(steps=[('SVC',
                 OneVsRestClassifier(estimator=SVC(C=10, cache_size=500,
                                                   class_weight='balanced',
                                                   coef0=2, degree=2, gamma=0.1,
                                                   kernel='poly',
                                                   max_iter=1000000,
                                                   probability=True,
                                                   random_state=42)))]))], 'transform_input': None, 'verbose': False, 'Imputer': SimpleImputer(), 'Scaler': StandardScaler(), 'Selector': SelectFromModel(estimator=LinearSVC(random_state=42), max_features=32), 'Classifier': Pipeline(steps=[('SVC',
                 OneVsRestClassifier(estimator=SVC(C=10, cache_size=500,
                                                   class_weight='balanced',
                                                   coef0=2, degree=2, gamma=0.1,
                                                   kernel='poly',
                                                   max_iter=1000000,
                                                   probability=True,
                                                   random_state=42)))]), 'Imputer__add_indicator': False, 'Imputer__copy': True, 'Imputer__fill_value': None, 'Imputer__keep_empty_features': False, 'Imputer__missing_values': nan, 'Imputer__strategy': 'mean', 'Scaler__copy': True, 'Scaler__with_mean': True, 'Scaler__with_std': True, 'Selector__estimator__C': 1.0, 'Selector__estimator__class_weight': None, 'Selector__estimator__dual': 'auto', 'Selector__estimator__fit_intercept': True, 'Selector__estimator__intercept_scaling': 1, 'Selector__estimator__loss': 'squared_hinge', 'Selector__estimator__max_iter': 1000, 'Selector__estimator__multi_class': 'ovr', 'Selector__estimator__penalty': 'l2', 'Selector__estimator__random_state': 42, 'Selector__estimator__tol': 0.0001, 'Selector__estimator__verbose': 0, 'Selector__estimator': LinearSVC(random_state=42), 'Selector__importance_getter': 'auto', 'Selector__max_features': 32, 'Selector__norm_order': 1, 'Selector__prefit': False, 'Selector__threshold': None, 'Classifier__memory': None, 'Classifier__steps': [('SVC', OneVsRestClassifier(estimator=SVC(C=10, cache_size=500, class_weight='balanced',
                                  coef0=2, degree=2, gamma=0.1, kernel='poly',
                                  max_iter=1000000, probability=True,
                                  random_state=42)))], 'Classifier__transform_input': None, 'Classifier__verbose': False, 'Classifier__SVC': OneVsRestClassifier(estimator=SVC(C=10, cache_size=500, class_weight='balanced',
                                  coef0=2, degree=2, gamma=0.1, kernel='poly',
                                  max_iter=1000000, probability=True,
                                  random_state=42)), 'Classifier__SVC__estimator__C': 10, 'Classifier__SVC__estimator__break_ties': False, 'Classifier__SVC__estimator__cache_size': 500, 'Classifier__SVC__estimator__class_weight': 'balanced', 'Classifier__SVC__estimator__coef0': 2, 'Classifier__SVC__estimator__decision_function_shape': 'ovr', 'Classifier__SVC__estimator__degree': 2, 'Classifier__SVC__estimator__gamma': 0.1, 'Classifier__SVC__estimator__kernel': 'poly', 'Classifier__SVC__estimator__max_iter': 1000000, 'Classifier__SVC__estimator__probability': True, 'Classifier__SVC__estimator__random_state': 42, 'Classifier__SVC__estimator__shrinking': True, 'Classifier__SVC__estimator__tol': 0.001, 'Classifier__SVC__estimator__verbose': False, 'Classifier__SVC__estimator': SVC(C=10, cache_size=500, class_weight='balanced', coef0=2, degree=2, gamma=0.1,
    kernel='poly', max_iter=1000000, probability=True, random_state=42), 'Classifier__SVC__n_jobs': None, 'Classifier__SVC__verbose': 0}","['Spectral Centroid Overall Standard Deviation'
 'Spectral Rolloff Point Overall Standard Deviation'
 'Compactness Overall Standard Deviation'
 'Spectral Variability Overall Standard Deviation'
 'Root Mean Square Overall Standard Deviation'
 'Zero Crossings Overall Standard Deviation'
 'MFCC Overall Standard Deviation 1' 'LPC Overall Standard Deviation 7'
 'LPC Overall Standard Deviation 9'
 'Method of Moments Overall Standard Deviation 1'
 'Method of Moments Overall Standard Deviation 2'
 'Method of Moments Overall Standard Deviation 3'
 'Method of Moments Overall Standard Deviation 4'
 'Method of Moments Overall Standard Deviation 5'
 'Spectral Centroid Overall Average'
 'Spectral Rolloff Point Overall Average' 'Spectral Flux Overall Average'
 'Compactness Overall Average' 'Spectral Variability Overall Average'
 'Root Mean Square Overall Average' 'Zero Crossings Overall Average'
 'MFCC Overall Average 1' 'LPC Overall Average 1' 'LPC Overall Average 2'
 'Method of Moments Overall Average 1'
 'Method of Moments Overall Average 2'
 'Method of Moments Overall Average 3'
 'Method of Moments Overall Average 4'
 'Method of Moments Overall Average 5' 'Chroma feature 0'
 'Chroma feature 1' 'Chroma feature 10']",0.3670886075949367,0.21277056277056278,0.6025132275132274
53,Vocals + Vocals,False,"{'memory': None, 'steps': [('Imputer', SimpleImputer()), ('Scaler', StandardScaler()), ('Selector', SelectFromModel(estimator=LinearSVC(random_state=42), max_features=32)), ('Classifier', Pipeline(steps=[('SVC',
                 OneVsRestClassifier(estimator=SVC(C=10, cache_size=500,
                                                   class_weight='balanced',
                                                   coef0=4, degree=2, gamma=0.1,
                                                   kernel='poly',
                                                   max_iter=1000000,
                                                   probability=True,
                                                   random_state=42)))]))], 'transform_input': None, 'verbose': False, 'Imputer': SimpleImputer(), 'Scaler': StandardScaler(), 'Selector': SelectFromModel(estimator=LinearSVC(random_state=42), max_features=32), 'Classifier': Pipeline(steps=[('SVC',
                 OneVsRestClassifier(estimator=SVC(C=10, cache_size=500,
                                                   class_weight='balanced',
                                                   coef0=4, degree=2, gamma=0.1,
                                                   kernel='poly',
                                                   max_iter=1000000,
                                                   probability=True,
                                                   random_state=42)))]), 'Imputer__add_indicator': False, 'Imputer__copy': True, 'Imputer__fill_value': None, 'Imputer__keep_empty_features': False, 'Imputer__missing_values': nan, 'Imputer__strategy': 'mean', 'Scaler__copy': True, 'Scaler__with_mean': True, 'Scaler__with_std': True, 'Selector__estimator__C': 1.0, 'Selector__estimator__class_weight': None, 'Selector__estimator__dual': 'auto', 'Selector__estimator__fit_intercept': True, 'Selector__estimator__intercept_scaling': 1, 'Selector__estimator__loss': 'squared_hinge', 'Selector__estimator__max_iter': 1000, 'Selector__estimator__multi_class': 'ovr', 'Selector__estimator__penalty': 'l2', 'Selector__estimator__random_state': 42, 'Selector__estimator__tol': 0.0001, 'Selector__estimator__verbose': 0, 'Selector__estimator': LinearSVC(random_state=42), 'Selector__importance_getter': 'auto', 'Selector__max_features': 32, 'Selector__norm_order': 1, 'Selector__prefit': False, 'Selector__threshold': None, 'Classifier__memory': None, 'Classifier__steps': [('SVC', OneVsRestClassifier(estimator=SVC(C=10, cache_size=500, class_weight='balanced',
                                  coef0=4, degree=2, gamma=0.1, kernel='poly',
                                  max_iter=1000000, probability=True,
                                  random_state=42)))], 'Classifier__transform_input': None, 'Classifier__verbose': False, 'Classifier__SVC': OneVsRestClassifier(estimator=SVC(C=10, cache_size=500, class_weight='balanced',
                                  coef0=4, degree=2, gamma=0.1, kernel='poly',
                                  max_iter=1000000, probability=True,
                                  random_state=42)), 'Classifier__SVC__estimator__C': 10, 'Classifier__SVC__estimator__break_ties': False, 'Classifier__SVC__estimator__cache_size': 500, 'Classifier__SVC__estimator__class_weight': 'balanced', 'Classifier__SVC__estimator__coef0': 4, 'Classifier__SVC__estimator__decision_function_shape': 'ovr', 'Classifier__SVC__estimator__degree': 2, 'Classifier__SVC__estimator__gamma': 0.1, 'Classifier__SVC__estimator__kernel': 'poly', 'Classifier__SVC__estimator__max_iter': 1000000, 'Classifier__SVC__estimator__probability': True, 'Classifier__SVC__estimator__random_state': 42, 'Classifier__SVC__estimator__shrinking': True, 'Classifier__SVC__estimator__tol': 0.001, 'Classifier__SVC__estimator__verbose': False, 'Classifier__SVC__estimator': SVC(C=10, cache_size=500, class_weight='balanced', coef0=4, degree=2, gamma=0.1,
    kernel='poly', max_iter=1000000, probability=True, random_state=42), 'Classifier__SVC__n_jobs': None, 'Classifier__SVC__verbose': 0}","['Spectral Centroid Overall Standard Deviation'
 'Spectral Rolloff Point Overall Standard Deviation'
 'Compactness Overall Standard Deviation'
 'Spectral Variability Overall Standard Deviation'
 'Root Mean Square Overall Standard Deviation'
 'Zero Crossings Overall Standard Deviation'
 'MFCC Overall Standard Deviation 1' 'LPC Overall Standard Deviation 7'
 'LPC Overall Standard Deviation 9'
 'Method of Moments Overall Standard Deviation 1'
 'Method of Moments Overall Standard Deviation 2'
 'Method of Moments Overall Standard Deviation 3'
 'Method of Moments Overall Standard Deviation 4'
 'Method of Moments Overall Standard Deviation 5'
 'Spectral Centroid Overall Average'
 'Spectral Rolloff Point Overall Average' 'Spectral Flux Overall Average'
 'Compactness Overall Average' 'Spectral Variability Overall Average'
 'Root Mean Square Overall Average' 'Zero Crossings Overall Average'
 'MFCC Overall Average 1' 'LPC Overall Average 1' 'LPC Overall Average 2'
 'Method of Moments Overall Average 1'
 'Method of Moments Overall Average 2'
 'Method of Moments Overall Average 3'
 'Method of Moments Overall Average 4'
 'Method of Moments Overall Average 5' 'Chroma feature 0'
 'Chroma feature 1' 'Chroma feature 10']","{'memory': None, 'steps': [('Imputer', SimpleImputer()), ('Scaler', StandardScaler()), ('Selector', SelectFromModel(estimator=LinearSVC(random_state=42), max_features=32)), ('Classifier', Pipeline(steps=[('SVC',
                 OneVsRestClassifier(estimator=SVC(C=1, cache_size=500,
                                                   class_weight='balanced',
                                                   coef0=2, degree=6,
                                                   gamma=0.01, kernel='poly',
                                                   max_iter=1000000,
                                                   probability=True,
                                                   random_state=42)))]))], 'transform_input': None, 'verbose': False, 'Imputer': SimpleImputer(), 'Scaler': StandardScaler(), 'Selector': SelectFromModel(estimator=LinearSVC(random_state=42), max_features=32), 'Classifier': Pipeline(steps=[('SVC',
                 OneVsRestClassifier(estimator=SVC(C=1, cache_size=500,
                                                   class_weight='balanced',
                                                   coef0=2, degree=6,
                                                   gamma=0.01, kernel='poly',
                                                   max_iter=1000000,
                                                   probability=True,
                                                   random_state=42)))]), 'Imputer__add_indicator': False, 'Imputer__copy': True, 'Imputer__fill_value': None, 'Imputer__keep_empty_features': False, 'Imputer__missing_values': nan, 'Imputer__strategy': 'mean', 'Scaler__copy': True, 'Scaler__with_mean': True, 'Scaler__with_std': True, 'Selector__estimator__C': 1.0, 'Selector__estimator__class_weight': None, 'Selector__estimator__dual': 'auto', 'Selector__estimator__fit_intercept': True, 'Selector__estimator__intercept_scaling': 1, 'Selector__estimator__loss': 'squared_hinge', 'Selector__estimator__max_iter': 1000, 'Selector__estimator__multi_class': 'ovr', 'Selector__estimator__penalty': 'l2', 'Selector__estimator__random_state': 42, 'Selector__estimator__tol': 0.0001, 'Selector__estimator__verbose': 0, 'Selector__estimator': LinearSVC(random_state=42), 'Selector__importance_getter': 'auto', 'Selector__max_features': 32, 'Selector__norm_order': 1, 'Selector__prefit': False, 'Selector__threshold': None, 'Classifier__memory': None, 'Classifier__steps': [('SVC', OneVsRestClassifier(estimator=SVC(C=1, cache_size=500, class_weight='balanced',
                                  coef0=2, degree=6, gamma=0.01, kernel='poly',
                                  max_iter=1000000, probability=True,
                                  random_state=42)))], 'Classifier__transform_input': None, 'Classifier__verbose': False, 'Classifier__SVC': OneVsRestClassifier(estimator=SVC(C=1, cache_size=500, class_weight='balanced',
                                  coef0=2, degree=6, gamma=0.01, kernel='poly',
                                  max_iter=1000000, probability=True,
                                  random_state=42)), 'Classifier__SVC__estimator__C': 1, 'Classifier__SVC__estimator__break_ties': False, 'Classifier__SVC__estimator__cache_size': 500, 'Classifier__SVC__estimator__class_weight': 'balanced', 'Classifier__SVC__estimator__coef0': 2, 'Classifier__SVC__estimator__decision_function_shape': 'ovr', 'Classifier__SVC__estimator__degree': 6, 'Classifier__SVC__estimator__gamma': 0.01, 'Classifier__SVC__estimator__kernel': 'poly', 'Classifier__SVC__estimator__max_iter': 1000000, 'Classifier__SVC__estimator__probability': True, 'Classifier__SVC__estimator__random_state': 42, 'Classifier__SVC__estimator__shrinking': True, 'Classifier__SVC__estimator__tol': 0.001, 'Classifier__SVC__estimator__verbose': False, 'Classifier__SVC__estimator': SVC(C=1, cache_size=500, class_weight='balanced', coef0=2, degree=6, gamma=0.01,
    kernel='poly', max_iter=1000000, probability=True, random_state=42), 'Classifier__SVC__n_jobs': None, 'Classifier__SVC__verbose': 0}","['Spectral Centroid Overall Standard Deviation'
 'Spectral Rolloff Point Overall Standard Deviation'
 'Compactness Overall Standard Deviation'
 'Spectral Variability Overall Standard Deviation'
 'Root Mean Square Overall Standard Deviation'
 'Zero Crossings Overall Standard Deviation'
 'MFCC Overall Standard Deviation 1' 'LPC Overall Standard Deviation 7'
 'LPC Overall Standard Deviation 9'
 'Method of Moments Overall Standard Deviation 1'
 'Method of Moments Overall Standard Deviation 2'
 'Method of Moments Overall Standard Deviation 3'
 'Method of Moments Overall Standard Deviation 4'
 'Method of Moments Overall Standard Deviation 5'
 'Spectral Centroid Overall Average'
 'Spectral Rolloff Point Overall Average' 'Spectral Flux Overall Average'
 'Compactness Overall Average' 'Spectral Variability Overall Average'
 'Root Mean Square Overall Average' 'Zero Crossings Overall Average'
 'MFCC Overall Average 1' 'LPC Overall Average 1' 'LPC Overall Average 2'
 'Method of Moments Overall Average 1'
 'Method of Moments Overall Average 2'
 'Method of Moments Overall Average 3'
 'Method of Moments Overall Average 4'
 'Method of Moments Overall Average 5' 'Chroma feature 0'
 'Chroma feature 1' 'Chroma feature 10']",0.3670886075949367,0.20974025974025975,0.4974937343358396
