,Principal component 0,Principal component 1,Principal component 2,Principal component 3,Principal component 4,Principal component 5,Principal component 6,Principal component 7,Principal component 8,Principal component 9,Principal component 10,Principal component 11,Principal component 12,Principal component 13,Principal component 14,Principal component 15,Principal component 16,Principal component 17,Principal component 18,Principal component 19,Principal component 20,Principal component 21,Principal component 22,Principal component 23,Principal component 24,Principal component 25,Spectral Centroid Overall Standard Deviation,Spectral Rolloff Point Overall Standard Deviation,Spectral Flux Overall Standard Deviation,Compactness Overall Standard Deviation,Spectral Variability Overall Standard Deviation,Root Mean Square Overall Standard Deviation,Fraction Of Low Energy Windows Overall Standard Deviation,Zero Crossings Overall Standard Deviation,MFCC Overall Standard Deviation 1,MFCC Overall Standard Deviation 2,MFCC Overall Standard Deviation 3,MFCC Overall Standard Deviation 4,MFCC Overall Standard Deviation 5,MFCC Overall Standard Deviation 6,MFCC Overall Standard Deviation 7,MFCC Overall Standard Deviation 8,MFCC Overall Standard Deviation 9,MFCC Overall Standard Deviation 10,MFCC Overall Standard Deviation 11,MFCC Overall Standard Deviation 12,MFCC Overall Standard Deviation 13,LPC Overall Standard Deviation 1,LPC Overall Standard Deviation 2,LPC Overall Standard Deviation 3,LPC Overall Standard Deviation 4,LPC Overall Standard Deviation 5,LPC Overall Standard Deviation 6,LPC Overall Standard Deviation 7,LPC Overall Standard Deviation 8,LPC Overall Standard Deviation 9,LPC Overall Standard Deviation 10,Method of Moments Overall Standard Deviation 1,Method of Moments Overall Standard Deviation 2,Method of Moments Overall Standard Deviation 3,Method of Moments Overall Standard Deviation 4,Method of Moments Overall Standard Deviation 5,Spectral Centroid Overall Average,Spectral Rolloff Point Overall Average,Spectral Flux Overall Average,Compactness Overall Average,Spectral Variability Overall Average,Root Mean Square Overall Average,Fraction Of Low Energy Windows Overall Average,Zero Crossings Overall Average,MFCC Overall Average 1,MFCC Overall Average 2,MFCC Overall Average 3,MFCC Overall Average 4,MFCC Overall Average 5,MFCC Overall Average 6,MFCC Overall Average 7,MFCC Overall Average 8,MFCC Overall Average 9,MFCC Overall Average 10,MFCC Overall Average 11,MFCC Overall Average 12,MFCC Overall Average 13,LPC Overall Average 1,LPC Overall Average 2,LPC Overall Average 3,LPC Overall Average 4,LPC Overall Average 5,LPC Overall Average 6,LPC Overall Average 7,LPC Overall Average 8,LPC Overall Average 9,LPC Overall Average 10,Method of Moments Overall Average 1,Method of Moments Overall Average 2,Method of Moments Overall Average 3,Method of Moments Overall Average 4,Method of Moments Overall Average 5,Chroma feature 0,Chroma feature 1,Chroma feature 2,Chroma feature 3,Chroma feature 4,Chroma feature 5,Chroma feature 6,Chroma feature 7,Chroma feature 8,Chroma feature 9,Chroma feature 10,Chroma feature 11
Principal component 0,1.0,-2.994644263190477e-16,-8.193177354909382e-17,-8.989129344543187e-17,3.1069044462915483e-17,-4.7914943685106276e-17,-1.1278083991818019e-16,-6.638904599304705e-17,-4.583378723992216e-17,1.0421421319241969e-16,-7.141288063873715e-17,7.417471438237276e-18,2.4700104596841845e-16,-1.7766956298531037e-17,3.235808393201597e-16,-5.022366232238005e-16,-1.6960297664935143e-16,-4.741855022674112e-16,-4.3977539295336735e-16,1.983429759227053e-16,2.2774953762414904e-16,-1.8561254617091737e-16,1.5735573454074546e-16,2.0527257562444213e-17,1.341402660518622e-16,-2.2106457374617422e-16,0.6494214387727306,0.7664260826219175,0.5141918796780669,0.12011814531610904,0.3834035987511809,0.39953824299653445,0.019484956491920398,0.7660123819284493,0.1309355504727195,-0.06296517366707051,-0.0038128122809672218,-0.11062797110775034,-0.11197346750776771,-0.07742322836464971,-0.12248782121851358,-0.08428584098406158,0.01166901933903957,-0.08954839499309317,-0.07823867543410551,-0.10999002256589517,-0.22335670324746235,0.4633728941882487,0.640856160063258,-0.5292745662189836,-0.19389868191313042,0.22922469008117427,0.3646355564949961,0.42555475359085626,0.40592803079231604,0.4357063819670842,,0.6970091057117951,0.7838445377971535,0.7050419420757791,0.48811626735365304,0.4698333117227217,0.5161287778350567,0.5943803198808444,0.5956431583474674,-0.10383127516414743,0.4511758456797017,0.5009447866511971,-0.045824672326106375,0.6546167486409625,0.4306734318958142,-0.7102902543278123,0.6214755177367941,0.13426789760425287,0.4940416247405897,0.35698326233822686,0.46417781274008096,0.04196179383909039,0.046440136748193916,0.024472503662607746,0.15707552064117514,-0.017187387856268426,-0.0224751199214163,0.7208265858702002,-0.8607389057801799,-0.2560016456526709,0.2887408401241183,-0.03418030583537253,0.25059672011208695,0.14171287565795923,0.21810890702568372,0.04453845518872208,,0.7065868611076795,0.8111552890843733,0.8615715787764108,0.8088148811079918,0.8277678615097468,0.11724045785410242,0.17352740433353245,0.2257252050650555,0.29418241926404304,0.29025431522339457,0.2274678264249618,0.19176914129749167,0.1878501575447154,0.26417664045192185,0.20188282588280118,0.14687940203638444,0.1325591538889031
Principal component 1,-2.994644263190477e-16,1.0,-7.063501564727582e-16,1.1375666760802638e-15,7.712177023647407e-17,-6.983105101677288e-17,-2.0542549835074684e-16,-2.3548084101445814e-16,-2.6570878612079105e-16,-3.00073266839016e-18,-4.2249179546360893e-16,1.9602379597629984e-16,-1.806750556384239e-16,5.420237345096841e-16,8.006606970087661e-17,7.469741026330144e-17,-3.707267528991963e-16,-1.9792049212310655e-16,6.513957171990323e-17,-3.595602921323041e-16,-4.3608619049566295e-16,-5.848499727923934e-17,1.6768495157619753e-16,4.476010000641956e-16,1.572785101767942e-16,-1.7278046652516667e-16,-0.3031203354988989,-0.33555240964956523,0.5958620457185788,0.2571753866352369,0.33673007206569494,0.30487500294902525,-0.06446033176395599,-0.3680897569718362,0.13095365173917664,0.19839983633715255,0.09956076518674854,-0.012853759707875514,-0.11126639969661889,-0.3741742201754498,-0.39454317382731124,-0.4417834617645721,-0.5667643661559089,-0.5852183012272865,-0.5878143697678562,-0.5644837000099532,-0.5138124326893738,-0.08770733849911695,0.26940953064476736,0.19102601776735573,-0.046655053937141665,-0.3269267935707962,-0.4318278765876826,-0.5103188534728776,-0.5555048495942527,-0.5787611472042505,,0.24027299470780683,0.013371584807128337,0.2649319580847209,0.3991503354112249,0.43134855348769924,-0.7039090151394958,-0.5919170818722748,0.5060175389086538,-0.5497170689245766,0.36731284391098373,0.34510038998875003,0.0925305582508602,-0.6021557698223677,-0.11093648809096712,0.5318972660779965,0.25068915881534093,0.5477474578589878,0.48058058769625644,0.049445695730582384,-0.20249891178351395,-0.006873805250506861,0.09954816383868405,-0.0023463099759649325,0.023875714630768236,0.2997366112208035,0.08823296430718111,-0.49474293249000667,0.11029489366736582,0.34948310913695396,-0.3327060773326661,-0.31736544115175264,-0.4519466361972576,-0.43466928477153655,-0.5769302953847628,-0.3841003861375145,,0.1690036252282462,-0.4739357140487985,-0.2896903062500089,-0.21785441051192866,-0.19161783741775698,0.49358398664329906,0.6240590648839661,0.5892785371983664,0.6685024078240758,0.6207454515087523,0.6185407547501789,0.5298483571373972,0.501471328860416,0.46792825422950013,0.38361825988653575,0.43297373475456763,0.42207033665639526
Principal component 2,-8.193177354909382e-17,-7.063501564727582e-16,1.0,-8.295144309893501e-16,4.936586453611468e-16,-1.4947939738107005e-16,3.1240183155888857e-16,7.928884067578519e-17,6.063931575580219e-16,-2.373253133220179e-16,-1.4616727714454074e-16,-1.867105257491579e-16,8.430973872975292e-17,1.5713306488451965e-16,-3.4808063208027366e-17,-2.3002475325372955e-17,6.917683410187393e-17,1.8955346173898878e-16,-8.414118525912491e-16,2.185621201495336e-16,-2.4282617503384323e-18,4.0460491162615344e-16,1.0623863403776995e-16,-6.637532958237248e-17,7.426979837968068e-16,-3.755213116493349e-17,-0.0993608409123245,-0.07042386666456993,-0.28303326482922114,0.19392503893698704,-0.29642931926975113,-0.29900455612631716,0.1963863333321018,-0.14424321203450974,0.21799358167840885,0.2758550229902975,0.3560336281698212,0.06326133547429308,0.05208163453809701,0.07101982601742877,0.029304182133003835,0.11406359426228219,-0.0032061443477195686,-0.1042767333029066,-0.015745799664268527,0.019846316188381,-0.050252065723140484,0.15537430270027616,0.418949765023147,-0.3622972503424745,-0.4433113308424067,-0.13228539832507738,-0.055920269590692614,-0.08516632860764758,-0.07542232505795461,-0.08990918267174555,,-0.3929194902364264,0.21615995177769823,0.42265283302087914,0.5319829343927887,0.5126202616669682,-0.30827668395576835,-0.330122756353016,-0.4542322593275446,-0.10383839623119055,-0.5430139879036365,-0.5474074120159931,0.3326853857747013,-0.28832721860547483,-0.5582875755032665,0.1875777927414563,0.5551882728277561,-0.097192281958088,0.21319837624829743,0.06851110056063546,0.14219718777214216,-0.3980126296033004,-0.21610340917320556,-0.2106301211873067,-0.027388112781639707,-0.16678853435256305,-0.15942222999389283,-0.16958293596392857,-0.19668646158202582,0.4995763978745128,0.41877778685439004,0.4395464758083018,0.1320041775432128,0.08877551091970523,0.06948282281814297,0.06890142992606334,,-0.5110052653610679,-0.06534443440405921,0.12397051935712691,0.2957211263230656,0.28066578377531176,0.28648168146324227,0.25923115675323694,0.14752636229314323,0.1581897857661993,0.16981787811867805,0.20484348360013543,0.14986861223025624,0.09695510972334445,0.06568533769650431,0.09144281763357884,0.17201500448428572,0.24037415065143158
Principal component 3,-8.989129344543187e-17,1.1375666760802638e-15,-8.295144309893501e-16,1.0,5.587272092653266e-17,-1.0343114079337337e-17,-7.107375958174546e-17,-4.826863357696376e-17,-1.0193612301210197e-16,-3.297353661921014e-17,-1.268039524842599e-16,-8.420674760677723e-17,-1.209187649676148e-16,2.1385979425336103e-17,-3.4234789472969673e-16,2.3940353981934863e-18,7.919711507369054e-17,-3.6758891959665076e-16,3.4291522066968797e-16,2.7483526246205454e-17,-7.993019165538442e-17,6.206209083057466e-17,2.6191135010820832e-17,1.8432400540688943e-16,-9.775167097325817e-17,-1.2442751414583488e-16,0.253915393901961,0.10464636095827166,-0.08875815064173823,0.1371117299995206,-0.29885138390463123,-0.29407966272578456,0.19826784484641088,0.21655635299840922,0.1873004527330939,0.4421802777548663,0.3761633332823663,0.3813373228860971,0.3832455397943883,0.4218168205471113,0.4521619652610863,0.43088261952834084,0.3230350536180566,0.3283196359206073,0.34898326176393984,0.3239849020487044,0.21386767010613938,0.19472301564978925,0.11038853965826835,0.15381828200385297,0.4126753564592761,0.38293696954240874,0.37620889829494913,0.32601673882225046,0.3088388572350128,0.23666951251184343,,-0.2213588710704495,0.1958617132485849,0.12804549296411774,0.15232165130076256,0.1583979301730119,0.08403473910938226,0.15469404975504397,-0.09812833393737774,-0.17900834997472415,-0.3413987329294619,-0.3347540295971068,0.11423818502784233,0.06192271874661695,-0.35370738568038174,-0.05324616898971563,0.007431081898933159,0.3375726539058152,0.36639325021381025,0.46910984802242367,0.26635895541624827,0.18798709186198784,-0.2349923065555548,0.06070799432062675,0.4554993328645139,0.35751252830133684,0.14964691728676852,0.08460501823157639,0.1559166685384885,-0.23688315519308903,-0.05883407516490179,-0.31008323156047285,-0.2784220753935248,-0.23902158363389703,-0.25277026006225317,-0.3998514373220438,,-0.261888318434084,-0.07332576560758397,-0.13715717184703535,-0.15662114205462335,-0.16215911290155366,-0.37831938122810743,-0.16110135174199477,0.05430152181866684,0.13180342269314527,0.251660855551682,0.1915593749034244,0.08927729254069858,-0.04606423476008622,-0.1629600993082521,-0.21695150732681467,-0.41426640522552266,-0.41542812693267217
Principal component 4,3.1069044462915483e-17,7.712177023647407e-17,4.936586453611468e-16,5.587272092653266e-17,1.0,-3.782984174056031e-16,2.5855869343537103e-17,7.219819186889577e-17,1.975273865539899e-16,-1.3150532319849978e-17,-2.7074833238012645e-17,-4.615875388414919e-17,-1.9889791893507586e-16,3.962879086713722e-16,-1.0592090391155085e-16,-1.6953993628157943e-16,-2.469519317614471e-16,2.6434684843234156e-16,2.6239095247517005e-16,2.360180111480546e-18,3.2347205018588475e-16,3.6442632455959454e-16,-3.0948045053660786e-16,-3.733158683193224e-16,-1.5238876407930551e-18,1.4514779142309297e-16,-0.04672966001120259,0.005087288216116428,-0.3756706598924424,-0.23157686297796334,-0.4335583287953687,-0.41340084879787997,-0.03453953802466552,-0.010013928631586353,-0.045181932243934485,-0.3092647546854812,-0.3648350318876463,-0.3175271807431922,-0.4448163891459008,-0.3839155566335797,-0.3550267595122934,-0.37610055868302633,-0.3669574412578538,-0.39217894225577404,-0.39490413437464394,-0.3671617737320919,-0.3739103863883047,-0.07413491908399261,-0.17636245803270376,-0.20929769665023654,-0.22533229233290253,-0.2603040708270611,-0.23027721333995999,-0.15332764578602673,-0.1770342112607458,-0.15838460055657907,,-0.11906244260627857,-0.1322026231545495,-0.21991917497196847,-0.2813925985025891,-0.28876430986309726,0.012663499882307942,0.05063898180622869,-0.21270768548376748,-0.07804803043205506,-0.1792436834622104,-0.1537912959249426,-0.23083940582753143,0.09704450014313938,0.1474611820376222,-0.048550061512046765,0.13824510458586395,0.06192450799950886,0.12073136972280203,0.2830044323551243,0.21261563199332298,0.37980326692140365,0.4117710008986551,0.49219602775083793,0.3957347742862243,-0.05733374126477334,-0.30438381718247304,0.05803336271131485,-0.15307119698291013,-0.12689144480619458,0.027072848743815773,-0.12498401304469095,0.008476776619952442,0.044838874182544335,-0.15310363257752926,-0.21251422846416398,,0.03229293678478625,0.10718954999176689,0.12329390620056241,0.0690825716983347,0.06840128116553887,0.06005562432033645,-0.05143023732909208,-0.12791145280143357,-0.04727641435188005,0.07749364774985666,0.12204795025165228,0.22076365276619284,0.3123213685419537,0.48031200243624567,0.5151915974300453,0.41383947801332,0.23132847985464286
Principal component 5,-4.7914943685106276e-17,-6.983105101677288e-17,-1.4947939738107005e-16,-1.0343114079337337e-17,-3.782984174056031e-16,1.0,2.1105306840014572e-16,-1.9147860003135398e-16,1.8791769499088402e-16,-1.8822463302569743e-16,1.4546477846958628e-16,2.066093294969339e-16,-4.11279265878533e-17,4.2767765540029934e-16,3.2936008831420796e-17,1.237327254486416e-16,-1.4054697109548008e-16,-1.6471731919614606e-16,2.0426605558052383e-17,1.589225797243536e-16,-2.858341385039996e-17,-8.687548708469269e-17,1.8266468976333168e-16,-2.233085085421572e-16,-1.5045502361002836e-16,2.1387828579146826e-16,0.036578759052389845,0.053013491780708195,0.14087993831971876,0.1928721314865175,0.10102142287237835,0.10332029574673998,0.14239481408959218,0.10536832690719986,0.12251721500446212,0.42774689789739023,0.021610681634119916,0.36960193286177223,0.24926927171310528,0.2057836299571471,0.16960689463181522,0.13236380991286104,0.04208810349332467,0.04136902802533171,0.08360743766659784,0.07100857787916036,0.14000892799376954,0.08440411109125716,0.035282529073101004,0.36571598229113045,0.2575457948825822,0.2071646067014363,0.10082582541276722,0.07704692463328346,0.038372046426799526,0.02591972255286257,,0.09373890889842273,0.168872843115257,0.04681121448743771,-0.05563049097992894,-0.015603903906724295,-0.24377940737972842,-0.19043524143736879,0.036063305023143186,0.11363287636730683,0.010008655027005991,-0.00824558691226386,0.04021544592745108,-0.22016677416019387,-0.1738791348441019,0.021641778195860325,0.12343748196277551,0.41841210260213946,-0.17638563714852207,0.2085777884783835,-0.10547218909973373,-0.0945736864484021,-0.024756064195262585,0.3160354707312594,0.11030184566267025,-0.22282648779239336,-0.16425132427668018,-0.1707789804266795,0.12149307788394076,-0.44179119092984653,0.02711286026107653,0.15103784918024227,0.5621426110815162,0.5743570311967854,0.2907310471595214,0.21096044913719667,,-0.08665940789201007,-0.210607972435631,-0.24843002945631779,-0.31303715209628785,-0.32316776333383745,0.1148025360468654,0.04594804664972392,0.06152771200179266,0.05204989520436045,0.15352717924869497,0.2968922811806608,0.315934798077535,0.36758785517865755,0.3330015891309524,0.3540233494198975,0.236075766541308,0.13407011048485784
Principal component 6,-1.1278083991818019e-16,-2.0542549835074684e-16,3.1240183155888857e-16,-7.107375958174546e-17,2.5855869343537103e-17,2.1105306840014572e-16,1.0,1.7546092448844456e-16,-1.426430630853927e-16,-2.5347307681594286e-16,-4.08150833841025e-17,3.853961161462727e-17,-1.1134402352292162e-16,-5.638598873044548e-17,-1.6920348441429186e-16,3.5667172699418753e-16,3.3106989736429595e-16,1.976284094041498e-17,-5.934744068526632e-16,-1.979335232901698e-16,-1.1100426242501306e-16,1.0286111161577638e-16,1.0267869208649736e-16,-2.179477573362054e-16,-2.9729137942475636e-16,1.1842680509390067e-16,-0.0730592773786313,-0.09832364294204894,0.18711241919495206,0.01808359195543963,0.24842349029404012,0.22903341670527963,0.02079986632806892,-0.10415119201655641,-0.002367940067237752,0.19890850210257074,0.3474446191652881,0.2114990920848259,0.20962278476990892,0.2074520036107491,0.27400432959432863,0.22472111509137438,0.26485316136234893,0.20041559197853204,0.2530061531092883,0.26449101427932586,0.21836524087839979,-0.049755069701786066,0.12856849999039952,0.13163698146910557,0.1204618855172153,0.17038384813708574,0.05496673923405355,0.06551807114191281,0.05171345742861671,0.07748059757070641,,0.0076093327822654875,0.01220583356958934,0.11534975904344354,0.1742113956518367,0.16894173759108455,-0.04421971968487608,-0.10987749048338727,0.13439342177449762,-0.21142213050838374,0.1444532426705453,0.12469177199822029,0.10838890918276162,-0.1029156733814405,-0.10038566382770582,0.13574397868618027,-0.019553923325736525,-0.29981553082317386,0.08759555116085808,0.31591927819442317,0.24712553139380292,0.30649939873360826,0.5356173225254773,0.3039762822058792,-0.09106450783339973,-0.3607266034210561,-0.23729693817929376,-0.08989860214833773,0.13964218778652976,0.25226812714235963,0.2827763534490287,0.10331767201514125,0.0283615776736907,-0.020182353938447587,-0.2583382647621508,-0.25404300594630086,,-0.01642798932736136,-0.13288591541474917,-0.11766699495648268,-0.06737563333264254,-0.07512810997669075,0.10125224953093595,-0.18421626546513464,-0.37663451764066375,-0.37451360728590505,-0.35487186560971296,-0.321716596308413,-0.3639473692586089,-0.25333977476789077,-0.1564265381075511,-0.01284300305933951,0.197962549113289,0.19549218206551214
Principal component 7,-6.638904599304705e-17,-2.3548084101445814e-16,7.928884067578519e-17,-4.826863357696376e-17,7.219819186889577e-17,-1.9147860003135398e-16,1.7546092448844456e-16,1.0,8.220386281170692e-17,9.176841138961982e-16,-1.3315166876749224e-15,-4.618995219275257e-16,-2.1154768524255706e-16,-1.8321455781119928e-16,6.592481191354224e-17,1.3866518153645487e-16,-7.162205427557873e-17,4.575793498729014e-17,-4.4225487982130624e-16,3.026472610242549e-17,-7.758424177417382e-17,2.659413591988066e-16,1.442112597630536e-16,-1.5476460965348585e-16,-3.4532489204085314e-16,7.921142415661289e-17,-0.05326569872857997,-0.020518199310383723,0.006670124069815643,-0.072004798285578,0.08994115763318133,0.09244685206476702,0.007480146506135549,-0.08739299208888067,-0.012863523827613927,-0.002371853928851796,0.08355299297159453,0.06619894619468385,-0.053358793139691454,0.015592146154685012,0.11159995687471579,0.17315470186430743,0.08117634424738032,0.14457987461865499,0.09508825791798353,0.09035581050590251,0.09621335077458659,-0.01339980281942872,-0.06387006927643303,0.04456004673102732,-0.21185007043707213,-0.35388401187282514,-0.4024290683545078,-0.35582201844371447,-0.31551453613721414,-0.27375690161269073,,0.04629725104002137,-0.09645051700052017,-0.09926383954236513,-0.14686594486979218,-0.1260214485983311,0.0024041575308517086,-0.031539661846052176,-0.012518120942207235,-0.15088662437852712,0.009704681265993668,0.01226647803763421,0.06662034634733677,0.00398218443120562,-0.0991651191184108,0.064299368898892,-0.07467615857974205,0.12078080314642578,0.05085276844426171,0.41696429114508665,0.5365831900962518,0.23837002435298252,-0.029972946387687466,-0.1402766165733483,-0.20188298759425477,0.14714418308950378,0.27359135272934626,0.03115387592312144,-0.11266387832203077,0.1848832147823283,-0.4235562287783338,0.2591928893823443,-0.011014556284920471,0.2194630535892979,0.2645573282560839,0.13856049892040234,,0.018880514792850613,0.03865874026047865,0.06402898704703919,0.0034126808333163347,0.04872968495444438,0.04080784627768377,-0.009329304092702608,-0.08252108655825978,0.07107386303702565,0.16610546154758973,0.10532409740797134,0.02980469587735569,-0.025201077925121437,-0.06239185833593179,-0.2018427822165122,-0.037453889958160486,0.005077971826778028
Principal component 8,-4.583378723992216e-17,-2.6570878612079105e-16,6.063931575580219e-16,-1.0193612301210197e-16,1.975273865539899e-16,1.8791769499088402e-16,-1.426430630853927e-16,8.220386281170692e-17,1.0,-5.326777493914763e-16,7.724522650054421e-16,2.9892189627450063e-16,9.525651724398265e-17,-8.384278857591709e-17,7.355485760691689e-18,1.055266070485731e-16,4.349760124500008e-17,9.329590618487913e-17,6.819345444736355e-17,7.236177195502149e-17,-1.50755514990684e-16,1.3594146336230155e-17,-1.2927039596302363e-16,-2.825513303628793e-16,-1.7121254417541613e-16,2.0131355563233348e-16,-0.21918014438722247,-0.1980742840702952,0.0779279571384011,-0.05989828388489144,0.04813660965497252,0.029875174331450503,0.05094001348768081,-0.18869331462629962,-0.040045029033596136,-0.08533041649672392,0.04195536547245461,-0.0653482644199868,-0.06473001184117363,0.08505682273997756,0.08836446683094361,0.10033334301760513,0.11184490882176021,0.044747597443441214,0.1143475650815176,0.044860905033064606,0.028759559886581795,-0.1784328209853599,0.04088224131879087,-0.06481077130550733,-0.17390019096690348,-0.21089087986520724,-0.08370570641707702,-0.11069578203851504,-0.1000441918794951,-0.135423970995126,,-0.03550680539245426,-0.1476485468487631,-0.0008023651846917682,0.010188481748677949,0.0347089145847675,-0.01226888587086552,-0.09051628708625144,0.12208279833230515,-0.03382636887601002,0.19722534200625388,0.19507979642026688,-0.027909687025996506,-0.015697092210174745,0.0766998374837163,0.03072227846529991,-0.06362774270076962,-0.17000954570237248,-0.17896814270071915,0.04763802832725984,0.028324628252514517,-0.32186282377237474,-0.18536174311568093,0.2065112040107132,0.5684918649590018,0.2798859368320431,-0.15972878323677464,-0.05378497516775838,-0.030936173304895172,0.24758114429682693,0.017001188075816322,0.08095962849380386,0.12323851197994104,0.16383547614947677,-0.04452413710642999,-0.15102057729726928,,0.15210763261499702,0.025565991107841583,0.05507893429923715,0.08450135043303361,0.08157513038672842,-0.4299791890847885,-0.39757628864147815,-0.2990662586398577,-0.20169224584326764,-0.07542230479072148,0.07455346498596312,0.19207734968769075,0.3179244608140366,0.1961443034452173,-0.06950784256250081,-0.29972379855887316,-0.4200508253871649
Principal component 9,1.0421421319241969e-16,-3.00073266839016e-18,-2.373253133220179e-16,-3.297353661921014e-17,-1.3150532319849978e-17,-1.8822463302569743e-16,-2.5347307681594286e-16,9.176841138961982e-16,-5.326777493914763e-16,1.0,-6.051711415459774e-16,-1.613158701456093e-16,-4.651149890851554e-16,2.1973878955189572e-16,-2.7999734830680987e-18,-1.17680837003743e-16,9.062365068612848e-17,2.396075093508736e-17,7.431752003834241e-17,-3.267963238160976e-17,-4.720267892537886e-16,2.6006803527357757e-16,-1.5972467311150213e-16,-6.023776078719752e-18,-8.741479043683917e-17,-1.9808869187615557e-17,0.13074232428142088,0.12426675416152548,0.011297217726369843,0.09805962289793693,-0.040656423816254554,-0.026949946811326276,0.020859708165775485,0.090873614378239,0.11953275169702902,0.13815101555791606,0.07303537991208256,0.01733280913497821,0.08291497987011671,0.007743170683688992,-0.024462497632770884,-0.08258203422815195,-0.07228528563343387,-0.10582572540823972,-0.03339153020574466,-0.027971233167319247,0.04944459601455878,0.17669335030720312,0.20895412346308306,0.1114786081911603,0.10222856128712296,0.015497881617585656,0.00222951148453971,-0.02874699983274837,0.025331483965191484,-0.006409570173967754,,0.047291807185783206,0.2040331313676198,0.17524540834346491,0.16318852407755313,0.14303794916226759,0.006430347723311381,-0.011780086878547433,-0.0840733498094803,-0.06096627957466522,-0.11359943287375132,-0.11606188391676367,-0.09408526934529705,-0.008622681625817287,-0.0718232680128217,-0.018143554263760516,-0.09254823694293807,-0.19339557853538786,-0.2203153445842636,-0.19093806264366361,-0.20794233685007593,0.19160490760603444,0.4647447345647755,0.19895669488287068,-0.03843266817240824,0.49344942950854537,0.4871134405867185,0.0440093438509012,-0.07253607198312965,0.01587060694386065,0.021380103206218103,0.15951426700501853,0.09902096192855434,0.10851819627558792,-0.049185376554797745,0.001938066410544687,,-0.12049249335343826,0.014682976147861645,0.028656677716256743,0.011216211935261029,0.03252073388148189,-0.06560493846696087,0.012361845835767382,0.016856834179642947,0.01044281437796706,0.1582676375361974,0.18543394144611564,0.1382183334315966,0.09812895936532708,0.016350368220551637,-0.03187679311567198,-0.0702405406152555,-0.07457692377965991
Principal component 10,-7.141288063873715e-17,-4.2249179546360893e-16,-1.4616727714454074e-16,-1.268039524842599e-16,-2.7074833238012645e-17,1.4546477846958628e-16,-4.08150833841025e-17,-1.3315166876749224e-15,7.724522650054421e-16,-6.051711415459774e-16,1.0,-2.378809593490969e-16,-5.656741109280688e-16,5.24766191609942e-16,-1.3974417140036403e-16,6.999021194447297e-18,-3.558217374523141e-16,-4.1360559027877544e-16,-1.5570311082685235e-16,-1.0301123454698894e-17,2.241493935082597e-16,-2.4284922152325213e-16,-3.933412267668943e-16,-2.373483746916065e-17,-2.486464539311956e-16,-1.4502334440559415e-16,-0.19033163738845255,-0.14224151194293774,-0.045987326130075945,-0.07798652108046022,0.08638719751046525,0.07724604613557536,-0.03373010684422037,-0.1320882254976934,-0.13168119997579109,-0.1894795243667667,-0.20273240482565347,-0.09642651869559649,-0.11724677853734813,-0.13188498964689896,0.0010420404697588923,0.05584529981789371,0.02788306651578435,0.09692316588578452,0.08320401790593526,-0.004295363759348825,0.06941527185806218,-0.2410390126164062,-0.10359491116152707,0.023873381568631086,0.013967581887166904,0.10134880667854095,0.1587411333326497,0.2141432381230985,0.23969702925549527,0.2272899452405785,,-0.026871255822732636,-0.164910645635464,-0.11948653113414731,-0.13362429935804382,-0.10716529328693532,-0.08984764092916712,-0.10762836970194299,-0.0343278364783031,0.29083065267073516,0.1728289448772764,0.16209711506193408,-0.13940322710639425,-0.05735220173772682,0.24806998310929518,-0.06337866963768198,0.13751218767613124,0.1048301618040526,0.16804356974944867,0.13309519954192603,-0.15999030805353184,0.10254582128472567,-0.10134425654732035,0.037174760543396905,-0.11418315103113265,0.1847842728340297,0.02909832118610076,-0.12499566702292297,-0.003966686906699812,-0.17208251682971762,0.08694736556936726,0.5629970996115778,0.21551737103528304,-0.3331917978560511,-0.17323266639225945,-0.15728577077080533,,0.10596888557650246,-0.011827997206820678,0.004413917551436385,0.03889362467295682,0.012984999171629001,0.02502377253643348,0.07422117962085648,0.03882660708972512,0.013513273658815472,0.02507428922499887,0.0031496304688088065,0.03016881708737016,-0.00222789772449652,-0.04309565625908574,-0.09651770409831394,-0.14814606053738794,-0.0016943791463468097
Principal component 11,7.417471438237276e-18,1.9602379597629984e-16,-1.867105257491579e-16,-8.420674760677723e-17,-4.615875388414919e-17,2.066093294969339e-16,3.853961161462727e-17,-4.618995219275257e-16,2.9892189627450063e-16,-1.613158701456093e-16,-2.378809593490969e-16,1.0,-2.8581359317000456e-16,3.3248372629473615e-16,5.500370310176896e-17,-3.554076785600456e-17,2.7068039506416064e-16,2.661661110308345e-16,-2.7703311506446765e-16,-1.704279225675855e-16,2.7850829488940996e-16,-1.6114192281422387e-16,4.766456000304566e-16,1.3871287734347956e-16,5.5195975044434303e-17,-4.2190907853306434e-16,-0.08637297677725135,-0.1120219133287016,-0.009995670719068395,-0.035723945411709666,-0.024289546065617756,-0.025469749408547526,-0.05722604318500093,-0.08239826320014075,-0.019858542526799656,0.03848108909691105,0.001633871542720268,-0.10150316601349686,-0.18516473674213654,-0.16201025999125043,-0.17308829288770552,-0.16145231734538004,-0.16464935218426358,-0.10092910993809306,-0.08044814920262197,-0.11591492224388146,-0.15301321821159208,-0.06011142782731598,-0.15107762356286816,-0.18206965181182375,0.0240494835123152,0.06521880089500659,-0.004326772971172614,0.010847345073675298,-0.01126398763730497,-0.020815863797708625,,-0.0029573656759922322,-0.05821392339035657,-0.09243113708723362,-0.0825359282109069,-0.069467964284021,-0.06251528011894542,-0.050061215536140354,0.0941491373522372,-0.07565235666874244,0.07045295106443743,0.07014029516894577,-0.0785165901503576,-0.06588479458021151,0.02767647072450213,-0.009310498471274298,0.10212262242579775,-0.2081346130090088,-0.13283386163597263,0.1614427237319827,0.17054877155597606,0.1666332095265851,-0.0594209700298209,-0.40971331818928297,0.08999754726989183,0.18825807750147888,0.1322035261633959,-0.07765541584251812,0.11065378318148893,-0.05123686263397192,0.510112671536401,-0.16459023320417368,0.15441857247309068,0.22504336617798493,-0.005626000908806405,-0.06891929432322515,,0.058660658722705705,-0.08627426382986741,-0.10885573344213895,-0.08020845940535007,-0.12175181180379573,0.09674149389090275,0.16934736441903883,0.24056766299872023,0.15360118779561968,0.10130462576102446,-0.00014755399507215909,-0.14566301762955217,-0.13715381028068718,-0.21556531340120724,-0.12364240782688006,-0.09655778697607383,-0.02743184035342216
Principal component 12,2.4700104596841845e-16,-1.806750556384239e-16,8.430973872975292e-17,-1.209187649676148e-16,-1.9889791893507586e-16,-4.11279265878533e-17,-1.1134402352292162e-16,-2.1154768524255706e-16,9.525651724398265e-17,-4.651149890851554e-16,-5.656741109280688e-16,-2.8581359317000456e-16,1.0,2.491697670310297e-16,-1.177644702993393e-16,5.384875420241791e-16,-9.662795247706075e-17,3.165764994137167e-17,4.2575504494854235e-16,-1.0674386309785631e-16,-1.8825415568808885e-16,1.4325424151931385e-16,1.749651985687444e-16,2.5892598088618315e-16,5.83891369076607e-17,-8.489503811995515e-17,-0.14163120016778416,-0.13500390545525418,0.022669401656821915,0.033624460725290774,0.021712720816956632,0.013405052870388463,0.052977867462633096,-0.08522776023839942,0.01935340490257488,-0.007336840694406587,-0.008388831729141897,-0.09013346168043145,-0.1497508032684709,-0.02530132880630279,-0.061103186669918354,0.024221347902399534,0.07581850036299465,0.04648821647127555,0.03850605413462255,0.05984803350265218,-0.00011666543244065068,-0.10706845159113208,0.1035546162372178,0.01648997151720771,0.0758603695864861,0.08513161900132324,0.045832017400902765,0.07450593336733391,0.12153885688100388,0.03742733883306648,,-0.029905452400848728,-0.011301506622611125,0.1322021493971665,0.08987248685369631,0.1481359495574202,-0.08480618576509319,-0.09789734870181778,-0.0039866735052138365,0.024555865506102694,0.060670571559506274,0.04592911129754988,-0.07286202478348912,-0.08238980535600089,0.02821562419221541,0.006746680687566875,0.08381236420423824,0.041316367814581575,0.054721466099475084,-0.1742945360544721,0.08866764695988073,0.33685848477948344,0.09726631680407685,-0.16220730263389935,0.1921398896440273,0.18470263831048453,-0.3702524945664326,-0.12212670160459259,0.07517541823067533,-0.05085448581135352,-0.006705749873844239,0.007126744928021586,-0.0827678718769969,-0.1684446977796468,0.24225922096337082,0.5257426490363587,,-0.028316573647991873,-0.07053463067473068,-0.0588005758429632,0.01637333828596938,-0.016482215275813072,-0.14310875586653518,-0.17098328558329054,-0.10167192513068556,-0.06489023245592686,-0.022201289962985024,-0.026113944222540986,-0.006118542250303615,0.03018494632678468,0.046657886242187065,0.08427421883565561,-0.025865270512717562,-0.13128948201635277
Principal component 13,-1.7766956298531037e-17,5.420237345096841e-16,1.5713306488451965e-16,2.1385979425336103e-17,3.962879086713722e-16,4.2767765540029934e-16,-5.638598873044548e-17,-1.8321455781119928e-16,-8.384278857591709e-17,2.1973878955189572e-16,5.24766191609942e-16,3.3248372629473615e-16,2.491697670310297e-16,1.0,2.9287564843486213e-16,-6.129849314980881e-16,-1.8803690068547786e-16,6.175920508181518e-16,-1.7905943457199922e-16,2.131410049470779e-16,5.741840937851135e-17,-3.6864791248237203e-16,-1.3241979280743613e-16,-1.761935855761759e-17,8.059653395854742e-17,-1.3306772652622248e-16,0.2541157619015544,0.21641647178377682,-0.03475786184723243,0.2640467865131755,-0.010151575355392932,0.009513206521570212,0.07463850310138558,0.1287247546203117,0.30740985452783565,0.2597631172075379,0.18555231150371332,0.09764876404223902,-0.025149005324808314,-0.03774354667532195,-0.10957442088150918,-0.04439346021521697,-0.08229607763919056,-0.09003538350466385,-0.03254988622596923,-0.03809729546480154,-0.028426819407231373,0.3952178155275232,0.09001927355054351,0.08042462285874596,-0.031746525332156314,-0.13669363439198878,-0.21109974071657792,-0.17420779902000108,-0.2140324734160037,-0.19545814388214838,,0.1180454722272475,0.183124600812707,0.043112660276592205,0.03218318750551431,-0.02295844068297795,0.08387001580427804,0.08309401139935405,-0.016372940919414335,0.04035989938866126,-0.019289283053432724,-0.008152696362652256,-0.09693461676170403,0.049088227652637206,-0.17144982109330312,0.04485934969768624,-0.13707032043691442,-0.04734765354039733,-0.08110737765507689,-0.12278675272105147,-0.0681762795498226,0.3232204405071258,-0.2418954263270037,-0.18723898144404194,-0.006127451970983961,-0.04284780643176534,-0.32234933119590364,0.16879556161916598,-0.08685235855671651,0.06854650824247747,-0.0473254734580887,0.11200415647829182,0.22107991400510552,-0.06540623494846327,-0.1987245527748009,-0.16718739735532065,,0.04160885781774869,0.03522020272656979,0.018401097683175213,-0.09052327179876596,-0.03986549974983442,-0.07911777956540275,-0.08227545670467971,0.01761257305762724,0.006213918033229495,-0.03418004580455779,-0.02372783488928677,0.07440703440206982,0.11607865298184991,0.027898794344111213,0.018475097209441058,-0.03270418317999918,-0.0496180317451712
Principal component 14,3.235808393201597e-16,8.006606970087661e-17,-3.4808063208027366e-17,-3.4234789472969673e-16,-1.0592090391155085e-16,3.2936008831420796e-17,-1.6920348441429186e-16,6.592481191354224e-17,7.355485760691689e-18,-2.7999734830680987e-18,-1.3974417140036403e-16,5.500370310176896e-17,-1.177644702993393e-16,2.9287564843486213e-16,1.0,1.5450144579601423e-16,5.283995014654531e-16,3.8077439716959302e-16,-4.795766825045621e-16,9.745475767404647e-17,1.0188209605095147e-15,-2.3222080799000505e-16,5.506785409788617e-16,7.776371656316293e-17,1.1833584247789207e-16,-2.9398361964021275e-16,-0.0747047155242981,-0.018920893733197202,-0.03994273249723933,0.09794506188902656,-0.11783441517121378,-0.11172873458602707,0.036535901044324935,-0.054826324748875804,-0.01244486935235099,-0.011162479977551439,-0.003234730456858283,0.2177894689882647,0.19790444382357908,0.2189181567669831,0.18672024305555088,0.17244824047783336,0.21551019609522198,0.09755529199301624,0.19944463730562462,0.1807462010618696,0.17509661447697092,-0.04037713931254329,-0.10224631358436002,-0.06028072993724357,-0.049414518671438354,0.09177439645058504,0.11415126809729755,0.10224382677003675,0.06007652336855942,0.06355084212195901,,-0.020469501058232576,-0.09180528018368651,-0.11870980864716026,-0.14938424211459383,-0.1692573745292484,0.006609133404516917,0.00406055389200146,0.019639779260854626,0.12593593525723912,0.06152297137903181,0.07647131883825357,-0.10764488545419153,0.03794529392422143,-0.10003007795354382,0.19158047075587506,0.17095301789639888,0.18631086988836404,0.07912292225290805,-0.20026758489243932,-0.1536764705020429,0.17015470817212996,0.11496636970538698,-0.14312141888280422,0.09795125127448763,-0.11956297667578558,0.14455316313667388,0.0770671539111933,-0.15916791316720802,0.22585989487840594,0.006765426952619931,-0.12971162054919932,0.1482720225198032,0.040529653967422384,0.03590272421640451,-0.05245357065168153,,0.12400608031127272,0.028143519338775205,0.07937594504036001,0.02315513967892623,0.04868802278779239,0.08410695803657252,-0.03768992548106155,-0.10399644860778176,-0.00522240269130719,0.1027858014335944,0.23259536176949233,0.19442600888245015,0.09494954537917431,-0.04009237045633941,-0.1786523559849305,-0.06942531873158297,0.09354116563616725
Principal component 15,-5.022366232238005e-16,7.469741026330144e-17,-2.3002475325372955e-17,2.3940353981934863e-18,-1.6953993628157943e-16,1.237327254486416e-16,3.5667172699418753e-16,1.3866518153645487e-16,1.055266070485731e-16,-1.17680837003743e-16,6.999021194447297e-18,-3.554076785600456e-17,5.384875420241791e-16,-6.129849314980881e-16,1.5450144579601423e-16,1.0,2.637654691009868e-16,-1.3668791263295623e-16,6.988542617344615e-17,9.355203557198113e-17,9.499386916386332e-17,1.201416068222401e-16,3.5877507293922393e-16,1.4082823241532297e-16,5.054716347856567e-16,-2.2988291005253096e-16,0.24455482469703693,0.17495585367879835,-0.03209473509549805,0.2226151134377008,0.1360977518845027,0.16046892820142253,0.10431246804904702,0.08925876958165728,0.2486440190499666,0.14924214035482153,0.017348765363808336,0.11990499901195327,-0.038909705439680815,0.06956387828096548,0.05784518077206965,0.039889042249937924,-0.00718759789342626,0.008067496167450052,-0.07099789785762177,0.0034244571424094637,-0.013331356536075725,0.3458702338017659,-0.1889323584064588,-0.10437914693364328,-0.045430816172994055,-0.14397581459720063,-0.17678021177092992,-0.169736470661369,-0.14665766927634233,-0.16327894743313257,,0.14737029027336693,0.11056970188779089,-0.13033085372351066,-0.11463516041472352,-0.17744472382388585,0.1130541026431632,0.13420190455996117,-0.05403554555948589,-0.15442669605386952,0.05085408535762297,0.05608546736423761,-0.08675887863512795,0.06016107498275257,-0.11648085121260858,0.08948251739199005,0.1614317375294542,0.022969491793460476,0.20308101210344523,0.021557061355996766,-0.08885786209494256,-0.166271026503903,0.0788151971039114,0.032249049830449995,0.015517492168753196,0.09803163572739437,-0.02309233720035426,0.17281382727687983,0.03259140013332394,0.03906082391640744,0.19350139638338348,0.09355930495521414,-0.1626046699739225,0.010958013714925486,-0.09798234392298451,0.21327619511703982,,0.0657164324516801,-0.024245620318522038,-0.06095174515313025,-0.14498658093790762,-0.1113463125599014,-0.11042271788557324,-0.1436061641107905,-0.17166531613012426,-0.04050624102444017,0.10004875350368048,0.03612923125658342,-0.062314722871206894,-0.10922628601981894,-0.007870111068348992,0.0014791815900084175,-0.05448036512929538,-0.06208882489417893
Principal component 16,-1.6960297664935143e-16,-3.707267528991963e-16,6.917683410187393e-17,7.919711507369054e-17,-2.469519317614471e-16,-1.4054697109548008e-16,3.3106989736429595e-16,-7.162205427557873e-17,4.349760124500008e-17,9.062365068612848e-17,-3.558217374523141e-16,2.7068039506416064e-16,-9.662795247706075e-17,-1.8803690068547786e-16,5.283995014654531e-16,2.637654691009868e-16,1.0,1.4307385839307485e-15,-1.321074663380682e-15,-1.8166563567690448e-16,7.26980648361362e-16,-3.6904153758154484e-16,6.712191708049032e-16,6.576426489491103e-16,3.700527126785004e-17,-4.1358920745300605e-16,0.068985803354515,-0.020646577715555427,-0.022934819995416494,0.058076594456300784,0.13596507822479853,0.15052810691494214,0.1865482114110234,0.029574528974631885,0.08684488931692547,-0.20765546630774734,-0.11294394791791368,-0.0818282355295942,-0.02924720539814322,-0.07936284589093301,0.019203627323079182,-0.022942207709267096,0.04064956704180887,0.008686603721450907,0.06775860170803742,0.03840474324009076,0.14575780590146314,0.06535411415158751,0.04928199079126848,0.08177131238816782,-0.08532877348392179,0.02671001701955067,0.0099953568902544,-0.01109068799447782,0.015660931055752135,0.00804407473703625,,0.0370980421602143,0.00906162523305219,0.0311469091108707,0.03049090828610692,0.03799140237450217,-0.016094618714972392,-0.04472038846042851,-0.11204383720827624,0.13946312371114053,-0.01358226032142465,-0.019332388625639012,0.047182093165193104,-0.013643558740458351,0.03456438486083578,-0.02056007404408961,0.06134198395214478,0.1382846964503724,0.026000454274072594,0.13573963121966498,-0.11937983506679774,-0.1098056617324742,0.15207207541353418,-0.22988533265878155,-0.1605330860543092,0.221557480506335,-0.2532451449155933,-0.03641890637151204,0.04150408806353941,0.00036359260546425717,-0.11668623492857179,-0.17489546641151235,0.1445924889922707,0.11769290557691067,-0.07774985837857726,-0.11568005490601965,,-0.05265885514185583,0.0019794694753530475,0.010913606030657927,0.060741356727742016,0.038526109116847944,-0.04619639163715779,-0.08352719447086894,-0.119917477473083,-0.09488692717705947,-0.13483154705679898,-0.07107460820018462,-0.09700434241369539,-0.05839831786588485,0.009238232749815103,-0.0512221368132907,0.0385425625535541,0.0011489355266443425
Principal component 17,-4.741855022674112e-16,-1.9792049212310655e-16,1.8955346173898878e-16,-3.6758891959665076e-16,2.6434684843234156e-16,-1.6471731919614606e-16,1.976284094041498e-17,4.575793498729014e-17,9.329590618487913e-17,2.396075093508736e-17,-4.1360559027877544e-16,2.661661110308345e-16,3.165764994137167e-17,6.175920508181518e-16,3.8077439716959302e-16,-1.3668791263295623e-16,1.4307385839307485e-15,1.0,7.140613523763517e-17,-2.994134374708038e-16,-2.447230800985207e-16,-2.2270267719694305e-17,-1.4804898916390873e-16,1.0821348885714096e-16,2.0022534666892956e-16,-8.582558634782188e-18,-0.17231262569574826,-0.15360530309681927,-0.0701920191027568,0.0021234740547276722,0.34653186899743604,0.3855381985089872,0.1743649716395516,-0.08719353418677472,0.03353296671708191,-0.048663154069832994,0.05934890519386844,0.005969504505071513,0.05069758941222737,-0.018936181696987124,-0.0028119048933965716,0.012750623742217582,0.08020330143527465,0.01710958236613349,-0.003170933767695987,-0.021655095246238296,0.012779868106371304,-0.1859715532133857,0.0769342950334522,-0.07033933543639984,-0.11561957892669353,-0.11779264812373275,-0.12455898516837989,-0.10731510747741392,-0.10599767374388909,-0.08195516686592096,,0.2514625801166708,-0.09390031122261469,0.04675493841825811,0.04335479173848601,0.07136950069770981,-0.013161724821397859,-0.02497721880931484,-0.14335247243812002,0.08415743062502566,-0.05722144457885797,-0.057007094378493446,0.17562820902074489,0.0012438431433646733,0.02195240072722819,-0.12561147539616097,-0.09253596874938917,0.07487809798847168,0.08360399376098628,-0.05187464820008823,-0.03600967372120853,0.07617194125057859,-0.024276842982792566,0.032116421068410214,0.17347804305198966,-0.13392340742637598,0.13628860003069548,-0.05075511500758108,-0.004542586650820076,-0.07867405246695412,0.042569718776629156,-0.05290955427333358,0.04857202660354414,0.04435462915662461,-0.14406302403222804,0.05851474001682508,,-0.04218817540330737,0.03450518167541955,0.027447017832884935,0.06652400902947708,0.038085515385266715,-0.055225932236123876,-0.02938606045080154,0.05392948139235002,0.07019129171681833,0.042163066649417665,0.03534649286868312,0.015175992893211029,-0.1196421007334389,-0.16468228690635708,-0.0919765478542122,-0.008923434169222769,-0.0304909662313572
Principal component 18,-4.3977539295336735e-16,6.513957171990323e-17,-8.414118525912491e-16,3.4291522066968797e-16,2.6239095247517005e-16,2.0426605558052383e-17,-5.934744068526632e-16,-4.4225487982130624e-16,6.819345444736355e-17,7.431752003834241e-17,-1.5570311082685235e-16,-2.7703311506446765e-16,4.2575504494854235e-16,-1.7905943457199922e-16,-4.795766825045621e-16,6.988542617344615e-17,-1.321074663380682e-15,7.140613523763517e-17,1.0,3.693626033504498e-16,3.643852772841318e-16,-3.522980449998396e-16,9.223895180349892e-16,1.6666672538836503e-16,3.126088509302248e-17,-1.2403943896188187e-16,-0.16415967637895068,-0.13721157830210076,0.10006007434047491,0.07343620199497138,-0.2106911851124551,-0.21782287650625173,-0.030602036534715757,-0.13220935119974475,0.009163814408432044,0.04846361511276031,0.17668831612859576,0.13164512463863842,0.21702457502984446,0.21253299363893735,0.13430719661326104,0.10576747361983882,0.08634133649660637,0.05670198374273715,-0.058315403536586666,-0.09409313480551715,-0.015846133798841307,-0.15301251218201276,-0.10226730234419647,-0.13592516028480991,-0.08559231414652795,-0.13743742109589416,-0.1337635917575113,-0.13150138107450493,-0.11454983418072365,-0.10310681030981464,,-0.08393116139143676,-0.13437641515112583,-0.05856502397281085,-0.0017982952325794742,0.01904489365101068,0.07103703083679769,0.05850842803097661,0.12992674811548874,-0.09428878822077874,-0.15484738475801785,-0.1316425529005058,0.14067200110900324,0.07842806424319237,-0.1458680974151683,-0.1492206928874269,-0.038275472203847305,0.0869482161777407,0.02904841623552246,0.01596091299566385,-0.12445497641000333,0.004254354027110711,0.10487018907751773,-0.0409460192975554,-0.07891673442575714,0.007325033669803943,-0.11380173509012588,0.05906999969018148,-0.05887793184753429,-0.04527768488071811,0.03619753718027158,0.05866784414122312,0.01621511914184958,0.06348413515410856,-0.10629259853221339,0.05876970873745139,,-0.012322766689144308,0.08615388650241092,0.06050174231214401,0.03354819692262549,0.0381065982232511,-0.17969555300315015,-0.0420429289453512,0.15057136761669268,0.18971112896070272,0.016736624289531595,-0.07289253380523442,-0.09620356978694715,-0.11697419245129762,0.021866955688946567,0.08313432012028403,0.017526259228168254,-0.17822133747986588
Principal component 19,1.983429759227053e-16,-3.595602921323041e-16,2.185621201495336e-16,2.7483526246205454e-17,2.360180111480546e-18,1.589225797243536e-16,-1.979335232901698e-16,3.026472610242549e-17,7.236177195502149e-17,-3.267963238160976e-17,-1.0301123454698894e-17,-1.704279225675855e-16,-1.0674386309785631e-16,2.131410049470779e-16,9.745475767404647e-17,9.355203557198113e-17,-1.8166563567690448e-16,-2.994134374708038e-16,3.693626033504498e-16,1.0,4.503142296581305e-16,1.2105118037976237e-16,2.5183017890400134e-16,-1.3158995359839417e-16,-1.112351440705584e-16,6.869721426563577e-17,-0.007385969201048148,0.05209900428922617,0.06548654892635442,-0.12351342281627707,0.11380831215330253,0.1335009625695249,-0.09183225372151674,0.011650892321374381,-0.128768281684503,0.016610819684207054,-0.0740407581328064,0.006156437682292762,0.057814793879505076,-0.03008162293986867,0.06791390189266586,0.02866477770358936,-0.009263817280584523,0.015040061311512311,0.007610686322563519,-0.1706980214693088,-0.12293106511197253,-0.07820654912852017,-0.09700418024014937,0.09134547084561878,0.157868782919068,0.14958022052589207,0.11630950809081046,0.09792000222775299,0.180685984628325,0.14611057074159958,,0.13901022132707327,-0.03154684046320668,-0.06611398064261181,-0.02833153770131155,-0.06373599757061392,0.01667362820045225,0.04213367446670668,-0.022541124523813183,-0.11848669142214409,-0.10585515656914579,-0.10038058931037838,0.15354685976499105,0.022802675532365348,-0.001146216170657074,0.08371068989542538,-0.0061038918360333035,-0.0319761585450962,0.007702642001657202,-0.03390422510002685,-0.04684040134461118,0.018171359832158514,0.06349435931086433,-0.16613276533720256,0.20237396680168734,-0.006841475041661181,-0.08805599448378229,0.03394984857253422,-0.050307354554042207,0.04018776820220662,-0.07577283622252418,0.16838471916370282,-0.18910178549187695,0.15862727323676293,0.06542055127028512,-0.14380531084348463,,-0.07911652909463301,0.004624834777943989,0.023575658964074007,-0.019107554475909814,0.013643398407757605,-0.001112020286075995,0.1347099543827043,0.125545791199902,0.09002844634858383,-0.023452201014496337,-0.15195027616870865,-0.03401998756480374,-0.0060598390042735885,0.062124484533170696,0.07208085229467952,0.09103979678444678,0.03886646261123007
Principal component 20,2.2774953762414904e-16,-4.3608619049566295e-16,-2.4282617503384323e-18,-7.993019165538442e-17,3.2347205018588475e-16,-2.858341385039996e-17,-1.1100426242501306e-16,-7.758424177417382e-17,-1.50755514990684e-16,-4.720267892537886e-16,2.241493935082597e-16,2.7850829488940996e-16,-1.8825415568808885e-16,5.741840937851135e-17,1.0188209605095147e-15,9.499386916386332e-17,7.26980648361362e-16,-2.447230800985207e-16,3.643852772841318e-16,4.503142296581305e-16,1.0,-3.6571278065507845e-15,3.0707047250617263e-15,5.981649857924923e-16,4.230076601285614e-16,-5.996942460142894e-16,0.06182729774693025,0.09327213015653096,0.16861726217902887,-0.12689253927144226,-0.025548019814118382,-0.03374757571029898,-0.1833447423577539,0.0683203082331248,-0.170076675446671,-0.13251611260509816,-0.28007346061845456,-0.17581256518695743,-0.09286296068985589,-0.11081528301172247,-0.14815174934790198,0.057469655349971255,0.021563099816817005,0.11492811504152134,-0.01299379406961788,0.09790981472278637,0.09545017443802349,-0.014901772077120153,0.023860164147464513,0.12052259367055769,0.05612155747984959,0.12654298656769572,0.03655689263701958,0.01968418438948203,-0.024589514065943556,-0.05951992700930566,,-0.041204395549680604,0.03311117393952838,-0.02730193198906387,-0.06432643256650446,-0.06787832375724695,-0.0066475145468960165,-0.0032074301156934646,0.01931415983877161,0.06655198604497398,-0.13820185814640418,-0.13492419252608262,0.1658792201915841,0.0037342569150799086,0.024945906016609558,0.07723708127619379,0.02197727387696004,0.014807619844930118,-0.05462941313810752,0.03953491868923329,0.005493234875665822,0.015704001375659936,-0.06815922737861316,0.04995729239760605,0.09990221908821272,0.0025288222721828483,0.03702970932800839,0.005434599035592368,-0.05801441084737239,0.07528335781881285,-0.009410664260905666,-0.010473709372773796,0.0929552020559418,-0.022799707213962822,-0.20221128286448922,0.1619538961786821,,-0.1251208657057611,0.004951038959558522,0.027816342518547463,0.002279090882828614,0.018143205986857997,0.07047583106601468,-0.019846036122040032,-0.010344784827093664,0.04764367849117782,0.03513552182316142,-0.003348638651625456,-0.15638280938626295,-0.13231604453527873,-0.06259930563280496,0.0076357612009420525,0.04411714601679475,0.06367257764052427
Principal component 21,-1.8561254617091737e-16,-5.848499727923934e-17,4.0460491162615344e-16,6.206209083057466e-17,3.6442632455959454e-16,-8.687548708469269e-17,1.0286111161577638e-16,2.659413591988066e-16,1.3594146336230155e-17,2.6006803527357757e-16,-2.4284922152325213e-16,-1.6114192281422387e-16,1.4325424151931385e-16,-3.6864791248237203e-16,-2.3222080799000505e-16,1.201416068222401e-16,-3.6904153758154484e-16,-2.2270267719694305e-17,-3.522980449998396e-16,1.2105118037976237e-16,-3.6571278065507845e-15,1.0,2.9930661782486687e-16,-2.5363629581695943e-16,-1.908084907836724e-16,-5.165245406313148e-17,-0.06964153696930256,0.013403847746665637,0.008783302535716093,-0.13825269313797192,0.029517897858453605,0.04333823574543708,0.09204646387167066,-0.013242905911239724,-0.15902186829362627,0.029497984932954996,0.27934262960122963,0.153715598075062,0.05075666883370368,-0.10703940538086164,0.027399880431786244,-0.08050428027909812,-0.016210567580335507,-0.1016085710856308,-0.0072713568606055864,-0.20346136616614394,-0.1652299615787491,-0.13137889370021377,-0.026479999009818775,0.12539568696631165,0.08920930524108432,0.19061571587841164,0.12978999684800346,0.10064326441119256,0.08907611461007774,0.09300199859075507,,0.08587862086151432,-0.12345742150075042,-0.0851518314439218,-0.02739626792418419,-0.044652964252194526,0.050937249848515345,0.05047773015752347,-0.021296833125126424,-0.022876859774078134,-0.06893966845979446,-0.06046872812965847,-0.03897152917623866,0.05893175341621103,-0.004689873574829671,0.09039526848328083,-0.08953670095232438,-0.12952176615045327,0.1268837799679119,0.08135304012587362,0.0404693414352811,-0.07402094413339072,0.02870690088481372,-0.04583540011548636,-0.0495415706517148,0.0051370731246939555,0.018099949823303395,0.033252470069188446,-0.051552736943846614,0.05785307507770988,-0.01818798895960975,-0.059850083609043904,0.15888248081529063,-0.0894916435285234,-0.03393742687719833,0.1357078943632182,,-0.01191566691487845,0.011378585207927082,0.013289919894870258,-0.0309451559240814,-0.0128306563033379,-0.09592961034805761,0.0631936923961982,0.017820332505215204,-0.01310876678896615,-0.01637272426106981,0.05991276116831374,0.16032796676597078,0.12219328252780208,0.11643830498792129,0.09725321821859771,-0.0001319052128857106,-0.09086272708221331
Principal component 22,1.5735573454074546e-16,1.6768495157619753e-16,1.0623863403776995e-16,2.6191135010820832e-17,-3.0948045053660786e-16,1.8266468976333168e-16,1.0267869208649736e-16,1.442112597630536e-16,-1.2927039596302363e-16,-1.5972467311150213e-16,-3.933412267668943e-16,4.766456000304566e-16,1.749651985687444e-16,-1.3241979280743613e-16,5.506785409788617e-16,3.5877507293922393e-16,6.712191708049032e-16,-1.4804898916390873e-16,9.223895180349892e-16,2.5183017890400134e-16,3.0707047250617263e-15,2.9930661782486687e-16,1.0,6.243091966793924e-17,1.0343800007792844e-15,-1.4201230748687315e-16,-0.054953508287239515,-0.04945261877288936,-0.05026705261709581,0.06907751862572213,-0.013463942769960859,0.0027601375287313826,0.0066709665483689045,-0.06410598169744966,0.04603268010089551,0.043843919910064214,0.0011359657702984902,0.12676686818056895,-0.017693260380464326,-0.12788793361712184,-0.11666141928807594,-0.041796099798471584,-0.0819593478795705,0.07374222088399544,-0.14686197122357117,-0.014119226629277799,-0.028886124821774984,-0.011138600607701055,-0.004864192040096001,0.0612547106462327,0.1433837223800526,0.125801128304764,0.11877993868949717,0.09577427528577108,0.02512949890100111,0.04726410892960073,,0.0686731249675897,-0.06996861944217399,-0.02194566362534571,0.052122015002785516,0.053375008906493514,0.047045083935473145,0.02281566485986413,-0.026558075500506415,-0.0015614323584637617,0.032470370746428175,0.037761019108098884,-0.1116368687794905,0.03768072844440328,0.018579080142021732,0.11111461600079253,0.016249054757456693,0.046002110679344274,0.06860939043156991,-0.06863111504355396,0.005013348914805143,0.051782236553637014,-0.09586094352678612,0.20986059937710017,-0.08663627568416683,0.07374788672078948,-0.05309293088220344,0.04007975885906191,-0.012851163055659674,0.09727255553483477,-0.006614386446737087,-0.035420501438612376,0.04634951499833851,0.10567100532549169,0.0804767316996617,-0.03963472612458656,,0.06041502456112816,-0.0046044558434370445,0.004321855931867616,0.007415040830284578,0.010438277582286267,-0.11697613210871073,-0.049844394392722126,0.043549177898572135,0.16034117582717483,0.12160545096460518,-0.08866682777643477,-0.24668855549379118,-0.2533608936654287,-0.00619122357624319,0.07312948097303563,-0.0331938908237238,-0.04944100309494348
Principal component 23,2.0527257562444213e-17,4.476010000641956e-16,-6.637532958237248e-17,1.8432400540688943e-16,-3.733158683193224e-16,-2.233085085421572e-16,-2.179477573362054e-16,-1.5476460965348585e-16,-2.825513303628793e-16,-6.023776078719752e-18,-2.373483746916065e-17,1.3871287734347956e-16,2.5892598088618315e-16,-1.761935855761759e-17,7.776371656316293e-17,1.4082823241532297e-16,6.576426489491103e-16,1.0821348885714096e-16,1.6666672538836503e-16,-1.3158995359839417e-16,5.981649857924923e-16,-2.5363629581695943e-16,6.243091966793924e-17,1.0,-4.091793080069759e-16,-7.193134856932351e-17,-0.037830367641889164,0.010542477623512781,-0.07238876992331515,-0.13889845454543942,-0.11171582034037465,-0.11654496714361043,-0.162371993045989,0.0018175468126253582,-0.16723113693358735,-0.009101382556537337,-0.08528408186542862,-0.20257900152014072,-0.2576949507360744,-0.026048626013665765,0.06201007364566212,0.08461701416072225,0.017271761418275893,0.05929468763124002,0.008510444342573698,0.07812253587521738,0.05113005013889064,-0.09211526799934099,0.03813544075938891,0.1254944315131504,0.12497593323443866,0.03938249785335971,0.004064866639000422,0.01501705583170719,-0.020109890031834107,0.07218218560308902,,-0.023941880150847486,0.034747731070088536,0.08265691933141082,0.08374882425209172,0.061019362857361474,-0.002264289016377319,-0.015409180734846121,0.017646595160753977,0.04168748597920166,0.08234558099393142,0.08230747337167765,-0.1702930371682912,-0.0022509603609794614,0.13138464361718005,0.027043307272799636,-0.10880893607124686,-0.07904190603016806,0.11444703011994607,0.03610954135914573,-0.08141782933917409,0.0023933535733229898,-0.01367727589530995,-0.10461182415113532,-0.015115983891161904,-0.057158575417867376,0.014991392911769732,-0.03582056723759622,0.004164265531179965,-0.03348427202940022,-0.01512399898045797,0.031795264336214685,-0.054679789348381545,0.1375050067364864,-0.11332784794214161,0.04662301139454919,,0.07688365271343092,-0.01018326170434016,-0.0017439728091674948,0.0009278302022735402,0.006602627258487613,-0.021014786464248023,-0.03661895226956547,-0.1283759929648274,-0.008322651905005713,0.1980903021634912,0.17310233570397354,0.014203625712556399,-0.052784285775508574,0.02965229917494181,0.11230902514529784,0.05457374474946498,-0.0015591527203272267
Principal component 24,1.341402660518622e-16,1.572785101767942e-16,7.426979837968068e-16,-9.775167097325817e-17,-1.5238876407930551e-18,-1.5045502361002836e-16,-2.9729137942475636e-16,-3.4532489204085314e-16,-1.7121254417541613e-16,-8.741479043683917e-17,-2.486464539311956e-16,5.5195975044434303e-17,5.83891369076607e-17,8.059653395854742e-17,1.1833584247789207e-16,5.054716347856567e-16,3.700527126785004e-17,2.0022534666892956e-16,3.126088509302248e-17,-1.112351440705584e-16,4.230076601285614e-16,-1.908084907836724e-16,1.0343800007792844e-15,-4.091793080069759e-16,1.0,7.898278622427197e-16,-0.07399185852366721,-0.027975874431741553,0.016159920399131385,0.06337451949875414,-0.08264124757652286,-0.07893253801652644,-0.06584203152161919,-0.06569232129765878,0.0399093282842728,0.08012178621704227,0.056004337726556386,0.10258740402233014,-0.02228651935490886,-0.053633065244758305,-0.13250121828742703,-0.01860292723363482,0.03976328119302669,-0.1135082960238924,-0.020689491860966202,-0.044090257885717694,-0.14654740161162666,-0.04948011652082007,0.03760342950419312,0.05921855691468852,0.08711052667554409,0.04301745564243288,-0.002403013605562708,-0.031887976496544415,-0.01697013333968001,-0.029853380642407713,,0.024845392717739247,-0.019866700946867596,0.014321413236011197,-0.0005070109193895647,0.009577876567071847,0.04473355808021275,0.04303781810711614,0.021196421934232993,-0.016545610901255583,-0.04173852428345349,-0.03225356291346993,-0.0074020975482085825,0.04890567609380333,-0.005530710235654451,-0.02169162213199869,-0.08037426105256405,0.024749819174340187,0.06765360917272109,0.02577870043685199,-0.06163465258114115,-0.03530464623667468,-0.014363615893166195,0.03996812383529338,0.055742926657638504,0.07749435309131814,-0.08304449782368187,0.05048662359723529,-0.04918600821005271,-0.015163980468237652,0.010329786976396362,0.01270767584269019,0.0002796909315081962,0.02116532926201771,0.05625764792096084,0.016442420202054192,,0.01771025521534465,0.03768950196574908,0.027400338009025336,-0.020399693262126428,-0.010029604038900568,0.3066843191538205,0.012522921588179046,-0.11333339730810982,-0.1011655978753024,-0.01649925946430222,0.0013985830726652264,0.053412267012735,-0.05128583714551274,-0.2580113046406585,-0.2893611095651113,-0.0020152118245335233,0.2989158843130067
Principal component 25,-2.2106457374617422e-16,-1.7278046652516667e-16,-3.755213116493349e-17,-1.2442751414583488e-16,1.4514779142309297e-16,2.1387828579146826e-16,1.1842680509390067e-16,7.921142415661289e-17,2.0131355563233348e-16,-1.9808869187615557e-17,-1.4502334440559415e-16,-4.2190907853306434e-16,-8.489503811995515e-17,-1.3306772652622248e-16,-2.9398361964021275e-16,-2.2988291005253096e-16,-4.1358920745300605e-16,-8.582558634782188e-18,-1.2403943896188187e-16,6.869721426563577e-17,-5.996942460142894e-16,-5.165245406313148e-17,-1.4201230748687315e-16,-7.193134856932351e-17,7.898278622427197e-16,1.0,0.05111151300259311,0.054358356840702914,-0.0573532908036069,0.017958023472562576,0.037993529332914694,0.029732270288330878,0.05354345549021272,0.015977579779906867,0.01258608044723298,0.030839055110280938,-0.008413007892600605,-0.03208577310346071,0.028033084048064916,0.0942972865689383,0.11643802591800054,0.15646269852256775,0.027045629909654003,0.01918770533042789,0.13983648379543773,0.14480861126083056,0.03797434797772546,0.06026689852508225,-0.12804071503626932,-0.12700313781304076,-0.18309034711829153,-0.029696771657268858,-0.0035390936220880613,0.036277052358956854,0.050921758237482136,0.03849861848862816,,-0.0486355281740857,-0.020208055284607174,-0.0642324647026905,0.039143054875121694,0.010181233089937042,-0.050731604322165155,-0.004228930799994195,-0.012174724063385213,-0.036686967939482173,0.07746294104576223,0.07192288231852219,0.0026070697436842132,-0.04273389371767219,0.009174743833688189,-0.024573420789553702,-0.02687751195783715,-0.13675390465058448,0.01319584736948553,-3.1288741174777696e-06,0.005390118537403562,-0.022647095194852127,0.030166150048101095,0.07602158075890596,0.040198831534785436,0.050508566243360815,-0.1103907821320918,-0.0065340078951773035,-0.012744860805122623,0.0041879605472188814,-0.09390410827013931,-0.032525189079123204,0.03947815612310027,0.009294228455253396,-0.06556263083562741,0.06850420760250009,,0.02998912540426134,-0.014072907112497758,-0.008942268887542947,-0.0030059510907050426,0.003141895674521264,0.11642247710075447,0.12033399727909508,0.23577647444136576,0.2138958401035486,0.0710778945888756,-0.05182407854039308,0.0069132460469544564,0.039047441847352767,-0.07513050787125349,-0.05934632427461801,0.01085686640578963,0.15330786600390214
Spectral Centroid Overall Standard Deviation,0.6494214387727306,-0.3031203354988989,-0.0993608409123245,0.253915393901961,-0.04672966001120259,0.036578759052389845,-0.0730592773786313,-0.05326569872857997,-0.21918014438722247,0.13074232428142088,-0.19033163738845255,-0.08637297677725135,-0.14163120016778416,0.2541157619015544,-0.0747047155242981,0.24455482469703693,0.068985803354515,-0.17231262569574826,-0.16415967637895068,-0.007385969201048148,0.06182729774693025,-0.06964153696930256,-0.054953508287239515,-0.037830367641889164,-0.07399185852366721,0.05111151300259311,1.0,0.924822880203284,0.14594604533850752,0.1331658895766625,0.10032019958049558,0.13092647189790801,0.06954711019053647,0.9075665926775494,0.21847148684978435,0.12940844671796842,0.04936786262311609,0.06751407238991093,0.08834495506922048,0.1606178414973236,0.10754514819767363,0.10694783953151266,0.16748215777457665,0.15797533207207418,0.14550950992449854,0.17040891826205046,0.07397928175291932,0.7823890017529844,0.34321033132430234,-0.26661852950592435,0.059561001715981214,0.32797586534515305,0.41187612571637783,0.4535966141337103,0.44575497363993904,0.4556847078087649,,0.4021881989662288,0.7840106215661035,0.3872544876758175,0.21733364752716317,0.13125145127700083,0.6554173865154804,0.711643753288337,0.20313185135123535,0.013719910292775587,0.08031145910945148,0.12101370526004657,-0.08015976185093572,0.6626248610987316,0.17250332811110056,-0.6160232729643572,0.25719751036225263,0.02136962762029752,0.20035488408635788,0.23321245380923297,0.31176486648358054,0.0896941981237613,-0.033315230560932496,0.016014285940020186,0.06464677974103944,-0.006129644189109985,0.04726366812389182,0.7649530222839496,-0.5108613003348205,-0.39237717826609847,0.1807628838934769,-0.09653750640340672,0.18846786561073342,0.17577219771802657,0.22204432168617833,0.05331239064087181,,0.3268308684394434,0.6399596762984787,0.5588434624166955,0.43502172891684254,0.46702920304558915,-0.13473584101428662,-0.08385162407012046,0.005952126503022918,0.028998179500975146,0.06854541768886652,0.0009958883522007997,-0.03731553820359895,-0.06305344790666899,-0.009496682101490213,-0.005942667202412618,-0.09732625247507681,-0.09232357812988543
Spectral Rolloff Point Overall Standard Deviation,0.7664260826219175,-0.33555240964956523,-0.07042386666456993,0.10464636095827166,0.005087288216116428,0.053013491780708195,-0.09832364294204894,-0.020518199310383723,-0.1980742840702952,0.12426675416152548,-0.14224151194293774,-0.1120219133287016,-0.13500390545525418,0.21641647178377682,-0.018920893733197202,0.17495585367879835,-0.020646577715555427,-0.15360530309681927,-0.13721157830210076,0.05209900428922617,0.09327213015653096,0.013403847746665637,-0.04945261877288936,0.010542477623512781,-0.027975874431741553,0.054358356840702914,0.924822880203284,1.0,0.18307908200559037,0.07569608531001179,0.1212811154769862,0.1563768079423972,0.04154030548196743,0.9309023662128199,0.1449857927157181,0.019190895652518972,-0.036706185876408705,0.003688328491270029,-0.005827538016368373,0.09896638241100457,0.03797132331319095,0.07559893855816113,0.1414855751129792,0.09248429990095458,0.1107434645175135,0.11420609548399831,0.006406109940896169,0.6981210315480377,0.3954664349728025,-0.34816722718850013,-0.008627696811083036,0.3312408807230191,0.4195213392786217,0.48100803722743873,0.476492862125424,0.5059534735488462,,0.500061119851997,0.7914315171795103,0.4424806824306384,0.21412910284307365,0.13619116951450913,0.7094297910649074,0.7837935125770735,0.2532535817515092,0.06671113475033819,0.13877653144893232,0.1889726849264876,-0.1165976181313162,0.759350655883567,0.2762677888285114,-0.6790577189562872,0.3343504498737982,-0.02186561997445776,0.2154552275583712,0.21565559481323804,0.3579155474709207,0.07926663689918316,-0.003582066306197698,0.042348538363903655,0.06067142003866066,-0.09080429817892724,0.031563211045095976,0.8551125523747709,-0.7025147250696354,-0.39553884518560123,0.21668690439229604,0.005734135220923716,0.2922500184797963,0.24938268954278114,0.3178266648870937,0.13801430963646516,,0.434923830297332,0.7779688447944854,0.7235288608496737,0.5640026685471418,0.6117556476986574,-0.06358827728130093,-0.026441359296418276,0.035877573652807866,0.04614264818707677,0.08288743324812675,0.02742633170970615,0.028638409095126632,0.008315417036596525,0.058431873107040504,0.0644506848935557,-0.01503328262875796,-0.014812250304538187
Spectral Flux Overall Standard Deviation,0.5141918796780669,0.5958620457185788,-0.28303326482922114,-0.08875815064173823,-0.3756706598924424,0.14087993831971876,0.18711241919495206,0.006670124069815643,0.0779279571384011,0.011297217726369843,-0.045987326130075945,-0.009995670719068395,0.022669401656821915,-0.03475786184723243,-0.03994273249723933,-0.03209473509549805,-0.022934819995416494,-0.0701920191027568,0.10006007434047491,0.06548654892635442,0.16861726217902887,0.008783302535716093,-0.05026705261709581,-0.07238876992331515,0.016159920399131385,-0.0573532908036069,0.14594604533850752,0.18307908200559037,1.0,0.2365691287162752,0.6916812378763817,0.6630719719654268,-0.11175853692235317,0.18452778554587607,0.05596775819804751,0.15755800582269416,0.1081634029971446,0.07084155935142314,0.07316788743741098,-0.10060531803052963,-0.13858586673071704,-0.16986979143167816,-0.16166872111105884,-0.19588424189871695,-0.2156525559593396,-0.2389271345774177,-0.23160544399212077,0.11980819711106312,0.4523908733096132,0.08155871499641519,0.10820142671004811,0.08278926192781001,0.011368454960353828,-0.024694536419296694,-0.05015595623828023,-0.06377020657523061,,0.6554751077572812,0.3965602689015897,0.49925428359859236,0.44469416302279247,0.4729911635619294,-0.11436892394336345,-0.03259660473245935,0.8793478127540132,-0.35485675748299056,0.680660390216943,0.679243568873527,0.08948225712444004,-0.024676526661953895,0.23972689787558024,-0.05282066176694358,0.26481110262799534,0.3491085125983741,0.35562798268020945,0.14415501127477118,0.01910194923584769,-0.012165178742253561,0.10563871457399002,0.0036337448275693637,-0.029968924307218682,0.13668652094906883,0.0989813288049704,0.053889363767967706,-0.24557560990824687,0.015585139499996847,-0.12712831063858704,-0.2119970396208448,-0.08455125561893531,-0.1091661566373164,-0.17027543324493227,-0.10654302336645603,,0.5596284679762157,0.07638630920667912,0.15734986996216582,0.14057460542970995,0.1741867366230949,0.2796801274986131,0.3627791269390023,0.3958049313246579,0.43556247802802717,0.34965424825816577,0.3323937670916302,0.25427850388344125,0.27567778239054797,0.2728821470244233,0.1961738099130566,0.23429817990877994,0.21763457880343462
Compactness Overall Standard Deviation,0.12011814531610904,0.2571753866352369,0.19392503893698704,0.1371117299995206,-0.23157686297796334,0.1928721314865175,0.01808359195543963,-0.072004798285578,-0.05989828388489144,0.09805962289793693,-0.07798652108046022,-0.035723945411709666,0.033624460725290774,0.2640467865131755,0.09794506188902656,0.2226151134377008,0.058076594456300784,0.0021234740547276722,0.07343620199497138,-0.12351342281627707,-0.12689253927144226,-0.13825269313797192,0.06907751862572213,-0.13889845454543942,0.06337451949875414,0.017958023472562576,0.1331658895766625,0.07569608531001179,0.2365691287162752,1.0,0.11311261146466224,0.12523343112767477,0.1632783521476277,0.03324430830142966,0.8505438242497625,0.42173157265219213,0.25898901796263785,0.27076454041562087,0.23066057069480173,0.17895497851366277,0.009224940445254291,0.06503904484107173,-0.0046704285398795125,-0.057786832102455825,-0.011746535953480998,0.016237411427645527,-0.04102507734067001,0.5749362685711064,0.2820677439612015,0.008445550310776189,0.010436891418969889,0.013033950132331263,-0.03782169036693042,-0.057975625698362634,-0.08631562756405395,-0.13362181863068776,,0.16171543607434716,0.3326762405755487,0.34282395872318877,0.37420349040079204,0.3748401393891821,-0.16437051527902502,-0.10879414346462397,0.1274197386157287,-0.21453309934322484,0.02185066308852088,0.023489674156033175,0.08620571809418699,-0.15995552582433917,-0.4913330705278097,0.10047867642833867,0.23780519373652892,0.27765794451521664,0.2249669602949438,0.0027028618436265722,-0.10710731845668187,-0.07413952104229186,-0.07869763576876534,-0.08745795162956292,-0.02332129534062864,0.07107454413483641,-0.01439256728370875,0.07762397762712317,-0.07394582090315176,0.09866429366769754,0.06763495586110785,-0.0107734046821647,0.04166686504235357,-0.032597167845389095,-0.08863759363248179,-0.04157993415822876,,0.008166713392868539,-0.10568913472593268,-0.05183219389538267,-0.06381768611688345,-0.040727624575929454,0.12875198509742394,0.1345702041131253,0.23173363932681593,0.2787438351303074,0.24241092766119457,0.26263434253884255,0.17978866279266545,0.18290993344344744,0.10113576487204876,0.02469979867837702,0.04503022323323783,0.07704515960384078
Spectral Variability Overall Standard Deviation,0.3834035987511809,0.33673007206569494,-0.29642931926975113,-0.29885138390463123,-0.4335583287953687,0.10102142287237835,0.24842349029404012,0.08994115763318133,0.04813660965497252,-0.040656423816254554,0.08638719751046525,-0.024289546065617756,0.021712720816956632,-0.010151575355392932,-0.11783441517121378,0.1360977518845027,0.13596507822479853,0.34653186899743604,-0.2106911851124551,0.11380831215330253,-0.025548019814118382,0.029517897858453605,-0.013463942769960859,-0.11171582034037465,-0.08264124757652286,0.037993529332914694,0.10032019958049558,0.1212811154769862,0.6916812378763817,0.11311261146466224,1.0,0.9946036434896396,0.0463061083227528,0.13617547268792088,0.011389149191974052,0.011180278041940906,0.028254189927206214,0.008559410792789506,0.018319450002987233,-0.13223326147853245,-0.08433801646028587,-0.10898759893683853,-0.04423925931602465,-0.06792481044729144,-0.07309071371636583,-0.12194730556270629,-0.07176964160674214,0.04646325561428797,0.2867029473317898,0.07643002294250492,-0.004542322714217985,0.022896654720801567,-0.02885772514388535,-0.0298656971923657,-0.021308170153175446,-0.008504112004038908,,0.7095786590394707,0.23008593200600574,0.3014774667395825,0.2573619874773198,0.2727642130175375,-0.029153315259305555,-0.008893326441033887,0.5917205774954414,-0.12036428482791688,0.6964859913354179,0.6801673065772611,0.13009505870045707,0.006287163334831503,0.3399900375091419,-0.0975498576205545,0.11119235490278699,0.130431866032878,0.18327590676302907,0.03821845430222875,-0.002326487129766526,-0.037878786233758996,0.09900358355212313,-0.0497537932124165,-0.18872275397547134,-0.013905400924205212,0.07210761996884613,0.03645381635040352,-0.13935907013884455,-0.0002884034871811002,-0.07958596167910217,-0.00791761930607441,0.032774159325695655,-0.008367930848213597,-0.05050612012523239,0.05087712529631202,,0.4990362759429707,0.08433540477591406,0.12113910338119058,0.1361956580358874,0.14436820191250485,0.2027251673202528,0.19827353149815977,0.15933276520516207,0.1656912367915325,0.07618738133214081,0.054613334306894024,0.03694267676109446,0.05662010853953543,0.054442095248819794,0.012624567242243675,0.14316705910612823,0.18246510704215596
Root Mean Square Overall Standard Deviation,0.39953824299653445,0.30487500294902525,-0.29900455612631716,-0.29407966272578456,-0.41340084879787997,0.10332029574673998,0.22903341670527963,0.09244685206476702,0.029875174331450503,-0.026949946811326276,0.07724604613557536,-0.025469749408547526,0.013405052870388463,0.009513206521570212,-0.11172873458602707,0.16046892820142253,0.15052810691494214,0.3855381985089872,-0.21782287650625173,0.1335009625695249,-0.03374757571029898,0.04333823574543708,0.0027601375287313826,-0.11654496714361043,-0.07893253801652644,0.029732270288330878,0.13092647189790801,0.1563768079423972,0.6630719719654268,0.12523343112767477,0.9946036434896396,1.0,0.0629762344198464,0.16794635211417103,0.03434969237524209,0.00398125839509446,0.020960846994797933,0.013159114832385138,0.018311814355314694,-0.1334025529152473,-0.08333541407155103,-0.11033940215357005,-0.03897961285329131,-0.06300875079790057,-0.07154486427415721,-0.12045802070172647,-0.06969804956908099,0.07457950149677336,0.2836711831661925,0.06286351398753956,-0.0028468062389388144,0.03161244580028741,-0.01924715654211577,-0.0167816439543627,-0.009084754791086318,0.007728231578834671,,0.7486230027082329,0.24556816887251054,0.29764737941795066,0.2443061969322478,0.2558209893171533,0.010358158112949621,0.032863014275940065,0.5646565181436429,-0.10771628186540966,0.6731416691561544,0.6609875809614881,0.11524236187692745,0.046436255794749214,0.3403822290807947,-0.12454513448404363,0.1110243936176817,0.12975924008756026,0.1828239518335584,0.038034249628520506,0.006133522251624486,-0.026002825081660567,0.10356933136887157,-0.05106358746170286,-0.17993367678553338,-0.017099739156601828,0.07441946061271368,0.08047468526574805,-0.1669926501794183,-0.025304632240539582,-0.06903851665369774,-0.007536457148146672,0.051464288881786315,0.014469419939650095,-0.03400771973937321,0.06081694034162777,,0.5037767249532049,0.11830014035804151,0.14855229711262666,0.15079642111110825,0.1611608002387714,0.1870382745259219,0.18560222522535835,0.15132214203834085,0.16292527929793377,0.07734497337277303,0.050159304643410625,0.03215332606486893,0.04490830511368539,0.052286490756027544,0.012953209841464369,0.14085143679911402,0.17558867479302592
Fraction Of Low Energy Windows Overall Standard Deviation,0.019484956491920398,-0.06446033176395599,0.1963863333321018,0.19826784484641088,-0.03453953802466552,0.14239481408959218,0.02079986632806892,0.007480146506135549,0.05094001348768081,0.020859708165775485,-0.03373010684422037,-0.05722604318500093,0.052977867462633096,0.07463850310138558,0.036535901044324935,0.10431246804904702,0.1865482114110234,0.1743649716395516,-0.030602036534715757,-0.09183225372151674,-0.1833447423577539,0.09204646387167066,0.0066709665483689045,-0.162371993045989,-0.06584203152161919,0.05354345549021272,0.06954711019053647,0.04154030548196743,-0.11175853692235317,0.1632783521476277,0.0463061083227528,0.0629762344198464,1.0,0.07017373025894368,0.13464640948063009,0.23559491386678705,0.2286778294448738,0.20658214573516204,0.18029932784319197,0.19267736552659467,0.15381747059132203,0.25598420488568113,0.15823169306351428,0.0466152464323653,0.15737991897716877,0.1348284663893261,0.13967266659299463,0.11098925519807569,0.12824802341043112,-0.05689498171012039,-0.024454742125666104,0.05391696351360879,0.06465872943351127,0.0433014340842478,0.03862131995998708,0.010319672380018408,,-0.024934215993095688,0.10787461150309176,0.12095811226430166,0.14408822440773192,0.1459591473018028,-0.007894043412264653,0.00363157415766019,-0.1735577637443428,0.023660354796290146,-0.17187796237126335,-0.1739345695672166,0.13461194733973844,-0.02068484512764018,-0.2975466451366745,-0.0341199661683954,0.1445947179190844,0.07852604223873451,0.08919381684941322,0.12707225503997313,0.043475203871647314,-0.05789680346738785,-0.06613543371130844,0.012220190954404327,0.0693000170860365,0.024672046651046584,-0.09937216653533389,0.018584815053580145,-0.006805308077492557,-0.0045813040041439,0.07633520610294454,0.008282587895191136,0.12916999607059518,0.06445043610726622,0.0626005234419778,-0.0009297601252160808,,-0.15825127994330346,-0.009900914733438706,-0.008043323559343764,0.011588670043798122,0.0028966482597606058,-0.13913147542086038,-0.10638985589453377,-0.018095815327910308,-0.021888762835686908,0.018743900195966046,0.10157066856201462,0.11649029195313416,0.08889212858106182,-0.008013514646209731,-0.04138421267581402,-0.10326859908934836,-0.12890627745006789
Zero Crossings Overall Standard Deviation,0.7660123819284493,-0.3680897569718362,-0.14424321203450974,0.21655635299840922,-0.010013928631586353,0.10536832690719986,-0.10415119201655641,-0.08739299208888067,-0.18869331462629962,0.090873614378239,-0.1320882254976934,-0.08239826320014075,-0.08522776023839942,0.1287247546203117,-0.054826324748875804,0.08925876958165728,0.029574528974631885,-0.08719353418677472,-0.13220935119974475,0.011650892321374381,0.0683203082331248,-0.013242905911239724,-0.06410598169744966,0.0018175468126253582,-0.06569232129765878,0.015977579779906867,0.9075665926775494,0.9309023662128199,0.18452778554587607,0.03324430830142966,0.13617547268792088,0.16794635211417103,0.07017373025894368,1.0,0.11667595725377856,0.04945234460486957,-0.04161677518226321,0.005580465816988004,0.059222243374623604,0.14234380631437374,0.1031053963939015,0.11325352307109711,0.2073892614139166,0.1722476632550414,0.17553219285632773,0.16760633085726856,0.06984677241402787,0.6161557781489175,0.3900277768029907,-0.29541167536694946,0.0814057585086783,0.4405862052351181,0.5317612037109074,0.5880321004975579,0.5717350776071625,0.5996705844132681,,0.4762646250765527,0.7877256118694896,0.44163376672883226,0.18420240802808682,0.13769322730593817,0.7227665295044395,0.7933556252897953,0.26149604359825024,0.10709050108082778,0.14005568125299087,0.1866362322194842,-0.08499631092095447,0.776084661213207,0.3238610520489153,-0.767313077681514,0.3062248671475789,0.032390116458820596,0.19828934031519468,0.2581361201930175,0.364396442551719,0.09740229404592271,-0.02849668859921125,0.0656467931720417,0.1278764761297616,-0.06288412771674967,0.03252958506450832,0.8229125165651446,-0.630808213966545,-0.535258098132184,0.22218251105260858,-0.09460660808361658,0.29128262545361816,0.2419604670988578,0.3254971606835671,0.12012244255999265,,0.42085416368164547,0.7712098939963901,0.6855559355989932,0.5562182317948222,0.5755212153814678,-0.14524557760517606,-0.08668989315634695,0.015350444114072466,0.02013019652184614,0.06968505892121214,0.01340042303390716,0.002655186247481985,-0.01871026576836791,0.04299877095315753,0.05336258607691938,-0.07784807420545592,-0.09908488315552386
MFCC Overall Standard Deviation 1,0.1309355504727195,0.13095365173917664,0.21799358167840885,0.1873004527330939,-0.045181932243934485,0.12251721500446212,-0.002367940067237752,-0.012863523827613927,-0.040045029033596136,0.11953275169702902,-0.13168119997579109,-0.019858542526799656,0.01935340490257488,0.30740985452783565,-0.01244486935235099,0.2486440190499666,0.08684488931692547,0.03353296671708191,0.009163814408432044,-0.128768281684503,-0.170076675446671,-0.15902186829362627,0.04603268010089551,-0.16723113693358735,0.0399093282842728,0.01258608044723298,0.21847148684978435,0.1449857927157181,0.05596775819804751,0.8505438242497625,0.011389149191974052,0.03434969237524209,0.13464640948063009,0.11667595725377856,1.0,0.3362736206939364,0.2264326780449948,0.1886053745438341,0.1438253288402659,0.13771552847011712,0.012281197285945665,0.025834885391020825,-0.02729053683693622,-0.06669342382388253,-0.02104243605061015,-0.017728711820075013,-0.08420579178232993,0.7061677168091404,0.28340157307712877,-0.06652334449597071,-0.07572104429561208,-0.0686627354351866,-0.06620003923505312,-0.07578411481989464,-0.07708181332940592,-0.11616039340157772,,0.11151250689333377,0.34574309888941934,0.2993221120298105,0.30824375328627646,0.29567915874650996,-0.0555987072782248,-0.0073083445950378415,0.002259917476409226,-0.26879017438885844,-0.08781185478500106,-0.07900537067924084,0.03283747999430473,-0.052290392071119685,-0.48438189611135307,0.00020812403941498648,0.21731521399852188,0.18423970815545562,0.19285632274712708,0.10098063749285899,0.027840906036481174,-0.0038113725658409513,-0.05222312188757526,-0.026349220402700258,0.06619651483926578,0.08240388500070125,-0.059382073192992046,0.1715309427392456,-0.10886333377428244,0.05788967801067208,0.09306459504653453,-0.012692250069169443,0.03470993370325924,0.015317243008747504,-0.05454308899315078,-0.05827452440854742,,-0.0326069288227257,-0.014340592458299533,0.021223831248533376,0.005916804533345157,0.02594916178089612,0.04503697873230753,0.05848711586331757,0.13719609863148569,0.18743134622008906,0.1926775877528851,0.1983769516692642,0.14435377592039192,0.1531493510412471,0.09529814661056636,0.04352255322260876,0.008019706259486756,0.009370880184343794
MFCC Overall Standard Deviation 2,-0.06296517366707051,0.19839983633715255,0.2758550229902975,0.4421802777548663,-0.3092647546854812,0.42774689789739023,0.19890850210257074,-0.002371853928851796,-0.08533041649672392,0.13815101555791606,-0.1894795243667667,0.03848108909691105,-0.007336840694406587,0.2597631172075379,-0.011162479977551439,0.14924214035482153,-0.20765546630774734,-0.048663154069832994,0.04846361511276031,0.016610819684207054,-0.13251611260509816,0.029497984932954996,0.043843919910064214,-0.009101382556537337,0.08012178621704227,0.030839055110280938,0.12940844671796842,0.019190895652518972,0.15755800582269416,0.42173157265219213,0.011180278041940906,0.00398125839509446,0.23559491386678705,0.04945234460486957,0.3362736206939364,1.0,0.6153209295057658,0.5959035814558228,0.49665038626514896,0.3938234647212299,0.33487018037746535,0.31509005051173294,0.13719814193957952,0.11360049713823717,0.16292063023506767,0.17766385478074012,0.14061000851587277,0.30322460143888136,0.2572104744095,0.2849218285414086,0.2594777768496174,0.19044965736829134,0.0631860730070199,-0.0013220157595280264,-0.03957444680537207,-0.06407786897613102,,-0.08077176531559203,0.346337890256792,0.30594802809544286,0.37855908911224206,0.37626068249374994,-0.26868573331701645,-0.21502624117825753,0.008487840669839377,-0.2988488286156671,-0.21185267781008119,-0.22974896909693102,0.278617440849518,-0.3119994056092116,-0.6189381883668137,0.2413128816377465,0.1084933649586305,0.24529956162490033,0.14006568088535948,0.17533091452474583,0.016002163912731873,-0.023872435421357707,-0.15166092968462996,-0.0028099189524578468,0.074758648617967,0.023825859957435986,0.03787342860369023,-0.1519209759154904,0.18097675216086154,0.05493246247637344,0.10376308278419771,0.02542977735661593,0.012113321765359295,0.08223405051867616,-0.09720856706629775,-0.09908533237234482,,-0.3140089668037255,-0.32854528913607034,-0.30845403165158564,-0.3026092986437361,-0.2902888798370053,0.06435513516933963,0.11783049623400066,0.18395717167463174,0.20364666280012247,0.3059955521936334,0.2799193425196348,0.19081322851997848,0.11111120210815989,-0.010440138070756827,0.030872030515941572,-0.01681366547345684,0.009928764187617324
MFCC Overall Standard Deviation 3,-0.0038128122809672218,0.09956076518674854,0.3560336281698212,0.3761633332823663,-0.3648350318876463,0.021610681634119916,0.3474446191652881,0.08355299297159453,0.04195536547245461,0.07303537991208256,-0.20273240482565347,0.001633871542720268,-0.008388831729141897,0.18555231150371332,-0.003234730456858283,0.017348765363808336,-0.11294394791791368,0.05934890519386844,0.17668831612859576,-0.0740407581328064,-0.28007346061845456,0.27934262960122963,0.0011359657702984902,-0.08528408186542862,0.056004337726556386,-0.008413007892600605,0.04936786262311609,-0.036706185876408705,0.1081634029971446,0.25898901796263785,0.028254189927206214,0.020960846994797933,0.2286778294448738,-0.04161677518226321,0.2264326780449948,0.6153209295057658,1.0,0.5668891903295556,0.5013561548549625,0.408730361008998,0.387108385516671,0.3416882674316049,0.27766673562904104,0.15093034526493398,0.25411015788387237,0.21999960660673348,0.1385550531307939,0.16681614822728424,0.34883092676052724,0.036330501988951144,0.0947775456878946,0.1105103066665307,0.05266585521691493,-0.018389972799720367,-0.014199518369953028,-0.03852216948782425,,-0.09786922874443581,0.19759282219212546,0.34495820196901855,0.4732919489713405,0.4565006378587602,-0.1166600484564389,-0.13231851861424704,-0.00509438533117116,-0.3090982763104107,-0.21293787378868076,-0.2225590847857869,0.2285597151850717,-0.17096544900691926,-0.5420660931800744,0.1625513184872401,0.07995603545360093,-0.04196912463847333,0.21539203327144432,0.18246691774105142,0.182029911882706,-0.06293313798219498,-0.10340524300083105,-0.13365796230001195,-0.011588992108652822,-0.007450475983753538,0.038921569224988926,-0.07531414220786396,0.07617952349899047,0.28940389795528765,0.13791359129345512,0.04141185352191471,-0.056890094889507636,-0.05726381573663956,-0.1161230774016519,-0.13967592486168343,,-0.26715626832101325,-0.15586127821605078,-0.11183891107963762,-0.05431554198044916,-0.04472094645136766,-0.07470436594739784,-0.003246076740414945,0.056320098145696135,0.08093496881348491,0.07564876222115888,0.0866067095795689,0.03898926535596949,-0.06481012167444895,-0.17974089615021815,-0.1806754967830317,-0.13089207729272326,-0.10781183226086669
MFCC Overall Standard Deviation 4,-0.11062797110775034,-0.012853759707875514,0.06326133547429308,0.3813373228860971,-0.3175271807431922,0.36960193286177223,0.2114990920848259,0.06619894619468385,-0.0653482644199868,0.01733280913497821,-0.09642651869559649,-0.10150316601349686,-0.09013346168043145,0.09764876404223902,0.2177894689882647,0.11990499901195327,-0.0818282355295942,0.005969504505071513,0.13164512463863842,0.006156437682292762,-0.17581256518695743,0.153715598075062,0.12676686818056895,-0.20257900152014072,0.10258740402233014,-0.03208577310346071,0.06751407238991093,0.003688328491270029,0.07084155935142314,0.27076454041562087,0.008559410792789506,0.013159114832385138,0.20658214573516204,0.005580465816988004,0.1886053745438341,0.5959035814558228,0.5668891903295556,1.0,0.6363569295955088,0.4929029291734995,0.5166625923454877,0.3708659959090625,0.3415005749302175,0.27460809140203835,0.3498173923253528,0.33741744155554443,0.31188787272093677,0.13293097928986808,0.0391857633468922,0.2873060923686783,0.35613919949525485,0.25395205148590555,0.1773459628067251,0.1104680689293833,0.09335690001141074,0.05662536352472835,,-0.043769268760967026,0.10849885169208559,0.052787646418145026,0.08714824373123843,0.07582763543558141,-0.08299906983169751,-0.0673022084556669,-0.039459702593367715,-0.06272636461638827,-0.17125306077155908,-0.17988732458386772,0.14866297599384562,-0.13269620802664966,-0.44742144954395086,0.16022324641154811,-0.033768253358594014,0.23215156643173868,0.04320414041434335,0.12660711622131035,0.001134976671346589,-0.0261357592541018,-0.10027311215001107,0.05133096498099384,-0.00890327072540252,-0.06728260760079358,0.07072103793447765,-0.056123396340177316,0.17492638505519784,-0.028125747511607898,-0.017756532618886878,0.014544421173415444,0.09172261666402405,0.10559826019236096,0.01911848624468177,-0.06538891135983932,,-0.21779011890985198,-0.20915279745451845,-0.24340064166210007,-0.3002875262149178,-0.2805924517275667,-0.09134781471707587,-0.08427418348229362,-0.041113148299475655,0.0031939062524311097,0.06270552787477143,0.07714364465388132,0.028713958914528683,-0.06653907606030465,-0.1541951226861189,-0.14868769208566673,-0.13208663133843881,-0.10353269122080672
MFCC Overall Standard Deviation 5,-0.11197346750776771,-0.11126639969661889,0.05208163453809701,0.3832455397943883,-0.4448163891459008,0.24926927171310528,0.20962278476990892,-0.053358793139691454,-0.06473001184117363,0.08291497987011671,-0.11724677853734813,-0.18516473674213654,-0.1497508032684709,-0.025149005324808314,0.19790444382357908,-0.038909705439680815,-0.02924720539814322,0.05069758941222737,0.21702457502984446,0.057814793879505076,-0.09286296068985589,0.05075666883370368,-0.017693260380464326,-0.2576949507360744,-0.02228651935490886,0.028033084048064916,0.08834495506922048,-0.005827538016368373,0.07316788743741098,0.23066057069480173,0.018319450002987233,0.018311814355314694,0.18029932784319197,0.059222243374623604,0.1438253288402659,0.49665038626514896,0.5013561548549625,0.6363569295955088,1.0,0.6617999114806371,0.5866545930818331,0.4837945113129955,0.4216535836463019,0.380537147190772,0.4739917008402455,0.39863496993111003,0.4421996084973736,0.09485671268334013,0.07034514318207093,0.2776411602038918,0.27528342878421647,0.36022991374706576,0.31665851905858583,0.2336284339290033,0.21226192691576468,0.1764515734193041,,-0.12454437756016754,0.09033841615397144,0.07005330561785868,0.1183735311878491,0.12703046529481288,0.007438501513173367,-0.009318095502826688,-0.06222886139997217,0.031449502800702175,-0.22495697556777974,-0.23507006161509242,0.2802754220691113,-0.06396149978515206,-0.43463148049724565,0.048024819051244026,-0.11452968304584527,0.12878073349184302,-0.05588264999491862,0.02972758837648839,-0.09289787190910806,-0.10686528308520638,-0.0924597904779492,0.01554755476688112,-0.05027605052464325,-0.08908440653118758,0.16602927937641135,-0.022905849105988994,0.1881856211551588,-0.027052981754556657,-0.012703520724555209,0.00020623369550424247,0.04260072938336648,0.0730929931918847,0.014997907386321944,-0.06416969803168728,,-0.2849504457329083,-0.13907161568160664,-0.19201263319254527,-0.19870484426040513,-0.19867531883168774,-0.1531289670696387,-0.09313914643809766,-0.021790753631130123,-0.07138629385833883,-0.1006373278353901,-0.06924447924228073,-0.08700791030639045,-0.16444468719106595,-0.24953422184130464,-0.2602494868346012,-0.2466658596962396,-0.19750931512467454
MFCC Overall Standard Deviation 6,-0.07742322836464971,-0.3741742201754498,0.07101982601742877,0.4218168205471113,-0.3839155566335797,0.2057836299571471,0.2074520036107491,0.015592146154685012,0.08505682273997756,0.007743170683688992,-0.13188498964689896,-0.16201025999125043,-0.02530132880630279,-0.03774354667532195,0.2189181567669831,0.06956387828096548,-0.07936284589093301,-0.018936181696987124,0.21253299363893735,-0.03008162293986867,-0.11081528301172247,-0.10703940538086164,-0.12788793361712184,-0.026048626013665765,-0.053633065244758305,0.0942972865689383,0.1606178414973236,0.09896638241100457,-0.10060531803052963,0.17895497851366277,-0.13223326147853245,-0.1334025529152473,0.19267736552659467,0.14234380631437374,0.13771552847011712,0.3938234647212299,0.408730361008998,0.4929029291734995,0.6617999114806371,1.0,0.7534767676185643,0.6635781256910791,0.5983566555790694,0.5571630574008676,0.6144884455462137,0.613134522887801,0.557223913065147,0.1531479906839358,-0.0017234085807729686,0.09898194658590126,0.255412894880427,0.33065191691754253,0.3511426523099309,0.3034645127317011,0.3230372373906494,0.31097363544865186,,-0.23628024145584706,0.10812049926769689,0.03790410527441341,0.037970866525292864,0.02753154429182523,0.20175921908568917,0.16728540879014966,-0.15982729222680692,0.05934855487456173,-0.2505276861807098,-0.25462356590200214,0.14254944435224773,0.10353440199276527,-0.386923527013583,-0.10581320415466192,-0.1323773097460713,-0.023318626195563668,-0.11668857888652033,0.0787882048444092,0.07124686745987736,-0.09696653989189381,-0.1402439469580833,0.003313669560727973,0.07489122896444099,-0.13167162673875862,0.06153475149671729,0.1317184922119609,0.14311601181194117,-0.08393849707027301,0.09345040284958259,0.09322742912084378,0.10587101795519614,0.19242756788296678,0.16893791941460076,0.07693065282060137,,-0.26619059480413626,0.0021526090844624164,-0.09020546215316405,-0.11688717452562153,-0.11560647861801458,-0.3445302703779124,-0.3709382670993082,-0.2722456305753151,-0.26417789156501653,-0.19894525765840035,-0.14812360683310102,-0.1819814507493798,-0.2320719690635642,-0.3544144654968996,-0.3791218824217328,-0.4224507894699312,-0.3862397754189035
MFCC Overall Standard Deviation 7,-0.12248782121851358,-0.39454317382731124,0.029304182133003835,0.4521619652610863,-0.3550267595122934,0.16960689463181522,0.27400432959432863,0.11159995687471579,0.08836446683094361,-0.024462497632770884,0.0010420404697588923,-0.17308829288770552,-0.061103186669918354,-0.10957442088150918,0.18672024305555088,0.05784518077206965,0.019203627323079182,-0.0028119048933965716,0.13430719661326104,0.06791390189266586,-0.14815174934790198,0.027399880431786244,-0.11666141928807594,0.06201007364566212,-0.13250121828742703,0.11643802591800054,0.10754514819767363,0.03797132331319095,-0.13858586673071704,0.009224940445254291,-0.08433801646028587,-0.08333541407155103,0.15381747059132203,0.1031053963939015,0.012281197285945665,0.33487018037746535,0.387108385516671,0.5166625923454877,0.5866545930818331,0.7534767676185643,1.0,0.7042674546205272,0.6777435298937933,0.6309329505230669,0.7005154249653365,0.6358362532347738,0.5876744158198961,0.032238300076552026,-0.0889543517370132,0.16565288004019776,0.2582758371375119,0.35240289482137416,0.3736699782130143,0.339556630505245,0.3721115820270625,0.361838133033065,,-0.23553115139380032,0.009481070908217674,-0.05219926264393198,-0.03941735656646063,-0.04646198964924646,0.190367118630256,0.1398310365868173,-0.2103281665374961,0.09331920295140632,-0.24158151158506733,-0.2493257213354028,0.13736806398697698,0.09428490080294406,-0.30626578926237297,-0.07296215497033379,-0.17924683811256953,-0.06110649119874857,-0.08002359783504788,0.17598507119252457,0.12861454060854693,-0.06893033137315395,-0.10129637440707027,0.005801485104542526,0.028901474621308126,-0.10116381498825665,0.07070412780667504,0.07435620520801163,0.19039598455448167,-0.0949658011617262,0.031181134560911393,0.14362766441534297,0.08381995640449623,0.16361457250592534,0.13266773379753635,-0.0015232526290372538,,-0.28023151370971755,-0.026468116026582902,-0.12187918528536024,-0.13879697770221475,-0.1413579190027321,-0.4075869517093799,-0.3877527749636161,-0.3513334102417749,-0.3139383916422801,-0.215100912109165,-0.18303723381503323,-0.20084981129292181,-0.29081988454774743,-0.3696729523699806,-0.39475100426238363,-0.42758915306968515,-0.40141795927693213
MFCC Overall Standard Deviation 8,-0.08428584098406158,-0.4417834617645721,0.11406359426228219,0.43088261952834084,-0.37610055868302633,0.13236380991286104,0.22472111509137438,0.17315470186430743,0.10033334301760513,-0.08258203422815195,0.05584529981789371,-0.16145231734538004,0.024221347902399534,-0.04439346021521697,0.17244824047783336,0.039889042249937924,-0.022942207709267096,0.012750623742217582,0.10576747361983882,0.02866477770358936,0.057469655349971255,-0.08050428027909812,-0.041796099798471584,0.08461701416072225,-0.01860292723363482,0.15646269852256775,0.10694783953151266,0.07559893855816113,-0.16986979143167816,0.06503904484107173,-0.10898759893683853,-0.11033940215357005,0.25598420488568113,0.11325352307109711,0.025834885391020825,0.31509005051173294,0.3416882674316049,0.3708659959090625,0.4837945113129955,0.6635781256910791,0.7042674546205272,1.0,0.7385133533472891,0.6899460946045922,0.7317448513597842,0.6878789967955738,0.6267496866569023,0.055949544784945855,-0.030462571974858882,0.11531538682546547,0.235770360363324,0.34716393001553825,0.35578256173173706,0.33767470706090696,0.36814871524030196,0.31916737282146257,,-0.2605089701047859,0.0474347853586544,-0.005722153018573485,-0.017924983927587734,-0.015615039045077758,0.21279350807836517,0.15866647631799918,-0.23457583084553973,0.1773322875092837,-0.2713199851620773,-0.27673077118933803,0.1930526621702479,0.12550882789006607,-0.33346737513130403,-0.09647680304401646,-0.1178729270527907,-0.0811459481068942,-0.06422033475899143,0.19458528110980844,0.16306823309930718,-0.052425209076335536,-0.2279237315838904,-0.04021852677705228,0.04795193131909335,-0.10395343061431948,0.030717097442830885,0.1253793721774235,0.09089923298035635,-0.05478775065090119,0.06255755136579448,0.22914766343782714,0.128619517654042,0.15286087752646776,0.2019998790183274,0.09329720255541286,,-0.28940391322099634,0.03502158465160957,-0.041633575192285346,-0.06450378914966057,-0.06403416613182894,-0.3669415537892173,-0.40524568451297016,-0.3273782957921446,-0.2866248750122838,-0.2270280794476585,-0.21368035434923413,-0.2601397444974445,-0.33425004897407695,-0.44353466837608707,-0.4468489856561851,-0.44649151682497307,-0.39280917784581815
MFCC Overall Standard Deviation 9,0.01166901933903957,-0.5667643661559089,-0.0032061443477195686,0.3230350536180566,-0.3669574412578538,0.04208810349332467,0.26485316136234893,0.08117634424738032,0.11184490882176021,-0.07228528563343387,0.02788306651578435,-0.16464935218426358,0.07581850036299465,-0.08229607763919056,0.21551019609522198,-0.00718759789342626,0.04064956704180887,0.08020330143527465,0.08634133649660637,-0.009263817280584523,0.021563099816817005,-0.016210567580335507,-0.0819593478795705,0.017271761418275893,0.03976328119302669,0.027045629909654003,0.16748215777457665,0.1414855751129792,-0.16166872111105884,-0.0046704285398795125,-0.04423925931602465,-0.03897961285329131,0.15823169306351428,0.2073892614139166,-0.02729053683693622,0.13719814193957952,0.27766673562904104,0.3415005749302175,0.4216535836463019,0.5983566555790694,0.6777435298937933,0.7385133533472891,1.0,0.7445767818176177,0.7680638122577254,0.6722716948121459,0.5919051524638441,0.04124391896392907,-0.01587328387875228,0.03771825502396125,0.2194273910088488,0.40951428025279885,0.4318590715103558,0.44330538290735344,0.47392233674395046,0.4561476171706952,,-0.15957695960331286,0.053992572504741196,-0.006912012596430671,-0.0736544816341511,-0.06654364698311714,0.3916829480006357,0.30701592817777806,-0.18126082364418375,0.24640579963231796,-0.18865233364959322,-0.18587119968172347,0.1491030775369059,0.29881779061665237,-0.14757802162354297,-0.256696146896254,-0.15710984219857752,-0.1951191918368627,-0.11727918748628512,0.11220742006233062,0.16123116532769666,-0.011943507925043027,-0.12729142405740007,-0.03823326037800815,0.04064106277477305,-0.16427052389434196,0.01224786808843465,0.2545970951804646,0.01620708910245435,-0.12163013202462798,0.12962795963764123,0.16960633468461545,0.19775710328228563,0.16270955535244838,0.28399526331696706,0.15667844186540705,,-0.16247929013052131,0.1963224637249088,0.08861078880882747,0.06941746662970802,0.05372835194817882,-0.4308356536830664,-0.51254279017022,-0.45196743823567737,-0.4486028924660628,-0.39221967897984894,-0.3549584384038654,-0.3590970784211206,-0.3920379604432438,-0.49267730023758755,-0.5076152891873366,-0.4874170793529478,-0.42010177929954545
MFCC Overall Standard Deviation 10,-0.08954839499309317,-0.5852183012272865,-0.1042767333029066,0.3283196359206073,-0.39217894225577404,0.04136902802533171,0.20041559197853204,0.14457987461865499,0.044747597443441214,-0.10582572540823972,0.09692316588578452,-0.10092910993809306,0.04648821647127555,-0.09003538350466385,0.09755529199301624,0.008067496167450052,0.008686603721450907,0.01710958236613349,0.05670198374273715,0.015040061311512311,0.11492811504152134,-0.1016085710856308,0.07374222088399544,0.05929468763124002,-0.1135082960238924,0.01918770533042789,0.15797533207207418,0.09248429990095458,-0.19588424189871695,-0.057786832102455825,-0.06792481044729144,-0.06300875079790057,0.0466152464323653,0.1722476632550414,-0.06669342382388253,0.11360049713823717,0.15093034526493398,0.27460809140203835,0.380537147190772,0.5571630574008676,0.6309329505230669,0.6899460946045922,0.7445767818176177,1.0,0.7095317496199862,0.7213991314409917,0.6627313039770752,0.011737650980230024,-0.1661992189959916,0.13205749255864627,0.3003685885048312,0.39174774009242797,0.3944753491244893,0.43575789220619277,0.46038328804141077,0.4623428530394197,,-0.18617236338399484,-0.053227458668593436,-0.15735550153347028,-0.18942918460642974,-0.18172980396670027,0.38125078558089814,0.2933285613364226,-0.21444787984586666,0.29386282734078323,-0.1831914655312512,-0.1856735718100938,0.10217072234910292,0.2675291439685149,-0.10342666330467132,-0.2116758114460186,-0.27517020482501203,-0.185259543764454,-0.2082993587720494,0.11299407932480401,0.14836062617305723,0.013457621181407236,-0.19426729435638201,-0.06693544564498752,-0.029889955821296877,-0.12316615800847022,0.07837530016871004,0.20418029116070666,0.14027361993778653,-0.18432222286923816,0.05348161183850722,0.18954697994565473,0.15746094844627317,0.13388553065337738,0.2965109212214395,0.15939467460108458,,-0.18206893246456332,0.11601790511309262,-0.02380931732370443,-0.04672799333623809,-0.06597959195078944,-0.4768991590072619,-0.5265254209814392,-0.4248071256991896,-0.4113727748246493,-0.3676178851033787,-0.42766767306555487,-0.49928313546586583,-0.5214632839588519,-0.5359454291808411,-0.4975732380375756,-0.540703741887095,-0.47911139477269116
MFCC Overall Standard Deviation 11,-0.07823867543410551,-0.5878143697678562,-0.015745799664268527,0.34898326176393984,-0.39490413437464394,0.08360743766659784,0.2530061531092883,0.09508825791798353,0.1143475650815176,-0.03339153020574466,0.08320401790593526,-0.08044814920262197,0.03850605413462255,-0.03254988622596923,0.19944463730562462,-0.07099789785762177,0.06775860170803742,-0.003170933767695987,-0.058315403536586666,0.007610686322563519,-0.01299379406961788,-0.0072713568606055864,-0.14686197122357117,0.008510444342573698,-0.020689491860966202,0.13983648379543773,0.14550950992449854,0.1107434645175135,-0.2156525559593396,-0.011746535953480998,-0.07309071371636583,-0.07154486427415721,0.15737991897716877,0.17553219285632773,-0.02104243605061015,0.16292063023506767,0.25411015788387237,0.3498173923253528,0.4739917008402455,0.6144884455462137,0.7005154249653365,0.7317448513597842,0.7680638122577254,0.7095317496199862,1.0,0.7768518400986537,0.6909982418342445,0.036887858012125206,-0.0728602896427361,0.13784532022813203,0.25080414841902604,0.43324140955042983,0.4591671047529079,0.45725664479698613,0.49807414070401784,0.4697127224101224,,-0.232834393293273,0.004031376612271718,-0.07783566625934751,-0.12553836048498265,-0.12426842150412878,0.3360971628439515,0.25457290514315956,-0.24906671673574693,0.3133451513624811,-0.19548034732140923,-0.20134134059391381,0.10748370103382635,0.23380427977959012,-0.16286622298699469,-0.19126463339211894,-0.22576969173591108,-0.2401322758722975,-0.20790450616628733,0.10558967538020052,0.15554248921933475,0.000511019444804888,-0.16906728781325012,-0.08459573158118035,0.019995076381569037,-0.11075129989215746,0.04756271183255874,0.18625874158024566,0.1106934621777802,-0.1439272391096878,0.1164798652929415,0.1989591782297617,0.23590274788822654,0.17985704012978285,0.2728096999992854,0.10677757510410003,,-0.21963571318421493,0.10728028958974004,-0.00984537558917715,-0.03198096068164688,-0.04766007715643253,-0.4265261923938316,-0.4724168733510673,-0.4307410594765968,-0.4870270188678604,-0.43564268788462135,-0.38293421809630196,-0.34732396181026715,-0.3559619996670586,-0.514394807663768,-0.548220661757493,-0.5432437796057665,-0.42776573456404093
MFCC Overall Standard Deviation 12,-0.10999002256589517,-0.5644837000099532,0.019846316188381,0.3239849020487044,-0.3671617737320919,0.07100857787916036,0.26449101427932586,0.09035581050590251,0.044860905033064606,-0.027971233167319247,-0.004295363759348825,-0.11591492224388146,0.05984803350265218,-0.03809729546480154,0.1807462010618696,0.0034244571424094637,0.03840474324009076,-0.021655095246238296,-0.09409313480551715,-0.1706980214693088,0.09790981472278637,-0.20346136616614394,-0.014119226629277799,0.07812253587521738,-0.044090257885717694,0.14480861126083056,0.17040891826205046,0.11420609548399831,-0.2389271345774177,0.016237411427645527,-0.12194730556270629,-0.12045802070172647,0.1348284663893261,0.16760633085726856,-0.017728711820075013,0.17766385478074012,0.21999960660673348,0.33741744155554443,0.39863496993111003,0.613134522887801,0.6358362532347738,0.6878789967955738,0.6722716948121459,0.7213991314409917,0.7768518400986537,1.0,0.7562233516928221,0.0797181493985741,-0.0775866896752017,0.11860189705370637,0.24457202136281975,0.37282569393402865,0.37059746924821235,0.3890662170325457,0.39060306467127925,0.39831024950438126,,-0.27246189182673053,0.03656329504551859,-0.057671060626210253,-0.08729395432143591,-0.0982213768264523,0.3003623589122371,0.22552018468118978,-0.28451784997576773,0.3324809359085239,-0.2152491790371523,-0.22475357465277285,0.07877748878077612,0.18687411953161306,-0.1809880308388486,-0.13909577781942603,-0.2053425543993072,-0.22114455425603868,-0.22680080978896722,0.05338415307014317,0.16675049915915854,-0.0009399086907231753,-0.14833335120138066,-0.028009511296231675,-0.032536321646655104,-0.14772228445401217,0.034317024428034484,0.15778124901418616,0.1445367736304744,-0.1074889495956159,0.12132264498390716,0.15976535896774297,0.18978661758079468,0.15736706318740337,0.25514296341762915,0.15235720806647143,,-0.2556711997732409,0.07027961720504922,-0.04130827896554226,-0.05182793725154164,-0.06793222224324334,-0.36576894676441485,-0.5285133279913057,-0.4733676663962301,-0.45538637078266847,-0.3520667792991873,-0.33265755728542784,-0.4230574645073769,-0.4380266239059982,-0.5300051568544399,-0.5160688043405828,-0.47997728383420024,-0.3484330659929997
MFCC Overall Standard Deviation 13,-0.22335670324746235,-0.5138124326893738,-0.050252065723140484,0.21386767010613938,-0.3739103863883047,0.14000892799376954,0.21836524087839979,0.09621335077458659,0.028759559886581795,0.04944459601455878,0.06941527185806218,-0.15301321821159208,-0.00011666543244065068,-0.028426819407231373,0.17509661447697092,-0.013331356536075725,0.14575780590146314,0.012779868106371304,-0.015846133798841307,-0.12293106511197253,0.09545017443802349,-0.1652299615787491,-0.028886124821774984,0.05113005013889064,-0.14654740161162666,0.03797434797772546,0.07397928175291932,0.006406109940896169,-0.23160544399212077,-0.04102507734067001,-0.07176964160674214,-0.06969804956908099,0.13967266659299463,0.06984677241402787,-0.08420579178232993,0.14061000851587277,0.1385550531307939,0.31188787272093677,0.4421996084973736,0.557223913065147,0.5876744158198961,0.6267496866569023,0.5919051524638441,0.6627313039770752,0.6909982418342445,0.7562233516928221,1.0,-0.015005846812596719,-0.1705494839418134,0.2658799627181083,0.24360578754508858,0.3089626543368773,0.30091158204484897,0.2792860568979079,0.31351904706893574,0.3089178112457181,,-0.2700410500565783,-0.08118606763595536,-0.1714942682602195,-0.18717467504621035,-0.19343619344419222,0.20714762421240807,0.12213755731536202,-0.30927540523711394,0.4083878218288778,-0.20233408792097823,-0.21777650655579783,0.10571778273663777,0.0927188652111214,-0.16747781191436736,-0.06647729228634341,-0.30061905978436315,-0.1631921879852986,-0.33060810851520867,-0.027391814644284126,-0.0035557413945874763,-0.015626923739611928,-0.09290089545377399,-0.022040950973728567,-0.1417687176782028,-0.11592191863423582,0.07503372938289331,0.04608572539530573,0.22818119447509078,-0.1151698613526219,0.0261853333339104,0.20598506146651605,0.22408205001499135,0.18294246405027054,0.20847797770269996,0.14531178585439147,,-0.2877349186110689,-0.027463950382385218,-0.1404523453497348,-0.15519472763435585,-0.17063358294583486,-0.3801314166466746,-0.47969594568154794,-0.44854860671631785,-0.4675317914817402,-0.40581055541684974,-0.32378476903886255,-0.3786953036340651,-0.4102536969737508,-0.46937613172909975,-0.4643539947401662,-0.4203671737048149,-0.3676631129585022
LPC Overall Standard Deviation 1,0.4633728941882487,-0.08770733849911695,0.15537430270027616,0.19472301564978925,-0.07413491908399261,0.08440411109125716,-0.049755069701786066,-0.01339980281942872,-0.1784328209853599,0.17669335030720312,-0.2410390126164062,-0.06011142782731598,-0.10706845159113208,0.3952178155275232,-0.04037713931254329,0.3458702338017659,0.06535411415158751,-0.1859715532133857,-0.15301251218201276,-0.07820654912852017,-0.014901772077120153,-0.13137889370021377,-0.011138600607701055,-0.09211526799934099,-0.04948011652082007,0.06026689852508225,0.7823890017529844,0.6981210315480377,0.11980819711106312,0.5749362685711064,0.04646325561428797,0.07457950149677336,0.11098925519807569,0.6161557781489175,0.7061677168091404,0.30322460143888136,0.16681614822728424,0.13293097928986808,0.09485671268334013,0.1531479906839358,0.032238300076552026,0.055949544784945855,0.04124391896392907,0.011737650980230024,0.036887858012125206,0.0797181493985741,-0.015005846812596719,1.0,0.40698057154124423,-0.2268633086382662,-0.059180452368790375,0.10318374021620906,0.15918759420439582,0.17269863306709682,0.16364067631763213,0.14737834838133296,,0.2804067039398296,0.7263184186369556,0.43765634170051004,0.35725387712914175,0.26888728353728625,0.3336603545373299,0.3932522613343638,0.10463637786602892,-0.15746166182489701,-0.02132802215778199,0.0065717228870825145,-0.02344495631727788,0.32918004392095596,-0.22984817386607626,-0.295533244840779,0.32092573162811683,0.06975933135560831,0.2244507326733017,0.1620042238256289,0.20478794279830226,0.007810409213753001,-0.06027369299465943,-0.05065697353604455,0.01482011599985291,0.01631503661980909,-0.002389811016948741,0.5606378306631502,-0.39935801832258316,-0.09693393182083332,0.18500087887763328,-0.012275764014486542,0.14673176865932575,0.13888928372552187,0.11956778624092586,0.025968207219544463,,0.14751656344891917,0.3582582321809634,0.353560532107369,0.26490254631266696,0.3106817861690467,0.012193712645252265,0.03144519788974273,0.10455967126702839,0.1507597482189072,0.17994122254008088,0.14645210614689472,0.0772084806009371,0.07702185896038001,0.06943387364722382,0.04409088222517295,-0.0026724115950620443,0.014658638872742717
LPC Overall Standard Deviation 2,0.640856160063258,0.26940953064476736,0.418949765023147,0.11038853965826835,-0.17636245803270376,0.035282529073101004,0.12856849999039952,-0.06387006927643303,0.04088224131879087,0.20895412346308306,-0.10359491116152707,-0.15107762356286816,0.1035546162372178,0.09001927355054351,-0.10224631358436002,-0.1889323584064588,0.04928199079126848,0.0769342950334522,-0.10226730234419647,-0.09700418024014937,0.023860164147464513,-0.026479999009818775,-0.004864192040096001,0.03813544075938891,0.03760342950419312,-0.12804071503626932,0.34321033132430234,0.3954664349728025,0.4523908733096132,0.2820677439612015,0.2867029473317898,0.2836711831661925,0.12824802341043112,0.3900277768029907,0.28340157307712877,0.2572104744095,0.34883092676052724,0.0391857633468922,0.07034514318207093,-0.0017234085807729686,-0.0889543517370132,-0.030462571974858882,-0.01587328387875228,-0.1661992189959916,-0.0728602896427361,-0.0775866896752017,-0.1705494839418134,0.40698057154124423,1.0,-0.228603941417357,-0.15509879542954869,0.12185167450451298,0.18934006738547454,0.15288738256588483,0.1280157898592204,0.12648225110650885,,0.34800329948515774,0.7360854912337574,0.931761969203576,0.8273932195838598,0.8434526530057247,-0.0040321797937852314,0.044213793157229384,0.33519786857704437,-0.22867247770083632,0.13930636884491637,0.1506785666288516,0.19930489657732403,0.09631522118490742,-0.06479841310789264,-0.2298916188283822,0.5750690468995143,0.16590648435260916,0.4659731224573859,0.21559242259537068,0.27012080505240743,-0.10183053381395973,-0.00041426152988291806,-0.008899449616969,0.10014493655323405,0.05256552134131186,-0.021289720328804676,0.21889418387762555,-0.551301946559612,0.141781569526375,0.22058572703064921,0.051054944100449855,0.10788445400444574,-0.024867629808554705,-0.0026962965384425526,-0.05730696631048725,,0.18599801653282186,0.32193279552896986,0.4812133805592481,0.5642011690865671,0.5725696680148363,0.24144113388325242,0.29947233282338176,0.3037064486516146,0.33799933710482416,0.35050526992580083,0.38563800071817295,0.3090617846151858,0.28173618924242855,0.24329898568830957,0.1922057729534137,0.19018433319217753,0.18690294278543235
LPC Overall Standard Deviation 3,-0.5292745662189836,0.19102601776735573,-0.3622972503424745,0.15381828200385297,-0.20929769665023654,0.36571598229113045,0.13163698146910557,0.04456004673102732,-0.06481077130550733,0.1114786081911603,0.023873381568631086,-0.18206965181182375,0.01648997151720771,0.08042462285874596,-0.06028072993724357,-0.10437914693364328,0.08177131238816782,-0.07033933543639984,-0.13592516028480991,0.09134547084561878,0.12052259367055769,0.12539568696631165,0.0612547106462327,0.1254944315131504,0.05921855691468852,-0.12700313781304076,-0.26661852950592435,-0.34816722718850013,0.08155871499641519,0.008445550310776189,0.07643002294250492,0.06286351398753956,-0.05689498171012039,-0.29541167536694946,-0.06652334449597071,0.2849218285414086,0.036330501988951144,0.2873060923686783,0.2776411602038918,0.09898194658590126,0.16565288004019776,0.11531538682546547,0.03771825502396125,0.13205749255864627,0.13784532022813203,0.11860189705370637,0.2658799627181083,-0.2268633086382662,-0.228603941417357,1.0,0.5833601901475282,0.1576486406136329,-0.07943741507411305,-0.15562954248720764,-0.15993984506345274,-0.17663211851756905,,-0.14111191299127254,-0.3196208005697402,-0.3258276325944066,-0.2536449268593876,-0.22186149883572373,-0.37122721021153143,-0.37791945010193895,-0.040096753484298926,0.06220491801873544,-0.007059850692877366,-0.05020120972589409,-0.003480541378782341,-0.4449201971407641,-0.1739827429400133,0.4827050477326269,-0.5327135538271875,0.2372865426813586,-0.25941407319951615,-0.0916390713699447,-0.35236243673932827,0.10778896610717908,0.05473939083418659,0.1485303695962251,-0.11545274579499966,0.09422117180971702,0.08347375551022534,-0.46577753386070464,0.6106104525774061,-0.10029828423733125,-0.47035303543521884,-0.08404483595330474,-0.08891849038423294,-0.06305373521937298,-0.18721973086069574,-0.09410911173358084,,-0.2795065211773921,-0.6065377723270581,-0.6716888805190848,-0.7277236308115144,-0.7137037146734425,-0.07185957010146647,-0.04819115048440758,-0.09867315106962399,-0.12381252150264979,-0.07550162328822818,-0.004641384536523854,-0.006990380481989006,0.0001574477387945262,-0.04842051947104047,-0.04953125389224884,-0.0638071648516609,-0.09451969584179609
LPC Overall Standard Deviation 4,-0.19389868191313042,-0.046655053937141665,-0.4433113308424067,0.4126753564592761,-0.22533229233290253,0.2575457948825822,0.1204618855172153,-0.21185007043707213,-0.17390019096690348,0.10222856128712296,0.013967581887166904,0.0240494835123152,0.0758603695864861,-0.031746525332156314,-0.049414518671438354,-0.045430816172994055,-0.08532877348392179,-0.11561957892669353,-0.08559231414652795,0.157868782919068,0.05612155747984959,0.08920930524108432,0.1433837223800526,0.12497593323443866,0.08711052667554409,-0.18309034711829153,0.059561001715981214,-0.008627696811083036,0.10820142671004811,0.010436891418969889,-0.004542322714217985,-0.0028468062389388144,-0.024454742125666104,0.0814057585086783,-0.07572104429561208,0.2594777768496174,0.0947775456878946,0.35613919949525485,0.27528342878421647,0.255412894880427,0.2582758371375119,0.235770360363324,0.2194273910088488,0.3003685885048312,0.25080414841902604,0.24457202136281975,0.24360578754508858,-0.059180452368790375,-0.15509879542954869,0.5833601901475282,1.0,0.5822324390266861,0.39714629735671486,0.3005230232174685,0.29850972474109044,0.2384055310519665,,0.010622842798326072,-0.045561739420913225,-0.15337522853181768,-0.15104956706655565,-0.14691502947369578,0.03902855269764152,0.07228371971383075,0.07228390062301902,0.06689923806199012,0.00500258329127718,-0.010741132702418759,-0.07111911382417545,-0.021401085556368445,-0.022655456837479673,0.09509745953098357,-0.3591268747426821,0.1392030324583983,-0.12840206693921705,0.002443836869507147,-0.18009988921602982,0.21868262542895048,0.009702218808608656,0.12526424978428438,0.052986283589380456,0.11347512642666283,0.1335874846705472,-0.06832464099704781,0.3889875997268587,-0.4195391578301675,-0.11079052497922434,-0.22977832744522145,-0.11709989508882741,-0.06021227152125637,-0.07082920413338671,-0.09604921105211679,,-0.09745488362373356,-0.2479103472353141,-0.3839198294749177,-0.48423489657854846,-0.47797074551835234,-0.22223241828167528,-0.1560744542352037,-0.06327086959768809,-0.10749047183281997,-0.07086587920792227,-0.1099997400068826,-0.15372969659223323,-0.154659360899194,-0.18703318285404594,-0.13090376163098738,-0.2530710734175363,-0.2583844658529139
LPC Overall Standard Deviation 5,0.22922469008117427,-0.3269267935707962,-0.13228539832507738,0.38293696954240874,-0.2603040708270611,0.2071646067014363,0.17038384813708574,-0.35388401187282514,-0.21089087986520724,0.015497881617585656,0.10134880667854095,0.06521880089500659,0.08513161900132324,-0.13669363439198878,0.09177439645058504,-0.14397581459720063,0.02671001701955067,-0.11779264812373275,-0.13743742109589416,0.14958022052589207,0.12654298656769572,0.19061571587841164,0.125801128304764,0.03938249785335971,0.04301745564243288,-0.029696771657268858,0.32797586534515305,0.3312408807230191,0.08278926192781001,0.013033950132331263,0.022896654720801567,0.03161244580028741,0.05391696351360879,0.4405862052351181,-0.0686627354351866,0.19044965736829134,0.1105103066665307,0.25395205148590555,0.36022991374706576,0.33065191691754253,0.35240289482137416,0.34716393001553825,0.40951428025279885,0.39174774009242797,0.43324140955042983,0.37282569393402865,0.3089626543368773,0.10318374021620906,0.12185167450451298,0.1576486406136329,0.5822324390266861,1.0,0.814252843331924,0.7704072555829767,0.7303071263046413,0.6910808296250991,,0.07750572325642213,0.2774200750131177,0.16103790613218213,0.0841739891475567,0.08831235568592165,0.3264662221779547,0.3537089447048074,0.05774016257635248,0.259650359101817,-0.03658760855426672,-0.030612399009143004,-0.008260080401007725,0.3090329265238808,0.08640582215317101,-0.28617719123210467,0.06657848492655155,-0.015085268715305656,0.0333225874544448,0.11844377558161935,0.05693302456686196,0.0914092813066488,-0.04360018800879634,0.02417344829690932,0.06855724943504973,-0.0810129356516662,0.0047929485061695845,0.26543635645374747,-0.02727744362087913,-0.43672596225833143,0.28287012195405314,-0.09232136931644223,0.20123549001356814,0.06818911240202304,0.1404916340318557,0.03389456334982003,,0.0052141529645936295,0.19292118968558583,0.0947378025632025,0.06773210047624102,0.039402261650421495,-0.17223657193830252,-0.12477552812775171,-0.06864317569977242,-0.1418472754437877,-0.1384155671634244,-0.1667364559651481,-0.19694166873021937,-0.22521559258750778,-0.24928853144680307,-0.180879646120284,-0.2519792517226038,-0.17651034949266614
LPC Overall Standard Deviation 6,0.3646355564949961,-0.4318278765876826,-0.055920269590692614,0.37620889829494913,-0.23027721333995999,0.10082582541276722,0.05496673923405355,-0.4024290683545078,-0.08370570641707702,0.00222951148453971,0.1587411333326497,-0.004326772971172614,0.045832017400902765,-0.21109974071657792,0.11415126809729755,-0.17678021177092992,0.0099953568902544,-0.12455898516837989,-0.1337635917575113,0.11630950809081046,0.03655689263701958,0.12978999684800346,0.11877993868949717,0.004064866639000422,-0.002403013605562708,-0.0035390936220880613,0.41187612571637783,0.4195213392786217,0.011368454960353828,-0.03782169036693042,-0.02885772514388535,-0.01924715654211577,0.06465872943351127,0.5317612037109074,-0.06620003923505312,0.0631860730070199,0.05266585521691493,0.1773459628067251,0.31665851905858583,0.3511426523099309,0.3736699782130143,0.35578256173173706,0.4318590715103558,0.3944753491244893,0.4591671047529079,0.37059746924821235,0.30091158204484897,0.15918759420439582,0.18934006738547454,-0.07943741507411305,0.39714629735671486,0.814252843331924,1.0,0.9058390002701147,0.8713033609584918,0.8216326233430042,,0.06599304723727135,0.34414330616309513,0.22982419542049196,0.1389047173153917,0.1268446686383737,0.4669695111297142,0.4849580787360693,0.04886512049740097,0.2666884044208686,-0.026814673755914713,-0.010295104001381847,0.013093560359856853,0.4613762542023961,0.17074634277373407,-0.4736481934701749,0.14946573876133254,-0.052702731485824196,0.061675414275149464,0.10170298114573205,0.10608357029252027,-0.03630792086740559,-0.11604919276221445,0.03165314408966303,0.16001023768621622,-0.06233024600595996,0.020153658956362928,0.4059103829479378,-0.18642956556282447,-0.43430975264825283,0.3472823136195889,-0.02944148526492824,0.24760030832105273,0.053747637693071774,0.24083035369084851,0.02745174389538093,,0.08585064889762643,0.38479249716222075,0.29479349189846893,0.2961483226631149,0.2584828228849351,-0.2501577971710827,-0.20051043195256307,-0.10236156719254699,-0.14763923760147593,-0.1313367615781043,-0.16716221978920057,-0.18351047152174418,-0.2143980922301291,-0.21117450758669504,-0.1947068192950871,-0.31386976161536045,-0.24328609951275293
LPC Overall Standard Deviation 7,0.42555475359085626,-0.5103188534728776,-0.08516632860764758,0.32601673882225046,-0.15332764578602673,0.07704692463328346,0.06551807114191281,-0.35582201844371447,-0.11069578203851504,-0.02874699983274837,0.2141432381230985,0.010847345073675298,0.07450593336733391,-0.17420779902000108,0.10224382677003675,-0.169736470661369,-0.01109068799447782,-0.10731510747741392,-0.13150138107450493,0.09792000222775299,0.01968418438948203,0.10064326441119256,0.09577427528577108,0.01501705583170719,-0.031887976496544415,0.036277052358956854,0.4535966141337103,0.48100803722743873,-0.024694536419296694,-0.057975625698362634,-0.0298656971923657,-0.0167816439543627,0.0433014340842478,0.5880321004975579,-0.07578411481989464,-0.0013220157595280264,-0.018389972799720367,0.1104680689293833,0.2336284339290033,0.3034645127317011,0.339556630505245,0.33767470706090696,0.44330538290735344,0.43575789220619277,0.45725664479698613,0.3890662170325457,0.2792860568979079,0.17269863306709682,0.15288738256588483,-0.15562954248720764,0.3005230232174685,0.7704072555829767,0.9058390002701147,1.0,0.9144782365813341,0.8784709147132527,,0.10080243805479441,0.3669994887007823,0.2125958554269816,0.07342509624593133,0.06179485526166813,0.5502845995012208,0.559281053673635,0.04231323396608768,0.3226367172649504,0.0099406506101446,0.031234965391775813,-0.08647886641488972,0.5517028602954153,0.2634434161525985,-0.5777925177021759,0.1634950394446848,-0.10271615583576724,0.06911713464440662,0.13407683321891087,0.17954435352302145,0.04941833785989777,-0.09220778818289402,0.04537612897324085,0.1477532182566164,-0.10788616725633432,-0.02305412723484378,0.4851084502603701,-0.26216797422693383,-0.4934168447826718,0.37850847429517254,0.02039968453288254,0.2990889359752568,0.07851701996076596,0.28675910998537224,0.06739520915480442,,0.15488918247277453,0.4847574198932119,0.383132151490247,0.3730799251078161,0.33267468591735266,-0.26444292389471635,-0.235686818797789,-0.13630301663121128,-0.19295978590784202,-0.1783072299411279,-0.2249724397319617,-0.2056038527662426,-0.23252997542642181,-0.22216151128824202,-0.17258274576047242,-0.3026289648011489,-0.23783990794522772
LPC Overall Standard Deviation 8,0.40592803079231604,-0.5555048495942527,-0.07542232505795461,0.3088388572350128,-0.1770342112607458,0.038372046426799526,0.05171345742861671,-0.31551453613721414,-0.1000441918794951,0.025331483965191484,0.23969702925549527,-0.01126398763730497,0.12153885688100388,-0.2140324734160037,0.06007652336855942,-0.14665766927634233,0.015660931055752135,-0.10599767374388909,-0.11454983418072365,0.180685984628325,-0.024589514065943556,0.08907611461007774,0.02512949890100111,-0.020109890031834107,-0.01697013333968001,0.050921758237482136,0.44575497363993904,0.476492862125424,-0.05015595623828023,-0.08631562756405395,-0.021308170153175446,-0.009084754791086318,0.03862131995998708,0.5717350776071625,-0.07708181332940592,-0.03957444680537207,-0.014199518369953028,0.09335690001141074,0.21226192691576468,0.3230372373906494,0.3721115820270625,0.36814871524030196,0.47392233674395046,0.46038328804141077,0.49807414070401784,0.39060306467127925,0.31351904706893574,0.16364067631763213,0.1280157898592204,-0.15993984506345274,0.29850972474109044,0.7303071263046413,0.8713033609584918,0.9144782365813341,1.0,0.9085995563318626,,0.07502727114153777,0.3447255525350477,0.1987556798808754,0.06709229530604305,0.053015420756918404,0.571658320458721,0.5716865572321912,-0.0070987245731424795,0.3286483608681964,-0.016464897538837245,0.003415072334905817,-0.08067015817330232,0.5667668568368261,0.26982933319897273,-0.6002742511512877,0.1396760717457872,-0.153907193430259,0.04102291247095406,0.11773428452864321,0.16860142627282076,0.03470338942009285,-0.05723646934438504,0.008700461261718063,0.14583060791423816,-0.06196910211992837,-0.00435946296614414,0.493177043569898,-0.2613035543593562,-0.4913733890583663,0.3577453224237481,0.09092630029358968,0.2754363605994607,0.07665593757066193,0.3486326414779323,0.11013863078850328,,0.1186337259724604,0.4995677709559265,0.39337739057816556,0.38089483001566427,0.34475179042643933,-0.29351310635836175,-0.22549656838092202,-0.15498553449166097,-0.23892134500692655,-0.23914213985286878,-0.2783075359717615,-0.24434398011419275,-0.2680356525885409,-0.2590183155040882,-0.22149644152269732,-0.35437922259004,-0.2884876932325598
LPC Overall Standard Deviation 9,0.4357063819670842,-0.5787611472042505,-0.08990918267174555,0.23666951251184343,-0.15838460055657907,0.02591972255286257,0.07748059757070641,-0.27375690161269073,-0.135423970995126,-0.006409570173967754,0.2272899452405785,-0.020815863797708625,0.03742733883306648,-0.19545814388214838,0.06355084212195901,-0.16327894743313257,0.00804407473703625,-0.08195516686592096,-0.10310681030981464,0.14611057074159958,-0.05951992700930566,0.09300199859075507,0.04726410892960073,0.07218218560308902,-0.029853380642407713,0.03849861848862816,0.4556847078087649,0.5059534735488462,-0.06377020657523061,-0.13362181863068776,-0.008504112004038908,0.007728231578834671,0.010319672380018408,0.5996705844132681,-0.11616039340157772,-0.06407786897613102,-0.03852216948782425,0.05662536352472835,0.1764515734193041,0.31097363544865186,0.361838133033065,0.31916737282146257,0.4561476171706952,0.4623428530394197,0.4697127224101224,0.39831024950438126,0.3089178112457181,0.14737834838133296,0.12648225110650885,-0.17663211851756905,0.2384055310519665,0.6910808296250991,0.8216326233430042,0.8784709147132527,0.9085995563318626,1.0,,0.1234259941925142,0.3405744132093876,0.18720468186508352,0.045319865862740026,0.02361717806597464,0.6094393212131085,0.604699059849704,0.012933700778582375,0.3506903716465785,0.0206700588029275,0.043811168323663836,-0.08934039228004567,0.6077560897595593,0.3233359989129335,-0.6308499260506915,0.11459476540868863,-0.17934413639039204,0.042449360476300504,0.12834930473713332,0.1982978474385418,0.03619289330275024,-0.03945026666104005,0.012263174586750279,0.06987288408361779,-0.14526765170780126,0.007037321612407313,0.5274045177417178,-0.304155770813022,-0.48469852903603416,0.36088119756106013,0.10701600418226065,0.30951426129927895,0.12034035279662005,0.35977418171743053,0.10220213468198718,,0.17531835049094083,0.5471688976275203,0.4415716094401758,0.426102963093072,0.3904076008390066,-0.27002401535568793,-0.23266534782868264,-0.16790183825784682,-0.2560235775634188,-0.2530273515527126,-0.2946485424464631,-0.2669382722386585,-0.3028385351474519,-0.27005252833728727,-0.19353317969750516,-0.2910522998613741,-0.23148897629619253
LPC Overall Standard Deviation 10,,,,,,,,,,,,,,,,,,,,,,,,,,,,,,,,,,,,,,,,,,,,,,,,,,,,,,,,,,,,,,,,,,,,,,,,,,,,,,,,,,,,,,,,,,,,,,,,,,,,,,,,,,,,,,
Method of Moments Overall Standard Deviation 1,0.6970091057117951,0.24027299470780683,-0.3929194902364264,-0.2213588710704495,-0.11906244260627857,0.09373890889842273,0.0076093327822654875,0.04629725104002137,-0.03550680539245426,0.047291807185783206,-0.026871255822732636,-0.0029573656759922322,-0.029905452400848728,0.1180454722272475,-0.020469501058232576,0.14737029027336693,0.0370980421602143,0.2514625801166708,-0.08393116139143676,0.13901022132707327,-0.041204395549680604,0.08587862086151432,0.0686731249675897,-0.023941880150847486,0.024845392717739247,-0.0486355281740857,0.4021881989662288,0.500061119851997,0.6554751077572812,0.16171543607434716,0.7095786590394707,0.7486230027082329,-0.024934215993095688,0.4762646250765527,0.11151250689333377,-0.08077176531559203,-0.09786922874443581,-0.043769268760967026,-0.12454437756016754,-0.23628024145584706,-0.23553115139380032,-0.2605089701047859,-0.15957695960331286,-0.18617236338399484,-0.232834393293273,-0.27246189182673053,-0.2700410500565783,0.2804067039398296,0.34800329948515774,-0.14111191299127254,0.010622842798326072,0.07750572325642213,0.06599304723727135,0.10080243805479441,0.07502727114153777,0.1234259941925142,,1.0,0.4722127651326937,0.3907615680083929,0.22836172203622943,0.2196489502153075,0.2968255572834922,0.37924109940273176,0.6910266090431505,-0.15045118430989046,0.661798723750808,0.693245968107569,-0.15907403444405435,0.4018469679140477,0.4807551112269649,-0.3900251023197374,0.23757363329827919,0.2186103159638591,0.29147343637137024,0.11000181695711515,0.1273508161048198,0.1223298264358183,0.15356623092888785,0.02905436262418201,0.009232966055889821,0.03297698459407262,0.07744465986227363,0.4595745659364406,-0.5264184522506015,-0.25464659224802927,-0.030594127057817503,-0.14989823593122262,0.124888358154924,0.08750468650463826,0.05576741686479277,0.03552977905719024,,0.7725726063060563,0.46684712279299145,0.4775138928083737,0.35924769832059944,0.4007019452370907,0.15666103665283834,0.20359415961809477,0.23531812326444349,0.3013435204899117,0.272435301782826,0.20437272486657315,0.17655669477445898,0.18021996730198087,0.25924308541107416,0.20652807183924407,0.2244204501543745,0.18888706423825607
Method of Moments Overall Standard Deviation 2,0.7838445377971535,0.013371584807128337,0.21615995177769823,0.1958617132485849,-0.1322026231545495,0.168872843115257,0.01220583356958934,-0.09645051700052017,-0.1476485468487631,0.2040331313676198,-0.164910645635464,-0.05821392339035657,-0.011301506622611125,0.183124600812707,-0.09180528018368651,0.11056970188779089,0.00906162523305219,-0.09390031122261469,-0.13437641515112583,-0.03154684046320668,0.03311117393952838,-0.12345742150075042,-0.06996861944217399,0.034747731070088536,-0.019866700946867596,-0.020208055284607174,0.7840106215661035,0.7914315171795103,0.3965602689015897,0.3326762405755487,0.23008593200600574,0.24556816887251054,0.10787461150309176,0.7877256118694896,0.34574309888941934,0.346337890256792,0.19759282219212546,0.10849885169208559,0.09033841615397144,0.10812049926769689,0.009481070908217674,0.0474347853586544,0.053992572504741196,-0.053227458668593436,0.004031376612271718,0.03656329504551859,-0.08118606763595536,0.7263184186369556,0.7360854912337574,-0.3196208005697402,-0.045561739420913225,0.2774200750131177,0.34414330616309513,0.3669994887007823,0.3447255525350477,0.3405744132093876,,0.4722127651326937,1.0,0.8278140572548915,0.6135615123698134,0.5749386181666287,0.3197019600018105,0.40265980885159913,0.3494962614320687,-0.17009821128123834,0.1514633363634773,0.17988073655662562,0.06170548960236868,0.39714542905043393,0.03618160799652665,-0.5028717113067126,0.5730089376908627,0.15694176119951253,0.4029430645120946,0.27283440220632094,0.32062472993114527,-0.02487191928513503,-0.021162174255027057,-0.0059595565702017525,0.1073614760098472,0.012109356774718758,0.015606015876126221,0.552844786412558,-0.6294638477405552,-0.20866300472441693,0.310128560474,5.254048284341829e-05,0.2108398990327242,0.16220485005221072,0.16011782174447448,0.038290013685507475,,0.3070032630269219,0.5365949954375998,0.5883016932126328,0.5570697749554416,0.5790708063112138,0.13803910551482756,0.18595065084483262,0.24029065674081393,0.27140716611088755,0.3397923663747319,0.29843150920117634,0.20409851204614135,0.17584960545953696,0.19087301231540313,0.2014553274123745,0.13225720403610264,0.13369917806414108
Method of Moments Overall Standard Deviation 3,0.7050419420757791,0.2649319580847209,0.42265283302087914,0.12804549296411774,-0.21991917497196847,0.04681121448743771,0.11534975904344354,-0.09926383954236513,-0.0008023651846917682,0.17524540834346491,-0.11948653113414731,-0.09243113708723362,0.1322021493971665,0.043112660276592205,-0.11870980864716026,-0.13033085372351066,0.0311469091108707,0.04675493841825811,-0.05856502397281085,-0.06611398064261181,-0.02730193198906387,-0.0851518314439218,-0.02194566362534571,0.08265691933141082,0.014321413236011197,-0.0642324647026905,0.3872544876758175,0.4424806824306384,0.49925428359859236,0.34282395872318877,0.3014774667395825,0.29764737941795066,0.12095811226430166,0.44163376672883226,0.2993221120298105,0.30594802809544286,0.34495820196901855,0.052787646418145026,0.07005330561785868,0.03790410527441341,-0.05219926264393198,-0.005722153018573485,-0.006912012596430671,-0.15735550153347028,-0.07783566625934751,-0.057671060626210253,-0.1714942682602195,0.43765634170051004,0.931761969203576,-0.3258276325944066,-0.15337522853181768,0.16103790613218213,0.22982419542049196,0.2125958554269816,0.1987556798808754,0.18720468186508352,,0.3907615680083929,0.8278140572548915,1.0,0.8835486035088276,0.8936619852682576,0.022375282561050962,0.08624071731226941,0.3814447406489401,-0.2783514964720727,0.17343804874402224,0.18682255046756985,0.18059977206189332,0.12656579402978643,-0.0483086243478631,-0.29799763724463724,0.6406064229608859,0.16600968563865226,0.5095054980239259,0.2268724104470016,0.28897950654429655,-0.1253344057315863,-0.017945839391248143,-0.06655413568285391,0.099603070612277,0.05028003663190556,-0.023656630104978312,0.2562676305260972,-0.5671980686949748,0.08580530732888371,0.27650042088170984,0.03135552208348935,0.08370724232802292,-0.0034386487435769187,0.03169156593094918,-0.02409959983091639,,0.22538479747927667,0.3575726458804764,0.5096106790614849,0.5963804614787629,0.6017519397157355,0.2510506805090058,0.31714991688725774,0.34241654760529694,0.3794673475900232,0.396851022797161,0.3871658729155729,0.28355838151657076,0.2504521729395239,0.23295645787678612,0.21636919934710666,0.20686239065921544,0.20407360118290402
Method of Moments Overall Standard Deviation 4,0.48811626735365304,0.3991503354112249,0.5319829343927887,0.15232165130076256,-0.2813925985025891,-0.05563049097992894,0.1742113956518367,-0.14686594486979218,0.010188481748677949,0.16318852407755313,-0.13362429935804382,-0.0825359282109069,0.08987248685369631,0.03218318750551431,-0.14938424211459383,-0.11463516041472352,0.03049090828610692,0.04335479173848601,-0.0017982952325794742,-0.02833153770131155,-0.06432643256650446,-0.02739626792418419,0.052122015002785516,0.08374882425209172,-0.0005070109193895647,0.039143054875121694,0.21733364752716317,0.21412910284307365,0.44469416302279247,0.37420349040079204,0.2573619874773198,0.2443061969322478,0.14408822440773192,0.18420240802808682,0.30824375328627646,0.37855908911224206,0.4732919489713405,0.08714824373123843,0.1183735311878491,0.037970866525292864,-0.03941735656646063,-0.017924983927587734,-0.0736544816341511,-0.18942918460642974,-0.12553836048498265,-0.08729395432143591,-0.18717467504621035,0.35725387712914175,0.8273932195838598,-0.2536449268593876,-0.15104956706655565,0.0841739891475567,0.1389047173153917,0.07342509624593133,0.06709229530604305,0.045319865862740026,,0.22836172203622943,0.6135615123698134,0.8835486035088276,1.0,0.9779666560669315,-0.1674597683126631,-0.10756940482712347,0.2973478856278284,-0.3870431851771194,0.061677987086075546,0.06421746298871957,0.2662688497975962,-0.10088415194170755,-0.2390336428983268,-0.05182428348193562,0.5729281217786483,0.12454722821576768,0.5143674285199467,0.15117540331309495,0.1760837435667962,-0.21084692229964566,-0.03405671076557212,-0.11519831946441562,0.03864643457986072,0.08040376733847875,-0.02531652224743029,0.05216473978866924,-0.3607171161850284,0.30623105666796624,0.24033619757064464,0.023071211407858918,-0.07800907041856206,-0.13196039312340602,-0.1528287527942872,-0.12513024304234466,,0.050192075788456844,0.1146046817478236,0.2948536163896595,0.43771974242646516,0.44408278180163596,0.29156368708289704,0.395976046892605,0.40249151456813975,0.4455090455084656,0.39874356841927855,0.3731901431256887,0.2615446843192807,0.21358457130692235,0.18846002026977438,0.1661850298226084,0.2015146329158782,0.22155103688669306
Method of Moments Overall Standard Deviation 5,0.4698333117227217,0.43134855348769924,0.5126202616669682,0.1583979301730119,-0.28876430986309726,-0.015603903906724295,0.16894173759108455,-0.1260214485983311,0.0347089145847675,0.14303794916226759,-0.10716529328693532,-0.069467964284021,0.1481359495574202,-0.02295844068297795,-0.1692573745292484,-0.17744472382388585,0.03799140237450217,0.07136950069770981,0.01904489365101068,-0.06373599757061392,-0.06787832375724695,-0.044652964252194526,0.053375008906493514,0.061019362857361474,0.009577876567071847,0.010181233089937042,0.13125145127700083,0.13619116951450913,0.4729911635619294,0.3748401393891821,0.2727642130175375,0.2558209893171533,0.1459591473018028,0.13769322730593817,0.29567915874650996,0.37626068249374994,0.4565006378587602,0.07582763543558141,0.12703046529481288,0.02753154429182523,-0.04646198964924646,-0.015615039045077758,-0.06654364698311714,-0.18172980396670027,-0.12426842150412878,-0.0982213768264523,-0.19343619344419222,0.26888728353728625,0.8434526530057247,-0.22186149883572373,-0.14691502947369578,0.08831235568592165,0.1268446686383737,0.06179485526166813,0.053015420756918404,0.02361717806597464,,0.2196489502153075,0.5749386181666287,0.8936619852682576,0.9779666560669315,1.0,-0.22186568151825867,-0.1632913150116469,0.3182523488933617,-0.38372982943813877,0.08418103281845678,0.0832834785137089,0.2820460676374141,-0.144428040535756,-0.2287400360902737,-0.045977901278652894,0.5712564865071786,0.1721043934140338,0.5057217946722862,0.1745508816955716,0.17586849293490414,-0.20123330123922373,-0.04326422516286137,-0.10187616669534066,0.05326281291126603,0.10448832758926788,-0.027386345115232705,-0.014212141656140109,-0.32354814887679134,0.27886615703712103,0.20986739621376563,0.008993841993651327,-0.07540261147359971,-0.14076400572689954,-0.1340714294434073,-0.10750024220425937,,0.05050562622359879,0.07620327023294247,0.25653784745408476,0.41579503734993667,0.4102010940593381,0.29259311270141886,0.4042912580219806,0.41965255017039294,0.45351561104066307,0.4072538177794843,0.3875803333616177,0.2724706449241057,0.23488854642921292,0.20117460534910997,0.17380249205222306,0.195457194379109,0.206073677884829
Spectral Centroid Overall Average,0.5161287778350567,-0.7039090151394958,-0.30827668395576835,0.08403473910938226,0.012663499882307942,-0.24377940737972842,-0.04421971968487608,0.0024041575308517086,-0.01226888587086552,0.006430347723311381,-0.08984764092916712,-0.06251528011894542,-0.08480618576509319,0.08387001580427804,0.006609133404516917,0.1130541026431632,-0.016094618714972392,-0.013161724821397859,0.07103703083679769,0.01667362820045225,-0.0066475145468960165,0.050937249848515345,0.047045083935473145,-0.002264289016377319,0.04473355808021275,-0.050731604322165155,0.6554173865154804,0.7094297910649074,-0.11436892394336345,-0.16437051527902502,-0.029153315259305555,0.010358158112949621,-0.007894043412264653,0.7227665295044395,-0.0555987072782248,-0.26868573331701645,-0.1166600484564389,-0.08299906983169751,0.007438501513173367,0.20175921908568917,0.190367118630256,0.21279350807836517,0.3916829480006357,0.38125078558089814,0.3360971628439515,0.3003623589122371,0.20714762421240807,0.3336603545373299,-0.0040321797937852314,-0.37122721021153143,0.03902855269764152,0.3264662221779547,0.4669695111297142,0.5502845995012208,0.571658320458721,0.6094393212131085,,0.2968255572834922,0.3197019600018105,0.022375282561050962,-0.1674597683126631,-0.22186568151825867,1.0,0.9668689335324365,0.06145859249582689,0.2846751686984473,0.06039961785007635,0.11703228162786852,-0.19909557329201844,0.9708562313690419,0.4243902263125292,-0.7911734404532582,-0.07856302658302192,-0.3327365957290778,-0.06323202606963474,0.09250729331097632,0.34968994411263105,0.14650253202624894,-0.008372004454388866,0.023096717263312593,0.06672521582971255,-0.10631700736030693,0.025421796922849165,0.9155721621874621,-0.5063488627751366,-0.41591255906147123,0.2151581699550221,-0.009107478191857215,0.22772496560472383,0.22384759197275048,0.3887377127394191,0.18635377332462638,,0.4049083444976347,0.8478388365643021,0.6736235403955416,0.5114838984140718,0.529912045174363,-0.45702243585820357,-0.4721120674630366,-0.3631374207659186,-0.3466635415532905,-0.3303992004947722,-0.4198104709996864,-0.3668572236835355,-0.3686244183342811,-0.27228152463426697,-0.28230534539310786,-0.37034848518150926,-0.3815599433837416
Spectral Rolloff Point Overall Average,0.5943803198808444,-0.5919170818722748,-0.330122756353016,0.15469404975504397,0.05063898180622869,-0.19043524143736879,-0.10987749048338727,-0.031539661846052176,-0.09051628708625144,-0.011780086878547433,-0.10762836970194299,-0.050061215536140354,-0.09789734870181778,0.08309401139935405,0.00406055389200146,0.13420190455996117,-0.04472038846042851,-0.02497721880931484,0.05850842803097661,0.04213367446670668,-0.0032074301156934646,0.05047773015752347,0.02281566485986413,-0.015409180734846121,0.04303781810711614,-0.004228930799994195,0.711643753288337,0.7837935125770735,-0.03259660473245935,-0.10879414346462397,-0.008893326441033887,0.032863014275940065,0.00363157415766019,0.7933556252897953,-0.0073083445950378415,-0.21502624117825753,-0.13231851861424704,-0.0673022084556669,-0.009318095502826688,0.16728540879014966,0.1398310365868173,0.15866647631799918,0.30701592817777806,0.2933285613364226,0.25457290514315956,0.22552018468118978,0.12213755731536202,0.3932522613343638,0.044213793157229384,-0.37791945010193895,0.07228371971383075,0.3537089447048074,0.4849580787360693,0.559281053673635,0.5716865572321912,0.604699059849704,,0.37924109940273176,0.40265980885159913,0.08624071731226941,-0.10756940482712347,-0.1632913150116469,0.9668689335324365,1.0,0.1480730176770724,0.21245006832056074,0.09243479660435604,0.1532761473423361,-0.1993588764095924,0.9696228266350444,0.41711957546568024,-0.7972950169030291,0.015867874428296264,-0.19566955741496064,0.04215724162067458,0.14177901524854408,0.3635576385999577,0.1621538648253726,-0.014761083081220058,0.03262287506496998,0.1161848110001944,-0.07717173930716979,0.04113482451638233,0.9453609096812138,-0.5512091415353225,-0.49463414190255395,0.1876099558980421,-0.10041987727694207,0.17851710850841027,0.1832275314635656,0.3401742358028281,0.14420917200425662,,0.46009362950874894,0.84850230180873,0.6841970523581147,0.49904336382167624,0.5277151339375239,-0.37896586673071025,-0.3522102288702148,-0.20942157464676434,-0.19321354593902038,-0.1856647156464921,-0.2945859291089117,-0.2506520327421942,-0.26967549722417355,-0.18667210720186883,-0.19484583504677302,-0.30005085589062735,-0.308840113840097
Spectral Flux Overall Average,0.5956431583474674,0.5060175389086538,-0.4542322593275446,-0.09812833393737774,-0.21270768548376748,0.036063305023143186,0.13439342177449762,-0.012518120942207235,0.12208279833230515,-0.0840733498094803,-0.0343278364783031,0.0941491373522372,-0.0039866735052138365,-0.016372940919414335,0.019639779260854626,-0.05403554555948589,-0.11204383720827624,-0.14335247243812002,0.12992674811548874,-0.022541124523813183,0.01931415983877161,-0.021296833125126424,-0.026558075500506415,0.017646595160753977,0.021196421934232993,-0.012174724063385213,0.20313185135123535,0.2532535817515092,0.8793478127540132,0.1274197386157287,0.5917205774954414,0.5646565181436429,-0.1735577637443428,0.26149604359825024,0.002259917476409226,0.008487840669839377,-0.00509438533117116,-0.039459702593367715,-0.06222886139997217,-0.15982729222680692,-0.2103281665374961,-0.23457583084553973,-0.18126082364418375,-0.21444787984586666,-0.24906671673574693,-0.28451784997576773,-0.30927540523711394,0.10463637786602892,0.33519786857704437,-0.040096753484298926,0.07228390062301902,0.05774016257635248,0.04886512049740097,0.04231323396608768,-0.0070987245731424795,0.012933700778582375,,0.6910266090431505,0.3494962614320687,0.3814447406489401,0.2973478856278284,0.3182523488933617,0.06145859249582689,0.1480730176770724,1.0,-0.3417643713167672,0.8039746681512838,0.819074685350755,-0.05766847215537058,0.16406500441868463,0.4129933592972442,-0.20406799811621226,0.21965286436410428,0.2940817051793865,0.343931771443193,0.16797689969710825,0.10734373619944027,0.10026291098366785,0.12121784207031323,0.034361530061171756,0.05480680037976669,0.1261173501846458,0.07367586325222998,0.20729384629828426,-0.32307847546444557,-0.10429345519785016,-0.09470957635359517,-0.3185787980888573,-0.0848658249344424,-0.11360316718445808,-0.14314921979297657,-0.15710572541176637,,0.7861453247590844,0.2295982450846492,0.27065993830472446,0.21969173812050238,0.24641468452400708,0.1991948414335675,0.2795042433308119,0.3398763368007231,0.39330545606961403,0.3171663303927503,0.2747224987657254,0.22141564557267632,0.26539511091947854,0.28469544887170567,0.19870040985360551,0.1843724169359442,0.1534440855974195
Compactness Overall Average,-0.10383127516414743,-0.5497170689245766,-0.10383839623119055,-0.17900834997472415,-0.07804803043205506,0.11363287636730683,-0.21142213050838374,-0.15088662437852712,-0.03382636887601002,-0.06096627957466522,0.29083065267073516,-0.07565235666874244,0.024555865506102694,0.04035989938866126,0.12593593525723912,-0.15442669605386952,0.13946312371114053,0.08415743062502566,-0.09428878822077874,-0.11848669142214409,0.06655198604497398,-0.022876859774078134,-0.0015614323584637617,0.04168748597920166,-0.016545610901255583,-0.036686967939482173,0.013719910292775587,0.06671113475033819,-0.35485675748299056,-0.21453309934322484,-0.12036428482791688,-0.10771628186540966,0.023660354796290146,0.10709050108082778,-0.26879017438885844,-0.2988488286156671,-0.3090982763104107,-0.06272636461638827,0.031449502800702175,0.05934855487456173,0.09331920295140632,0.1773322875092837,0.24640579963231796,0.29386282734078323,0.3133451513624811,0.3324809359085239,0.4083878218288778,-0.15746166182489701,-0.22867247770083632,0.06220491801873544,0.06689923806199012,0.259650359101817,0.2666884044208686,0.3226367172649504,0.3286483608681964,0.3506903716465785,,-0.15045118430989046,-0.17009821128123834,-0.2783514964720727,-0.3870431851771194,-0.38372982943813877,0.2846751686984473,0.21245006832056074,-0.3417643713167672,1.0,-0.06462457442142937,-0.06738721688999168,-0.13721975852435028,0.2484307835652088,0.2963708585286818,-0.2688570145193604,-0.20219440673683264,-0.16778263912529287,-0.40649506388503387,-0.2718517384719355,-0.2097176666589207,-0.06123526421252464,-0.1922026208162944,-0.06037527502681197,-0.14029189596768132,-0.18598252183779812,-0.07423063440209589,0.11785820689315472,0.00515749817489336,-0.3413626637622392,0.08526028537612496,0.240491939898857,0.4391955386096439,0.1632532007968112,0.3223538329355108,0.27958936686171165,,-0.04743374982133125,0.20269501730429917,0.09234618408442817,0.055666134283164206,0.02028873494347679,-0.22276726472646569,-0.316784479930451,-0.2862710504315781,-0.387345724159325,-0.39620336538103773,-0.2933165892259664,-0.20573210929344898,-0.2284475391571988,-0.23523739028863624,-0.22711970255982383,-0.2627235735809498,-0.19751759251638376
Spectral Variability Overall Average,0.4511758456797017,0.36731284391098373,-0.5430139879036365,-0.3413987329294619,-0.1792436834622104,0.010008655027005991,0.1444532426705453,0.009704681265993668,0.19722534200625388,-0.11359943287375132,0.1728289448772764,0.07045295106443743,0.060670571559506274,-0.019289283053432724,0.06152297137903181,0.05085408535762297,-0.01358226032142465,-0.05722144457885797,-0.15484738475801785,-0.10585515656914579,-0.13820185814640418,-0.06893966845979446,0.032470370746428175,0.08234558099393142,-0.04173852428345349,0.07746294104576223,0.08031145910945148,0.13877653144893232,0.680660390216943,0.02185066308852088,0.6964859913354179,0.6731416691561544,-0.17187796237126335,0.14005568125299087,-0.08781185478500106,-0.21185267781008119,-0.21293787378868076,-0.17125306077155908,-0.22495697556777974,-0.2505276861807098,-0.24158151158506733,-0.2713199851620773,-0.18865233364959322,-0.1831914655312512,-0.19548034732140923,-0.2152491790371523,-0.20233408792097823,-0.02132802215778199,0.13930636884491637,-0.007059850692877366,0.00500258329127718,-0.03658760855426672,-0.026814673755914713,0.0099406506101446,-0.016464897538837245,0.0206700588029275,,0.661798723750808,0.1514633363634773,0.17343804874402224,0.061677987086075546,0.08418103281845678,0.06039961785007635,0.09243479660435604,0.8039746681512838,-0.06462457442142937,1.0,0.996508302190535,-0.2856614460756238,0.13503595472019633,0.6476048650813568,-0.1586521926350921,0.10040562736486701,0.14049253248766355,0.1751694142482059,0.02397416178251075,-0.005368361515649411,0.10360941323373951,0.15407756095013808,0.06404530065351573,-0.0469437403800995,0.08267093464819338,0.012709422462937495,0.12359144086142494,-0.21453402874090696,-0.09804829372066504,-0.10972179074842767,-0.1612739635579228,0.02081678812467405,-0.09899206573268075,-0.05608103118607592,-0.051287451759956346,,0.8570620488924066,0.18391289331601668,0.2013012341531434,0.16180726344907376,0.17425504602338013,0.1579205646053017,0.1331239426459196,0.11674490265137258,0.14834579958970603,0.11967167553709243,0.11421974376929182,0.11953753010310807,0.20422390373250818,0.22047753509449394,0.12178826579508886,0.12607050968579647,0.1497963559475728
Root Mean Square Overall Average,0.5009447866511971,0.34510038998875003,-0.5474074120159931,-0.3347540295971068,-0.1537912959249426,-0.00824558691226386,0.12469177199822029,0.01226647803763421,0.19507979642026688,-0.11606188391676367,0.16209711506193408,0.07014029516894577,0.04592911129754988,-0.008152696362652256,0.07647131883825357,0.05608546736423761,-0.019332388625639012,-0.057007094378493446,-0.1316425529005058,-0.10038058931037838,-0.13492419252608262,-0.06046872812965847,0.037761019108098884,0.08230747337167765,-0.03225356291346993,0.07192288231852219,0.12101370526004657,0.1889726849264876,0.679243568873527,0.023489674156033175,0.6801673065772611,0.6609875809614881,-0.1739345695672166,0.1866362322194842,-0.07900537067924084,-0.22974896909693102,-0.2225590847857869,-0.17988732458386772,-0.23507006161509242,-0.25462356590200214,-0.2493257213354028,-0.27673077118933803,-0.18587119968172347,-0.1856735718100938,-0.20134134059391381,-0.22475357465277285,-0.21777650655579783,0.0065717228870825145,0.1506785666288516,-0.05020120972589409,-0.010741132702418759,-0.030612399009143004,-0.010295104001381847,0.031234965391775813,0.003415072334905817,0.043811168323663836,,0.693245968107569,0.17988073655662562,0.18682255046756985,0.06421746298871957,0.0832834785137089,0.11703228162786852,0.1532761473423361,0.819074685350755,-0.06738721688999168,0.996508302190535,1.0,-0.2964145781321146,0.1991591441430314,0.6662179371120187,-0.2072520282712344,0.12241849329537487,0.14076277704239104,0.19551381235340348,0.03940157171921646,0.02253212974428464,0.11393451778234624,0.15352854550984157,0.0641594028276473,-0.028446116497109153,0.07978059961658997,0.013013076564532516,0.1901414410008693,-0.2747102601533522,-0.11551970721686171,-0.09564259417688056,-0.17098331243917372,0.03247654323981,-0.08669168880054075,-0.04340956459940287,-0.05176633464906304,,0.8960523948832712,0.2483437435825334,0.26288242415576873,0.2096865494631915,0.22594752217488243,0.14808000961564663,0.12912618639484438,0.1192400087832326,0.15889173962596978,0.13005743711683285,0.11777220658071795,0.12442708961266313,0.20629725802524615,0.23106758331115002,0.12703912697002911,0.12453414330633877,0.14349630475461117
Fraction Of Low Energy Windows Overall Average,-0.045824672326106375,0.0925305582508602,0.3326853857747013,0.11423818502784233,-0.23083940582753143,0.04021544592745108,0.10838890918276162,0.06662034634733677,-0.027909687025996506,-0.09408526934529705,-0.13940322710639425,-0.0785165901503576,-0.07286202478348912,-0.09693461676170403,-0.10764488545419153,-0.08675887863512795,0.047182093165193104,0.17562820902074489,0.14067200110900324,0.15354685976499105,0.1658792201915841,-0.03897152917623866,-0.1116368687794905,-0.1702930371682912,-0.0074020975482085825,0.0026070697436842132,-0.08015976185093572,-0.1165976181313162,0.08948225712444004,0.08620571809418699,0.13009505870045707,0.11524236187692745,0.13461194733973844,-0.08499631092095447,0.03283747999430473,0.278617440849518,0.2285597151850717,0.14866297599384562,0.2802754220691113,0.14254944435224773,0.13736806398697698,0.1930526621702479,0.1491030775369059,0.10217072234910292,0.10748370103382635,0.07877748878077612,0.10571778273663777,-0.02344495631727788,0.19930489657732403,-0.003480541378782341,-0.07111911382417545,-0.008260080401007725,0.013093560359856853,-0.08647886641488972,-0.08067015817330232,-0.08934039228004567,,-0.15907403444405435,0.06170548960236868,0.18059977206189332,0.2662688497975962,0.2820460676374141,-0.19909557329201844,-0.1993588764095924,-0.05766847215537058,-0.13721975852435028,-0.2856614460756238,-0.2964145781321146,1.0,-0.2091810707287148,-0.38791563176718813,0.09824772580953467,0.09431112021457914,0.07038440632856086,0.09717816268190163,0.10494076432007345,0.05607118287152728,-0.23089602503897708,-0.13091193468247844,-0.12333665813234078,-0.044844005420514935,-0.11527980941968516,0.005969844942919508,-0.16639981405480117,0.03618871869680126,0.22288596636857186,0.031631612378518734,0.06635827587065074,-0.09564670439879212,0.01861571918332383,-0.03377174907887898,-0.01807707745298986,,-0.33684564454910315,-0.1245454348370571,-0.05842537788140042,0.04170150807481573,0.02630166414677323,0.09654812775533861,0.11024052911393094,0.1543221685153308,0.13770559531468007,0.024230580906970573,0.004138534355520895,-0.024737118103668333,-0.03287598042472707,-0.101034540458741,-0.07384104150464803,0.08575741216036753,0.06673467673776519
Zero Crossings Overall Average,0.6546167486409625,-0.6021557698223677,-0.28832721860547483,0.06192271874661695,0.09704450014313938,-0.22016677416019387,-0.1029156733814405,0.00398218443120562,-0.015697092210174745,-0.008622681625817287,-0.05735220173772682,-0.06588479458021151,-0.08238980535600089,0.049088227652637206,0.03794529392422143,0.06016107498275257,-0.013643558740458351,0.0012438431433646733,0.07842806424319237,0.022802675532365348,0.0037342569150799086,0.05893175341621103,0.03768072844440328,-0.0022509603609794614,0.04890567609380333,-0.04273389371767219,0.6626248610987316,0.759350655883567,-0.024676526661953895,-0.15995552582433917,0.006287163334831503,0.046436255794749214,-0.02068484512764018,0.776084661213207,-0.052290392071119685,-0.3119994056092116,-0.17096544900691926,-0.13269620802664966,-0.06396149978515206,0.10353440199276527,0.09428490080294406,0.12550882789006607,0.29881779061665237,0.2675291439685149,0.23380427977959012,0.18687411953161306,0.0927188652111214,0.32918004392095596,0.09631522118490742,-0.4449201971407641,-0.021401085556368445,0.3090329265238808,0.4613762542023961,0.5517028602954153,0.5667668568368261,0.6077560897595593,,0.4018469679140477,0.39714542905043393,0.12656579402978643,-0.10088415194170755,-0.144428040535756,0.9708562313690419,0.9696228266350444,0.16406500441868463,0.2484307835652088,0.13503595472019633,0.1991591441430314,-0.2091810707287148,1.0,0.49993250978683224,-0.840924495511595,0.06953031088938447,-0.22631789071650987,0.052572513248488606,0.1527971965825377,0.39114399793793886,0.15467194271172072,0.0112775264119543,0.04874309862343248,0.12125773451578234,-0.08753595756110057,0.01654600933108394,0.9477736483039461,-0.657936968647576,-0.44689211333563383,0.20808962202190598,-0.04241948112850223,0.2456374276774709,0.21313174307576452,0.3770160904911016,0.15907674794900517,,0.5207262889568465,0.9277114318014097,0.7923532193454069,0.6254059160781192,0.6481119921526337,-0.3585787757422975,-0.34987199767789234,-0.24595732884294558,-0.2163997666682137,-0.1998980233863135,-0.28683435394313855,-0.2335909590080087,-0.23785916274169747,-0.13287385417576028,-0.16271568361828817,-0.26487259394673046,-0.2853744913889292
MFCC Overall Average 1,0.4306734318958142,-0.11093648809096712,-0.5582875755032665,-0.35370738568038174,0.1474611820376222,-0.1738791348441019,-0.10038566382770582,-0.0991651191184108,0.0766998374837163,-0.0718232680128217,0.24806998310929518,0.02767647072450213,0.02821562419221541,-0.17144982109330312,-0.10003007795354382,-0.11648085121260858,0.03456438486083578,0.02195240072722819,-0.1458680974151683,-0.001146216170657074,0.024945906016609558,-0.004689873574829671,0.018579080142021732,0.13138464361718005,-0.005530710235654451,0.009174743833688189,0.17250332811110056,0.2762677888285114,0.23972689787558024,-0.4913330705278097,0.3399900375091419,0.3403822290807947,-0.2975466451366745,0.3238610520489153,-0.48438189611135307,-0.6189381883668137,-0.5420660931800744,-0.44742144954395086,-0.43463148049724565,-0.386923527013583,-0.30626578926237297,-0.33346737513130403,-0.14757802162354297,-0.10342666330467132,-0.16286622298699469,-0.1809880308388486,-0.16747781191436736,-0.22984817386607626,-0.06479841310789264,-0.1739827429400133,-0.022655456837479673,0.08640582215317101,0.17074634277373407,0.2634434161525985,0.26982933319897273,0.3233359989129335,,0.4807551112269649,0.03618160799652665,-0.0483086243478631,-0.2390336428983268,-0.2287400360902737,0.4243902263125292,0.41711957546568024,0.4129933592972442,0.2963708585286818,0.6476048650813568,0.6662179371120187,-0.38791563176718813,0.49993250978683224,1.0,-0.5106130196317454,-0.04027641733640655,-0.11131547563113313,-0.02500924614734687,-0.03981283934098599,0.05091275624901847,0.14145350741011425,0.15497229368595974,0.1376120823262912,0.010064417032837102,0.03632240541438539,-0.0025886346880389685,0.3250200594368262,-0.32007878648308064,-0.3940840580740653,-0.02386768656884506,-0.0976776283224624,0.10185733004750204,-0.020140016721779216,0.12096111261638022,0.0773105764261433,,0.7079691086779023,0.5083205543747642,0.44224169657719453,0.39002996991296834,0.3727464881004589,-0.04151100307123166,-0.052572898154489386,-0.07993493478828813,-0.09948233925133719,-0.11952169863710123,-0.16952979637183133,-0.08767166375287672,-0.024592243038134558,0.11185556191077961,0.10084334407939291,0.04739037159929987,0.030790416544618147
MFCC Overall Average 2,-0.7102902543278123,0.5318972660779965,0.1875777927414563,-0.05324616898971563,-0.048550061512046765,0.021641778195860325,0.13574397868618027,0.064299368898892,0.03072227846529991,-0.018143554263760516,-0.06337866963768198,-0.009310498471274298,0.006746680687566875,0.04485934969768624,0.19158047075587506,0.08948251739199005,-0.02056007404408961,-0.12561147539616097,-0.1492206928874269,0.08371068989542538,0.07723708127619379,0.09039526848328083,0.11111461600079253,0.027043307272799636,-0.02169162213199869,-0.024573420789553702,-0.6160232729643572,-0.6790577189562872,-0.05282066176694358,0.10047867642833867,-0.0975498576205545,-0.12454513448404363,-0.0341199661683954,-0.767313077681514,0.00020812403941498648,0.2413128816377465,0.1625513184872401,0.16022324641154811,0.048024819051244026,-0.10581320415466192,-0.07296215497033379,-0.09647680304401646,-0.256696146896254,-0.2116758114460186,-0.19126463339211894,-0.13909577781942603,-0.06647729228634341,-0.295533244840779,-0.2298916188283822,0.4827050477326269,0.09509745953098357,-0.28617719123210467,-0.4736481934701749,-0.5777925177021759,-0.6002742511512877,-0.6308499260506915,,-0.3900251023197374,-0.5028717113067126,-0.29799763724463724,-0.05182428348193562,-0.045977901278652894,-0.7911734404532582,-0.7972950169030291,-0.20406799811621226,-0.2688570145193604,-0.1586521926350921,-0.2072520282712344,0.09824772580953467,-0.840924495511595,-0.5106130196317454,1.0,-0.1703153248073342,0.13129558813844536,-0.05361528248356423,-0.22412892705734658,-0.36813921582907866,-0.07709001860534717,0.03399422235839729,-0.06432566969094879,-0.12450702211563569,0.06409480041539607,0.011499287109348378,-0.7716753562969135,0.5992786218237095,0.6180324936679573,-0.298156892870543,-0.0428727949777733,-0.35823001600808346,-0.2543273770395198,-0.4099548496289036,-0.20809186037752553,,-0.46485072395754323,-0.8727742391852179,-0.7520105323469718,-0.6845539226310163,-0.6586714091790106,0.25882096935074356,0.2200063271020015,0.07761942081806264,0.10656750869244476,0.12694271398706092,0.19791950735224295,0.14497452598012792,0.14205286019027863,0.07066696160767554,0.057159389651944136,0.16939745803286319,0.22253844667780268
MFCC Overall Average 3,0.6214755177367941,0.25068915881534093,0.5551882728277561,0.007431081898933159,0.13824510458586395,0.12343748196277551,-0.019553923325736525,-0.07467615857974205,-0.06362774270076962,-0.09254823694293807,0.13751218767613124,0.10212262242579775,0.08381236420423824,-0.13707032043691442,0.17095301789639888,0.1614317375294542,0.06134198395214478,-0.09253596874938917,-0.038275472203847305,-0.0061038918360333035,0.02197727387696004,-0.08953670095232438,0.016249054757456693,-0.10880893607124686,-0.08037426105256405,-0.02687751195783715,0.25719751036225263,0.3343504498737982,0.26481110262799534,0.23780519373652892,0.11119235490278699,0.1110243936176817,0.1445947179190844,0.3062248671475789,0.21731521399852188,0.1084933649586305,0.07995603545360093,-0.033768253358594014,-0.11452968304584527,-0.1323773097460713,-0.17924683811256953,-0.1178729270527907,-0.15710984219857752,-0.27517020482501203,-0.22576969173591108,-0.2053425543993072,-0.30061905978436315,0.32092573162811683,0.5750690468995143,-0.5327135538271875,-0.3591268747426821,0.06657848492655155,0.14946573876133254,0.1634950394446848,0.1396760717457872,0.11459476540868863,,0.23757363329827919,0.5730089376908627,0.6406064229608859,0.5729281217786483,0.5712564865071786,-0.07856302658302192,0.015867874428296264,0.21965286436410428,-0.20219440673683264,0.10040562736486701,0.12241849329537487,0.09431112021457914,0.06953031088938447,-0.04027641733640655,-0.1703153248073342,1.0,0.29421045339043234,0.5960375208368441,0.3254297113112868,0.28049240914931184,-0.1530471839162802,-0.004501985026412732,-0.06083329857564388,0.14667429475627464,-0.04536431167845534,-0.15549176447408544,0.1951278410302027,-0.5864912163257826,0.09862554218105363,0.43314879444380655,0.1287442215154144,0.16805647026130516,0.047874218077104194,0.05998986229066422,0.0012629531217767979,,0.22642103643326014,0.3065415088073184,0.48818329026938906,0.5639478113407052,0.5603549054244591,0.39855442998153096,0.4198102640101287,0.3542851686675422,0.4348217002729469,0.4642463853154517,0.45554547009456914,0.36004051768458867,0.3372319004529984,0.395999636202681,0.3489840879048287,0.3397320810602961,0.3834504733122781
MFCC Overall Average 4,0.13426789760425287,0.5477474578589878,-0.097192281958088,0.3375726539058152,0.06192450799950886,0.41841210260213946,-0.29981553082317386,0.12078080314642578,-0.17000954570237248,-0.19339557853538786,0.1048301618040526,-0.2081346130090088,0.041316367814581575,-0.04734765354039733,0.18631086988836404,0.022969491793460476,0.1382846964503724,0.07487809798847168,0.0869482161777407,-0.0319761585450962,0.014807619844930118,-0.12952176615045327,0.046002110679344274,-0.07904190603016806,0.024749819174340187,-0.13675390465058448,0.02136962762029752,-0.02186561997445776,0.3491085125983741,0.27765794451521664,0.130431866032878,0.12975924008756026,0.07852604223873451,0.032390116458820596,0.18423970815545562,0.24529956162490033,-0.04196912463847333,0.23215156643173868,0.12878073349184302,-0.023318626195563668,-0.06110649119874857,-0.0811459481068942,-0.1951191918368627,-0.185259543764454,-0.2401322758722975,-0.22114455425603868,-0.1631921879852986,0.06975933135560831,0.16590648435260916,0.2372865426813586,0.1392030324583983,-0.015085268715305656,-0.052702731485824196,-0.10271615583576724,-0.153907193430259,-0.17934413639039204,,0.2186103159638591,0.15694176119951253,0.16600968563865226,0.12454722821576768,0.1721043934140338,-0.3327365957290778,-0.19566955741496064,0.2940817051793865,-0.16778263912529287,0.14049253248766355,0.14076277704239104,0.07038440632856086,-0.22631789071650987,-0.11131547563113313,0.13129558813844536,0.29421045339043234,1.0,0.4669765663463948,0.2514921420987204,-0.05919046363157627,0.0379966342966626,-0.13884388671110626,0.07102868689709835,0.15337402920053525,0.18000413825263525,0.03710879685695305,-0.15484471442622696,-0.012547278828420797,-0.2335890466861238,-0.4027630640818222,-0.260323154034993,-0.11967196552714832,-0.13524543244389067,-0.1589872916480437,-0.1539194773292871,,0.12965922157216128,-0.18545190366354342,-0.12914291342603204,-0.16529801967951296,-0.15093595746308025,0.2194949699062812,0.3403873423090403,0.4275528337039751,0.5635751659085492,0.5894825863640164,0.6152200502596611,0.5428044378119755,0.4266214006925082,0.4120653346053461,0.28813539994130866,0.21385063126971024,0.17911227639530367
MFCC Overall Average 5,0.4940416247405897,0.48058058769625644,0.21319837624829743,0.36639325021381025,0.12073136972280203,-0.17638563714852207,0.08759555116085808,0.05085276844426171,-0.17896814270071915,-0.2203153445842636,0.16804356974944867,-0.13283386163597263,0.054721466099475084,-0.08110737765507689,0.07912292225290805,0.20308101210344523,0.026000454274072594,0.08360399376098628,0.02904841623552246,0.007702642001657202,-0.05462941313810752,0.1268837799679119,0.06860939043156991,0.11444703011994607,0.06765360917272109,0.01319584736948553,0.20035488408635788,0.2154552275583712,0.35562798268020945,0.2249669602949438,0.18327590676302907,0.1828239518335584,0.08919381684941322,0.19828934031519468,0.19285632274712708,0.14006568088535948,0.21539203327144432,0.04320414041434335,-0.05588264999491862,-0.11668857888652033,-0.08002359783504788,-0.06422033475899143,-0.11727918748628512,-0.2082993587720494,-0.20790450616628733,-0.22680080978896722,-0.33060810851520867,0.2244507326733017,0.4659731224573859,-0.25941407319951615,-0.12840206693921705,0.0333225874544448,0.061675414275149464,0.06911713464440662,0.04102291247095406,0.042449360476300504,,0.29147343637137024,0.4029430645120946,0.5095054980239259,0.5143674285199467,0.5057217946722862,-0.06323202606963474,0.04215724162067458,0.343931771443193,-0.40649506388503387,0.1751694142482059,0.19551381235340348,0.09717816268190163,0.052572513248488606,-0.02500924614734687,-0.05361528248356423,0.5960375208368441,0.4669765663463948,1.0,0.45262608623023565,0.2984030175526117,0.08658525936600169,0.010420474447828908,-0.008758070913901529,0.15836964624944833,0.11058382245560942,-0.03791116500936708,0.14965372510419056,-0.37936227211767576,0.09961041589924984,0.03140718006310063,-0.15530816719028026,-0.30224580309760674,-0.39432612868210876,-0.31652643056459395,-0.2742808008250434,,0.27306672425665285,0.16771336213875007,0.30409492784881137,0.33985607268051926,0.35963650673146624,0.25300399960563735,0.39208239035553344,0.369436158329491,0.500928691718166,0.5217364715878214,0.4355479630929026,0.31902376849588693,0.18873036763432133,0.2549135130228798,0.22981624429644626,0.22200201318576465,0.25523489348372874
MFCC Overall Average 6,0.35698326233822686,0.049445695730582384,0.06851110056063546,0.46910984802242367,0.2830044323551243,0.2085777884783835,0.31591927819442317,0.41696429114508665,0.04763802832725984,-0.19093806264366361,0.13309519954192603,0.1614427237319827,-0.1742945360544721,-0.12278675272105147,-0.20026758489243932,0.021557061355996766,0.13573963121966498,-0.05187464820008823,0.01596091299566385,-0.03390422510002685,0.03953491868923329,0.08135304012587362,-0.06863111504355396,0.03610954135914573,0.02577870043685199,-3.1288741174777696e-06,0.23321245380923297,0.21565559481323804,0.14415501127477118,0.0027028618436265722,0.03821845430222875,0.038034249628520506,0.12707225503997313,0.2581361201930175,0.10098063749285899,0.17533091452474583,0.18246691774105142,0.12660711622131035,0.02972758837648839,0.0787882048444092,0.17598507119252457,0.19458528110980844,0.11220742006233062,0.11299407932480401,0.10558967538020052,0.05338415307014317,-0.027391814644284126,0.1620042238256289,0.21559242259537068,-0.0916390713699447,0.002443836869507147,0.11844377558161935,0.10170298114573205,0.13407683321891087,0.11773428452864321,0.12834930473713332,,0.11000181695711515,0.27283440220632094,0.2268724104470016,0.15117540331309495,0.1745508816955716,0.09250729331097632,0.14177901524854408,0.16797689969710825,-0.2718517384719355,0.02397416178251075,0.03940157171921646,0.10494076432007345,0.1527971965825377,-0.03981283934098599,-0.22412892705734658,0.3254297113112868,0.2514921420987204,0.45262608623023565,1.0,0.6414373979306491,0.19410508576178925,0.0577467069514139,0.21020812916244333,0.24747808488407924,0.04583209982974052,-0.05321355682700701,0.1783533155856976,-0.2074390462297443,-0.17587487607019395,0.09314462436070102,-0.0037512952619782633,0.0942952019900718,0.13906096527509237,-0.06873167761018836,-0.30158323358567046,,0.12354667734772211,0.17495113803934445,0.18372216047739648,0.15702964338571035,0.15488155205265328,0.027808353452445575,0.008489493048446836,0.00744297903794121,0.12109407424676645,0.22678810321642962,0.1905174874314395,0.08634280537364743,0.1084193303054723,0.14476699416970862,0.11488831710939723,0.09823087687329175,0.04132892370827802
MFCC Overall Average 7,0.46417781274008096,-0.20249891178351395,0.14219718777214216,0.26635895541624827,0.21261563199332298,-0.10547218909973373,0.24712553139380292,0.5365831900962518,0.028324628252514517,-0.20794233685007593,-0.15999030805353184,0.17054877155597606,0.08866764695988073,-0.0681762795498226,-0.1536764705020429,-0.08885786209494256,-0.11937983506679774,-0.03600967372120853,-0.12445497641000333,-0.04684040134461118,0.005493234875665822,0.0404693414352811,0.005013348914805143,-0.08141782933917409,-0.06163465258114115,0.005390118537403562,0.31176486648358054,0.3579155474709207,0.01910194923584769,-0.10710731845668187,-0.002326487129766526,0.006133522251624486,0.043475203871647314,0.364396442551719,0.027840906036481174,0.016002163912731873,0.182029911882706,0.001134976671346589,-0.09289787190910806,0.07124686745987736,0.12861454060854693,0.16306823309930718,0.16123116532769666,0.14836062617305723,0.15554248921933475,0.16675049915915854,-0.0035557413945874763,0.20478794279830226,0.27012080505240743,-0.35236243673932827,-0.18009988921602982,0.05693302456686196,0.10608357029252027,0.17954435352302145,0.16860142627282076,0.1982978474385418,,0.1273508161048198,0.32062472993114527,0.28897950654429655,0.1760837435667962,0.17586849293490414,0.34968994411263105,0.3635576385999577,0.10734373619944027,-0.2097176666589207,-0.005368361515649411,0.02253212974428464,0.05607118287152728,0.39114399793793886,0.05091275624901847,-0.36813921582907866,0.28049240914931184,-0.05919046363157627,0.2984030175526117,0.6414373979306491,1.0,0.25497978017685635,0.0018981797417439356,0.0131854215549257,0.18934024162522903,-0.07295051047498578,-0.055357304298920655,0.40719629797856277,-0.40740404819874515,-0.020593287704159958,0.1637253034295019,0.01757007372482297,0.04300151543167851,0.17676238102166286,0.24521420808738909,0.010000331915069481,,0.17321003495196446,0.43744618121416756,0.45004735032254267,0.4335430047568135,0.4404200095922004,-0.03851629415281255,-0.08519864692054581,-0.10950884535630412,-6.57943842215317e-05,0.06773963491568519,-0.02503011583616348,-0.07802610699720935,-0.07839462291449029,-0.008683648392213214,-0.037249983056814026,0.0018335190455975355,-0.021890842610043294
MFCC Overall Average 8,0.04196179383909039,-0.006873805250506861,-0.3980126296033004,0.18798709186198784,0.37980326692140365,-0.0945736864484021,0.30649939873360826,0.23837002435298252,-0.32186282377237474,0.19160490760603444,0.10254582128472567,0.1666332095265851,0.33685848477948344,0.3232204405071258,0.17015470817212996,-0.166271026503903,-0.1098056617324742,0.07617194125057859,0.004254354027110711,0.018171359832158514,0.015704001375659936,-0.07402094413339072,0.051782236553637014,0.0023933535733229898,-0.03530464623667468,-0.022647095194852127,0.0896941981237613,0.07926663689918316,-0.012165178742253561,-0.07413952104229186,-0.037878786233758996,-0.026002825081660567,-0.05789680346738785,0.09740229404592271,-0.0038113725658409513,-0.023872435421357707,-0.06293313798219498,-0.0261357592541018,-0.10686528308520638,-0.09696653989189381,-0.06893033137315395,-0.052425209076335536,-0.011943507925043027,0.013457621181407236,0.000511019444804888,-0.0009399086907231753,-0.015626923739611928,0.007810409213753001,-0.10183053381395973,0.10778896610717908,0.21868262542895048,0.0914092813066488,-0.03630792086740559,0.04941833785989777,0.03470338942009285,0.03619289330275024,,0.1223298264358183,-0.02487191928513503,-0.1253344057315863,-0.21084692229964566,-0.20123330123922373,0.14650253202624894,0.1621538648253726,0.10026291098366785,-0.06123526421252464,0.10360941323373951,0.11393451778234624,-0.23089602503897708,0.15467194271172072,0.14145350741011425,-0.07709001860534717,-0.1530471839162802,0.0379966342966626,0.08658525936600169,0.19410508576178925,0.25497978017685635,1.0,0.406005210213314,0.12288245005799364,0.07796311321616811,0.08724638718721732,-0.008710277487053036,0.12779446904078348,-0.0020681192691050236,-0.20730550009756957,-0.10943286465824925,-0.1496132901088575,-0.0465270884829783,-0.14605692902461467,-0.13518985084388402,-0.13510595452323929,,0.1608333052250755,0.05530788338445516,-0.0074567450492119955,-0.10058602987418185,-0.08796873161887919,-0.03912548306631937,-0.11099151992650652,-0.09137286066126114,-0.05727730223545217,0.002803187348320618,-0.06623355603427925,-0.08602192557600503,-0.0784707718635518,-0.05248727626156165,0.03436997192844263,0.06196852046265438,0.030805010223247536
MFCC Overall Average 9,0.046440136748193916,0.09954816383868405,-0.21610340917320556,-0.2349923065555548,0.4117710008986551,-0.024756064195262585,0.5356173225254773,-0.029972946387687466,-0.18536174311568093,0.4647447345647755,-0.10134425654732035,-0.0594209700298209,0.09726631680407685,-0.2418954263270037,0.11496636970538698,0.0788151971039114,0.15207207541353418,-0.024276842982792566,0.10487018907751773,0.06349435931086433,-0.06815922737861316,0.02870690088481372,-0.09586094352678612,-0.01367727589530995,-0.014363615893166195,0.030166150048101095,-0.033315230560932496,-0.003582066306197698,0.10563871457399002,-0.07869763576876534,0.09900358355212313,0.10356933136887157,-0.06613543371130844,-0.02849668859921125,-0.05222312188757526,-0.15166092968462996,-0.10340524300083105,-0.10027311215001107,-0.0924597904779492,-0.1402439469580833,-0.10129637440707027,-0.2279237315838904,-0.12729142405740007,-0.19426729435638201,-0.16906728781325012,-0.14833335120138066,-0.09290089545377399,-0.06027369299465943,-0.00041426152988291806,0.05473939083418659,0.009702218808608656,-0.04360018800879634,-0.11604919276221445,-0.09220778818289402,-0.05723646934438504,-0.03945026666104005,,0.15356623092888785,-0.021162174255027057,-0.017945839391248143,-0.03405671076557212,-0.04326422516286137,-0.008372004454388866,-0.014761083081220058,0.12121784207031323,-0.1922026208162944,0.15407756095013808,0.15352854550984157,-0.13091193468247844,0.0112775264119543,0.15497229368595974,0.03399422235839729,-0.004501985026412732,-0.13884388671110626,0.010420474447828908,0.0577467069514139,0.0018981797417439356,0.406005210213314,1.0,0.40244570733437,-0.06934269015472579,-0.04277076890201314,-0.008393329949928089,0.0043417691919632444,-0.03174956965102335,0.036109446143804555,0.05009898121725159,-0.08604151245961487,-0.03867521406799765,0.04077265109734004,-0.154817827888254,-0.06737125348026721,,0.1297374233490036,-0.00031375397795716377,0.015741144141524357,-0.003331525122222364,0.004983996153916185,0.1785503720211262,-0.01741376846721814,-0.20018787000641286,-0.17214976220871459,-0.10855421786655499,-0.0663835853396305,-0.07083952993136351,0.014291981602911492,0.18552583711708656,0.2702685530884324,0.41808721618282485,0.3133037064383023
MFCC Overall Average 10,0.024472503662607746,-0.0023463099759649325,-0.2106301211873067,0.06070799432062675,0.49219602775083793,0.3160354707312594,0.3039762822058792,-0.1402766165733483,0.2065112040107132,0.19895669488287068,0.037174760543396905,-0.40971331818928297,-0.16220730263389935,-0.18723898144404194,-0.14312141888280422,0.032249049830449995,-0.22988533265878155,0.032116421068410214,-0.0409460192975554,-0.16613276533720256,0.04995729239760605,-0.04583540011548636,0.20986059937710017,-0.10461182415113532,0.03996812383529338,0.07602158075890596,0.016014285940020186,0.042348538363903655,0.0036337448275693637,-0.08745795162956292,-0.0497537932124165,-0.05106358746170286,0.012220190954404327,0.0656467931720417,-0.026349220402700258,-0.0028099189524578468,-0.13365796230001195,0.05133096498099384,0.01554755476688112,0.003313669560727973,0.005801485104542526,-0.04021852677705228,-0.03823326037800815,-0.06693544564498752,-0.08459573158118035,-0.028009511296231675,-0.022040950973728567,-0.05065697353604455,-0.008899449616969,0.1485303695962251,0.12526424978428438,0.02417344829690932,0.03165314408966303,0.04537612897324085,0.008700461261718063,0.012263174586750279,,0.02905436262418201,-0.0059595565702017525,-0.06655413568285391,-0.11519831946441562,-0.10187616669534066,0.023096717263312593,0.03262287506496998,0.034361530061171756,-0.06037527502681197,0.06404530065351573,0.0641594028276473,-0.12333665813234078,0.04874309862343248,0.1376120823262912,-0.06432566969094879,-0.06083329857564388,0.07102868689709835,-0.008758070913901529,0.21020812916244333,0.0131854215549257,0.12288245005799364,0.40244570733437,1.0,0.28738860584594805,-0.11352164762998439,-0.10840652135598876,0.018054540618739384,0.005681326801872548,-0.22706803017553243,-0.061207899968570206,-0.0005069404222151255,0.09568238513548015,0.09235388945025257,-0.1318041461225658,-0.17388331249100494,,0.0776124922552367,0.010521848720541141,-0.0252927534676497,-0.084278955226463,-0.0801519763428826,-0.09031744669959717,-0.21940884588632453,-0.26199113537438484,-0.19965072279944326,-0.048739877266556486,0.051465408785986336,0.14247613734883655,0.2426911373046864,0.3541272436416808,0.36356853691022983,0.21465360378463919,0.0741174105131652
MFCC Overall Average 11,0.15707552064117514,0.023875714630768236,-0.027388112781639707,0.4554993328645139,0.3957347742862243,0.11030184566267025,-0.09106450783339973,-0.20188298759425477,0.5684918649590018,-0.03843266817240824,-0.11418315103113265,0.08999754726989183,0.1921398896440273,-0.006127451970983961,0.09795125127448763,0.015517492168753196,-0.1605330860543092,0.17347804305198966,-0.07891673442575714,0.20237396680168734,0.09990221908821272,-0.0495415706517148,-0.08663627568416683,-0.015115983891161904,0.055742926657638504,0.040198831534785436,0.06464677974103944,0.06067142003866066,-0.029968924307218682,-0.02332129534062864,-0.18872275397547134,-0.17993367678553338,0.0693000170860365,0.1278764761297616,0.06619651483926578,0.074758648617967,-0.011588992108652822,-0.00890327072540252,-0.05027605052464325,0.07489122896444099,0.028901474621308126,0.04795193131909335,0.04064106277477305,-0.029889955821296877,0.019995076381569037,-0.032536321646655104,-0.1417687176782028,0.01482011599985291,0.10014493655323405,-0.11545274579499966,0.052986283589380456,0.06855724943504973,0.16001023768621622,0.1477532182566164,0.14583060791423816,0.06987288408361779,,0.009232966055889821,0.1073614760098472,0.099603070612277,0.03864643457986072,0.05326281291126603,0.06672521582971255,0.1161848110001944,0.05480680037976669,-0.14029189596768132,-0.0469437403800995,-0.028446116497109153,-0.044844005420514935,0.12125773451578234,0.010064417032837102,-0.12450702211563569,0.14667429475627464,0.15337402920053525,0.15836964624944833,0.24747808488407924,0.18934024162522903,0.07796311321616811,-0.06934269015472579,0.28738860584594805,1.0,0.222955685582547,-0.18861744587027401,0.10952844127970279,-0.11068179647537668,-0.14888135053756066,0.11432211179069036,-0.2535164572574349,-0.022689599979698848,0.052940953663758374,-0.10983555756536363,-0.2154236792917374,,0.08171854336015684,0.10258493149959574,0.09856534139887961,0.0731327051184438,0.06242121756518265,-0.33112368373143874,-0.24556905667455703,-0.05915553984107154,0.03468251905820912,0.19170845989763666,0.25186855625078164,0.31792232109691754,0.3580589675146589,0.27903568812764135,0.16900549634819365,-0.127292216719128,-0.2779325766453166
MFCC Overall Average 12,-0.017187387856268426,0.2997366112208035,-0.16678853435256305,0.35751252830133684,-0.05733374126477334,-0.22282648779239336,-0.3607266034210561,0.14714418308950378,0.2798859368320431,0.49344942950854537,0.1847842728340297,0.18825807750147888,0.18470263831048453,-0.04284780643176534,-0.11956297667578558,0.09803163572739437,0.221557480506335,-0.13392340742637598,0.007325033669803943,-0.006841475041661181,0.0025288222721828483,0.0051370731246939555,0.07374788672078948,-0.057158575417867376,0.07749435309131814,0.050508566243360815,-0.006129644189109985,-0.09080429817892724,0.13668652094906883,0.07107454413483641,-0.013905400924205212,-0.017099739156601828,0.024672046651046584,-0.06288412771674967,0.08240388500070125,0.023825859957435986,-0.007450475983753538,-0.06728260760079358,-0.08908440653118758,-0.13167162673875862,-0.10116381498825665,-0.10395343061431948,-0.16427052389434196,-0.12316615800847022,-0.11075129989215746,-0.14772228445401217,-0.11592191863423582,0.01631503661980909,0.05256552134131186,0.09422117180971702,0.11347512642666283,-0.0810129356516662,-0.06233024600595996,-0.10788616725633432,-0.06196910211992837,-0.14526765170780126,,0.03297698459407262,0.012109356774718758,0.05028003663190556,0.08040376733847875,0.10448832758926788,-0.10631700736030693,-0.07717173930716979,0.1261173501846458,-0.18598252183779812,0.08267093464819338,0.07978059961658997,-0.11527980941968516,-0.08753595756110057,0.03632240541438539,0.06409480041539607,-0.04536431167845534,0.18000413825263525,0.11058382245560942,0.04583209982974052,-0.07295051047498578,0.08724638718721732,-0.04277076890201314,-0.11352164762998439,0.222955685582547,1.0,0.3458142128408244,-0.08215369086689019,0.06611739366804141,6.212261972241125e-06,-0.24793222766882902,-0.14922982754906158,-0.27306668256309713,-0.25250744201986447,-0.22568727960528548,-0.1780390391848067,,0.04981815424880198,-0.10009026348661448,-0.08337470933269303,-0.07418627454242044,-0.06642573096722394,-0.24488194123746407,0.03924445411747702,0.2102015003758015,0.2920455592782352,0.39355200096375703,0.3203039155195096,0.2478899434364102,0.17588399449474967,0.04478932276628393,-0.15518038909324827,-0.3390642684236841,-0.3306017199608801
MFCC Overall Average 13,-0.0224751199214163,0.08823296430718111,-0.15942222999389283,0.14964691728676852,-0.30438381718247304,-0.16425132427668018,-0.23729693817929376,0.27359135272934626,-0.15972878323677464,0.4871134405867185,0.02909832118610076,0.1322035261633959,-0.3702524945664326,-0.32234933119590364,0.14455316313667388,-0.02309233720035426,-0.2532451449155933,0.13628860003069548,-0.11380173509012588,-0.08805599448378229,0.03702970932800839,0.018099949823303395,-0.05309293088220344,0.014991392911769732,-0.08304449782368187,-0.1103907821320918,0.04726366812389182,0.031563211045095976,0.0989813288049704,-0.01439256728370875,0.07210761996884613,0.07441946061271368,-0.09937216653533389,0.03252958506450832,-0.059382073192992046,0.03787342860369023,0.038921569224988926,0.07072103793447765,0.16602927937641135,0.06153475149671729,0.07070412780667504,0.030717097442830885,0.01224786808843465,0.07837530016871004,0.04756271183255874,0.034317024428034484,0.07503372938289331,-0.002389811016948741,-0.021289720328804676,0.08347375551022534,0.1335874846705472,0.0047929485061695845,0.020153658956362928,-0.02305412723484378,-0.00435946296614414,0.007037321612407313,,0.07744465986227363,0.015606015876126221,-0.023656630104978312,-0.02531652224743029,-0.027386345115232705,0.025421796922849165,0.04113482451638233,0.07367586325222998,-0.07423063440209589,0.012709422462937495,0.013013076564532516,0.005969844942919508,0.01654600933108394,-0.0025886346880389685,0.011499287109348378,-0.15549176447408544,0.03710879685695305,-0.03791116500936708,-0.05321355682700701,-0.055357304298920655,-0.008710277487053036,-0.008393329949928089,-0.10840652135598876,-0.18861744587027401,0.3458142128408244,1.0,0.02361161824593331,0.015259761732231925,0.0006000170639017886,-0.1796992797817414,-0.06535025079962772,-0.1793879249213364,-0.05387544023510852,-0.012716140013397813,-0.06946148880574077,,0.005878119691112646,-0.015043266095598562,-0.02859007455985944,-0.05657849566000676,-0.037523520054689265,0.024957040959827297,0.20842156027039227,0.2281533695940575,0.21366261400977046,0.28361318247334816,0.22073362284314935,0.05482178973132735,-0.11756821691707099,-0.26225723807717183,-0.3392922490280038,-0.2711075048714809,-0.11595651227507502
LPC Overall Average 1,0.7208265858702002,-0.49474293249000667,-0.16958293596392857,0.08460501823157639,0.05803336271131485,-0.1707789804266795,-0.08989860214833773,0.03115387592312144,-0.05378497516775838,0.0440093438509012,-0.12499566702292297,-0.07765541584251812,-0.12212670160459259,0.16879556161916598,0.0770671539111933,0.17281382727687983,-0.03641890637151204,-0.05075511500758108,0.05906999969018148,0.03394984857253422,0.005434599035592368,0.033252470069188446,0.04007975885906191,-0.03582056723759622,0.05048662359723529,-0.0065340078951773035,0.7649530222839496,0.8551125523747709,0.053889363767967706,0.07762397762712317,0.03645381635040352,0.08047468526574805,0.018584815053580145,0.8229125165651446,0.1715309427392456,-0.1519209759154904,-0.07531414220786396,-0.056123396340177316,-0.022905849105988994,0.1317184922119609,0.07435620520801163,0.1253793721774235,0.2545970951804646,0.20418029116070666,0.18625874158024566,0.15778124901418616,0.04608572539530573,0.5606378306631502,0.21889418387762555,-0.46577753386070464,-0.06832464099704781,0.26543635645374747,0.4059103829479378,0.4851084502603701,0.493177043569898,0.5274045177417178,,0.4595745659364406,0.552844786412558,0.2562676305260972,0.05216473978866924,-0.014212141656140109,0.9155721621874621,0.9453609096812138,0.20729384629828426,0.11785820689315472,0.12359144086142494,0.1901414410008693,-0.16639981405480117,0.9477736483039461,0.3250200594368262,-0.7716753562969135,0.1951278410302027,-0.15484471442622696,0.14965372510419056,0.1783533155856976,0.40719629797856277,0.12779446904078348,0.0043417691919632444,0.018054540618739384,0.10952844127970279,-0.08215369086689019,0.02361161824593331,1.0,-0.736867618418187,-0.3441196247506575,0.2366904152478265,-0.01618810042568499,0.24613007513664303,0.22567356224662805,0.34165226003307286,0.13306894234857597,,0.5150364058563484,0.9067428703859532,0.8087717778553827,0.6246169331626261,0.6699009630392065,-0.25578880471545695,-0.2446982708984045,-0.1407649977010323,-0.08718489338542502,-0.07301548228805707,-0.16014327431543857,-0.13451801985733136,-0.14353210843431166,-0.0646610072770283,-0.11621169205320035,-0.1929902143109929,-0.1946183620855019
LPC Overall Average 2,-0.8607389057801799,0.11029489366736582,-0.19668646158202582,0.1559166685384885,-0.15307119698291013,0.12149307788394076,0.13964218778652976,-0.11266387832203077,-0.030936173304895172,-0.07253607198312965,-0.003966686906699812,0.11065378318148893,0.07517541823067533,-0.08685235855671651,-0.15916791316720802,0.03259140013332394,0.04150408806353941,-0.004542586650820076,-0.05887793184753429,-0.050307354554042207,-0.05801441084737239,-0.051552736943846614,-0.012851163055659674,0.004164265531179965,-0.04918600821005271,-0.012744860805122623,-0.5108613003348205,-0.7025147250696354,-0.24557560990824687,-0.07394582090315176,-0.13935907013884455,-0.1669926501794183,-0.006805308077492557,-0.630808213966545,-0.10886333377428244,0.18097675216086154,0.07617952349899047,0.17492638505519784,0.1881856211551588,0.14311601181194117,0.19039598455448167,0.09089923298035635,0.01620708910245435,0.14027361993778653,0.1106934621777802,0.1445367736304744,0.22818119447509078,-0.39935801832258316,-0.551301946559612,0.6106104525774061,0.3889875997268587,-0.02727744362087913,-0.18642956556282447,-0.26216797422693383,-0.2613035543593562,-0.304155770813022,,-0.5264184522506015,-0.6294638477405552,-0.5671980686949748,-0.3607171161850284,-0.32354814887679134,-0.5063488627751366,-0.5512091415353225,-0.32307847546444557,0.00515749817489336,-0.21453402874090696,-0.2747102601533522,0.03618871869680126,-0.657936968647576,-0.32007878648308064,0.5992786218237095,-0.5864912163257826,-0.012547278828420797,-0.37936227211767576,-0.2074390462297443,-0.40740404819874515,-0.0020681192691050236,-0.03174956965102335,0.005681326801872548,-0.11068179647537668,0.06611739366804141,0.015259761732231925,-0.736867618418187,1.0,0.0450728742243581,-0.2387620698016997,-0.14702045669171318,-0.3031171868404716,-0.18634143086792856,-0.27029919126850505,-0.10089234629104034,,-0.5573281339390699,-0.852718224381703,-0.9492687278374085,-0.8621028746762507,-0.9083153458637673,-0.15019374085567513,-0.16679400608895903,-0.16077136865434216,-0.2438201068344994,-0.24914500492668562,-0.21763930422694733,-0.23690038448114797,-0.2236299487247483,-0.2843440513320122,-0.18500115381046486,-0.17210153870024877,-0.1787299178416325
LPC Overall Average 3,-0.2560016456526709,0.34948310913695396,0.4995763978745128,-0.23688315519308903,-0.12689144480619458,-0.44179119092984653,0.25226812714235963,0.1848832147823283,0.24758114429682693,0.01587060694386065,-0.17208251682971762,-0.05123686263397192,-0.05085448581135352,0.06854650824247747,0.22585989487840594,0.03906082391640744,0.00036359260546425717,-0.07867405246695412,-0.04527768488071811,0.04018776820220662,0.07528335781881285,0.05785307507770988,0.09727255553483477,-0.03348427202940022,-0.015163980468237652,0.0041879605472188814,-0.39237717826609847,-0.39553884518560123,0.015585139499996847,0.09866429366769754,-0.0002884034871811002,-0.025304632240539582,-0.0045813040041439,-0.535258098132184,0.05788967801067208,0.05493246247637344,0.28940389795528765,-0.028125747511607898,-0.027052981754556657,-0.08393849707027301,-0.0949658011617262,-0.05478775065090119,-0.12163013202462798,-0.18432222286923816,-0.1439272391096878,-0.1074889495956159,-0.1151698613526219,-0.09693393182083332,0.141781569526375,-0.10029828423733125,-0.4195391578301675,-0.43672596225833143,-0.43430975264825283,-0.4934168447826718,-0.4913733890583663,-0.48469852903603416,,-0.25464659224802927,-0.20866300472441693,0.08580530732888371,0.30623105666796624,0.27886615703712103,-0.41591255906147123,-0.49463414190255395,-0.10429345519785016,-0.3413626637622392,-0.09804829372066504,-0.11551970721686171,0.22288596636857186,-0.44689211333563383,-0.3940840580740653,0.6180324936679573,0.09862554218105363,-0.2335890466861238,0.09961041589924984,-0.17587487607019395,-0.020593287704159958,-0.20730550009756957,0.036109446143804555,-0.22706803017553243,-0.14888135053756066,6.212261972241125e-06,0.0006000170639017886,-0.3441196247506575,0.0450728742243581,1.0,-0.025614582953237163,0.1291576106847217,-0.2899977715812503,-0.21211597160381493,-0.2749614498034258,-0.16252197422736697,,-0.2379787398180899,-0.31827008720251176,-0.11696513999320766,0.020384058599483647,0.05057701007579678,0.24976505150311482,0.15721812449306116,-0.018705907696011194,0.06104092533030358,0.028475197732219373,0.0633954127511794,0.009583637436189132,0.02002281143229441,-0.016861295407084073,-0.09895776850780892,0.12453089429073252,0.20964858657093588
LPC Overall Average 4,0.2887408401241183,-0.3327060773326661,0.41877778685439004,-0.05883407516490179,0.027072848743815773,0.02711286026107653,0.2827763534490287,-0.4235562287783338,0.017001188075816322,0.021380103206218103,0.08694736556936726,0.510112671536401,-0.006705749873844239,-0.0473254734580887,0.006765426952619931,0.19350139638338348,-0.11668623492857179,0.042569718776629156,0.03619753718027158,-0.07577283622252418,-0.009410664260905666,-0.01818798895960975,-0.006614386446737087,-0.01512399898045797,0.010329786976396362,-0.09390410827013931,0.1807628838934769,0.21668690439229604,-0.12712831063858704,0.06763495586110785,-0.07958596167910217,-0.06903851665369774,0.07633520610294454,0.22218251105260858,0.09306459504653453,0.10376308278419771,0.13791359129345512,-0.017756532618886878,-0.012703520724555209,0.09345040284958259,0.031181134560911393,0.06255755136579448,0.12962795963764123,0.05348161183850722,0.1164798652929415,0.12132264498390716,0.0261853333339104,0.18500087887763328,0.22058572703064921,-0.47035303543521884,-0.11079052497922434,0.28287012195405314,0.3472823136195889,0.37850847429517254,0.3577453224237481,0.36088119756106013,,-0.030594127057817503,0.310128560474,0.27650042088170984,0.24033619757064464,0.20986739621376563,0.2151581699550221,0.1876099558980421,-0.09470957635359517,0.08526028537612496,-0.10972179074842767,-0.09564259417688056,0.031631612378518734,0.20808962202190598,-0.02386768656884506,-0.298156892870543,0.43314879444380655,-0.4027630640818222,0.03140718006310063,0.09314462436070102,0.1637253034295019,-0.10943286465824925,0.05009898121725159,-0.061207899968570206,0.11432211179069036,-0.24793222766882902,-0.1796992797817414,0.2366904152478265,-0.2387620698016997,-0.025614582953237163,1.0,0.20977505477906216,0.3679924871436606,0.22866872064954172,0.09498199433613314,0.07294146373204731,,-0.009921896962812198,0.2708360307135385,0.281986277579942,0.35317469706879323,0.30283340995154046,0.04924051387295748,-0.031879260459583336,-0.058975549596200876,-0.1437076845381425,-0.14415002636356958,-0.14612872288542247,-0.21723442800990592,-0.18902218394056816,-0.1520404419675099,0.013316732650798501,-0.0015142784300819,0.03577164825950378
LPC Overall Average 5,-0.03418030583537253,-0.31736544115175264,0.4395464758083018,-0.31008323156047285,-0.12498401304469095,0.15103784918024227,0.10331767201514125,0.2591928893823443,0.08095962849380386,0.15951426700501853,0.5629970996115778,-0.16459023320417368,0.007126744928021586,0.11200415647829182,-0.12971162054919932,0.09355930495521414,-0.17489546641151235,-0.05290955427333358,0.05866784414122312,0.16838471916370282,-0.010473709372773796,-0.059850083609043904,-0.035420501438612376,0.031795264336214685,0.01270767584269019,-0.032525189079123204,-0.09653750640340672,0.005734135220923716,-0.2119970396208448,-0.0107734046821647,-0.00791761930607441,-0.007536457148146672,0.008282587895191136,-0.09460660808361658,-0.012692250069169443,0.02542977735661593,0.04141185352191471,0.014544421173415444,0.00020623369550424247,0.09322742912084378,0.14362766441534297,0.22914766343782714,0.16960633468461545,0.18954697994565473,0.1989591782297617,0.15976535896774297,0.20598506146651605,-0.012275764014486542,0.051054944100449855,-0.08404483595330474,-0.22977832744522145,-0.09232136931644223,-0.02944148526492824,0.02039968453288254,0.09092630029358968,0.10701600418226065,,-0.14989823593122262,5.254048284341829e-05,0.03135552208348935,0.023071211407858918,0.008993841993651327,-0.009107478191857215,-0.10041987727694207,-0.3185787980888573,0.240491939898857,-0.1612739635579228,-0.17098331243917372,0.06635827587065074,-0.04241948112850223,-0.0976776283224624,-0.0428727949777733,0.1287442215154144,-0.260323154034993,-0.15530816719028026,-0.0037512952619782633,0.01757007372482297,-0.1496132901088575,-0.08604151245961487,-0.0005069404222151255,-0.2535164572574349,-0.14922982754906158,-0.06535025079962772,-0.01618810042568499,-0.14702045669171318,0.1291576106847217,0.20977505477906216,1.0,0.40425839803571306,0.1889276292016196,0.2681106907135769,0.25382486452092123,,-0.19548175257192765,0.07908938106140918,0.12635392998949738,0.15859438818899793,0.16499525606544035,0.04306029467345792,-0.05695610408272422,-0.18845885836049728,-0.20431154519875097,-0.16254804553447222,-0.15389643006175135,-0.08547317901811517,-0.0684170851653438,-0.07291950450748133,-0.08783062334612725,-0.03548977460267384,0.04458500315446504
LPC Overall Average 6,0.25059672011208695,-0.4519466361972576,0.1320041775432128,-0.2784220753935248,0.008476776619952442,0.5621426110815162,0.0283615776736907,-0.011014556284920471,0.12323851197994104,0.09902096192855434,0.21551737103528304,0.15441857247309068,-0.0827678718769969,0.22107991400510552,0.1482720225198032,-0.1626046699739225,0.1445924889922707,0.04857202660354414,0.01621511914184958,-0.18910178549187695,0.0929552020559418,0.15888248081529063,0.04634951499833851,-0.054679789348381545,0.0002796909315081962,0.03947815612310027,0.18846786561073342,0.2922500184797963,-0.08455125561893531,0.04166686504235357,0.032774159325695655,0.051464288881786315,0.12916999607059518,0.29128262545361816,0.03470993370325924,0.012113321765359295,-0.056890094889507636,0.09172261666402405,0.04260072938336648,0.10587101795519614,0.08381995640449623,0.128619517654042,0.19775710328228563,0.15746094844627317,0.23590274788822654,0.18978661758079468,0.22408205001499135,0.14673176865932575,0.10788445400444574,-0.08891849038423294,-0.11709989508882741,0.20123549001356814,0.24760030832105273,0.2990889359752568,0.2754363605994607,0.30951426129927895,,0.124888358154924,0.2108398990327242,0.08370724232802292,-0.07800907041856206,-0.07540261147359971,0.22772496560472383,0.17851710850841027,-0.0848658249344424,0.4391955386096439,0.02081678812467405,0.03247654323981,-0.09564670439879212,0.2456374276774709,0.10185733004750204,-0.35823001600808346,0.16805647026130516,-0.11967196552714832,-0.30224580309760674,0.0942952019900718,0.04300151543167851,-0.0465270884829783,-0.03867521406799765,0.09568238513548015,-0.022689599979698848,-0.27306668256309713,-0.1793879249213364,0.24613007513664303,-0.3031171868404716,-0.2899977715812503,0.3679924871436606,0.40425839803571306,1.0,0.5887348141075491,0.42044025140856606,0.26930765239104815,,0.10708374050749679,0.3178629984186405,0.28057235311962586,0.226316162070693,0.20774896959937653,-0.021000350992936047,-0.15911522370985343,-0.1601406835728256,-0.21779690039337657,-0.17333965319908048,-0.03260138822119971,0.018846203276214453,0.09355889372890777,0.060992550282424986,0.06884981669835885,0.015242488868879599,0.01689291194656826
LPC Overall Average 7,0.14171287565795923,-0.43466928477153655,0.08877551091970523,-0.23902158363389703,0.044838874182544335,0.5743570311967854,-0.020182353938447587,0.2194630535892979,0.16383547614947677,0.10851819627558792,-0.3331917978560511,0.22504336617798493,-0.1684446977796468,-0.06540623494846327,0.040529653967422384,0.010958013714925486,0.11769290557691067,0.04435462915662461,0.06348413515410856,0.15862727323676293,-0.022799707213962822,-0.0894916435285234,0.10567100532549169,0.1375050067364864,0.02116532926201771,0.009294228455253396,0.17577219771802657,0.24938268954278114,-0.1091661566373164,-0.032597167845389095,-0.008367930848213597,0.014469419939650095,0.06445043610726622,0.2419604670988578,0.015317243008747504,0.08223405051867616,-0.05726381573663956,0.10559826019236096,0.0730929931918847,0.19242756788296678,0.16361457250592534,0.15286087752646776,0.16270955535244838,0.13388553065337738,0.17985704012978285,0.15736706318740337,0.18294246405027054,0.13888928372552187,-0.024867629808554705,-0.06305373521937298,-0.06021227152125637,0.06818911240202304,0.053747637693071774,0.07851701996076596,0.07665593757066193,0.12034035279662005,,0.08750468650463826,0.16220485005221072,-0.0034386487435769187,-0.13196039312340602,-0.14076400572689954,0.22384759197275048,0.1832275314635656,-0.11360316718445808,0.1632532007968112,-0.09899206573268075,-0.08669168880054075,0.01861571918332383,0.21313174307576452,-0.020140016721779216,-0.2543273770395198,0.047874218077104194,-0.13524543244389067,-0.39432612868210876,0.13906096527509237,0.17676238102166286,-0.14605692902461467,0.04077265109734004,0.09235388945025257,0.052940953663758374,-0.25250744201986447,-0.05387544023510852,0.22567356224662805,-0.18634143086792856,-0.21211597160381493,0.22866872064954172,0.1889276292016196,0.5887348141075491,1.0,0.5574837054356816,0.32211549786484267,,-0.008483103031399167,0.2333834822771667,0.17669849819681294,0.09940634915115473,0.10079490127612134,-0.06121092067901113,-0.17093502277423672,-0.1974142376292556,-0.1888431936940133,-0.10898041534621407,-0.046891070697125704,-0.03180737444212273,0.0308262356541458,0.060563211461231885,0.06799058551170065,0.06549216005823916,-0.022905064558092502
LPC Overall Average 8,0.21810890702568372,-0.5769302953847628,0.06948282281814297,-0.25277026006225317,-0.15310363257752926,0.2907310471595214,-0.2583382647621508,0.2645573282560839,-0.04452413710642999,-0.049185376554797745,-0.17323266639225945,-0.005626000908806405,0.24225922096337082,-0.1987245527748009,0.03590272421640451,-0.09798234392298451,-0.07774985837857726,-0.14406302403222804,-0.10629259853221339,0.06542055127028512,-0.20221128286448922,-0.03393742687719833,0.0804767316996617,-0.11332784794214161,0.05625764792096084,-0.06556263083562741,0.22204432168617833,0.3178266648870937,-0.17027543324493227,-0.08863759363248179,-0.05050612012523239,-0.03400771973937321,0.0626005234419778,0.3254971606835671,-0.05454308899315078,-0.09720856706629775,-0.1161230774016519,0.01911848624468177,0.014997907386321944,0.16893791941460076,0.13266773379753635,0.2019998790183274,0.28399526331696706,0.2965109212214395,0.2728096999992854,0.25514296341762915,0.20847797770269996,0.11956778624092586,-0.0026962965384425526,-0.18721973086069574,-0.07082920413338671,0.1404916340318557,0.24083035369084851,0.28675910998537224,0.3486326414779323,0.35977418171743053,,0.05576741686479277,0.16011782174447448,0.03169156593094918,-0.1528287527942872,-0.1340714294434073,0.3887377127394191,0.3401742358028281,-0.14314921979297657,0.3223538329355108,-0.05608103118607592,-0.04340956459940287,-0.03377174907887898,0.3770160904911016,0.12096111261638022,-0.4099548496289036,0.05998986229066422,-0.1589872916480437,-0.31652643056459395,-0.06873167761018836,0.24521420808738909,-0.13518985084388402,-0.154817827888254,-0.1318041461225658,-0.10983555756536363,-0.22568727960528548,-0.012716140013397813,0.34165226003307286,-0.27029919126850505,-0.2749614498034258,0.09498199433613314,0.2681106907135769,0.42044025140856606,0.5574837054356816,1.0,0.6264614942112955,,0.05055027551223176,0.39727185847188984,0.32513599018441475,0.28229939278198896,0.2691590191923507,-0.11470948962786061,-0.19497672902370436,-0.1822399666243443,-0.23697464058027248,-0.21029534732164087,-0.1891175331431304,-0.13396123263264553,-0.10571830303300453,-0.10578667706861969,-0.10404462939017589,-0.11794698065268547,-0.11503760784508987
LPC Overall Average 9,0.04453845518872208,-0.3841003861375145,0.06890142992606334,-0.3998514373220438,-0.21251422846416398,0.21096044913719667,-0.25404300594630086,0.13856049892040234,-0.15102057729726928,0.001938066410544687,-0.15728577077080533,-0.06891929432322515,0.5257426490363587,-0.16718739735532065,-0.05245357065168153,0.21327619511703982,-0.11568005490601965,0.05851474001682508,0.05876970873745139,-0.14380531084348463,0.1619538961786821,0.1357078943632182,-0.03963472612458656,0.04662301139454919,0.016442420202054192,0.06850420760250009,0.05331239064087181,0.13801430963646516,-0.10654302336645603,-0.04157993415822876,0.05087712529631202,0.06081694034162777,-0.0009297601252160808,0.12012244255999265,-0.05827452440854742,-0.09908533237234482,-0.13967592486168343,-0.06538891135983932,-0.06416969803168728,0.07693065282060137,-0.0015232526290372538,0.09329720255541286,0.15667844186540705,0.15939467460108458,0.10677757510410003,0.15235720806647143,0.14531178585439147,0.025968207219544463,-0.05730696631048725,-0.09410911173358084,-0.09604921105211679,0.03389456334982003,0.02745174389538093,0.06739520915480442,0.11013863078850328,0.10220213468198718,,0.03552977905719024,0.038290013685507475,-0.02409959983091639,-0.12513024304234466,-0.10750024220425937,0.18635377332462638,0.14420917200425662,-0.15710572541176637,0.27958936686171165,-0.051287451759956346,-0.05176633464906304,-0.01807707745298986,0.15907674794900517,0.0773105764261433,-0.20809186037752553,0.0012629531217767979,-0.1539194773292871,-0.2742808008250434,-0.30158323358567046,0.010000331915069481,-0.13510595452323929,-0.06737125348026721,-0.17388331249100494,-0.2154236792917374,-0.1780390391848067,-0.06946148880574077,0.13306894234857597,-0.10089234629104034,-0.16252197422736697,0.07294146373204731,0.25382486452092123,0.26930765239104815,0.32211549786484267,0.6264614942112955,1.0,,-0.038340452183031615,0.17744455584671925,0.12755201936857066,0.1180521693433382,0.1048924530764128,-0.044332781366039596,-0.1450445782969205,-0.15277678601417888,-0.16445464098139062,-0.1543366421927682,-0.15243129520117435,-0.14809136213675558,-0.149646698824166,-0.10296727520731411,-0.023218786210852754,-0.028397045537310907,-0.06444507524389607
LPC Overall Average 10,,,,,,,,,,,,,,,,,,,,,,,,,,,,,,,,,,,,,,,,,,,,,,,,,,,,,,,,,,,,,,,,,,,,,,,,,,,,,,,,,,,,,,,,,,,,,,,,,,,,,,,,,,,,,,
Method of Moments Overall Average 1,0.7065868611076795,0.1690036252282462,-0.5110052653610679,-0.261888318434084,0.03229293678478625,-0.08665940789201007,-0.01642798932736136,0.018880514792850613,0.15210763261499702,-0.12049249335343826,0.10596888557650246,0.058660658722705705,-0.028316573647991873,0.04160885781774869,0.12400608031127272,0.0657164324516801,-0.05265885514185583,-0.04218817540330737,-0.012322766689144308,-0.07911652909463301,-0.1251208657057611,-0.01191566691487845,0.06041502456112816,0.07688365271343092,0.01771025521534465,0.02998912540426134,0.3268308684394434,0.434923830297332,0.5596284679762157,0.008166713392868539,0.4990362759429707,0.5037767249532049,-0.15825127994330346,0.42085416368164547,-0.0326069288227257,-0.3140089668037255,-0.26715626832101325,-0.21779011890985198,-0.2849504457329083,-0.26619059480413626,-0.28023151370971755,-0.28940391322099634,-0.16247929013052131,-0.18206893246456332,-0.21963571318421493,-0.2556711997732409,-0.2877349186110689,0.14751656344891917,0.18599801653282186,-0.2795065211773921,-0.09745488362373356,0.0052141529645936295,0.08585064889762643,0.15488918247277453,0.1186337259724604,0.17531835049094083,,0.7725726063060563,0.3070032630269219,0.22538479747927667,0.050192075788456844,0.05050562622359879,0.4049083444976347,0.46009362950874894,0.7861453247590844,-0.04743374982133125,0.8570620488924066,0.8960523948832712,-0.33684564454910315,0.5207262889568465,0.7079691086779023,-0.46485072395754323,0.22642103643326014,0.12965922157216128,0.27306672425665285,0.12354667734772211,0.17321003495196446,0.1608333052250755,0.1297374233490036,0.0776124922552367,0.08171854336015684,0.04981815424880198,0.005878119691112646,0.5150364058563484,-0.5573281339390699,-0.2379787398180899,-0.009921896962812198,-0.19548175257192765,0.10708374050749679,-0.008483103031399167,0.05055027551223176,-0.038340452183031615,,1.0,0.5680601690758209,0.5611998341774274,0.4463952507232182,0.4751137353434891,0.07170647915463396,0.08342278112462166,0.11150983996954818,0.18562316642889876,0.17214352421611345,0.1258663683161521,0.14070829280675154,0.20237159985994255,0.2742665662749069,0.15955897438303826,0.10979611786799102,0.09496043379292075
Method of Moments Overall Average 2,0.8111552890843733,-0.4739357140487985,-0.06534443440405921,-0.07332576560758397,0.10718954999176689,-0.210607972435631,-0.13288591541474917,0.03865874026047865,0.025565991107841583,0.014682976147861645,-0.011827997206820678,-0.08627426382986741,-0.07053463067473068,0.03522020272656979,0.028143519338775205,-0.024245620318522038,0.0019794694753530475,0.03450518167541955,0.08615388650241092,0.004624834777943989,0.004951038959558522,0.011378585207927082,-0.0046044558434370445,-0.01018326170434016,0.03768950196574908,-0.014072907112497758,0.6399596762984787,0.7779688447944854,0.07638630920667912,-0.10568913472593268,0.08433540477591406,0.11830014035804151,-0.009900914733438706,0.7712098939963901,-0.014340592458299533,-0.32854528913607034,-0.15586127821605078,-0.20915279745451845,-0.13907161568160664,0.0021526090844624164,-0.026468116026582902,0.03502158465160957,0.1963224637249088,0.11601790511309262,0.10728028958974004,0.07027961720504922,-0.027463950382385218,0.3582582321809634,0.32193279552896986,-0.6065377723270581,-0.2479103472353141,0.19292118968558583,0.38479249716222075,0.4847574198932119,0.4995677709559265,0.5471688976275203,,0.46684712279299145,0.5365949954375998,0.3575726458804764,0.1146046817478236,0.07620327023294247,0.8478388365643021,0.84850230180873,0.2295982450846492,0.20269501730429917,0.18391289331601668,0.2483437435825334,-0.1245454348370571,0.9277114318014097,0.5083205543747642,-0.8727742391852179,0.3065415088073184,-0.18545190366354342,0.16771336213875007,0.17495113803934445,0.43744618121416756,0.05530788338445516,-0.00031375397795716377,0.010521848720541141,0.10258493149959574,-0.10009026348661448,-0.015043266095598562,0.9067428703859532,-0.852718224381703,-0.31827008720251176,0.2708360307135385,0.07908938106140918,0.3178629984186405,0.2333834822771667,0.39727185847188984,0.17744455584671925,,0.5680601690758209,1.0,0.95411853100565,0.8459248767713826,0.8639976757990889,-0.170945184987123,-0.16890781944338412,-0.10087732423981673,-0.06114052853594137,-0.06587876897047497,-0.13282956564030104,-0.08080479628830531,-0.07877813105744082,0.017721713769791307,-0.03919054980914606,-0.09506290866597664,-0.1097605520674015
Method of Moments Overall Average 3,0.8615715787764108,-0.2896903062500089,0.12397051935712691,-0.13715717184703535,0.12329390620056241,-0.24843002945631779,-0.11766699495648268,0.06402898704703919,0.05507893429923715,0.028656677716256743,0.004413917551436385,-0.10885573344213895,-0.0588005758429632,0.018401097683175213,0.07937594504036001,-0.06095174515313025,0.010913606030657927,0.027447017832884935,0.06050174231214401,0.023575658964074007,0.027816342518547463,0.013289919894870258,0.004321855931867616,-0.0017439728091674948,0.027400338009025336,-0.008942268887542947,0.5588434624166955,0.7235288608496737,0.15734986996216582,-0.05183219389538267,0.12113910338119058,0.14855229711262666,-0.008043323559343764,0.6855559355989932,0.021223831248533376,-0.30845403165158564,-0.11183891107963762,-0.24340064166210007,-0.19201263319254527,-0.09020546215316405,-0.12187918528536024,-0.041633575192285346,0.08861078880882747,-0.02380931732370443,-0.00984537558917715,-0.04130827896554226,-0.1404523453497348,0.353560532107369,0.4812133805592481,-0.6716888805190848,-0.3839198294749177,0.0947378025632025,0.29479349189846893,0.383132151490247,0.39337739057816556,0.4415716094401758,,0.4775138928083737,0.5883016932126328,0.5096106790614849,0.2948536163896595,0.25653784745408476,0.6736235403955416,0.6841970523581147,0.27065993830472446,0.09234618408442817,0.2013012341531434,0.26288242415576873,-0.05842537788140042,0.7923532193454069,0.44224169657719453,-0.7520105323469718,0.48818329026938906,-0.12914291342603204,0.30409492784881137,0.18372216047739648,0.45004735032254267,-0.0074567450492119955,0.015741144141524357,-0.0252927534676497,0.09856534139887961,-0.08337470933269303,-0.02859007455985944,0.8087717778553827,-0.9492687278374085,-0.11696513999320766,0.281986277579942,0.12635392998949738,0.28057235311962586,0.17669849819681294,0.32513599018441475,0.12755201936857066,,0.5611998341774274,0.95411853100565,1.0,0.9402803119144,0.9642489169720848,-0.0034221764739746606,0.002724971335439215,0.0174184536260871,0.0812043132997182,0.07298892620377835,0.020163251335824917,0.054403968842589065,0.04791406130977136,0.13943886411622952,0.060201029349529166,0.04247041004962951,0.04456332601910444
Method of Moments Overall Average 4,0.8088148811079918,-0.21785441051192866,0.2957211263230656,-0.15662114205462335,0.0690825716983347,-0.31303715209628785,-0.06737563333264254,0.0034126808333163347,0.08450135043303361,0.011216211935261029,0.03889362467295682,-0.08020845940535007,0.01637333828596938,-0.09052327179876596,0.02315513967892623,-0.14498658093790762,0.060741356727742016,0.06652400902947708,0.03354819692262549,-0.019107554475909814,0.002279090882828614,-0.0309451559240814,0.007415040830284578,0.0009278302022735402,-0.020399693262126428,-0.0030059510907050426,0.43502172891684254,0.5640026685471418,0.14057460542970995,-0.06381768611688345,0.1361956580358874,0.15079642111110825,0.011588670043798122,0.5562182317948222,0.005916804533345157,-0.3026092986437361,-0.05431554198044916,-0.3002875262149178,-0.19870484426040513,-0.11688717452562153,-0.13879697770221475,-0.06450378914966057,0.06941746662970802,-0.04672799333623809,-0.03198096068164688,-0.05182793725154164,-0.15519472763435585,0.26490254631266696,0.5642011690865671,-0.7277236308115144,-0.48423489657854846,0.06773210047624102,0.2961483226631149,0.3730799251078161,0.38089483001566427,0.426102963093072,,0.35924769832059944,0.5570697749554416,0.5963804614787629,0.43771974242646516,0.41579503734993667,0.5114838984140718,0.49904336382167624,0.21969173812050238,0.055666134283164206,0.16180726344907376,0.2096865494631915,0.04170150807481573,0.6254059160781192,0.39002996991296834,-0.6845539226310163,0.5639478113407052,-0.16529801967951296,0.33985607268051926,0.15702964338571035,0.4335430047568135,-0.10058602987418185,-0.003331525122222364,-0.084278955226463,0.0731327051184438,-0.07418627454242044,-0.05657849566000676,0.6246169331626261,-0.8621028746762507,0.020384058599483647,0.35317469706879323,0.15859438818899793,0.226316162070693,0.09940634915115473,0.28229939278198896,0.1180521693433382,,0.4463952507232182,0.8459248767713826,0.9402803119144,1.0,0.9898239655426527,0.055362038654106,0.06396449656648219,0.05010921161812987,0.1004284674678763,0.07496506045770755,0.025963295875051487,0.03498978768617692,0.02287579150255619,0.11969966291865305,0.0664994168099264,0.0762961139227367,0.08777380473314787
Method of Moments Overall Average 5,0.8277678615097468,-0.19161783741775698,0.28066578377531176,-0.16215911290155366,0.06840128116553887,-0.32316776333383745,-0.07512810997669075,0.04872968495444438,0.08157513038672842,0.03252073388148189,0.012984999171629001,-0.12175181180379573,-0.016482215275813072,-0.03986549974983442,0.04868802278779239,-0.1113463125599014,0.038526109116847944,0.038085515385266715,0.0381065982232511,0.013643398407757605,0.018143205986857997,-0.0128306563033379,0.010438277582286267,0.006602627258487613,-0.010029604038900568,0.003141895674521264,0.46702920304558915,0.6117556476986574,0.1741867366230949,-0.040727624575929454,0.14436820191250485,0.1611608002387714,0.0028966482597606058,0.5755212153814678,0.02594916178089612,-0.2902888798370053,-0.04472094645136766,-0.2805924517275667,-0.19867531883168774,-0.11560647861801458,-0.1413579190027321,-0.06403416613182894,0.05372835194817882,-0.06597959195078944,-0.04766007715643253,-0.06793222224324334,-0.17063358294583486,0.3106817861690467,0.5725696680148363,-0.7137037146734425,-0.47797074551835234,0.039402261650421495,0.2584828228849351,0.33267468591735266,0.34475179042643933,0.3904076008390066,,0.4007019452370907,0.5790708063112138,0.6017519397157355,0.44408278180163596,0.4102010940593381,0.529912045174363,0.5277151339375239,0.24641468452400708,0.02028873494347679,0.17425504602338013,0.22594752217488243,0.02630166414677323,0.6481119921526337,0.3727464881004589,-0.6586714091790106,0.5603549054244591,-0.15093595746308025,0.35963650673146624,0.15488155205265328,0.4404200095922004,-0.08796873161887919,0.004983996153916185,-0.0801519763428826,0.06242121756518265,-0.06642573096722394,-0.037523520054689265,0.6699009630392065,-0.9083153458637673,0.05057701007579678,0.30283340995154046,0.16499525606544035,0.20774896959937653,0.10079490127612134,0.2691590191923507,0.1048924530764128,,0.4751137353434891,0.8639976757990889,0.9642489169720848,0.9898239655426527,1.0,0.067008715611512,0.07965909033998494,0.06321019894223522,0.12744843620475207,0.10530430208851602,0.053735095809255694,0.06780406778962261,0.05273879394067107,0.14258614845958745,0.07038636635616352,0.08510684826341215,0.10080639670049402
Chroma feature 0,0.11724045785410242,0.49358398664329906,0.28648168146324227,-0.37831938122810743,0.06005562432033645,0.1148025360468654,0.10125224953093595,0.04080784627768377,-0.4299791890847885,-0.06560493846696087,0.02502377253643348,0.09674149389090275,-0.14310875586653518,-0.07911777956540275,0.08410695803657252,-0.11042271788557324,-0.04619639163715779,-0.055225932236123876,-0.17969555300315015,-0.001112020286075995,0.07047583106601468,-0.09592961034805761,-0.11697613210871073,-0.021014786464248023,0.3066843191538205,0.11642247710075447,-0.13473584101428662,-0.06358827728130093,0.2796801274986131,0.12875198509742394,0.2027251673202528,0.1870382745259219,-0.13913147542086038,-0.14524557760517606,0.04503697873230753,0.06435513516933963,-0.07470436594739784,-0.09134781471707587,-0.1531289670696387,-0.3445302703779124,-0.4075869517093799,-0.3669415537892173,-0.4308356536830664,-0.4768991590072619,-0.4265261923938316,-0.36576894676441485,-0.3801314166466746,0.012193712645252265,0.24144113388325242,-0.07185957010146647,-0.22223241828167528,-0.17223657193830252,-0.2501577971710827,-0.26444292389471635,-0.29351310635836175,-0.27002401535568793,,0.15666103665283834,0.13803910551482756,0.2510506805090058,0.29156368708289704,0.29259311270141886,-0.45702243585820357,-0.37896586673071025,0.1991948414335675,-0.22276726472646569,0.1579205646053017,0.14808000961564663,0.09654812775533861,-0.3585787757422975,-0.04151100307123166,0.25882096935074356,0.39855442998153096,0.2194949699062812,0.25300399960563735,0.027808353452445575,-0.03851629415281255,-0.03912548306631937,0.1785503720211262,-0.09031744669959717,-0.33112368373143874,-0.24488194123746407,0.024957040959827297,-0.25578880471545695,-0.15019374085567513,0.24976505150311482,0.04924051387295748,0.04306029467345792,-0.021000350992936047,-0.06121092067901113,-0.11470948962786061,-0.044332781366039596,,0.07170647915463396,-0.170945184987123,-0.0034221764739746606,0.055362038654106,0.067008715611512,1.0,0.7327876378002419,0.4147926920988886,0.3815747300847719,0.31813279460154636,0.3150551625872727,0.22947697028380662,0.23924441900446036,0.22617124818180778,0.273078437723254,0.604515777439596,0.8780902992798961
Chroma feature 1,0.17352740433353245,0.6240590648839661,0.25923115675323694,-0.16110135174199477,-0.05143023732909208,0.04594804664972392,-0.18421626546513464,-0.009329304092702608,-0.39757628864147815,0.012361845835767382,0.07422117962085648,0.16934736441903883,-0.17098328558329054,-0.08227545670467971,-0.03768992548106155,-0.1436061641107905,-0.08352719447086894,-0.02938606045080154,-0.0420429289453512,0.1347099543827043,-0.019846036122040032,0.0631936923961982,-0.049844394392722126,-0.03661895226956547,0.012522921588179046,0.12033399727909508,-0.08385162407012046,-0.026441359296418276,0.3627791269390023,0.1345702041131253,0.19827353149815977,0.18560222522535835,-0.10638985589453377,-0.08668989315634695,0.05848711586331757,0.11783049623400066,-0.003246076740414945,-0.08427418348229362,-0.09313914643809766,-0.3709382670993082,-0.3877527749636161,-0.40524568451297016,-0.51254279017022,-0.5265254209814392,-0.4724168733510673,-0.5285133279913057,-0.47969594568154794,0.03144519788974273,0.29947233282338176,-0.04819115048440758,-0.1560744542352037,-0.12477552812775171,-0.20051043195256307,-0.235686818797789,-0.22549656838092202,-0.23266534782868264,,0.20359415961809477,0.18595065084483262,0.31714991688725774,0.395976046892605,0.4042912580219806,-0.4721120674630366,-0.3522102288702148,0.2795042433308119,-0.316784479930451,0.1331239426459196,0.12912618639484438,0.11024052911393094,-0.34987199767789234,-0.052572898154489386,0.2200063271020015,0.4198102640101287,0.3403873423090403,0.39208239035553344,0.008489493048446836,-0.08519864692054581,-0.11099151992650652,-0.01741376846721814,-0.21940884588632453,-0.24556905667455703,0.03924445411747702,0.20842156027039227,-0.2446982708984045,-0.16679400608895903,0.15721812449306116,-0.031879260459583336,-0.05695610408272422,-0.15911522370985343,-0.17093502277423672,-0.19497672902370436,-0.1450445782969205,,0.08342278112462166,-0.16890781944338412,0.002724971335439215,0.06396449656648219,0.07965909033998494,0.7327876378002419,1.0,0.785698897648459,0.665171173680889,0.5019582957928762,0.4542515862452221,0.3915714945316495,0.2964806138962056,0.29445188601959,0.3262986789321779,0.426427995127269,0.5359062888218663
Chroma feature 2,0.2257252050650555,0.5892785371983664,0.14752636229314323,0.05430152181866684,-0.12791145280143357,0.06152771200179266,-0.37663451764066375,-0.08252108655825978,-0.2990662586398577,0.016856834179642947,0.03882660708972512,0.24056766299872023,-0.10167192513068556,0.01761257305762724,-0.10399644860778176,-0.17166531613012426,-0.119917477473083,0.05392948139235002,0.15057136761669268,0.125545791199902,-0.010344784827093664,0.017820332505215204,0.043549177898572135,-0.1283759929648274,-0.11333339730810982,0.23577647444136576,0.005952126503022918,0.035877573652807866,0.3958049313246579,0.23173363932681593,0.15933276520516207,0.15132214203834085,-0.018095815327910308,0.015350444114072466,0.13719609863148569,0.18395717167463174,0.056320098145696135,-0.041113148299475655,-0.021790753631130123,-0.2722456305753151,-0.3513334102417749,-0.3273782957921446,-0.45196743823567737,-0.4248071256991896,-0.4307410594765968,-0.4733676663962301,-0.44854860671631785,0.10455967126702839,0.3037064486516146,-0.09867315106962399,-0.06327086959768809,-0.06864317569977242,-0.10236156719254699,-0.13630301663121128,-0.15498553449166097,-0.16790183825784682,,0.23531812326444349,0.24029065674081393,0.34241654760529694,0.40249151456813975,0.41965255017039294,-0.3631374207659186,-0.20942157464676434,0.3398763368007231,-0.2862710504315781,0.11674490265137258,0.1192400087832326,0.1543221685153308,-0.24595732884294558,-0.07993493478828813,0.07761942081806264,0.3542851686675422,0.4275528337039751,0.369436158329491,0.00744297903794121,-0.10950884535630412,-0.09137286066126114,-0.20018787000641286,-0.26199113537438484,-0.05915553984107154,0.2102015003758015,0.2281533695940575,-0.1407649977010323,-0.16077136865434216,-0.018705907696011194,-0.058975549596200876,-0.18845885836049728,-0.1601406835728256,-0.1974142376292556,-0.1822399666243443,-0.15277678601417888,,0.11150983996954818,-0.10087732423981673,0.0174184536260871,0.05010921161812987,0.06321019894223522,0.4147926920988886,0.785698897648459,1.0,0.873765715296894,0.587123814051899,0.45191414235707283,0.39384547709956114,0.31957439465502074,0.23303840539862442,0.2698277810658652,0.24857985560244478,0.27011156844980033
Chroma feature 3,0.29418241926404304,0.6685024078240758,0.1581897857661993,0.13180342269314527,-0.04727641435188005,0.05204989520436045,-0.37451360728590505,0.07107386303702565,-0.20169224584326764,0.01044281437796706,0.013513273658815472,0.15360118779561968,-0.06489023245592686,0.006213918033229495,-0.00522240269130719,-0.04050624102444017,-0.09488692717705947,0.07019129171681833,0.18971112896070272,0.09002844634858383,0.04764367849117782,-0.01310876678896615,0.16034117582717483,-0.008322651905005713,-0.1011655978753024,0.2138958401035486,0.028998179500975146,0.04614264818707677,0.43556247802802717,0.2787438351303074,0.1656912367915325,0.16292527929793377,-0.021888762835686908,0.02013019652184614,0.18743134622008906,0.20364666280012247,0.08093496881348491,0.0031939062524311097,-0.07138629385833883,-0.26417789156501653,-0.3139383916422801,-0.2866248750122838,-0.4486028924660628,-0.4113727748246493,-0.4870270188678604,-0.45538637078266847,-0.4675317914817402,0.1507597482189072,0.33799933710482416,-0.12381252150264979,-0.10749047183281997,-0.1418472754437877,-0.14763923760147593,-0.19295978590784202,-0.23892134500692655,-0.2560235775634188,,0.3013435204899117,0.27140716611088755,0.3794673475900232,0.4455090455084656,0.45351561104066307,-0.3466635415532905,-0.19321354593902038,0.39330545606961403,-0.387345724159325,0.14834579958970603,0.15889173962596978,0.13770559531468007,-0.2163997666682137,-0.09948233925133719,0.10656750869244476,0.4348217002729469,0.5635751659085492,0.500928691718166,0.12109407424676645,-6.57943842215317e-05,-0.05727730223545217,-0.17214976220871459,-0.19965072279944326,0.03468251905820912,0.2920455592782352,0.21366261400977046,-0.08718489338542502,-0.2438201068344994,0.06104092533030358,-0.1437076845381425,-0.20431154519875097,-0.21779690039337657,-0.1888431936940133,-0.23697464058027248,-0.16445464098139062,,0.18562316642889876,-0.06114052853594137,0.0812043132997182,0.1004284674678763,0.12744843620475207,0.3815747300847719,0.665171173680889,0.873765715296894,1.0,0.8219186505142237,0.6242469309016081,0.47125973865467014,0.36583195184339024,0.3581630738716217,0.291170073807178,0.2731554316467057,0.29250214853089784
Chroma feature 4,0.29025431522339457,0.6207454515087523,0.16981787811867805,0.251660855551682,0.07749364774985666,0.15352717924869497,-0.35487186560971296,0.16610546154758973,-0.07542230479072148,0.1582676375361974,0.02507428922499887,0.10130462576102446,-0.022201289962985024,-0.03418004580455779,0.1027858014335944,0.10004875350368048,-0.13483154705679898,0.042163066649417665,0.016736624289531595,-0.023452201014496337,0.03513552182316142,-0.01637272426106981,0.12160545096460518,0.1980903021634912,-0.01649925946430222,0.0710778945888756,0.06854541768886652,0.08288743324812675,0.34965424825816577,0.24241092766119457,0.07618738133214081,0.07734497337277303,0.018743900195966046,0.06968505892121214,0.1926775877528851,0.3059955521936334,0.07564876222115888,0.06270552787477143,-0.1006373278353901,-0.19894525765840035,-0.215100912109165,-0.2270280794476585,-0.39221967897984894,-0.3676178851033787,-0.43564268788462135,-0.3520667792991873,-0.40581055541684974,0.17994122254008088,0.35050526992580083,-0.07550162328822818,-0.07086587920792227,-0.1384155671634244,-0.1313367615781043,-0.1783072299411279,-0.23914213985286878,-0.2530273515527126,,0.272435301782826,0.3397923663747319,0.396851022797161,0.39874356841927855,0.4072538177794843,-0.3303992004947722,-0.1856647156464921,0.3171663303927503,-0.39620336538103773,0.11967167553709243,0.13005743711683285,0.024230580906970573,-0.1998980233863135,-0.11952169863710123,0.12694271398706092,0.4642463853154517,0.5894825863640164,0.5217364715878214,0.22678810321642962,0.06773963491568519,0.002803187348320618,-0.10855421786655499,-0.048739877266556486,0.19170845989763666,0.39355200096375703,0.28361318247334816,-0.07301548228805707,-0.24914500492668562,0.028475197732219373,-0.14415002636356958,-0.16254804553447222,-0.17333965319908048,-0.10898041534621407,-0.21029534732164087,-0.1543366421927682,,0.17214352421611345,-0.06587876897047497,0.07298892620377835,0.07496506045770755,0.10530430208851602,0.31813279460154636,0.5019582957928762,0.587123814051899,0.8219186505142237,1.0,0.8500135024692909,0.5994949971251888,0.452564465046133,0.4337193787070964,0.31497586355731844,0.21849667134913284,0.26564643336812693
Chroma feature 5,0.2274678264249618,0.6185407547501789,0.20484348360013543,0.1915593749034244,0.12204795025165228,0.2968922811806608,-0.321716596308413,0.10532409740797134,0.07455346498596312,0.18543394144611564,0.0031496304688088065,-0.00014755399507215909,-0.026113944222540986,-0.02372783488928677,0.23259536176949233,0.03612923125658342,-0.07107460820018462,0.03534649286868312,-0.07289253380523442,-0.15195027616870865,-0.003348638651625456,0.05991276116831374,-0.08866682777643477,0.17310233570397354,0.0013985830726652264,-0.05182407854039308,0.0009958883522007997,0.02742633170970615,0.3323937670916302,0.26263434253884255,0.054613334306894024,0.050159304643410625,0.10157066856201462,0.01340042303390716,0.1983769516692642,0.2799193425196348,0.0866067095795689,0.07714364465388132,-0.06924447924228073,-0.14812360683310102,-0.18303723381503323,-0.21368035434923413,-0.3549584384038654,-0.42766767306555487,-0.38293421809630196,-0.33265755728542784,-0.32378476903886255,0.14645210614689472,0.38563800071817295,-0.004641384536523854,-0.1099997400068826,-0.1667364559651481,-0.16716221978920057,-0.2249724397319617,-0.2783075359717615,-0.2946485424464631,,0.20437272486657315,0.29843150920117634,0.3871658729155729,0.3731901431256887,0.3875803333616177,-0.4198104709996864,-0.2945859291089117,0.2747224987657254,-0.2933165892259664,0.11421974376929182,0.11777220658071795,0.004138534355520895,-0.28683435394313855,-0.16952979637183133,0.19791950735224295,0.45554547009456914,0.6152200502596611,0.4355479630929026,0.1905174874314395,-0.02503011583616348,-0.06623355603427925,-0.0663835853396305,0.051465408785986336,0.25186855625078164,0.3203039155195096,0.22073362284314935,-0.16014327431543857,-0.21763930422694733,0.0633954127511794,-0.14612872288542247,-0.15389643006175135,-0.03260138822119971,-0.046891070697125704,-0.1891175331431304,-0.15243129520117435,,0.1258663683161521,-0.13282956564030104,0.020163251335824917,0.025963295875051487,0.053735095809255694,0.3150551625872727,0.4542515862452221,0.45191414235707283,0.6242469309016081,0.8500135024692909,1.0,0.8234276413449372,0.6506655616466904,0.5204126530231243,0.35005158011616627,0.25931547852826203,0.23744907825530318
Chroma feature 6,0.19176914129749167,0.5298483571373972,0.14986861223025624,0.08927729254069858,0.22076365276619284,0.315934798077535,-0.3639473692586089,0.02980469587735569,0.19207734968769075,0.1382183334315966,0.03016881708737016,-0.14566301762955217,-0.006118542250303615,0.07440703440206982,0.19442600888245015,-0.062314722871206894,-0.09700434241369539,0.015175992893211029,-0.09620356978694715,-0.03401998756480374,-0.15638280938626295,0.16032796676597078,-0.24668855549379118,0.014203625712556399,0.053412267012735,0.0069132460469544564,-0.03731553820359895,0.028638409095126632,0.25427850388344125,0.17978866279266545,0.03694267676109446,0.03215332606486893,0.11649029195313416,0.002655186247481985,0.14435377592039192,0.19081322851997848,0.03898926535596949,0.028713958914528683,-0.08700791030639045,-0.1819814507493798,-0.20084981129292181,-0.2601397444974445,-0.3590970784211206,-0.49928313546586583,-0.34732396181026715,-0.4230574645073769,-0.3786953036340651,0.0772084806009371,0.3090617846151858,-0.006990380481989006,-0.15372969659223323,-0.19694166873021937,-0.18351047152174418,-0.2056038527662426,-0.24434398011419275,-0.2669382722386585,,0.17655669477445898,0.20409851204614135,0.28355838151657076,0.2615446843192807,0.2724706449241057,-0.3668572236835355,-0.2506520327421942,0.22141564557267632,-0.20573210929344898,0.11953753010310807,0.12442708961266313,-0.024737118103668333,-0.2335909590080087,-0.08767166375287672,0.14497452598012792,0.36004051768458867,0.5428044378119755,0.31902376849588693,0.08634280537364743,-0.07802610699720935,-0.08602192557600503,-0.07083952993136351,0.14247613734883655,0.31792232109691754,0.2478899434364102,0.05482178973132735,-0.13451801985733136,-0.23690038448114797,0.009583637436189132,-0.21723442800990592,-0.08547317901811517,0.018846203276214453,-0.03180737444212273,-0.13396123263264553,-0.14809136213675558,,0.14070829280675154,-0.08080479628830531,0.054403968842589065,0.03498978768617692,0.06780406778962261,0.22947697028380662,0.3915714945316495,0.39384547709956114,0.47125973865467014,0.5994949971251888,0.8234276413449372,1.0,0.8374123685202638,0.5890423219543962,0.3763100864665247,0.2621604907564057,0.21544334938914322
Chroma feature 7,0.1878501575447154,0.501471328860416,0.09695510972334445,-0.04606423476008622,0.3123213685419537,0.36758785517865755,-0.25333977476789077,-0.025201077925121437,0.3179244608140366,0.09812895936532708,-0.00222789772449652,-0.13715381028068718,0.03018494632678468,0.11607865298184991,0.09494954537917431,-0.10922628601981894,-0.05839831786588485,-0.1196421007334389,-0.11697419245129762,-0.0060598390042735885,-0.13231604453527873,0.12219328252780208,-0.2533608936654287,-0.052784285775508574,-0.05128583714551274,0.039047441847352767,-0.06305344790666899,0.008315417036596525,0.27567778239054797,0.18290993344344744,0.05662010853953543,0.04490830511368539,0.08889212858106182,-0.01871026576836791,0.1531493510412471,0.11111120210815989,-0.06481012167444895,-0.06653907606030465,-0.16444468719106595,-0.2320719690635642,-0.29081988454774743,-0.33425004897407695,-0.3920379604432438,-0.5214632839588519,-0.3559619996670586,-0.4380266239059982,-0.4102536969737508,0.07702185896038001,0.28173618924242855,0.0001574477387945262,-0.154659360899194,-0.22521559258750778,-0.2143980922301291,-0.23252997542642181,-0.2680356525885409,-0.3028385351474519,,0.18021996730198087,0.17584960545953696,0.2504521729395239,0.21358457130692235,0.23488854642921292,-0.3686244183342811,-0.26967549722417355,0.26539511091947854,-0.2284475391571988,0.20422390373250818,0.20629725802524615,-0.03287598042472707,-0.23785916274169747,-0.024592243038134558,0.14205286019027863,0.3372319004529984,0.4266214006925082,0.18873036763432133,0.1084193303054723,-0.07839462291449029,-0.0784707718635518,0.014291981602911492,0.2426911373046864,0.3580589675146589,0.17588399449474967,-0.11756821691707099,-0.14353210843431166,-0.2236299487247483,0.02002281143229441,-0.18902218394056816,-0.0684170851653438,0.09355889372890777,0.0308262356541458,-0.10571830303300453,-0.149646698824166,,0.20237159985994255,-0.07877813105744082,0.04791406130977136,0.02287579150255619,0.05273879394067107,0.23924441900446036,0.2964806138962056,0.31957439465502074,0.36583195184339024,0.452564465046133,0.6506655616466904,0.8374123685202638,1.0,0.7884886167294487,0.4897549386240217,0.3232262448552457,0.222564531544026
Chroma feature 8,0.26417664045192185,0.46792825422950013,0.06568533769650431,-0.1629600993082521,0.48031200243624567,0.3330015891309524,-0.1564265381075511,-0.06239185833593179,0.1961443034452173,0.016350368220551637,-0.04309565625908574,-0.21556531340120724,0.046657886242187065,0.027898794344111213,-0.04009237045633941,-0.007870111068348992,0.009238232749815103,-0.16468228690635708,0.021866955688946567,0.062124484533170696,-0.06259930563280496,0.11643830498792129,-0.00619122357624319,0.02965229917494181,-0.2580113046406585,-0.07513050787125349,-0.009496682101490213,0.058431873107040504,0.2728821470244233,0.10113576487204876,0.054442095248819794,0.052286490756027544,-0.008013514646209731,0.04299877095315753,0.09529814661056636,-0.010440138070756827,-0.17974089615021815,-0.1541951226861189,-0.24953422184130464,-0.3544144654968996,-0.3696729523699806,-0.44353466837608707,-0.49267730023758755,-0.5359454291808411,-0.514394807663768,-0.5300051568544399,-0.46937613172909975,0.06943387364722382,0.24329898568830957,-0.04842051947104047,-0.18703318285404594,-0.24928853144680307,-0.21117450758669504,-0.22216151128824202,-0.2590183155040882,-0.27005252833728727,,0.25924308541107416,0.19087301231540313,0.23295645787678612,0.18846002026977438,0.20117460534910997,-0.27228152463426697,-0.18667210720186883,0.28469544887170567,-0.23523739028863624,0.22047753509449394,0.23106758331115002,-0.101034540458741,-0.13287385417576028,0.11185556191077961,0.07066696160767554,0.395999636202681,0.4120653346053461,0.2549135130228798,0.14476699416970862,-0.008683648392213214,-0.05248727626156165,0.18552583711708656,0.3541272436416808,0.27903568812764135,0.04478932276628393,-0.26225723807717183,-0.0646610072770283,-0.2843440513320122,-0.016861295407084073,-0.1520404419675099,-0.07291950450748133,0.060992550282424986,0.060563211461231885,-0.10578667706861969,-0.10296727520731411,,0.2742665662749069,0.017721713769791307,0.13943886411622952,0.11969966291865305,0.14258614845958745,0.22617124818180778,0.29445188601959,0.23303840539862442,0.3581630738716217,0.4337193787070964,0.5204126530231243,0.5890423219543962,0.7884886167294487,1.0,0.8036742309296913,0.5206999102885822,0.2790320446630351
Chroma feature 9,0.20188282588280118,0.38361825988653575,0.09144281763357884,-0.21695150732681467,0.5151915974300453,0.3540233494198975,-0.01284300305933951,-0.2018427822165122,-0.06950784256250081,-0.03187679311567198,-0.09651770409831394,-0.12364240782688006,0.08427421883565561,0.018475097209441058,-0.1786523559849305,0.0014791815900084175,-0.0512221368132907,-0.0919765478542122,0.08313432012028403,0.07208085229467952,0.0076357612009420525,0.09725321821859771,0.07312948097303563,0.11230902514529784,-0.2893611095651113,-0.05934632427461801,-0.005942667202412618,0.0644506848935557,0.1961738099130566,0.02469979867837702,0.012624567242243675,0.012953209841464369,-0.04138421267581402,0.05336258607691938,0.04352255322260876,0.030872030515941572,-0.1806754967830317,-0.14868769208566673,-0.2602494868346012,-0.3791218824217328,-0.39475100426238363,-0.4468489856561851,-0.5076152891873366,-0.4975732380375756,-0.548220661757493,-0.5160688043405828,-0.4643539947401662,0.04409088222517295,0.1922057729534137,-0.04953125389224884,-0.13090376163098738,-0.180879646120284,-0.1947068192950871,-0.17258274576047242,-0.22149644152269732,-0.19353317969750516,,0.20652807183924407,0.2014553274123745,0.21636919934710666,0.1661850298226084,0.17380249205222306,-0.28230534539310786,-0.19484583504677302,0.19870040985360551,-0.22711970255982383,0.12178826579508886,0.12703912697002911,-0.07384104150464803,-0.16271568361828817,0.10084334407939291,0.057159389651944136,0.3489840879048287,0.28813539994130866,0.22981624429644626,0.11488831710939723,-0.037249983056814026,0.03436997192844263,0.2702685530884324,0.36356853691022983,0.16900549634819365,-0.15518038909324827,-0.3392922490280038,-0.11621169205320035,-0.18500115381046486,-0.09895776850780892,0.013316732650798501,-0.08783062334612725,0.06884981669835885,0.06799058551170065,-0.10404462939017589,-0.023218786210852754,,0.15955897438303826,-0.03919054980914606,0.060201029349529166,0.0664994168099264,0.07038636635616352,0.273078437723254,0.3262986789321779,0.2698277810658652,0.291170073807178,0.31497586355731844,0.35005158011616627,0.3763100864665247,0.4897549386240217,0.8036742309296913,1.0,0.736728298800621,0.39055789239561545
Chroma feature 10,0.14687940203638444,0.43297373475456763,0.17201500448428572,-0.41426640522552266,0.41383947801332,0.236075766541308,0.197962549113289,-0.037453889958160486,-0.29972379855887316,-0.0702405406152555,-0.14814606053738794,-0.09655778697607383,-0.025865270512717562,-0.03270418317999918,-0.06942531873158297,-0.05448036512929538,0.0385425625535541,-0.008923434169222769,0.017526259228168254,0.09103979678444678,0.04411714601679475,-0.0001319052128857106,-0.0331938908237238,0.05457374474946498,-0.0020152118245335233,0.01085686640578963,-0.09732625247507681,-0.01503328262875796,0.23429817990877994,0.04503022323323783,0.14316705910612823,0.14085143679911402,-0.10326859908934836,-0.07784807420545592,0.008019706259486756,-0.01681366547345684,-0.13089207729272326,-0.13208663133843881,-0.2466658596962396,-0.4224507894699312,-0.42758915306968515,-0.44649151682497307,-0.4874170793529478,-0.540703741887095,-0.5432437796057665,-0.47997728383420024,-0.4203671737048149,-0.0026724115950620443,0.19018433319217753,-0.0638071648516609,-0.2530710734175363,-0.2519792517226038,-0.31386976161536045,-0.3026289648011489,-0.35437922259004,-0.2910522998613741,,0.2244204501543745,0.13225720403610264,0.20686239065921544,0.2015146329158782,0.195457194379109,-0.37034848518150926,-0.30005085589062735,0.1843724169359442,-0.2627235735809498,0.12607050968579647,0.12453414330633877,0.08575741216036753,-0.26487259394673046,0.04739037159929987,0.16939745803286319,0.3397320810602961,0.21385063126971024,0.22200201318576465,0.09823087687329175,0.0018335190455975355,0.06196852046265438,0.41808721618282485,0.21465360378463919,-0.127292216719128,-0.3390642684236841,-0.2711075048714809,-0.1929902143109929,-0.17210153870024877,0.12453089429073252,-0.0015142784300819,-0.03548977460267384,0.015242488868879599,0.06549216005823916,-0.11794698065268547,-0.028397045537310907,,0.10979611786799102,-0.09506290866597664,0.04247041004962951,0.0762961139227367,0.08510684826341215,0.604515777439596,0.426427995127269,0.24857985560244478,0.2731554316467057,0.21849667134913284,0.25931547852826203,0.2621604907564057,0.3232262448552457,0.5206999102885822,0.736728298800621,1.0,0.7862218189538197
Chroma feature 11,0.1325591538889031,0.42207033665639526,0.24037415065143158,-0.41542812693267217,0.23132847985464286,0.13407011048485784,0.19549218206551214,0.005077971826778028,-0.4200508253871649,-0.07457692377965991,-0.0016943791463468097,-0.02743184035342216,-0.13128948201635277,-0.0496180317451712,0.09354116563616725,-0.06208882489417893,0.0011489355266443425,-0.0304909662313572,-0.17822133747986588,0.03886646261123007,0.06367257764052427,-0.09086272708221331,-0.04944100309494348,-0.0015591527203272267,0.2989158843130067,0.15330786600390214,-0.09232357812988543,-0.014812250304538187,0.21763457880343462,0.07704515960384078,0.18246510704215596,0.17558867479302592,-0.12890627745006789,-0.09908488315552386,0.009370880184343794,0.009928764187617324,-0.10781183226086669,-0.10353269122080672,-0.19750931512467454,-0.3862397754189035,-0.40141795927693213,-0.39280917784581815,-0.42010177929954545,-0.47911139477269116,-0.42776573456404093,-0.3484330659929997,-0.3676631129585022,0.014658638872742717,0.18690294278543235,-0.09451969584179609,-0.2583844658529139,-0.17651034949266614,-0.24328609951275293,-0.23783990794522772,-0.2884876932325598,-0.23148897629619253,,0.18888706423825607,0.13369917806414108,0.20407360118290402,0.22155103688669306,0.206073677884829,-0.3815599433837416,-0.308840113840097,0.1534440855974195,-0.19751759251638376,0.1497963559475728,0.14349630475461117,0.06673467673776519,-0.2853744913889292,0.030790416544618147,0.22253844667780268,0.3834504733122781,0.17911227639530367,0.25523489348372874,0.04132892370827802,-0.021890842610043294,0.030805010223247536,0.3133037064383023,0.0741174105131652,-0.2779325766453166,-0.3306017199608801,-0.11595651227507502,-0.1946183620855019,-0.1787299178416325,0.20964858657093588,0.03577164825950378,0.04458500315446504,0.01689291194656826,-0.022905064558092502,-0.11503760784508987,-0.06444507524389607,,0.09496043379292075,-0.1097605520674015,0.04456332601910444,0.08777380473314787,0.10080639670049402,0.8780902992798961,0.5359062888218663,0.27011156844980033,0.29250214853089784,0.26564643336812693,0.23744907825530318,0.21544334938914322,0.222564531544026,0.2790320446630351,0.39055789239561545,0.7862218189538197,1.0
