,Principal component 0,Principal component 1,Principal component 2,Principal component 3,Principal component 4,Principal component 5,Principal component 6,Principal component 7,Principal component 8,Principal component 9,Principal component 10,Principal component 11,Principal component 12,Principal component 13,Principal component 14,Principal component 15,Principal component 16,Principal component 17,Principal component 18,Principal component 19,Principal component 20,Principal component 21,Principal component 22,Principal component 23,Spectral Centroid Overall Standard Deviation,Spectral Rolloff Point Overall Standard Deviation,Spectral Flux Overall Standard Deviation,Compactness Overall Standard Deviation,Spectral Variability Overall Standard Deviation,Root Mean Square Overall Standard Deviation,Fraction Of Low Energy Windows Overall Standard Deviation,Zero Crossings Overall Standard Deviation,MFCC Overall Standard Deviation 1,MFCC Overall Standard Deviation 2,MFCC Overall Standard Deviation 3,MFCC Overall Standard Deviation 4,MFCC Overall Standard Deviation 5,MFCC Overall Standard Deviation 6,MFCC Overall Standard Deviation 7,MFCC Overall Standard Deviation 8,MFCC Overall Standard Deviation 9,MFCC Overall Standard Deviation 10,MFCC Overall Standard Deviation 11,MFCC Overall Standard Deviation 12,MFCC Overall Standard Deviation 13,LPC Overall Standard Deviation 1,LPC Overall Standard Deviation 2,LPC Overall Standard Deviation 3,LPC Overall Standard Deviation 4,LPC Overall Standard Deviation 5,LPC Overall Standard Deviation 6,LPC Overall Standard Deviation 7,LPC Overall Standard Deviation 8,LPC Overall Standard Deviation 9,LPC Overall Standard Deviation 10,Method of Moments Overall Standard Deviation 1,Method of Moments Overall Standard Deviation 2,Method of Moments Overall Standard Deviation 3,Method of Moments Overall Standard Deviation 4,Method of Moments Overall Standard Deviation 5,Spectral Centroid Overall Average,Spectral Rolloff Point Overall Average,Spectral Flux Overall Average,Compactness Overall Average,Spectral Variability Overall Average,Root Mean Square Overall Average,Fraction Of Low Energy Windows Overall Average,Zero Crossings Overall Average,MFCC Overall Average 1,MFCC Overall Average 2,MFCC Overall Average 3,MFCC Overall Average 4,MFCC Overall Average 5,MFCC Overall Average 6,MFCC Overall Average 7,MFCC Overall Average 8,MFCC Overall Average 9,MFCC Overall Average 10,MFCC Overall Average 11,MFCC Overall Average 12,MFCC Overall Average 13,LPC Overall Average 1,LPC Overall Average 2,LPC Overall Average 3,LPC Overall Average 4,LPC Overall Average 5,LPC Overall Average 6,LPC Overall Average 7,LPC Overall Average 8,LPC Overall Average 9,LPC Overall Average 10,Method of Moments Overall Average 1,Method of Moments Overall Average 2,Method of Moments Overall Average 3,Method of Moments Overall Average 4,Method of Moments Overall Average 5,Chroma feature 0,Chroma feature 1,Chroma feature 2,Chroma feature 3,Chroma feature 4,Chroma feature 5,Chroma feature 6,Chroma feature 7,Chroma feature 8,Chroma feature 9,Chroma feature 10,Chroma feature 11
Principal component 0,1.0,-6.162122727587606e-16,4.0088696298613796e-17,9.30688796555204e-17,-9.248951949555893e-17,4.063214318426093e-16,-1.304322134719261e-16,-2.0472234951343498e-16,1.8702088232645124e-16,-4.356941474893664e-17,6.879663872221515e-17,7.744095495307029e-17,-1.75537613136675e-16,-1.572281428706303e-16,-2.6574387527748517e-16,-1.3780190343925347e-17,9.48710380665201e-17,7.133665613791882e-17,1.058075070957347e-16,6.376334334267871e-17,9.170329257550907e-17,1.7053830488455126e-16,5.730064367686764e-18,-3.5655502791759785e-16,0.4649359038582882,0.5652676473224132,0.669188996115277,0.08057726341580848,0.5739083897137539,0.5525274396238201,-0.18298781030403122,0.5405171670402775,-0.04752943740586756,0.07343897009694704,-0.008485911097912592,-0.15034255087267548,-0.2422989153381159,-0.3451351715628135,-0.4867760182863358,-0.5530694229084531,-0.5855270679814379,-0.6399370948432115,-0.6541587876737726,-0.6552005148293777,-0.6477953399423931,0.39714395287033666,0.5671193499965264,-0.11848906213456703,-0.05663269595164693,-0.004992847763739909,-0.056857841969899486,-0.09945970897664547,-0.10349969049899327,-0.14792746319999603,,0.7419015636059181,0.656072037434206,0.6412388647446611,0.6198935939966063,0.5395561515195136,0.05801886836353663,0.18524451359241653,0.6891736493992177,-0.5734494197818765,0.5765487322837797,0.6065883628336807,-0.06619843889624896,0.2028718575379999,0.315266098378965,-0.362884204609004,0.5976836428334718,0.5204717720191773,0.6793985780072194,0.43923856837675185,0.5150645899813555,0.25883460231462174,0.32281916382704223,0.27193535551399123,0.2233978000974258,0.13992626123078586,0.20110795724483835,0.2814005641303118,-0.8181459166877618,-0.1586497907902913,-0.3134571263721732,-0.31754793581096946,-0.2118023158662659,-0.18554991629064144,-0.18506407681503018,-0.1965287134045811,,0.6337527741494154,0.4855008294091019,0.6784463866830185,0.5463883855112796,0.6677065639234149,0.5849060240858316,0.686017402679561,0.688129224310445,0.737145937982988,0.7405954580371633,0.7218612705339309,0.7292842274683977,0.6793745203150837,0.704584570500827,0.6307897435864214,0.6190249601715044,0.5867069861046865
Principal component 1,-6.162122727587606e-16,1.0,-4.1406017226464706e-17,1.4504677343828174e-16,-5.7359155017069045e-18,-1.5306672020537162e-16,2.095556360647444e-16,4.2543232083967757e-17,-4.819126000374496e-17,1.4816151045500432e-16,-1.005750539663587e-16,9.847794086049659e-17,-6.478527197304357e-17,-1.995784145388933e-16,6.330861019434089e-17,-1.9218761470891832e-16,2.8819908932377286e-17,-1.0494288533080235e-16,-1.2701634825974384e-16,-5.78945616294201e-17,-6.822563710089272e-17,4.2721948610967445e-17,-2.6838356608197483e-16,-4.3570752286386745e-17,0.7422661233223687,0.6963725258404935,0.058477449693024215,0.21384548019381022,0.07102604044241137,0.10580043593511729,0.09156054060064235,0.7262389489099039,0.17356916416420903,0.12357844426749735,0.2813334985467073,0.2805126126261245,0.3541959094024011,0.3641778768208131,0.34828016333485623,0.3739863583859253,0.33798922830277045,0.3424200628454061,0.3304950559133382,0.30148211322336094,0.2500550202126771,0.6846454574397959,0.2024299818489992,0.14883244603064055,0.46359874794978967,0.555695549882112,0.5905467858477361,0.6008352243921554,0.6034630479132334,0.6145835411575651,,0.2713019398224286,0.5134976081870474,0.21639590452900917,0.2610715738477454,0.0474559834542343,0.858058991261224,0.8383038355018059,-0.004318857271951388,-0.07523092273121937,-0.271666081993135,-0.2330917549271109,0.14296502407076853,0.832801173862556,-0.09028846893476869,-0.6144011316401345,-0.13136907472338755,-0.33221508862631166,0.03865401877055498,-0.08991077610179438,-0.054012081589794605,-0.2199490320407774,-0.08148030385454985,0.02223854848602114,-0.08679326695887404,-0.1998024026599074,-0.0017126796072958082,0.7963526781922582,-0.241439931601123,-0.3000558757480997,-0.019597126504953984,-0.1722493970910798,-0.03123538800104266,-0.1568307872937496,0.051485995108916945,-0.0421524104674566,,-0.008347117123064204,0.709859419416695,0.44870796083362285,0.09111638763491443,0.29576210331203645,-0.401079870527385,-0.36753601755610305,-0.34825946512906525,-0.37490495503690235,-0.38461454750677493,-0.38102760402033076,-0.35941238941507203,-0.32367810006165115,-0.33178085469512875,-0.2943082798647861,-0.35673939982446384,-0.3924194913855728
Principal component 2,4.0088696298613796e-17,-4.1406017226464706e-17,1.0,-5.951320539545821e-17,9.213145726612423e-17,2.124444525531691e-17,1.6020876324414538e-16,4.882994530162562e-16,-4.1281759379816273e-16,-7.220208541396131e-17,-1.2571624272188686e-16,-4.591456519566389e-16,-3.6494359755290827e-16,-1.7035325173873271e-16,5.976485392509985e-17,-2.3704143916268345e-16,-1.4585106721763424e-17,2.5054278406124455e-17,-1.8194097919902633e-16,-2.6500197349106677e-16,-3.1530672512897495e-16,1.5408186317410042e-16,1.0822792050782496e-18,-2.0083530913954374e-16,0.06619461218568692,0.038038229974555124,0.19609818798969997,0.3657153208197789,0.2945600885832519,0.29918615724107406,0.1512963966250898,0.08531508967365403,0.15527127169951283,0.7246761947665052,0.611298270514807,0.5906453563147948,0.5799308908879989,0.5307435583126946,0.45083822881481606,0.39984168810997767,0.3238482579311177,0.2432993178321346,0.20256274050996817,0.22281892756201038,0.20831970905711808,0.1112220365828069,0.48850182601719355,0.4060223243435212,0.2618617966492489,0.305222700258665,0.2706728451730114,0.2112689277476805,0.17376996113832086,0.11846479462624018,,0.03329069737522145,0.3728807677144165,0.5099574497747152,0.5144250073081122,0.5918360345054975,-0.3206418478380082,-0.3632974605529147,0.03513428703815792,-0.1589894917172923,-0.031281193755503145,-0.0773823565230678,0.011561188357722985,-0.39904313131234853,-0.4774906477504667,0.40214384481009496,0.2679076702889354,0.10232630102821541,0.22732821793755684,0.04379843293701454,-0.009038779248614674,-0.06956005004060245,0.0013745544579062258,0.05435787098541383,0.04650122590451195,-0.058766912578030746,-0.0353744532536622,-0.19696129733771306,-0.07131809511326394,0.45558508122654706,0.31224452660800395,0.466466931052632,0.3465520712303174,0.21980247185939597,0.0791688554820386,0.022428968375845966,,-0.38354333893930204,-0.35297963532698173,-0.16473889763353275,-0.003098696193466692,-0.011506595616919808,0.09683225283946938,0.12127259561899176,0.1411345764619645,0.20590881797000704,0.1983126530873777,0.1992546411190363,0.19859991985319944,0.17144654631872855,0.13802424803597763,0.09654014394948762,0.0895904077360797,0.068173600909003
Principal component 3,9.30688796555204e-17,1.4504677343828174e-16,-5.951320539545821e-17,1.0,2.0080899786189165e-16,-3.7458648763515e-17,4.048772065042491e-16,3.179996455915847e-16,-7.689522551225758e-18,7.255014020706261e-18,-1.6517694528224318e-16,-1.6360752877244747e-17,9.687384425859329e-18,-1.3501846430251128e-17,-1.3478277371836482e-16,-6.752146921855495e-17,-1.5098625300840894e-16,-2.5631547073826054e-17,-1.8409403214846798e-17,-1.428238934051098e-16,4.901223843819581e-17,1.8185598101860066e-16,4.82375139962395e-18,1.897754109560624e-16,0.04597461985216577,0.12894427822116591,-0.07150004520244368,-0.10110351553046483,-0.10445129871344475,-0.08948081433733922,-0.036577920898663366,0.08600696414194292,0.004794915893974866,-0.20492896576644054,-0.2706100276764332,-0.34212953186579087,-0.30939996948776405,-0.26052928515562884,-0.24025466718383898,-0.20351108157071798,-0.1749567282620456,-0.16528780290030987,-0.12050337482299814,-0.13993547127226127,-0.12148838798522636,0.06754369331935672,0.035698575377804305,-0.2563919411079184,-0.1921722993284251,-0.06567066256996863,-0.05115729791070115,-0.019185535286837644,0.011826924755897498,0.06436052087653914,,0.0007847402045073698,0.09873044783996195,0.10357234180140727,0.05655062312442457,0.03484424293085041,0.07952365221712751,0.06558074049454793,-0.10513748232219379,0.12510060833508654,-0.09569644715340452,-0.07993572118227713,0.07041658338112788,0.13074157318109977,0.09560195604870991,-0.16766688856825024,0.45985668317256534,-0.14148855768960833,-0.20096237121859237,-0.17177800684163927,-0.13711726654780476,-0.3258571431254701,-0.12086019265504257,-0.10821664724340366,-0.046941136940101234,-0.2360793480545912,-0.1442722867678923,0.09027197416828987,-0.28137670138608256,-0.14598533589324625,0.34075985252101837,0.43437618506594033,0.6160736575395349,0.5941602750033244,0.5919502169111509,0.4833670318157191,,0.006905379795747672,0.24362663137287038,0.30471184222513803,0.3251680794354612,0.30172242081235034,0.0978500055372137,0.040197818806316336,0.05694213499353805,0.024092022635070053,0.004015524556356534,-0.002794232485083284,0.005817838989202723,0.05970971166170501,0.126243969079286,0.15912246145472575,0.15955631649136537,0.16185599188729385
Principal component 4,-9.248951949555893e-17,-5.7359155017069045e-18,9.213145726612423e-17,2.0080899786189165e-16,1.0,6.891662356712439e-16,4.884533270168652e-16,5.913668966950959e-16,-2.197774943407979e-16,-3.566568036509853e-17,9.368026738856134e-17,-7.433527984209407e-17,1.4908942870079278e-16,-2.6362219290637044e-16,-2.0413473876866402e-16,-3.286757855413463e-16,5.2500544264343014e-17,4.1558195753570427e-16,2.7692519606233102e-17,-4.872058148159592e-16,3.4948565362925005e-17,-3.6105194690427765e-16,-4.388178607152479e-17,-8.153388766507778e-16,-0.07674794619907783,-0.06697602932875908,0.4879418742922282,-0.0584253186081548,0.5118929035239453,0.5022543447272316,-0.13708800978573538,-0.049007338209203895,-0.2043664987927198,-0.05364323757071185,0.03616112177935891,0.04540412331665767,0.0972844137536042,0.13610895213332536,0.1847040254088207,0.15051665435891393,0.16511256077734807,0.16523714006069082,0.12966019225716943,0.1649379364758223,0.14959704260985948,-0.15383941794108644,-0.20303283508754616,0.12882832929234178,0.07464954990656329,0.04300321052943115,-0.0031428878962956397,0.03537611013807748,0.049737035288972754,0.04556686318542144,,0.32067159772595905,-0.10436759255619413,-0.14383981177359187,-0.1836063769418476,-0.14935126417352546,-0.07633627451564419,-0.08468389291513966,0.5257488227622201,0.05141955692287802,0.5293334837750437,0.5204379771400988,-0.15668475326573159,-0.06258799975075059,0.3173963392110686,-0.15884466163403202,-0.18237838471024975,0.02368420486107246,-0.22193690596260024,0.10958431004414698,-0.11610231664288745,-0.01583587803129565,-0.06284307396507613,-0.13849277208863064,0.05035957805630341,0.25256790964041204,0.19962421309669756,-0.15205965955529688,0.11802149758270403,-0.3229306280622772,-0.10422390757183997,-0.11882864674343363,0.14994708906341608,0.4002650241597704,0.3238194047892632,0.31718209157811766,,0.35337091753861416,-0.06948774716868059,-0.11967149261639612,-0.11880998864067305,-0.1638275786814534,-0.10844443518900335,-0.015527451025560595,0.06159170842317829,0.024650836254644724,0.014212783627988598,0.007879590442789705,-0.04629906750860107,-0.10806123432473157,-0.1862703009229822,-0.23597359312968605,-0.22273015892484005,-0.19627118881844485
Principal component 5,4.063214318426093e-16,-1.5306672020537162e-16,2.124444525531691e-17,-3.7458648763515e-17,6.891662356712439e-16,1.0,2.680951706251675e-18,-1.3166615795811217e-16,2.545316488104358e-16,-7.421896894625911e-18,2.2038880935498372e-18,-2.9941002713215496e-16,-2.534625200037531e-16,-8.939574189184587e-19,8.648512622673439e-17,2.478566158231948e-16,-1.2692471930367727e-16,8.538244355308263e-17,-7.09631044314936e-17,-8.175215734239362e-18,-5.71455266076972e-17,-1.347634312704485e-17,-4.125028597090625e-17,-3.385895806590671e-16,-0.16284348467417126,-0.11548829848057215,-0.3304412182300216,-0.24783409306513984,-0.3281637752703798,-0.3207770725022038,0.07145552536754793,-0.09791500885068799,-0.17493911868985196,-0.04395827699217099,-0.0809040899163048,-0.009121898772386897,0.08961540501552621,0.09857810308585548,0.10502892585737778,0.08091349605393855,0.12682570837236593,0.13656275660233044,0.12404882451370312,0.10217793304625446,0.10298535302133477,-0.23882370126099745,-0.06178319853888012,0.1778765604566419,0.29972964228180066,0.3762986470798145,0.36952469617664924,0.42169960360397357,0.4259196909453701,0.4178187762411011,,-0.12873077288603044,-0.12080922138497281,-0.042862583070683205,-0.11240207146841322,-0.020380500745866753,-0.08556917578987881,-0.06576565947267768,-0.2962998768761679,0.27190870528734495,-0.12408259535003834,-0.11402747691587634,-0.0741378161902045,-0.004255071561867224,0.20055105523926955,-0.17795541055303404,0.12868451563169372,0.3516109609777804,0.18384691254383406,0.5233458075086649,0.32174334245468234,0.23624580799406494,0.20628749131973412,-0.004251969514461494,-0.006491710186423886,0.05687294099102914,0.054823281190730384,-0.14107087020908682,0.0342784086200039,-0.4597105611990839,0.09581161464586463,-0.08335437324347941,0.1072534286416139,0.18699381902297124,0.1805396442228077,0.07557565356757735,,-0.013496557167641405,0.0021686737235434937,-0.005103253892751346,0.03793348508423022,-0.0511132564166608,0.13625500798254406,0.17294080067639794,0.12307161056318726,0.0946931873304751,0.0697760919414675,0.017373164797526094,-0.0023536102196459563,-0.014879549995311497,0.028970940298301422,0.06287363319765839,0.1311093865456951,0.14972219953986812
Principal component 6,-1.304322134719261e-16,2.095556360647444e-16,1.6020876324414538e-16,4.048772065042491e-16,4.884533270168652e-16,2.680951706251675e-18,1.0,5.859834205475678e-16,8.601778204990669e-17,-2.076881199920529e-16,2.828382562917602e-17,6.0378930795733906e-18,-7.802664257172984e-17,-5.865051656062671e-18,-2.308283955053123e-17,-2.4361533899500423e-16,8.03807007225263e-19,-1.5909081241805583e-16,7.608815011687998e-18,6.090199509454714e-17,1.3991740137673234e-16,5.769279715946316e-17,-2.4118318288513688e-17,4.102319137076734e-16,0.13750524308819964,0.08750366936566709,-0.11051712767734817,0.3500966301881375,-0.15482242770366178,-0.1404828707620661,0.15598252122447373,0.08940194095289818,0.3995689579699836,0.26096280059037924,0.23061383823113496,0.15956957731502305,0.0673467328611529,0.0008207363765154875,-0.10947712156290311,-0.16299693758450678,-0.259477588181077,-0.3074407357653609,-0.2639797127360017,-0.28727751251295974,-0.26559713767965343,0.20905598191317346,0.014830326993428565,0.4091175095481427,0.3015099735670007,0.11523993251689182,-0.051707238129165306,-0.14086160588064545,-0.2014808838860195,-0.2305721655880771,,-0.0430649476136965,0.11692431072490748,0.028569904616396073,0.004939745404670316,0.028236605819962183,0.051340441824776574,0.0783821665790642,-0.16205613570608562,-0.2618789421772751,-0.24873906038658528,-0.24627106623185507,0.09806356412676524,-0.0023663260812247333,-0.31421381750261107,0.05310359196122756,-0.15400522387805402,0.34405741319791755,-0.09010341818327412,0.011727378113348891,-0.2852974811966767,-0.2450650565379023,-0.2206245481523092,0.0013930965605417863,-0.029024935072262243,0.14984747850875596,0.03497053102479107,0.10087014446652813,0.19555156854313815,-0.27487964719604796,-0.26504942674882914,-0.24833107474352983,0.06894611231398551,0.2081707338415335,0.16728943871041352,0.15529506658817327,,-0.20809060981168312,-0.12272953608765318,-0.26428892822637345,-0.4326840314029314,-0.35655290618080143,0.10996414284421574,0.1195036084429613,0.137691017959498,0.1271933269852484,0.12051301428337739,0.1462247855223983,0.14751243635841207,0.1525851828487767,0.12172198380385804,0.055111851976158775,0.05478229494792019,0.07971074445468079
Principal component 7,-2.0472234951343498e-16,4.2543232083967757e-17,4.882994530162562e-16,3.179996455915847e-16,5.913668966950959e-16,-1.3166615795811217e-16,5.859834205475678e-16,1.0,3.8811593924082963e-16,5.814005374351659e-18,4.35953622679357e-18,1.542872601551816e-16,4.981172962954959e-16,1.5483322386638448e-16,-1.3583796412552257e-16,-3.353710298267267e-17,7.09859593649254e-18,-2.3495321258514443e-16,-2.809260088235065e-16,3.6566648616988907e-17,-2.336142695364563e-16,2.8108795489207685e-16,4.285538672028952e-17,4.968936966829383e-16,0.1509762107265417,0.11154093876767984,-0.08683910066503717,0.18738029547528215,-0.028832525141288264,-0.0173332617490785,0.08534893772114202,0.11289652889016946,0.26595490335645733,0.03280898391892925,0.02164571775303602,0.04257946323878308,-0.02992776683923882,0.010605152910873009,0.03108267796117543,0.032374841308232226,-0.008234527082509926,0.021143539435214846,-0.014669144205986875,0.013747217886498204,-0.012262209737119828,0.21566050017435887,-0.06957584563356152,-0.0754215795631672,-0.1666871504403135,-0.20138624183740755,-0.22823381290721959,-0.1979352000443498,-0.16283949938447032,-0.17313698086396745,,-0.054135077268087146,0.07494908410098573,-0.04639368968666808,0.02863167939628313,-0.06175917972465738,0.10624736801482451,0.09099280831095305,-0.09446974050040337,-0.14296154503480352,-0.17311066984634751,-0.17435748693524677,0.04126129141372385,0.05444102136934686,-0.27436288652358065,-0.05533204326762696,-0.1097136991643686,-0.17452738206733348,-0.23449219271488145,0.03949977145279687,0.33031598074401075,0.465453033436788,0.1287699472273618,0.23420785228184465,0.5250707395225823,0.4398907046075745,0.17848881102558908,0.13711049944744405,-0.039311211750061636,0.025633620285857427,-0.03855417756507235,0.19772288018016496,0.11591932037916579,0.2259147658430564,0.06878715619472722,0.006683662379321085,,-0.16834919251110939,0.04740686105648545,0.0025275777754943905,-0.07364567690330408,-0.014182566089764866,-0.20623505239437886,-0.1230443429070001,-0.06405996521211757,-0.00869683480297875,0.09438145835179822,0.13948363239035494,0.1258469884280752,0.07116078132159025,-0.02999921122079638,-0.1037251457012599,-0.16989193418835663,-0.24422654429969073
Principal component 8,1.8702088232645124e-16,-4.819126000374496e-17,-4.1281759379816273e-16,-7.689522551225758e-18,-2.197774943407979e-16,2.545316488104358e-16,8.601778204990669e-17,3.8811593924082963e-16,1.0,1.774593849630427e-16,5.953402353492123e-17,-1.970924968056691e-16,-1.3813682632632522e-16,6.835412919517907e-17,-3.380789720656931e-17,1.7305089648931156e-16,3.961766901091215e-17,6.407318151506501e-17,-2.782954001307826e-18,1.6445375052415794e-17,1.5952778152252443e-16,-9.11038534847791e-17,7.91974907339046e-17,-3.7356181956291354e-16,-0.09795043637596178,-0.05274037707697205,-0.027139110622071617,-0.13560555615459324,-0.05149231563998944,-0.05981884437703506,-0.022465583159598148,-0.05493694893122018,-0.19509697047506955,-0.010571112116298381,-0.0800239709007735,-0.024308995550774985,-0.07185804135233069,0.07375203392374458,-0.05317382969248108,0.01113418387376032,-0.004018042974233758,-0.02403477622902543,0.02783289843902388,-0.013456599671238325,0.09842925655012578,-0.15275381877706967,0.09033359294686681,0.07595547086948515,0.15223173398685974,0.1942235210862669,0.26401569978440753,0.2247969575854724,0.19408146152316713,0.17932129534527771,,0.01091000345492903,-0.022815849595490406,0.09263824054245064,0.05040378157398803,0.12979607472219434,-0.09912992156900075,-0.06546986365895102,0.01734899206316687,0.1234865316912075,0.051825539186752145,0.051177304110242884,-0.11365841031631194,-0.048246530219390286,0.20297338572557388,0.017111553804282892,0.08435327920344547,0.064787627277451,-0.0973865877702157,-0.3026288907367298,-0.11649995371036619,-0.15279217606238643,-0.1772224436554467,0.4291918580913622,0.681721736447011,0.07666694874654621,-0.38372209211928304,-0.13183933077701435,0.014972356283778843,-0.11489410511869778,0.0345114330032401,-0.12917889113892883,-0.1106275229457184,-0.12170893585109152,0.010343040435009429,0.07689967114379184,,0.07892855462098697,-0.02998876468267751,0.012542768407131035,0.08605454471784868,0.03158627346336348,-0.2142281092777364,-0.2277089831640802,-0.09353837058772144,-0.051657652453851205,0.007928763513990123,0.0647987335161798,0.12304472174006258,0.21694090268754654,0.19334035792797205,0.15640816374668864,0.02412136656797627,-0.10398256256096745
Principal component 9,-4.356941474893664e-17,1.4816151045500432e-16,-7.220208541396131e-17,7.255014020706261e-18,-3.566568036509853e-17,-7.421896894625911e-18,-2.076881199920529e-16,5.814005374351659e-18,1.774593849630427e-16,1.0,5.914367930610354e-17,-1.7898118137130895e-16,-6.218423552424256e-16,-1.223035186067748e-16,9.417062288981925e-17,1.7129662880977299e-16,2.2118394994740396e-16,1.0620883741774452e-16,-6.154783136994028e-17,3.339164615854184e-16,8.463749849003558e-17,3.62292193345646e-17,-1.7467691299333088e-16,-1.0992810744368385e-17,0.032767370387363895,0.01443465174741842,0.07219505423801299,-0.0497436138362942,0.051194677926969266,0.04635458947351233,-0.05670004585950121,0.04749143618485569,-0.13775684874847435,0.12394918864752656,0.06803992907052213,0.08656809310188879,0.003622214609797309,-0.0645933441373903,-0.16917586611458935,-0.1879600319662617,-0.20243267569384568,-0.17008544801049863,-0.15786994626574516,-0.1871494507726787,-0.1363286797755403,-0.0008719150919260754,0.005834872475838796,0.31627881386238765,0.3196263484745759,0.22607249534412396,0.13791591282812635,0.10839164186517275,0.09066272125385154,0.06401493650125356,,0.06034227509435089,0.02839131980618832,0.010003385898847339,0.02105964860235185,0.017028685498838392,0.021817155889234753,0.007664436406356593,0.06792361557138368,0.03807870837475631,0.07623201350504807,0.06616792941734491,-0.1435392549280948,0.00774578430857574,0.12876772117317434,0.04089873025291668,-0.0981575625452044,-0.15805597786822442,-0.21534641851100905,-0.16951509467215672,-0.2041426415609972,0.37257884303868255,0.45985977285768587,0.29753578058159946,-0.20773056209477397,-0.1808843725753985,-0.14388988009763576,-0.007805012570142277,0.11957790516970614,-0.19231640675421724,0.1188580020458089,0.130736689157042,0.18477577208176382,-0.01415566318862688,-0.17825996874482997,-0.11055779186284713,,0.016692480933276917,-0.07991913583206356,-0.14215464709682168,-0.20657023299168006,-0.17895899475564367,0.11685038371714784,0.017703254653610657,-0.06169267942219946,-0.143058002312373,-0.15407130058491778,-0.1457339625757142,-0.09163092666882035,0.0042365950093701706,0.07210616496489654,0.18154713983920914,0.23457266630477314,0.17644336298225613
Principal component 10,6.879663872221515e-17,-1.005750539663587e-16,-1.2571624272188686e-16,-1.6517694528224318e-16,9.368026738856134e-17,2.2038880935498372e-18,2.828382562917602e-17,4.35953622679357e-18,5.953402353492123e-17,5.914367930610354e-17,1.0,2.048930699568698e-17,-1.6117903202133808e-16,-2.5181385918732836e-17,5.4347646778815e-16,-8.044401045016659e-17,-9.526411550860423e-17,1.8376290510878557e-16,-2.056323597237344e-16,-1.2467170911511707e-16,1.117967435026383e-17,-2.1365326237309655e-16,-4.214526634247401e-17,1.6393110715200297e-16,-0.01901532704215842,0.024505288523812483,-0.07565960263377935,-0.2547118190138039,-0.10618740331543268,-0.10036541649057804,-0.08144559749472328,0.012004777699305717,-0.3230980985594552,0.032186496066752564,0.056548888712597806,-0.023109925529181417,-0.06718740516702648,-0.04908446387486298,-0.07256672688107994,-0.11632200732367622,-0.11409723571663873,-0.11434318320338115,-0.03930510921490122,-0.10429188519814599,-0.11017069458009036,-0.08811863672732284,0.15042328220851253,0.13902915185718795,0.1866337730494608,0.17562887036075067,0.20170328498278664,0.17200605312492628,0.16507919408728175,0.14490601885589222,,0.00344586900108444,0.04063633994356648,0.1413504408808889,0.15694638330795743,0.16066587184628128,-0.033909225939195466,-0.01828210546550848,-0.08197930744214464,0.07234771319520561,-0.07234584349707608,-0.06600848902024292,0.026253034018583653,0.0070351345426836066,0.20734973879384974,0.0672624832090224,-0.011773836533262316,-0.11566185890641827,-0.04311666991135024,-0.22707313850855837,-0.14694944958539924,0.005666674202099271,-0.07133206098497835,-0.33847826989936497,-0.05296032406304248,0.5402570063148836,0.5064858972326693,-0.08282153000730422,-0.051220267531453534,0.0021675182416658963,0.015471157763842622,0.08671844151275043,0.01651877782565155,-0.1021333839379347,-0.09714807437317446,-0.04884558605470116,,-0.017788207480936336,0.026072916553340042,0.08404835030423677,0.14854773346826544,0.1266792309780426,0.014219745085406084,0.12703824982207976,0.18328877076462707,0.16558337562932027,0.16990405726541766,0.14540102599821528,0.0754835332566481,-0.0010919383457432875,-0.13149785736124123,-0.23800350213519517,-0.24097493727183178,-0.10771186448942958
Principal component 11,7.744095495307029e-17,9.847794086049659e-17,-4.591456519566389e-16,-1.6360752877244747e-17,-7.433527984209407e-17,-2.9941002713215496e-16,6.0378930795733906e-18,1.542872601551816e-16,-1.970924968056691e-16,-1.7898118137130895e-16,2.048930699568698e-17,1.0,-8.045030091598307e-16,1.8501053288117429e-16,-7.332964500073867e-16,-5.1692759458395427e-17,1.3145923987906817e-16,-1.6974295923166376e-16,2.1770739637574957e-16,-2.849286343721983e-16,2.618105236993351e-16,-4.488248974085141e-16,1.0287900057812861e-16,-3.1061941463744955e-16,-0.03341602597142914,-0.05234357351584672,0.08337659463472048,0.327544411746251,0.06968111383690256,0.07664920919533169,0.010229396702503278,-0.056363161317783655,0.3450993695611561,0.0027263951123924425,-0.024074817072795882,-0.04541649803196059,-0.1082052902989515,-0.08883477907069302,-0.0793925071762081,-0.10861779678113963,-0.07242662432387333,-0.05684473894242505,-0.09194777690908928,-0.13238834820506665,-0.12920359459692896,0.023014154148899294,-0.13223395791425194,-0.0758914409576766,0.08004183882150168,0.18255107569712536,0.13381000244950475,0.12363271179353941,0.10017981282186177,0.08127965495958865,,0.029163290545397697,-0.05563053812079347,-0.10822167923747526,-0.15472728696056026,-0.11386794192304786,-0.028978844034350977,-0.02355714935926751,0.10673005590008193,-0.05394017356806121,0.08824553616964201,0.08656611024151938,-0.044938441029615264,-0.04393803422481331,-0.09452518432515146,-0.062072035680416145,0.06909612040365778,-0.12041444083415742,0.09254841301667929,0.15107111909048854,0.028143025538037866,0.03845229372156187,-0.37193917920637526,-0.16938139729157656,0.0879392782082969,0.06383561253929233,-0.04963782660910264,-0.015422017448746423,0.08774732991949802,-0.246825362365745,0.48844081725884086,0.11545957810841956,0.1084401854698347,-0.19905942247857875,-0.24327117878277532,-0.246794023840232,,0.05658710796407947,-0.07359146813752708,-0.12122638532138671,-0.11397353569652943,-0.17442281348348684,-0.08665081807315816,-0.006937524479531452,0.053452648792243186,0.03615368587800113,0.03196081443351002,-0.004575316292575518,-0.03363087996646392,-0.032294582281135895,-0.05018881246328396,-0.05274593618876953,-0.13957394692591146,-0.12538500005222517
Principal component 12,-1.75537613136675e-16,-6.478527197304357e-17,-3.6494359755290827e-16,9.687384425859329e-18,1.4908942870079278e-16,-2.534625200037531e-16,-7.802664257172984e-17,4.981172962954959e-16,-1.3813682632632522e-16,-6.218423552424256e-16,-1.6117903202133808e-16,-8.045030091598307e-16,1.0,1.3992077090844334e-16,2.6247135774429475e-16,-5.129421467552713e-16,-1.0370236017854828e-16,8.391524980774328e-17,2.169000051813382e-16,2.275959449386532e-16,7.085999361809746e-17,3.4124917127753374e-16,-2.428792052836434e-16,-1.13176596216363e-16,-0.14509115623636257,-0.11805262116262487,-0.008383176231601992,0.35258973238703073,-0.011324969357556069,-0.004419544190411496,0.06326374011563875,-0.14065612546045686,0.48077649848213916,-0.13573907762471016,-0.052674290522186945,-0.09146805978042215,0.028428104518793715,-0.017753676474969827,0.06767461699579962,-0.01492639311667498,0.012933135262220155,0.029359530014676855,0.025639940427612192,0.049329339051082506,0.04158680011948138,-0.06408984056068544,0.04464403873455784,-0.20832279457554329,-0.09074727306797159,0.02671567438582349,0.05160921070458145,0.12980105192889918,0.1098584641873863,0.11061278362153885,,0.015098397641187577,-0.014682032095319065,0.104377230579172,-0.006022051465447764,0.12030863041160893,-0.12369937836345343,-0.1253140023378025,-0.012723229322068395,-0.05541437610916992,0.0031398660389246767,0.005801895740717806,0.051363734282587836,-0.0975688487246575,-0.2046020491893398,-0.15396980607461014,0.04338260048644361,-0.01814203403983368,0.08215773362648897,-0.20841031443860877,-0.16249295190418642,-0.0209779880714433,0.4381508981899406,0.04381561882063981,-0.01970436654882844,0.10259183907266077,0.22875268719849928,-0.10213449353449813,-0.0404101017924265,-0.04183585616092953,0.17473731323101063,-0.19690123363779133,-0.15246179589749834,-0.008618674084106505,0.08443942744217006,0.2122664747008593,,0.039866669063547515,0.01633806825958737,0.08109747289244852,0.244424741915137,0.12415587381198001,-0.023929329598485993,-0.037877985002898365,-0.013908260681060448,-0.03135100544008092,-0.05897801217958525,-0.061054778312845503,-0.05668138371695757,-0.05944442468788593,-0.056125997930452885,-0.07612862223618612,-0.06261622740476908,-0.030233443387888033
Principal component 13,-1.572281428706303e-16,-1.995784145388933e-16,-1.7035325173873271e-16,-1.3501846430251128e-17,-2.6362219290637044e-16,-8.939574189184587e-19,-5.865051656062671e-18,1.5483322386638448e-16,6.835412919517907e-17,-1.223035186067748e-16,-2.5181385918732836e-17,1.8501053288117429e-16,1.3992077090844334e-16,1.0,1.5977148371111543e-16,-1.935749628978078e-16,-3.0549029003859286e-16,3.477445321012549e-16,6.751089099244898e-16,1.992164999283941e-16,3.338014965231576e-16,-5.448260960155319e-16,-3.999550177569837e-17,1.255992457036587e-16,-0.005743609321057941,0.011079029419711877,-0.04120203242249028,0.13633719101999522,-0.023441055524628305,-0.035725266576800856,-0.0678999187719568,-0.01408560470928031,0.0989649851889077,-0.15238292170959428,-0.21128173840983996,-0.10370134401180034,-0.04645632558977926,-0.0049131143242373415,0.09722456283677236,0.11179862237104451,0.0749984867145962,0.11155042216641985,0.08663990453660025,0.05633276286308268,0.09415471042565374,0.014238381711095727,-0.11195548820513006,0.049067241315706916,-0.07206275738512699,-0.13624720513247568,-0.04652103534506128,0.008521251325474308,0.09376798789812256,0.1098917645295549,,-0.031678014592675184,-0.03667326318437005,-0.07555065907437485,-0.04646548274469015,-0.07874833835091892,0.012862351843185656,0.008943772675677196,0.013143851355980361,0.0850029441466108,0.09241569031634524,0.08588099951054776,-0.08035048709787569,0.004155690098791943,-0.00480350635957058,-0.10668544131578454,0.062137416220527035,0.183410935644054,0.10028686855909216,0.13498707078823502,-0.3472746742079495,-0.10164154073086452,0.024529678334214773,0.35255334770662744,-0.03952228246744568,0.14071483438425592,0.1473403730842123,0.05554811273761989,-0.04906569893116684,-0.058502228866470725,-0.3175500911275158,0.34969515222541253,0.15809303198075922,-0.08312928864661433,-0.20575467803219288,-0.23034595087828405,,0.06274334359657596,0.04358553477243315,0.05577041291472604,0.034515569125697684,0.055970280998503916,-0.04154958878053496,-0.013311030192167188,-0.023989420209803984,-0.00021670083440054506,0.028962969276525793,0.06035672100537085,0.05946451378131251,0.002467485969580236,-0.013511143028722927,0.007832096131142805,-0.06345684036997089,-0.05748948482837145
Principal component 14,-2.6574387527748517e-16,6.330861019434089e-17,5.976485392509985e-17,-1.3478277371836482e-16,-2.0413473876866402e-16,8.648512622673439e-17,-2.308283955053123e-17,-1.3583796412552257e-16,-3.380789720656931e-17,9.417062288981925e-17,5.4347646778815e-16,-7.332964500073867e-16,2.6247135774429475e-16,1.5977148371111543e-16,1.0,-1.1125511648204758e-16,-6.071775906639965e-16,1.3003579173816353e-16,5.257925454711628e-17,2.319826000455904e-16,6.455050675688332e-18,2.435523099456453e-16,-1.333266458815712e-16,-2.2314929986569714e-16,0.030213785070216524,0.0420649417890816,0.003740331290412513,0.19099526116720952,0.035830162496054654,0.034187187969147353,-0.03593210065288545,0.023833272457224993,0.14117575366080573,-0.0871173784759412,-0.1030088793560106,-0.06064564783442562,-0.11811273074563347,-0.0159148791475967,-0.08909645448968333,0.03946698606754151,0.1405521823897062,0.08051111411835753,0.1751139383897986,0.09660852635359518,0.11171007838712474,0.07131134175313213,-0.029269735645328653,0.06035511061784982,0.015895154232118913,0.022776910437886926,0.06883325408525032,0.08825166540723717,0.12900162777555604,0.08757808377737941,,-0.00476533274687543,0.030927254295731507,0.010116874651810957,0.036317166566907685,0.0057095449778878276,-0.03580502432735285,-0.02284404352883474,0.023441754561163437,0.09256676579136629,0.017295204099248198,0.01115949028415602,-0.01638363542497451,-0.047343409255859406,-0.0719306705491767,0.0369969899901011,0.1191498445459109,0.24268148045406596,-0.06103925537311934,-0.34343033767072917,0.06130963200612219,0.4081165813388314,-0.23753544951919608,-0.22315282757145338,-0.09845956061609484,-0.13677807329538913,-0.06892650166326339,0.012174423128015574,-0.0229644994385139,-0.06280460599515186,-0.2605982960916801,0.061015059689855364,0.03804649092212622,-0.15219820974866083,0.04672149797448267,0.24940026922544983,,-0.03653106455206871,-0.02170887985252253,0.0052557576245184645,-0.012005405735706659,0.01281650191615081,0.04280435390391284,0.06275391109595317,0.07186538156453193,0.05138496432075507,-0.007589842817737978,-0.03395573492108182,0.029565381162056065,0.06530108306909117,0.020667540598655793,-0.056278489423712226,-0.05236405652986437,0.012178623312615839
Principal component 15,-1.3780190343925347e-17,-1.9218761470891832e-16,-2.3704143916268345e-16,-6.752146921855495e-17,-3.286757855413463e-16,2.478566158231948e-16,-2.4361533899500423e-16,-3.353710298267267e-17,1.7305089648931156e-16,1.7129662880977299e-16,-8.044401045016659e-17,-5.1692759458395427e-17,-5.129421467552713e-16,-1.935749628978078e-16,-1.1125511648204758e-16,1.0,4.7403106451830166e-17,1.0990716654446491e-16,7.776038162818854e-17,7.140725380563258e-17,2.6172621321386164e-16,-1.0617875661783657e-16,-4.495306969498737e-18,-7.720422121011636e-16,0.1683458714203655,0.063995692324884,0.005797692466208208,-0.13141438872401925,0.09106852762216096,0.10283542486789105,0.025649476276368113,0.11709332698741808,-0.12371599034856444,0.12911711211745922,-0.04720053947232153,0.03235554350882208,0.03471202173139379,0.03889116724775139,0.05749377971257482,0.07338532092582993,0.07511817455487203,0.022606556717893047,0.05561635042110919,0.034357348994021715,0.0214515324540842,0.16637858333504646,-0.28256336371977026,-0.16916067024693002,-0.08554043358615078,-0.04209874442282686,-0.05596538650429686,-0.07893828815457939,-0.07235581607696755,-0.05822530495914355,,-0.03864560435336054,-0.05351281031489346,-0.2820850013372616,-0.10219177987950027,-0.27007934195537003,0.17763777812578563,0.16996757867721438,-0.0328986907872556,0.05452130571761896,-0.001325919362199635,0.0010670072527134233,-0.06757756591897193,0.12846684895680935,-0.0220528798938206,0.17429119029695483,0.22912337609035943,0.20636011049535113,0.14049228287865145,-0.1079095505077988,-0.1548960583888836,0.02148266350865321,0.22663659791623833,-0.11928353742226185,0.0765468182528681,0.17586410703982075,-0.0625449879964116,0.2032517513339359,0.063485878675291,0.06081242542114131,0.2416231448008258,-0.016458328462141618,-0.023412049283430693,-0.07445171254047146,0.04683418811805284,0.1081216440280687,,-0.0597100964044253,-0.030845838468100913,-0.13990198890145444,-0.3320161741429597,-0.21971032711261204,0.00553746207382799,0.03972447213567291,0.07826543744368927,0.09556848874185553,0.0674049573592171,0.09085326445606712,0.0965561277853006,0.06468282021691765,0.06544599202447825,0.03085589760576654,0.026182864786125404,0.028580125101665698
Principal component 16,9.48710380665201e-17,2.8819908932377286e-17,-1.4585106721763424e-17,-1.5098625300840894e-16,5.2500544264343014e-17,-1.2692471930367727e-16,8.03807007225263e-19,7.09859593649254e-18,3.961766901091215e-17,2.2118394994740396e-16,-9.526411550860423e-17,1.3145923987906817e-16,-1.0370236017854828e-16,-3.0549029003859286e-16,-6.071775906639965e-16,4.7403106451830166e-17,1.0,1.5773304889476046e-16,-5.794504547646768e-16,-6.747277109346786e-16,1.2355837914256867e-16,-1.6820340405621453e-16,8.671514337582709e-18,4.813012253494316e-16,-0.041592496424788475,-0.03542337178451525,-0.04382624696303008,0.0418518562892747,-0.022010746626706677,-0.032111011821958454,-0.07025729695174411,-0.04115255211594057,-0.0019983096028386425,0.061883814348894756,0.18050690559905172,0.11336039821100748,0.02380256692446462,-0.04525584570880152,-0.058824759762694336,-0.036354177153194334,-0.04783839549685311,-0.08166073049991501,-0.07808404215011606,-0.059964100032043464,-0.125374210609556,-0.04466821407102723,-0.095343919329362,0.039690436512672754,0.10559576967047767,0.07016037622492795,0.03595037694337802,0.013264221634090623,-0.015962774143451465,0.00015889839404698955,,-0.03702225352432693,-0.05231217946182936,-0.08209480232249614,-0.09773536602977945,-0.11418392681087666,0.04915605414927677,0.019828048323611343,0.05585183744605237,-0.033664729907852686,0.10861926800153157,0.10284356343171956,-0.2733524821797008,0.023269838271356442,0.0022279832049566027,-0.03802154509211224,-0.1415524726758251,0.04605347133340706,0.12767070965578098,-0.11512525667606667,0.2612361311544241,-0.1653301749825506,0.007539776311788332,0.20399431071811377,-0.09813068475146156,0.039732527736881185,0.0985678802245027,0.0219734376903405,-0.0007975179173391873,-0.013313694170607642,0.023661111013599984,0.25077979255071253,-0.1272405493352216,-0.15900904715248146,0.1800476193957487,0.3635028763503692,,0.04940031217409391,0.008759823646451188,-0.017718899375142202,-0.03118642378077435,-0.02257965596621016,0.01415391893694405,-0.043810438390574406,-0.08623871583285556,-0.06243143704643417,-0.019272951148508726,0.011227573539721316,0.026126974555844763,0.0012270552422442818,-0.0340243182133005,-0.0796856632979517,-0.01847114298956703,-0.005289514363148025
Principal component 17,7.133665613791882e-17,-1.0494288533080235e-16,2.5054278406124455e-17,-2.5631547073826054e-17,4.1558195753570427e-16,8.538244355308263e-17,-1.5909081241805583e-16,-2.3495321258514443e-16,6.407318151506501e-17,1.0620883741774452e-16,1.8376290510878557e-16,-1.6974295923166376e-16,8.391524980774328e-17,3.477445321012549e-16,1.3003579173816353e-16,1.0990716654446491e-16,1.5773304889476046e-16,1.0,-5.263161297569885e-16,2.762807909301599e-16,-3.7792598466859677e-16,3.457594820050608e-17,-3.573753282464489e-17,1.3809254160808157e-16,0.006572821244380277,0.0024642599632455032,0.1183264316619839,-0.06303830823369372,0.10286052065107044,0.10370769296667995,-0.029752884941059744,0.019926039960503503,-0.15758705906870984,-0.025794573549770727,0.048629254747012296,-0.06897665206256413,0.0011709801422466267,0.019423066214062562,-0.020489425410345506,0.025128713768910776,-0.01727596702890044,0.00565262455975944,-0.021769351024490124,-0.02778483995153114,-0.0239030834848231,-0.037837276809717685,-0.06428242382653179,-0.06798546023780642,-0.0380983024177466,-0.043259264792547374,-0.018848644260431712,-0.02300941485496835,-0.01053985404428517,0.02339109836205721,,-0.08801795483391665,-0.015375004044735375,-0.06418943931138286,-0.05868993028021522,-0.07804897324991734,-0.02123875172933099,-0.030629038390175594,-0.012616684498577632,-0.04461671409802458,-0.20557627070191636,-0.2117793767460761,0.4583895420080082,-0.020349279377840562,-0.04541432003084857,-0.010937883820032756,-0.013480505312297322,0.00806113044109144,0.15068329053024074,-0.07511089045325359,-0.03544157245566092,0.07311942322586983,-0.13207068949186584,0.26647236917930733,0.06521271949818705,-0.2778203065474754,0.43763823256183193,-0.04581874197667997,0.016978771233803286,-0.08281705259531014,0.08750903132516995,-0.044041665540200635,0.0212164044583911,0.01632009722087518,-0.013100258231719224,0.055259789233739205,,-0.23718814569217267,-0.024919044947791128,-0.03771339758328852,-0.05227951286578981,-0.05264183947650867,0.01647296309719989,0.019825966423950462,0.042104279358087464,0.03905702435445484,0.04457832628139741,0.021897471395328806,0.021090135016153394,0.0301680056274672,-0.04526867924457475,-0.06423615627613195,-0.07546925799585852,-0.01959771437875747
Principal component 18,1.058075070957347e-16,-1.2701634825974384e-16,-1.8194097919902633e-16,-1.8409403214846798e-17,2.7692519606233102e-17,-7.09631044314936e-17,7.608815011687998e-18,-2.809260088235065e-16,-2.782954001307826e-18,-6.154783136994028e-17,-2.056323597237344e-16,2.1770739637574957e-16,2.169000051813382e-16,6.751089099244898e-16,5.257925454711628e-17,7.776038162818854e-17,-5.794504547646768e-16,-5.263161297569885e-16,1.0,-1.8305218497321794e-16,2.5467062062797794e-16,-6.505185508776624e-16,-1.876250535229871e-16,5.378925001979585e-16,-0.03265551459741867,-0.008248980983248328,-0.07283642554929778,-0.13765155047058794,-0.03052321341496392,-0.021159008372888515,0.08271700607170754,-0.014427475805196084,-0.046009356503890486,-0.016390190931625945,0.12337343212181787,0.07061961122273926,0.19961357645190927,0.11189052581762592,0.0945082227907769,-0.038514261269677,-0.038129716475883424,-0.0635766228527571,-0.08415702348200066,-0.08177615906255371,-0.09997565025236684,-0.06324007453753423,0.06707549998308633,-0.08675786146483769,-0.09716329687399748,-0.11741934781941214,-0.13424516864491545,-0.11226365311887992,-0.13929878396015127,-0.08498640444134166,,0.04689550420176784,0.033848436819579684,0.08311044288336669,0.009535967925792312,0.04457343276878735,-0.006233559581135882,-0.023751523618483657,-0.044239074155405435,0.007798681507141999,0.006374072237265676,0.012879585048329692,-0.09292905528466305,0.009312476266494597,0.06463993875617717,-0.22231312898097658,-0.21614736555781272,0.03269326918040553,0.24333818159614043,0.029133064851599225,-0.2374852040391703,0.19308239923685241,-0.06364360615337988,-0.14623790607811332,0.12886718257261842,-0.04699951589435288,-0.17165120356524893,-0.06849816693194685,-0.05217681787139123,-0.03937443480439525,0.056567916077624535,0.08379232174162454,0.0037738641182366696,-0.002469715831693422,0.00462913387062982,0.15985116198408986,,0.05141066294103922,0.09288339393837454,0.09789640657433592,0.14824059252579488,0.09874237473437396,0.014574797322573184,-0.011449113361471606,0.05221751031830106,-0.023222494465653262,-0.04015887196787236,-0.058675013082892497,-0.06314276868299624,-0.0327449350064074,-0.06883568149471703,-0.04945223168329609,-0.024664666524059537,0.00012642201393852406
Principal component 19,6.376334334267871e-17,-5.78945616294201e-17,-2.6500197349106677e-16,-1.428238934051098e-16,-4.872058148159592e-16,-8.175215734239362e-18,6.090199509454714e-17,3.6566648616988907e-17,1.6445375052415794e-17,3.339164615854184e-16,-1.2467170911511707e-16,-2.849286343721983e-16,2.275959449386532e-16,1.992164999283941e-16,2.319826000455904e-16,7.140725380563258e-17,-6.747277109346786e-16,2.762807909301599e-16,-1.8305218497321794e-16,1.0,-6.3095945564255345e-18,-4.733080295791722e-16,-2.558577908205166e-16,-1.900034559298115e-16,-0.06378698799088996,-0.07399017271642871,-0.08761650581533591,0.03909604020913284,-0.04080712797487939,-0.042245633217755464,0.003304610795820292,-0.0779154195267121,0.06847548265422228,-0.06624915246773005,0.13968366445359662,0.1280077469936756,0.08269155320680556,0.08757494660906796,-0.01577213189459334,-0.05109468842848217,-0.08328359139740568,-0.12905421050610397,-0.10173133848150602,-0.103288553496044,-0.10998413713209873,-0.032769110571480575,-0.055724576684049655,-0.07225993993153149,-0.040804375993512186,0.09832052218072261,0.17699547521339556,0.18293911493680787,0.13858893263343755,0.15068993950163095,,-0.00493055329034087,-0.1308909457418881,-0.13711223350030996,-0.10458656537209136,-0.14145319480115748,0.09054248830465345,0.06280116203433751,0.021690865572385,-0.01333624339677731,0.14576316210999682,0.1497055096705954,-0.34092655446877423,0.07284164152386631,0.019022741250408638,0.07743986175064428,-0.004818082379672738,0.09612645470704916,0.0380728212742795,-0.10657969416997916,0.002745145674006768,0.05615452281797103,-0.06309437125102255,0.008093490023244597,0.07617628004345528,-0.1365048077022115,0.16718242116906096,0.09640899282072886,-0.04974482755387337,0.24948066054472912,-0.02725739211085723,-0.08957082366709904,0.1458464304080218,0.185579960216576,-0.025071780602953526,-0.19919250983969136,,0.132997165065011,0.04189645068579831,0.0493301671942792,0.06643940115644925,0.06986655839394462,-0.015245630278472536,-0.01980904093688052,-0.0178367116482603,-0.008137413499010695,-0.013037354822966349,-0.003024245094334292,-0.0008544448785724118,-0.023498263573796106,-0.06275798605822722,-0.07771488270660248,-0.0556368009732901,-0.012484804796874444
Principal component 20,9.170329257550907e-17,-6.822563710089272e-17,-3.1530672512897495e-16,4.901223843819581e-17,3.4948565362925005e-17,-5.71455266076972e-17,1.3991740137673234e-16,-2.336142695364563e-16,1.5952778152252443e-16,8.463749849003558e-17,1.117967435026383e-17,2.618105236993351e-16,7.085999361809746e-17,3.338014965231576e-16,6.455050675688332e-18,2.6172621321386164e-16,1.2355837914256867e-16,-3.7792598466859677e-16,2.5467062062797794e-16,-6.3095945564255345e-18,1.0,3.968465638972946e-16,-1.348118339042577e-16,-3.3330987907823916e-17,0.014236003043420578,-0.07511827736737452,0.05828608873384452,0.008110058739691414,0.15622024782518243,0.1893810922620958,0.050486417976202465,-0.008836142484827983,-0.011808489466667488,0.007666493024775537,-0.06579453910557896,-0.23236681190843125,-0.2148123164375016,-0.24920301018061355,-0.2159595621136278,-0.09953017234703286,-0.015407865194474582,0.0024369933313134542,0.03814814929307955,0.020437550824538523,0.051071793686298154,0.02672175944226191,0.12122641815042658,0.09164562947190147,-0.0057014355618593224,-0.0354605522293961,0.06362625550297059,0.09577386972717984,0.12012701813554233,0.14891448635278612,,0.020188606619858558,0.00858172121618933,0.07413187476923826,0.09309435849845944,0.13711278444508365,0.08860821502996835,0.01901819392892247,-0.06780097753595461,0.16815929225432893,-0.013310350674393998,-0.0233496691722937,0.12457306432735779,0.03504457299356216,0.07087769171286708,0.020255622507862746,-0.16442460513805168,0.16971788603003005,0.13741094012134017,0.03635242296728551,0.02390579642698536,0.003757699399820371,0.017606044616365085,0.03106487475922695,-0.008910588683102268,0.10752162080793158,-0.11352175786832083,0.04235684351970344,0.1347728494541262,0.16123357321569015,0.05821091719026008,-0.0031574552235408685,0.08053931891131749,0.06681788971918788,0.04494387829470826,-0.008281186971365264,,-0.09787190073469738,-0.05237224284231685,-0.09453708610370871,-0.0008382568328076749,-0.03255277421966953,-0.12419766285340342,-0.15033806406784583,-0.13344885028989234,-0.12268971715569596,-0.13204844064148027,-0.15337015145299512,-0.1352619911952584,-0.13230615563404893,-0.13184870370871044,-0.11525912807780009,-0.10365204072289505,-0.09056347083248567
Principal component 21,1.7053830488455126e-16,4.2721948610967445e-17,1.5408186317410042e-16,1.8185598101860066e-16,-3.6105194690427765e-16,-1.347634312704485e-17,5.769279715946316e-17,2.8108795489207685e-16,-9.11038534847791e-17,3.62292193345646e-17,-2.1365326237309655e-16,-4.488248974085141e-16,3.4124917127753374e-16,-5.448260960155319e-16,2.435523099456453e-16,-1.0617875661783657e-16,-1.6820340405621453e-16,3.457594820050608e-17,-6.505185508776624e-16,-4.733080295791722e-16,3.968465638972946e-16,1.0,4.170886756680642e-17,-8.854438126481091e-16,-0.10574432385119695,-0.08349801281296236,0.08283553464154296,0.0004350944118797829,0.023001011345564037,0.028275514374166033,0.040602127638095196,-0.0985912078974859,-0.008025832061095407,-0.09045531244721025,0.12612849344051938,0.1264312961861115,0.12133491203872426,0.05635661655833966,0.06258210341467908,0.014009390664919451,-0.002012723685362084,-0.052630649169636855,-0.04505148040410013,-0.0509537671590785,-0.04707726012413206,-0.10001061918670026,0.0019413198616119393,-0.1768611918385488,-0.11756988997408406,0.025160127675272228,0.08171834403438828,0.0598859849859722,0.01518714176810196,0.05709275166500283,,-0.054761167744590354,-0.10665857192882568,-0.04706194114140904,-0.07557123693231481,-0.04096935449880407,0.03273994837529149,0.016461743475096498,-0.006712971455398513,0.020393918763171263,-0.06243956704755087,-0.061562800969502625,0.2934142601818318,0.04090445444825912,-0.0486476191020717,-0.042668054306398404,-0.009399538824010246,-0.0475546547125929,0.0012648391482323832,-0.005601020719128345,0.04215787800202921,0.013731630683896448,-0.02539898997754181,0.10143572274558255,-0.13675618246027185,0.19309683986304638,-0.17591677608448253,0.04058505696336892,-0.04629200510038777,0.05117908803999234,-0.060965782612843994,-0.10138490635474787,0.34421985694258955,-0.13234825125607297,-0.0016797812457085498,0.09634012275046852,,-0.0510711353485189,0.035633915174490396,0.03416362643177703,0.04840512339818025,0.029796886065384644,-0.03674612568335642,0.007351423540743526,0.03121192218895875,0.03287058188455995,0.04809842710555309,0.06823738659371016,0.0993114523271441,0.10311740114825686,0.11594390135854846,0.1352965362788198,0.05760505491963615,-0.0007582552456829938
Principal component 22,5.730064367686764e-18,-2.6838356608197483e-16,1.0822792050782496e-18,4.82375139962395e-18,-4.388178607152479e-17,-4.125028597090625e-17,-2.4118318288513688e-17,4.285538672028952e-17,7.91974907339046e-17,-1.7467691299333088e-16,-4.214526634247401e-17,1.0287900057812861e-16,-2.428792052836434e-16,-3.999550177569837e-17,-1.333266458815712e-16,-4.495306969498737e-18,8.671514337582709e-18,-3.573753282464489e-17,-1.876250535229871e-16,-2.558577908205166e-16,-1.348118339042577e-16,4.170886756680642e-17,1.0,8.322644831912519e-17,-0.025203780291651056,-0.008410425362022675,0.10994424522176985,0.05705190239081772,0.06083901753994822,0.05449607037872814,-0.08713595059058787,-0.03137466322023883,0.023305748881305845,-0.17822556195895148,-0.006538316817711968,0.05375912780643458,0.05145509873465982,0.10909518555238153,0.0023218513488000607,-0.03578773902720687,-0.06850299362594718,-0.07387841394036444,-0.08035339283457436,-0.1040947028953348,-0.08301184889463174,-0.01106483293449224,-0.08947117386198437,0.08748722248277381,0.0986720088191943,0.07850689104725332,0.11238200987942726,0.09549533967373322,0.1342965369479951,0.11908074194591937,,-0.0651095820945396,-0.08639072149182914,-0.12518451593759156,-0.06732642841807425,-0.1287780546543158,-0.009400140991352965,-0.015109229488949341,0.03219771820218977,-0.08215330002173482,-0.0923146589165234,-0.09628715835809801,0.3729990005247833,-0.004626567397152341,-0.09452978180958514,0.047307653789508124,-0.0300688873281847,-0.013362391618039248,0.05767050993461453,-0.0362933822725552,0.03611960757859577,-0.06319325452783797,0.12823079105110308,-0.2085198257501458,0.11448960717908081,-0.014263765350394647,-0.13195343834457884,0.012675277461502977,-0.03276259352156141,-0.010332374511668801,-0.1314061184123989,0.14392114801678502,-0.15840472642330652,0.08715914524414659,-0.02146531938389716,-0.07309442208145361,,-0.10873796261873729,0.003925031009268722,0.029695025108438643,0.023471835474903523,0.04239390801984205,0.028644331379629785,0.018658633326796348,-0.019056018965652934,-0.026657996903183302,-0.028925511252840243,-0.017386290160022747,0.02751887191045823,0.05011323238379383,0.05891038492158806,0.0206307039543394,0.04712711945094531,0.038515058031316635
Principal component 23,-3.5655502791759785e-16,-4.3570752286386745e-17,-2.0083530913954374e-16,1.897754109560624e-16,-8.153388766507778e-16,-3.385895806590671e-16,4.102319137076734e-16,4.968936966829383e-16,-3.7356181956291354e-16,-1.0992810744368385e-17,1.6393110715200297e-16,-3.1061941463744955e-16,-1.13176596216363e-16,1.255992457036587e-16,-2.2314929986569714e-16,-7.720422121011636e-16,4.813012253494316e-16,1.3809254160808157e-16,5.378925001979585e-16,-1.900034559298115e-16,-3.3330987907823916e-17,-8.854438126481091e-16,8.322644831912519e-17,1.0,-0.17672130697632069,-0.17819438348178174,0.05075940794399327,0.005904949316854834,-0.10850260631696503,-0.10434655654129671,0.05564871472377703,-0.17358694782186296,-0.010257160468007632,0.06521718794328393,0.15774327676203545,0.10723368062065583,0.020296904003888984,0.005922106958382059,0.001384103089644451,0.042044832577737515,0.008791501348283609,-0.04407228028001341,0.05398242351622703,-0.029994536389539268,0.019055925785630565,-0.1999686012461954,0.12435647216491927,-0.007907035836852304,-0.008675255110739707,-0.06676116550130046,-0.1040529082038223,-0.06860026114897085,-0.07284533762575075,-0.06625114556310886,,0.07329722379754891,-0.10554019556058683,0.0744548638138827,0.007440284539204555,0.16456728495513598,0.13572188367202903,0.1302858652987956,0.08987746313927097,-0.027304393107521967,0.009458284924276373,0.028649927766976183,0.27587452368601456,0.1325164305424629,0.03686994512023442,-0.07663034747244829,0.12077955120226348,0.14046428986546167,-0.08832948797334858,-0.034815802512182054,0.0018529462098575173,0.049779386470784344,-0.04055674766832595,0.03752990700048266,-0.05386029255896526,0.03482750538914417,5.880787721051631e-05,0.09932662838300124,0.0699693325061356,-0.022135121005904472,0.0775634792457179,0.07524940663106808,-0.16159029473521386,0.06482849217247988,-0.026938970287730846,-0.08496671067657571,,0.12692765242780152,0.06980463749259232,-0.0062098338973359864,-0.009055384386476656,-0.031247826923044435,-0.07568197120317818,-0.03155126794347932,-0.046342936741769834,-0.05442187471357389,-0.0762764446063689,-0.05636052132426604,-0.03497761261795653,-0.04609390667323822,-0.033711867489580646,-0.021506368053915897,-0.029378978201987448,-0.03643905324676013
Spectral Centroid Overall Standard Deviation,0.4649359038582882,0.7422661233223687,0.06619461218568692,0.04597461985216577,-0.07674794619907783,-0.16284348467417126,0.13750524308819964,0.1509762107265417,-0.09795043637596178,0.032767370387363895,-0.01901532704215842,-0.03341602597142914,-0.14509115623636257,-0.005743609321057941,0.030213785070216524,0.1683458714203655,-0.041592496424788475,0.006572821244380277,-0.03265551459741867,-0.06378698799088996,0.014236003043420578,-0.10574432385119695,-0.025203780291651056,-0.17672130697632069,1.0,0.9361617016202876,0.34508154282232323,0.26179141035269926,0.36095180374618346,0.37832964174753564,0.0073850952091723075,0.9726013434145794,0.1722140299269771,0.24048932056090008,0.23542315533335076,0.17362243228038365,0.14517657643177914,0.09896720955526978,0.004298439326017349,-0.001677228744423725,-0.06393276278054454,-0.08082941633047319,-0.10759439013000566,-0.11555494903160417,-0.16469541590230435,0.9579633371195779,0.39289220093322713,0.088269069808531,0.27003292627220926,0.3056687974624885,0.28609014045443976,0.24611385496350413,0.25655868694504985,0.23136141732512153,,0.502106564213108,0.8253247855322151,0.43922099665535014,0.5616944905555792,0.24741605915145332,0.7022343795256788,0.7352700528587771,0.27035862572872493,-0.4062537419836636,-0.02570301820704923,0.00875418862718984,0.0805800717975707,0.6963263186058075,-0.0776063971902009,-0.5032484340277882,0.18700213430637472,-0.014180415085240802,0.28974321268038805,0.08399039706637916,0.16147103555679154,-0.027865600870198848,0.06014276725420998,0.1321439379267453,0.05101279612621036,-0.05987802687322187,0.0757661299703772,0.8058013426154598,-0.5374562575443222,-0.1912381984465205,-0.16989417858778208,-0.18285170925718602,-0.062056343131862146,-0.1491988631374875,-0.04198444904794336,-0.12489379769181568,,0.13553786299966677,0.6982111528412835,0.5696428515578874,0.16462515814558287,0.44986225556219717,0.006749039389296178,0.06438944351889359,0.07643743529813701,0.09762926895311898,0.09873564622556692,0.10737906498233235,0.12443989983158396,0.12185059412613386,0.12164184392483664,0.09512249494946633,0.0418300024028433,-0.0019183215578438943
Spectral Rolloff Point Overall Standard Deviation,0.5652676473224132,0.6963725258404935,0.038038229974555124,0.12894427822116591,-0.06697602932875908,-0.11548829848057215,0.08750366936566709,0.11154093876767984,-0.05274037707697205,0.01443465174741842,0.024505288523812483,-0.05234357351584672,-0.11805262116262487,0.011079029419711877,0.0420649417890816,0.063995692324884,-0.03542337178451525,0.0024642599632455032,-0.008248980983248328,-0.07399017271642871,-0.07511827736737452,-0.08349801281296236,-0.008410425362022675,-0.17819438348178174,0.9361617016202876,1.0,0.37803357068526905,0.20453927851981496,0.3671231352646248,0.379583452342474,-0.02424076306219515,0.9511831722259277,0.12325528642335931,0.1724346677749966,0.17332715907771165,0.09911993481222467,0.07770018705617539,0.029226611831456136,-0.06733087745996913,-0.07873635697249498,-0.13354308651978614,-0.1609052938702499,-0.1845377215971963,-0.19544905069651713,-0.23464104247620962,0.8729162061194569,0.4720903165009982,0.04670262497951489,0.2508057091977561,0.3152455755854762,0.2819677581493623,0.2419643291798142,0.252839555227829,0.2274841051209882,,0.5923223098499247,0.8494253516392192,0.5290246912671237,0.5829463867552859,0.296600874274419,0.6210636945327775,0.7089362617335135,0.3339694047152919,-0.4370362641402605,0.04683160229259484,0.0909522515114778,0.07874666100246742,0.6770136216672563,0.02191131989699467,-0.5515295381417781,0.2877163454156341,0.015375709315597761,0.34125381878446376,0.11478581532581454,0.21338282141493842,-0.02352841563195864,0.07827202253073921,0.14873117863826277,0.07681710598640562,-0.06340287215558182,0.09943623132754068,0.7342549735946707,-0.6913862841631522,-0.25570594745790326,-0.2089546785583096,-0.18320343038580172,-0.04627540097437901,-0.1363538228512768,-0.014285940134049402,-0.09948076214375338,,0.26284391178219935,0.7694042399926527,0.7158159278325741,0.31881059398519757,0.5883523936535201,0.09281552030650285,0.15306557409380137,0.16945963624457014,0.18602204156585647,0.18756300681070373,0.18579805011210282,0.2071093615083557,0.21331837221570762,0.21399547513435996,0.17750154136055785,0.1288507638030436,0.08779902097388616
Spectral Flux Overall Standard Deviation,0.669188996115277,0.058477449693024215,0.19609818798969997,-0.07150004520244368,0.4879418742922282,-0.3304412182300216,-0.11051712767734817,-0.08683910066503717,-0.027139110622071617,0.07219505423801299,-0.07565960263377935,0.08337659463472048,-0.008383176231601992,-0.04120203242249028,0.003740331290412513,0.005797692466208208,-0.04382624696303008,0.1183264316619839,-0.07283642554929778,-0.08761650581533591,0.05828608873384452,0.08283553464154296,0.10994424522176985,0.05075940794399327,0.34508154282232323,0.37803357068526905,1.0,0.1904955575235212,0.8484724609242541,0.8243077995580906,-0.21330692620037267,0.39172350835527314,-0.08109358111654652,0.16393686389052262,0.15216075835982196,0.044243468018889134,-0.01526047761484546,-0.06947559950757852,-0.16228400436320703,-0.21106302978888514,-0.24507328898589475,-0.2889495732869182,-0.31894756512670847,-0.3066997341786333,-0.30455811671741717,0.283161445111018,0.3974989583189684,-0.015576156762592845,-0.00243493353314931,0.01689567268663186,-0.03545020554644317,-0.07365468205180015,-0.07587974344478338,-0.1139511941528085,,0.6885054305125147,0.48311895602834615,0.45411422910514604,0.446029786547224,0.4004667837783756,0.010840554388730743,0.06625077814885394,0.8850355470460965,-0.46099193461292937,0.6402765121977132,0.6423167396115484,0.023995928270639788,0.07176870452517557,0.2011191649719444,-0.19368599706750436,0.3090647440875784,0.21726222113495042,0.3706287159450933,0.21350652708487938,0.21241746103211764,0.10653788632129248,0.1516479640809709,0.13592980017032635,0.12236050080560065,0.08027411195609153,0.16077182136714974,0.15377406284107345,-0.49519811505209577,-0.0431029347956712,-0.1688858299767771,-0.18138413938299922,-0.07252597005079489,-0.054924829452250495,-0.08463825885202597,-0.07904053356431168,,0.47624048361842813,0.23205593223947818,0.3545516315372804,0.276307879396209,0.3621375594972831,0.29357214808393045,0.39524803729133207,0.4316400989444441,0.4587400172307218,0.4510552140091497,0.43822926621003344,0.4396011895140676,0.4021834469223066,0.3803545932547101,0.3110513744524534,0.2814237636944954,0.25212103508645894
Compactness Overall Standard Deviation,0.08057726341580848,0.21384548019381022,0.3657153208197789,-0.10110351553046483,-0.0584253186081548,-0.24783409306513984,0.3500966301881375,0.18738029547528215,-0.13560555615459324,-0.0497436138362942,-0.2547118190138039,0.327544411746251,0.35258973238703073,0.13633719101999522,0.19099526116720952,-0.13141438872401925,0.0418518562892747,-0.06303830823369372,-0.13765155047058794,0.03909604020913284,0.008110058739691414,0.0004350944118797829,0.05705190239081772,0.005904949316854834,0.26179141035269926,0.20453927851981496,0.1904955575235212,1.0,0.18490056477226813,0.19013187132422768,0.06249403909061106,0.19624006354808785,0.7278376294032546,0.32516609183283157,0.30238334968520575,0.28763468204717824,0.2252045156724849,0.1929391887508564,0.15904664989082404,0.1321543972672681,0.08305654158606508,0.036921040289869714,-0.0007318090597056127,0.013359392193647021,0.00023730611431435088,0.3972659217566204,0.19796727653806545,0.16462249351271582,0.1418243639023023,0.14849613891402738,0.08255027930779775,0.06523783320605682,0.053336837990451705,0.00476537286924163,,0.09585351282135873,0.3388868093542073,0.2573014170609999,0.24962270070120254,0.24659569174081808,0.09489586597082476,0.07993370943529521,0.12158376056675708,-0.3671442624964179,-0.06271515769912976,-0.07698509722994305,0.06955681026395981,-0.0118754783541762,-0.6254195379782785,-0.033654117672980266,0.01872742273953113,0.03846440662572138,0.11633692118165231,-0.03094254052998026,-0.027493471963739958,-0.04340176681296715,-0.07359585316694596,0.09672961154055802,0.016509976932953835,-0.015272181849213431,0.039998820027115904,0.2423162963078414,-0.08171742332985184,0.07316475126206301,-0.0006938106977446956,0.05959834942689332,0.0584250221665093,-0.023504391664553186,-0.06386427851356072,-0.05659089417690809,,-0.18662729017380283,-0.00962269651268291,-0.037390445284279934,-0.11053246795096815,-0.037034344456358725,-0.047132110783964155,-0.002555909227532904,0.015359081331737115,0.05654006726395555,0.051919578581595245,0.06627379271059075,0.0778955938091524,0.0689477530707413,0.04891846637962861,-0.0019272443573955238,-0.06421761713472399,-0.0933627651149267
Spectral Variability Overall Standard Deviation,0.5739083897137539,0.07102604044241137,0.2945600885832519,-0.10445129871344475,0.5118929035239453,-0.3281637752703798,-0.15482242770366178,-0.028832525141288264,-0.05149231563998944,0.051194677926969266,-0.10618740331543268,0.06968111383690256,-0.011324969357556069,-0.023441055524628305,0.035830162496054654,0.09106852762216096,-0.022010746626706677,0.10286052065107044,-0.03052321341496392,-0.04080712797487939,0.15622024782518243,0.023001011345564037,0.06083901753994822,-0.10850260631696503,0.36095180374618346,0.3671231352646248,0.8484724609242541,0.18490056477226813,1.0,0.9927176938131349,-0.08377336142327901,0.39755098781781173,-0.04763201897037453,0.21074497724877275,0.21076282097280358,0.10303119929466853,0.07682979798102238,0.014425236405738904,-0.05099407837583603,-0.08608141270657271,-0.1200344933978486,-0.17219913246926868,-0.22246259170044094,-0.19003599187995307,-0.2067810312999223,0.30898153611908624,0.33938304539664826,0.028266453029011502,-0.022391089667999416,0.013651269330047974,-0.009850673588265043,-0.042093491523079854,-0.034128093562734704,-0.06921051695291754,,0.6634409150245111,0.46805537430416105,0.40019289869184077,0.42867936124809947,0.3524656829166057,-0.017914996717504333,0.0182043172154947,0.755222348225413,-0.395036530975179,0.6389968488875677,0.6258761331202304,-0.05270685956659527,0.007390371801343551,0.15044140536454262,-0.13792571674606918,0.25965566421378533,0.19411159656916155,0.3537662253507491,0.17616279388355677,0.1948011431206222,0.12283949950665964,0.14125231170239466,0.12441411392693402,0.12605947053669914,0.08500218860676875,0.14333985566437893,0.11767751589816021,-0.4178618931115057,0.04596639258833305,-0.11597417801303399,-0.10194923548694944,-0.03690967950834531,-0.0146713339040069,-0.07815899082605693,-0.05164506068093953,,0.3777287491291567,0.1487300019191914,0.26817966555457096,0.21083900519090437,0.2988736369734064,0.22108757134882798,0.317244027273652,0.3645952501334141,0.4001527496869544,0.39862096423513105,0.3892242710961685,0.38555625127952,0.31859953996791013,0.27640752485696485,0.20931392072943664,0.19583368316121957,0.17746654363250194
Root Mean Square Overall Standard Deviation,0.5525274396238201,0.10580043593511729,0.29918615724107406,-0.08948081433733922,0.5022543447272316,-0.3207770725022038,-0.1404828707620661,-0.0173332617490785,-0.05981884437703506,0.04635458947351233,-0.10036541649057804,0.07664920919533169,-0.004419544190411496,-0.035725266576800856,0.034187187969147353,0.10283542486789105,-0.032111011821958454,0.10370769296667995,-0.021159008372888515,-0.042245633217755464,0.1893810922620958,0.028275514374166033,0.05449607037872814,-0.10434655654129671,0.37832964174753564,0.379583452342474,0.8243077995580906,0.19013187132422768,0.9927176938131349,1.0,-0.049722970901896646,0.41208488348945954,-0.024113297384662526,0.22120977946301074,0.2209109748769699,0.10903687109581188,0.09080691421198278,0.025577783827307365,-0.03522740802745557,-0.06978184561745243,-0.10079213782744692,-0.1538819621138857,-0.2032409292286747,-0.1727090875719611,-0.19095065897990654,0.3288112763052537,0.3455342566945815,0.04047551240051543,-0.007203135634685395,0.03386996100484095,0.009598096931656083,-0.021505035390152576,-0.015194876490564791,-0.04488129938546139,,0.6809581772670631,0.4747785085501963,0.39999765833787615,0.42559148282324694,0.3484232869375192,0.015573600839562702,0.04876969428885776,0.7148224107863732,-0.3800772489222492,0.5954752583669677,0.585922800220941,-0.03300377034329885,0.03773633563445068,0.13803272289411683,-0.14681095234238473,0.24917108672832416,0.1782931879112231,0.3450384719199578,0.16643602075834285,0.18238380927058326,0.11242248920633278,0.12989425867023338,0.10998801795267964,0.12031027978579682,0.08547240931563044,0.13882065406661886,0.14117266473642828,-0.40751119990129986,0.040145849147065656,-0.09336332436073697,-0.09912158064577628,-0.018419434864622768,-0.002981499596571713,-0.06058209116430306,-0.0396929806363957,,0.35406671298792786,0.16505679048965025,0.26961872409463344,0.2051342210760327,0.2944229714154978,0.1929007821042084,0.289475490196895,0.342670697219879,0.3744457656192,0.36963302909909546,0.3576994493790098,0.3550547218718484,0.2886739528473416,0.24768000110891125,0.1837624007002525,0.17134363316516563,0.1561051777011735
Fraction Of Low Energy Windows Overall Standard Deviation,-0.18298781030403122,0.09156054060064235,0.1512963966250898,-0.036577920898663366,-0.13708800978573538,0.07145552536754793,0.15598252122447373,0.08534893772114202,-0.022465583159598148,-0.05670004585950121,-0.08144559749472328,0.010229396702503278,0.06326374011563875,-0.0678999187719568,-0.03593210065288545,0.025649476276368113,-0.07025729695174411,-0.029752884941059744,0.08271700607170754,0.003304610795820292,0.050486417976202465,0.040602127638095196,-0.08713595059058787,0.05564871472377703,0.0073850952091723075,-0.02424076306219515,-0.21330692620037267,0.06249403909061106,-0.08377336142327901,-0.049722970901896646,1.0,-0.01620387377697851,0.2178104097231161,0.15171977475138468,0.1722733825297398,0.18206972069726748,0.19940494909308737,0.17650921502235814,0.181395258354788,0.16301582916934507,0.15995005144429453,0.12912957010033488,0.15539811728503378,0.1268803169124396,0.1176264773327177,0.04191588653011315,0.048233613346583326,0.13421585048345083,0.06098910414649321,0.0906526062804348,0.06452377394433527,0.06059418203527259,0.027874721839834603,0.025249081539337918,,-0.10027994638921642,-0.02274307302620336,-0.015109939942414096,-0.03048803819344082,0.008945825681872684,0.024165484213001936,0.013940564519954915,-0.28994388198231696,0.0535009365345456,-0.264336942806581,-0.26675993922896885,0.06620115977772098,-0.013748836622858881,-0.2680468901928868,0.05643298859824152,-0.07525200230106799,-0.035573835427789066,-0.060768011043743124,-0.030558567906631907,-0.05788015609037638,-0.05879306116570659,-0.04983155765174283,-0.022461791755310167,-0.001671004539310143,-0.03576757474114456,-0.07059224616904328,-0.004933053519381213,0.15627561356547137,0.049872097956857354,0.10101419614117187,0.03780990562857443,0.06619245594624597,0.045424843967361996,0.04844326891506548,0.0008582754533679819,,-0.21944545824829825,-0.06937297900639272,-0.12301864450458165,-0.11231494624898629,-0.1328534432232503,-0.12648553017752504,-0.12952866698422774,-0.12012595039873541,-0.12734831155420165,-0.13879475835924387,-0.1467620652804541,-0.1257706442248907,-0.09946696425186037,-0.11380318739126163,-0.11316066538018944,-0.11063861068052389,-0.11171354016074604
Zero Crossings Overall Standard Deviation,0.5405171670402775,0.7262389489099039,0.08531508967365403,0.08600696414194292,-0.049007338209203895,-0.09791500885068799,0.08940194095289818,0.11289652889016946,-0.05493694893122018,0.04749143618485569,0.012004777699305717,-0.056363161317783655,-0.14065612546045686,-0.01408560470928031,0.023833272457224993,0.11709332698741808,-0.04115255211594057,0.019926039960503503,-0.014427475805196084,-0.0779154195267121,-0.008836142484827983,-0.0985912078974859,-0.03137466322023883,-0.17358694782186296,0.9726013434145794,0.9511831722259277,0.39172350835527314,0.19624006354808785,0.39755098781781173,0.41208488348945954,-0.01620387377697851,1.0,0.1045339159173664,0.2396912085365109,0.22291960657172205,0.15660471928393926,0.12646716180440448,0.07924984875001562,-0.02540486605913913,-0.03900387130205087,-0.09574274952204158,-0.11291229743980855,-0.14056322034670235,-0.15396910780305298,-0.19560969194295497,0.906672610559017,0.46725717358250574,0.1007406789657626,0.2777288432657349,0.3400155078062875,0.3178988161106828,0.2829962371727337,0.2934727656981339,0.269580240281432,,0.5730597526859583,0.8678041080466176,0.523001319712682,0.6012135787000217,0.31458539048528555,0.6563609912363098,0.7025363045171084,0.3216430469113287,-0.4078610757259203,0.0314211851064235,0.06827639739427475,0.06568560968593254,0.6904696377090623,0.020512404382023283,-0.547796658099348,0.25797261015001793,0.0236614545753196,0.33912679143782076,0.12362454353762733,0.20666471512394824,-0.012545261192935392,0.09416157568205769,0.15643581833136036,0.07193637650411175,-0.06799580665632339,0.09046722459970935,0.7637878538327035,-0.6236969235714673,-0.23671773918714178,-0.16893270576147248,-0.18741341316340754,-0.04633096443930437,-0.1344230576840809,-0.019216139201321307,-0.11075855131323446,,0.2041334817281036,0.7350516815527787,0.6491959741176404,0.2710962354876095,0.5375900005769252,0.0664645990452379,0.13142281319112017,0.14663432044608413,0.16549063423393112,0.16606588653531137,0.16745201915932864,0.18398836324194567,0.17945949797532074,0.18795250682078368,0.165157096962355,0.11307571060715775,0.06296183434222621
MFCC Overall Standard Deviation 1,-0.04752943740586756,0.17356916416420903,0.15527127169951283,0.004794915893974866,-0.2043664987927198,-0.17493911868985196,0.3995689579699836,0.26595490335645733,-0.19509697047506955,-0.13775684874847435,-0.3230980985594552,0.3450993695611561,0.48077649848213916,0.0989649851889077,0.14117575366080573,-0.12371599034856444,-0.0019983096028386425,-0.15758705906870984,-0.046009356503890486,0.06847548265422228,-0.011808489466667488,-0.008025832061095407,0.023305748881305845,-0.010257160468007632,0.1722140299269771,0.12325528642335931,-0.08109358111654652,0.7278376294032546,-0.04763201897037453,-0.024113297384662526,0.2178104097231161,0.1045339159173664,1.0,0.12768643485097966,0.17693545714804626,0.1428401593612288,0.1318993063496586,0.08326983738214483,0.10621673470791386,0.0720290192931382,0.0346083061944086,0.0253002454484048,0.001407293641340618,0.010753824650844245,-0.020030134535161916,0.3732739651593614,0.05510912148205879,0.011165067447999983,0.011534223157607281,0.035576693457188155,-0.02085220929068693,-0.009956256259729394,-0.0350438583602226,-0.05634861020496446,,-0.022087921880887165,0.1759715273339166,0.08611449766104703,0.05147199528307891,0.05919516107753917,0.11050988625923053,0.09883278988567556,-0.1204767622684894,-0.28543430266779923,-0.22014174174882187,-0.21962203900974403,0.09807229275407404,0.035668656091586544,-0.6517460598609541,-0.07222600678504049,-0.02593763636239316,-0.024880799883163825,0.009052901243950886,-0.03494281391856403,-0.058858291453802676,-0.06575094474296342,-0.07074493291263143,0.020139110204461092,0.003743838002071238,-0.024781539408420334,-0.012418038056305961,0.21709263961736688,0.009721243060462046,0.02230218039765134,0.04811957572810361,0.02519220397866209,0.04924427030733255,0.017328698104119165,0.019524088134774936,-0.0014712948999832758,,-0.19069366250210226,0.02302769559924396,-0.03642922590824489,-0.09007117774372024,-0.0610833191312582,-0.1083351914554927,-0.10904291525244898,-0.09906597425978879,-0.08062900654860197,-0.0792779060879135,-0.06334183737701413,-0.039958489406524224,-0.04167156693041671,-0.04933964563529247,-0.07064561739500176,-0.11702520563187828,-0.12041809043207186
MFCC Overall Standard Deviation 2,0.07343897009694704,0.12357844426749735,0.7246761947665052,-0.20492896576644054,-0.05364323757071185,-0.04395827699217099,0.26096280059037924,0.03280898391892925,-0.010571112116298381,0.12394918864752656,0.032186496066752564,0.0027263951123924425,-0.13573907762471016,-0.15238292170959428,-0.0871173784759412,0.12911711211745922,0.061883814348894756,-0.025794573549770727,-0.016390190931625945,-0.06624915246773005,0.007666493024775537,-0.09045531244721025,-0.17822556195895148,0.06521718794328393,0.24048932056090008,0.1724346677749966,0.16393686389052262,0.32516609183283157,0.21074497724877275,0.22120977946301074,0.15171977475138468,0.2396912085365109,0.12768643485097966,1.0,0.6318108802894128,0.5733860184493422,0.46369270754005876,0.39213672245129855,0.2919071422007341,0.2303200303535366,0.16151994927174448,0.09315439481300918,0.06346265935195557,0.0732053784675719,0.048289170214726694,0.2402410594545241,0.37597900812123125,0.4810979621379985,0.3518962896458878,0.32670060948173757,0.2144699956760574,0.12304432931358794,0.07261650582551817,0.0057023252175686856,,0.12821689393782112,0.43167845548503475,0.4210028806060701,0.44203816729487355,0.46523577297335855,-0.06882061337908638,-0.0802704217992717,0.0482075705568768,-0.2701967181261012,-0.07342981350440826,-0.09784374736960998,-0.011224257282541375,-0.14991256851962517,-0.3930751308349358,0.29504335428785256,0.08466526727642797,0.1119304568857744,0.20238260876170241,0.06948102950092497,0.005178784230178667,-0.018861744182345205,0.016093513466361637,0.08829864761912183,0.03491203365836594,0.021703840402261133,-0.011575416077597054,0.015302369034521703,-0.006945055864527212,0.26272553559774375,0.15237940745097295,0.15054957182716777,0.10628754887976755,0.028623649246026832,-0.026327181654543643,-0.07052609809540061,,-0.2805424452588292,-0.2147873259958032,-0.1866082375004278,-0.21630193091351838,-0.14281839179907568,0.07829875125242873,0.10516862128125523,0.1279462065832783,0.16670923420684458,0.16764534818474916,0.1731900056122237,0.17403472478698848,0.1704369064380766,0.1285394388152348,0.08420679953289675,0.0875751313882205,0.048319428477661484
MFCC Overall Standard Deviation 3,-0.008485911097912592,0.2813334985467073,0.611298270514807,-0.2706100276764332,0.03616112177935891,-0.0809040899163048,0.23061383823113496,0.02164571775303602,-0.0800239709007735,0.06803992907052213,0.056548888712597806,-0.024074817072795882,-0.052674290522186945,-0.21128173840983996,-0.1030088793560106,-0.04720053947232153,0.18050690559905172,0.048629254747012296,0.12337343212181787,0.13968366445359662,-0.06579453910557896,0.12612849344051938,-0.006538316817711968,0.15774327676203545,0.23542315533335076,0.17332715907771165,0.15216075835982196,0.30238334968520575,0.21076282097280358,0.2209109748769699,0.1722733825297398,0.22291960657172205,0.17693545714804626,0.6318108802894128,1.0,0.6741576651100976,0.5864349912228691,0.4651491901742038,0.3632779896873269,0.31570569838610946,0.22282563000638755,0.13793778497572515,0.13827089036372947,0.13845911981407658,0.08708069632362105,0.23475688805948133,0.36164980520491374,0.38582503764097964,0.39281659632689225,0.3898212819951706,0.3094839483283625,0.2185170180522973,0.12862685711597466,0.09861191446182566,,0.10969421345283996,0.32408468417379876,0.32595866658887934,0.3374652372288779,0.3425181154389992,0.06951301315790416,0.03597607192909852,0.05873298430467413,-0.2668295068250313,-0.11215762282442612,-0.13201125839524067,0.039950374072602636,-0.012453723354700571,-0.401326239161535,0.11748449988107905,-0.11389283822842736,-0.020777594624324144,0.15907540875990225,-0.010960583255905855,0.00012113058943481469,-0.06001363602666661,-0.03981510019564294,0.030407018014036936,-0.03451831844431641,-0.010222393462228955,0.06328103987609542,0.09958866996245434,0.009655205890599787,0.20599127868820302,0.0744545491696735,0.06482691273278365,0.05741502078005023,0.015484381521877822,-0.024481791501561913,-0.05112654744748718,,-0.2654926481629693,-0.08883065882072877,-0.11300764222287127,-0.15960041957963314,-0.0861189674960987,-0.05068879323144862,-0.01370515393715705,-0.007472027055020631,0.020634017626924277,0.006428868499915772,0.02358345171732733,0.034674696784898255,0.010721421948488671,-0.056458504774538586,-0.10538149482899736,-0.0809473529557651,-0.09297079058192223
MFCC Overall Standard Deviation 4,-0.15034255087267548,0.2805126126261245,0.5906453563147948,-0.34212953186579087,0.04540412331665767,-0.009121898772386897,0.15956957731502305,0.04257946323878308,-0.024308995550774985,0.08656809310188879,-0.023109925529181417,-0.04541649803196059,-0.09146805978042215,-0.10370134401180034,-0.06064564783442562,0.03235554350882208,0.11336039821100748,-0.06897665206256413,0.07061961122273926,0.1280077469936756,-0.23236681190843125,0.1264312961861115,0.05375912780643458,0.10723368062065583,0.17362243228038365,0.09911993481222467,0.044243468018889134,0.28763468204717824,0.10303119929466853,0.10903687109581188,0.18206972069726748,0.15660471928393926,0.1428401593612288,0.5733860184493422,0.6741576651100976,1.0,0.6777971682507082,0.5847257107430403,0.5013655762163861,0.445373509238297,0.3327776189571885,0.29289846260811103,0.26443541714983915,0.2872281868493101,0.23959692134157431,0.18073937422605924,0.197004370512334,0.4369760864993023,0.4010537771806338,0.37889364269956877,0.31482854107194547,0.25602547588320196,0.1949773242763696,0.15546580164394327,,-0.006916603487972731,0.22591263684538548,0.17518906325586597,0.20603404713021234,0.18885562652857774,0.049611104168529915,0.007159780961646089,-0.020800236761798537,-0.1669232537733143,-0.14904682670296504,-0.1721290858400268,-0.00565220731070695,-0.049817097231163586,-0.41481954712323027,0.1591194872658855,-0.16884707994676476,-0.04389729602266043,0.028238384016522875,-0.022170701217701892,-0.0491505499110822,-0.03800538866284182,-0.027048643671141574,0.028889307167077907,-0.021355936248514854,-0.014568147301911031,-0.03315252593300806,0.07053184911381202,0.11775225191380354,0.2130908124757967,0.07518191860196612,0.10082849137841665,0.05297283944851344,-0.02176557661162504,-0.052250925871299286,-0.0889878074219141,,-0.310427448871617,-0.15535423696034886,-0.20110083041964988,-0.24964414198068233,-0.18390694536836705,-0.11940113836978472,-0.10026298002215743,-0.11895253305340524,-0.09823331341070099,-0.08928011173801229,-0.05698690186725966,-0.05896531214485119,-0.08485559062060247,-0.12477141566955925,-0.13191413923590797,-0.1321630894038049,-0.17548640866895324
MFCC Overall Standard Deviation 5,-0.2422989153381159,0.3541959094024011,0.5799308908879989,-0.30939996948776405,0.0972844137536042,0.08961540501552621,0.0673467328611529,-0.02992776683923882,-0.07185804135233069,0.003622214609797309,-0.06718740516702648,-0.1082052902989515,0.028428104518793715,-0.04645632558977926,-0.11811273074563347,0.03471202173139379,0.02380256692446462,0.0011709801422466267,0.19961357645190927,0.08269155320680556,-0.2148123164375016,0.12133491203872426,0.05145509873465982,0.020296904003888984,0.14517657643177914,0.07770018705617539,-0.01526047761484546,0.2252045156724849,0.07682979798102238,0.09080691421198278,0.19940494909308737,0.12646716180440448,0.1318993063496586,0.46369270754005876,0.5864349912228691,0.6777971682507082,1.0,0.6971136446886059,0.667067918613084,0.5668068627666459,0.503370470219563,0.44237993561754096,0.3511914290770739,0.4053027696457874,0.34423205273745183,0.14763506058867346,0.17393635165430965,0.3946962039140334,0.3741448312905982,0.3977305195483897,0.36023831463764816,0.33536268767531674,0.2789612603624465,0.2646323439817134,,-0.054056990635561034,0.1670785015236408,0.139173271309838,0.16425663751659816,0.1627727922025327,0.07754966691579414,0.02219822932660365,-0.11075940798226228,-0.05832413406050487,-0.1942638386122519,-0.21438385346163435,0.03963346302013782,-0.013053265179340242,-0.3949085546377189,0.0864223060442377,-0.21477166912401924,-0.10022717376944089,0.05014968663709077,0.019779183359821092,-0.13046897650274383,-0.09342002182942497,0.0017791701650317832,-0.015102434979563923,-0.07706266795308764,-0.08418004161930841,-0.011195093193942204,0.05891457612123289,0.15361483574029036,0.18116266282629118,0.12730391758611478,0.08932140935871914,0.0739018400923679,0.028905716992241808,0.015053244414701855,-0.01204644695970997,,-0.32579675083382637,-0.11877314723291969,-0.18214125244471338,-0.21294708294479558,-0.17059762920703814,-0.20758436223505897,-0.18802470597928914,-0.16353076991361531,-0.1747114016238976,-0.19524906346335452,-0.18581762400057203,-0.19971611099070527,-0.2094029330265485,-0.23838884554936063,-0.224919024070063,-0.224215451456952,-0.23042107260732242
MFCC Overall Standard Deviation 6,-0.3451351715628135,0.3641778768208131,0.5307435583126946,-0.26052928515562884,0.13610895213332536,0.09857810308585548,0.0008207363765154875,0.010605152910873009,0.07375203392374458,-0.0645933441373903,-0.04908446387486298,-0.08883477907069302,-0.017753676474969827,-0.0049131143242373415,-0.0159148791475967,0.03889116724775139,-0.04525584570880152,0.019423066214062562,0.11189052581762592,0.08757494660906796,-0.24920301018061355,0.05635661655833966,0.10909518555238153,0.005922106958382059,0.09896720955526978,0.029226611831456136,-0.06947559950757852,0.1929391887508564,0.014425236405738904,0.025577783827307365,0.17650921502235814,0.07924984875001562,0.08326983738214483,0.39213672245129855,0.4651491901742038,0.5847257107430403,0.6971136446886059,1.0,0.7011861102688707,0.6412932015267147,0.5493791844254527,0.5018595976808933,0.5007026172284897,0.48784158356102575,0.47856647656131207,0.09892518085619581,0.07640454302783445,0.3403490742309172,0.3498735236353044,0.3700676474433609,0.39259918789382475,0.39250938166347066,0.3682783928962532,0.35241984390589537,,-0.1339451637956857,0.09406053230692893,0.059127154801660885,0.08406735975978798,0.07996565470407956,0.082184261887452,0.021019212262735027,-0.1523805153023723,0.069645537802834,-0.24027998088346447,-0.26170775055133266,0.025363557500907175,-0.012981048100604064,-0.359109034022751,0.11380832614648734,-0.21903251686653294,-0.1621917912308376,-0.06723341280870816,-0.0720462902196693,-0.16271603994133854,-0.11377821038084197,-0.11172967840581968,-0.03595110460586096,0.007729040546417893,-0.0836427397492022,-0.05575128464288741,0.03627334447000005,0.21502230131676212,0.14437161661931375,0.12818950565686477,0.12811731998444434,0.0826724001847966,0.06726047246762852,0.03539308362147793,0.020402481011918397,,-0.3657522510648525,-0.1382992411717027,-0.21555869304561714,-0.23546462625424913,-0.20581114194158603,-0.3143501115435542,-0.3019539844778913,-0.27676369720705113,-0.26832713641718237,-0.2535653928922588,-0.23244933858474073,-0.23148851633484904,-0.22751053981626004,-0.29866847585124207,-0.30338761000260367,-0.3298376043620015,-0.3380020552069944
MFCC Overall Standard Deviation 7,-0.4867760182863358,0.34828016333485623,0.45083822881481606,-0.24025466718383898,0.1847040254088207,0.10502892585737778,-0.10947712156290311,0.03108267796117543,-0.05317382969248108,-0.16917586611458935,-0.07256672688107994,-0.0793925071762081,0.06767461699579962,0.09722456283677236,-0.08909645448968333,0.05749377971257482,-0.058824759762694336,-0.020489425410345506,0.0945082227907769,-0.01577213189459334,-0.2159595621136278,0.06258210341467908,0.0023218513488000607,0.001384103089644451,0.004298439326017349,-0.06733087745996913,-0.16228400436320703,0.15904664989082404,-0.05099407837583603,-0.03522740802745557,0.181395258354788,-0.02540486605913913,0.10621673470791386,0.2919071422007341,0.3632779896873269,0.5013655762163861,0.667067918613084,0.7011861102688707,1.0,0.744705720937611,0.6813458137177414,0.6863065023355283,0.6048554953823293,0.6374965499117106,0.5829525461849159,0.011601580444029954,-0.063221287308902,0.23199378395937334,0.24059357325226763,0.2687380779205198,0.3014631813299251,0.3411708299043836,0.3405574226283447,0.3394926185646768,,-0.21408389350274015,-0.04633025940558601,-0.08748779408076891,-0.06769747563977943,-0.057236857837519334,0.07685767631104407,8.816366908899467e-05,-0.23555491788895416,0.1705237284004673,-0.2761284341411406,-0.29742106067224977,0.03851998811803555,-0.024030444265482953,-0.3717296645046254,0.08278105447655079,-0.29928896691176077,-0.268015223230659,-0.1446886288760232,-0.053581869259967135,-0.2192490906480942,-0.16624624102243424,-0.10532066406494252,-0.10017021884381554,-0.08479243905544523,-0.043340763074834754,-0.020628039904762616,-0.008162486898436233,0.30240391454937443,0.16015534485166272,0.17750700692703014,0.17813727643708602,0.09814746556623412,0.09222437565515916,0.08693925229039978,0.034135638400925025,,-0.3865377109210711,-0.16359708792132782,-0.26363976856244586,-0.24705057548527476,-0.2525721986141067,-0.43138425085402593,-0.3963515605977919,-0.3722215698586183,-0.35854930434988574,-0.35408330205807664,-0.34068775408148094,-0.36759579033031226,-0.4036304425659225,-0.444309928367097,-0.42245090265094887,-0.4481870842753163,-0.469825133236328
MFCC Overall Standard Deviation 8,-0.5530694229084531,0.3739863583859253,0.39984168810997767,-0.20351108157071798,0.15051665435891393,0.08091349605393855,-0.16299693758450678,0.032374841308232226,0.01113418387376032,-0.1879600319662617,-0.11632200732367622,-0.10861779678113963,-0.01492639311667498,0.11179862237104451,0.03946698606754151,0.07338532092582993,-0.036354177153194334,0.025128713768910776,-0.038514261269677,-0.05109468842848217,-0.09953017234703286,0.014009390664919451,-0.03578773902720687,0.042044832577737515,-0.001677228744423725,-0.07873635697249498,-0.21106302978888514,0.1321543972672681,-0.08608141270657271,-0.06978184561745243,0.16301582916934507,-0.03900387130205087,0.0720290192931382,0.2303200303535366,0.31570569838610946,0.445373509238297,0.5668068627666459,0.6412932015267147,0.744705720937611,1.0,0.7862559455398018,0.7548168332378249,0.708296310867807,0.7186048442147682,0.6977517247315679,0.010065875868610671,-0.12323916552118516,0.22256633480680046,0.2599710314656096,0.26486427624289655,0.320413830102011,0.3408433562298969,0.345369658793075,0.3544458266800999,,-0.2699656303097221,-0.09433425644102901,-0.14769396354446826,-0.1016234608617285,-0.10898338065287211,0.13110847312583518,0.0457011113151561,-0.28249878128076883,0.2502172247691823,-0.3239809644550296,-0.34645568705861357,0.07250437968955402,0.018288424563877345,-0.35981637960847207,0.11701217951289607,-0.2972337797365408,-0.29246027503481986,-0.2144351337773642,-0.13688520352196604,-0.21240070082260173,-0.18040580861914868,-0.17835431686663997,-0.07216551335404774,-0.0715127477998196,-0.11040431311654444,-0.07667533292843101,0.03463925018949827,0.33898638425005434,0.1757902239514926,0.159000260903858,0.21100133667117374,0.1073912974590103,0.06969371215549479,0.10342958455473335,0.0675717934809104,,-0.4279505344297067,-0.1566485332245063,-0.2791551633542542,-0.28287282618527065,-0.27485763605130364,-0.4732334436598432,-0.46634964240766824,-0.4460161795627904,-0.4317352411486216,-0.4431127261768926,-0.43206741375567664,-0.43947853209355425,-0.46187714012490744,-0.5126455900903193,-0.47105598070470456,-0.4961997390163873,-0.5015787961954757
MFCC Overall Standard Deviation 9,-0.5855270679814379,0.33798922830277045,0.3238482579311177,-0.1749567282620456,0.16511256077734807,0.12682570837236593,-0.259477588181077,-0.008234527082509926,-0.004018042974233758,-0.20243267569384568,-0.11409723571663873,-0.07242662432387333,0.012933135262220155,0.0749984867145962,0.1405521823897062,0.07511817455487203,-0.04783839549685311,-0.01727596702890044,-0.038129716475883424,-0.08328359139740568,-0.015407865194474582,-0.002012723685362084,-0.06850299362594718,0.008791501348283609,-0.06393276278054454,-0.13354308651978614,-0.24507328898589475,0.08305654158606508,-0.1200344933978486,-0.10079213782744692,0.15995005144429453,-0.09574274952204158,0.0346083061944086,0.16151994927174448,0.22282563000638755,0.3327776189571885,0.503370470219563,0.5493791844254527,0.6813458137177414,0.7862559455398018,1.0,0.8140857251204452,0.7620217025376587,0.7796905083194734,0.7253222977900662,-0.060750558375133795,-0.17748604159600942,0.15872064679836131,0.19778923097521423,0.23582738643452125,0.3133169500593542,0.3554987384183308,0.3780754154345942,0.38782139846153085,,-0.2912599316407626,-0.16966040365688678,-0.20815285029046485,-0.17123037882098385,-0.1675601849838373,0.10101768820350068,0.017116720148890673,-0.2943476292764891,0.3449481453292305,-0.2936151998722893,-0.3157559756044233,0.05513379516314892,-0.0008613962804666953,-0.27258993329800757,0.10226710624342067,-0.299724142866244,-0.2977096511460504,-0.23450851346187326,-0.1569560511369483,-0.18814337176456333,-0.13779423575468225,-0.18158662320361524,-0.16368000216561085,-0.10438322301287571,-0.12932727179077394,-0.10649846515966241,-0.019770312721888353,0.3593071415653409,0.14612203009898045,0.1890815300597091,0.205645046934922,0.1147886647040568,0.044641200506600025,0.1327045181242664,0.09731733675797642,,-0.39237277872130155,-0.16814207506099216,-0.2813233337456618,-0.24238067258253482,-0.26933811306002553,-0.485271057557634,-0.49111022476665667,-0.4741684115021326,-0.46944191675845265,-0.4936079194820634,-0.4951353994311068,-0.49332466252428236,-0.49949115475166805,-0.5373262112589751,-0.5039568835166846,-0.5061861319457863,-0.5009649427556486
MFCC Overall Standard Deviation 10,-0.6399370948432115,0.3424200628454061,0.2432993178321346,-0.16528780290030987,0.16523714006069082,0.13656275660233044,-0.3074407357653609,0.021143539435214846,-0.02403477622902543,-0.17008544801049863,-0.11434318320338115,-0.05684473894242505,0.029359530014676855,0.11155042216641985,0.08051111411835753,0.022606556717893047,-0.08166073049991501,0.00565262455975944,-0.0635766228527571,-0.12905421050610397,0.0024369933313134542,-0.052630649169636855,-0.07387841394036444,-0.04407228028001341,-0.08082941633047319,-0.1609052938702499,-0.2889495732869182,0.036921040289869714,-0.17219913246926868,-0.1538819621138857,0.12912957010033488,-0.11291229743980855,0.0253002454484048,0.09315439481300918,0.13793778497572515,0.29289846260811103,0.44237993561754096,0.5018595976808933,0.6863065023355283,0.7548168332378249,0.8140857251204452,1.0,0.7854390704757472,0.8285116263937129,0.7604383820918742,-0.07825757984497737,-0.2517872612674655,0.1328691015468216,0.16133098362146894,0.20807257063456305,0.29130088243659835,0.36476888924602396,0.3913023486524383,0.4102481704350146,,-0.3298766400329407,-0.2132693357592287,-0.27128143737152244,-0.23626207441400998,-0.2374974612051703,0.1094832935191813,0.013371694250226008,-0.3272794175140597,0.399874047523769,-0.3311869812450794,-0.35120408708008033,0.07005813965898541,0.009589493835864606,-0.25363087890467445,0.07144064202982303,-0.35517927033838664,-0.38438875180041415,-0.29630178708497296,-0.13747010272382193,-0.2148749023920236,-0.13394588943224056,-0.16320208915997692,-0.1489620825109719,-0.1190682471858291,-0.1383916080797397,-0.08435288475534249,-0.034997655888341105,0.40774722271181263,0.1131973023952081,0.1999521884210923,0.21390872060016056,0.10358347996635897,0.048694818839618535,0.1226850717127796,0.07491580559941602,,-0.3982877678176525,-0.16200815054726694,-0.29264411542733004,-0.24522266896448494,-0.2844590768179424,-0.5507015164142305,-0.556198885229611,-0.5452226159888386,-0.5341663228954957,-0.5480971470519609,-0.5690913120616093,-0.5917432321586517,-0.5840418344864948,-0.588559364577712,-0.5241328795278983,-0.5583265763607906,-0.5742078021058682
MFCC Overall Standard Deviation 11,-0.6541587876737726,0.3304950559133382,0.20256274050996817,-0.12050337482299814,0.12966019225716943,0.12404882451370312,-0.2639797127360017,-0.014669144205986875,0.02783289843902388,-0.15786994626574516,-0.03930510921490122,-0.09194777690908928,0.025639940427612192,0.08663990453660025,0.1751139383897986,0.05561635042110919,-0.07808404215011606,-0.021769351024490124,-0.08415702348200066,-0.10173133848150602,0.03814814929307955,-0.04505148040410013,-0.08035339283457436,0.05398242351622703,-0.10759439013000566,-0.1845377215971963,-0.31894756512670847,-0.0007318090597056127,-0.22246259170044094,-0.2032409292286747,0.15539811728503378,-0.14056322034670235,0.001407293641340618,0.06346265935195557,0.13827089036372947,0.26443541714983915,0.3511914290770739,0.5007026172284897,0.6048554953823293,0.708296310867807,0.7620217025376587,0.7854390704757472,1.0,0.8005222685086396,0.7821441833488727,-0.10349761628583916,-0.25022041528767835,0.13931508577177545,0.16187779376527114,0.19820236517725678,0.291550144440235,0.35854730334288076,0.39621509561674706,0.41729791077100764,,-0.36160220479668653,-0.24206042356966784,-0.2728013761747449,-0.2296319448225647,-0.2241615025202352,0.1318403092647771,0.03595955983535377,-0.36765275278778914,0.44946418675776295,-0.35922866349890226,-0.37849285804169847,0.049445164137675364,0.030216606559775722,-0.23783905934570163,0.0850320437982545,-0.33331610780113313,-0.34969371353241313,-0.3331985813185662,-0.2426512716212459,-0.24784938447505167,-0.14939739942872338,-0.1922008368018668,-0.18729559293548137,-0.13909128437550644,-0.12597839543770273,-0.11009898759233085,-0.014858169453410211,0.41279767066054546,0.09349121092182419,0.1874981535153857,0.20419590568524204,0.10779531444727065,0.04819166802336787,0.13905161149668196,0.10099584695554928,,-0.4151308057300984,-0.1503081610578943,-0.29097343049244184,-0.2542746903998005,-0.2888043610295187,-0.5276870835816226,-0.5318570299061727,-0.5318773346336286,-0.5646625881066059,-0.6026084751345475,-0.5837550366591754,-0.5364076377412841,-0.49516566592121763,-0.574433863817179,-0.5748472740888804,-0.5875074170850723,-0.5522993242837955
MFCC Overall Standard Deviation 12,-0.6552005148293777,0.30148211322336094,0.22281892756201038,-0.13993547127226127,0.1649379364758223,0.10217793304625446,-0.28727751251295974,0.013747217886498204,-0.013456599671238325,-0.1871494507726787,-0.10429188519814599,-0.13238834820506665,0.049329339051082506,0.05633276286308268,0.09660852635359518,0.034357348994021715,-0.059964100032043464,-0.02778483995153114,-0.08177615906255371,-0.103288553496044,0.020437550824538523,-0.0509537671590785,-0.1040947028953348,-0.029994536389539268,-0.11555494903160417,-0.19544905069651713,-0.3066997341786333,0.013359392193647021,-0.19003599187995307,-0.1727090875719611,0.1268803169124396,-0.15396910780305298,0.010753824650844245,0.0732053784675719,0.13845911981407658,0.2872281868493101,0.4053027696457874,0.48784158356102575,0.6374965499117106,0.7186048442147682,0.7796905083194734,0.8285116263937129,0.8005222685086396,1.0,0.799355046553231,-0.10489099180595914,-0.2658477853028355,0.11182910521651593,0.1347189274924853,0.16773112115135966,0.2533349775680756,0.31319669421744184,0.33317619744765237,0.3480782042850316,,-0.35505518135095626,-0.24112869298967532,-0.28202525472341833,-0.23790621851206759,-0.23832998021614657,0.0912224983798816,-0.004799722932628915,-0.3498323624549637,0.43366914733943396,-0.32374722956965146,-0.34511465072794273,0.046556875604307074,-0.010288113846552758,-0.2420412532207076,0.1045207591064852,-0.35842625021374,-0.37569411749620946,-0.3314127788479616,-0.19523052477594785,-0.2176495480214623,-0.15992067888626274,-0.15389808780710354,-0.17112975489799132,-0.127608678615375,-0.13255112683623727,-0.09550990584564495,-0.05604796167010375,0.4193591320629685,0.15030851337500267,0.18472130380485016,0.19037729120858218,0.10261459250065186,0.0806067881147675,0.14999433112115126,0.132211665102157,,-0.40151361998831425,-0.17977183310410044,-0.303696046039475,-0.24686771550411,-0.28780225466639453,-0.5208482435883891,-0.5775699771538843,-0.5713873921915671,-0.5577869959020003,-0.5511673096939032,-0.542946760797798,-0.563125561752501,-0.5599221441762153,-0.6039482208756584,-0.5667412253283031,-0.552364568516053,-0.5386695031779727
MFCC Overall Standard Deviation 13,-0.6477953399423931,0.2500550202126771,0.20831970905711808,-0.12148838798522636,0.14959704260985948,0.10298535302133477,-0.26559713767965343,-0.012262209737119828,0.09842925655012578,-0.1363286797755403,-0.11017069458009036,-0.12920359459692896,0.04158680011948138,0.09415471042565374,0.11171007838712474,0.0214515324540842,-0.125374210609556,-0.0239030834848231,-0.09997565025236684,-0.10998413713209873,0.051071793686298154,-0.04707726012413206,-0.08301184889463174,0.019055925785630565,-0.16469541590230435,-0.23464104247620962,-0.30455811671741717,0.00023730611431435088,-0.2067810312999223,-0.19095065897990654,0.1176264773327177,-0.19560969194295497,-0.020030134535161916,0.048289170214726694,0.08708069632362105,0.23959692134157431,0.34423205273745183,0.47856647656131207,0.5829525461849159,0.6977517247315679,0.7253222977900662,0.7604383820918742,0.7821441833488727,0.799355046553231,1.0,-0.15502262710960088,-0.25337468855676887,0.14855316833319962,0.13182777611847918,0.15891293178207663,0.23971409280941733,0.2852539772440006,0.3361922059226201,0.36272790167289626,,-0.35175669568569645,-0.27324497936555153,-0.2768514679590872,-0.2331848551785685,-0.21308752304211886,0.047139255150012514,-0.04189858711791665,-0.35422666531833435,0.4824811125446857,-0.31135326978917843,-0.33524822683589967,0.054121263500247034,-0.04803897371788395,-0.1970985660942004,0.12708237003526004,-0.329234797685108,-0.33521664615005936,-0.351836475139379,-0.2318615645989575,-0.25853023351578197,-0.15949645383091682,-0.16169730930532536,-0.11606107523924071,-0.07978666958625633,-0.13350178993870268,-0.1556559358825934,-0.09342423910941951,0.4324995694809163,0.1280504257528744,0.18048865745236625,0.1847324905502294,0.11251251318769595,0.08756720697667901,0.11649734193312186,0.107069713189539,,-0.39225527108525926,-0.20918915442445998,-0.3217934648130142,-0.2530473088269612,-0.3046409713137484,-0.5382086420010315,-0.5538134771888162,-0.5440074352434482,-0.5450734740707135,-0.5427938793533602,-0.5300025472583071,-0.5422411090790189,-0.5310574948032523,-0.5372130391214378,-0.47690678255517793,-0.4866679005330369,-0.520114063994917
LPC Overall Standard Deviation 1,0.39714395287033666,0.6846454574397959,0.1112220365828069,0.06754369331935672,-0.15383941794108644,-0.23882370126099745,0.20905598191317346,0.21566050017435887,-0.15275381877706967,-0.0008719150919260754,-0.08811863672732284,0.023014154148899294,-0.06408984056068544,0.014238381711095727,0.07131134175313213,0.16637858333504646,-0.04466821407102723,-0.037837276809717685,-0.06324007453753423,-0.032769110571480575,0.02672175944226191,-0.10001061918670026,-0.01106483293449224,-0.1999686012461954,0.9579633371195779,0.8729162061194569,0.283161445111018,0.3972659217566204,0.30898153611908624,0.3288112763052537,0.04191588653011315,0.906672610559017,0.3732739651593614,0.2402410594545241,0.23475688805948133,0.18073937422605924,0.14763506058867346,0.09892518085619581,0.011601580444029954,0.010065875868610671,-0.060750558375133795,-0.07825757984497737,-0.10349761628583916,-0.10489099180595914,-0.15502262710960088,1.0,0.3632391607624016,0.06429735162883471,0.21587270447652765,0.24286000254759824,0.21775202594379592,0.18146072073409944,0.18874278684882484,0.1585135744767238,,0.4079738584384321,0.7859955805353734,0.4037581761415674,0.5474265041639769,0.23041318320396806,0.6595981141296153,0.6780538992474876,0.19732036011636073,-0.41693305158483146,-0.08429372151993912,-0.05676370507495971,0.09650748556858824,0.6230157817355334,-0.25014881478688755,-0.40263748387075693,0.17533869471949726,-0.03632381072500094,0.25051075465309725,0.03667220209359796,0.12560254549432065,-0.04187137455893686,0.03135736618932336,0.11346352210332684,0.03985647885267474,-0.06735133387606347,0.04788452919663369,0.795521665813008,-0.47895720456513785,-0.0943926048496054,-0.13877574978516397,-0.11754332464539895,-0.02151949492052103,-0.12076985001933546,-0.030240678251781488,-0.1098012581643328,,0.04142544746456546,0.6079948895177535,0.48242864330549523,0.08986637792539341,0.37721923681325126,-0.010901867910130451,0.03593060944272368,0.04867514931668261,0.07940559711202325,0.0821109823539766,0.09921584803979638,0.1184929055652279,0.11549258913041067,0.11476778728920148,0.08533466551793975,0.023578093578551864,-0.021338941890768008
LPC Overall Standard Deviation 2,0.5671193499965264,0.2024299818489992,0.48850182601719355,0.035698575377804305,-0.20303283508754616,-0.06178319853888012,0.014830326993428565,-0.06957584563356152,0.09033359294686681,0.005834872475838796,0.15042328220851253,-0.13223395791425194,0.04464403873455784,-0.11195548820513006,-0.029269735645328653,-0.28256336371977026,-0.095343919329362,-0.06428242382653179,0.06707549998308633,-0.055724576684049655,0.12122641815042658,0.0019413198616119393,-0.08947117386198437,0.12435647216491927,0.39289220093322713,0.4720903165009982,0.3974989583189684,0.19796727653806545,0.33938304539664826,0.3455342566945815,0.048233613346583326,0.46725717358250574,0.05510912148205879,0.37597900812123125,0.36164980520491374,0.197004370512334,0.17393635165430965,0.07640454302783445,-0.063221287308902,-0.12323916552118516,-0.17748604159600942,-0.2517872612674655,-0.25022041528767835,-0.2658477853028355,-0.25337468855676887,0.3632391607624016,1.0,0.1891077745808923,0.19716413322365675,0.24544502505606305,0.23349677271211086,0.18973595686546943,0.13929791109638895,0.09363582029238629,,0.47868218177891836,0.7328491676142321,0.9157434497417578,0.7591439508098956,0.840041005890497,0.02200785575285499,0.07863325497100634,0.28847020710275195,-0.4068592780029936,0.13655001722946863,0.14627375217483282,0.07776867640037773,0.09340417725557462,-0.023621977391070643,-0.11426212624036104,0.40769582500985246,0.22406932211761785,0.44829037101470776,0.15751194237402977,0.2457463088723082,0.018210675619485688,0.13344067133754817,0.18439433883979148,0.10585912650440563,-0.028166508531913857,0.049710003654811714,0.1752983521046254,-0.5742290631840117,0.17332546449375022,-0.042968195219470345,-0.02373061283439815,-0.011111998592500378,-0.0833104347030857,-0.07857585346456994,-0.14794276699531222,,0.14495320384535682,0.27851462763648516,0.4702525249732126,0.4875190247346327,0.5476234310051622,0.30174673697421356,0.3411114675156341,0.35217279682731584,0.40202003888730226,0.40277864162441335,0.38961369573302357,0.4033619434167063,0.4010317990159565,0.4130741495994086,0.38131219517440734,0.35309047056098397,0.3162359923746506
LPC Overall Standard Deviation 3,-0.11848906213456703,0.14883244603064055,0.4060223243435212,-0.2563919411079184,0.12882832929234178,0.1778765604566419,0.4091175095481427,-0.0754215795631672,0.07595547086948515,0.31627881386238765,0.13902915185718795,-0.0758914409576766,-0.20832279457554329,0.049067241315706916,0.06035511061784982,-0.16916067024693002,0.039690436512672754,-0.06798546023780642,-0.08675786146483769,-0.07225993993153149,0.09164562947190147,-0.1768611918385488,0.08748722248277381,-0.007907035836852304,0.088269069808531,0.04670262497951489,-0.015576156762592845,0.16462249351271582,0.028266453029011502,0.04047551240051543,0.13421585048345083,0.1007406789657626,0.011165067447999983,0.4810979621379985,0.38582503764097964,0.4369760864993023,0.3946962039140334,0.3403490742309172,0.23199378395937334,0.22256633480680046,0.15872064679836131,0.1328691015468216,0.13931508577177545,0.11182910521651593,0.14855316833319962,0.06429735162883471,0.1891077745808923,1.0,0.6453344132682548,0.45842644099004937,0.3265171090090096,0.2598774274701136,0.2206107445013353,0.1672160390408174,,0.030347924572033988,0.16566689193171488,0.17601747919312824,0.17789601076437853,0.21580059978840258,-0.05099559279551001,-0.06536351208925904,-0.06799947986647512,-0.06785975623018364,-0.1077459105647206,-0.12736778421522418,-0.015998958870261853,-0.10902480656880002,-0.14923820143924468,0.1835222297283498,-0.1957346715603288,0.12343467538092749,-0.060066225190574724,0.034646513593642396,-0.14690265132122104,-0.018327998083759615,-0.04140077786967005,0.05586130979491822,-0.07608637780144142,0.033471169558453064,-0.0025584303524282433,-0.06615630489137853,0.24357340446293752,-0.08402520216022402,-0.12361246890980866,0.06867234245122708,0.10212815364088869,0.07471063863506312,-0.025277870366478033,-0.04919414009410774,,-0.2294597042826431,-0.23802915337655514,-0.2915070201887211,-0.33403787275673386,-0.29246966815067676,-0.030492151612792524,-0.034009885592687875,-0.06478291879003228,-0.06975676655118188,-0.06431224953815479,-0.055904698260332696,-0.051275214406767265,-0.04751162116876689,-0.08282972949076087,-0.09310091422488366,-0.06119911065111866,-0.05908836950136858
LPC Overall Standard Deviation 4,-0.05663269595164693,0.46359874794978967,0.2618617966492489,-0.1921722993284251,0.07464954990656329,0.29972964228180066,0.3015099735670007,-0.1666871504403135,0.15223173398685974,0.3196263484745759,0.1866337730494608,0.08004183882150168,-0.09074727306797159,-0.07206275738512699,0.015895154232118913,-0.08554043358615078,0.10559576967047767,-0.0380983024177466,-0.09716329687399748,-0.040804375993512186,-0.0057014355618593224,-0.11756988997408406,0.0986720088191943,-0.008675255110739707,0.27003292627220926,0.2508057091977561,-0.00243493353314931,0.1418243639023023,-0.022391089667999416,-0.007203135634685395,0.06098910414649321,0.2777288432657349,0.011534223157607281,0.3518962896458878,0.39281659632689225,0.4010537771806338,0.3741448312905982,0.3498735236353044,0.24059357325226763,0.2599710314656096,0.19778923097521423,0.16133098362146894,0.16187779376527114,0.1347189274924853,0.13182777611847918,0.21587270447652765,0.19716413322365675,0.6453344132682548,1.0,0.7463233757496058,0.6291604828774224,0.5225521732730236,0.472588769709184,0.41088731258118005,,0.09692666703678472,0.2557045559301455,0.20447530155194465,0.20804660987699347,0.1852726427567638,0.24698628901699268,0.24379693139160408,-0.0551578536194364,-0.05373918754765766,-0.15940245284258778,-0.15742851805712138,-0.025758283822954805,0.2237620474047337,-0.07572438863780008,-0.08521017941814221,-0.14419402617552374,0.0008788884447355451,0.029646300334785256,0.020331187485667628,-0.09579359137887218,-0.07682290987895243,-0.021911150457424644,0.037618209657903266,-0.08839978838483865,-0.03926179347164477,-0.010226701298259632,0.20500174056687695,0.0748795273121684,-0.315686041458585,0.030725472054823913,-0.08208959895049386,0.020068074316514965,-0.05526487801344806,-0.008518583476654117,-0.03674083947834857,,-0.1340884034959295,0.07605596467708833,-0.04997207619841718,-0.210845497378434,-0.12111073234077566,-0.09675974947569214,-0.09625743991787362,-0.1116515332865062,-0.13521358096536873,-0.1412555976970667,-0.1518605399963441,-0.1466726332800435,-0.09674696440035242,-0.12546086193109898,-0.12355034078249992,-0.12311909394781097,-0.12602398208281324
LPC Overall Standard Deviation 5,-0.004992847763739909,0.555695549882112,0.305222700258665,-0.06567066256996863,0.04300321052943115,0.3762986470798145,0.11523993251689182,-0.20138624183740755,0.1942235210862669,0.22607249534412396,0.17562887036075067,0.18255107569712536,0.02671567438582349,-0.13624720513247568,0.022776910437886926,-0.04209874442282686,0.07016037622492795,-0.043259264792547374,-0.11741934781941214,0.09832052218072261,-0.0354605522293961,0.025160127675272228,0.07850689104725332,-0.06676116550130046,0.3056687974624885,0.3152455755854762,0.01689567268663186,0.14849613891402738,0.013651269330047974,0.03386996100484095,0.0906526062804348,0.3400155078062875,0.035576693457188155,0.32670060948173757,0.3898212819951706,0.37889364269956877,0.3977305195483897,0.3700676474433609,0.2687380779205198,0.26486427624289655,0.23582738643452125,0.20807257063456305,0.19820236517725678,0.16773112115135966,0.15891293178207663,0.24286000254759824,0.24544502505606305,0.45842644099004937,0.7463233757496058,1.0,0.8098210818960434,0.7164469930572079,0.6493075168404161,0.5931544794066504,,0.14837380068814188,0.3047434451423665,0.24889919786595377,0.2336546385829811,0.20844375674545643,0.28762936918323184,0.2921480240146484,-0.04621240171152052,0.0009822815242784139,-0.13570468512641642,-0.12591705764011699,-0.026233862993378293,0.2956260320127228,-0.04197407197592216,-0.20026950878553057,0.03075381083025639,-0.049131809732384346,0.10861275874264838,0.032387022149749346,-0.014160030975387141,-0.1010096235443322,-0.014582525582370836,0.0006102467598451881,-0.04832439054759822,-0.09836581968635129,-0.028136472848420982,0.2520858285281325,-0.071239905530483,-0.29380246540586835,0.18533730307274307,-0.08689218946779118,0.1051823759942118,-0.05731877921182383,0.029393762782042497,0.002854880728444185,,-0.06791085062214602,0.20363291090112767,0.11378020745027681,-0.0027348041739132206,0.05284353278422208,-0.12001114397218221,-0.08948168668259052,-0.0869777884367111,-0.11612773455325934,-0.13586862629757795,-0.1520622030952898,-0.13831243230091425,-0.09707647616524348,-0.09788402436329573,-0.09754911414246675,-0.11030497401141424,-0.12178009832935471
LPC Overall Standard Deviation 6,-0.056857841969899486,0.5905467858477361,0.2706728451730114,-0.05115729791070115,-0.0031428878962956397,0.36952469617664924,-0.051707238129165306,-0.22823381290721959,0.26401569978440753,0.13791591282812635,0.20170328498278664,0.13381000244950475,0.05160921070458145,-0.04652103534506128,0.06883325408525032,-0.05596538650429686,0.03595037694337802,-0.018848644260431712,-0.13424516864491545,0.17699547521339556,0.06362625550297059,0.08171834403438828,0.11238200987942726,-0.1040529082038223,0.28609014045443976,0.2819677581493623,-0.03545020554644317,0.08255027930779775,-0.009850673588265043,0.009598096931656083,0.06452377394433527,0.3178988161106828,-0.02085220929068693,0.2144699956760574,0.3094839483283625,0.31482854107194547,0.36023831463764816,0.39259918789382475,0.3014631813299251,0.320413830102011,0.3133169500593542,0.29130088243659835,0.291550144440235,0.2533349775680756,0.23971409280941733,0.21775202594379592,0.23349677271211086,0.3265171090090096,0.6291604828774224,0.8098210818960434,1.0,0.8611691798393838,0.7888111267256518,0.746236528406889,,0.07368050965999538,0.2568884248537184,0.22021815014000007,0.21465827910131696,0.1816207988219439,0.31384491452617674,0.2983968507492382,-0.08752009001335907,0.1277609029986709,-0.15736613267432356,-0.14964468097201694,-0.009828540946542386,0.32455539757655455,0.007285673231784378,-0.21714057283765906,0.030782608056538815,-0.09204165319949706,0.11285496187668627,-0.03787549644084669,-0.029539817236419314,-0.1246600525046857,-0.04803458367730581,0.019897792398375334,-0.0333869001865323,-0.11570528914068175,-0.047869557651762595,0.2578169847360271,-0.0752902640568732,-0.2161822611093752,0.1695600080927956,-0.056996525829566345,0.09283328326846323,-0.10416669129384395,0.03442228743957845,-0.040058672261645015,,-0.08820805431382825,0.24118339826915067,0.16416223539894545,0.09600631259795087,0.13027803865788923,-0.20142715223122615,-0.1790509808548238,-0.15654390101125873,-0.17752639347297267,-0.2056167806887645,-0.2327381131406016,-0.20964072546463594,-0.1580403785563837,-0.15574783708760237,-0.1396149042299836,-0.17167104371615613,-0.18836317955654305
LPC Overall Standard Deviation 7,-0.09945970897664547,0.6008352243921554,0.2112689277476805,-0.019185535286837644,0.03537611013807748,0.42169960360397357,-0.14086160588064545,-0.1979352000443498,0.2247969575854724,0.10839164186517275,0.17200605312492628,0.12363271179353941,0.12980105192889918,0.008521251325474308,0.08825166540723717,-0.07893828815457939,0.013264221634090623,-0.02300941485496835,-0.11226365311887992,0.18293911493680787,0.09577386972717984,0.0598859849859722,0.09549533967373322,-0.06860026114897085,0.24611385496350413,0.2419643291798142,-0.07365468205180015,0.06523783320605682,-0.042093491523079854,-0.021505035390152576,0.06059418203527259,0.2829962371727337,-0.009956256259729394,0.12304432931358794,0.2185170180522973,0.25602547588320196,0.33536268767531674,0.39250938166347066,0.3411708299043836,0.3408433562298969,0.3554987384183308,0.36476888924602396,0.35854730334288076,0.31319669421744184,0.2852539772440006,0.18146072073409944,0.18973595686546943,0.2598774274701136,0.5225521732730236,0.7164469930572079,0.8611691798393838,1.0,0.8810924086957024,0.8387350982011466,,0.061778564854465305,0.21023353403572337,0.17663961729501704,0.14541016247874353,0.13024303750465083,0.32866868356223994,0.3019995839490953,-0.11155928215036234,0.20875559357502552,-0.1470725675996058,-0.13593997644139796,-0.0075652862259188575,0.3458119640814656,0.04751986772309431,-0.28880592524997284,0.0069007356194227525,-0.11461144990763439,0.07624027810225678,-0.02608340511427236,-0.02799781288659113,-0.09475831914468998,-0.019434610538210318,0.007140207338437843,-0.05744331890736774,-0.11962444689509302,-0.02124439831606183,0.25336357795957226,-0.05861605362675203,-0.2501629523643624,0.19028183327700085,-0.039114680750332816,0.09168201286866218,-0.06648115985194107,0.07229881944726499,-0.01749447794217712,,-0.0523507027206412,0.26974039621817414,0.180526165384408,0.1381396644464233,0.14420374363999935,-0.24530782069588397,-0.224639098413238,-0.2061560253940108,-0.2344245623209317,-0.2644127379692685,-0.29586128777124476,-0.27707266669514297,-0.2336338471861808,-0.2253922946635324,-0.18805357006515583,-0.2220426995779438,-0.2270811465331993
LPC Overall Standard Deviation 8,-0.10349969049899327,0.6034630479132334,0.17376996113832086,0.011826924755897498,0.049737035288972754,0.4259196909453701,-0.2014808838860195,-0.16283949938447032,0.19408146152316713,0.09066272125385154,0.16507919408728175,0.10017981282186177,0.1098584641873863,0.09376798789812256,0.12900162777555604,-0.07235581607696755,-0.015962774143451465,-0.01053985404428517,-0.13929878396015127,0.13858893263343755,0.12012701813554233,0.01518714176810196,0.1342965369479951,-0.07284533762575075,0.25655868694504985,0.252839555227829,-0.07587974344478338,0.053336837990451705,-0.034128093562734704,-0.015194876490564791,0.027874721839834603,0.2934727656981339,-0.0350438583602226,0.07261650582551817,0.12862685711597466,0.1949773242763696,0.2789612603624465,0.3682783928962532,0.3405574226283447,0.345369658793075,0.3780754154345942,0.3913023486524383,0.39621509561674706,0.33317619744765237,0.3361922059226201,0.18874278684882484,0.13929791109638895,0.2206107445013353,0.472588769709184,0.6493075168404161,0.7888111267256518,0.8810924086957024,1.0,0.8958035019282847,,0.05449860670426132,0.20689022066017834,0.14901323155077814,0.13593214834232503,0.09898656206655879,0.34874857587179636,0.3168547224525809,-0.10994857515309878,0.25059193706308736,-0.141175679463937,-0.13148358616733766,0.01558802341564785,0.36195178278395973,0.07314930350441362,-0.3209285552098196,0.019718672759292167,-0.12229088917697842,0.057685338793351866,-0.017743864959038094,-0.020193025478851243,-0.07518196732571877,-0.007063430569970131,0.002845871079119939,-0.06285949766852189,-0.12020440957775673,-0.006378963319252505,0.2768819026720918,-0.07302466538101492,-0.2651875936447577,0.1511125926220389,0.011929267384123029,0.09332729042951143,-0.04654628882147445,0.060305053729862994,-0.02236362972803809,,-0.05316535651795712,0.29488501845540815,0.20257469082709753,0.15090685612990676,0.16962935266644757,-0.26435376386765,-0.222527557562113,-0.21003299154252628,-0.24003114751448135,-0.2728607231286487,-0.30072607704263044,-0.28035161025739413,-0.2513585208494053,-0.2483010071217152,-0.2044088765174894,-0.24745051057647025,-0.24344796822362183
LPC Overall Standard Deviation 9,-0.14792746319999603,0.6145835411575651,0.11846479462624018,0.06436052087653914,0.04556686318542144,0.4178187762411011,-0.2305721655880771,-0.17313698086396745,0.17932129534527771,0.06401493650125356,0.14490601885589222,0.08127965495958865,0.11061278362153885,0.1098917645295549,0.08757808377737941,-0.05822530495914355,0.00015889839404698955,0.02339109836205721,-0.08498640444134166,0.15068993950163095,0.14891448635278612,0.05709275166500283,0.11908074194591937,-0.06625114556310886,0.23136141732512153,0.2274841051209882,-0.1139511941528085,0.00476537286924163,-0.06921051695291754,-0.04488129938546139,0.025249081539337918,0.269580240281432,-0.05634861020496446,0.0057023252175686856,0.09861191446182566,0.15546580164394327,0.2646323439817134,0.35241984390589537,0.3394926185646768,0.3544458266800999,0.38782139846153085,0.4102481704350146,0.41729791077100764,0.3480782042850316,0.36272790167289626,0.1585135744767238,0.09363582029238629,0.1672160390408174,0.41088731258118005,0.5931544794066504,0.746236528406889,0.8387350982011466,0.8958035019282847,1.0,,0.02960508081170103,0.15029629153298568,0.09257452191349567,0.0798355042916001,0.04454378591113164,0.38770669569431643,0.34420273690375547,-0.14938481217193406,0.3160231603188549,-0.18010308103734765,-0.16752237075193893,0.025227439715772352,0.40293066129992194,0.1043637416470292,-0.36123457119418967,-0.012545691554415107,-0.16305021046589718,0.04866311801310158,-0.042402077616441054,-0.050813512554577354,-0.11922989612998837,-0.020688202139859592,-0.0028665049236930532,-0.08076897649696854,-0.14742528543112127,-0.017831178098998392,0.29286367332913804,-0.05430923307741673,-0.27104995344293675,0.17727346501319008,0.023325648955301696,0.13092752791083265,-0.029846565311850884,0.11235290765255107,-0.0018694832535537,,-0.06296274914927585,0.32654440825591174,0.2157617995379801,0.16772985011603633,0.17314933473145885,-0.29627169172322626,-0.26997971327147424,-0.25270259343914947,-0.294702320783031,-0.32851508522560346,-0.35069997952557497,-0.33339130292112634,-0.29728144819026675,-0.2930993375658166,-0.2369484233536738,-0.2661222043304412,-0.263304520681189
LPC Overall Standard Deviation 10,,,,,,,,,,,,,,,,,,,,,,,,,,,,,,,,,,,,,,,,,,,,,,,,,,,,,,,,,,,,,,,,,,,,,,,,,,,,,,,,,,,,,,,,,,,,,,,,,,,,,,,,,,,,
Method of Moments Overall Standard Deviation 1,0.7419015636059181,0.2713019398224286,0.03329069737522145,0.0007847402045073698,0.32067159772595905,-0.12873077288603044,-0.0430649476136965,-0.054135077268087146,0.01091000345492903,0.06034227509435089,0.00344586900108444,0.029163290545397697,0.015098397641187577,-0.031678014592675184,-0.00476533274687543,-0.03864560435336054,-0.03702225352432693,-0.08801795483391665,0.04689550420176784,-0.00493055329034087,0.020188606619858558,-0.054761167744590354,-0.0651095820945396,0.07329722379754891,0.502106564213108,0.5923223098499247,0.6885054305125147,0.09585351282135873,0.6634409150245111,0.6809581772670631,-0.10027994638921642,0.5730597526859583,-0.022087921880887165,0.12821689393782112,0.10969421345283996,-0.006916603487972731,-0.054056990635561034,-0.1339451637956857,-0.21408389350274015,-0.2699656303097221,-0.2912599316407626,-0.3298766400329407,-0.36160220479668653,-0.35505518135095626,-0.35175669568569645,0.4079738584384321,0.47868218177891836,0.030347924572033988,0.09692666703678472,0.14837380068814188,0.07368050965999538,0.061778564854465305,0.05449860670426132,0.02960508081170103,,1.0,0.6198784295903035,0.5450867613535337,0.48765686354236715,0.4141271176713716,0.22717013534425692,0.3266620325647597,0.7085380450900887,-0.4436804796343921,0.5504831664104215,0.5927291636389039,-0.08385630101727001,0.3421257078472503,0.3768634362232395,-0.4445166964971223,0.3481073789463804,0.2429041206527799,0.4174819771874502,0.2553435107309359,0.2720253054750796,0.11097116214868886,0.18498167007469402,0.140424984772789,0.13246979044844648,0.09344210043550112,0.15331633013698914,0.3384848053270386,-0.6359058554292727,-0.237447236745958,-0.22559310512796316,-0.2919420789295567,-0.1264740141565338,-0.08442416634184938,-0.07965972529414062,-0.09881959012593308,,0.6807606042256275,0.528372398330796,0.601820120052303,0.4291128041159542,0.5425541757497098,0.27490554539821366,0.36678417338984864,0.40361199969756806,0.41383377002173605,0.404639492225798,0.38871845601270544,0.3864306092659714,0.3426443372275484,0.348367312393345,0.31993776198535184,0.31484537423790615,0.2872355457222383
Method of Moments Overall Standard Deviation 2,0.656072037434206,0.5134976081870474,0.3728807677144165,0.09873044783996195,-0.10436759255619413,-0.12080922138497281,0.11692431072490748,0.07494908410098573,-0.022815849595490406,0.02839131980618832,0.04063633994356648,-0.05563053812079347,-0.014682032095319065,-0.03667326318437005,0.030927254295731507,-0.05351281031489346,-0.05231217946182936,-0.015375004044735375,0.033848436819579684,-0.1308909457418881,0.00858172121618933,-0.10665857192882568,-0.08639072149182914,-0.10554019556058683,0.8253247855322151,0.8494253516392192,0.48311895602834615,0.3388868093542073,0.46805537430416105,0.4747785085501963,-0.02274307302620336,0.8678041080466176,0.1759715273339166,0.43167845548503475,0.32408468417379876,0.22591263684538548,0.1670785015236408,0.09406053230692893,-0.04633025940558601,-0.09433425644102901,-0.16966040365688678,-0.2132693357592287,-0.24206042356966784,-0.24112869298967532,-0.27324497936555153,0.7859955805353734,0.7328491676142321,0.16566689193171488,0.2557045559301455,0.3047434451423665,0.2568884248537184,0.21023353403572337,0.20689022066017834,0.15029629153298568,,0.6198784295903035,1.0,0.8384336709076938,0.7993995379377029,0.6503487747649522,0.35518661358572756,0.41264321482998984,0.3920561863533879,-0.5377495580119687,0.12325668757504123,0.1439334622408067,0.05989511350105943,0.39147007155012864,-0.10169427091705066,-0.3976025715520802,0.4115904543971468,0.16011411081419705,0.47237996798723975,0.16712210592645915,0.2510198534035073,0.008070593175525317,0.1354658389750692,0.19635912033313352,0.11074520770006205,-0.04351765049799243,0.09905331021929956,0.535037003584815,-0.7031580446649466,-0.06814819218521778,-0.11157031780659737,-0.08359928779356045,0.006377579249258197,-0.08244094022661107,-0.03803845559256661,-0.09872493009109812,,0.17395879901869832,0.5552559543994842,0.6230544419897043,0.40009944714978046,0.6019541835778132,0.2336513754223696,0.2979353470685445,0.3204260445244354,0.3653721150736333,0.36942376367003454,0.36337232216160076,0.37840252934515967,0.3706515360206748,0.37174953726730003,0.3216520831198873,0.2743612330304758,0.2255251908604086
Method of Moments Overall Standard Deviation 3,0.6412388647446611,0.21639590452900917,0.5099574497747152,0.10357234180140727,-0.14383981177359187,-0.042862583070683205,0.028569904616396073,-0.04639368968666808,0.09263824054245064,0.010003385898847339,0.1413504408808889,-0.10822167923747526,0.104377230579172,-0.07555065907437485,0.010116874651810957,-0.2820850013372616,-0.08209480232249614,-0.06418943931138286,0.08311044288336669,-0.13711223350030996,0.07413187476923826,-0.04706194114140904,-0.12518451593759156,0.0744548638138827,0.43922099665535014,0.5290246912671237,0.45411422910514604,0.2573014170609999,0.40019289869184077,0.39999765833787615,-0.015109939942414096,0.523001319712682,0.08611449766104703,0.4210028806060701,0.32595866658887934,0.17518906325586597,0.139173271309838,0.059127154801660885,-0.08748779408076891,-0.14769396354446826,-0.20815285029046485,-0.27128143737152244,-0.2728013761747449,-0.28202525472341833,-0.2768514679590872,0.4037581761415674,0.9157434497417578,0.17601747919312824,0.20447530155194465,0.24889919786595377,0.22021815014000007,0.17663961729501704,0.14901323155077814,0.09257452191349567,,0.5450867613535337,0.8384336709076938,1.0,0.8505720076257198,0.9160224923977774,0.012409475805744388,0.07563346666836288,0.36105863442014396,-0.4515134193214386,0.19611091623943971,0.20440663054231267,0.04281730908548902,0.0860718313818709,-0.039611522785239744,-0.2095620509713211,0.48706079313815587,0.24688203763670202,0.4945675575231086,0.17868547886155184,0.25869487558482873,0.025729874532169163,0.166140977478901,0.19501757381654836,0.13093758471385492,-0.014916679196090715,0.07733198759606362,0.18906215970418846,-0.6545110969568172,0.07717033415658246,-0.05127610150320774,-0.010440786521542025,0.029314670402878242,-0.04515130367066331,-0.037899926027342885,-0.07970530663754274,,0.18151636269754143,0.32467574544445443,0.5358407181392199,0.5406722731090569,0.6122546532886926,0.3319892234155545,0.3914381611232443,0.4175432577501258,0.46741199986912085,0.46538638977307567,0.4465831057776998,0.45880679355596654,0.45335538256425195,0.46057288612172836,0.4133925974273151,0.38105136884895485,0.33914589298107706
Method of Moments Overall Standard Deviation 4,0.6198935939966063,0.2610715738477454,0.5144250073081122,0.05655062312442457,-0.1836063769418476,-0.11240207146841322,0.004939745404670316,0.02863167939628313,0.05040378157398803,0.02105964860235185,0.15694638330795743,-0.15472728696056026,-0.006022051465447764,-0.04646548274469015,0.036317166566907685,-0.10219177987950027,-0.09773536602977945,-0.05868993028021522,0.009535967925792312,-0.10458656537209136,0.09309435849845944,-0.07557123693231481,-0.06732642841807425,0.007440284539204555,0.5616944905555792,0.5829463867552859,0.446029786547224,0.24962270070120254,0.42867936124809947,0.42559148282324694,-0.03048803819344082,0.6012135787000217,0.05147199528307891,0.44203816729487355,0.3374652372288779,0.20603404713021234,0.16425663751659816,0.08406735975978798,-0.06769747563977943,-0.1016234608617285,-0.17123037882098385,-0.23626207441400998,-0.2296319448225647,-0.23790621851206759,-0.2331848551785685,0.5474265041639769,0.7591439508098956,0.17789601076437853,0.20804660987699347,0.2336546385829811,0.21465827910131696,0.14541016247874353,0.13593214834232503,0.0798355042916001,,0.48765686354236715,0.7993995379377029,0.8505720076257198,1.0,0.8720158294988507,0.10988447138884579,0.159482652456461,0.33700643901001714,-0.420189633042329,0.16559866245356733,0.16905847252660933,0.05135999574348005,0.14170781535741925,-0.09077023848922369,-0.13118429178468638,0.47488807203778094,0.21707533535626405,0.48401555025182025,0.13445152343326103,0.2584344836707857,0.057926651812454294,0.18209679061194892,0.18923993967114827,0.14289565017371186,0.012084045873337912,0.07844969240715768,0.3127634546425373,-0.640558730938723,0.16631204113719686,-0.08296140041091703,0.023699302952019188,0.010330318835987425,-0.07362090384325776,-0.09730795717797286,-0.1319539964312435,,0.11126147997997216,0.32789057676116296,0.5083407385311154,0.4303357458797887,0.5886389152060484,0.3106924121359998,0.384428735654922,0.40755468738493367,0.4647435430639579,0.45529607679372536,0.44842680849442595,0.46128207519436426,0.43707813134395884,0.4376388787095259,0.38009876214153177,0.3451114058356926,0.3054023484815915
Method of Moments Overall Standard Deviation 5,0.5395561515195136,0.0474559834542343,0.5918360345054975,0.03484424293085041,-0.14935126417352546,-0.020380500745866753,0.028236605819962183,-0.06175917972465738,0.12979607472219434,0.017028685498838392,0.16066587184628128,-0.11386794192304786,0.12030863041160893,-0.07874833835091892,0.0057095449778878276,-0.27007934195537003,-0.11418392681087666,-0.07804897324991734,0.04457343276878735,-0.14145319480115748,0.13711278444508365,-0.04096935449880407,-0.1287780546543158,0.16456728495513598,0.24741605915145332,0.296600874274419,0.4004667837783756,0.24659569174081808,0.3524656829166057,0.3484232869375192,0.008945825681872684,0.31458539048528555,0.05919516107753917,0.46523577297335855,0.3425181154389992,0.18885562652857774,0.1627727922025327,0.07996565470407956,-0.057236857837519334,-0.10898338065287211,-0.1675601849838373,-0.2374974612051703,-0.2241615025202352,-0.23832998021614657,-0.21308752304211886,0.23041318320396806,0.840041005890497,0.21580059978840258,0.1852726427567638,0.20844375674545643,0.1816207988219439,0.13024303750465083,0.09898656206655879,0.04454378591113164,,0.4141271176713716,0.6503487747649522,0.9160224923977774,0.8720158294988507,1.0,-0.1454382582712498,-0.10058007557451722,0.29169845162155045,-0.34754679851858733,0.1881036316680572,0.18249502928484296,0.04369171085575248,-0.09659815612767543,-0.07747383900969913,-0.021769037896812886,0.4646477919416272,0.2818091204965314,0.4435667983549116,0.16760822946460183,0.2152616052577331,0.04799509568113802,0.16697790223967454,0.18345247239407558,0.1447285961601958,0.030420247611264713,0.05319722591244229,0.027199758031463083,-0.4832748964327277,0.18946175459288195,-0.007665543951750211,0.0437523214018975,0.03156412211736087,-0.02020469048789959,-0.06747888108561748,-0.08482710669262077,,0.09548286538259254,0.10299093654465356,0.3337936963942854,0.4390361235490404,0.4606034629723416,0.33625527449671105,0.40037321083606403,0.42823238008354314,0.47839560307986606,0.4653695665594201,0.4455450155009434,0.45561604657698335,0.4436322036465168,0.4490465528576416,0.4013858346629388,0.3757639891331188,0.3434652192636651
Spectral Centroid Overall Average,0.05801886836353663,0.858058991261224,-0.3206418478380082,0.07952365221712751,-0.07633627451564419,-0.08556917578987881,0.051340441824776574,0.10624736801482451,-0.09912992156900075,0.021817155889234753,-0.033909225939195466,-0.028978844034350977,-0.12369937836345343,0.012862351843185656,-0.03580502432735285,0.17763777812578563,0.04915605414927677,-0.02123875172933099,-0.006233559581135882,0.09054248830465345,0.08860821502996835,0.03273994837529149,-0.009400140991352965,0.13572188367202903,0.7022343795256788,0.6210636945327775,0.010840554388730743,0.09489586597082476,-0.017914996717504333,0.015573600839562702,0.024165484213001936,0.6563609912363098,0.11050988625923053,-0.06882061337908638,0.06951301315790416,0.049611104168529915,0.07754966691579414,0.082184261887452,0.07685767631104407,0.13110847312583518,0.10101768820350068,0.1094832935191813,0.1318403092647771,0.0912224983798816,0.047139255150012514,0.6595981141296153,0.02200785575285499,-0.05099559279551001,0.24698628901699268,0.28762936918323184,0.31384491452617674,0.32866868356223994,0.34874857587179636,0.38770669569431643,,0.22717013534425692,0.35518661358572756,0.012409475805744388,0.10988447138884579,-0.1454382582712498,1.0,0.9689057234043965,-0.010273241565651528,-0.07907891391662931,-0.23434438396506999,-0.18411997265754862,0.12448191531701314,0.9606646114661131,0.0214665346852327,-0.6202160024968909,-0.13168195675344682,-0.27120428186944473,-0.01544796071964228,-0.08258213189845282,-0.01090537817561591,-0.14308137414175026,-0.0422905079437384,0.022841649097613968,-0.08714652083009906,-0.13248173850790235,-0.000784562193494645,0.9400044745293806,-0.22199630536124004,-0.29715462686109917,-0.10796428900669602,-0.2137695874852868,-0.07219099408872494,-0.15373735646760167,0.038410380275914,-0.052618841062199585,,0.09219324815534449,0.7788395632533099,0.4427979428006883,-0.002398662673047142,0.24669231784167864,-0.34348380594113825,-0.31216642574970865,-0.3132741926287515,-0.34095851809148725,-0.34126410804001,-0.3222479537727986,-0.29835806270224896,-0.276160247488752,-0.26804535434090604,-0.22093826397647934,-0.276434590623116,-0.3108828945874715
Spectral Rolloff Point Overall Average,0.18524451359241653,0.8383038355018059,-0.3632974605529147,0.06558074049454793,-0.08468389291513966,-0.06576565947267768,0.0783821665790642,0.09099280831095305,-0.06546986365895102,0.007664436406356593,-0.01828210546550848,-0.02355714935926751,-0.1253140023378025,0.008943772675677196,-0.02284404352883474,0.16996757867721438,0.019828048323611343,-0.030629038390175594,-0.023751523618483657,0.06280116203433751,0.01901819392892247,0.016461743475096498,-0.015109229488949341,0.1302858652987956,0.7352700528587771,0.7089362617335135,0.06625077814885394,0.07993370943529521,0.0182043172154947,0.04876969428885776,0.013940564519954915,0.7025363045171084,0.09883278988567556,-0.0802704217992717,0.03597607192909852,0.007159780961646089,0.02219822932660365,0.021019212262735027,8.816366908899467e-05,0.0457011113151561,0.017116720148890673,0.013371694250226008,0.03595955983535377,-0.004799722932628915,-0.04189858711791665,0.6780538992474876,0.07863325497100634,-0.06536351208925904,0.24379693139160408,0.2921480240146484,0.2983968507492382,0.3019995839490953,0.3168547224525809,0.34420273690375547,,0.3266620325647597,0.41264321482998984,0.07563346666836288,0.159482652456461,-0.10058007557451722,0.9689057234043965,1.0,0.062431095704722314,-0.15322566365690232,-0.17024529757908444,-0.1103670993947202,0.11922692976078786,0.9712719469821499,0.08563603974800305,-0.6547895849386727,-0.04643237388724057,-0.19518825892139766,0.049205774867494445,-0.026278010098428818,0.04781593809433756,-0.11349106758453675,-0.018538841416616197,0.046427008601705046,-0.041614904203387426,-0.10272369317860279,0.025017136540262323,0.9309869350422201,-0.3260142483617159,-0.3653348913762721,-0.1777027468121365,-0.29510966783585324,-0.1331406520050544,-0.20190739260656088,0.0011460048649968154,-0.08657619005042905,,0.20359176626819203,0.8333097496921545,0.5304891269913763,0.05609274309078339,0.316233593033834,-0.2562423672266768,-0.21202443940776644,-0.20388861019089308,-0.23217951189641714,-0.23381150714363053,-0.2245909427999401,-0.19902621673277313,-0.17596496836910497,-0.16364854385509325,-0.13001237145504205,-0.18588310501920877,-0.2209673351461722
Spectral Flux Overall Average,0.6891736493992177,-0.004318857271951388,0.03513428703815792,-0.10513748232219379,0.5257488227622201,-0.2962998768761679,-0.16205613570608562,-0.09446974050040337,0.01734899206316687,0.06792361557138368,-0.08197930744214464,0.10673005590008193,-0.012723229322068395,0.013143851355980361,0.023441754561163437,-0.0328986907872556,0.05585183744605237,-0.012616684498577632,-0.044239074155405435,0.021690865572385,-0.06780097753595461,-0.006712971455398513,0.03219771820218977,0.08987746313927097,0.27035862572872493,0.3339694047152919,0.8850355470460965,0.12158376056675708,0.755222348225413,0.7148224107863732,-0.28994388198231696,0.3216430469113287,-0.1204767622684894,0.0482075705568768,0.05873298430467413,-0.020800236761798537,-0.11075940798226228,-0.1523805153023723,-0.23555491788895416,-0.28249878128076883,-0.2943476292764891,-0.3272794175140597,-0.36765275278778914,-0.3498323624549637,-0.35422666531833435,0.19732036011636073,0.28847020710275195,-0.06799947986647512,-0.0551578536194364,-0.04621240171152052,-0.08752009001335907,-0.11155928215036234,-0.10994857515309878,-0.14938481217193406,,0.7085380450900887,0.3920561863533879,0.36105863442014396,0.33700643901001714,0.29169845162155045,-0.010273241565651528,0.062431095704722314,1.0,-0.45743370113684967,0.7948018375121977,0.8050253715862996,-0.14496576959419757,0.07039438291322166,0.3266592779057335,-0.25955810162258414,0.2899027122205189,0.24465565762846847,0.34280641716847965,0.2295849517452007,0.25128941885561323,0.14927977068318918,0.15283726309492,0.1465389818215327,0.1487952903264403,0.11037744733725438,0.17139530933281588,0.11794131214669754,-0.49020720702772036,-0.10811333114104867,-0.23888813111673124,-0.22615311382027933,-0.16056676632156133,-0.1035723046207261,-0.1273561370948283,-0.09298315453985274,,0.6838920456843223,0.2588769248014352,0.38251079688622613,0.31067237016380644,0.3782839243587542,0.29662858551702437,0.3892412188835264,0.4211021152934925,0.4491694030157284,0.449822612682518,0.4512779578787588,0.4419428678797233,0.39467825722957095,0.3778916348614335,0.30952689379333814,0.2815209648323885,0.25014464883884896
Compactness Overall Average,-0.5734494197818765,-0.07523092273121937,-0.1589894917172923,0.12510060833508654,0.05141955692287802,0.27190870528734495,-0.2618789421772751,-0.14296154503480352,0.1234865316912075,0.03807870837475631,0.07234771319520561,-0.05394017356806121,-0.05541437610916992,0.0850029441466108,0.09256676579136629,0.05452130571761896,-0.033664729907852686,-0.04461671409802458,0.007798681507141999,-0.01333624339677731,0.16815929225432893,0.020393918763171263,-0.08215330002173482,-0.027304393107521967,-0.4062537419836636,-0.4370362641402605,-0.46099193461292937,-0.3671442624964179,-0.395036530975179,-0.3800772489222492,0.0535009365345456,-0.4078610757259203,-0.28543430266779923,-0.2701967181261012,-0.2668295068250313,-0.1669232537733143,-0.05832413406050487,0.069645537802834,0.1705237284004673,0.2502172247691823,0.3449481453292305,0.399874047523769,0.44946418675776295,0.43366914733943396,0.4824811125446857,-0.41693305158483146,-0.4068592780029936,-0.06785975623018364,-0.05373918754765766,0.0009822815242784139,0.1277609029986709,0.20875559357502552,0.25059193706308736,0.3160231603188549,,-0.4436804796343921,-0.5377495580119687,-0.4515134193214386,-0.420189633042329,-0.34754679851858733,-0.07907891391662931,-0.15322566365690232,-0.45743370113684967,1.0,-0.2023578387867105,-0.21529058972743664,-0.07200299643264746,-0.09162467383433902,0.254038425264825,0.13578360133209957,-0.2453959195471733,-0.21423817971361767,-0.3717034972070837,-0.2050761179575689,-0.2593542842335207,-0.07027472618450134,-0.13162169762907047,-0.16218275216956496,-0.16105257007960788,-0.08493041121512136,-0.19785548884664075,-0.26855666492225494,0.46242244618475786,-0.04585911875763399,0.21527933377892294,0.20391957908715028,0.17553009272437836,0.11535208694975042,0.1702365871992128,0.17008248211977786,,-0.1944968642051921,-0.23879518628381885,-0.32304558546918477,-0.1807018257575313,-0.31333430755031816,-0.3142522807114017,-0.3638663594464662,-0.33422053654922035,-0.3986119731338697,-0.4239727404852407,-0.4484332426803169,-0.4754662442658973,-0.42962133619849885,-0.3891651616797867,-0.29861733135019203,-0.2856773674326218,-0.27014574540106756
Spectral Variability Overall Average,0.5765487322837797,-0.271666081993135,-0.031281193755503145,-0.09569644715340452,0.5293334837750437,-0.12408259535003834,-0.24873906038658528,-0.17311066984634751,0.051825539186752145,0.07623201350504807,-0.07234584349707608,0.08824553616964201,0.0031398660389246767,0.09241569031634524,0.017295204099248198,-0.001325919362199635,0.10861926800153157,-0.20557627070191636,0.006374072237265676,0.14576316210999682,-0.013310350674393998,-0.06243956704755087,-0.0923146589165234,0.009458284924276373,-0.02570301820704923,0.04683160229259484,0.6402765121977132,-0.06271515769912976,0.6389968488875677,0.5954752583669677,-0.264336942806581,0.0314211851064235,-0.22014174174882187,-0.07342981350440826,-0.11215762282442612,-0.14904682670296504,-0.1942638386122519,-0.24027998088346447,-0.2761284341411406,-0.3239809644550296,-0.2936151998722893,-0.3311869812450794,-0.35922866349890226,-0.32374722956965146,-0.31135326978917843,-0.08429372151993912,0.13655001722946863,-0.1077459105647206,-0.15940245284258778,-0.13570468512641642,-0.15736613267432356,-0.1470725675996058,-0.141175679463937,-0.18010308103734765,,0.5504831664104215,0.12325668757504123,0.19611091623943971,0.16559866245356733,0.1881036316680572,-0.23434438396506999,-0.17024529757908444,0.7948018375121977,-0.2023578387867105,1.0,0.9951069945245045,-0.37493219820133133,-0.14349574925480274,0.5046227641114044,-0.1066143281964949,0.27423208481873546,0.32770242527563775,0.30705970676850075,0.2717551047606546,0.22528125591836612,0.19114740753240406,0.19423565149690358,0.11236282625287417,0.11198570380254734,0.16713497094476853,0.10524690230311162,-0.1260600872657541,-0.346470675462114,-0.0607521108893485,-0.19886263185851272,-0.16015393168257122,-0.13048517720370936,-0.04912164797054354,-0.10286849179073838,-0.061566434875175276,,0.7942886852634893,0.05202951815092641,0.22432862565891026,0.26922582709734716,0.25482914935695544,0.3490734403299356,0.4180054451970697,0.4486586652233472,0.45881552733481634,0.4473078319896922,0.43746939475498575,0.4193951406577916,0.35972574826931647,0.36435147734311346,0.32878588700844213,0.337732357329204,0.3250882562252202
Root Mean Square Overall Average,0.6065883628336807,-0.2330917549271109,-0.0773823565230678,-0.07993572118227713,0.5204379771400988,-0.11402747691587634,-0.24627106623185507,-0.17435748693524677,0.051177304110242884,0.06616792941734491,-0.06600848902024292,0.08656611024151938,0.005801895740717806,0.08588099951054776,0.01115949028415602,0.0010670072527134233,0.10284356343171956,-0.2117793767460761,0.012879585048329692,0.1497055096705954,-0.0233496691722937,-0.061562800969502625,-0.09628715835809801,0.028649927766976183,0.00875418862718984,0.0909522515114778,0.6423167396115484,-0.07698509722994305,0.6258761331202304,0.585922800220941,-0.26675993922896885,0.06827639739427475,-0.21962203900974403,-0.09784374736960998,-0.13201125839524067,-0.1721290858400268,-0.21438385346163435,-0.26170775055133266,-0.29742106067224977,-0.34645568705861357,-0.3157559756044233,-0.35120408708008033,-0.37849285804169847,-0.34511465072794273,-0.33524822683589967,-0.05676370507495971,0.14627375217483282,-0.12736778421522418,-0.15742851805712138,-0.12591705764011699,-0.14964468097201694,-0.13593997644139796,-0.13148358616733766,-0.16752237075193893,,0.5927291636389039,0.1439334622408067,0.20440663054231267,0.16905847252660933,0.18249502928484296,-0.18411997265754862,-0.1103670993947202,0.8050253715862996,-0.21529058972743664,0.9951069945245045,1.0,-0.36151434082777406,-0.0800651571769377,0.5388877405698418,-0.15770442992844866,0.2883476111078803,0.32768722810655176,0.31888112192940105,0.28333582975820876,0.2386710543298521,0.18805405212792178,0.19836305501164322,0.10953757057443628,0.11532840471091595,0.16657160608187735,0.11361278690011017,-0.08133878305281324,-0.3834046147181556,-0.09808643066441552,-0.21337951988215215,-0.19553326735728196,-0.1472665248067453,-0.06221978549288393,-0.09905822745680672,-0.06246934022606213,,0.8448799545967492,0.11914905916130678,0.28021981656826095,0.3011739324866974,0.2946850222702838,0.3511623919904857,0.42113900644819935,0.4536441591680692,0.45989278106835485,0.4455941842917452,0.43335187014477267,0.4159433036812424,0.3604786194320783,0.36887625228863125,0.33390954005335005,0.3424469025044217,0.3320061456671147
Fraction Of Low Energy Windows Overall Average,-0.06619843889624896,0.14296502407076853,0.011561188357722985,0.07041658338112788,-0.15668475326573159,-0.0741378161902045,0.09806356412676524,0.04126129141372385,-0.11365841031631194,-0.1435392549280948,0.026253034018583653,-0.044938441029615264,0.051363734282587836,-0.08035048709787569,-0.01638363542497451,-0.06757756591897193,-0.2733524821797008,0.4583895420080082,-0.09292905528466305,-0.34092655446877423,0.12457306432735779,0.2934142601818318,0.3729990005247833,0.27587452368601456,0.0805800717975707,0.07874666100246742,0.023995928270639788,0.06955681026395981,-0.05270685956659527,-0.03300377034329885,0.06620115977772098,0.06568560968593254,0.09807229275407404,-0.011224257282541375,0.039950374072602636,-0.00565220731070695,0.03963346302013782,0.025363557500907175,0.03851998811803555,0.07250437968955402,0.05513379516314892,0.07005813965898541,0.049445164137675364,0.046556875604307074,0.054121263500247034,0.09650748556858824,0.07776867640037773,-0.015998958870261853,-0.025758283822954805,-0.026233862993378293,-0.009828540946542386,-0.0075652862259188575,0.01558802341564785,0.025227439715772352,,-0.08385630101727001,0.05989511350105943,0.04281730908548902,0.05135999574348005,0.04369171085575248,0.12448191531701314,0.11922692976078786,-0.14496576959419757,-0.07200299643264746,-0.37493219820133133,-0.36151434082777406,1.0,0.11751227965742916,-0.21713801003586067,-0.037437283069313876,0.003027694360665673,-0.11814686028036092,-0.007188349821371694,-0.054415468098910055,-0.048071724987006056,-0.08918477722091889,-0.09099574866861408,-0.04947919481642802,-0.053725552991139604,-0.06887459755603467,0.06402490772365244,0.12389928814983002,0.006130294043177525,0.0038411218581570206,0.009682063989104003,-0.02536433407534962,0.015424401766979907,0.019334983604312787,0.030682613620460316,0.006156945921542398,,-0.24453943445658288,0.08890008739515702,0.04242218934376117,-0.0008252809933632046,0.023364225113978142,-0.07977086097159762,-0.0741499112274999,-0.06026896109697872,-0.07202311953272396,-0.09000175195228521,-0.10063828295020502,-0.08295975029636916,-0.05291675953797972,-0.04990861289399001,-0.03815842728811526,-0.07648818716247714,-0.06917090240777563
Zero Crossings Overall Average,0.2028718575379999,0.832801173862556,-0.39904313131234853,0.13074157318109977,-0.06258799975075059,-0.004255071561867224,-0.0023663260812247333,0.05444102136934686,-0.048246530219390286,0.00774578430857574,0.0070351345426836066,-0.04393803422481331,-0.0975688487246575,0.004155690098791943,-0.047343409255859406,0.12846684895680935,0.023269838271356442,-0.020349279377840562,0.009312476266494597,0.07284164152386631,0.03504457299356216,0.04090445444825912,-0.004626567397152341,0.1325164305424629,0.6963263186058075,0.6770136216672563,0.07176870452517557,-0.0118754783541762,0.007390371801343551,0.03773633563445068,-0.013748836622858881,0.6904696377090623,0.035668656091586544,-0.14991256851962517,-0.012453723354700571,-0.049817097231163586,-0.013053265179340242,-0.012981048100604064,-0.024030444265482953,0.018288424563877345,-0.0008613962804666953,0.009589493835864606,0.030216606559775722,-0.010288113846552758,-0.04803897371788395,0.6230157817355334,0.09340417725557462,-0.10902480656880002,0.2237620474047337,0.2956260320127228,0.32455539757655455,0.3458119640814656,0.36195178278395973,0.40293066129992194,,0.3421257078472503,0.39147007155012864,0.0860718313818709,0.14170781535741925,-0.09659815612767543,0.9606646114661131,0.9712719469821499,0.07039438291322166,-0.09162467383433902,-0.14349574925480274,-0.0800651571769377,0.11751227965742916,1.0,0.19337477849180879,-0.7112403579581503,-0.014622875786264146,-0.20701997390290158,0.06771940475782803,-0.00744408049433404,0.06646932076367716,-0.11598535813057728,0.01134334141683167,0.04256632021574753,-0.04850746707055393,-0.11822520937388885,0.02842214539729503,0.90516950281646,-0.37219197526779213,-0.4028024150133017,-0.151517257544807,-0.2926700640069056,-0.10913792018996181,-0.1717880602430273,0.0382539563696939,-0.0523494411739554,,0.26148014278593934,0.8854144855514295,0.6037685032326441,0.1677253026212817,0.3969737988148432,-0.24123914533760782,-0.2044473389334363,-0.20281906305482922,-0.23549462028606966,-0.2356246180718494,-0.23122029256685114,-0.21108116106751076,-0.18505865201869373,-0.1639462976866716,-0.12029772527626736,-0.1708649081117647,-0.20100003343599765
MFCC Overall Average 1,0.315266098378965,-0.09028846893476869,-0.4774906477504667,0.09560195604870991,0.3173963392110686,0.20055105523926955,-0.31421381750261107,-0.27436288652358065,0.20297338572557388,0.12876772117317434,0.20734973879384974,-0.09452518432515146,-0.2046020491893398,-0.00480350635957058,-0.0719306705491767,-0.0220528798938206,0.0022279832049566027,-0.04541432003084857,0.06463993875617717,0.019022741250408638,0.07087769171286708,-0.0486476191020717,-0.09452978180958514,0.03686994512023442,-0.0776063971902009,0.02191131989699467,0.2011191649719444,-0.6254195379782785,0.15044140536454262,0.13803272289411683,-0.2680468901928868,0.020512404382023283,-0.6517460598609541,-0.3930751308349358,-0.401326239161535,-0.41481954712323027,-0.3949085546377189,-0.359109034022751,-0.3717296645046254,-0.35981637960847207,-0.27258993329800757,-0.25363087890467445,-0.23783905934570163,-0.2420412532207076,-0.1970985660942004,-0.25014881478688755,-0.023621977391070643,-0.14923820143924468,-0.07572438863780008,-0.04197407197592216,0.007285673231784378,0.04751986772309431,0.07314930350441362,0.1043637416470292,,0.3768634362232395,-0.10169427091705066,-0.039611522785239744,-0.09077023848922369,-0.07747383900969913,0.0214665346852327,0.08563603974800305,0.3266592779057335,0.254038425264825,0.5046227641114044,0.5388877405698418,-0.21713801003586067,0.19337477849180879,1.0,-0.30745090702304523,0.11741433123564277,0.13652212033074382,0.06793698380426823,0.15739023857045686,0.12587590429089265,0.0992358493883825,0.1018450038500801,0.01911287921333433,0.03191415145748116,0.08633599137975817,0.044611898566506665,-0.08218298356727376,-0.19292507404891754,-0.3718543905792162,-0.15050811149929672,-0.2606200086104696,-0.13502990501049317,-0.06355760390005293,-0.01269304920478768,-0.005885418819215962,,0.674062030216724,0.28494616578943566,0.3200612953302853,0.3367829278003001,0.2775933747657693,0.17974662423695217,0.1898405999798344,0.1910991171727292,0.1484392239880382,0.14339938058390314,0.10483643207435586,0.07491939621642527,0.07561459022310685,0.12079035786509902,0.16702952471780436,0.21273493787284325,0.2309509099226753
MFCC Overall Average 2,-0.362884204609004,-0.6144011316401345,0.40214384481009496,-0.16766688856825024,-0.15884466163403202,-0.17795541055303404,0.05310359196122756,-0.05533204326762696,0.017111553804282892,0.04089873025291668,0.0672624832090224,-0.062072035680416145,-0.15396980607461014,-0.10668544131578454,0.0369969899901011,0.17429119029695483,-0.03802154509211224,-0.010937883820032756,-0.22231312898097658,0.07743986175064428,0.020255622507862746,-0.042668054306398404,0.047307653789508124,-0.07663034747244829,-0.5032484340277882,-0.5515295381417781,-0.19368599706750436,-0.033654117672980266,-0.13792571674606918,-0.14681095234238473,0.05643298859824152,-0.547796658099348,-0.07222600678504049,0.29504335428785256,0.11748449988107905,0.1591194872658855,0.0864223060442377,0.11380832614648734,0.08278105447655079,0.11701217951289607,0.10226710624342067,0.07144064202982303,0.0850320437982545,0.1045207591064852,0.12708237003526004,-0.40263748387075693,-0.11426212624036104,0.1835222297283498,-0.08521017941814221,-0.20026950878553057,-0.21714057283765906,-0.28880592524997284,-0.3209285552098196,-0.36123457119418967,,-0.4445166964971223,-0.3976025715520802,-0.2095620509713211,-0.13118429178468638,-0.021769037896812886,-0.6202160024968909,-0.6547895849386727,-0.25955810162258414,0.13578360133209957,-0.1066143281964949,-0.15770442992844866,-0.037437283069313876,-0.7112403579581503,-0.30745090702304523,1.0,-0.03612889826660684,0.03369639566030583,-0.17808416782500722,-0.20909595956903546,-0.1581081518365673,0.005371469839525164,-0.08136862585008019,-0.11434836031723308,-0.026104741568366,0.035285360295882535,-0.10382250759265983,-0.5837317383236874,0.4610127889187636,0.6191976598143412,0.1606519046927185,0.3109048458772359,0.09824571756267307,0.07439923062152559,-0.08529261023663547,-0.03839307925869743,,-0.43315713757676944,-0.8274689938107403,-0.6789884822429364,-0.44999708082443823,-0.5320427242158506,0.0775756215726108,0.014402632752430639,-0.002378274961042105,0.052189524898535365,0.05725266755159467,0.06388253016997827,0.05850113688178867,0.05525141965195295,0.041236994386333554,0.024527101959139725,0.04543036419383955,0.07798243195427994
MFCC Overall Average 3,0.5976836428334718,-0.13136907472338755,0.2679076702889354,0.45985668317256534,-0.18237838471024975,0.12868451563169372,-0.15400522387805402,-0.1097136991643686,0.08435327920344547,-0.0981575625452044,-0.011773836533262316,0.06909612040365778,0.04338260048644361,0.062137416220527035,0.1191498445459109,0.22912337609035943,-0.1415524726758251,-0.013480505312297322,-0.21614736555781272,-0.004818082379672738,-0.16442460513805168,-0.009399538824010246,-0.0300688873281847,0.12077955120226348,0.18700213430637472,0.2877163454156341,0.3090647440875784,0.01872742273953113,0.25965566421378533,0.24917108672832416,-0.07525200230106799,0.25797261015001793,-0.02593763636239316,0.08466526727642797,-0.11389283822842736,-0.16884707994676476,-0.21477166912401924,-0.21903251686653294,-0.29928896691176077,-0.2972337797365408,-0.299724142866244,-0.35517927033838664,-0.33331610780113313,-0.35842625021374,-0.329234797685108,0.17533869471949726,0.40769582500985246,-0.1957346715603288,-0.14419402617552374,0.03075381083025639,0.030782608056538815,0.0069007356194227525,0.019718672759292167,-0.012545691554415107,,0.3481073789463804,0.4115904543971468,0.48706079313815587,0.47488807203778094,0.4646477919416272,-0.13168195675344682,-0.04643237388724057,0.2899027122205189,-0.2453959195471733,0.27423208481873546,0.2883476111078803,0.003027694360665673,-0.014622875786264146,0.11741433123564277,-0.03612889826660684,1.0,0.3746196156812748,0.43481365629531193,0.20845680998350383,0.2789199716797166,0.03233368150945662,0.16321134433259,0.1039838845620563,0.14042936344891524,-0.06442660266487636,-0.0023426316648199417,0.07397002495805692,-0.6224732453722739,0.02026161974178777,0.12748597979619097,0.13376124601311828,0.17582293718224695,0.08975977707323599,0.07735148041667858,0.03018200692659833,,0.2770126895761585,0.22513547421543054,0.4758341492622564,0.49232298264715574,0.5251635816845545,0.4729561669457024,0.52596907312795,0.5260859945656496,0.5779476459297779,0.552157450148861,0.5346364829442919,0.5461946986964419,0.5268604150105334,0.603563666583359,0.5729650517187271,0.5383026285186869,0.5245162923710041
MFCC Overall Average 4,0.5204717720191773,-0.33221508862631166,0.10232630102821541,-0.14148855768960833,0.02368420486107246,0.3516109609777804,0.34405741319791755,-0.17452738206733348,0.064787627277451,-0.15805597786822442,-0.11566185890641827,-0.12041444083415742,-0.01814203403983368,0.183410935644054,0.24268148045406596,0.20636011049535113,0.04605347133340706,0.00806113044109144,0.03269326918040553,0.09612645470704916,0.16971788603003005,-0.0475546547125929,-0.013362391618039248,0.14046428986546167,-0.014180415085240802,0.015375709315597761,0.21726222113495042,0.03846440662572138,0.19411159656916155,0.1782931879112231,-0.035573835427789066,0.0236614545753196,-0.024880799883163825,0.1119304568857744,-0.020777594624324144,-0.04389729602266043,-0.10022717376944089,-0.1621917912308376,-0.268015223230659,-0.29246027503481986,-0.2977096511460504,-0.38438875180041415,-0.34969371353241313,-0.37569411749620946,-0.33521664615005936,-0.03632381072500094,0.22406932211761785,0.12343467538092749,0.0008788884447355451,-0.049131809732384346,-0.09204165319949706,-0.11461144990763439,-0.12229088917697842,-0.16305021046589718,,0.2429041206527799,0.16011411081419705,0.24688203763670202,0.21707533535626405,0.2818091204965314,-0.27120428186944473,-0.19518825892139766,0.24465565762846847,-0.21423817971361767,0.32770242527563775,0.32768722810655176,-0.11814686028036092,-0.20701997390290158,0.13652212033074382,0.03369639566030583,0.3746196156812748,1.0,0.501018125845058,0.3813680108275034,0.24298177786642294,0.16858130903090676,0.1412915568770811,0.13970525705861078,0.11566335394622075,0.14960837813373443,0.08140082725757514,-0.12146139152482567,-0.22633884989540404,-0.10765021659604171,-0.3195182821356734,-0.22453550047152251,-0.11685450150950118,-0.014897178125186226,-0.028310426476985454,-0.014217352067549094,,0.2469625256534584,-0.08178185355752839,0.05710453391390741,0.0768999656003793,0.07833029857740467,0.500456478816738,0.5588027981266336,0.5467811505386827,0.5961691168525364,0.5605442959142511,0.5507182782159231,0.5677517939555304,0.5096615848546401,0.5193735792627274,0.42418363797182407,0.4747193769859717,0.501813567143024
MFCC Overall Average 5,0.6793985780072194,0.03865401877055498,0.22732821793755684,-0.20096237121859237,-0.22193690596260024,0.18384691254383406,-0.09010341818327412,-0.23449219271488145,-0.0973865877702157,-0.21534641851100905,-0.04311666991135024,0.09254841301667929,0.08215773362648897,0.10028686855909216,-0.06103925537311934,0.14049228287865145,0.12767070965578098,0.15068329053024074,0.24333818159614043,0.0380728212742795,0.13741094012134017,0.0012648391482323832,0.05767050993461453,-0.08832948797334858,0.28974321268038805,0.34125381878446376,0.3706287159450933,0.11633692118165231,0.3537662253507491,0.3450384719199578,-0.060768011043743124,0.33912679143782076,0.009052901243950886,0.20238260876170241,0.15907540875990225,0.028238384016522875,0.05014968663709077,-0.06723341280870816,-0.1446886288760232,-0.2144351337773642,-0.23450851346187326,-0.29630178708497296,-0.3331985813185662,-0.3314127788479616,-0.351836475139379,0.25051075465309725,0.44829037101470776,-0.060066225190574724,0.029646300334785256,0.10861275874264838,0.11285496187668627,0.07624027810225678,0.057685338793351866,0.04866311801310158,,0.4174819771874502,0.47237996798723975,0.4945675575231086,0.48401555025182025,0.4435667983549116,-0.01544796071964228,0.049205774867494445,0.34280641716847965,-0.3717034972070837,0.30705970676850075,0.31888112192940105,-0.007188349821371694,0.06771940475782803,0.06793698380426823,-0.17808416782500722,0.43481365629531193,0.501018125845058,1.0,0.45739608177829005,0.3738720519817639,0.1220771553731161,0.2243823082870917,0.15084786021197794,0.067817968105691,0.0006165865584348215,0.15513575325170534,0.15154331794333029,-0.5712333600410509,0.04952461312190039,-0.0872986548127911,-0.17923835349146108,-0.24394867202158382,-0.31110712358518156,-0.260172456752864,-0.22259901110165767,,0.289613223291514,0.2674196845793382,0.44210259699328547,0.4075691646907155,0.47058879011160093,0.4329947925544383,0.49788936843695386,0.485074224358561,0.5410204367067374,0.5269976142454456,0.48373636628040595,0.48754781059684715,0.43309595090751557,0.4482629403113686,0.40518698253305435,0.40806907996179004,0.42478355958782665
MFCC Overall Average 6,0.43923856837675185,-0.08991077610179438,0.04379843293701454,-0.17177800684163927,0.10958431004414698,0.5233458075086649,0.011727378113348891,0.03949977145279687,-0.3026288907367298,-0.16951509467215672,-0.22707313850855837,0.15107111909048854,-0.20841031443860877,0.13498707078823502,-0.34343033767072917,-0.1079095505077988,-0.11512525667606667,-0.07511089045325359,0.029133064851599225,-0.10657969416997916,0.03635242296728551,-0.005601020719128345,-0.0362933822725552,-0.034815802512182054,0.08399039706637916,0.11478581532581454,0.21350652708487938,-0.03094254052998026,0.17616279388355677,0.16643602075834285,-0.030558567906631907,0.12362454353762733,-0.03494281391856403,0.06948102950092497,-0.010960583255905855,-0.022170701217701892,0.019779183359821092,-0.0720462902196693,-0.053581869259967135,-0.13688520352196604,-0.1569560511369483,-0.13747010272382193,-0.2426512716212459,-0.19523052477594785,-0.2318615645989575,0.03667220209359796,0.15751194237402977,0.034646513593642396,0.020331187485667628,0.032387022149749346,-0.03787549644084669,-0.02608340511427236,-0.017743864959038094,-0.042402077616441054,,0.2553435107309359,0.16712210592645915,0.17868547886155184,0.13445152343326103,0.16760822946460183,-0.08258213189845282,-0.026278010098428818,0.2295849517452007,-0.2050761179575689,0.2717551047606546,0.28333582975820876,-0.054415468098910055,-0.00744408049433404,0.15739023857045686,-0.20909595956903546,0.20845680998350383,0.3813680108275034,0.45739608177829005,1.0,0.44534558795172424,0.18879429668505282,0.1890884354596567,0.08329154159740837,0.03593340443820612,0.13252793150727737,0.14251879395900835,-0.0004010527172715569,-0.2430584579733958,-0.21222262798533967,-0.13782533150667728,-0.16408341273666555,-0.04814275433969672,0.04603594828578351,-0.0921758934500619,-0.253137188978232,,0.28535187553405134,0.09402082236073896,0.15628947705045076,0.1264983736808626,0.12902530508708251,0.339543776329975,0.42348450251464953,0.37289242184155247,0.3887390960087643,0.39584806242316123,0.3552684779538969,0.29303193319528387,0.2146604099554766,0.26830485973467405,0.2990982230465477,0.3181682261065817,0.3032994163688487
MFCC Overall Average 7,0.5150645899813555,-0.054012081589794605,-0.009038779248614674,-0.13711726654780476,-0.11610231664288745,0.32174334245468234,-0.2852974811966767,0.33031598074401075,-0.11649995371036619,-0.2041426415609972,-0.14694944958539924,0.028143025538037866,-0.16249295190418642,-0.3472746742079495,0.06130963200612219,-0.1548960583888836,0.2612361311544241,-0.03544157245566092,-0.2374852040391703,0.002745145674006768,0.02390579642698536,0.04215787800202921,0.03611960757859577,0.0018529462098575173,0.16147103555679154,0.21338282141493842,0.21241746103211764,-0.027493471963739958,0.1948011431206222,0.18238380927058326,-0.05788015609037638,0.20666471512394824,-0.058858291453802676,0.005178784230178667,0.00012113058943481469,-0.0491505499110822,-0.13046897650274383,-0.16271603994133854,-0.2192490906480942,-0.21240070082260173,-0.18814337176456333,-0.2148749023920236,-0.24784938447505167,-0.2176495480214623,-0.25853023351578197,0.12560254549432065,0.2457463088723082,-0.14690265132122104,-0.09579359137887218,-0.014160030975387141,-0.029539817236419314,-0.02799781288659113,-0.020193025478851243,-0.050813512554577354,,0.2720253054750796,0.2510198534035073,0.25869487558482873,0.2584344836707857,0.2152616052577331,-0.01090537817561591,0.04781593809433756,0.25128941885561323,-0.2593542842335207,0.22528125591836612,0.2386710543298521,-0.048071724987006056,0.06646932076367716,0.12587590429089265,-0.1581081518365673,0.2789199716797166,0.24298177786642294,0.3738720519817639,0.44534558795172424,1.0,0.385250777019747,0.19809139560429806,0.124419493309091,0.20978264956706702,0.09677116361917726,0.11754575298392114,0.09728442359912559,-0.4284596319399062,-0.017041892042727665,-0.10087277557488646,-0.15184143343483128,-0.21079476951112705,-0.11983796530369276,-0.0747051167436117,-0.1244696348889723,,0.259713185620877,0.2240021248128846,0.34933849443523735,0.3235964007527684,0.3635355341044048,0.2723049560758141,0.35032249208352545,0.3001782158911618,0.3755420852441032,0.4101557255380425,0.38352335814481725,0.38570321770790333,0.3256636705510024,0.3384622146936664,0.281525606312587,0.319699797813281,0.2741934992326725
MFCC Overall Average 8,0.25883460231462174,-0.2199490320407774,-0.06956005004060245,-0.3258571431254701,-0.01583587803129565,0.23624580799406494,-0.2450650565379023,0.465453033436788,-0.15279217606238643,0.37257884303868255,0.005666674202099271,0.03845229372156187,-0.0209779880714433,-0.10164154073086452,0.4081165813388314,0.02148266350865321,-0.1653301749825506,0.07311942322586983,0.19308239923685241,0.05615452281797103,0.003757699399820371,0.013731630683896448,-0.06319325452783797,0.049779386470784344,-0.027865600870198848,-0.02352841563195864,0.10653788632129248,-0.04340176681296715,0.12283949950665964,0.11242248920633278,-0.05879306116570659,-0.012545261192935392,-0.06575094474296342,-0.018861744182345205,-0.06001363602666661,-0.03800538866284182,-0.09342002182942497,-0.11377821038084197,-0.16624624102243424,-0.18040580861914868,-0.13779423575468225,-0.13394588943224056,-0.14939739942872338,-0.15992067888626274,-0.15949645383091682,-0.04187137455893686,0.018210675619485688,-0.018327998083759615,-0.07682290987895243,-0.1010096235443322,-0.1246600525046857,-0.09475831914468998,-0.07518196732571877,-0.11922989612998837,,0.11097116214868886,0.008070593175525317,0.025729874532169163,0.057926651812454294,0.04799509568113802,-0.14308137414175026,-0.11349106758453675,0.14927977068318918,-0.07027472618450134,0.19114740753240406,0.18805405212792178,-0.08918477722091889,-0.11598535813057728,0.0992358493883825,0.005371469839525164,0.03233368150945662,0.16858130903090676,0.1220771553731161,0.18879429668505282,0.385250777019747,1.0,0.32961424596643,0.10433523059289722,0.15033748875424577,0.17031691628562926,0.13367676534557352,-0.09568192150241499,-0.08566491731337722,-0.045812475702051575,-0.1328991539745756,-0.059104597525357225,-0.10957208119254226,-0.13875610508902259,-0.27108429698276293,-0.18501730907021122,,0.13333597838470493,-0.055543181997096965,0.007456649273039423,0.016800830303856016,0.016895501955953886,0.1982900224968843,0.25495209135701463,0.23436661490509353,0.22025003479619765,0.2323849112853682,0.20213390084468524,0.21245650461341947,0.1964156930538037,0.16667702768063036,0.15136412380605757,0.17215504318336483,0.16584955131266446
MFCC Overall Average 9,0.32281916382704223,-0.08148030385454985,0.0013745544579062258,-0.12086019265504257,-0.06284307396507613,0.20628749131973412,-0.2206245481523092,0.1287699472273618,-0.1772224436554467,0.45985977285768587,-0.07133206098497835,-0.37193917920637526,0.4381508981899406,0.024529678334214773,-0.23753544951919608,0.22663659791623833,0.007539776311788332,-0.13207068949186584,-0.06364360615337988,-0.06309437125102255,0.017606044616365085,-0.02539898997754181,0.12823079105110308,-0.04055674766832595,0.06014276725420998,0.07827202253073921,0.1516479640809709,-0.07359585316694596,0.14125231170239466,0.12989425867023338,-0.04983155765174283,0.09416157568205769,-0.07074493291263143,0.016093513466361637,-0.03981510019564294,-0.027048643671141574,0.0017791701650317832,-0.11172967840581968,-0.10532066406494252,-0.17835431686663997,-0.18158662320361524,-0.16320208915997692,-0.1922008368018668,-0.15389808780710354,-0.16169730930532536,0.03135736618932336,0.13344067133754817,-0.04140077786967005,-0.021911150457424644,-0.014582525582370836,-0.04803458367730581,-0.019434610538210318,-0.007063430569970131,-0.020688202139859592,,0.18498167007469402,0.1354658389750692,0.166140977478901,0.18209679061194892,0.16697790223967454,-0.0422905079437384,-0.018538841416616197,0.15283726309492,-0.13162169762907047,0.19423565149690358,0.19836305501164322,-0.09099574866861408,0.01134334141683167,0.1018450038500801,-0.08136862585008019,0.16321134433259,0.1412915568770811,0.2243823082870917,0.1890884354596567,0.19809139560429806,0.32961424596643,1.0,0.25243971982786584,-0.033463487541905826,0.0864148165559517,0.1299996914682824,0.023367869988127298,-0.23350753679033331,0.0015174779070992353,-0.04754114575939892,-0.10370576113812233,-0.13304181434152712,-0.038626478252994326,-0.10085278985895549,-0.0917038455200934,,0.19297733987345242,0.09976280559257394,0.18239798488347778,0.17885971525239197,0.19882073219009883,0.2804613826944171,0.25178038944095316,0.1669215362996659,0.1634472779143784,0.15614239750240833,0.16630094915235644,0.18896047926737045,0.17364936719804716,0.25014569697495737,0.28638823324571205,0.3799149939818643,0.3219686721575001
MFCC Overall Average 10,0.27193535551399123,0.02223854848602114,0.05435787098541383,-0.10821664724340366,-0.13849277208863064,-0.004251969514461494,0.0013930965605417863,0.23420785228184465,0.4291918580913622,0.29753578058159946,-0.33847826989936497,-0.16938139729157656,0.04381561882063981,0.35255334770662744,-0.22315282757145338,-0.11928353742226185,0.20399431071811377,0.26647236917930733,-0.14623790607811332,0.008093490023244597,0.03106487475922695,0.10143572274558255,-0.2085198257501458,0.03752990700048266,0.1321439379267453,0.14873117863826277,0.13592980017032635,0.09672961154055802,0.12441411392693402,0.10998801795267964,-0.022461791755310167,0.15643581833136036,0.020139110204461092,0.08829864761912183,0.030407018014036936,0.028889307167077907,-0.015102434979563923,-0.03595110460586096,-0.10017021884381554,-0.07216551335404774,-0.16368000216561085,-0.1489620825109719,-0.18729559293548137,-0.17112975489799132,-0.11606107523924071,0.11346352210332684,0.18439433883979148,0.05586130979491822,0.037618209657903266,0.0006102467598451881,0.019897792398375334,0.007140207338437843,0.002845871079119939,-0.0028665049236930532,,0.140424984772789,0.19635912033313352,0.19501757381654836,0.18923993967114827,0.18345247239407558,0.022841649097613968,0.046427008601705046,0.1465389818215327,-0.16218275216956496,0.11236282625287417,0.10953757057443628,-0.04947919481642802,0.04256632021574753,0.01911287921333433,-0.11434836031723308,0.1039838845620563,0.13970525705861078,0.15084786021197794,0.08329154159740837,0.124419493309091,0.10433523059289722,0.25243971982786584,1.0,0.32048148022581974,-0.029520336846112806,-0.059320782549810616,0.09149960191406874,-0.186521232552412,-0.03589132468835681,-0.15868857553628962,-0.025725484619465225,-0.0722365562403008,-0.10912113874837384,-0.16044031203935552,-0.1416647531936151,,0.09628758700914701,0.09863279437496629,0.13419957659622492,0.08922051482784484,0.13759847827961913,0.05339834724378723,0.005757201327248521,-0.005432604623057272,0.05564695813263626,0.13902222552058766,0.19721413767918797,0.2522553508328517,0.28001790499763946,0.3044994172040103,0.35015469577886316,0.27457937803118826,0.14643163808658283
MFCC Overall Average 11,0.2233978000974258,-0.08679326695887404,0.04650122590451195,-0.046941136940101234,0.05035957805630341,-0.006491710186423886,-0.029024935072262243,0.5250707395225823,0.681721736447011,-0.20773056209477397,-0.05296032406304248,0.0879392782082969,-0.01970436654882844,-0.03952228246744568,-0.09845956061609484,0.0765468182528681,-0.09813068475146156,0.06521271949818705,0.12886718257261842,0.07617628004345528,-0.008910588683102268,-0.13675618246027185,0.11448960717908081,-0.05386029255896526,0.05101279612621036,0.07681710598640562,0.12236050080560065,0.016509976932953835,0.12605947053669914,0.12031027978579682,-0.001671004539310143,0.07193637650411175,0.003743838002071238,0.03491203365836594,-0.03451831844431641,-0.021355936248514854,-0.07706266795308764,0.007729040546417893,-0.08479243905544523,-0.0715127477998196,-0.10438322301287571,-0.1190682471858291,-0.13909128437550644,-0.127608678615375,-0.07978666958625633,0.03985647885267474,0.10585912650440563,-0.07608637780144142,-0.08839978838483865,-0.04832439054759822,-0.0333869001865323,-0.05744331890736774,-0.06285949766852189,-0.08076897649696854,,0.13246979044844648,0.11074520770006205,0.13093758471385492,0.14289565017371186,0.1447285961601958,-0.08714652083009906,-0.041614904203387426,0.1487952903264403,-0.16105257007960788,0.11198570380254734,0.11532840471091595,-0.053725552991139604,-0.04850746707055393,0.03191415145748116,-0.026104741568366,0.14042936344891524,0.11566335394622075,0.067817968105691,0.03593340443820612,0.20978264956706702,0.15033748875424577,-0.033463487541905826,0.32048148022581974,1.0,0.28392454544458334,-0.07175364893380029,-0.03677281957441188,-0.17276401963042423,-0.013849277729500552,-0.015354442383962148,-0.06980541223186615,-0.09091698384014797,0.02132069499248711,-0.00044398029779956405,-0.03190964037079737,,0.11048335694510683,0.03611136853630072,0.11248698057501814,0.13030205113812932,0.12769766724653414,-0.09581044019128013,-0.02641023645057744,0.12583021992197832,0.1908887726843944,0.26814138673242177,0.3095213977893139,0.3158875078359495,0.324045571524244,0.23832362272135527,0.1458692404049314,0.039148146928524793,-0.06645445102891105
MFCC Overall Average 12,0.13992626123078586,-0.1998024026599074,-0.058766912578030746,-0.2360793480545912,0.25256790964041204,0.05687294099102914,0.14984747850875596,0.4398907046075745,0.07666694874654621,-0.1808843725753985,0.5402570063148836,0.06383561253929233,0.10259183907266077,0.14071483438425592,-0.13677807329538913,0.17586410703982075,0.039732527736881185,-0.2778203065474754,-0.04699951589435288,-0.1365048077022115,0.10752162080793158,0.19309683986304638,-0.014263765350394647,0.03482750538914417,-0.05987802687322187,-0.06340287215558182,0.08027411195609153,-0.015272181849213431,0.08500218860676875,0.08547240931563044,-0.03576757474114456,-0.06799580665632339,-0.024781539408420334,0.021703840402261133,-0.010222393462228955,-0.014568147301911031,-0.08418004161930841,-0.0836427397492022,-0.043340763074834754,-0.11040431311654444,-0.12932727179077394,-0.1383916080797397,-0.12597839543770273,-0.13255112683623727,-0.13350178993870268,-0.06735133387606347,-0.028166508531913857,0.033471169558453064,-0.03926179347164477,-0.09836581968635129,-0.11570528914068175,-0.11962444689509302,-0.12020440957775673,-0.14742528543112127,,0.09344210043550112,-0.04351765049799243,-0.014916679196090715,0.012084045873337912,0.030420247611264713,-0.13248173850790235,-0.10272369317860279,0.11037744733725438,-0.08493041121512136,0.16713497094476853,0.16657160608187735,-0.06887459755603467,-0.11822520937388885,0.08633599137975817,0.035285360295882535,-0.06442660266487636,0.14960837813373443,0.0006165865584348215,0.13252793150727737,0.09677116361917726,0.17031691628562926,0.0864148165559517,-0.029520336846112806,0.28392454544458334,1.0,0.31510479877516734,-0.11406716296096298,0.018137368448365693,-0.056610963920724795,-0.1582582706923827,-0.08056145303429516,-0.10324127318130255,-0.008498215823582707,-0.07702514863341399,-0.03714646668033707,,0.12666374366204625,-0.0973688311039441,-0.06968032187505385,-0.03557962064312477,-0.057714715520714194,-0.008227093136880725,0.15202490280817665,0.23117983455803512,0.2781865413274776,0.3417179721367285,0.36283250269335704,0.29413572297590646,0.1594905669846207,0.03987388887145125,-0.08997027595657234,-0.14084473494251046,-0.10653392590997045
MFCC Overall Average 13,0.20110795724483835,-0.0017126796072958082,-0.0353744532536622,-0.1442722867678923,0.19962421309669756,0.054823281190730384,0.03497053102479107,0.17848881102558908,-0.38372209211928304,-0.14388988009763576,0.5064858972326693,-0.04963782660910264,0.22875268719849928,0.1473403730842123,-0.06892650166326339,-0.0625449879964116,0.0985678802245027,0.43763823256183193,-0.17165120356524893,0.16718242116906096,-0.11352175786832083,-0.17591677608448253,-0.13195343834457884,5.880787721051631e-05,0.0757661299703772,0.09943623132754068,0.16077182136714974,0.039998820027115904,0.14333985566437893,0.13882065406661886,-0.07059224616904328,0.09046722459970935,-0.012418038056305961,-0.011575416077597054,0.06328103987609542,-0.03315252593300806,-0.011195093193942204,-0.05575128464288741,-0.020628039904762616,-0.07667533292843101,-0.10649846515966241,-0.08435288475534249,-0.11009898759233085,-0.09550990584564495,-0.1556559358825934,0.04788452919663369,0.049710003654811714,-0.0025584303524282433,-0.010226701298259632,-0.028136472848420982,-0.047869557651762595,-0.02124439831606183,-0.006378963319252505,-0.017831178098998392,,0.15331633013698914,0.09905331021929956,0.07733198759606362,0.07844969240715768,0.05319722591244229,-0.000784562193494645,0.025017136540262323,0.17139530933281588,-0.19785548884664075,0.10524690230311162,0.11361278690011017,0.06402490772365244,0.02842214539729503,0.044611898566506665,-0.10382250759265983,-0.0023426316648199417,0.08140082725757514,0.15513575325170534,0.14251879395900835,0.11754575298392114,0.13367676534557352,0.1299996914682824,-0.059320782549810616,-0.07175364893380029,0.31510479877516734,1.0,0.022515450154528764,-0.15350043353301732,-0.06206287172497694,-0.16298885965807033,-0.0912050765588201,-0.08250540951422287,0.011635659714744858,-0.045563946069331764,-0.06644075050924286,,0.11548307144370497,0.09644264920532455,0.13143569813190029,0.113484891562726,0.12907337238861719,0.12197412412034886,0.2473065569553268,0.25611545584764905,0.26773207773459257,0.2780521421020677,0.24802001769767568,0.15873301321244054,0.02482677383787915,-0.10389121579930509,-0.2059485801090361,-0.17112505347053528,-0.036950361561713635
LPC Overall Average 1,0.2814005641303118,0.7963526781922582,-0.19696129733771306,0.09027197416828987,-0.15205965955529688,-0.14107087020908682,0.10087014446652813,0.13711049944744405,-0.13183933077701435,-0.007805012570142277,-0.08282153000730422,-0.015422017448746423,-0.10213449353449813,0.05554811273761989,0.012174423128015574,0.2032517513339359,0.0219734376903405,-0.04581874197667997,-0.06849816693194685,0.09640899282072886,0.04235684351970344,0.04058505696336892,0.012675277461502977,0.09932662838300124,0.8058013426154598,0.7342549735946707,0.15377406284107345,0.2423162963078414,0.11767751589816021,0.14117266473642828,-0.004933053519381213,0.7637878538327035,0.21709263961736688,0.015302369034521703,0.09958866996245434,0.07053184911381202,0.05891457612123289,0.03627334447000005,-0.008162486898436233,0.03463925018949827,-0.019770312721888353,-0.034997655888341105,-0.014858169453410211,-0.05604796167010375,-0.09342423910941951,0.795521665813008,0.1752983521046254,-0.06615630489137853,0.20500174056687695,0.2520858285281325,0.2578169847360271,0.25336357795957226,0.2768819026720918,0.29286367332913804,,0.3384848053270386,0.535037003584815,0.18906215970418846,0.3127634546425373,0.027199758031463083,0.9400044745293806,0.9309869350422201,0.11794131214669754,-0.26855666492225494,-0.1260600872657541,-0.08133878305281324,0.12389928814983002,0.90516950281646,-0.08218298356727376,-0.5837317383236874,0.07397002495805692,-0.12146139152482567,0.15154331794333029,-0.0004010527172715569,0.09728442359912559,-0.09568192150241499,0.023367869988127298,0.09149960191406874,-0.03677281957441188,-0.11406716296096298,0.022515450154528764,1.0,-0.42335528681243545,-0.22055158714836381,-0.17214262809831868,-0.20588495454608402,-0.07335379241052271,-0.17746794496073603,-0.018010293809831695,-0.11617121020254367,,0.13880573720672235,0.7984697997019404,0.5433298646586465,0.07204003368256305,0.36826412022146937,-0.16051926127812682,-0.10236769652874182,-0.10952873814091418,-0.10865986249041998,-0.10809920076177407,-0.08372907888820434,-0.053754049990393966,-0.051721458996066234,-0.0377320736923171,-0.015385448734849079,-0.0872052360965647,-0.13560481663533924
LPC Overall Average 2,-0.8181459166877618,-0.241439931601123,-0.07131809511326394,-0.28137670138608256,0.11802149758270403,0.0342784086200039,0.19555156854313815,-0.039311211750061636,0.014972356283778843,0.11957790516970614,-0.051220267531453534,0.08774732991949802,-0.0404101017924265,-0.04906569893116684,-0.0229644994385139,0.063485878675291,-0.0007975179173391873,0.016978771233803286,-0.05217681787139123,-0.04974482755387337,0.1347728494541262,-0.04629200510038777,-0.03276259352156141,0.0699693325061356,-0.5374562575443222,-0.6913862841631522,-0.49519811505209577,-0.08171742332985184,-0.4178618931115057,-0.40751119990129986,0.15627561356547137,-0.6236969235714673,0.009721243060462046,-0.006945055864527212,0.009655205890599787,0.11775225191380354,0.15361483574029036,0.21502230131676212,0.30240391454937443,0.33898638425005434,0.3593071415653409,0.40774722271181263,0.41279767066054546,0.4193591320629685,0.4324995694809163,-0.47895720456513785,-0.5742290631840117,0.24357340446293752,0.0748795273121684,-0.071239905530483,-0.0752902640568732,-0.05861605362675203,-0.07302466538101492,-0.05430923307741673,,-0.6359058554292727,-0.7031580446649466,-0.6545110969568172,-0.640558730938723,-0.4832748964327277,-0.22199630536124004,-0.3260142483617159,-0.49020720702772036,0.46242244618475786,-0.346470675462114,-0.3834046147181556,0.006130294043177525,-0.37219197526779213,-0.19292507404891754,0.4610127889187636,-0.6224732453722739,-0.22633884989540404,-0.5712333600410509,-0.2430584579733958,-0.4284596319399062,-0.08566491731337722,-0.23350753679033331,-0.186521232552412,-0.17276401963042423,0.018137368448365693,-0.15350043353301732,-0.42335528681243545,1.0,0.07725192605151573,0.1748340153392246,0.08746255020973753,0.02071498046902551,0.0791919393807517,0.017272831149495068,0.08670504117307028,,-0.489730244260037,-0.6976304875949707,-0.9096824150592905,-0.7509638534869537,-0.8962125811513618,-0.42230265372472614,-0.49834328659271043,-0.5027175996606844,-0.5482569860961448,-0.5561070334396775,-0.5406575759768496,-0.5584497789226838,-0.5343626287500747,-0.5525916599751423,-0.49040830347784997,-0.4589541394605564,-0.42575529712190413
LPC Overall Average 3,-0.1586497907902913,-0.3000558757480997,0.45558508122654706,-0.14598533589324625,-0.3229306280622772,-0.4597105611990839,-0.27487964719604796,0.025633620285857427,-0.11489410511869778,-0.19231640675421724,0.0021675182416658963,-0.246825362365745,-0.04183585616092953,-0.058502228866470725,-0.06280460599515186,0.06081242542114131,-0.013313694170607642,-0.08281705259531014,-0.03937443480439525,0.24948066054472912,0.16123357321569015,0.05117908803999234,-0.010332374511668801,-0.022135121005904472,-0.1912381984465205,-0.25570594745790326,-0.0431029347956712,0.07316475126206301,0.04596639258833305,0.040145849147065656,0.049872097956857354,-0.23671773918714178,0.02230218039765134,0.26272553559774375,0.20599127868820302,0.2130908124757967,0.18116266282629118,0.14437161661931375,0.16015534485166272,0.1757902239514926,0.14612203009898045,0.1131973023952081,0.09349121092182419,0.15030851337500267,0.1280504257528744,-0.0943926048496054,0.17332546449375022,-0.08402520216022402,-0.315686041458585,-0.29380246540586835,-0.2161822611093752,-0.2501629523643624,-0.2651875936447577,-0.27104995344293675,,-0.237447236745958,-0.06814819218521778,0.07717033415658246,0.16631204113719686,0.18946175459288195,-0.29715462686109917,-0.3653348913762721,-0.10811333114104867,-0.04585911875763399,-0.0607521108893485,-0.09808643066441552,0.0038411218581570206,-0.4028024150133017,-0.3718543905792162,0.6191976598143412,0.02026161974178777,-0.10765021659604171,0.04952461312190039,-0.21222262798533967,-0.017041892042727665,-0.045812475702051575,0.0015174779070992353,-0.03589132468835681,-0.013849277729500552,-0.056610963920724795,-0.06206287172497694,-0.22055158714836381,0.07725192605151573,1.0,0.09784646184803693,0.31095563183698777,-0.0016134947158397265,-0.06178178955131,-0.1498738621118878,-0.1504035171898562,,-0.32402883694766277,-0.3990535657399187,-0.21385486743209536,0.022313902097088802,-0.0024029497409564,0.00450006086965432,-0.05806929262676387,-0.07389108836940739,0.005935932898130586,0.021560789750438496,0.04997381240045801,0.050316651363547994,0.018681739961940943,0.0037569965569278522,-0.008611823716297023,-0.002448866667863287,0.0013720185654963366
LPC Overall Average 4,-0.3134571263721732,-0.019597126504953984,0.31224452660800395,0.34075985252101837,-0.10422390757183997,0.09581161464586463,-0.26504942674882914,-0.03855417756507235,0.0345114330032401,0.1188580020458089,0.015471157763842622,0.48844081725884086,0.17473731323101063,-0.3175500911275158,-0.2605982960916801,0.2416231448008258,0.023661111013599984,0.08750903132516995,0.056567916077624535,-0.02725739211085723,0.05821091719026008,-0.060965782612843994,-0.1314061184123989,0.0775634792457179,-0.16989417858778208,-0.2089546785583096,-0.1688858299767771,-0.0006938106977446956,-0.11597417801303399,-0.09336332436073697,0.10101419614117187,-0.16893270576147248,0.04811957572810361,0.15237940745097295,0.0744545491696735,0.07518191860196612,0.12730391758611478,0.12818950565686477,0.17750700692703014,0.159000260903858,0.1890815300597091,0.1999521884210923,0.1874981535153857,0.18472130380485016,0.18048865745236625,-0.13877574978516397,-0.042968195219470345,-0.12361246890980866,0.030725472054823913,0.18533730307274307,0.1695600080927956,0.19028183327700085,0.1511125926220389,0.17727346501319008,,-0.22559310512796316,-0.11157031780659737,-0.05127610150320774,-0.08296140041091703,-0.007665543951750211,-0.10796428900669602,-0.1777027468121365,-0.23888813111673124,0.21527933377892294,-0.19886263185851272,-0.21337951988215215,0.009682063989104003,-0.151517257544807,-0.15050811149929672,0.1606519046927185,0.12748597979619097,-0.3195182821356734,-0.0872986548127911,-0.13782533150667728,-0.10087277557488646,-0.1328991539745756,-0.04754114575939892,-0.15868857553628962,-0.015354442383962148,-0.1582582706923827,-0.16298885965807033,-0.17214262809831868,0.1748340153392246,0.09784646184803693,1.0,0.36381068355605733,0.3169823196726695,0.19109894808726513,0.1570048117656803,0.1137298041271366,,-0.2827510752631706,-0.2080983801494787,-0.20134712149088033,-0.04265469052629142,-0.1645887742808832,-0.14228276534883327,-0.1857213498787196,-0.1564404571622268,-0.17437740386516531,-0.1923432041361162,-0.21229889947717998,-0.2318497712812222,-0.19053780020605673,-0.160473811057206,-0.10506022573194744,-0.10512766612658692,-0.10730388691102483
LPC Overall Average 5,-0.31754793581096946,-0.1722493970910798,0.466466931052632,0.43437618506594033,-0.11882864674343363,-0.08335437324347941,-0.24833107474352983,0.19772288018016496,-0.12917889113892883,0.130736689157042,0.08671844151275043,0.11545957810841956,-0.19690123363779133,0.34969515222541253,0.061015059689855364,-0.016458328462141618,0.25077979255071253,-0.044041665540200635,0.08379232174162454,-0.08957082366709904,-0.0031574552235408685,-0.10138490635474787,0.14392114801678502,0.07524940663106808,-0.18285170925718602,-0.18320343038580172,-0.18138413938299922,0.05959834942689332,-0.10194923548694944,-0.09912158064577628,0.03780990562857443,-0.18741341316340754,0.02519220397866209,0.15054957182716777,0.06482691273278365,0.10082849137841665,0.08932140935871914,0.12811731998444434,0.17813727643708602,0.21100133667117374,0.205645046934922,0.21390872060016056,0.20419590568524204,0.19037729120858218,0.1847324905502294,-0.11754332464539895,-0.02373061283439815,0.06867234245122708,-0.08208959895049386,-0.08689218946779118,-0.056996525829566345,-0.039114680750332816,0.011929267384123029,0.023325648955301696,,-0.2919420789295567,-0.08359928779356045,-0.010440786521542025,0.023699302952019188,0.0437523214018975,-0.2137695874852868,-0.29510966783585324,-0.22615311382027933,0.20391957908715028,-0.16015393168257122,-0.19553326735728196,-0.02536433407534962,-0.2926700640069056,-0.2606200086104696,0.3109048458772359,0.13376124601311828,-0.22453550047152251,-0.17923835349146108,-0.16408341273666555,-0.15184143343483128,-0.059104597525357225,-0.10370576113812233,-0.025725484619465225,-0.06980541223186615,-0.08056145303429516,-0.0912050765588201,-0.20588495454608402,0.08746255020973753,0.31095563183698777,0.36381068355605733,1.0,0.5041591873820643,0.28921564412697903,0.1653151005578672,0.13333998372934994,,-0.3706496508935161,-0.2809170280147567,-0.1794379076550754,-0.019933126006644326,-0.07041302102737948,-0.06202050215023254,-0.10809530335479728,-0.1269981374339796,-0.11586172548837433,-0.09613080616518492,-0.08419582844950978,-0.08154092676620585,-0.08620651554412428,-0.09756988283758439,-0.076978306476742,-0.07187407885278038,-0.06857121025342822
LPC Overall Average 6,-0.2118023158662659,-0.03123538800104266,0.3465520712303174,0.6160736575395349,0.14994708906341608,0.1072534286416139,0.06894611231398551,0.11591932037916579,-0.1106275229457184,0.18477577208176382,0.01651877782565155,0.1084401854698347,-0.15246179589749834,0.15809303198075922,0.03804649092212622,-0.023412049283430693,-0.1272405493352216,0.0212164044583911,0.0037738641182366696,0.1458464304080218,0.08053931891131749,0.34421985694258955,-0.15840472642330652,-0.16159029473521386,-0.062056343131862146,-0.04627540097437901,-0.07252597005079489,0.0584250221665093,-0.03690967950834531,-0.018419434864622768,0.06619245594624597,-0.04633096443930437,0.04924427030733255,0.10628754887976755,0.05741502078005023,0.05297283944851344,0.0739018400923679,0.0826724001847966,0.09814746556623412,0.1073912974590103,0.1147886647040568,0.10358347996635897,0.10779531444727065,0.10261459250065186,0.11251251318769595,-0.02151949492052103,-0.011111998592500378,0.10212815364088869,0.020068074316514965,0.1051823759942118,0.09283328326846323,0.09168201286866218,0.09332729042951143,0.13092752791083265,,-0.1264740141565338,0.006377579249258197,0.029314670402878242,0.010330318835987425,0.03156412211736087,-0.07219099408872494,-0.1331406520050544,-0.16056676632156133,0.17553009272437836,-0.13048517720370936,-0.1472665248067453,0.015424401766979907,-0.10913792018996181,-0.13502990501049317,0.09824571756267307,0.17582293718224695,-0.11685450150950118,-0.24394867202158382,-0.04814275433969672,-0.21079476951112705,-0.10957208119254226,-0.13304181434152712,-0.0722365562403008,-0.09091698384014797,-0.10324127318130255,-0.08250540951422287,-0.07335379241052271,0.02071498046902551,-0.0016134947158397265,0.3169823196726695,0.5041591873820643,1.0,0.5279526208830493,0.381169908900843,0.27036951281893523,,-0.24332908470811326,-0.1183154020117925,-0.08902777989681022,-0.030736208692181206,-0.06870268401700347,-0.025332476010461447,-0.037323673519399955,-0.009212306079746617,-0.0360380828062047,-0.049576299428717115,-0.05686518562346947,-0.06199124560936347,-0.03969270127327684,-0.04385178750952989,-0.0053895800937582205,-0.0164542622712735,-0.01923486874754458
LPC Overall Average 7,-0.18554991629064144,-0.1568307872937496,0.21980247185939597,0.5941602750033244,0.4002650241597704,0.18699381902297124,0.2081707338415335,0.2259147658430564,-0.12170893585109152,-0.01415566318862688,-0.1021333839379347,-0.19905942247857875,-0.008618674084106505,-0.08312928864661433,-0.15219820974866083,-0.07445171254047146,-0.15900904715248146,0.01632009722087518,-0.002469715831693422,0.185579960216576,0.06681788971918788,-0.13234825125607297,0.08715914524414659,0.06482849217247988,-0.1491988631374875,-0.1363538228512768,-0.054924829452250495,-0.023504391664553186,-0.0146713339040069,-0.002981499596571713,0.045424843967361996,-0.1344230576840809,0.017328698104119165,0.028623649246026832,0.015484381521877822,-0.02176557661162504,0.028905716992241808,0.06726047246762852,0.09222437565515916,0.06969371215549479,0.044641200506600025,0.048694818839618535,0.04819166802336787,0.0806067881147675,0.08756720697667901,-0.12076985001933546,-0.0833104347030857,0.07471063863506312,-0.05526487801344806,-0.05731877921182383,-0.10416669129384395,-0.06648115985194107,-0.04654628882147445,-0.029846565311850884,,-0.08442416634184938,-0.08244094022661107,-0.04515130367066331,-0.07362090384325776,-0.02020469048789959,-0.15373735646760167,-0.20190739260656088,-0.1035723046207261,0.11535208694975042,-0.04912164797054354,-0.06221978549288393,0.019334983604312787,-0.1717880602430273,-0.06355760390005293,0.07439923062152559,0.08975977707323599,-0.014897178125186226,-0.31110712358518156,0.04603594828578351,-0.11983796530369276,-0.13875610508902259,-0.038626478252994326,-0.10912113874837384,0.02132069499248711,-0.008498215823582707,0.011635659714744858,-0.17746794496073603,0.0791919393807517,-0.06178178955131,0.19109894808726513,0.28921564412697903,0.5279526208830493,1.0,0.5808136044986677,0.41450304197396637,,-0.1508303414380018,-0.15476863862974213,-0.12795724058048139,-0.036338631676233024,-0.10026926651196857,0.017313959957528397,0.005367792728632689,0.011324268149055615,0.000395840071413944,-0.0022685540770079797,-0.0010361148839749005,-0.02712685863704513,-0.044433828607311245,-0.04453675302164138,-0.04643529627191107,0.003610251439112912,0.016430324108367457
LPC Overall Average 8,-0.18506407681503018,0.051485995108916945,0.0791688554820386,0.5919502169111509,0.3238194047892632,0.1805396442228077,0.16728943871041352,0.06878715619472722,0.010343040435009429,-0.17825996874482997,-0.09714807437317446,-0.24327117878277532,0.08443942744217006,-0.20575467803219288,0.04672149797448267,0.04683418811805284,0.1800476193957487,-0.013100258231719224,0.00462913387062982,-0.025071780602953526,0.04494387829470826,-0.0016797812457085498,-0.02146531938389716,-0.026938970287730846,-0.04198444904794336,-0.014285940134049402,-0.08463825885202597,-0.06386427851356072,-0.07815899082605693,-0.06058209116430306,0.04844326891506548,-0.019216139201321307,0.019524088134774936,-0.026327181654543643,-0.024481791501561913,-0.052250925871299286,0.015053244414701855,0.03539308362147793,0.08693925229039978,0.10342958455473335,0.1327045181242664,0.1226850717127796,0.13905161149668196,0.14999433112115126,0.11649734193312186,-0.030240678251781488,-0.07857585346456994,-0.025277870366478033,-0.008518583476654117,0.029393762782042497,0.03442228743957845,0.07229881944726499,0.060305053729862994,0.11235290765255107,,-0.07965972529414062,-0.03803845559256661,-0.037899926027342885,-0.09730795717797286,-0.06747888108561748,0.038410380275914,0.0011460048649968154,-0.1273561370948283,0.1702365871992128,-0.10286849179073838,-0.09905822745680672,0.030682613620460316,0.0382539563696939,-0.01269304920478768,-0.08529261023663547,0.07735148041667858,-0.028310426476985454,-0.260172456752864,-0.0921758934500619,-0.0747051167436117,-0.27108429698276293,-0.10085278985895549,-0.16044031203935552,-0.00044398029779956405,-0.07702514863341399,-0.045563946069331764,-0.018010293809831695,0.017272831149495068,-0.1498738621118878,0.1570048117656803,0.1653151005578672,0.381169908900843,0.5808136044986677,1.0,0.6191455562387306,,-0.09303658671781694,0.031915638016811375,-1.8653167172681838e-05,0.01924448304733205,-0.02126786095301853,-0.06471169642108175,-0.10296523103848405,-0.055668573711789335,-0.08354833247626563,-0.10137691290517156,-0.10650223581825595,-0.12327716792266097,-0.09017484029272699,-0.06982685723694737,-0.0906166760658953,-0.05491343247642982,-0.0542042425111241
LPC Overall Average 9,-0.1965287134045811,-0.0421524104674566,0.022428968375845966,0.4833670318157191,0.31718209157811766,0.07557565356757735,0.15529506658817327,0.006683662379321085,0.07689967114379184,-0.11055779186284713,-0.04884558605470116,-0.246794023840232,0.2122664747008593,-0.23034595087828405,0.24940026922544983,0.1081216440280687,0.3635028763503692,0.055259789233739205,0.15985116198408986,-0.19919250983969136,-0.008281186971365264,0.09634012275046852,-0.07309442208145361,-0.08496671067657571,-0.12489379769181568,-0.09948076214375338,-0.07904053356431168,-0.05659089417690809,-0.05164506068093953,-0.0396929806363957,0.0008582754533679819,-0.11075855131323446,-0.0014712948999832758,-0.07052609809540061,-0.05112654744748718,-0.0889878074219141,-0.01204644695970997,0.020402481011918397,0.034135638400925025,0.0675717934809104,0.09731733675797642,0.07491580559941602,0.10099584695554928,0.132211665102157,0.107069713189539,-0.1098012581643328,-0.14794276699531222,-0.04919414009410774,-0.03674083947834857,0.002854880728444185,-0.040058672261645015,-0.01749447794217712,-0.02236362972803809,-0.0018694832535537,,-0.09881959012593308,-0.09872493009109812,-0.07970530663754274,-0.1319539964312435,-0.08482710669262077,-0.052618841062199585,-0.08657619005042905,-0.09298315453985274,0.17008248211977786,-0.061566434875175276,-0.06246934022606213,0.006156945921542398,-0.0523494411739554,-0.005885418819215962,-0.03839307925869743,0.03018200692659833,-0.014217352067549094,-0.22259901110165767,-0.253137188978232,-0.1244696348889723,-0.18501730907021122,-0.0917038455200934,-0.1416647531936151,-0.03190964037079737,-0.03714646668033707,-0.06644075050924286,-0.11617121020254367,0.08670504117307028,-0.1504035171898562,0.1137298041271366,0.13333998372934994,0.27036951281893523,0.41450304197396637,0.6191455562387306,1.0,,-0.0856871905231907,-0.04694110821915527,-0.06662398915591876,-0.013794757217637534,-0.07046054304005829,-0.04197741487121238,-0.09842301685505948,-0.049080648544004395,-0.09408366663032151,-0.11275938129480302,-0.10645452034435314,-0.10343859244605487,-0.07428137462915235,-0.09082239500394383,-0.1132430433401247,-0.08007521186253466,-0.045209478641687055
LPC Overall Average 10,,,,,,,,,,,,,,,,,,,,,,,,,,,,,,,,,,,,,,,,,,,,,,,,,,,,,,,,,,,,,,,,,,,,,,,,,,,,,,,,,,,,,,,,,,,,,,,,,,,,,,,,,,,,
Method of Moments Overall Average 1,0.6337527741494154,-0.008347117123064204,-0.38354333893930204,0.006905379795747672,0.35337091753861416,-0.013496557167641405,-0.20809060981168312,-0.16834919251110939,0.07892855462098697,0.016692480933276917,-0.017788207480936336,0.05658710796407947,0.039866669063547515,0.06274334359657596,-0.03653106455206871,-0.0597100964044253,0.04940031217409391,-0.23718814569217267,0.05141066294103922,0.132997165065011,-0.09787190073469738,-0.0510711353485189,-0.10873796261873729,0.12692765242780152,0.13553786299966677,0.26284391178219935,0.47624048361842813,-0.18662729017380283,0.3777287491291567,0.35406671298792786,-0.21944545824829825,0.2041334817281036,-0.19069366250210226,-0.2805424452588292,-0.2654926481629693,-0.310427448871617,-0.32579675083382637,-0.3657522510648525,-0.3865377109210711,-0.4279505344297067,-0.39237277872130155,-0.3982877678176525,-0.4151308057300984,-0.40151361998831425,-0.39225527108525926,0.04142544746456546,0.14495320384535682,-0.2294597042826431,-0.1340884034959295,-0.06791085062214602,-0.08820805431382825,-0.0523507027206412,-0.05316535651795712,-0.06296274914927585,,0.6807606042256275,0.17395879901869832,0.18151636269754143,0.11126147997997216,0.09548286538259254,0.09219324815534449,0.20359176626819203,0.6838920456843223,-0.1944968642051921,0.7942886852634893,0.8448799545967492,-0.24453943445658288,0.26148014278593934,0.674062030216724,-0.43315713757676944,0.2770126895761585,0.2469625256534584,0.289613223291514,0.28535187553405134,0.259713185620877,0.13333597838470493,0.19297733987345242,0.09628758700914701,0.11048335694510683,0.12666374366204625,0.11548307144370497,0.13880573720672235,-0.489730244260037,-0.32402883694766277,-0.2827510752631706,-0.3706496508935161,-0.24332908470811326,-0.1508303414380018,-0.09303658671781694,-0.0856871905231907,,1.0,0.45947993697451156,0.53374928458214,0.4437506466624039,0.4593417807308665,0.28185177021127705,0.33609067081727806,0.36727478019029414,0.3465506049012664,0.3305314461606376,0.30873206156977523,0.29568053470970024,0.276308702152964,0.31435133656987146,0.3085068820870631,0.3091379173942754,0.3028436942790973
Method of Moments Overall Average 2,0.4855008294091019,0.709859419416695,-0.35297963532698173,0.24362663137287038,-0.06948774716868059,0.0021686737235434937,-0.12272953608765318,0.04740686105648545,-0.02998876468267751,-0.07991913583206356,0.026072916553340042,-0.07359146813752708,0.01633806825958737,0.04358553477243315,-0.02170887985252253,-0.030845838468100913,0.008759823646451188,-0.024919044947791128,0.09288339393837454,0.04189645068579831,-0.05237224284231685,0.035633915174490396,0.003925031009268722,0.06980463749259232,0.6982111528412835,0.7694042399926527,0.23205593223947818,-0.00962269651268291,0.1487300019191914,0.16505679048965025,-0.06937297900639272,0.7350516815527787,0.02302769559924396,-0.2147873259958032,-0.08883065882072877,-0.15535423696034886,-0.11877314723291969,-0.1382992411717027,-0.16359708792132782,-0.1566485332245063,-0.16814207506099216,-0.16200815054726694,-0.1503081610578943,-0.17977183310410044,-0.20918915442445998,0.6079948895177535,0.27851462763648516,-0.23802915337655514,0.07605596467708833,0.20363291090112767,0.24118339826915067,0.26974039621817414,0.29488501845540815,0.32654440825591174,,0.528372398330796,0.5552559543994842,0.32467574544445443,0.32789057676116296,0.10299093654465356,0.7788395632533099,0.8333097496921545,0.2588769248014352,-0.23879518628381885,0.05202951815092641,0.11914905916130678,0.08890008739515702,0.8854144855514295,0.28494616578943566,-0.8274689938107403,0.22513547421543054,-0.08178185355752839,0.2674196845793382,0.09402082236073896,0.2240021248128846,-0.055543181997096965,0.09976280559257394,0.09863279437496629,0.03611136853630072,-0.0973688311039441,0.09644264920532455,0.7984697997019404,-0.6976304875949707,-0.3990535657399187,-0.2080983801494787,-0.2809170280147567,-0.1183154020117925,-0.15476863862974213,0.031915638016811375,-0.04694110821915527,,0.45947993697451156,1.0,0.8899345104116094,0.5406716165031006,0.7334581011360092,-0.019598139249691848,0.029939432699701653,0.034467467337356596,0.018096199890820525,0.019511338748451363,0.012078184355546692,0.03152451977702353,0.042973637123354294,0.06806098066345669,0.08182433663256762,0.042710879177362396,0.01576344524393278
Method of Moments Overall Average 3,0.6784463866830185,0.44870796083362285,-0.16473889763353275,0.30471184222513803,-0.11967149261639612,-0.005103253892751346,-0.26428892822637345,0.0025275777754943905,0.012542768407131035,-0.14215464709682168,0.08404835030423677,-0.12122638532138671,0.08109747289244852,0.05577041291472604,0.0052557576245184645,-0.13990198890145444,-0.017718899375142202,-0.03771339758328852,0.09789640657433592,0.0493301671942792,-0.09453708610370871,0.03416362643177703,0.029695025108438643,-0.0062098338973359864,0.5696428515578874,0.7158159278325741,0.3545516315372804,-0.037390445284279934,0.26817966555457096,0.26961872409463344,-0.12301864450458165,0.6491959741176404,-0.03642922590824489,-0.1866082375004278,-0.11300764222287127,-0.20110083041964988,-0.18214125244471338,-0.21555869304561714,-0.26363976856244586,-0.2791551633542542,-0.2813233337456618,-0.29264411542733004,-0.29097343049244184,-0.303696046039475,-0.3217934648130142,0.48242864330549523,0.4702525249732126,-0.2915070201887211,-0.04997207619841718,0.11378020745027681,0.16416223539894545,0.180526165384408,0.20257469082709753,0.2157617995379801,,0.601820120052303,0.6230544419897043,0.5358407181392199,0.5083407385311154,0.3337936963942854,0.4427979428006883,0.5304891269913763,0.38251079688622613,-0.32304558546918477,0.22432862565891026,0.28021981656826095,0.04242218934376117,0.6037685032326441,0.3200612953302853,-0.6789884822429364,0.4758341492622564,0.05710453391390741,0.44210259699328547,0.15628947705045076,0.34933849443523735,0.007456649273039423,0.18239798488347778,0.13419957659622492,0.11248698057501814,-0.06968032187505385,0.13143569813190029,0.5433298646586465,-0.9096824150592905,-0.21385486743209536,-0.20134712149088033,-0.1794379076550754,-0.08902777989681022,-0.12795724058048139,-1.8653167172681838e-05,-0.06662398915591876,,0.53374928458214,0.8899345104116094,1.0,0.8176099391861845,0.9478662019684995,0.2159727428001164,0.26692482640163545,0.2695619009065616,0.2834774942748112,0.28885424956768174,0.270079412421569,0.28653856278981804,0.28306367244773456,0.31232732697803506,0.2933763167125601,0.2637875838827132,0.24364487990806577
Method of Moments Overall Average 4,0.5463883855112796,0.09111638763491443,-0.003098696193466692,0.3251680794354612,-0.11880998864067305,0.03793348508423022,-0.4326840314029314,-0.07364567690330408,0.08605454471784868,-0.20657023299168006,0.14854773346826544,-0.11397353569652943,0.244424741915137,0.034515569125697684,-0.012005405735706659,-0.3320161741429597,-0.03118642378077435,-0.05227951286578981,0.14824059252579488,0.06643940115644925,-0.0008382568328076749,0.04840512339818025,0.023471835474903523,-0.009055384386476656,0.16462515814558287,0.31881059398519757,0.276307879396209,-0.11053246795096815,0.21083900519090437,0.2051342210760327,-0.11231494624898629,0.2710962354876095,-0.09007117774372024,-0.21630193091351838,-0.15960041957963314,-0.24964414198068233,-0.21294708294479558,-0.23546462625424913,-0.24705057548527476,-0.28287282618527065,-0.24238067258253482,-0.24522266896448494,-0.2542746903998005,-0.24686771550411,-0.2530473088269612,0.08986637792539341,0.4875190247346327,-0.33403787275673386,-0.210845497378434,-0.0027348041739132206,0.09600631259795087,0.1381396644464233,0.15090685612990676,0.16772985011603633,,0.4291128041159542,0.40009944714978046,0.5406722731090569,0.4303357458797887,0.4390361235490404,-0.002398662673047142,0.05609274309078339,0.31067237016380644,-0.1807018257575313,0.26922582709734716,0.3011739324866974,-0.0008252809933632046,0.1677253026212817,0.3367829278003001,-0.44999708082443823,0.49232298264715574,0.0768999656003793,0.4075691646907155,0.1264983736808626,0.3235964007527684,0.016800830303856016,0.17885971525239197,0.08922051482784484,0.13030205113812932,-0.03557962064312477,0.113484891562726,0.07204003368256305,-0.7509638534869537,0.022313902097088802,-0.04265469052629142,-0.019933126006644326,-0.030736208692181206,-0.036338631676233024,0.01924448304733205,-0.013794757217637534,,0.4437506466624039,0.5406716165031006,0.8176099391861845,1.0,0.9276364065252164,0.26414103429391295,0.28248965755057387,0.28611199421835376,0.30625870685613765,0.31424449144399164,0.28430873533279616,0.28406608757466206,0.2735774240839194,0.3076784277332311,0.28953930903510644,0.2858108891907419,0.2890388448823215
Method of Moments Overall Average 5,0.6677065639234149,0.29576210331203645,-0.011506595616919808,0.30172242081235034,-0.1638275786814534,-0.0511132564166608,-0.35655290618080143,-0.014182566089764866,0.03158627346336348,-0.17895899475564367,0.1266792309780426,-0.17442281348348684,0.12415587381198001,0.055970280998503916,0.01281650191615081,-0.21971032711261204,-0.02257965596621016,-0.05264183947650867,0.09874237473437396,0.06986655839394462,-0.03255277421966953,0.029796886065384644,0.04239390801984205,-0.031247826923044435,0.44986225556219717,0.5883523936535201,0.3621375594972831,-0.037034344456358725,0.2988736369734064,0.2944229714154978,-0.1328534432232503,0.5375900005769252,-0.0610833191312582,-0.14281839179907568,-0.0861189674960987,-0.18390694536836705,-0.17059762920703814,-0.20581114194158603,-0.2525721986141067,-0.27485763605130364,-0.26933811306002553,-0.2844590768179424,-0.2888043610295187,-0.28780225466639453,-0.3046409713137484,0.37721923681325126,0.5476234310051622,-0.29246966815067676,-0.12111073234077566,0.05284353278422208,0.13027803865788923,0.14420374363999935,0.16962935266644757,0.17314933473145885,,0.5425541757497098,0.6019541835778132,0.6122546532886926,0.5886389152060484,0.4606034629723416,0.24669231784167864,0.316233593033834,0.3782839243587542,-0.31333430755031816,0.25482914935695544,0.2946850222702838,0.023364225113978142,0.3969737988148432,0.2775933747657693,-0.5320427242158506,0.5251635816845545,0.07833029857740467,0.47058879011160093,0.12902530508708251,0.3635355341044048,0.016895501955953886,0.19882073219009883,0.13759847827961913,0.12769766724653414,-0.057714715520714194,0.12907337238861719,0.36826412022146937,-0.8962125811513618,-0.0024029497409564,-0.1645887742808832,-0.07041302102737948,-0.06870268401700347,-0.10026926651196857,-0.02126786095301853,-0.07046054304005829,,0.4593417807308665,0.7334581011360092,0.9478662019684995,0.9276364065252164,1.0,0.26735143945641726,0.3077520986101455,0.30586145796881115,0.3371016331200797,0.346679260845948,0.330143633645561,0.3430792704288181,0.32808693069075423,0.35479705598271155,0.3258153768028708,0.3027235639082861,0.2886327479776244
Chroma feature 0,0.5849060240858316,-0.401079870527385,0.09683225283946938,0.0978500055372137,-0.10844443518900335,0.13625500798254406,0.10996414284421574,-0.20623505239437886,-0.2142281092777364,0.11685038371714784,0.014219745085406084,-0.08665081807315816,-0.023929329598485993,-0.04154958878053496,0.04280435390391284,0.00553746207382799,0.01415391893694405,0.01647296309719989,0.014574797322573184,-0.015245630278472536,-0.12419766285340342,-0.03674612568335642,0.028644331379629785,-0.07568197120317818,0.006749039389296178,0.09281552030650285,0.29357214808393045,-0.047132110783964155,0.22108757134882798,0.1929007821042084,-0.12648553017752504,0.0664645990452379,-0.1083351914554927,0.07829875125242873,-0.05068879323144862,-0.11940113836978472,-0.20758436223505897,-0.3143501115435542,-0.43138425085402593,-0.4732334436598432,-0.485271057557634,-0.5507015164142305,-0.5276870835816226,-0.5208482435883891,-0.5382086420010315,-0.010901867910130451,0.30174673697421356,-0.030492151612792524,-0.09675974947569214,-0.12001114397218221,-0.20142715223122615,-0.24530782069588397,-0.26435376386765,-0.29627169172322626,,0.27490554539821366,0.2336513754223696,0.3319892234155545,0.3106924121359998,0.33625527449671105,-0.34348380594113825,-0.2562423672266768,0.29662858551702437,-0.3142522807114017,0.3490734403299356,0.3511623919904857,-0.07977086097159762,-0.24123914533760782,0.17974662423695217,0.0775756215726108,0.4729561669457024,0.500456478816738,0.4329947925544383,0.339543776329975,0.2723049560758141,0.1982900224968843,0.2804613826944171,0.05339834724378723,-0.09581044019128013,-0.008227093136880725,0.12197412412034886,-0.16051926127812682,-0.42230265372472614,0.00450006086965432,-0.14228276534883327,-0.06202050215023254,-0.025332476010461447,0.017313959957528397,-0.06471169642108175,-0.04197741487121238,,0.28185177021127705,-0.019598139249691848,0.2159727428001164,0.26414103429391295,0.26735143945641726,1.0,0.8528600148194296,0.6469260584736989,0.6213924458230405,0.5735885752862889,0.5441762494607003,0.5413039441935602,0.5304221168788837,0.5209454111611154,0.4809952907480351,0.6805268100830688,0.880117103879266
Chroma feature 1,0.686017402679561,-0.36753601755610305,0.12127259561899176,0.040197818806316336,-0.015527451025560595,0.17294080067639794,0.1195036084429613,-0.1230443429070001,-0.2277089831640802,0.017703254653610657,0.12703824982207976,-0.006937524479531452,-0.037877985002898365,-0.013311030192167188,0.06275391109595317,0.03972447213567291,-0.043810438390574406,0.019825966423950462,-0.011449113361471606,-0.01980904093688052,-0.15033806406784583,0.007351423540743526,0.018658633326796348,-0.03155126794347932,0.06438944351889359,0.15306557409380137,0.39524803729133207,-0.002555909227532904,0.317244027273652,0.289475490196895,-0.12952866698422774,0.13142281319112017,-0.10904291525244898,0.10516862128125523,-0.01370515393715705,-0.10026298002215743,-0.18802470597928914,-0.3019539844778913,-0.3963515605977919,-0.46634964240766824,-0.49111022476665667,-0.556198885229611,-0.5318570299061727,-0.5775699771538843,-0.5538134771888162,0.03593060944272368,0.3411114675156341,-0.034009885592687875,-0.09625743991787362,-0.08948168668259052,-0.1790509808548238,-0.224639098413238,-0.222527557562113,-0.26997971327147424,,0.36678417338984864,0.2979353470685445,0.3914381611232443,0.384428735654922,0.40037321083606403,-0.31216642574970865,-0.21202443940776644,0.3892412188835264,-0.3638663594464662,0.4180054451970697,0.42113900644819935,-0.0741499112274999,-0.2044473389334363,0.1898405999798344,0.014402632752430639,0.52596907312795,0.5588027981266336,0.49788936843695386,0.42348450251464953,0.35032249208352545,0.25495209135701463,0.25178038944095316,0.005757201327248521,-0.02641023645057744,0.15202490280817665,0.2473065569553268,-0.10236769652874182,-0.49834328659271043,-0.05806929262676387,-0.1857213498787196,-0.10809530335479728,-0.037323673519399955,0.005367792728632689,-0.10296523103848405,-0.09842301685505948,,0.33609067081727806,0.029939432699701653,0.26692482640163545,0.28248965755057387,0.3077520986101455,0.8528600148194296,1.0,0.867420651329198,0.8046841092943373,0.7158582268333292,0.6603369541538026,0.6487000700093988,0.5642002547956831,0.5851783573731865,0.534437575747426,0.6231723478321849,0.7305171615531585
Chroma feature 2,0.688129224310445,-0.34825946512906525,0.1411345764619645,0.05694213499353805,0.06159170842317829,0.12307161056318726,0.137691017959498,-0.06405996521211757,-0.09353837058772144,-0.06169267942219946,0.18328877076462707,0.053452648792243186,-0.013908260681060448,-0.023989420209803984,0.07186538156453193,0.07826543744368927,-0.08623871583285556,0.042104279358087464,0.05221751031830106,-0.0178367116482603,-0.13344885028989234,0.03121192218895875,-0.019056018965652934,-0.046342936741769834,0.07643743529813701,0.16945963624457014,0.4316400989444441,0.015359081331737115,0.3645952501334141,0.342670697219879,-0.12012595039873541,0.14663432044608413,-0.09906597425978879,0.1279462065832783,-0.007472027055020631,-0.11895253305340524,-0.16353076991361531,-0.27676369720705113,-0.3722215698586183,-0.4460161795627904,-0.4741684115021326,-0.5452226159888386,-0.5318773346336286,-0.5713873921915671,-0.5440074352434482,0.04867514931668261,0.35217279682731584,-0.06478291879003228,-0.1116515332865062,-0.0869777884367111,-0.15654390101125873,-0.2061560253940108,-0.21003299154252628,-0.25270259343914947,,0.40361199969756806,0.3204260445244354,0.4175432577501258,0.40755468738493367,0.42823238008354314,-0.3132741926287515,-0.20388861019089308,0.4211021152934925,-0.33422053654922035,0.4486586652233472,0.4536441591680692,-0.06026896109697872,-0.20281906305482922,0.1910991171727292,-0.002378274961042105,0.5260859945656496,0.5467811505386827,0.485074224358561,0.37289242184155247,0.3001782158911618,0.23436661490509353,0.1669215362996659,-0.005432604623057272,0.12583021992197832,0.23117983455803512,0.25611545584764905,-0.10952873814091418,-0.5027175996606844,-0.07389108836940739,-0.1564404571622268,-0.1269981374339796,-0.009212306079746617,0.011324268149055615,-0.055668573711789335,-0.049080648544004395,,0.36727478019029414,0.034467467337356596,0.2695619009065616,0.28611199421835376,0.30586145796881115,0.6469260584736989,0.867420651329198,1.0,0.9189634597569607,0.7649291390419358,0.6777313257723937,0.6463407974990796,0.592973961772687,0.5961300472349488,0.5358287329613156,0.5567009770532614,0.5957458938458624
Chroma feature 3,0.737145937982988,-0.37490495503690235,0.20590881797000704,0.024092022635070053,0.024650836254644724,0.0946931873304751,0.1271933269852484,-0.00869683480297875,-0.051657652453851205,-0.143058002312373,0.16558337562932027,0.03615368587800113,-0.03135100544008092,-0.00021670083440054506,0.05138496432075507,0.09556848874185553,-0.06243143704643417,0.03905702435445484,-0.023222494465653262,-0.008137413499010695,-0.12268971715569596,0.03287058188455995,-0.026657996903183302,-0.05442187471357389,0.09762926895311898,0.18602204156585647,0.4587400172307218,0.05654006726395555,0.4001527496869544,0.3744457656192,-0.12734831155420165,0.16549063423393112,-0.08062900654860197,0.16670923420684458,0.020634017626924277,-0.09823331341070099,-0.1747114016238976,-0.26832713641718237,-0.35854930434988574,-0.4317352411486216,-0.46944191675845265,-0.5341663228954957,-0.5646625881066059,-0.5577869959020003,-0.5450734740707135,0.07940559711202325,0.40202003888730226,-0.06975676655118188,-0.13521358096536873,-0.11612773455325934,-0.17752639347297267,-0.2344245623209317,-0.24003114751448135,-0.294702320783031,,0.41383377002173605,0.3653721150736333,0.46741199986912085,0.4647435430639579,0.47839560307986606,-0.34095851809148725,-0.23217951189641714,0.4491694030157284,-0.3986119731338697,0.45881552733481634,0.45989278106835485,-0.07202311953272396,-0.23549462028606966,0.1484392239880382,0.052189524898535365,0.5779476459297779,0.5961691168525364,0.5410204367067374,0.3887390960087643,0.3755420852441032,0.22025003479619765,0.1634472779143784,0.05564695813263626,0.1908887726843944,0.2781865413274776,0.26773207773459257,-0.10865986249041998,-0.5482569860961448,0.005935932898130586,-0.17437740386516531,-0.11586172548837433,-0.0360380828062047,0.000395840071413944,-0.08354833247626563,-0.09408366663032151,,0.3465506049012664,0.018096199890820525,0.2834774942748112,0.30625870685613765,0.3371016331200797,0.6213924458230405,0.8046841092943373,0.9189634597569607,1.0,0.9131622145255318,0.8207190700698604,0.7627562493790555,0.6618341364056792,0.6791477710276291,0.5838639097398026,0.5979705318330923,0.6049227824662066
Chroma feature 4,0.7405954580371633,-0.38461454750677493,0.1983126530873777,0.004015524556356534,0.014212783627988598,0.0697760919414675,0.12051301428337739,0.09438145835179822,0.007928763513990123,-0.15407130058491778,0.16990405726541766,0.03196081443351002,-0.05897801217958525,0.028962969276525793,-0.007589842817737978,0.0674049573592171,-0.019272951148508726,0.04457832628139741,-0.04015887196787236,-0.013037354822966349,-0.13204844064148027,0.04809842710555309,-0.028925511252840243,-0.0762764446063689,0.09873564622556692,0.18756300681070373,0.4510552140091497,0.051919578581595245,0.39862096423513105,0.36963302909909546,-0.13879475835924387,0.16606588653531137,-0.0792779060879135,0.16764534818474916,0.006428868499915772,-0.08928011173801229,-0.19524906346335452,-0.2535653928922588,-0.35408330205807664,-0.4431127261768926,-0.4936079194820634,-0.5480971470519609,-0.6026084751345475,-0.5511673096939032,-0.5427938793533602,0.0821109823539766,0.40277864162441335,-0.06431224953815479,-0.1412555976970667,-0.13586862629757795,-0.2056167806887645,-0.2644127379692685,-0.2728607231286487,-0.32851508522560346,,0.404639492225798,0.36942376367003454,0.46538638977307567,0.45529607679372536,0.4653695665594201,-0.34126410804001,-0.23381150714363053,0.449822612682518,-0.4239727404852407,0.4473078319896922,0.4455941842917452,-0.09000175195228521,-0.2356246180718494,0.14339938058390314,0.05725266755159467,0.552157450148861,0.5605442959142511,0.5269976142454456,0.39584806242316123,0.4101557255380425,0.2323849112853682,0.15614239750240833,0.13902222552058766,0.26814138673242177,0.3417179721367285,0.2780521421020677,-0.10809920076177407,-0.5561070334396775,0.021560789750438496,-0.1923432041361162,-0.09613080616518492,-0.049576299428717115,-0.0022685540770079797,-0.10137691290517156,-0.11275938129480302,,0.3305314461606376,0.019511338748451363,0.28885424956768174,0.31424449144399164,0.346679260845948,0.5735885752862889,0.7158582268333292,0.7649291390419358,0.9131622145255318,1.0,0.9390815297663139,0.8422137820705098,0.6950215321199712,0.6984174671861654,0.5957435156030727,0.5686139619357136,0.559669081259496
Chroma feature 5,0.7218612705339309,-0.38102760402033076,0.1992546411190363,-0.002794232485083284,0.007879590442789705,0.017373164797526094,0.1462247855223983,0.13948363239035494,0.0647987335161798,-0.1457339625757142,0.14540102599821528,-0.004575316292575518,-0.061054778312845503,0.06035672100537085,-0.03395573492108182,0.09085326445606712,0.011227573539721316,0.021897471395328806,-0.058675013082892497,-0.003024245094334292,-0.15337015145299512,0.06823738659371016,-0.017386290160022747,-0.05636052132426604,0.10737906498233235,0.18579805011210282,0.43822926621003344,0.06627379271059075,0.3892242710961685,0.3576994493790098,-0.1467620652804541,0.16745201915932864,-0.06334183737701413,0.1731900056122237,0.02358345171732733,-0.05698690186725966,-0.18581762400057203,-0.23244933858474073,-0.34068775408148094,-0.43206741375567664,-0.4951353994311068,-0.5690913120616093,-0.5837550366591754,-0.542946760797798,-0.5300025472583071,0.09921584803979638,0.38961369573302357,-0.055904698260332696,-0.1518605399963441,-0.1520622030952898,-0.2327381131406016,-0.29586128777124476,-0.30072607704263044,-0.35069997952557497,,0.38871845601270544,0.36337232216160076,0.4465831057776998,0.44842680849442595,0.4455450155009434,-0.3222479537727986,-0.2245909427999401,0.4512779578787588,-0.4484332426803169,0.43746939475498575,0.43335187014477267,-0.10063828295020502,-0.23122029256685114,0.10483643207435586,0.06388253016997827,0.5346364829442919,0.5507182782159231,0.48373636628040595,0.3552684779538969,0.38352335814481725,0.20213390084468524,0.16630094915235644,0.19721413767918797,0.3095213977893139,0.36283250269335704,0.24802001769767568,-0.08372907888820434,-0.5406575759768496,0.04997381240045801,-0.21229889947717998,-0.08419582844950978,-0.05686518562346947,-0.0010361148839749005,-0.10650223581825595,-0.10645452034435314,,0.30873206156977523,0.012078184355546692,0.270079412421569,0.28430873533279616,0.330143633645561,0.5441762494607003,0.6603369541538026,0.6777313257723937,0.8207190700698604,0.9390815297663139,1.0,0.9263943205343319,0.7645642824359481,0.721218766635334,0.5803498591285755,0.5433684442974929,0.5015679069800072
Chroma feature 6,0.7292842274683977,-0.35941238941507203,0.19859991985319944,0.005817838989202723,-0.04629906750860107,-0.0023536102196459563,0.14751243635841207,0.1258469884280752,0.12304472174006258,-0.09163092666882035,0.0754835332566481,-0.03363087996646392,-0.05668138371695757,0.05946451378131251,0.029565381162056065,0.0965561277853006,0.026126974555844763,0.021090135016153394,-0.06314276868299624,-0.0008544448785724118,-0.1352619911952584,0.0993114523271441,0.02751887191045823,-0.03497761261795653,0.12443989983158396,0.2071093615083557,0.4396011895140676,0.0778955938091524,0.38555625127952,0.3550547218718484,-0.1257706442248907,0.18398836324194567,-0.039958489406524224,0.17403472478698848,0.034674696784898255,-0.05896531214485119,-0.19971611099070527,-0.23148851633484904,-0.36759579033031226,-0.43947853209355425,-0.49332466252428236,-0.5917432321586517,-0.5364076377412841,-0.563125561752501,-0.5422411090790189,0.1184929055652279,0.4033619434167063,-0.051275214406767265,-0.1466726332800435,-0.13831243230091425,-0.20964072546463594,-0.27707266669514297,-0.28035161025739413,-0.33339130292112634,,0.3864306092659714,0.37840252934515967,0.45880679355596654,0.46128207519436426,0.45561604657698335,-0.29835806270224896,-0.19902621673277313,0.4419428678797233,-0.4754662442658973,0.4193951406577916,0.4159433036812424,-0.08295975029636916,-0.21108116106751076,0.07491939621642527,0.05850113688178867,0.5461946986964419,0.5677517939555304,0.48754781059684715,0.29303193319528387,0.38570321770790333,0.21245650461341947,0.18896047926737045,0.2522553508328517,0.3158875078359495,0.29413572297590646,0.15873301321244054,-0.053754049990393966,-0.5584497789226838,0.050316651363547994,-0.2318497712812222,-0.08154092676620585,-0.06199124560936347,-0.02712685863704513,-0.12327716792266097,-0.10343859244605487,,0.29568053470970024,0.03152451977702353,0.28653856278981804,0.28406608757466206,0.3430792704288181,0.5413039441935602,0.6487000700093988,0.6463407974990796,0.7627562493790555,0.8422137820705098,0.9263943205343319,1.0,0.8959519476619875,0.8009333650706421,0.6052924431157864,0.5631591348915587,0.5245673885157691
Chroma feature 7,0.6793745203150837,-0.32367810006165115,0.17144654631872855,0.05970971166170501,-0.10806123432473157,-0.014879549995311497,0.1525851828487767,0.07116078132159025,0.21694090268754654,0.0042365950093701706,-0.0010919383457432875,-0.032294582281135895,-0.05944442468788593,0.002467485969580236,0.06530108306909117,0.06468282021691765,0.0012270552422442818,0.0301680056274672,-0.0327449350064074,-0.023498263573796106,-0.13230615563404893,0.10311740114825686,0.05011323238379383,-0.04609390667323822,0.12185059412613386,0.21331837221570762,0.4021834469223066,0.0689477530707413,0.31859953996791013,0.2886739528473416,-0.09946696425186037,0.17945949797532074,-0.04167156693041671,0.1704369064380766,0.010721421948488671,-0.08485559062060247,-0.2094029330265485,-0.22751053981626004,-0.4036304425659225,-0.46187714012490744,-0.49949115475166805,-0.5840418344864948,-0.49516566592121763,-0.5599221441762153,-0.5310574948032523,0.11549258913041067,0.4010317990159565,-0.04751162116876689,-0.09674696440035242,-0.09707647616524348,-0.1580403785563837,-0.2336338471861808,-0.2513585208494053,-0.29728144819026675,,0.3426443372275484,0.3706515360206748,0.45335538256425195,0.43707813134395884,0.4436322036465168,-0.276160247488752,-0.17596496836910497,0.39467825722957095,-0.42962133619849885,0.35972574826931647,0.3604786194320783,-0.05291675953797972,-0.18505865201869373,0.07561459022310685,0.05525141965195295,0.5268604150105334,0.5096615848546401,0.43309595090751557,0.2146604099554766,0.3256636705510024,0.1964156930538037,0.17364936719804716,0.28001790499763946,0.324045571524244,0.1594905669846207,0.02482677383787915,-0.051721458996066234,-0.5343626287500747,0.018681739961940943,-0.19053780020605673,-0.08620651554412428,-0.03969270127327684,-0.044433828607311245,-0.09017484029272699,-0.07428137462915235,,0.276308702152964,0.042973637123354294,0.28306367244773456,0.2735774240839194,0.32808693069075423,0.5304221168788837,0.5642002547956831,0.592973961772687,0.6618341364056792,0.6950215321199712,0.7645642824359481,0.8959519476619875,1.0,0.8791917008970033,0.6309293685698101,0.5781729861312429,0.5230044707075947
Chroma feature 8,0.704584570500827,-0.33178085469512875,0.13802424803597763,0.126243969079286,-0.1862703009229822,0.028970940298301422,0.12172198380385804,-0.02999921122079638,0.19334035792797205,0.07210616496489654,-0.13149785736124123,-0.05018881246328396,-0.056125997930452885,-0.013511143028722927,0.020667540598655793,0.06544599202447825,-0.0340243182133005,-0.04526867924457475,-0.06883568149471703,-0.06275798605822722,-0.13184870370871044,0.11594390135854846,0.05891038492158806,-0.033711867489580646,0.12164184392483664,0.21399547513435996,0.3803545932547101,0.04891846637962861,0.27640752485696485,0.24768000110891125,-0.11380318739126163,0.18795250682078368,-0.04933964563529247,0.1285394388152348,-0.056458504774538586,-0.12477141566955925,-0.23838884554936063,-0.29866847585124207,-0.444309928367097,-0.5126455900903193,-0.5373262112589751,-0.588559364577712,-0.574433863817179,-0.6039482208756584,-0.5372130391214378,0.11476778728920148,0.4130741495994086,-0.08282972949076087,-0.12546086193109898,-0.09788402436329573,-0.15574783708760237,-0.2253922946635324,-0.2483010071217152,-0.2930993375658166,,0.348367312393345,0.37174953726730003,0.46057288612172836,0.4376388787095259,0.4490465528576416,-0.26804535434090604,-0.16364854385509325,0.3778916348614335,-0.3891651616797867,0.36435147734311346,0.36887625228863125,-0.04990861289399001,-0.1639462976866716,0.12079035786509902,0.041236994386333554,0.603563666583359,0.5193735792627274,0.4482629403113686,0.26830485973467405,0.3384622146936664,0.16667702768063036,0.25014569697495737,0.3044994172040103,0.23832362272135527,0.03987388887145125,-0.10389121579930509,-0.0377320736923171,-0.5525916599751423,0.0037569965569278522,-0.160473811057206,-0.09756988283758439,-0.04385178750952989,-0.04453675302164138,-0.06982685723694737,-0.09082239500394383,,0.31435133656987146,0.06806098066345669,0.31232732697803506,0.3076784277332311,0.35479705598271155,0.5209454111611154,0.5851783573731865,0.5961300472349488,0.6791477710276291,0.6984174671861654,0.721218766635334,0.8009333650706421,0.8791917008970033,1.0,0.8673095435316136,0.7575004181396156,0.6035068409525262
Chroma feature 9,0.6307897435864214,-0.2943082798647861,0.09654014394948762,0.15912246145472575,-0.23597359312968605,0.06287363319765839,0.055111851976158775,-0.1037251457012599,0.15640816374668864,0.18154713983920914,-0.23800350213519517,-0.05274593618876953,-0.07612862223618612,0.007832096131142805,-0.056278489423712226,0.03085589760576654,-0.0796856632979517,-0.06423615627613195,-0.04945223168329609,-0.07771488270660248,-0.11525912807780009,0.1352965362788198,0.0206307039543394,-0.021506368053915897,0.09512249494946633,0.17750154136055785,0.3110513744524534,-0.0019272443573955238,0.20931392072943664,0.1837624007002525,-0.11316066538018944,0.165157096962355,-0.07064561739500176,0.08420679953289675,-0.10538149482899736,-0.13191413923590797,-0.224919024070063,-0.30338761000260367,-0.42245090265094887,-0.47105598070470456,-0.5039568835166846,-0.5241328795278983,-0.5748472740888804,-0.5667412253283031,-0.47690678255517793,0.08533466551793975,0.38131219517440734,-0.09310091422488366,-0.12355034078249992,-0.09754911414246675,-0.1396149042299836,-0.18805357006515583,-0.2044088765174894,-0.2369484233536738,,0.31993776198535184,0.3216520831198873,0.4133925974273151,0.38009876214153177,0.4013858346629388,-0.22093826397647934,-0.13001237145504205,0.30952689379333814,-0.29861733135019203,0.32878588700844213,0.33390954005335005,-0.03815842728811526,-0.12029772527626736,0.16702952471780436,0.024527101959139725,0.5729650517187271,0.42418363797182407,0.40518698253305435,0.2990982230465477,0.281525606312587,0.15136412380605757,0.28638823324571205,0.35015469577886316,0.1458692404049314,-0.08997027595657234,-0.2059485801090361,-0.015385448734849079,-0.49040830347784997,-0.008611823716297023,-0.10506022573194744,-0.076978306476742,-0.0053895800937582205,-0.04643529627191107,-0.0906166760658953,-0.1132430433401247,,0.3085068820870631,0.08182433663256762,0.2933763167125601,0.28953930903510644,0.3258153768028708,0.4809952907480351,0.534437575747426,0.5358287329613156,0.5838639097398026,0.5957435156030727,0.5803498591285755,0.6052924431157864,0.6309293685698101,0.8673095435316136,1.0,0.8580219159433828,0.6242208249333823
Chroma feature 10,0.6190249601715044,-0.35673939982446384,0.0895904077360797,0.15955631649136537,-0.22273015892484005,0.1311093865456951,0.05478229494792019,-0.16989193418835663,0.02412136656797627,0.23457266630477314,-0.24097493727183178,-0.13957394692591146,-0.06261622740476908,-0.06345684036997089,-0.05236405652986437,0.026182864786125404,-0.01847114298956703,-0.07546925799585852,-0.024664666524059537,-0.0556368009732901,-0.10365204072289505,0.05760505491963615,0.04712711945094531,-0.029378978201987448,0.0418300024028433,0.1288507638030436,0.2814237636944954,-0.06421761713472399,0.19583368316121957,0.17134363316516563,-0.11063861068052389,0.11307571060715775,-0.11702520563187828,0.0875751313882205,-0.0809473529557651,-0.1321630894038049,-0.224215451456952,-0.3298376043620015,-0.4481870842753163,-0.4961997390163873,-0.5061861319457863,-0.5583265763607906,-0.5875074170850723,-0.552364568516053,-0.4866679005330369,0.023578093578551864,0.35309047056098397,-0.06119911065111866,-0.12311909394781097,-0.11030497401141424,-0.17167104371615613,-0.2220426995779438,-0.24745051057647025,-0.2661222043304412,,0.31484537423790615,0.2743612330304758,0.38105136884895485,0.3451114058356926,0.3757639891331188,-0.276434590623116,-0.18588310501920877,0.2815209648323885,-0.2856773674326218,0.337732357329204,0.3424469025044217,-0.07648818716247714,-0.1708649081117647,0.21273493787284325,0.04543036419383955,0.5383026285186869,0.4747193769859717,0.40806907996179004,0.3181682261065817,0.319699797813281,0.17215504318336483,0.3799149939818643,0.27457937803118826,0.039148146928524793,-0.14084473494251046,-0.17112505347053528,-0.0872052360965647,-0.4589541394605564,-0.002448866667863287,-0.10512766612658692,-0.07187407885278038,-0.0164542622712735,0.003610251439112912,-0.05491343247642982,-0.08007521186253466,,0.3091379173942754,0.042710879177362396,0.2637875838827132,0.2858108891907419,0.3027235639082861,0.6805268100830688,0.6231723478321849,0.5567009770532614,0.5979705318330923,0.5686139619357136,0.5433684442974929,0.5631591348915587,0.5781729861312429,0.7575004181396156,0.8580219159433828,1.0,0.8578843910047855
Chroma feature 11,0.5867069861046865,-0.3924194913855728,0.068173600909003,0.16185599188729385,-0.19627118881844485,0.14972219953986812,0.07971074445468079,-0.24422654429969073,-0.10398256256096745,0.17644336298225613,-0.10771186448942958,-0.12538500005222517,-0.030233443387888033,-0.05748948482837145,0.012178623312615839,0.028580125101665698,-0.005289514363148025,-0.01959771437875747,0.00012642201393852406,-0.012484804796874444,-0.09056347083248567,-0.0007582552456829938,0.038515058031316635,-0.03643905324676013,-0.0019183215578438943,0.08779902097388616,0.25212103508645894,-0.0933627651149267,0.17746654363250194,0.1561051777011735,-0.11171354016074604,0.06296183434222621,-0.12041809043207186,0.048319428477661484,-0.09297079058192223,-0.17548640866895324,-0.23042107260732242,-0.3380020552069944,-0.469825133236328,-0.5015787961954757,-0.5009649427556486,-0.5742078021058682,-0.5522993242837955,-0.5386695031779727,-0.520114063994917,-0.021338941890768008,0.3162359923746506,-0.05908836950136858,-0.12602398208281324,-0.12178009832935471,-0.18836317955654305,-0.2270811465331993,-0.24344796822362183,-0.263304520681189,,0.2872355457222383,0.2255251908604086,0.33914589298107706,0.3054023484815915,0.3434652192636651,-0.3108828945874715,-0.2209673351461722,0.25014464883884896,-0.27014574540106756,0.3250882562252202,0.3320061456671147,-0.06917090240777563,-0.20100003343599765,0.2309509099226753,0.07798243195427994,0.5245162923710041,0.501813567143024,0.42478355958782665,0.3032994163688487,0.2741934992326725,0.16584955131266446,0.3219686721575001,0.14643163808658283,-0.06645445102891105,-0.10653392590997045,-0.036950361561713635,-0.13560481663533924,-0.42575529712190413,0.0013720185654963366,-0.10730388691102483,-0.06857121025342822,-0.01923486874754458,0.016430324108367457,-0.0542042425111241,-0.045209478641687055,,0.3028436942790973,0.01576344524393278,0.24364487990806577,0.2890388448823215,0.2886327479776244,0.880117103879266,0.7305171615531585,0.5957458938458624,0.6049227824662066,0.559669081259496,0.5015679069800072,0.5245673885157691,0.5230044707075947,0.6035068409525262,0.6242208249333823,0.8578843910047855,1.0
