,mean_fit_time,std_fit_time,mean_score_time,std_score_time,param_Classifier__SVC__C,param_Classifier__SVC__kernel,param_Scaler,param_Selector__max_features,param_Classifier__SVC__gamma,param_Classifier__SVC__coef0,param_Classifier__SVC__degree,params,split0_test_score,split1_test_score,split2_test_score,mean_test_score,std_test_score,rank_test_score
0,0.3408627510070801,0.09587471256322164,0.02451936403910319,0.0014234007474786398,1.0,linear,MinMaxScaler(),2,,,,"{'Classifier__SVC__C': 1, 'Classifier__SVC__kernel': 'linear', 'Scaler': MinMaxScaler(), 'Selector__max_features': 2}",0.13526570048309178,0.13526570048309178,0.07766990291262135,0.11606710129293496,0.02715091935328488,459
1,0.34331027666727704,0.145985154955051,0.02886350949605306,0.0039033703773541694,1.0,linear,MinMaxScaler(),4,,,,"{'Classifier__SVC__C': 1, 'Classifier__SVC__kernel': 'linear', 'Scaler': MinMaxScaler(), 'Selector__max_features': 4}",0.13043478260869565,0.13043478260869565,0.16019417475728157,0.14035457999155762,0.014028711994836535,432
2,0.5664579073588053,0.012932673718298001,0.02460193634033203,0.0018903778791891652,1.0,linear,MinMaxScaler(),6,,,,"{'Classifier__SVC__C': 1, 'Classifier__SVC__kernel': 'linear', 'Scaler': MinMaxScaler(), 'Selector__max_features': 6}",0.12077294685990338,0.14009661835748793,0.1796116504854369,0.1468270719009427,0.0244877182108201,425
3,0.33990931510925293,0.08951050370651001,0.02761395772298177,0.001373300567971963,1.0,linear,MinMaxScaler(),8,,,,"{'Classifier__SVC__C': 1, 'Classifier__SVC__kernel': 'linear', 'Scaler': MinMaxScaler(), 'Selector__max_features': 8}",0.1642512077294686,0.1642512077294686,0.17475728155339806,0.1677532323374451,0.004952610696364668,367
4,0.4232804775238037,0.16428236214362046,0.031853040059407554,0.008907635087038757,1.0,linear,MinMaxScaler(),10,,,,"{'Classifier__SVC__C': 1, 'Classifier__SVC__kernel': 'linear', 'Scaler': MinMaxScaler(), 'Selector__max_features': 10}",0.18357487922705315,0.22705314009661837,0.21359223300970873,0.2080734174444601,0.018173841751134415,101
5,0.33707547187805176,0.03428494904050683,0.03647081057230631,0.015432351159616485,1.0,linear,MinMaxScaler(),12,,,,"{'Classifier__SVC__C': 1, 'Classifier__SVC__kernel': 'linear', 'Scaler': MinMaxScaler(), 'Selector__max_features': 12}",0.18840579710144928,0.1932367149758454,0.22815533980582525,0.20326595062770667,0.017709615319032684,111
6,0.8332146008809408,0.47499616676343287,0.025275786717732746,0.0031426715665114533,1.0,linear,MinMaxScaler(),14,,,,"{'Classifier__SVC__C': 1, 'Classifier__SVC__kernel': 'linear', 'Scaler': MinMaxScaler(), 'Selector__max_features': 14}",0.18840579710144928,0.18357487922705315,0.23786407766990292,0.2032815846661351,0.0245329174599357,109
7,0.4028909206390381,0.19849242369258666,0.032546281814575195,0.007805368346160416,1.0,linear,MinMaxScaler(),16,,,,"{'Classifier__SVC__C': 1, 'Classifier__SVC__kernel': 'linear', 'Scaler': MinMaxScaler(), 'Selector__max_features': 16}",0.1642512077294686,0.19806763285024154,0.22815533980582525,0.19682472679517846,0.0261035519384418,149
8,0.3346165021260579,0.08496279622743139,0.025042057037353516,0.0010114362641455018,1.0,linear,MinMaxScaler(),18,,,,"{'Classifier__SVC__C': 1, 'Classifier__SVC__kernel': 'linear', 'Scaler': MinMaxScaler(), 'Selector__max_features': 18}",0.16908212560386474,0.2222222222222222,0.23300970873786409,0.208104685521317,0.027942352599768135,100
9,0.2635334332784017,0.013410746654910823,0.02904955546061198,0.00461367263089506,1.0,linear,MinMaxScaler(),20,,,,"{'Classifier__SVC__C': 1, 'Classifier__SVC__kernel': 'linear', 'Scaler': MinMaxScaler(), 'Selector__max_features': 20}",0.20772946859903382,0.2222222222222222,0.23786407766990292,0.22260525616371965,0.012305383705619281,72
10,0.3548116683959961,0.05704614153425588,0.029038031895955402,0.006784958534922518,1.0,linear,MinMaxScaler(),24,,,,"{'Classifier__SVC__C': 1, 'Classifier__SVC__kernel': 'linear', 'Scaler': MinMaxScaler(), 'Selector__max_features': 24}",0.21739130434782608,0.23671497584541062,0.2524271844660194,0.23551115488641872,0.014328645262552096,43
11,0.2835903962453206,0.13483140488096154,0.026480913162231445,0.0013287411582113078,10.0,linear,MinMaxScaler(),2,,,,"{'Classifier__SVC__C': 10, 'Classifier__SVC__kernel': 'linear', 'Scaler': MinMaxScaler(), 'Selector__max_features': 2}",0.14492753623188406,0.12077294685990338,0.18446601941747573,0.15005550083642105,0.02625419190269219,417
12,0.3614325523376465,0.110118226870122,0.02307430903116862,0.0007745262631995017,10.0,linear,MinMaxScaler(),4,,,,"{'Classifier__SVC__C': 10, 'Classifier__SVC__kernel': 'linear', 'Scaler': MinMaxScaler(), 'Selector__max_features': 4}",0.178743961352657,0.2028985507246377,0.1941747572815534,0.1919390897862827,0.009986981652608501,176
13,0.29279160499572754,0.09866676008002591,0.026051918665568035,0.001880684020378692,10.0,linear,MinMaxScaler(),6,,,,"{'Classifier__SVC__C': 10, 'Classifier__SVC__kernel': 'linear', 'Scaler': MinMaxScaler(), 'Selector__max_features': 6}",0.2028985507246377,0.17391304347826086,0.23300970873786409,0.20327376764692087,0.024127571393262583,110
14,0.2080198129018148,0.038858576293065134,0.0255734125773112,0.0021947194689373997,10.0,linear,MinMaxScaler(),8,,,,"{'Classifier__SVC__C': 10, 'Classifier__SVC__kernel': 'linear', 'Scaler': MinMaxScaler(), 'Selector__max_features': 8}",0.1932367149758454,0.2463768115942029,0.22330097087378642,0.22097149914794492,0.02175679657858993,80
15,0.3709227244059245,0.12425572740849303,0.026966651280721027,0.00296304196965301,10.0,linear,MinMaxScaler(),10,,,,"{'Classifier__SVC__C': 10, 'Classifier__SVC__kernel': 'linear', 'Scaler': MinMaxScaler(), 'Selector__max_features': 10}",0.18840579710144928,0.27053140096618356,0.22330097087378642,0.22741272298047308,0.033653465216100666,65
16,0.19262798627217612,0.046621738806749906,0.02472384770711263,0.0011079437383156717,10.0,linear,MinMaxScaler(),12,,,,"{'Classifier__SVC__C': 10, 'Classifier__SVC__kernel': 'linear', 'Scaler': MinMaxScaler(), 'Selector__max_features': 12}",0.18840579710144928,0.2753623188405797,0.21359223300970873,0.22578678298391255,0.03653208138104536,69
17,0.27811241149902344,0.053552696635146405,0.025672276814778645,0.001736030498096708,10.0,linear,MinMaxScaler(),14,,,,"{'Classifier__SVC__C': 10, 'Classifier__SVC__kernel': 'linear', 'Scaler': MinMaxScaler(), 'Selector__max_features': 14}",0.18840579710144928,0.2753623188405797,0.2621359223300971,0.24196801275737534,0.03825717885262038,33
18,0.20037547747294107,0.04424458674070718,0.024823983510335285,0.0011953723356656427,10.0,linear,MinMaxScaler(),16,,,,"{'Classifier__SVC__C': 10, 'Classifier__SVC__kernel': 'linear', 'Scaler': MinMaxScaler(), 'Selector__max_features': 16}",0.2318840579710145,0.28502415458937197,0.21359223300970873,0.24350014852336507,0.030296644752965587,32
19,0.24486573537190756,0.08689647789818618,0.023869673411051433,0.0008811806688031292,10.0,linear,MinMaxScaler(),18,,,,"{'Classifier__SVC__C': 10, 'Classifier__SVC__kernel': 'linear', 'Scaler': MinMaxScaler(), 'Selector__max_features': 18}",0.2318840579710145,0.28019323671497587,0.21359223300970873,0.24188984256523305,0.028095197901025454,34
20,0.23811419804890951,0.06201408587329919,0.02454352378845215,0.002548508872260532,10.0,linear,MinMaxScaler(),20,,,,"{'Classifier__SVC__C': 10, 'Classifier__SVC__kernel': 'linear', 'Scaler': MinMaxScaler(), 'Selector__max_features': 20}",0.21739130434782608,0.2946859903381642,0.21844660194174756,0.24350796554257928,0.03619089277462001,31
21,0.23803329467773438,0.040408264746606005,0.024481773376464844,0.003200363080700716,10.0,linear,MinMaxScaler(),24,,,,"{'Classifier__SVC__C': 10, 'Classifier__SVC__kernel': 'linear', 'Scaler': MinMaxScaler(), 'Selector__max_features': 24}",0.21739130434782608,0.26570048309178745,0.2524271844660194,0.245172990635211,0.02037828392889854,28
22,0.28031380971272785,0.1726199697486563,0.02357800801595052,0.0010787408620129362,100.0,linear,MinMaxScaler(),2,,,,"{'Classifier__SVC__C': 100, 'Classifier__SVC__kernel': 'linear', 'Scaler': MinMaxScaler(), 'Selector__max_features': 2}",0.14009661835748793,0.13043478260869565,0.24757281553398058,0.17270140550005472,0.05308881739035915,320
23,0.311612606048584,0.08807062307326591,0.022888978322347004,0.0020127216271823654,100.0,linear,MinMaxScaler(),4,,,,"{'Classifier__SVC__C': 100, 'Classifier__SVC__kernel': 'linear', 'Scaler': MinMaxScaler(), 'Selector__max_features': 4}",0.19806763285024154,0.1932367149758454,0.1941747572815534,0.1951597017025468,0.0020915749267994997,153
24,0.18573339780171713,0.0725115244116651,0.021713892618815105,0.0017237526783300979,100.0,linear,MinMaxScaler(),6,,,,"{'Classifier__SVC__C': 100, 'Classifier__SVC__kernel': 'linear', 'Scaler': MinMaxScaler(), 'Selector__max_features': 6}",0.2222222222222222,0.178743961352657,0.24757281553398058,0.21617966636961994,0.02842225833042758,89
25,0.2308074633280436,0.09403740673246018,0.021549145380655926,0.0014594048744372239,100.0,linear,MinMaxScaler(),8,,,,"{'Classifier__SVC__C': 100, 'Classifier__SVC__kernel': 'linear', 'Scaler': MinMaxScaler(), 'Selector__max_features': 8}",0.18840579710144928,0.24154589371980675,0.23300970873786409,0.2209871331863734,0.023300560927734026,78
26,0.23506895701090494,0.059102374672722974,0.02430899937947591,0.0020081408041272898,100.0,linear,MinMaxScaler(),10,,,,"{'Classifier__SVC__C': 100, 'Classifier__SVC__kernel': 'linear', 'Scaler': MinMaxScaler(), 'Selector__max_features': 10}",0.21256038647342995,0.25120772946859904,0.24271844660194175,0.23549552084799022,0.01658377264038319,44
27,0.1768184502919515,0.037449473087750325,0.02321012814839681,0.0010458355431923897,100.0,linear,MinMaxScaler(),12,,,,"{'Classifier__SVC__C': 100, 'Classifier__SVC__kernel': 'linear', 'Scaler': MinMaxScaler(), 'Selector__max_features': 12}",0.1932367149758454,0.30434782608695654,0.23300970873786409,0.243531416600222,0.04596701357380837,30
28,0.21878981590270996,0.04701317641912487,0.019791920979817707,0.0007450047495101544,100.0,linear,MinMaxScaler(),14,,,,"{'Classifier__SVC__C': 100, 'Classifier__SVC__kernel': 'linear', 'Scaler': MinMaxScaler(), 'Selector__max_features': 14}",0.18840579710144928,0.2995169082125604,0.2524271844660194,0.24678329659334305,0.04553613843843098,25
29,0.3036981423695882,0.06789649110287974,0.023397525151570637,0.00235977819782793,100.0,linear,MinMaxScaler(),16,,,,"{'Classifier__SVC__C': 100, 'Classifier__SVC__kernel': 'linear', 'Scaler': MinMaxScaler(), 'Selector__max_features': 16}",0.25120772946859904,0.2898550724637681,0.22330097087378642,0.2547879242687178,0.027288281437490097,17
30,0.34948309262593585,0.2078271425717817,0.02259405453999837,0.0021355252997808803,100.0,linear,MinMaxScaler(),18,,,,"{'Classifier__SVC__C': 100, 'Classifier__SVC__kernel': 'linear', 'Scaler': MinMaxScaler(), 'Selector__max_features': 18}",0.2463768115942029,0.2753623188405797,0.22330097087378642,0.24834670043618967,0.021299551396953897,24
31,0.3784748713175456,0.09151786312731659,0.024744590123494465,0.003442433217451708,100.0,linear,MinMaxScaler(),20,,,,"{'Classifier__SVC__C': 100, 'Classifier__SVC__kernel': 'linear', 'Scaler': MinMaxScaler(), 'Selector__max_features': 20}",0.23671497584541062,0.3285024154589372,0.24757281553398058,0.2709300689461095,0.040950412964303566,7
32,0.2704884211222331,0.09996407026197632,0.024885813395182293,0.0022474260013495193,100.0,linear,MinMaxScaler(),24,,,,"{'Classifier__SVC__C': 100, 'Classifier__SVC__kernel': 'linear', 'Scaler': MinMaxScaler(), 'Selector__max_features': 24}",0.21739130434782608,0.2995169082125604,0.2815533980582524,0.26615387020621295,0.03525159850830521,9
33,0.2440930207570394,0.05735073767380339,0.026376008987426758,0.0006339537315791099,1000.0,linear,MinMaxScaler(),2,,,,"{'Classifier__SVC__C': 1000, 'Classifier__SVC__kernel': 'linear', 'Scaler': MinMaxScaler(), 'Selector__max_features': 2}",0.13526570048309178,0.12077294685990338,0.23786407766990292,0.16463424167096602,0.05211824144653517,387
34,0.2614455223083496,0.03743580650405711,0.022272348403930664,0.0005625217795031793,1000.0,linear,MinMaxScaler(),4,,,,"{'Classifier__SVC__C': 1000, 'Classifier__SVC__kernel': 'linear', 'Scaler': MinMaxScaler(), 'Selector__max_features': 4}",0.20772946859903382,0.18357487922705315,0.1941747572815534,0.1951597017025468,0.009885633804215924,153
35,0.32010944684346515,0.07340642291125042,0.02405261993408203,0.002507847444524971,1000.0,linear,MinMaxScaler(),6,,,,"{'Classifier__SVC__C': 1000, 'Classifier__SVC__kernel': 'linear', 'Scaler': MinMaxScaler(), 'Selector__max_features': 6}",0.25120772946859904,0.178743961352657,0.23300970873786409,0.2209871331863734,0.030780471780646156,78
36,0.43014876047770184,0.08903571819618672,0.022608518600463867,0.0011319989603027672,1000.0,linear,MinMaxScaler(),8,,,,"{'Classifier__SVC__C': 1000, 'Classifier__SVC__kernel': 'linear', 'Scaler': MinMaxScaler(), 'Selector__max_features': 8}",0.1932367149758454,0.21739130434782608,0.22330097087378642,0.2113096633991526,0.013005246073428891,97
37,0.39894898732503253,0.03492467351773434,0.02138368288675944,0.00047178405679866787,1000.0,linear,MinMaxScaler(),10,,,,"{'Classifier__SVC__C': 1000, 'Classifier__SVC__kernel': 'linear', 'Scaler': MinMaxScaler(), 'Selector__max_features': 10}",0.1932367149758454,0.25120772946859904,0.24271844660194175,0.22905429701546207,0.025562881531249335,57
38,0.5159886678059896,0.058644167351859684,0.02423516909281413,0.0023373122038037202,1000.0,linear,MinMaxScaler(),12,,,,"{'Classifier__SVC__C': 1000, 'Classifier__SVC__kernel': 'linear', 'Scaler': MinMaxScaler(), 'Selector__max_features': 12}",0.20772946859903382,0.28502415458937197,0.22815533980582525,0.24030298766474367,0.032703630093762356,37
39,0.5477786858876547,0.05129395688077708,0.02362982432047526,0.0009757968143590686,1000.0,linear,MinMaxScaler(),14,,,,"{'Classifier__SVC__C': 1000, 'Classifier__SVC__kernel': 'linear', 'Scaler': MinMaxScaler(), 'Selector__max_features': 14}",0.2028985507246377,0.2995169082125604,0.23300970873786409,0.24514172255835406,0.04036637272467787,29
40,0.8046935399373373,0.07129684667464956,0.022225697835286457,0.0022676043185110195,1000.0,linear,MinMaxScaler(),16,,,,"{'Classifier__SVC__C': 1000, 'Classifier__SVC__kernel': 'linear', 'Scaler': MinMaxScaler(), 'Selector__max_features': 16}",0.2028985507246377,0.26570048309178745,0.2087378640776699,0.22577896596469835,0.02832925510733944,70
41,0.7360871632893881,0.01629376370601273,0.024764537811279297,0.0013224084740677236,1000.0,linear,MinMaxScaler(),18,,,,"{'Classifier__SVC__C': 1000, 'Classifier__SVC__kernel': 'linear', 'Scaler': MinMaxScaler(), 'Selector__max_features': 18}",0.24154589371980675,0.28502415458937197,0.22815533980582525,0.251575129371668,0.024275566585104442,21
42,0.565316915512085,0.06276314073939125,0.02097177505493164,0.0020421328987252634,1000.0,linear,MinMaxScaler(),20,,,,"{'Classifier__SVC__C': 1000, 'Classifier__SVC__kernel': 'linear', 'Scaler': MinMaxScaler(), 'Selector__max_features': 20}",0.23671497584541062,0.30434782608695654,0.25728155339805825,0.2661147851101418,0.028308657036418657,10
43,0.5472668011983236,0.0458495047616728,0.022476355234781902,0.0005703643617040569,1000.0,linear,MinMaxScaler(),24,,,,"{'Classifier__SVC__C': 1000, 'Classifier__SVC__kernel': 'linear', 'Scaler': MinMaxScaler(), 'Selector__max_features': 24}",0.19806763285024154,0.2946859903381642,0.24757281553398058,0.2467754795741288,0.039448308450347705,27
44,0.17238783836364746,0.0422377490692077,0.04780801137288412,0.008392926172504174,10.0,rbf,MinMaxScaler(),2,0.001,,,"{'Classifier__SVC__C': 10, 'Classifier__SVC__gamma': 0.001, 'Classifier__SVC__kernel': 'rbf', 'Scaler': MinMaxScaler(), 'Selector__max_features': 2}",0.21256038647342995,0.21256038647342995,0.09223300970873786,0.17245126088519924,0.05672286938180159,325
45,0.12531201044718424,0.013698978730938593,0.04913973808288574,0.0046582813858256095,10.0,rbf,MinMaxScaler(),4,0.001,,,"{'Classifier__SVC__C': 10, 'Classifier__SVC__gamma': 0.001, 'Classifier__SVC__kernel': 'rbf', 'Scaler': MinMaxScaler(), 'Selector__max_features': 4}",0.21256038647342995,0.21256038647342995,0.09223300970873786,0.17245126088519924,0.05672286938180159,325
46,0.17705591519673666,0.047647838256498765,0.058525641759236656,0.002994875184806539,10.0,rbf,MinMaxScaler(),6,0.001,,,"{'Classifier__SVC__C': 10, 'Classifier__SVC__gamma': 0.001, 'Classifier__SVC__kernel': 'rbf', 'Scaler': MinMaxScaler(), 'Selector__max_features': 6}",0.21256038647342995,0.21256038647342995,0.09223300970873786,0.17245126088519924,0.05672286938180159,325
47,0.14594014485677084,0.0493984455110566,0.03979937235514323,0.003709606071212952,10.0,rbf,MinMaxScaler(),8,0.001,,,"{'Classifier__SVC__C': 10, 'Classifier__SVC__gamma': 0.001, 'Classifier__SVC__kernel': 'rbf', 'Scaler': MinMaxScaler(), 'Selector__max_features': 8}",0.21256038647342995,0.21256038647342995,0.0970873786407767,0.17406938386254553,0.05443449792165096,316
48,0.12095181147257487,0.01832413967463293,0.041410366694132485,0.0030029211489340448,10.0,rbf,MinMaxScaler(),10,0.001,,,"{'Classifier__SVC__C': 10, 'Classifier__SVC__gamma': 0.001, 'Classifier__SVC__kernel': 'rbf', 'Scaler': MinMaxScaler(), 'Selector__max_features': 10}",0.21256038647342995,0.21256038647342995,0.0970873786407767,0.17406938386254553,0.05443449792165096,316
49,0.1866177717844645,0.0559276464400791,0.04938586552937826,0.008725410202680342,10.0,rbf,MinMaxScaler(),12,0.001,,,"{'Classifier__SVC__C': 10, 'Classifier__SVC__gamma': 0.001, 'Classifier__SVC__kernel': 'rbf', 'Scaler': MinMaxScaler(), 'Selector__max_features': 12}",0.21256038647342995,0.22705314009661837,0.0970873786407767,0.17890030173694169,0.05815224711078019,287
50,0.13851459821065268,0.01099024422888631,0.11187132199605306,0.04399077702553021,10.0,rbf,MinMaxScaler(),14,0.001,,,"{'Classifier__SVC__C': 10, 'Classifier__SVC__gamma': 0.001, 'Classifier__SVC__kernel': 'rbf', 'Scaler': MinMaxScaler(), 'Selector__max_features': 14}",0.2028985507246377,0.22705314009661837,0.0970873786407767,0.17567968982067758,0.05644126492429117,300
51,0.1465150515238444,0.01330725917910359,0.055484612782796226,0.00806909536399491,10.0,rbf,MinMaxScaler(),16,0.001,,,"{'Classifier__SVC__C': 10, 'Classifier__SVC__gamma': 0.001, 'Classifier__SVC__kernel': 'rbf', 'Scaler': MinMaxScaler(), 'Selector__max_features': 16}",0.2028985507246377,0.22705314009661837,0.0970873786407767,0.17567968982067758,0.05644126492429117,300
52,0.17640097935994467,0.05494121078694434,0.04742026329040527,0.00100377678150945,10.0,rbf,MinMaxScaler(),18,0.001,,,"{'Classifier__SVC__C': 10, 'Classifier__SVC__gamma': 0.001, 'Classifier__SVC__kernel': 'rbf', 'Scaler': MinMaxScaler(), 'Selector__max_features': 18}",0.19806763285024154,0.22705314009661837,0.0970873786407767,0.17406938386254553,0.05570584501681294,316
53,0.15864292780558267,0.018488412628535615,0.058200836181640625,0.007564851579321388,10.0,rbf,MinMaxScaler(),20,0.001,,,"{'Classifier__SVC__C': 10, 'Classifier__SVC__gamma': 0.001, 'Classifier__SVC__kernel': 'rbf', 'Scaler': MinMaxScaler(), 'Selector__max_features': 20}",0.19806763285024154,0.22705314009661837,0.0970873786407767,0.17406938386254553,0.05570584501681294,316
54,0.134568452835083,0.011925272538089596,0.04337580998738607,0.0011879070277435544,10.0,rbf,MinMaxScaler(),24,0.001,,,"{'Classifier__SVC__C': 10, 'Classifier__SVC__gamma': 0.001, 'Classifier__SVC__kernel': 'rbf', 'Scaler': MinMaxScaler(), 'Selector__max_features': 24}",0.18357487922705315,0.2946859903381642,0.09223300970873786,0.19016462642465173,0.08278232870015563,181
55,0.13501914342244467,0.010227416991596707,0.04029242197672526,0.0011899173328986322,10.0,rbf,MinMaxScaler(),2,0.01,,,"{'Classifier__SVC__C': 10, 'Classifier__SVC__gamma': 0.01, 'Classifier__SVC__kernel': 'rbf', 'Scaler': MinMaxScaler(), 'Selector__max_features': 2}",0.21256038647342995,0.16908212560386474,0.09223300970873786,0.15795850726201086,0.049749174623166435,405
56,0.14166720708211264,0.012076153422001945,0.04460684458414713,0.004946018986623006,10.0,rbf,MinMaxScaler(),4,0.01,,,"{'Classifier__SVC__C': 10, 'Classifier__SVC__gamma': 0.01, 'Classifier__SVC__kernel': 'rbf', 'Scaler': MinMaxScaler(), 'Selector__max_features': 4}",0.15458937198067632,0.21256038647342995,0.0970873786407767,0.15474571236496099,0.04714178766386088,411
57,0.14260045687357584,0.0023585938565430604,0.04111067454020182,0.00109647517066408,10.0,rbf,MinMaxScaler(),6,0.01,,,"{'Classifier__SVC__C': 10, 'Classifier__SVC__gamma': 0.01, 'Classifier__SVC__kernel': 'rbf', 'Scaler': MinMaxScaler(), 'Selector__max_features': 6}",0.178743961352657,0.20772946859903382,0.12135922330097088,0.16927755108422057,0.03589024482817636,353
58,0.13257408142089844,0.0025275371481167782,0.03957120577494303,0.0004304691884371849,10.0,rbf,MinMaxScaler(),8,0.01,,,"{'Classifier__SVC__C': 10, 'Classifier__SVC__gamma': 0.01, 'Classifier__SVC__kernel': 'rbf', 'Scaler': MinMaxScaler(), 'Selector__max_features': 8}",0.21256038647342995,0.21256038647342995,0.15048543689320387,0.1918687366133546,0.02926241185999393,178
59,0.12130308151245117,0.004740589317062445,0.04466056823730469,0.0007272641593119309,10.0,rbf,MinMaxScaler(),10,0.01,,,"{'Classifier__SVC__C': 10, 'Classifier__SVC__gamma': 0.01, 'Classifier__SVC__kernel': 'rbf', 'Scaler': MinMaxScaler(), 'Selector__max_features': 10}",0.18840579710144928,0.19806763285024154,0.1650485436893204,0.18384065788033707,0.013861107082656799,251
60,0.11005417505900066,0.004896802035933944,0.055389960606892906,0.02224336732256275,10.0,rbf,MinMaxScaler(),12,0.01,,,"{'Classifier__SVC__C': 10, 'Classifier__SVC__gamma': 0.01, 'Classifier__SVC__kernel': 'rbf', 'Scaler': MinMaxScaler(), 'Selector__max_features': 12}",0.1642512077294686,0.19806763285024154,0.1553398058252427,0.1725528821349843,0.018404802797475642,323
61,0.10921247800191243,0.007001578001349283,0.05186621348063151,0.010547424262960584,10.0,rbf,MinMaxScaler(),14,0.01,,,"{'Classifier__SVC__C': 10, 'Classifier__SVC__gamma': 0.01, 'Classifier__SVC__kernel': 'rbf', 'Scaler': MinMaxScaler(), 'Selector__max_features': 14}",0.1642512077294686,0.14009661835748793,0.17475728155339806,0.15970170254678487,0.014511234529392032,399
62,0.10491275787353516,0.002960554204289478,0.04765439033508301,0.006380408869155455,10.0,rbf,MinMaxScaler(),16,0.01,,,"{'Classifier__SVC__C': 10, 'Classifier__SVC__gamma': 0.01, 'Classifier__SVC__kernel': 'rbf', 'Scaler': MinMaxScaler(), 'Selector__max_features': 16}",0.17391304347826086,0.15458937198067632,0.1796116504854369,0.1693713553147914,0.010708215037160334,352
63,0.10308623313903809,0.004940525436032979,0.04480512936909994,0.0014419763849564794,10.0,rbf,MinMaxScaler(),18,0.01,,,"{'Classifier__SVC__C': 10, 'Classifier__SVC__gamma': 0.01, 'Classifier__SVC__kernel': 'rbf', 'Scaler': MinMaxScaler(), 'Selector__max_features': 18}",0.15942028985507245,0.1932367149758454,0.17475728155339806,0.17580476212810534,0.013825352645363827,298
64,0.110655943552653,0.002578144721319001,0.04599603017171224,0.004574049308602473,10.0,rbf,MinMaxScaler(),20,0.01,,,"{'Classifier__SVC__C': 10, 'Classifier__SVC__gamma': 0.01, 'Classifier__SVC__kernel': 'rbf', 'Scaler': MinMaxScaler(), 'Selector__max_features': 20}",0.15458937198067632,0.1497584541062802,0.1941747572815534,0.16617419445617,0.019897371363758465,377
65,0.10724242528279622,0.008800563660698046,0.04267303148905436,0.005123944559418004,10.0,rbf,MinMaxScaler(),24,0.01,,,"{'Classifier__SVC__C': 10, 'Classifier__SVC__gamma': 0.01, 'Classifier__SVC__kernel': 'rbf', 'Scaler': MinMaxScaler(), 'Selector__max_features': 24}",0.1497584541062802,0.17391304347826086,0.22815533980582525,0.1839422791301221,0.03278167270154984,249
66,0.12714910507202148,0.009688940104472122,0.041783412297566734,0.0023075125970945555,10.0,rbf,MinMaxScaler(),2,0.1,,,"{'Classifier__SVC__C': 10, 'Classifier__SVC__gamma': 0.1, 'Classifier__SVC__kernel': 'rbf', 'Scaler': MinMaxScaler(), 'Selector__max_features': 2}",0.11594202898550725,0.12077294685990338,0.07766990291262135,0.10479495958601066,0.019281441276146453,480
67,0.10825800895690918,0.0019918699370772668,0.04266675313313802,0.002453767208546972,10.0,rbf,MinMaxScaler(),4,0.1,,,"{'Classifier__SVC__C': 10, 'Classifier__SVC__gamma': 0.1, 'Classifier__SVC__kernel': 'rbf', 'Scaler': MinMaxScaler(), 'Selector__max_features': 4}",0.178743961352657,0.1642512077294686,0.17475728155339806,0.17258415021184123,0.006112929017874192,322
68,0.11106491088867188,0.012128249635011839,0.039067745208740234,0.0007505510782820009,10.0,rbf,MinMaxScaler(),6,0.1,,,"{'Classifier__SVC__C': 10, 'Classifier__SVC__gamma': 0.1, 'Classifier__SVC__kernel': 'rbf', 'Scaler': MinMaxScaler(), 'Selector__max_features': 6}",0.14492753623188406,0.18840579710144928,0.23786407766990292,0.19039913700107877,0.03796735647528229,179
69,0.14608128865559897,0.034746440561411684,0.04031205177307129,0.00270463622923179,10.0,rbf,MinMaxScaler(),8,0.1,,,"{'Classifier__SVC__C': 10, 'Classifier__SVC__gamma': 0.1, 'Classifier__SVC__kernel': 'rbf', 'Scaler': MinMaxScaler(), 'Selector__max_features': 8}",0.178743961352657,0.23671497584541062,0.21844660194174756,0.2113018463799384,0.02419979723549029,98
70,0.12244653701782227,0.01053675344279321,0.03701170285542806,0.005301009347738755,10.0,rbf,MinMaxScaler(),10,0.1,,,"{'Classifier__SVC__C': 10, 'Classifier__SVC__gamma': 0.1, 'Classifier__SVC__kernel': 'rbf', 'Scaler': MinMaxScaler(), 'Selector__max_features': 10}",0.21739130434782608,0.23671497584541062,0.21844660194174756,0.22418429404499476,0.008870997803343555,71
71,0.1131909688313802,0.018339762829489674,0.038364410400390625,0.004112863017574909,10.0,rbf,MinMaxScaler(),12,0.1,,,"{'Classifier__SVC__C': 10, 'Classifier__SVC__gamma': 0.1, 'Classifier__SVC__kernel': 'rbf', 'Scaler': MinMaxScaler(), 'Selector__max_features': 12}",0.21256038647342995,0.25120772946859904,0.22815533980582525,0.2306411519159514,0.015875321026291064,56
72,0.13925321896870932,0.0174510910455634,0.08421595891316731,0.054292913858975174,10.0,rbf,MinMaxScaler(),14,0.1,,,"{'Classifier__SVC__C': 10, 'Classifier__SVC__gamma': 0.1, 'Classifier__SVC__kernel': 'rbf', 'Scaler': MinMaxScaler(), 'Selector__max_features': 14}",0.1932367149758454,0.21739130434782608,0.24757281553398058,0.21940027828588402,0.02222805941715398,81
73,0.11739905675252278,0.01530226539501651,0.04250518480936686,0.0008431262239130289,10.0,rbf,MinMaxScaler(),16,0.1,,,"{'Classifier__SVC__C': 10, 'Classifier__SVC__gamma': 0.1, 'Classifier__SVC__kernel': 'rbf', 'Scaler': MinMaxScaler(), 'Selector__max_features': 16}",0.21256038647342995,0.22705314009661837,0.21844660194174756,0.2193533761705986,0.00595128314019711,83
74,0.09582026799519856,0.0018381541316342424,0.037355899810791016,0.0015849457572029227,10.0,rbf,MinMaxScaler(),18,0.1,,,"{'Classifier__SVC__C': 10, 'Classifier__SVC__gamma': 0.1, 'Classifier__SVC__kernel': 'rbf', 'Scaler': MinMaxScaler(), 'Selector__max_features': 18}",0.18357487922705315,0.24154589371980675,0.22815533980582525,0.21775870425089505,0.024782078921084503,87
75,0.09336400032043457,0.00870643392601862,0.07067688306172688,0.03405530059754557,10.0,rbf,MinMaxScaler(),20,0.1,,,"{'Classifier__SVC__C': 10, 'Classifier__SVC__gamma': 0.1, 'Classifier__SVC__kernel': 'rbf', 'Scaler': MinMaxScaler(), 'Selector__max_features': 20}",0.2028985507246377,0.25120772946859904,0.22815533980582525,0.22742053999968734,0.019728982670094385,62
76,0.0907127062479655,0.003082005598539846,0.05579908688863119,0.020105014488000346,10.0,rbf,MinMaxScaler(),24,0.1,,,"{'Classifier__SVC__C': 10, 'Classifier__SVC__gamma': 0.1, 'Classifier__SVC__kernel': 'rbf', 'Scaler': MinMaxScaler(), 'Selector__max_features': 24}",0.21739130434782608,0.27053140096618356,0.2524271844660194,0.246783296593343,0.02205837059397331,26
77,0.10892709096272786,0.0009414504230519607,0.039786338806152344,0.004108653979048206,100.0,rbf,MinMaxScaler(),2,0.001,,,"{'Classifier__SVC__C': 100, 'Classifier__SVC__gamma': 0.001, 'Classifier__SVC__kernel': 'rbf', 'Scaler': MinMaxScaler(), 'Selector__max_features': 2}",0.22705314009661837,0.12077294685990338,0.2524271844660194,0.2000844238075137,0.05703036216860617,123
78,0.10977617899576823,0.0012141130603543716,0.04277261098225912,0.003012333673829847,100.0,rbf,MinMaxScaler(),4,0.001,,,"{'Classifier__SVC__C': 100, 'Classifier__SVC__gamma': 0.001, 'Classifier__SVC__kernel': 'rbf', 'Scaler': MinMaxScaler(), 'Selector__max_features': 4}",0.17391304347826086,0.08695652173913043,0.11650485436893204,0.12579147319544112,0.036102078750524604,451
79,0.12076314290364583,0.0163387915340034,0.04270815849304199,0.0037608747067194707,100.0,rbf,MinMaxScaler(),6,0.001,,,"{'Classifier__SVC__C': 100, 'Classifier__SVC__gamma': 0.001, 'Classifier__SVC__kernel': 'rbf', 'Scaler': MinMaxScaler(), 'Selector__max_features': 6}",0.14009661835748793,0.12560386473429952,0.1407766990291262,0.13549239404030455,0.006997756131159678,435
80,0.11742997169494629,0.0012493589595546717,0.04133470853169759,0.0018854253422931773,100.0,rbf,MinMaxScaler(),8,0.001,,,"{'Classifier__SVC__C': 100, 'Classifier__SVC__gamma': 0.001, 'Classifier__SVC__kernel': 'rbf', 'Scaler': MinMaxScaler(), 'Selector__max_features': 8}",0.12077294685990338,0.18840579710144928,0.1553398058252427,0.15483951659553177,0.027613261607832174,409
81,0.13023662567138672,0.02345945455517415,0.04516434669494629,0.0022443263934482528,100.0,rbf,MinMaxScaler(),10,0.001,,,"{'Classifier__SVC__C': 100, 'Classifier__SVC__gamma': 0.001, 'Classifier__SVC__kernel': 'rbf', 'Scaler': MinMaxScaler(), 'Selector__max_features': 10}",0.13043478260869565,0.15942028985507245,0.1941747572815534,0.16134327658177383,0.02605723829428129,394
82,0.12301802635192871,0.01952906241128,0.04116360346476237,0.0022478270062531065,100.0,rbf,MinMaxScaler(),12,0.001,,,"{'Classifier__SVC__C': 100, 'Classifier__SVC__gamma': 0.001, 'Classifier__SVC__kernel': 'rbf', 'Scaler': MinMaxScaler(), 'Selector__max_features': 12}",0.15942028985507245,0.16908212560386474,0.15048543689320387,0.1596626174507137,0.007593999813361961,401
83,0.12082870801289876,0.010032541311435701,0.12984673182169595,0.060970835313572676,100.0,rbf,MinMaxScaler(),14,0.001,,,"{'Classifier__SVC__C': 100, 'Classifier__SVC__gamma': 0.001, 'Classifier__SVC__kernel': 'rbf', 'Scaler': MinMaxScaler(), 'Selector__max_features': 14}",0.13526570048309178,0.1642512077294686,0.15048543689320387,0.1500007817019214,0.011838245240836123,418
84,0.13262367248535156,0.01861474570478707,0.07124598821004231,0.034654691401307586,100.0,rbf,MinMaxScaler(),16,0.001,,,"{'Classifier__SVC__C': 100, 'Classifier__SVC__gamma': 0.001, 'Classifier__SVC__kernel': 'rbf', 'Scaler': MinMaxScaler(), 'Selector__max_features': 16}",0.1497584541062802,0.1642512077294686,0.1796116504854369,0.16454043744039523,0.012189232239491426,389
85,0.13734793663024902,0.016948302476007357,0.06647292772928874,0.02545638779869077,100.0,rbf,MinMaxScaler(),18,0.001,,,"{'Classifier__SVC__C': 100, 'Classifier__SVC__gamma': 0.001, 'Classifier__SVC__kernel': 'rbf', 'Scaler': MinMaxScaler(), 'Selector__max_features': 18}",0.13526570048309178,0.1932367149758454,0.18446601941747573,0.17098947829213765,0.025513035894838276,349
86,0.11638466517130534,0.007634852305793936,0.04727689425150553,0.005101280331333999,100.0,rbf,MinMaxScaler(),20,0.001,,,"{'Classifier__SVC__C': 100, 'Classifier__SVC__gamma': 0.001, 'Classifier__SVC__kernel': 'rbf', 'Scaler': MinMaxScaler(), 'Selector__max_features': 20}",0.16908212560386474,0.1497584541062802,0.1941747572815534,0.17100511233056612,0.018183791416217326,348
87,0.1038969357808431,0.0034989870161114722,0.04441388448079427,0.0024499222836509905,100.0,rbf,MinMaxScaler(),24,0.001,,,"{'Classifier__SVC__C': 100, 'Classifier__SVC__gamma': 0.001, 'Classifier__SVC__kernel': 'rbf', 'Scaler': MinMaxScaler(), 'Selector__max_features': 24}",0.15942028985507245,0.17391304347826086,0.22330097087378642,0.18554476806903994,0.02734542148843777,238
88,0.10744071006774902,0.012591425424749435,0.04421242078145345,0.004768573463987685,100.0,rbf,MinMaxScaler(),2,0.01,,,"{'Classifier__SVC__C': 100, 'Classifier__SVC__gamma': 0.01, 'Classifier__SVC__kernel': 'rbf', 'Scaler': MinMaxScaler(), 'Selector__max_features': 2}",0.12560386473429952,0.12077294685990338,0.11650485436893204,0.12096055532104498,0.00371702346044835,454
89,0.1057416598002116,0.014844333093202587,0.04708202679951986,0.004364345554543608,100.0,rbf,MinMaxScaler(),4,0.01,,,"{'Classifier__SVC__C': 100, 'Classifier__SVC__gamma': 0.01, 'Classifier__SVC__kernel': 'rbf', 'Scaler': MinMaxScaler(), 'Selector__max_features': 4}",0.178743961352657,0.16908212560386474,0.17475728155339806,0.17419445616997328,0.003964454297742248,312
90,0.1285724639892578,0.04498415957489603,0.04527386029561361,0.00840742157811611,100.0,rbf,MinMaxScaler(),6,0.01,,,"{'Classifier__SVC__C': 100, 'Classifier__SVC__gamma': 0.01, 'Classifier__SVC__kernel': 'rbf', 'Scaler': MinMaxScaler(), 'Selector__max_features': 6}",0.14492753623188406,0.18357487922705315,0.22815533980582525,0.18555258508825415,0.0340063750130345,237
91,0.11074455579121907,0.018876877928802913,0.03874659538269043,0.0008523085281201181,100.0,rbf,MinMaxScaler(),8,0.01,,,"{'Classifier__SVC__C': 100, 'Classifier__SVC__gamma': 0.01, 'Classifier__SVC__kernel': 'rbf', 'Scaler': MinMaxScaler(), 'Selector__max_features': 8}",0.178743961352657,0.23671497584541062,0.22330097087378642,0.21291996935728466,0.02477880175598989,94
92,0.13045128186543783,0.024456968532891123,0.041583617528279625,0.0018580557342441637,100.0,rbf,MinMaxScaler(),10,0.01,,,"{'Classifier__SVC__C': 100, 'Classifier__SVC__gamma': 0.01, 'Classifier__SVC__kernel': 'rbf', 'Scaler': MinMaxScaler(), 'Selector__max_features': 10}",0.20772946859903382,0.2463768115942029,0.22815533980582525,0.22742053999968734,0.015786264667169505,62
93,0.1179511547088623,0.01539029677923113,0.047076145807902016,0.003903601533170671,100.0,rbf,MinMaxScaler(),12,0.01,,,"{'Classifier__SVC__C': 100, 'Classifier__SVC__gamma': 0.01, 'Classifier__SVC__kernel': 'rbf', 'Scaler': MinMaxScaler(), 'Selector__max_features': 12}",0.20772946859903382,0.2560386473429952,0.22815533980582525,0.23064115191595144,0.019800313703140157,54
94,0.1336082617441813,0.03205108997184675,0.13684900601704916,0.07544552190632423,100.0,rbf,MinMaxScaler(),14,0.01,,,"{'Classifier__SVC__C': 100, 'Classifier__SVC__gamma': 0.01, 'Classifier__SVC__kernel': 'rbf', 'Scaler': MinMaxScaler(), 'Selector__max_features': 14}",0.19806763285024154,0.2222222222222222,0.23786407766990292,0.21938464424745555,0.016370260467144862,82
95,0.12503480911254883,0.01915765583028647,0.03711597124735514,6.016982528417624e-05,100.0,rbf,MinMaxScaler(),16,0.01,,,"{'Classifier__SVC__C': 100, 'Classifier__SVC__gamma': 0.01, 'Classifier__SVC__kernel': 'rbf', 'Scaler': MinMaxScaler(), 'Selector__max_features': 16}",0.2028985507246377,0.22705314009661837,0.22330097087378642,0.21775088723168082,0.010613312968720826,88
96,0.13138214747111002,0.028043426202592737,0.047437826792399086,0.006200548328360557,100.0,rbf,MinMaxScaler(),18,0.01,,,"{'Classifier__SVC__C': 100, 'Classifier__SVC__gamma': 0.01, 'Classifier__SVC__kernel': 'rbf', 'Scaler': MinMaxScaler(), 'Selector__max_features': 18}",0.18840579710144928,0.25120772946859904,0.24271844660194175,0.22744399105733004,0.027820884498283575,60
97,0.11723494529724121,0.009290120546438638,0.04755862553914388,0.0033399224400423077,100.0,rbf,MinMaxScaler(),20,0.01,,,"{'Classifier__SVC__C': 100, 'Classifier__SVC__gamma': 0.01, 'Classifier__SVC__kernel': 'rbf', 'Scaler': MinMaxScaler(), 'Selector__max_features': 20}",0.20772946859903382,0.24154589371980675,0.24271844660194175,0.23066460297359412,0.016224652264372332,53
98,0.11865679423014323,0.004890138268457706,0.050658226013183594,0.014552624288314768,100.0,rbf,MinMaxScaler(),24,0.01,,,"{'Classifier__SVC__C': 100, 'Classifier__SVC__gamma': 0.01, 'Classifier__SVC__kernel': 'rbf', 'Scaler': MinMaxScaler(), 'Selector__max_features': 24}",0.20772946859903382,0.26570048309178745,0.24757281553398058,0.2403342557416006,0.024213731520642826,35
99,0.13515973091125488,0.022023121153554998,0.04501938819885254,0.006113757949731893,100.0,rbf,MinMaxScaler(),2,0.1,,,"{'Classifier__SVC__C': 100, 'Classifier__SVC__gamma': 0.1, 'Classifier__SVC__kernel': 'rbf', 'Scaler': MinMaxScaler(), 'Selector__max_features': 2}",0.1497584541062802,0.13043478260869565,0.1796116504854369,0.15326829573347092,0.020229192185677064,412
100,0.10383303960164388,0.006589725668583364,0.050070603688557945,0.0028951923761438353,100.0,rbf,MinMaxScaler(),4,0.1,,,"{'Classifier__SVC__C': 100, 'Classifier__SVC__gamma': 0.1, 'Classifier__SVC__kernel': 'rbf', 'Scaler': MinMaxScaler(), 'Selector__max_features': 4}",0.17391304347826086,0.178743961352657,0.1941747572815534,0.18227725403749043,0.00864088650772812,257
101,0.11960792541503906,0.015282522456309422,0.04808417956034342,0.004679500329813979,100.0,rbf,MinMaxScaler(),6,0.1,,,"{'Classifier__SVC__C': 100, 'Classifier__SVC__gamma': 0.1, 'Classifier__SVC__kernel': 'rbf', 'Scaler': MinMaxScaler(), 'Selector__max_features': 6}",0.1932367149758454,0.18840579710144928,0.22815533980582525,0.20326595062770667,0.017709615319032684,111
102,0.11954402923583984,0.015272151673988871,0.042064269383748375,0.004459395449454125,100.0,rbf,MinMaxScaler(),8,0.1,,,"{'Classifier__SVC__C': 100, 'Classifier__SVC__gamma': 0.1, 'Classifier__SVC__kernel': 'rbf', 'Scaler': MinMaxScaler(), 'Selector__max_features': 8}",0.2318840579710145,0.24154589371980675,0.22330097087378642,0.23224364085486923,0.007452797117059681,52
103,0.12325763702392578,0.01630295831384477,0.048206488291422524,0.004153070983930668,100.0,rbf,MinMaxScaler(),10,0.1,,,"{'Classifier__SVC__C': 100, 'Classifier__SVC__gamma': 0.1, 'Classifier__SVC__kernel': 'rbf', 'Scaler': MinMaxScaler(), 'Selector__max_features': 10}",0.19806763285024154,0.23671497584541062,0.2087378640776699,0.214506824257774,0.01629652225305104,93
104,0.13890759150187174,0.028150066565389886,0.040362040201822914,0.002667396932555337,100.0,rbf,MinMaxScaler(),12,0.1,,,"{'Classifier__SVC__C': 100, 'Classifier__SVC__gamma': 0.1, 'Classifier__SVC__kernel': 'rbf', 'Scaler': MinMaxScaler(), 'Selector__max_features': 12}",0.21739130434782608,0.3140096618357488,0.24271844660194175,0.25803980426183887,0.04090505063618163,16
105,0.12273248036702473,0.01982044918958003,0.04066967964172363,0.0012494231405140311,100.0,rbf,MinMaxScaler(),14,0.1,,,"{'Classifier__SVC__C': 100, 'Classifier__SVC__gamma': 0.1, 'Classifier__SVC__kernel': 'rbf', 'Scaler': MinMaxScaler(), 'Selector__max_features': 14}",0.22705314009661837,0.2946859903381642,0.25728155339805825,0.2596735612776136,0.027662753348389284,13
106,0.1220246156056722,0.006903047350752722,0.04533251126607259,0.0012508684369299734,100.0,rbf,MinMaxScaler(),16,0.1,,,"{'Classifier__SVC__C': 100, 'Classifier__SVC__gamma': 0.1, 'Classifier__SVC__kernel': 'rbf', 'Scaler': MinMaxScaler(), 'Selector__max_features': 16}",0.2318840579710145,0.27053140096618356,0.21359223300970873,0.23866923064896894,0.023735292120892565,38
107,0.12198368708292644,0.016584445264242825,0.0399781862894694,0.0054947321870404625,100.0,rbf,MinMaxScaler(),18,0.1,,,"{'Classifier__SVC__C': 100, 'Classifier__SVC__gamma': 0.1, 'Classifier__SVC__kernel': 'rbf', 'Scaler': MinMaxScaler(), 'Selector__max_features': 18}",0.25120772946859904,0.30917874396135264,0.23786407766990292,0.26608351703328487,0.030956013942554633,11
108,0.13612031936645508,0.035401960566147694,0.06609606742858887,0.032501646363433674,100.0,rbf,MinMaxScaler(),20,0.1,,,"{'Classifier__SVC__C': 100, 'Classifier__SVC__gamma': 0.1, 'Classifier__SVC__kernel': 'rbf', 'Scaler': MinMaxScaler(), 'Selector__max_features': 20}",0.22705314009661837,0.2995169082125604,0.24757281553398058,0.25804762128105313,0.03049634501564006,15
109,0.09944502512613933,0.0030038045096997144,0.03967817624409994,0.000874298718850588,100.0,rbf,MinMaxScaler(),24,0.1,,,"{'Classifier__SVC__C': 100, 'Classifier__SVC__gamma': 0.1, 'Classifier__SVC__kernel': 'rbf', 'Scaler': MinMaxScaler(), 'Selector__max_features': 24}",0.19806763285024154,0.28502415458937197,0.2912621359223301,0.2581179744539812,0.04253830233113018,14
110,0.11463991800944011,0.010438853462376961,0.06612292925516765,0.035593049329164704,1000.0,rbf,MinMaxScaler(),2,0.001,,,"{'Classifier__SVC__C': 1000, 'Classifier__SVC__gamma': 0.001, 'Classifier__SVC__kernel': 'rbf', 'Scaler': MinMaxScaler(), 'Selector__max_features': 2}",0.11594202898550725,0.10144927536231885,0.11650485436893204,0.11129871957225272,0.006968398024247593,462
111,0.10056670506795247,0.004825621907378825,0.04305307070414225,0.002982677507711001,1000.0,rbf,MinMaxScaler(),4,0.001,,,"{'Classifier__SVC__C': 1000, 'Classifier__SVC__gamma': 0.001, 'Classifier__SVC__kernel': 'rbf', 'Scaler': MinMaxScaler(), 'Selector__max_features': 4}",0.178743961352657,0.16908212560386474,0.17475728155339806,0.17419445616997328,0.003964454297742248,312
112,0.0938721497853597,0.0012634296746038786,0.040923118591308594,0.002548068288991329,1000.0,rbf,MinMaxScaler(),6,0.001,,,"{'Classifier__SVC__C': 1000, 'Classifier__SVC__gamma': 0.001, 'Classifier__SVC__kernel': 'rbf', 'Scaler': MinMaxScaler(), 'Selector__max_features': 6}",0.1497584541062802,0.18357487922705315,0.22815533980582525,0.1871628910463862,0.03210579691643072,207
113,0.09416850407918294,0.0037867363574600687,0.04331509272257487,0.004413755464015581,1000.0,rbf,MinMaxScaler(),8,0.001,,,"{'Classifier__SVC__C': 1000, 'Classifier__SVC__gamma': 0.001, 'Classifier__SVC__kernel': 'rbf', 'Scaler': MinMaxScaler(), 'Selector__max_features': 8}",0.178743961352657,0.23671497584541062,0.22330097087378642,0.21291996935728466,0.02477880175598989,94
114,0.10138209660847981,0.0014915603674732765,0.04492870966593424,0.00330786568615632,1000.0,rbf,MinMaxScaler(),10,0.001,,,"{'Classifier__SVC__C': 1000, 'Classifier__SVC__gamma': 0.001, 'Classifier__SVC__kernel': 'rbf', 'Scaler': MinMaxScaler(), 'Selector__max_features': 10}",0.20772946859903382,0.2463768115942029,0.22815533980582525,0.22742053999968734,0.015786264667169505,62
115,0.11105998357137044,0.01867301408088613,0.044193108876546226,0.004444154718853477,1000.0,rbf,MinMaxScaler(),12,0.001,,,"{'Classifier__SVC__C': 1000, 'Classifier__SVC__gamma': 0.001, 'Classifier__SVC__kernel': 'rbf', 'Scaler': MinMaxScaler(), 'Selector__max_features': 12}",0.20772946859903382,0.2560386473429952,0.22815533980582525,0.23064115191595144,0.019800313703140157,54
116,0.10500200589497884,0.01520005505671619,0.09255131085713704,0.033836681746980464,1000.0,rbf,MinMaxScaler(),14,0.001,,,"{'Classifier__SVC__C': 1000, 'Classifier__SVC__gamma': 0.001, 'Classifier__SVC__kernel': 'rbf', 'Scaler': MinMaxScaler(), 'Selector__max_features': 14}",0.19806763285024154,0.21739130434782608,0.23786407766990292,0.2177743382893235,0.016249088001512424,85
117,0.10733811060587566,0.004882524314420928,0.03840057055155436,0.002051704866825823,1000.0,rbf,MinMaxScaler(),16,0.001,,,"{'Classifier__SVC__C': 1000, 'Classifier__SVC__gamma': 0.001, 'Classifier__SVC__kernel': 'rbf', 'Scaler': MinMaxScaler(), 'Selector__max_features': 16}",0.2028985507246377,0.2222222222222222,0.22330097087378642,0.21614058127354877,0.009373880536079446,90
118,0.11965616544087727,0.006727785415251473,0.04205171267191569,0.004953156832869161,1000.0,rbf,MinMaxScaler(),18,0.001,,,"{'Classifier__SVC__C': 1000, 'Classifier__SVC__gamma': 0.001, 'Classifier__SVC__kernel': 'rbf', 'Scaler': MinMaxScaler(), 'Selector__max_features': 18}",0.18357487922705315,0.25120772946859904,0.24271844660194175,0.225833685099198,0.03008179943866664,67
119,0.12613224983215332,0.018187481565041637,0.05810864766438802,0.03124226628159995,1000.0,rbf,MinMaxScaler(),20,0.001,,,"{'Classifier__SVC__C': 1000, 'Classifier__SVC__gamma': 0.001, 'Classifier__SVC__kernel': 'rbf', 'Scaler': MinMaxScaler(), 'Selector__max_features': 20}",0.2028985507246377,0.23671497584541062,0.24271844660194175,0.22744399105733004,0.017528441576011078,60
120,0.11682216326395671,0.009847604214613373,0.03638052940368652,0.0063676623283417345,1000.0,rbf,MinMaxScaler(),24,0.001,,,"{'Classifier__SVC__C': 1000, 'Classifier__SVC__gamma': 0.001, 'Classifier__SVC__kernel': 'rbf', 'Scaler': MinMaxScaler(), 'Selector__max_features': 24}",0.19806763285024154,0.2608695652173913,0.2524271844660194,0.23712146084455074,0.027829475488464876,40
121,0.09863734245300293,0.0074557983464088075,0.03583367665608724,0.001792477689034072,1000.0,rbf,MinMaxScaler(),2,0.01,,,"{'Classifier__SVC__C': 1000, 'Classifier__SVC__gamma': 0.01, 'Classifier__SVC__kernel': 'rbf', 'Scaler': MinMaxScaler(), 'Selector__max_features': 2}",0.14009661835748793,0.12560386473429952,0.22815533980582525,0.16461860763253758,0.045315172060732434,388
122,0.0985427697499593,0.0030177107765205816,0.038363138834635414,0.004428577546203303,1000.0,rbf,MinMaxScaler(),4,0.01,,,"{'Classifier__SVC__C': 1000, 'Classifier__SVC__gamma': 0.01, 'Classifier__SVC__kernel': 'rbf', 'Scaler': MinMaxScaler(), 'Selector__max_features': 4}",0.16908212560386474,0.18357487922705315,0.19902912621359223,0.18389537701483671,0.01222791207316919,250
123,0.09014113744099934,0.005217223259073694,0.03934001922607422,0.009064866604824468,1000.0,rbf,MinMaxScaler(),6,0.01,,,"{'Classifier__SVC__C': 1000, 'Classifier__SVC__gamma': 0.01, 'Classifier__SVC__kernel': 'rbf', 'Scaler': MinMaxScaler(), 'Selector__max_features': 6}",0.2318840579710145,0.18840579710144928,0.24271844660194175,0.22100276722480183,0.023470092176619817,76
124,0.09144941965738933,0.003097855096720612,0.039577484130859375,0.0028572916693854686,1000.0,rbf,MinMaxScaler(),8,0.01,,,"{'Classifier__SVC__C': 1000, 'Classifier__SVC__gamma': 0.01, 'Classifier__SVC__kernel': 'rbf', 'Scaler': MinMaxScaler(), 'Selector__max_features': 8}",0.19806763285024154,0.25120772946859904,0.21844660194174756,0.2225739880868627,0.02188978383394499,75
125,0.11666639645894368,0.01657001849409334,0.04636772473653158,0.0096281854543279,1000.0,rbf,MinMaxScaler(),10,0.01,,,"{'Classifier__SVC__C': 1000, 'Classifier__SVC__gamma': 0.01, 'Classifier__SVC__kernel': 'rbf', 'Scaler': MinMaxScaler(), 'Selector__max_features': 10}",0.18840579710144928,0.27053140096618356,0.21844660194174756,0.2257946000031268,0.03392785000722699,68
126,0.09422516822814941,0.005184484298788489,0.03750205039978027,0.0032578608486976968,1000.0,rbf,MinMaxScaler(),12,0.01,,,"{'Classifier__SVC__C': 1000, 'Classifier__SVC__gamma': 0.01, 'Classifier__SVC__kernel': 'rbf', 'Scaler': MinMaxScaler(), 'Selector__max_features': 12}",0.2028985507246377,0.2753623188405797,0.22330097087378642,0.23385394681300128,0.03050981698044625,48
127,0.09187229474385579,0.006795187996340409,0.06916483243306477,0.04653953427376235,1000.0,rbf,MinMaxScaler(),14,0.01,,,"{'Classifier__SVC__C': 1000, 'Classifier__SVC__gamma': 0.01, 'Classifier__SVC__kernel': 'rbf', 'Scaler': MinMaxScaler(), 'Selector__max_features': 14}",0.20772946859903382,0.2898550724637681,0.2621359223300971,0.25324015446429965,0.03411260487442954,18
128,0.11658374468485515,0.01664685070055401,0.04262169202168783,0.003421986267229933,1000.0,rbf,MinMaxScaler(),16,0.01,,,"{'Classifier__SVC__C': 1000, 'Classifier__SVC__gamma': 0.01, 'Classifier__SVC__kernel': 'rbf', 'Scaler': MinMaxScaler(), 'Selector__max_features': 16}",0.23671497584541062,0.28502415458937197,0.1941747572815534,0.238637962572112,0.03711402840132709,39
129,0.09290512402852376,0.0018437035009993953,0.03998772303263346,0.0014811553379123871,1000.0,rbf,MinMaxScaler(),18,0.01,,,"{'Classifier__SVC__C': 1000, 'Classifier__SVC__gamma': 0.01, 'Classifier__SVC__kernel': 'rbf', 'Scaler': MinMaxScaler(), 'Selector__max_features': 18}",0.23671497584541062,0.28019323671497587,0.23300970873786409,0.24997264043275022,0.021422660600783162,22
130,0.11771376927693684,0.021463771043681808,0.05896536509195963,0.032214692899946225,1000.0,rbf,MinMaxScaler(),20,0.01,,,"{'Classifier__SVC__C': 1000, 'Classifier__SVC__gamma': 0.01, 'Classifier__SVC__kernel': 'rbf', 'Scaler': MinMaxScaler(), 'Selector__max_features': 20}",0.21256038647342995,0.2898550724637681,0.2524271844660194,0.2516142144677392,0.03156065916875864,20
131,0.10809040069580078,0.013646294618781866,0.038274526596069336,0.001544722934449036,1000.0,rbf,MinMaxScaler(),24,0.01,,,"{'Classifier__SVC__C': 1000, 'Classifier__SVC__gamma': 0.01, 'Classifier__SVC__kernel': 'rbf', 'Scaler': MinMaxScaler(), 'Selector__max_features': 24}",0.21256038647342995,0.30434782608695654,0.2912621359223301,0.2693901161609055,0.04053823260441766,8
132,0.11721571286519368,0.0027000875089385145,0.036984920501708984,0.003611478200329245,1000.0,rbf,MinMaxScaler(),2,0.1,,,"{'Classifier__SVC__C': 1000, 'Classifier__SVC__gamma': 0.1, 'Classifier__SVC__kernel': 'rbf', 'Scaler': MinMaxScaler(), 'Selector__max_features': 2}",0.15942028985507245,0.1497584541062802,0.1407766990291262,0.14998514766349294,0.0076129018645099255,419
133,0.10907228787740071,0.005172946383541003,0.03566416104634603,0.003395069372843865,1000.0,rbf,MinMaxScaler(),4,0.1,,,"{'Classifier__SVC__C': 1000, 'Classifier__SVC__gamma': 0.1, 'Classifier__SVC__kernel': 'rbf', 'Scaler': MinMaxScaler(), 'Selector__max_features': 4}",0.2463768115942029,0.1932367149758454,0.21844660194174756,0.2193533761705986,0.02170382680202847,83
134,0.11812027295430501,0.0017025581226638197,0.03719639778137207,0.0020397124824106734,1000.0,rbf,MinMaxScaler(),6,0.1,,,"{'Classifier__SVC__C': 1000, 'Classifier__SVC__gamma': 0.1, 'Classifier__SVC__kernel': 'rbf', 'Scaler': MinMaxScaler(), 'Selector__max_features': 6}",0.22705314009661837,0.2028985507246377,0.2669902912621359,0.23231399402779732,0.026428459903992375,50
135,0.1173998514811198,0.005417416697551081,0.028472741444905598,0.0040458695641789905,1000.0,rbf,MinMaxScaler(),8,0.1,,,"{'Classifier__SVC__C': 1000, 'Classifier__SVC__gamma': 0.1, 'Classifier__SVC__kernel': 'rbf', 'Scaler': MinMaxScaler(), 'Selector__max_features': 8}",0.2608695652173913,0.21739130434782608,0.24271844660194175,0.24032643872238638,0.017830331242621053,36
136,0.1131449540456136,0.0020556231281769195,0.03319160143534342,0.0008470220444102996,1000.0,rbf,MinMaxScaler(),10,0.1,,,"{'Classifier__SVC__C': 1000, 'Classifier__SVC__gamma': 0.1, 'Classifier__SVC__kernel': 'rbf', 'Scaler': MinMaxScaler(), 'Selector__max_features': 10}",0.2560386473429952,0.2608695652173913,0.27184466019417475,0.26291762425152043,0.006613290654350107,12
137,0.12001808484395345,0.007659464391924952,0.03732617696126302,0.0038861885602358448,1000.0,rbf,MinMaxScaler(),12,0.1,,,"{'Classifier__SVC__C': 1000, 'Classifier__SVC__gamma': 0.1, 'Classifier__SVC__kernel': 'rbf', 'Scaler': MinMaxScaler(), 'Selector__max_features': 12}",0.2753623188405797,0.28502415458937197,0.2815533980582524,0.28064662382940136,0.003996202124996626,2
138,0.12128512064615886,0.00211804399593475,0.10661673545837402,0.005813535550236018,1000.0,rbf,MinMaxScaler(),14,0.1,,,"{'Classifier__SVC__C': 1000, 'Classifier__SVC__gamma': 0.1, 'Classifier__SVC__kernel': 'rbf', 'Scaler': MinMaxScaler(), 'Selector__max_features': 14}",0.21739130434782608,0.2995169082125604,0.2961165048543689,0.2710082391382518,0.03793830481180529,5
139,0.1382136344909668,0.011683666027739964,0.0390478769938151,0.004293691769876022,1000.0,rbf,MinMaxScaler(),16,0.1,,,"{'Classifier__SVC__C': 1000, 'Classifier__SVC__gamma': 0.1, 'Classifier__SVC__kernel': 'rbf', 'Scaler': MinMaxScaler(), 'Selector__max_features': 16}",0.2608695652173913,0.26570048309178745,0.28640776699029125,0.2709926050998233,0.011077149271038127,6
140,0.13258783022562662,0.011091897166927484,0.0360411008199056,0.0016590276532369714,1000.0,rbf,MinMaxScaler(),18,0.1,,,"{'Classifier__SVC__C': 1000, 'Classifier__SVC__gamma': 0.1, 'Classifier__SVC__kernel': 'rbf', 'Scaler': MinMaxScaler(), 'Selector__max_features': 18}",0.27053140096618356,0.28019323671497587,0.2669902912621359,0.2725716429810984,0.005579807808352947,4
141,0.13424070676167807,0.007631549109601618,0.03807663917541504,0.0010791912275517307,1000.0,rbf,MinMaxScaler(),20,0.1,,,"{'Classifier__SVC__C': 1000, 'Classifier__SVC__gamma': 0.1, 'Classifier__SVC__kernel': 'rbf', 'Scaler': MinMaxScaler(), 'Selector__max_features': 20}",0.28502415458937197,0.25120772946859904,0.28640776699029125,0.2742132170160874,0.01627714018272716,3
142,0.13210463523864746,0.023279020071190374,0.033399105072021484,0.0016928175911090496,1000.0,rbf,MinMaxScaler(),24,0.1,,,"{'Classifier__SVC__C': 1000, 'Classifier__SVC__gamma': 0.1, 'Classifier__SVC__kernel': 'rbf', 'Scaler': MinMaxScaler(), 'Selector__max_features': 24}",0.2560386473429952,0.27053140096618356,0.3155339805825243,0.280701342963901,0.025331067348197248,1
143,0.09494471549987793,0.011365926423365206,0.024242242177327473,0.001029088852686782,0.001,poly,MinMaxScaler(),2,0.001,2.0,3.0,"{'Classifier__SVC__C': 0.001, 'Classifier__SVC__coef0': 2, 'Classifier__SVC__degree': 3, 'Classifier__SVC__gamma': 0.001, 'Classifier__SVC__kernel': 'poly', 'Scaler': MinMaxScaler(), 'Selector__max_features': 2}",0.06763285024154589,0.0821256038647343,0.2524271844660194,0.13406187952409987,0.08390577666800149,437
144,0.10487993558247884,0.01777732077148007,0.01819602648417155,0.0019354949801517036,0.001,poly,MinMaxScaler(),4,0.001,2.0,3.0,"{'Classifier__SVC__C': 0.001, 'Classifier__SVC__coef0': 2, 'Classifier__SVC__degree': 3, 'Classifier__SVC__gamma': 0.001, 'Classifier__SVC__kernel': 'poly', 'Scaler': MinMaxScaler(), 'Selector__max_features': 4}",0.178743961352657,0.0821256038647343,0.2524271844660194,0.17109891656113688,0.06973517582598834,338
145,0.08799266815185547,0.013370965735963712,0.01970847447713216,0.0006164135911749281,0.001,poly,MinMaxScaler(),6,0.001,2.0,3.0,"{'Classifier__SVC__C': 0.001, 'Classifier__SVC__coef0': 2, 'Classifier__SVC__degree': 3, 'Classifier__SVC__gamma': 0.001, 'Classifier__SVC__kernel': 'poly', 'Scaler': MinMaxScaler(), 'Selector__max_features': 6}",0.16908212560386474,0.0821256038647343,0.2524271844660194,0.16787830464487283,0.06953053994468897,355
146,0.09583226839701335,0.0019186489544526578,0.01803477605183919,0.0020419748374864276,0.001,poly,MinMaxScaler(),8,0.001,2.0,3.0,"{'Classifier__SVC__C': 0.001, 'Classifier__SVC__coef0': 2, 'Classifier__SVC__degree': 3, 'Classifier__SVC__gamma': 0.001, 'Classifier__SVC__kernel': 'poly', 'Scaler': MinMaxScaler(), 'Selector__max_features': 8}",0.2222222222222222,0.0821256038647343,0.2524271844660194,0.18559167018432532,0.0741934637542275,218
147,0.0959795316060384,0.0026227136815534942,0.01850612958272298,0.0015573225441017273,0.001,poly,MinMaxScaler(),10,0.001,2.0,3.0,"{'Classifier__SVC__C': 0.001, 'Classifier__SVC__coef0': 2, 'Classifier__SVC__degree': 3, 'Classifier__SVC__gamma': 0.001, 'Classifier__SVC__kernel': 'poly', 'Scaler': MinMaxScaler(), 'Selector__max_features': 10}",0.2560386473429952,0.0821256038647343,0.2524271844660194,0.19686381189124966,0.08114556037097727,130
148,0.06983407338460286,0.005687191349957631,0.017430941263834637,0.003366833316573823,0.001,poly,MinMaxScaler(),12,0.001,2.0,3.0,"{'Classifier__SVC__C': 0.001, 'Classifier__SVC__coef0': 2, 'Classifier__SVC__degree': 3, 'Classifier__SVC__gamma': 0.001, 'Classifier__SVC__kernel': 'poly', 'Scaler': MinMaxScaler(), 'Selector__max_features': 12}",0.27053140096618356,0.0821256038647343,0.2524271844660194,0.20169472976564576,0.08487057819724578,113
149,0.07467246055603027,0.005280734366149927,0.043152570724487305,0.02771637277897336,0.001,poly,MinMaxScaler(),14,0.001,2.0,3.0,"{'Classifier__SVC__C': 0.001, 'Classifier__SVC__coef0': 2, 'Classifier__SVC__degree': 3, 'Classifier__SVC__gamma': 0.001, 'Classifier__SVC__kernel': 'poly', 'Scaler': MinMaxScaler(), 'Selector__max_features': 14}",0.22705314009661837,0.0821256038647343,0.2524271844660194,0.18720197614245737,0.07501885780788752,193
150,0.07953850428263347,0.014568500897164117,0.03300229708353678,0.020162655503688558,0.001,poly,MinMaxScaler(),16,0.001,2.0,3.0,"{'Classifier__SVC__C': 0.001, 'Classifier__SVC__coef0': 2, 'Classifier__SVC__degree': 3, 'Classifier__SVC__gamma': 0.001, 'Classifier__SVC__kernel': 'poly', 'Scaler': MinMaxScaler(), 'Selector__max_features': 16}",0.20772946859903382,0.0821256038647343,0.2524271844660194,0.1807607523099292,0.07209318429428987,273
151,0.1054371992746989,0.02500702868877797,0.02391537030537923,0.003347586302710861,0.001,poly,MinMaxScaler(),18,0.001,2.0,3.0,"{'Classifier__SVC__C': 0.001, 'Classifier__SVC__coef0': 2, 'Classifier__SVC__degree': 3, 'Classifier__SVC__gamma': 0.001, 'Classifier__SVC__kernel': 'poly', 'Scaler': MinMaxScaler(), 'Selector__max_features': 18}",0.2560386473429952,0.0821256038647343,0.2524271844660194,0.19686381189124966,0.08114556037097727,130
152,0.08175722757975261,0.016985509889739292,0.01956637700398763,0.0035522061915987035,0.001,poly,MinMaxScaler(),20,0.001,2.0,3.0,"{'Classifier__SVC__C': 0.001, 'Classifier__SVC__coef0': 2, 'Classifier__SVC__degree': 3, 'Classifier__SVC__gamma': 0.001, 'Classifier__SVC__kernel': 'poly', 'Scaler': MinMaxScaler(), 'Selector__max_features': 20}",0.2222222222222222,0.0821256038647343,0.2524271844660194,0.18559167018432532,0.0741934637542275,218
153,0.09354623158772786,0.001318834265323606,0.02022552490234375,0.0033426191995993477,0.001,poly,MinMaxScaler(),24,0.001,2.0,3.0,"{'Classifier__SVC__C': 0.001, 'Classifier__SVC__coef0': 2, 'Classifier__SVC__degree': 3, 'Classifier__SVC__gamma': 0.001, 'Classifier__SVC__kernel': 'poly', 'Scaler': MinMaxScaler(), 'Selector__max_features': 24}",0.2463768115942029,0.0821256038647343,0.2524271844660194,0.19364319997498555,0.07889352501791616,157
154,0.07950822512308757,0.010905861838844262,0.02055843671162923,0.0014873520625637623,0.001,poly,MinMaxScaler(),2,0.01,2.0,3.0,"{'Classifier__SVC__C': 0.001, 'Classifier__SVC__coef0': 2, 'Classifier__SVC__degree': 3, 'Classifier__SVC__gamma': 0.01, 'Classifier__SVC__kernel': 'poly', 'Scaler': MinMaxScaler(), 'Selector__max_features': 2}",0.06763285024154589,0.0821256038647343,0.2524271844660194,0.13406187952409987,0.08390577666800149,437
155,0.07784175872802734,0.0032569227048060813,0.01971920331319173,0.00024983220950093094,0.001,poly,MinMaxScaler(),4,0.01,2.0,3.0,"{'Classifier__SVC__C': 0.001, 'Classifier__SVC__coef0': 2, 'Classifier__SVC__degree': 3, 'Classifier__SVC__gamma': 0.01, 'Classifier__SVC__kernel': 'poly', 'Scaler': MinMaxScaler(), 'Selector__max_features': 4}",0.178743961352657,0.0821256038647343,0.2524271844660194,0.17109891656113688,0.06973517582598834,338
156,0.08299954732259114,0.018061206016096003,0.018249670664469402,0.0017602293729728146,0.001,poly,MinMaxScaler(),6,0.01,2.0,3.0,"{'Classifier__SVC__C': 0.001, 'Classifier__SVC__coef0': 2, 'Classifier__SVC__degree': 3, 'Classifier__SVC__gamma': 0.01, 'Classifier__SVC__kernel': 'poly', 'Scaler': MinMaxScaler(), 'Selector__max_features': 6}",0.16908212560386474,0.0821256038647343,0.2524271844660194,0.16787830464487283,0.06953053994468897,355
157,0.08047350247701009,0.005296162292385779,0.017067511876424152,0.002914519730992522,0.001,poly,MinMaxScaler(),8,0.01,2.0,3.0,"{'Classifier__SVC__C': 0.001, 'Classifier__SVC__coef0': 2, 'Classifier__SVC__degree': 3, 'Classifier__SVC__gamma': 0.01, 'Classifier__SVC__kernel': 'poly', 'Scaler': MinMaxScaler(), 'Selector__max_features': 8}",0.2222222222222222,0.0821256038647343,0.2524271844660194,0.18559167018432532,0.0741934637542275,218
158,0.07358145713806152,0.007370196442082981,0.019962151845296223,0.001196049835874207,0.001,poly,MinMaxScaler(),10,0.01,2.0,3.0,"{'Classifier__SVC__C': 0.001, 'Classifier__SVC__coef0': 2, 'Classifier__SVC__degree': 3, 'Classifier__SVC__gamma': 0.01, 'Classifier__SVC__kernel': 'poly', 'Scaler': MinMaxScaler(), 'Selector__max_features': 10}",0.2560386473429952,0.0821256038647343,0.2524271844660194,0.19686381189124966,0.08114556037097727,130
159,0.06207776069641113,0.0024429480566226904,0.01891628901163737,0.004212488796051599,0.001,poly,MinMaxScaler(),12,0.01,2.0,3.0,"{'Classifier__SVC__C': 0.001, 'Classifier__SVC__coef0': 2, 'Classifier__SVC__degree': 3, 'Classifier__SVC__gamma': 0.01, 'Classifier__SVC__kernel': 'poly', 'Scaler': MinMaxScaler(), 'Selector__max_features': 12}",0.2753623188405797,0.0821256038647343,0.2524271844660194,0.2033050357237778,0.08619685271305912,105
160,0.08861970901489258,0.004036310492430329,0.024876117706298828,0.0020620498589620367,0.001,poly,MinMaxScaler(),14,0.01,2.0,3.0,"{'Classifier__SVC__C': 0.001, 'Classifier__SVC__coef0': 2, 'Classifier__SVC__degree': 3, 'Classifier__SVC__gamma': 0.01, 'Classifier__SVC__kernel': 'poly', 'Scaler': MinMaxScaler(), 'Selector__max_features': 14}",0.22705314009661837,0.0821256038647343,0.2524271844660194,0.18720197614245737,0.07501885780788752,193
161,0.08320029576619466,0.01295741935018413,0.021030187606811523,0.002930516395649678,0.001,poly,MinMaxScaler(),16,0.01,2.0,3.0,"{'Classifier__SVC__C': 0.001, 'Classifier__SVC__coef0': 2, 'Classifier__SVC__degree': 3, 'Classifier__SVC__gamma': 0.01, 'Classifier__SVC__kernel': 'poly', 'Scaler': MinMaxScaler(), 'Selector__max_features': 16}",0.21256038647342995,0.0821256038647343,0.2524271844660194,0.18237105826806121,0.07272873683280269,253
162,0.08329200744628906,0.008018549577581958,0.02123538653055827,0.005078521936008189,0.001,poly,MinMaxScaler(),18,0.01,2.0,3.0,"{'Classifier__SVC__C': 0.001, 'Classifier__SVC__coef0': 2, 'Classifier__SVC__degree': 3, 'Classifier__SVC__gamma': 0.01, 'Classifier__SVC__kernel': 'poly', 'Scaler': MinMaxScaler(), 'Selector__max_features': 18}",0.26570048309178745,0.0821256038647343,0.2524271844660194,0.2000844238075137,0.08358531575909728,123
163,0.0856328010559082,0.003682416177483696,0.02106300989786784,0.0008228703172913302,0.001,poly,MinMaxScaler(),20,0.01,2.0,3.0,"{'Classifier__SVC__C': 0.001, 'Classifier__SVC__coef0': 2, 'Classifier__SVC__degree': 3, 'Classifier__SVC__gamma': 0.01, 'Classifier__SVC__kernel': 'poly', 'Scaler': MinMaxScaler(), 'Selector__max_features': 20}",0.22705314009661837,0.0821256038647343,0.2524271844660194,0.18720197614245737,0.07501885780788752,193
164,0.0939934253692627,0.003501974889325942,0.024195273717244465,0.0023072709735195143,0.001,poly,MinMaxScaler(),24,0.01,2.0,3.0,"{'Classifier__SVC__C': 0.001, 'Classifier__SVC__coef0': 2, 'Classifier__SVC__degree': 3, 'Classifier__SVC__gamma': 0.01, 'Classifier__SVC__kernel': 'poly', 'Scaler': MinMaxScaler(), 'Selector__max_features': 24}",0.2463768115942029,0.0821256038647343,0.2524271844660194,0.19364319997498555,0.07889352501791616,157
165,0.08636180559794109,0.0036766492948275293,0.022022008895874023,0.0018804535383088472,0.001,poly,MinMaxScaler(),2,0.001,2.0,5.0,"{'Classifier__SVC__C': 0.001, 'Classifier__SVC__coef0': 2, 'Classifier__SVC__degree': 5, 'Classifier__SVC__gamma': 0.001, 'Classifier__SVC__kernel': 'poly', 'Scaler': MinMaxScaler(), 'Selector__max_features': 2}",0.06763285024154589,0.0821256038647343,0.2524271844660194,0.13406187952409987,0.08390577666800149,437
166,0.09313360850016277,0.005630172545525162,0.021998246510823567,0.0021549042181698,0.001,poly,MinMaxScaler(),4,0.001,2.0,5.0,"{'Classifier__SVC__C': 0.001, 'Classifier__SVC__coef0': 2, 'Classifier__SVC__degree': 5, 'Classifier__SVC__gamma': 0.001, 'Classifier__SVC__kernel': 'poly', 'Scaler': MinMaxScaler(), 'Selector__max_features': 4}",0.178743961352657,0.0821256038647343,0.2524271844660194,0.17109891656113688,0.06973517582598834,338
167,0.08364828427632649,0.001465339806550623,0.01750938097635905,0.0016648541853848046,0.001,poly,MinMaxScaler(),6,0.001,2.0,5.0,"{'Classifier__SVC__C': 0.001, 'Classifier__SVC__coef0': 2, 'Classifier__SVC__degree': 5, 'Classifier__SVC__gamma': 0.001, 'Classifier__SVC__kernel': 'poly', 'Scaler': MinMaxScaler(), 'Selector__max_features': 6}",0.16908212560386474,0.0821256038647343,0.2524271844660194,0.16787830464487283,0.06953053994468897,355
168,0.08510756492614746,0.0017521703148921852,0.016224384307861328,0.002662245803295884,0.001,poly,MinMaxScaler(),8,0.001,2.0,5.0,"{'Classifier__SVC__C': 0.001, 'Classifier__SVC__coef0': 2, 'Classifier__SVC__degree': 5, 'Classifier__SVC__gamma': 0.001, 'Classifier__SVC__kernel': 'poly', 'Scaler': MinMaxScaler(), 'Selector__max_features': 8}",0.2222222222222222,0.0821256038647343,0.2524271844660194,0.18559167018432532,0.0741934637542275,218
169,0.07913859685262044,0.004466425197119184,0.020618756612141926,0.000884208022588144,0.001,poly,MinMaxScaler(),10,0.001,2.0,5.0,"{'Classifier__SVC__C': 0.001, 'Classifier__SVC__coef0': 2, 'Classifier__SVC__degree': 5, 'Classifier__SVC__gamma': 0.001, 'Classifier__SVC__kernel': 'poly', 'Scaler': MinMaxScaler(), 'Selector__max_features': 10}",0.2560386473429952,0.0821256038647343,0.2524271844660194,0.19686381189124966,0.08114556037097727,130
170,0.07290307680765788,0.009857990495264217,0.019924243291219074,0.0038076821253112685,0.001,poly,MinMaxScaler(),12,0.001,2.0,5.0,"{'Classifier__SVC__C': 0.001, 'Classifier__SVC__coef0': 2, 'Classifier__SVC__degree': 5, 'Classifier__SVC__gamma': 0.001, 'Classifier__SVC__kernel': 'poly', 'Scaler': MinMaxScaler(), 'Selector__max_features': 12}",0.27053140096618356,0.0821256038647343,0.2524271844660194,0.20169472976564576,0.08487057819724578,113
171,0.08101638158162434,0.006587284096653453,0.02456808090209961,0.0014293691657216944,0.001,poly,MinMaxScaler(),14,0.001,2.0,5.0,"{'Classifier__SVC__C': 0.001, 'Classifier__SVC__coef0': 2, 'Classifier__SVC__degree': 5, 'Classifier__SVC__gamma': 0.001, 'Classifier__SVC__kernel': 'poly', 'Scaler': MinMaxScaler(), 'Selector__max_features': 14}",0.22705314009661837,0.0821256038647343,0.2524271844660194,0.18720197614245737,0.07501885780788752,193
172,0.08878024419148763,0.010030849433631181,0.024689594904581707,0.0014927190341743213,0.001,poly,MinMaxScaler(),16,0.001,2.0,5.0,"{'Classifier__SVC__C': 0.001, 'Classifier__SVC__coef0': 2, 'Classifier__SVC__degree': 5, 'Classifier__SVC__gamma': 0.001, 'Classifier__SVC__kernel': 'poly', 'Scaler': MinMaxScaler(), 'Selector__max_features': 16}",0.20772946859903382,0.0821256038647343,0.2524271844660194,0.1807607523099292,0.07209318429428987,273
173,0.09757367769877116,0.004999388117688047,0.020856777826944988,0.0034388587020122634,0.001,poly,MinMaxScaler(),18,0.001,2.0,5.0,"{'Classifier__SVC__C': 0.001, 'Classifier__SVC__coef0': 2, 'Classifier__SVC__degree': 5, 'Classifier__SVC__gamma': 0.001, 'Classifier__SVC__kernel': 'poly', 'Scaler': MinMaxScaler(), 'Selector__max_features': 18}",0.2560386473429952,0.0821256038647343,0.2524271844660194,0.19686381189124966,0.08114556037097727,130
174,0.09676202138264973,0.003906320665078054,0.026167949040730793,0.0036962613011037584,0.001,poly,MinMaxScaler(),20,0.001,2.0,5.0,"{'Classifier__SVC__C': 0.001, 'Classifier__SVC__coef0': 2, 'Classifier__SVC__degree': 5, 'Classifier__SVC__gamma': 0.001, 'Classifier__SVC__kernel': 'poly', 'Scaler': MinMaxScaler(), 'Selector__max_features': 20}",0.2222222222222222,0.0821256038647343,0.2524271844660194,0.18559167018432532,0.0741934637542275,218
175,0.07750312487284343,0.01651382573113961,0.02151330312093099,0.00411632401779906,0.001,poly,MinMaxScaler(),24,0.001,2.0,5.0,"{'Classifier__SVC__C': 0.001, 'Classifier__SVC__coef0': 2, 'Classifier__SVC__degree': 5, 'Classifier__SVC__gamma': 0.001, 'Classifier__SVC__kernel': 'poly', 'Scaler': MinMaxScaler(), 'Selector__max_features': 24}",0.2463768115942029,0.0821256038647343,0.2524271844660194,0.19364319997498555,0.07889352501791616,157
176,0.08807682991027832,0.003179181550640943,0.020334243774414062,0.0016995034559202677,0.001,poly,MinMaxScaler(),2,0.01,2.0,5.0,"{'Classifier__SVC__C': 0.001, 'Classifier__SVC__coef0': 2, 'Classifier__SVC__degree': 5, 'Classifier__SVC__gamma': 0.01, 'Classifier__SVC__kernel': 'poly', 'Scaler': MinMaxScaler(), 'Selector__max_features': 2}",0.06763285024154589,0.0821256038647343,0.2524271844660194,0.13406187952409987,0.08390577666800149,437
177,0.09310340881347656,0.007497055265029673,0.018334070841471355,0.0016989113544222207,0.001,poly,MinMaxScaler(),4,0.01,2.0,5.0,"{'Classifier__SVC__C': 0.001, 'Classifier__SVC__coef0': 2, 'Classifier__SVC__degree': 5, 'Classifier__SVC__gamma': 0.01, 'Classifier__SVC__kernel': 'poly', 'Scaler': MinMaxScaler(), 'Selector__max_features': 4}",0.17391304347826086,0.0821256038647343,0.2524271844660194,0.16948861060300488,0.06959568374319745,351
178,0.08695618311564128,0.0024244237677937363,0.016909360885620117,0.0020819082295398515,0.001,poly,MinMaxScaler(),6,0.01,2.0,5.0,"{'Classifier__SVC__C': 0.001, 'Classifier__SVC__coef0': 2, 'Classifier__SVC__degree': 5, 'Classifier__SVC__gamma': 0.01, 'Classifier__SVC__kernel': 'poly', 'Scaler': MinMaxScaler(), 'Selector__max_features': 6}",0.16908212560386474,0.0821256038647343,0.2524271844660194,0.16787830464487283,0.06953053994468897,355
179,0.08356436093648274,0.0024314314342731183,0.016695499420166016,0.0022175284486045405,0.001,poly,MinMaxScaler(),8,0.01,2.0,5.0,"{'Classifier__SVC__C': 0.001, 'Classifier__SVC__coef0': 2, 'Classifier__SVC__degree': 5, 'Classifier__SVC__gamma': 0.01, 'Classifier__SVC__kernel': 'poly', 'Scaler': MinMaxScaler(), 'Selector__max_features': 8}",0.2222222222222222,0.0821256038647343,0.2524271844660194,0.18559167018432532,0.0741934637542275,218
180,0.07321651776631673,0.006018226692014059,0.015445709228515625,0.0018823326753010404,0.001,poly,MinMaxScaler(),10,0.01,2.0,5.0,"{'Classifier__SVC__C': 0.001, 'Classifier__SVC__coef0': 2, 'Classifier__SVC__degree': 5, 'Classifier__SVC__gamma': 0.01, 'Classifier__SVC__kernel': 'poly', 'Scaler': MinMaxScaler(), 'Selector__max_features': 10}",0.2560386473429952,0.0821256038647343,0.2524271844660194,0.19686381189124966,0.08114556037097727,130
181,0.07450723648071289,0.0031796938040022267,0.021175384521484375,0.002235465903848176,0.001,poly,MinMaxScaler(),12,0.01,2.0,5.0,"{'Classifier__SVC__C': 0.001, 'Classifier__SVC__coef0': 2, 'Classifier__SVC__degree': 5, 'Classifier__SVC__gamma': 0.01, 'Classifier__SVC__kernel': 'poly', 'Scaler': MinMaxScaler(), 'Selector__max_features': 12}",0.2753623188405797,0.0821256038647343,0.2524271844660194,0.2033050357237778,0.08619685271305912,105
182,0.06047574679056803,0.007456655968572593,0.019509315490722656,0.00414175477672428,0.001,poly,MinMaxScaler(),14,0.01,2.0,5.0,"{'Classifier__SVC__C': 0.001, 'Classifier__SVC__coef0': 2, 'Classifier__SVC__degree': 5, 'Classifier__SVC__gamma': 0.01, 'Classifier__SVC__kernel': 'poly', 'Scaler': MinMaxScaler(), 'Selector__max_features': 14}",0.22705314009661837,0.0821256038647343,0.2524271844660194,0.18720197614245737,0.07501885780788752,193
183,0.0705259641011556,0.0077287357031226465,0.020999590555826824,0.0008168289724055454,0.001,poly,MinMaxScaler(),16,0.01,2.0,5.0,"{'Classifier__SVC__C': 0.001, 'Classifier__SVC__coef0': 2, 'Classifier__SVC__degree': 5, 'Classifier__SVC__gamma': 0.01, 'Classifier__SVC__kernel': 'poly', 'Scaler': MinMaxScaler(), 'Selector__max_features': 16}",0.21739130434782608,0.0821256038647343,0.2524271844660194,0.18398136422619327,0.07342944533370029,248
184,0.07709956169128418,0.00825238775105378,0.016022602717081707,0.002369795160117328,0.001,poly,MinMaxScaler(),18,0.01,2.0,5.0,"{'Classifier__SVC__C': 0.001, 'Classifier__SVC__coef0': 2, 'Classifier__SVC__degree': 5, 'Classifier__SVC__gamma': 0.01, 'Classifier__SVC__kernel': 'poly', 'Scaler': MinMaxScaler(), 'Selector__max_features': 18}",0.26570048309178745,0.0821256038647343,0.2524271844660194,0.2000844238075137,0.08358531575909728,123
185,0.07708112398783366,0.00449672213776108,0.020627737045288086,0.0023561785771657453,0.001,poly,MinMaxScaler(),20,0.01,2.0,5.0,"{'Classifier__SVC__C': 0.001, 'Classifier__SVC__coef0': 2, 'Classifier__SVC__degree': 5, 'Classifier__SVC__gamma': 0.01, 'Classifier__SVC__kernel': 'poly', 'Scaler': MinMaxScaler(), 'Selector__max_features': 20}",0.22705314009661837,0.0821256038647343,0.2524271844660194,0.18720197614245737,0.07501885780788752,193
186,0.07457486788431804,0.00993964386778298,0.020020167032877605,0.004440859132150175,0.001,poly,MinMaxScaler(),24,0.01,2.0,5.0,"{'Classifier__SVC__C': 0.001, 'Classifier__SVC__coef0': 2, 'Classifier__SVC__degree': 5, 'Classifier__SVC__gamma': 0.01, 'Classifier__SVC__kernel': 'poly', 'Scaler': MinMaxScaler(), 'Selector__max_features': 24}",0.25120772946859904,0.0821256038647343,0.2524271844660194,0.1952535059331176,0.07999505583646184,152
187,0.0705265998840332,0.0032682416272318666,0.016550779342651367,0.0038993846792486743,0.001,poly,MinMaxScaler(),2,0.001,4.0,3.0,"{'Classifier__SVC__C': 0.001, 'Classifier__SVC__coef0': 4, 'Classifier__SVC__degree': 3, 'Classifier__SVC__gamma': 0.001, 'Classifier__SVC__kernel': 'poly', 'Scaler': MinMaxScaler(), 'Selector__max_features': 2}",0.06763285024154589,0.0821256038647343,0.2524271844660194,0.13406187952409987,0.08390577666800149,437
188,0.07527812321980794,0.0024560306422792295,0.01938184102376302,0.00022680624078662441,0.001,poly,MinMaxScaler(),4,0.001,4.0,3.0,"{'Classifier__SVC__C': 0.001, 'Classifier__SVC__coef0': 4, 'Classifier__SVC__degree': 3, 'Classifier__SVC__gamma': 0.001, 'Classifier__SVC__kernel': 'poly', 'Scaler': MinMaxScaler(), 'Selector__max_features': 4}",0.178743961352657,0.0821256038647343,0.2524271844660194,0.17109891656113688,0.06973517582598834,338
189,0.08263436953226726,0.009339228964873688,0.02125406265258789,0.002437980452123666,0.001,poly,MinMaxScaler(),6,0.001,4.0,3.0,"{'Classifier__SVC__C': 0.001, 'Classifier__SVC__coef0': 4, 'Classifier__SVC__degree': 3, 'Classifier__SVC__gamma': 0.001, 'Classifier__SVC__kernel': 'poly', 'Scaler': MinMaxScaler(), 'Selector__max_features': 6}",0.16908212560386474,0.0821256038647343,0.2524271844660194,0.16787830464487283,0.06953053994468897,355
190,0.0796218713124593,0.006133036564788999,0.021889527638753254,0.0018742393337088951,0.001,poly,MinMaxScaler(),8,0.001,4.0,3.0,"{'Classifier__SVC__C': 0.001, 'Classifier__SVC__coef0': 4, 'Classifier__SVC__degree': 3, 'Classifier__SVC__gamma': 0.001, 'Classifier__SVC__kernel': 'poly', 'Scaler': MinMaxScaler(), 'Selector__max_features': 8}",0.2222222222222222,0.0821256038647343,0.2524271844660194,0.18559167018432532,0.0741934637542275,218
191,0.07084314028422038,0.013970398579444574,0.020880778630574543,0.004338801875485089,0.001,poly,MinMaxScaler(),10,0.001,4.0,3.0,"{'Classifier__SVC__C': 0.001, 'Classifier__SVC__coef0': 4, 'Classifier__SVC__degree': 3, 'Classifier__SVC__gamma': 0.001, 'Classifier__SVC__kernel': 'poly', 'Scaler': MinMaxScaler(), 'Selector__max_features': 10}",0.2560386473429952,0.0821256038647343,0.2524271844660194,0.19686381189124966,0.08114556037097727,130
192,0.09326879183451335,0.00913095274685985,0.022586345672607422,0.0007676531296353439,0.001,poly,MinMaxScaler(),12,0.001,4.0,3.0,"{'Classifier__SVC__C': 0.001, 'Classifier__SVC__coef0': 4, 'Classifier__SVC__degree': 3, 'Classifier__SVC__gamma': 0.001, 'Classifier__SVC__kernel': 'poly', 'Scaler': MinMaxScaler(), 'Selector__max_features': 12}",0.27053140096618356,0.0821256038647343,0.2524271844660194,0.20169472976564576,0.08487057819724578,113
193,0.08504303296407063,0.014086090819734288,0.023137648900349934,0.00039969414517999365,0.001,poly,MinMaxScaler(),14,0.001,4.0,3.0,"{'Classifier__SVC__C': 0.001, 'Classifier__SVC__coef0': 4, 'Classifier__SVC__degree': 3, 'Classifier__SVC__gamma': 0.001, 'Classifier__SVC__kernel': 'poly', 'Scaler': MinMaxScaler(), 'Selector__max_features': 14}",0.22705314009661837,0.0821256038647343,0.2524271844660194,0.18720197614245737,0.07501885780788752,193
194,0.08894689877827962,0.008209256809163753,0.02342367172241211,0.0008960815892789819,0.001,poly,MinMaxScaler(),16,0.001,4.0,3.0,"{'Classifier__SVC__C': 0.001, 'Classifier__SVC__coef0': 4, 'Classifier__SVC__degree': 3, 'Classifier__SVC__gamma': 0.001, 'Classifier__SVC__kernel': 'poly', 'Scaler': MinMaxScaler(), 'Selector__max_features': 16}",0.20772946859903382,0.0821256038647343,0.2524271844660194,0.1807607523099292,0.07209318429428987,273
195,0.0938109556833903,0.002024369061265356,0.02280394236246745,0.0020228351857081626,0.001,poly,MinMaxScaler(),18,0.001,4.0,3.0,"{'Classifier__SVC__C': 0.001, 'Classifier__SVC__coef0': 4, 'Classifier__SVC__degree': 3, 'Classifier__SVC__gamma': 0.001, 'Classifier__SVC__kernel': 'poly', 'Scaler': MinMaxScaler(), 'Selector__max_features': 18}",0.2560386473429952,0.0821256038647343,0.2524271844660194,0.19686381189124966,0.08114556037097727,130
196,0.0931851069132487,0.011496511345737351,0.02223817507425944,0.0008530262108762185,0.001,poly,MinMaxScaler(),20,0.001,4.0,3.0,"{'Classifier__SVC__C': 0.001, 'Classifier__SVC__coef0': 4, 'Classifier__SVC__degree': 3, 'Classifier__SVC__gamma': 0.001, 'Classifier__SVC__kernel': 'poly', 'Scaler': MinMaxScaler(), 'Selector__max_features': 20}",0.2222222222222222,0.0821256038647343,0.2524271844660194,0.18559167018432532,0.0741934637542275,218
197,0.09481978416442871,0.005464847846939949,0.022194623947143555,0.001924884177520549,0.001,poly,MinMaxScaler(),24,0.001,4.0,3.0,"{'Classifier__SVC__C': 0.001, 'Classifier__SVC__coef0': 4, 'Classifier__SVC__degree': 3, 'Classifier__SVC__gamma': 0.001, 'Classifier__SVC__kernel': 'poly', 'Scaler': MinMaxScaler(), 'Selector__max_features': 24}",0.2463768115942029,0.0821256038647343,0.2524271844660194,0.19364319997498555,0.07889352501791616,157
198,0.08299422264099121,0.0017061921619877702,0.02086218198140462,0.003399266659329731,0.001,poly,MinMaxScaler(),2,0.01,4.0,3.0,"{'Classifier__SVC__C': 0.001, 'Classifier__SVC__coef0': 4, 'Classifier__SVC__degree': 3, 'Classifier__SVC__gamma': 0.01, 'Classifier__SVC__kernel': 'poly', 'Scaler': MinMaxScaler(), 'Selector__max_features': 2}",0.06763285024154589,0.0821256038647343,0.2524271844660194,0.13406187952409987,0.08390577666800149,437
199,0.08147652943929036,0.005729295989753387,0.01650849978129069,0.0004089410038019749,0.001,poly,MinMaxScaler(),4,0.01,4.0,3.0,"{'Classifier__SVC__C': 0.001, 'Classifier__SVC__coef0': 4, 'Classifier__SVC__degree': 3, 'Classifier__SVC__gamma': 0.01, 'Classifier__SVC__kernel': 'poly', 'Scaler': MinMaxScaler(), 'Selector__max_features': 4}",0.178743961352657,0.0821256038647343,0.2524271844660194,0.17109891656113688,0.06973517582598834,338
200,0.09095199902852376,0.0024702222130658777,0.01599438985188802,0.002853835676756332,0.001,poly,MinMaxScaler(),6,0.01,4.0,3.0,"{'Classifier__SVC__C': 0.001, 'Classifier__SVC__coef0': 4, 'Classifier__SVC__degree': 3, 'Classifier__SVC__gamma': 0.01, 'Classifier__SVC__kernel': 'poly', 'Scaler': MinMaxScaler(), 'Selector__max_features': 6}",0.16908212560386474,0.0821256038647343,0.2524271844660194,0.16787830464487283,0.06953053994468897,355
201,0.08282836278279622,0.002257092762106234,0.016870896021525066,0.002740868463088707,0.001,poly,MinMaxScaler(),8,0.01,4.0,3.0,"{'Classifier__SVC__C': 0.001, 'Classifier__SVC__coef0': 4, 'Classifier__SVC__degree': 3, 'Classifier__SVC__gamma': 0.01, 'Classifier__SVC__kernel': 'poly', 'Scaler': MinMaxScaler(), 'Selector__max_features': 8}",0.2222222222222222,0.0821256038647343,0.2524271844660194,0.18559167018432532,0.0741934637542275,218
202,0.0765533447265625,0.004401472145852503,0.0197909673055013,0.006758634579766011,0.001,poly,MinMaxScaler(),10,0.01,4.0,3.0,"{'Classifier__SVC__C': 0.001, 'Classifier__SVC__coef0': 4, 'Classifier__SVC__degree': 3, 'Classifier__SVC__gamma': 0.01, 'Classifier__SVC__kernel': 'poly', 'Scaler': MinMaxScaler(), 'Selector__max_features': 10}",0.2560386473429952,0.0821256038647343,0.2524271844660194,0.19686381189124966,0.08114556037097727,130
203,0.0607003370920817,0.00679693135764727,0.02112277348836263,0.0009493751845967763,0.001,poly,MinMaxScaler(),12,0.01,4.0,3.0,"{'Classifier__SVC__C': 0.001, 'Classifier__SVC__coef0': 4, 'Classifier__SVC__degree': 3, 'Classifier__SVC__gamma': 0.01, 'Classifier__SVC__kernel': 'poly', 'Scaler': MinMaxScaler(), 'Selector__max_features': 12}",0.27053140096618356,0.0821256038647343,0.2524271844660194,0.20169472976564576,0.08487057819724578,113
204,0.07178505261739095,0.007949672119028264,0.0286562442779541,0.005637264601136258,0.001,poly,MinMaxScaler(),14,0.01,4.0,3.0,"{'Classifier__SVC__C': 0.001, 'Classifier__SVC__coef0': 4, 'Classifier__SVC__degree': 3, 'Classifier__SVC__gamma': 0.01, 'Classifier__SVC__kernel': 'poly', 'Scaler': MinMaxScaler(), 'Selector__max_features': 14}",0.22705314009661837,0.0821256038647343,0.2524271844660194,0.18720197614245737,0.07501885780788752,193
205,0.07932853698730469,0.0013025742854543875,0.022388935089111328,0.0016958094038567273,0.001,poly,MinMaxScaler(),16,0.01,4.0,3.0,"{'Classifier__SVC__C': 0.001, 'Classifier__SVC__coef0': 4, 'Classifier__SVC__degree': 3, 'Classifier__SVC__gamma': 0.01, 'Classifier__SVC__kernel': 'poly', 'Scaler': MinMaxScaler(), 'Selector__max_features': 16}",0.20772946859903382,0.0821256038647343,0.2524271844660194,0.1807607523099292,0.07209318429428987,273
206,0.07845807075500488,0.010605868763385238,0.023198763529459637,0.0010118616014685112,0.001,poly,MinMaxScaler(),18,0.01,4.0,3.0,"{'Classifier__SVC__C': 0.001, 'Classifier__SVC__coef0': 4, 'Classifier__SVC__degree': 3, 'Classifier__SVC__gamma': 0.01, 'Classifier__SVC__kernel': 'poly', 'Scaler': MinMaxScaler(), 'Selector__max_features': 18}",0.2560386473429952,0.0821256038647343,0.2524271844660194,0.19686381189124966,0.08114556037097727,130
207,0.0803992748260498,0.0021735041712832707,0.021843353907267254,0.0015386175639624487,0.001,poly,MinMaxScaler(),20,0.01,4.0,3.0,"{'Classifier__SVC__C': 0.001, 'Classifier__SVC__coef0': 4, 'Classifier__SVC__degree': 3, 'Classifier__SVC__gamma': 0.01, 'Classifier__SVC__kernel': 'poly', 'Scaler': MinMaxScaler(), 'Selector__max_features': 20}",0.2222222222222222,0.0821256038647343,0.2524271844660194,0.18559167018432532,0.0741934637542275,218
208,0.08977222442626953,0.0012498066713201637,0.02099919319152832,0.0024494100095273264,0.001,poly,MinMaxScaler(),24,0.01,4.0,3.0,"{'Classifier__SVC__C': 0.001, 'Classifier__SVC__coef0': 4, 'Classifier__SVC__degree': 3, 'Classifier__SVC__gamma': 0.01, 'Classifier__SVC__kernel': 'poly', 'Scaler': MinMaxScaler(), 'Selector__max_features': 24}",0.2463768115942029,0.0821256038647343,0.2524271844660194,0.19364319997498555,0.07889352501791616,157
209,0.08658154805501302,0.0012472140582616227,0.018821875254313152,0.0014224142389811908,0.001,poly,MinMaxScaler(),2,0.001,4.0,5.0,"{'Classifier__SVC__C': 0.001, 'Classifier__SVC__coef0': 4, 'Classifier__SVC__degree': 5, 'Classifier__SVC__gamma': 0.001, 'Classifier__SVC__kernel': 'poly', 'Scaler': MinMaxScaler(), 'Selector__max_features': 2}",0.06763285024154589,0.0821256038647343,0.2524271844660194,0.13406187952409987,0.08390577666800149,437
210,0.08630124727884929,0.006364137413428337,0.018560409545898438,0.003158934951119863,0.001,poly,MinMaxScaler(),4,0.001,4.0,5.0,"{'Classifier__SVC__C': 0.001, 'Classifier__SVC__coef0': 4, 'Classifier__SVC__degree': 5, 'Classifier__SVC__gamma': 0.001, 'Classifier__SVC__kernel': 'poly', 'Scaler': MinMaxScaler(), 'Selector__max_features': 4}",0.178743961352657,0.0821256038647343,0.2524271844660194,0.17109891656113688,0.06973517582598834,338
211,0.09203815460205078,0.005776607834513817,0.02023911476135254,0.0010035705532874673,0.001,poly,MinMaxScaler(),6,0.001,4.0,5.0,"{'Classifier__SVC__C': 0.001, 'Classifier__SVC__coef0': 4, 'Classifier__SVC__degree': 5, 'Classifier__SVC__gamma': 0.001, 'Classifier__SVC__kernel': 'poly', 'Scaler': MinMaxScaler(), 'Selector__max_features': 6}",0.16908212560386474,0.0821256038647343,0.2524271844660194,0.16787830464487283,0.06953053994468897,355
212,0.07619023323059082,0.005410748759360604,0.018875281016031902,0.0010413596856458495,0.001,poly,MinMaxScaler(),8,0.001,4.0,5.0,"{'Classifier__SVC__C': 0.001, 'Classifier__SVC__coef0': 4, 'Classifier__SVC__degree': 5, 'Classifier__SVC__gamma': 0.001, 'Classifier__SVC__kernel': 'poly', 'Scaler': MinMaxScaler(), 'Selector__max_features': 8}",0.2222222222222222,0.0821256038647343,0.2524271844660194,0.18559167018432532,0.0741934637542275,218
213,0.07378864288330078,0.002529291211737349,0.0386361281077067,0.026855197158971528,0.001,poly,MinMaxScaler(),10,0.001,4.0,5.0,"{'Classifier__SVC__C': 0.001, 'Classifier__SVC__coef0': 4, 'Classifier__SVC__degree': 5, 'Classifier__SVC__gamma': 0.001, 'Classifier__SVC__kernel': 'poly', 'Scaler': MinMaxScaler(), 'Selector__max_features': 10}",0.2560386473429952,0.0821256038647343,0.2524271844660194,0.19686381189124966,0.08114556037097727,130
214,0.09952465693155925,0.02446314297135404,0.023519436518351238,0.0017399740895664617,0.001,poly,MinMaxScaler(),12,0.001,4.0,5.0,"{'Classifier__SVC__C': 0.001, 'Classifier__SVC__coef0': 4, 'Classifier__SVC__degree': 5, 'Classifier__SVC__gamma': 0.001, 'Classifier__SVC__kernel': 'poly', 'Scaler': MinMaxScaler(), 'Selector__max_features': 12}",0.27053140096618356,0.0821256038647343,0.2524271844660194,0.20169472976564576,0.08487057819724578,113
215,0.09698239962259929,0.01517780607386011,0.02335468928019206,0.0007447321581671804,0.001,poly,MinMaxScaler(),14,0.001,4.0,5.0,"{'Classifier__SVC__C': 0.001, 'Classifier__SVC__coef0': 4, 'Classifier__SVC__degree': 5, 'Classifier__SVC__gamma': 0.001, 'Classifier__SVC__kernel': 'poly', 'Scaler': MinMaxScaler(), 'Selector__max_features': 14}",0.22705314009661837,0.0821256038647343,0.2524271844660194,0.18720197614245737,0.07501885780788752,193
216,0.09451985359191895,0.008423492351044577,0.024250268936157227,0.0023990031666074763,0.001,poly,MinMaxScaler(),16,0.001,4.0,5.0,"{'Classifier__SVC__C': 0.001, 'Classifier__SVC__coef0': 4, 'Classifier__SVC__degree': 5, 'Classifier__SVC__gamma': 0.001, 'Classifier__SVC__kernel': 'poly', 'Scaler': MinMaxScaler(), 'Selector__max_features': 16}",0.20772946859903382,0.0821256038647343,0.2524271844660194,0.1807607523099292,0.07209318429428987,273
217,0.1035474141438802,0.006078600340972872,0.023098866144816082,0.0006212226351320525,0.001,poly,MinMaxScaler(),18,0.001,4.0,5.0,"{'Classifier__SVC__C': 0.001, 'Classifier__SVC__coef0': 4, 'Classifier__SVC__degree': 5, 'Classifier__SVC__gamma': 0.001, 'Classifier__SVC__kernel': 'poly', 'Scaler': MinMaxScaler(), 'Selector__max_features': 18}",0.2560386473429952,0.0821256038647343,0.2524271844660194,0.19686381189124966,0.08114556037097727,130
218,0.09908397992451985,0.005654431665764918,0.02080559730529785,0.0027997725163738615,0.001,poly,MinMaxScaler(),20,0.001,4.0,5.0,"{'Classifier__SVC__C': 0.001, 'Classifier__SVC__coef0': 4, 'Classifier__SVC__degree': 5, 'Classifier__SVC__gamma': 0.001, 'Classifier__SVC__kernel': 'poly', 'Scaler': MinMaxScaler(), 'Selector__max_features': 20}",0.2222222222222222,0.0821256038647343,0.2524271844660194,0.18559167018432532,0.0741934637542275,218
219,0.1140431563059489,0.00411157173815823,0.021209319432576496,0.0008488847965256456,0.001,poly,MinMaxScaler(),24,0.001,4.0,5.0,"{'Classifier__SVC__C': 0.001, 'Classifier__SVC__coef0': 4, 'Classifier__SVC__degree': 5, 'Classifier__SVC__gamma': 0.001, 'Classifier__SVC__kernel': 'poly', 'Scaler': MinMaxScaler(), 'Selector__max_features': 24}",0.2463768115942029,0.0821256038647343,0.2524271844660194,0.19364319997498555,0.07889352501791616,157
220,0.0966331164042155,0.00040797175596044434,0.018704652786254883,0.0012975015518148318,0.001,poly,MinMaxScaler(),2,0.01,4.0,5.0,"{'Classifier__SVC__C': 0.001, 'Classifier__SVC__coef0': 4, 'Classifier__SVC__degree': 5, 'Classifier__SVC__gamma': 0.01, 'Classifier__SVC__kernel': 'poly', 'Scaler': MinMaxScaler(), 'Selector__max_features': 2}",0.06763285024154589,0.0821256038647343,0.2524271844660194,0.13406187952409987,0.08390577666800149,437
221,0.1010893980662028,0.0029432485750364337,0.01905981699625651,0.0014143982327145615,0.001,poly,MinMaxScaler(),4,0.01,4.0,5.0,"{'Classifier__SVC__C': 0.001, 'Classifier__SVC__coef0': 4, 'Classifier__SVC__degree': 5, 'Classifier__SVC__gamma': 0.01, 'Classifier__SVC__kernel': 'poly', 'Scaler': MinMaxScaler(), 'Selector__max_features': 4}",0.178743961352657,0.0821256038647343,0.2524271844660194,0.17109891656113688,0.06973517582598834,338
222,0.08584817250569661,0.0018579782814608248,0.017550309499104817,0.0028688393705643194,0.001,poly,MinMaxScaler(),6,0.01,4.0,5.0,"{'Classifier__SVC__C': 0.001, 'Classifier__SVC__coef0': 4, 'Classifier__SVC__degree': 5, 'Classifier__SVC__gamma': 0.01, 'Classifier__SVC__kernel': 'poly', 'Scaler': MinMaxScaler(), 'Selector__max_features': 6}",0.16908212560386474,0.0821256038647343,0.2524271844660194,0.16787830464487283,0.06953053994468897,355
223,0.08180634180704753,0.004117059171354784,0.021939675013224285,0.0011602049125744663,0.001,poly,MinMaxScaler(),8,0.01,4.0,5.0,"{'Classifier__SVC__C': 0.001, 'Classifier__SVC__coef0': 4, 'Classifier__SVC__degree': 5, 'Classifier__SVC__gamma': 0.01, 'Classifier__SVC__kernel': 'poly', 'Scaler': MinMaxScaler(), 'Selector__max_features': 8}",0.2222222222222222,0.0821256038647343,0.2524271844660194,0.18559167018432532,0.0741934637542275,218
224,0.08299485842386882,0.005565719202570548,0.023585716883341473,0.0014165325668568575,0.001,poly,MinMaxScaler(),10,0.01,4.0,5.0,"{'Classifier__SVC__C': 0.001, 'Classifier__SVC__coef0': 4, 'Classifier__SVC__degree': 5, 'Classifier__SVC__gamma': 0.01, 'Classifier__SVC__kernel': 'poly', 'Scaler': MinMaxScaler(), 'Selector__max_features': 10}",0.2560386473429952,0.0821256038647343,0.2524271844660194,0.19686381189124966,0.08114556037097727,130
225,0.08284107844034831,0.007177620638951668,0.02392411231994629,0.0010363951332890216,0.001,poly,MinMaxScaler(),12,0.01,4.0,5.0,"{'Classifier__SVC__C': 0.001, 'Classifier__SVC__coef0': 4, 'Classifier__SVC__degree': 5, 'Classifier__SVC__gamma': 0.01, 'Classifier__SVC__kernel': 'poly', 'Scaler': MinMaxScaler(), 'Selector__max_features': 12}",0.2753623188405797,0.0821256038647343,0.2524271844660194,0.2033050357237778,0.08619685271305912,105
226,0.08252406120300293,0.004497434880808008,0.026425282160441082,0.0029640377790412136,0.001,poly,MinMaxScaler(),14,0.01,4.0,5.0,"{'Classifier__SVC__C': 0.001, 'Classifier__SVC__coef0': 4, 'Classifier__SVC__degree': 5, 'Classifier__SVC__gamma': 0.01, 'Classifier__SVC__kernel': 'poly', 'Scaler': MinMaxScaler(), 'Selector__max_features': 14}",0.22705314009661837,0.0821256038647343,0.2524271844660194,0.18720197614245737,0.07501885780788752,193
227,0.09415785471598308,0.005010361655310128,0.024582942326863606,0.0006902587584609884,0.001,poly,MinMaxScaler(),16,0.01,4.0,5.0,"{'Classifier__SVC__C': 0.001, 'Classifier__SVC__coef0': 4, 'Classifier__SVC__degree': 5, 'Classifier__SVC__gamma': 0.01, 'Classifier__SVC__kernel': 'poly', 'Scaler': MinMaxScaler(), 'Selector__max_features': 16}",0.21256038647342995,0.0821256038647343,0.2524271844660194,0.18237105826806121,0.07272873683280269,253
228,0.09467458724975586,0.008294302388859176,0.02455735206604004,0.0007272911242265393,0.001,poly,MinMaxScaler(),18,0.01,4.0,5.0,"{'Classifier__SVC__C': 0.001, 'Classifier__SVC__coef0': 4, 'Classifier__SVC__degree': 5, 'Classifier__SVC__gamma': 0.01, 'Classifier__SVC__kernel': 'poly', 'Scaler': MinMaxScaler(), 'Selector__max_features': 18}",0.26570048309178745,0.0821256038647343,0.2524271844660194,0.2000844238075137,0.08358531575909728,123
229,0.09845662117004395,0.0019782061004368226,0.02074710528055827,0.0026474521226928552,0.001,poly,MinMaxScaler(),20,0.01,4.0,5.0,"{'Classifier__SVC__C': 0.001, 'Classifier__SVC__coef0': 4, 'Classifier__SVC__degree': 5, 'Classifier__SVC__gamma': 0.01, 'Classifier__SVC__kernel': 'poly', 'Scaler': MinMaxScaler(), 'Selector__max_features': 20}",0.22705314009661837,0.0821256038647343,0.2524271844660194,0.18720197614245737,0.07501885780788752,193
230,0.09638261795043945,0.005342743960850727,0.020273605982462566,0.0022608423595079853,0.001,poly,MinMaxScaler(),24,0.01,4.0,5.0,"{'Classifier__SVC__C': 0.001, 'Classifier__SVC__coef0': 4, 'Classifier__SVC__degree': 5, 'Classifier__SVC__gamma': 0.01, 'Classifier__SVC__kernel': 'poly', 'Scaler': MinMaxScaler(), 'Selector__max_features': 24}",0.2463768115942029,0.0821256038647343,0.2524271844660194,0.19364319997498555,0.07889352501791616,157
231,0.08772691090901692,0.0035162088783367434,0.020731210708618164,0.0012549680489582053,0.001,poly,MinMaxScaler(),2,0.001,6.0,3.0,"{'Classifier__SVC__C': 0.001, 'Classifier__SVC__coef0': 6, 'Classifier__SVC__degree': 3, 'Classifier__SVC__gamma': 0.001, 'Classifier__SVC__kernel': 'poly', 'Scaler': MinMaxScaler(), 'Selector__max_features': 2}",0.06763285024154589,0.0821256038647343,0.2524271844660194,0.13406187952409987,0.08390577666800149,437
232,0.08453941345214844,0.004029147105692782,0.01553201675415039,0.000816160043433141,0.001,poly,MinMaxScaler(),4,0.001,6.0,3.0,"{'Classifier__SVC__C': 0.001, 'Classifier__SVC__coef0': 6, 'Classifier__SVC__degree': 3, 'Classifier__SVC__gamma': 0.001, 'Classifier__SVC__kernel': 'poly', 'Scaler': MinMaxScaler(), 'Selector__max_features': 4}",0.178743961352657,0.0821256038647343,0.2524271844660194,0.17109891656113688,0.06973517582598834,338
233,0.08235716819763184,0.0048863024823033166,0.019188324610392254,0.00016984880375769368,0.001,poly,MinMaxScaler(),6,0.001,6.0,3.0,"{'Classifier__SVC__C': 0.001, 'Classifier__SVC__coef0': 6, 'Classifier__SVC__degree': 3, 'Classifier__SVC__gamma': 0.001, 'Classifier__SVC__kernel': 'poly', 'Scaler': MinMaxScaler(), 'Selector__max_features': 6}",0.16908212560386474,0.0821256038647343,0.2524271844660194,0.16787830464487283,0.06953053994468897,355
234,0.07846736907958984,0.004589945471260001,0.01722089449564616,0.0022600438911831553,0.001,poly,MinMaxScaler(),8,0.001,6.0,3.0,"{'Classifier__SVC__C': 0.001, 'Classifier__SVC__coef0': 6, 'Classifier__SVC__degree': 3, 'Classifier__SVC__gamma': 0.001, 'Classifier__SVC__kernel': 'poly', 'Scaler': MinMaxScaler(), 'Selector__max_features': 8}",0.2222222222222222,0.0821256038647343,0.2524271844660194,0.18559167018432532,0.0741934637542275,218
235,0.08158993721008301,0.011788076323797119,0.020725170771280926,0.00047198875842789976,0.001,poly,MinMaxScaler(),10,0.001,6.0,3.0,"{'Classifier__SVC__C': 0.001, 'Classifier__SVC__coef0': 6, 'Classifier__SVC__degree': 3, 'Classifier__SVC__gamma': 0.001, 'Classifier__SVC__kernel': 'poly', 'Scaler': MinMaxScaler(), 'Selector__max_features': 10}",0.2560386473429952,0.0821256038647343,0.2524271844660194,0.19686381189124966,0.08114556037097727,130
236,0.10967373847961426,0.017739612578083867,0.02074265480041504,0.002058530845931168,0.001,poly,MinMaxScaler(),12,0.001,6.0,3.0,"{'Classifier__SVC__C': 0.001, 'Classifier__SVC__coef0': 6, 'Classifier__SVC__degree': 3, 'Classifier__SVC__gamma': 0.001, 'Classifier__SVC__kernel': 'poly', 'Scaler': MinMaxScaler(), 'Selector__max_features': 12}",0.27053140096618356,0.0821256038647343,0.2524271844660194,0.20169472976564576,0.08487057819724578,113
237,0.10147476196289062,0.018338502719778837,0.020563443501790363,0.004275188918602004,0.001,poly,MinMaxScaler(),14,0.001,6.0,3.0,"{'Classifier__SVC__C': 0.001, 'Classifier__SVC__coef0': 6, 'Classifier__SVC__degree': 3, 'Classifier__SVC__gamma': 0.001, 'Classifier__SVC__kernel': 'poly', 'Scaler': MinMaxScaler(), 'Selector__max_features': 14}",0.22705314009661837,0.0821256038647343,0.2524271844660194,0.18720197614245737,0.07501885780788752,193
238,0.10542035102844238,0.011931048343637453,0.023560126622517902,0.002036967622071135,0.001,poly,MinMaxScaler(),16,0.001,6.0,3.0,"{'Classifier__SVC__C': 0.001, 'Classifier__SVC__coef0': 6, 'Classifier__SVC__degree': 3, 'Classifier__SVC__gamma': 0.001, 'Classifier__SVC__kernel': 'poly', 'Scaler': MinMaxScaler(), 'Selector__max_features': 16}",0.20772946859903382,0.0821256038647343,0.2524271844660194,0.1807607523099292,0.07209318429428987,273
239,0.10243622461954753,0.00451472682520963,0.0226900577545166,0.0010106879561064012,0.001,poly,MinMaxScaler(),18,0.001,6.0,3.0,"{'Classifier__SVC__C': 0.001, 'Classifier__SVC__coef0': 6, 'Classifier__SVC__degree': 3, 'Classifier__SVC__gamma': 0.001, 'Classifier__SVC__kernel': 'poly', 'Scaler': MinMaxScaler(), 'Selector__max_features': 18}",0.2560386473429952,0.0821256038647343,0.2524271844660194,0.19686381189124966,0.08114556037097727,130
240,0.09227371215820312,0.009847414709153485,0.02150837580362956,0.0030973976703797634,0.001,poly,MinMaxScaler(),20,0.001,6.0,3.0,"{'Classifier__SVC__C': 0.001, 'Classifier__SVC__coef0': 6, 'Classifier__SVC__degree': 3, 'Classifier__SVC__gamma': 0.001, 'Classifier__SVC__kernel': 'poly', 'Scaler': MinMaxScaler(), 'Selector__max_features': 20}",0.2222222222222222,0.0821256038647343,0.2524271844660194,0.18559167018432532,0.0741934637542275,218
241,0.09424455960591634,0.00910019930130949,0.018283367156982422,0.0028030736442468565,0.001,poly,MinMaxScaler(),24,0.001,6.0,3.0,"{'Classifier__SVC__C': 0.001, 'Classifier__SVC__coef0': 6, 'Classifier__SVC__degree': 3, 'Classifier__SVC__gamma': 0.001, 'Classifier__SVC__kernel': 'poly', 'Scaler': MinMaxScaler(), 'Selector__max_features': 24}",0.2463768115942029,0.0821256038647343,0.2524271844660194,0.19364319997498555,0.07889352501791616,157
242,0.09165795644124348,0.008064511217212534,0.014564990997314453,0.0005078188128950124,0.001,poly,MinMaxScaler(),2,0.01,6.0,3.0,"{'Classifier__SVC__C': 0.001, 'Classifier__SVC__coef0': 6, 'Classifier__SVC__degree': 3, 'Classifier__SVC__gamma': 0.01, 'Classifier__SVC__kernel': 'poly', 'Scaler': MinMaxScaler(), 'Selector__max_features': 2}",0.06763285024154589,0.0821256038647343,0.2524271844660194,0.13406187952409987,0.08390577666800149,437
243,0.07742770512898763,0.002412802179908346,0.01485292116800944,0.001413998683041646,0.001,poly,MinMaxScaler(),4,0.01,6.0,3.0,"{'Classifier__SVC__C': 0.001, 'Classifier__SVC__coef0': 6, 'Classifier__SVC__degree': 3, 'Classifier__SVC__gamma': 0.01, 'Classifier__SVC__kernel': 'poly', 'Scaler': MinMaxScaler(), 'Selector__max_features': 4}",0.178743961352657,0.0821256038647343,0.2524271844660194,0.17109891656113688,0.06973517582598834,338
244,0.07878597577412923,0.004714898291742178,0.015472173690795898,0.002453560790236188,0.001,poly,MinMaxScaler(),6,0.01,6.0,3.0,"{'Classifier__SVC__C': 0.001, 'Classifier__SVC__coef0': 6, 'Classifier__SVC__degree': 3, 'Classifier__SVC__gamma': 0.01, 'Classifier__SVC__kernel': 'poly', 'Scaler': MinMaxScaler(), 'Selector__max_features': 6}",0.16908212560386474,0.0821256038647343,0.2524271844660194,0.16787830464487283,0.06953053994468897,355
245,0.06880935033162434,0.007382192479650752,0.019012053807576496,0.000489239817114199,0.001,poly,MinMaxScaler(),8,0.01,6.0,3.0,"{'Classifier__SVC__C': 0.001, 'Classifier__SVC__coef0': 6, 'Classifier__SVC__degree': 3, 'Classifier__SVC__gamma': 0.01, 'Classifier__SVC__kernel': 'poly', 'Scaler': MinMaxScaler(), 'Selector__max_features': 8}",0.2222222222222222,0.0821256038647343,0.2524271844660194,0.18559167018432532,0.0741934637542275,218
246,0.06421748797098796,0.00456580213565259,0.019750197728474934,0.0004016327955147826,0.001,poly,MinMaxScaler(),10,0.01,6.0,3.0,"{'Classifier__SVC__C': 0.001, 'Classifier__SVC__coef0': 6, 'Classifier__SVC__degree': 3, 'Classifier__SVC__gamma': 0.01, 'Classifier__SVC__kernel': 'poly', 'Scaler': MinMaxScaler(), 'Selector__max_features': 10}",0.2560386473429952,0.0821256038647343,0.2524271844660194,0.19686381189124966,0.08114556037097727,130
247,0.07143982251485188,0.0027211520786036883,0.021198113759358723,0.0012507316303789872,0.001,poly,MinMaxScaler(),12,0.01,6.0,3.0,"{'Classifier__SVC__C': 0.001, 'Classifier__SVC__coef0': 6, 'Classifier__SVC__degree': 3, 'Classifier__SVC__gamma': 0.01, 'Classifier__SVC__kernel': 'poly', 'Scaler': MinMaxScaler(), 'Selector__max_features': 12}",0.27053140096618356,0.0821256038647343,0.2524271844660194,0.20169472976564576,0.08487057819724578,113
248,0.06860152880350749,0.00497283557452183,0.019533395767211914,0.0035535205930979016,0.001,poly,MinMaxScaler(),14,0.01,6.0,3.0,"{'Classifier__SVC__C': 0.001, 'Classifier__SVC__coef0': 6, 'Classifier__SVC__degree': 3, 'Classifier__SVC__gamma': 0.01, 'Classifier__SVC__kernel': 'poly', 'Scaler': MinMaxScaler(), 'Selector__max_features': 14}",0.22705314009661837,0.0821256038647343,0.2524271844660194,0.18720197614245737,0.07501885780788752,193
249,0.07196672757466634,0.004836172753354958,0.01951448122660319,0.001090372043161407,0.001,poly,MinMaxScaler(),16,0.01,6.0,3.0,"{'Classifier__SVC__C': 0.001, 'Classifier__SVC__coef0': 6, 'Classifier__SVC__degree': 3, 'Classifier__SVC__gamma': 0.01, 'Classifier__SVC__kernel': 'poly', 'Scaler': MinMaxScaler(), 'Selector__max_features': 16}",0.20772946859903382,0.0821256038647343,0.2524271844660194,0.1807607523099292,0.07209318429428987,273
250,0.06677508354187012,0.018089171422654825,0.016778310139973957,0.004072328812530445,0.001,poly,MinMaxScaler(),18,0.01,6.0,3.0,"{'Classifier__SVC__C': 0.001, 'Classifier__SVC__coef0': 6, 'Classifier__SVC__degree': 3, 'Classifier__SVC__gamma': 0.01, 'Classifier__SVC__kernel': 'poly', 'Scaler': MinMaxScaler(), 'Selector__max_features': 18}",0.2560386473429952,0.0821256038647343,0.2524271844660194,0.19686381189124966,0.08114556037097727,130
251,0.07419149080912273,0.007314449722042402,0.01761325200398763,0.002608103183468381,0.001,poly,MinMaxScaler(),20,0.01,6.0,3.0,"{'Classifier__SVC__C': 0.001, 'Classifier__SVC__coef0': 6, 'Classifier__SVC__degree': 3, 'Classifier__SVC__gamma': 0.01, 'Classifier__SVC__kernel': 'poly', 'Scaler': MinMaxScaler(), 'Selector__max_features': 20}",0.2222222222222222,0.0821256038647343,0.2524271844660194,0.18559167018432532,0.0741934637542275,218
252,0.07901819547017415,0.0011241242644300091,0.01746257146199544,0.0025556400433201978,0.001,poly,MinMaxScaler(),24,0.01,6.0,3.0,"{'Classifier__SVC__C': 0.001, 'Classifier__SVC__coef0': 6, 'Classifier__SVC__degree': 3, 'Classifier__SVC__gamma': 0.01, 'Classifier__SVC__kernel': 'poly', 'Scaler': MinMaxScaler(), 'Selector__max_features': 24}",0.2463768115942029,0.0821256038647343,0.2524271844660194,0.19364319997498555,0.07889352501791616,157
253,0.06782166163126628,0.007173347324098139,0.017128785451253254,0.001989724679817977,0.001,poly,MinMaxScaler(),2,0.001,6.0,5.0,"{'Classifier__SVC__C': 0.001, 'Classifier__SVC__coef0': 6, 'Classifier__SVC__degree': 5, 'Classifier__SVC__gamma': 0.001, 'Classifier__SVC__kernel': 'poly', 'Scaler': MinMaxScaler(), 'Selector__max_features': 2}",0.06763285024154589,0.0821256038647343,0.2524271844660194,0.13406187952409987,0.08390577666800149,437
254,0.06671921412150066,0.006441403957778344,0.021654049555460613,0.0018372013476407319,0.001,poly,MinMaxScaler(),4,0.001,6.0,5.0,"{'Classifier__SVC__C': 0.001, 'Classifier__SVC__coef0': 6, 'Classifier__SVC__degree': 5, 'Classifier__SVC__gamma': 0.001, 'Classifier__SVC__kernel': 'poly', 'Scaler': MinMaxScaler(), 'Selector__max_features': 4}",0.178743961352657,0.0821256038647343,0.2524271844660194,0.17109891656113688,0.06973517582598834,338
255,0.08709557851155598,0.027090919109295977,0.01717980702718099,0.00557645015726863,0.001,poly,MinMaxScaler(),6,0.001,6.0,5.0,"{'Classifier__SVC__C': 0.001, 'Classifier__SVC__coef0': 6, 'Classifier__SVC__degree': 5, 'Classifier__SVC__gamma': 0.001, 'Classifier__SVC__kernel': 'poly', 'Scaler': MinMaxScaler(), 'Selector__max_features': 6}",0.16908212560386474,0.0821256038647343,0.2524271844660194,0.16787830464487283,0.06953053994468897,355
256,0.0686025619506836,0.006177897375771707,0.023321231206258137,0.0026854237776748682,0.001,poly,MinMaxScaler(),8,0.001,6.0,5.0,"{'Classifier__SVC__C': 0.001, 'Classifier__SVC__coef0': 6, 'Classifier__SVC__degree': 5, 'Classifier__SVC__gamma': 0.001, 'Classifier__SVC__kernel': 'poly', 'Scaler': MinMaxScaler(), 'Selector__max_features': 8}",0.2222222222222222,0.0821256038647343,0.2524271844660194,0.18559167018432532,0.0741934637542275,218
257,0.08258342742919922,0.0039375264438412695,0.02040259043375651,0.003108936123360736,0.001,poly,MinMaxScaler(),10,0.001,6.0,5.0,"{'Classifier__SVC__C': 0.001, 'Classifier__SVC__coef0': 6, 'Classifier__SVC__degree': 5, 'Classifier__SVC__gamma': 0.001, 'Classifier__SVC__kernel': 'poly', 'Scaler': MinMaxScaler(), 'Selector__max_features': 10}",0.2560386473429952,0.0821256038647343,0.2524271844660194,0.19686381189124966,0.08114556037097727,130
258,0.07828744252522786,0.0022201990435976337,0.020746390024820965,0.0036820310248720026,0.001,poly,MinMaxScaler(),12,0.001,6.0,5.0,"{'Classifier__SVC__C': 0.001, 'Classifier__SVC__coef0': 6, 'Classifier__SVC__degree': 5, 'Classifier__SVC__gamma': 0.001, 'Classifier__SVC__kernel': 'poly', 'Scaler': MinMaxScaler(), 'Selector__max_features': 12}",0.27053140096618356,0.0821256038647343,0.2524271844660194,0.20169472976564576,0.08487057819724578,113
259,0.08292404810587566,0.009240685193084432,0.023578166961669922,0.001098529241098367,0.001,poly,MinMaxScaler(),14,0.001,6.0,5.0,"{'Classifier__SVC__C': 0.001, 'Classifier__SVC__coef0': 6, 'Classifier__SVC__degree': 5, 'Classifier__SVC__gamma': 0.001, 'Classifier__SVC__kernel': 'poly', 'Scaler': MinMaxScaler(), 'Selector__max_features': 14}",0.22705314009661837,0.0821256038647343,0.2524271844660194,0.18720197614245737,0.07501885780788752,193
260,0.07624252637227376,0.010876418980238172,0.022895018259684246,0.0013422387848262744,0.001,poly,MinMaxScaler(),16,0.001,6.0,5.0,"{'Classifier__SVC__C': 0.001, 'Classifier__SVC__coef0': 6, 'Classifier__SVC__degree': 5, 'Classifier__SVC__gamma': 0.001, 'Classifier__SVC__kernel': 'poly', 'Scaler': MinMaxScaler(), 'Selector__max_features': 16}",0.20772946859903382,0.0821256038647343,0.2524271844660194,0.1807607523099292,0.07209318429428987,273
261,0.08530219395955403,0.007607707428741164,0.021848201751708984,0.001649164951118819,0.001,poly,MinMaxScaler(),18,0.001,6.0,5.0,"{'Classifier__SVC__C': 0.001, 'Classifier__SVC__coef0': 6, 'Classifier__SVC__degree': 5, 'Classifier__SVC__gamma': 0.001, 'Classifier__SVC__kernel': 'poly', 'Scaler': MinMaxScaler(), 'Selector__max_features': 18}",0.2560386473429952,0.0821256038647343,0.2524271844660194,0.19686381189124966,0.08114556037097727,130
262,0.08561960856119792,0.00616554101830033,0.020838181177775066,0.0006335264038889229,0.001,poly,MinMaxScaler(),20,0.001,6.0,5.0,"{'Classifier__SVC__C': 0.001, 'Classifier__SVC__coef0': 6, 'Classifier__SVC__degree': 5, 'Classifier__SVC__gamma': 0.001, 'Classifier__SVC__kernel': 'poly', 'Scaler': MinMaxScaler(), 'Selector__max_features': 20}",0.2222222222222222,0.0821256038647343,0.2524271844660194,0.18559167018432532,0.0741934637542275,218
263,0.08792225519816081,0.009657848716166874,0.01732913653055827,0.002355453407712787,0.001,poly,MinMaxScaler(),24,0.001,6.0,5.0,"{'Classifier__SVC__C': 0.001, 'Classifier__SVC__coef0': 6, 'Classifier__SVC__degree': 5, 'Classifier__SVC__gamma': 0.001, 'Classifier__SVC__kernel': 'poly', 'Scaler': MinMaxScaler(), 'Selector__max_features': 24}",0.2463768115942029,0.0821256038647343,0.2524271844660194,0.19364319997498555,0.07889352501791616,157
264,0.08815534909566243,0.004012992826104157,0.017526547114054363,0.001479212046284353,0.001,poly,MinMaxScaler(),2,0.01,6.0,5.0,"{'Classifier__SVC__C': 0.001, 'Classifier__SVC__coef0': 6, 'Classifier__SVC__degree': 5, 'Classifier__SVC__gamma': 0.01, 'Classifier__SVC__kernel': 'poly', 'Scaler': MinMaxScaler(), 'Selector__max_features': 2}",0.06763285024154589,0.0821256038647343,0.2524271844660194,0.13406187952409987,0.08390577666800149,437
265,0.07444524765014648,0.00183004219445361,0.016034523646036785,0.0014257708296601312,0.001,poly,MinMaxScaler(),4,0.01,6.0,5.0,"{'Classifier__SVC__C': 0.001, 'Classifier__SVC__coef0': 6, 'Classifier__SVC__degree': 5, 'Classifier__SVC__gamma': 0.01, 'Classifier__SVC__kernel': 'poly', 'Scaler': MinMaxScaler(), 'Selector__max_features': 4}",0.17391304347826086,0.0821256038647343,0.25728155339805825,0.17110673358035114,0.0715346451991966,337
266,0.07709256807963054,0.001801495120545523,0.01836538314819336,0.004083030905640528,0.001,poly,MinMaxScaler(),6,0.01,6.0,5.0,"{'Classifier__SVC__C': 0.001, 'Classifier__SVC__coef0': 6, 'Classifier__SVC__degree': 5, 'Classifier__SVC__gamma': 0.01, 'Classifier__SVC__kernel': 'poly', 'Scaler': MinMaxScaler(), 'Selector__max_features': 6}",0.15458937198067632,0.0821256038647343,0.24271844660194175,0.15981114081578413,0.06566564518797653,398
267,0.06660072008768718,0.0035671865191994677,0.026564836502075195,0.0032467983621557875,0.001,poly,MinMaxScaler(),8,0.01,6.0,5.0,"{'Classifier__SVC__C': 0.001, 'Classifier__SVC__coef0': 6, 'Classifier__SVC__degree': 5, 'Classifier__SVC__gamma': 0.01, 'Classifier__SVC__kernel': 'poly', 'Scaler': MinMaxScaler(), 'Selector__max_features': 8}",0.19806763285024154,0.09178743961352658,0.23786407766990292,0.17590638337789036,0.06166001827275777,297
268,0.07613174120585124,0.007285974028017912,0.018395344416300457,0.003089422424103956,0.001,poly,MinMaxScaler(),10,0.01,6.0,5.0,"{'Classifier__SVC__C': 0.001, 'Classifier__SVC__coef0': 6, 'Classifier__SVC__degree': 5, 'Classifier__SVC__gamma': 0.01, 'Classifier__SVC__kernel': 'poly', 'Scaler': MinMaxScaler(), 'Selector__max_features': 10}",0.20772946859903382,0.08695652173913043,0.2524271844660194,0.18237105826806121,0.06989240200338635,253
269,0.07087771097819011,0.007709138332108517,0.022397518157958984,0.0033081933328849766,0.001,poly,MinMaxScaler(),12,0.01,6.0,5.0,"{'Classifier__SVC__C': 0.001, 'Classifier__SVC__coef0': 6, 'Classifier__SVC__degree': 5, 'Classifier__SVC__gamma': 0.01, 'Classifier__SVC__kernel': 'poly', 'Scaler': MinMaxScaler(), 'Selector__max_features': 12}",0.2318840579710145,0.05314009661835749,0.2524271844660194,0.17915044635179714,0.08949659655169491,286
270,0.07873018582661946,0.007108425249926933,0.021945635477701824,0.0018891052680898657,0.001,poly,MinMaxScaler(),14,0.01,6.0,5.0,"{'Classifier__SVC__C': 0.001, 'Classifier__SVC__coef0': 6, 'Classifier__SVC__degree': 5, 'Classifier__SVC__gamma': 0.01, 'Classifier__SVC__kernel': 'poly', 'Scaler': MinMaxScaler(), 'Selector__max_features': 14}",0.13526570048309178,0.057971014492753624,0.23786407766990292,0.14370026421524942,0.07368281094813692,426
271,0.08267426490783691,0.010998488477767352,0.025381088256835938,0.0013279293754613415,0.001,poly,MinMaxScaler(),16,0.01,6.0,5.0,"{'Classifier__SVC__C': 0.001, 'Classifier__SVC__coef0': 6, 'Classifier__SVC__degree': 5, 'Classifier__SVC__gamma': 0.01, 'Classifier__SVC__kernel': 'poly', 'Scaler': MinMaxScaler(), 'Selector__max_features': 16}",0.12560386473429952,0.09178743961352658,0.25728155339805825,0.15822428591529478,0.07139161637452501,404
272,0.09408434232076009,0.006097477821467859,0.022000948588053387,0.0008171245851392344,0.001,poly,MinMaxScaler(),18,0.01,6.0,5.0,"{'Classifier__SVC__C': 0.001, 'Classifier__SVC__coef0': 6, 'Classifier__SVC__degree': 5, 'Classifier__SVC__gamma': 0.01, 'Classifier__SVC__kernel': 'poly', 'Scaler': MinMaxScaler(), 'Selector__max_features': 18}",0.1497584541062802,0.12077294685990338,0.2524271844660194,0.17431952847740098,0.05648388767669184,311
273,0.09233458836873372,0.0016197126316249881,0.020668427149454754,0.002623682106501641,0.001,poly,MinMaxScaler(),20,0.01,6.0,5.0,"{'Classifier__SVC__C': 0.001, 'Classifier__SVC__coef0': 6, 'Classifier__SVC__degree': 5, 'Classifier__SVC__gamma': 0.01, 'Classifier__SVC__kernel': 'poly', 'Scaler': MinMaxScaler(), 'Selector__max_features': 20}",0.178743961352657,0.12560386473429952,0.24271844660194175,0.18235542422963277,0.04787997716228917,256
274,0.08695816993713379,0.0023290020970906464,0.021173715591430664,0.002401715715156208,0.001,poly,MinMaxScaler(),24,0.01,6.0,5.0,"{'Classifier__SVC__C': 0.001, 'Classifier__SVC__coef0': 6, 'Classifier__SVC__degree': 5, 'Classifier__SVC__gamma': 0.01, 'Classifier__SVC__kernel': 'poly', 'Scaler': MinMaxScaler(), 'Selector__max_features': 24}",0.18840579710144928,0.2028985507246377,0.18446601941747573,0.19192345574785422,0.00792548607812573,177
275,0.08573714892069499,0.0024939603153568864,0.017861207326253254,0.003093596181481385,0.01,poly,MinMaxScaler(),2,0.001,2.0,3.0,"{'Classifier__SVC__C': 0.01, 'Classifier__SVC__coef0': 2, 'Classifier__SVC__degree': 3, 'Classifier__SVC__gamma': 0.001, 'Classifier__SVC__kernel': 'poly', 'Scaler': MinMaxScaler(), 'Selector__max_features': 2}",0.2560386473429952,0.22705314009661837,0.0825242718446602,0.18853868642809124,0.07589172981813473,182
276,0.07937407493591309,0.005525556470991237,0.016200860341389973,0.0035033761254712487,0.01,poly,MinMaxScaler(),4,0.001,2.0,3.0,"{'Classifier__SVC__C': 0.01, 'Classifier__SVC__coef0': 2, 'Classifier__SVC__degree': 3, 'Classifier__SVC__gamma': 0.001, 'Classifier__SVC__kernel': 'poly', 'Scaler': MinMaxScaler(), 'Selector__max_features': 4}",0.25120772946859904,0.22705314009661837,0.0825242718446602,0.1869283804699592,0.07448053199915029,208
277,0.07433295249938965,0.003499732416613328,0.01866571108500163,0.0025475625908376928,0.01,poly,MinMaxScaler(),6,0.001,2.0,3.0,"{'Classifier__SVC__C': 0.01, 'Classifier__SVC__coef0': 2, 'Classifier__SVC__degree': 3, 'Classifier__SVC__gamma': 0.001, 'Classifier__SVC__kernel': 'poly', 'Scaler': MinMaxScaler(), 'Selector__max_features': 6}",0.21256038647342995,0.2222222222222222,0.0825242718446602,0.1724356268467708,0.06369917103723212,328
278,0.07677642504374187,0.014992623601989467,0.020748456319173176,0.004012646697926359,0.01,poly,MinMaxScaler(),8,0.001,2.0,3.0,"{'Classifier__SVC__C': 0.01, 'Classifier__SVC__coef0': 2, 'Classifier__SVC__degree': 3, 'Classifier__SVC__gamma': 0.001, 'Classifier__SVC__kernel': 'poly', 'Scaler': MinMaxScaler(), 'Selector__max_features': 8}",0.25120772946859904,0.2222222222222222,0.0825242718446602,0.18531807451182714,0.07364312281838128,239
279,0.08387263615926106,0.006655254704448837,0.028632402420043945,0.001468620761680955,0.01,poly,MinMaxScaler(),10,0.001,2.0,3.0,"{'Classifier__SVC__C': 0.01, 'Classifier__SVC__coef0': 2, 'Classifier__SVC__degree': 3, 'Classifier__SVC__gamma': 0.001, 'Classifier__SVC__kernel': 'poly', 'Scaler': MinMaxScaler(), 'Selector__max_features': 10}",0.28502415458937197,0.178743961352657,0.0825242718446602,0.18209746259556303,0.0827042324827661,264
280,0.07896176973978679,0.017967056168860452,0.01990063985188802,0.005116606298568603,0.01,poly,MinMaxScaler(),12,0.001,2.0,3.0,"{'Classifier__SVC__C': 0.01, 'Classifier__SVC__coef0': 2, 'Classifier__SVC__degree': 3, 'Classifier__SVC__gamma': 0.001, 'Classifier__SVC__kernel': 'poly', 'Scaler': MinMaxScaler(), 'Selector__max_features': 12}",0.28502415458937197,0.21256038647342995,0.0825242718446602,0.19336960430248737,0.08377654889906017,169
281,0.09627238909403484,0.008770214877395363,0.024889310201009113,0.001707269108270197,0.01,poly,MinMaxScaler(),14,0.001,2.0,3.0,"{'Classifier__SVC__C': 0.01, 'Classifier__SVC__coef0': 2, 'Classifier__SVC__degree': 3, 'Classifier__SVC__gamma': 0.001, 'Classifier__SVC__kernel': 'poly', 'Scaler': MinMaxScaler(), 'Selector__max_features': 14}",0.2318840579710145,0.21256038647342995,0.0825242718446602,0.17565623876303485,0.06632507578385201,302
282,0.09375802675882976,0.006978833632214269,0.02369101842244466,0.0031577737172859433,0.01,poly,MinMaxScaler(),16,0.001,2.0,3.0,"{'Classifier__SVC__C': 0.01, 'Classifier__SVC__coef0': 2, 'Classifier__SVC__degree': 3, 'Classifier__SVC__gamma': 0.001, 'Classifier__SVC__kernel': 'poly', 'Scaler': MinMaxScaler(), 'Selector__max_features': 16}",0.2222222222222222,0.1932367149758454,0.0825242718446602,0.1659944030142426,0.06019682719038111,380
283,0.10011561711629231,0.002894430788389311,0.024329503377278645,0.002056191864429922,0.01,poly,MinMaxScaler(),18,0.001,2.0,3.0,"{'Classifier__SVC__C': 0.01, 'Classifier__SVC__coef0': 2, 'Classifier__SVC__degree': 3, 'Classifier__SVC__gamma': 0.001, 'Classifier__SVC__kernel': 'poly', 'Scaler': MinMaxScaler(), 'Selector__max_features': 18}",0.2608695652173913,0.1932367149758454,0.0825242718446602,0.17887685067929895,0.07351378643498467,288
284,0.1050412654876709,0.014075897161587636,0.020232518513997395,0.0018304068828981666,0.01,poly,MinMaxScaler(),20,0.001,2.0,3.0,"{'Classifier__SVC__C': 0.01, 'Classifier__SVC__coef0': 2, 'Classifier__SVC__degree': 3, 'Classifier__SVC__gamma': 0.001, 'Classifier__SVC__kernel': 'poly', 'Scaler': MinMaxScaler(), 'Selector__max_features': 20}",0.22705314009661837,0.1932367149758454,0.0825242718446602,0.16760470897237464,0.06172464790432555,368
285,0.09463246663411458,0.012263657737457257,0.020427862803141277,0.0016569846576070467,0.01,poly,MinMaxScaler(),24,0.001,2.0,3.0,"{'Classifier__SVC__C': 0.01, 'Classifier__SVC__coef0': 2, 'Classifier__SVC__degree': 3, 'Classifier__SVC__gamma': 0.001, 'Classifier__SVC__kernel': 'poly', 'Scaler': MinMaxScaler(), 'Selector__max_features': 24}",0.2608695652173913,0.2028985507246377,0.0825242718446602,0.18209746259556306,0.07427998773813634,258
286,0.09146761894226074,0.0009054437249999439,0.019782066345214844,0.0006860203678812775,0.01,poly,MinMaxScaler(),2,0.01,2.0,3.0,"{'Classifier__SVC__C': 0.01, 'Classifier__SVC__coef0': 2, 'Classifier__SVC__degree': 3, 'Classifier__SVC__gamma': 0.01, 'Classifier__SVC__kernel': 'poly', 'Scaler': MinMaxScaler(), 'Selector__max_features': 2}",0.2560386473429952,0.22705314009661837,0.0825242718446602,0.18853868642809124,0.07589172981813473,182
287,0.08053334554036458,0.002088939229724747,0.020109256108601887,0.002048760591825249,0.01,poly,MinMaxScaler(),4,0.01,2.0,3.0,"{'Classifier__SVC__C': 0.01, 'Classifier__SVC__coef0': 2, 'Classifier__SVC__degree': 3, 'Classifier__SVC__gamma': 0.01, 'Classifier__SVC__kernel': 'poly', 'Scaler': MinMaxScaler(), 'Selector__max_features': 4}",0.25120772946859904,0.22705314009661837,0.0825242718446602,0.1869283804699592,0.07448053199915029,208
288,0.07765332857767741,0.003986247808402682,0.04333345095316569,0.01809197303620476,0.01,poly,MinMaxScaler(),6,0.01,2.0,3.0,"{'Classifier__SVC__C': 0.01, 'Classifier__SVC__coef0': 2, 'Classifier__SVC__degree': 3, 'Classifier__SVC__gamma': 0.01, 'Classifier__SVC__kernel': 'poly', 'Scaler': MinMaxScaler(), 'Selector__max_features': 6}",0.21256038647342995,0.2222222222222222,0.0825242718446602,0.1724356268467708,0.06369917103723212,328
289,0.08632985750834148,0.01902974812562703,0.0232241153717041,0.0024322038853834857,0.01,poly,MinMaxScaler(),8,0.01,2.0,3.0,"{'Classifier__SVC__C': 0.01, 'Classifier__SVC__coef0': 2, 'Classifier__SVC__degree': 3, 'Classifier__SVC__gamma': 0.01, 'Classifier__SVC__kernel': 'poly', 'Scaler': MinMaxScaler(), 'Selector__max_features': 8}",0.25120772946859904,0.2222222222222222,0.0825242718446602,0.18531807451182714,0.07364312281838128,239
290,0.0858902136484782,0.00779201634659379,0.021730422973632812,0.0016942536669932767,0.01,poly,MinMaxScaler(),10,0.01,2.0,3.0,"{'Classifier__SVC__C': 0.01, 'Classifier__SVC__coef0': 2, 'Classifier__SVC__degree': 3, 'Classifier__SVC__gamma': 0.01, 'Classifier__SVC__kernel': 'poly', 'Scaler': MinMaxScaler(), 'Selector__max_features': 10}",0.28502415458937197,0.178743961352657,0.0825242718446602,0.18209746259556303,0.0827042324827661,264
291,0.11021614074707031,0.020350006490886117,0.023483991622924805,0.001449143701764931,0.01,poly,MinMaxScaler(),12,0.01,2.0,3.0,"{'Classifier__SVC__C': 0.01, 'Classifier__SVC__coef0': 2, 'Classifier__SVC__degree': 3, 'Classifier__SVC__gamma': 0.01, 'Classifier__SVC__kernel': 'poly', 'Scaler': MinMaxScaler(), 'Selector__max_features': 12}",0.2898550724637681,0.21739130434782608,0.0825242718446602,0.19659021621875147,0.0859109196468653,150
292,0.10964473088582356,0.0076446235608940635,0.023621320724487305,0.002210904073076719,0.01,poly,MinMaxScaler(),14,0.01,2.0,3.0,"{'Classifier__SVC__C': 0.01, 'Classifier__SVC__coef0': 2, 'Classifier__SVC__degree': 3, 'Classifier__SVC__gamma': 0.01, 'Classifier__SVC__kernel': 'poly', 'Scaler': MinMaxScaler(), 'Selector__max_features': 14}",0.2318840579710145,0.21256038647342995,0.0825242718446602,0.17565623876303485,0.06632507578385201,302
293,0.11337749163309734,0.013117284449468844,0.020395199457804363,0.0015282094107563241,0.01,poly,MinMaxScaler(),16,0.01,2.0,3.0,"{'Classifier__SVC__C': 0.01, 'Classifier__SVC__coef0': 2, 'Classifier__SVC__degree': 3, 'Classifier__SVC__gamma': 0.01, 'Classifier__SVC__kernel': 'poly', 'Scaler': MinMaxScaler(), 'Selector__max_features': 16}",0.22705314009661837,0.1932367149758454,0.0825242718446602,0.16760470897237464,0.06172464790432555,368
294,0.11497815450032552,0.012908083066233231,0.02184716860453288,0.0006340624658923541,0.01,poly,MinMaxScaler(),18,0.01,2.0,3.0,"{'Classifier__SVC__C': 0.01, 'Classifier__SVC__coef0': 2, 'Classifier__SVC__degree': 3, 'Classifier__SVC__gamma': 0.01, 'Classifier__SVC__kernel': 'poly', 'Scaler': MinMaxScaler(), 'Selector__max_features': 18}",0.2608695652173913,0.1932367149758454,0.0825242718446602,0.17887685067929895,0.07351378643498467,288
295,0.11120335261027019,0.011081811544574967,0.019333759943644207,0.002355952708343679,0.01,poly,MinMaxScaler(),20,0.01,2.0,3.0,"{'Classifier__SVC__C': 0.01, 'Classifier__SVC__coef0': 2, 'Classifier__SVC__degree': 3, 'Classifier__SVC__gamma': 0.01, 'Classifier__SVC__kernel': 'poly', 'Scaler': MinMaxScaler(), 'Selector__max_features': 20}",0.22705314009661837,0.1932367149758454,0.0825242718446602,0.16760470897237464,0.06172464790432555,368
296,0.09196956952412923,0.004858326714576314,0.018175443013509113,0.0035043803832821904,0.01,poly,MinMaxScaler(),24,0.01,2.0,3.0,"{'Classifier__SVC__C': 0.01, 'Classifier__SVC__coef0': 2, 'Classifier__SVC__degree': 3, 'Classifier__SVC__gamma': 0.01, 'Classifier__SVC__kernel': 'poly', 'Scaler': MinMaxScaler(), 'Selector__max_features': 24}",0.2608695652173913,0.2028985507246377,0.0825242718446602,0.18209746259556306,0.07427998773813634,258
297,0.08261744181315105,0.003048204998470905,0.01962423324584961,0.003790460502000395,0.01,poly,MinMaxScaler(),2,0.001,2.0,5.0,"{'Classifier__SVC__C': 0.01, 'Classifier__SVC__coef0': 2, 'Classifier__SVC__degree': 5, 'Classifier__SVC__gamma': 0.001, 'Classifier__SVC__kernel': 'poly', 'Scaler': MinMaxScaler(), 'Selector__max_features': 2}",0.2560386473429952,0.22705314009661837,0.0825242718446602,0.18853868642809124,0.07589172981813473,182
298,0.07704051335652669,0.006446598757706929,0.02196812629699707,0.00182376733294258,0.01,poly,MinMaxScaler(),4,0.001,2.0,5.0,"{'Classifier__SVC__C': 0.01, 'Classifier__SVC__coef0': 2, 'Classifier__SVC__degree': 5, 'Classifier__SVC__gamma': 0.001, 'Classifier__SVC__kernel': 'poly', 'Scaler': MinMaxScaler(), 'Selector__max_features': 4}",0.25120772946859904,0.22705314009661837,0.0825242718446602,0.1869283804699592,0.07448053199915029,208
299,0.08166933059692383,0.003128855959753827,0.024645328521728516,0.00319299280323338,0.01,poly,MinMaxScaler(),6,0.001,2.0,5.0,"{'Classifier__SVC__C': 0.01, 'Classifier__SVC__coef0': 2, 'Classifier__SVC__degree': 5, 'Classifier__SVC__gamma': 0.001, 'Classifier__SVC__kernel': 'poly', 'Scaler': MinMaxScaler(), 'Selector__max_features': 6}",0.21256038647342995,0.2222222222222222,0.0825242718446602,0.1724356268467708,0.06369917103723212,328
300,0.08371925354003906,0.005602810741256628,0.02275506655375163,0.0017024333840191287,0.01,poly,MinMaxScaler(),8,0.001,2.0,5.0,"{'Classifier__SVC__C': 0.01, 'Classifier__SVC__coef0': 2, 'Classifier__SVC__degree': 5, 'Classifier__SVC__gamma': 0.001, 'Classifier__SVC__kernel': 'poly', 'Scaler': MinMaxScaler(), 'Selector__max_features': 8}",0.25120772946859904,0.2222222222222222,0.0825242718446602,0.18531807451182714,0.07364312281838128,239
301,0.09286355972290039,0.0035216140156427967,0.023351430892944336,0.0018531149665922523,0.01,poly,MinMaxScaler(),10,0.001,2.0,5.0,"{'Classifier__SVC__C': 0.01, 'Classifier__SVC__coef0': 2, 'Classifier__SVC__degree': 5, 'Classifier__SVC__gamma': 0.001, 'Classifier__SVC__kernel': 'poly', 'Scaler': MinMaxScaler(), 'Selector__max_features': 10}",0.28502415458937197,0.178743961352657,0.0825242718446602,0.18209746259556303,0.0827042324827661,264
302,0.09274593989054362,0.007440754986418884,0.019336700439453125,0.0020516008640648654,0.01,poly,MinMaxScaler(),12,0.001,2.0,5.0,"{'Classifier__SVC__C': 0.01, 'Classifier__SVC__coef0': 2, 'Classifier__SVC__degree': 5, 'Classifier__SVC__gamma': 0.001, 'Classifier__SVC__kernel': 'poly', 'Scaler': MinMaxScaler(), 'Selector__max_features': 12}",0.28502415458937197,0.21256038647342995,0.0825242718446602,0.19336960430248737,0.08377654889906017,169
303,0.10103273391723633,0.014353653283237447,0.0186917781829834,0.002079874953893533,0.01,poly,MinMaxScaler(),14,0.001,2.0,5.0,"{'Classifier__SVC__C': 0.01, 'Classifier__SVC__coef0': 2, 'Classifier__SVC__degree': 5, 'Classifier__SVC__gamma': 0.001, 'Classifier__SVC__kernel': 'poly', 'Scaler': MinMaxScaler(), 'Selector__max_features': 14}",0.2318840579710145,0.21256038647342995,0.0825242718446602,0.17565623876303485,0.06632507578385201,302
304,0.09657557805379231,0.007036143610328516,0.017713069915771484,0.001710380865903187,0.01,poly,MinMaxScaler(),16,0.001,2.0,5.0,"{'Classifier__SVC__C': 0.01, 'Classifier__SVC__coef0': 2, 'Classifier__SVC__degree': 5, 'Classifier__SVC__gamma': 0.001, 'Classifier__SVC__kernel': 'poly', 'Scaler': MinMaxScaler(), 'Selector__max_features': 16}",0.2222222222222222,0.1932367149758454,0.0825242718446602,0.1659944030142426,0.06019682719038111,380
305,0.089354674021403,0.0055383592208393265,0.018056948979695637,0.0035514221530891232,0.01,poly,MinMaxScaler(),18,0.001,2.0,5.0,"{'Classifier__SVC__C': 0.01, 'Classifier__SVC__coef0': 2, 'Classifier__SVC__degree': 5, 'Classifier__SVC__gamma': 0.001, 'Classifier__SVC__kernel': 'poly', 'Scaler': MinMaxScaler(), 'Selector__max_features': 18}",0.2608695652173913,0.1932367149758454,0.0825242718446602,0.17887685067929895,0.07351378643498467,288
306,0.07262746493021648,0.0033340531410955237,0.043361504872639976,0.02979244785391921,0.01,poly,MinMaxScaler(),20,0.001,2.0,5.0,"{'Classifier__SVC__C': 0.01, 'Classifier__SVC__coef0': 2, 'Classifier__SVC__degree': 5, 'Classifier__SVC__gamma': 0.001, 'Classifier__SVC__kernel': 'poly', 'Scaler': MinMaxScaler(), 'Selector__max_features': 20}",0.22705314009661837,0.1932367149758454,0.0825242718446602,0.16760470897237464,0.06172464790432555,368
307,0.07607603073120117,0.014432092790595215,0.020316521326700848,0.003583517401028863,0.01,poly,MinMaxScaler(),24,0.001,2.0,5.0,"{'Classifier__SVC__C': 0.01, 'Classifier__SVC__coef0': 2, 'Classifier__SVC__degree': 5, 'Classifier__SVC__gamma': 0.001, 'Classifier__SVC__kernel': 'poly', 'Scaler': MinMaxScaler(), 'Selector__max_features': 24}",0.2608695652173913,0.2028985507246377,0.0825242718446602,0.18209746259556306,0.07427998773813634,258
308,0.07280246416727702,0.004486622920976962,0.02221568425496419,0.0019355856790757003,0.01,poly,MinMaxScaler(),2,0.01,2.0,5.0,"{'Classifier__SVC__C': 0.01, 'Classifier__SVC__coef0': 2, 'Classifier__SVC__degree': 5, 'Classifier__SVC__gamma': 0.01, 'Classifier__SVC__kernel': 'poly', 'Scaler': MinMaxScaler(), 'Selector__max_features': 2}",0.2560386473429952,0.22705314009661837,0.0825242718446602,0.18853868642809124,0.07589172981813473,182
309,0.07029485702514648,0.004188338386017143,0.018216053644816082,0.003331696873407054,0.01,poly,MinMaxScaler(),4,0.01,2.0,5.0,"{'Classifier__SVC__C': 0.01, 'Classifier__SVC__coef0': 2, 'Classifier__SVC__degree': 5, 'Classifier__SVC__gamma': 0.01, 'Classifier__SVC__kernel': 'poly', 'Scaler': MinMaxScaler(), 'Selector__max_features': 4}",0.25120772946859904,0.22705314009661837,0.0825242718446602,0.1869283804699592,0.07448053199915029,208
310,0.07882459958394368,0.009042978586022692,0.019193569819132488,0.0033473135577662128,0.01,poly,MinMaxScaler(),6,0.01,2.0,5.0,"{'Classifier__SVC__C': 0.01, 'Classifier__SVC__coef0': 2, 'Classifier__SVC__degree': 5, 'Classifier__SVC__gamma': 0.01, 'Classifier__SVC__kernel': 'poly', 'Scaler': MinMaxScaler(), 'Selector__max_features': 6}",0.21256038647342995,0.2222222222222222,0.0825242718446602,0.1724356268467708,0.06369917103723212,328
311,0.07163310050964355,0.0025008945313770587,0.02170729637145996,0.0017079664134293808,0.01,poly,MinMaxScaler(),8,0.01,2.0,5.0,"{'Classifier__SVC__C': 0.01, 'Classifier__SVC__coef0': 2, 'Classifier__SVC__degree': 5, 'Classifier__SVC__gamma': 0.01, 'Classifier__SVC__kernel': 'poly', 'Scaler': MinMaxScaler(), 'Selector__max_features': 8}",0.25120772946859904,0.22705314009661837,0.0825242718446602,0.1869283804699592,0.07448053199915029,208
312,0.07945712407430013,0.0039028806143981245,0.020116647084554035,0.004075237539318442,0.01,poly,MinMaxScaler(),10,0.01,2.0,5.0,"{'Classifier__SVC__C': 0.01, 'Classifier__SVC__coef0': 2, 'Classifier__SVC__degree': 5, 'Classifier__SVC__gamma': 0.01, 'Classifier__SVC__kernel': 'poly', 'Scaler': MinMaxScaler(), 'Selector__max_features': 10}",0.28502415458937197,0.178743961352657,0.0825242718446602,0.18209746259556303,0.0827042324827661,264
313,0.08421079317728679,0.002596410176179406,0.018685261408487957,0.003914397242594019,0.01,poly,MinMaxScaler(),12,0.01,2.0,5.0,"{'Classifier__SVC__C': 0.01, 'Classifier__SVC__coef0': 2, 'Classifier__SVC__degree': 5, 'Classifier__SVC__gamma': 0.01, 'Classifier__SVC__kernel': 'poly', 'Scaler': MinMaxScaler(), 'Selector__max_features': 12}",0.2898550724637681,0.21739130434782608,0.0825242718446602,0.19659021621875147,0.0859109196468653,150
314,0.08005690574645996,0.0020603552678935375,0.02151664098103841,0.000413943100240982,0.01,poly,MinMaxScaler(),14,0.01,2.0,5.0,"{'Classifier__SVC__C': 0.01, 'Classifier__SVC__coef0': 2, 'Classifier__SVC__degree': 5, 'Classifier__SVC__gamma': 0.01, 'Classifier__SVC__kernel': 'poly', 'Scaler': MinMaxScaler(), 'Selector__max_features': 14}",0.2318840579710145,0.21256038647342995,0.0825242718446602,0.17565623876303485,0.06632507578385201,302
315,0.07718674341837566,0.006047104100278226,0.015996932983398438,0.0021644969158171336,0.01,poly,MinMaxScaler(),16,0.01,2.0,5.0,"{'Classifier__SVC__C': 0.01, 'Classifier__SVC__coef0': 2, 'Classifier__SVC__degree': 5, 'Classifier__SVC__gamma': 0.01, 'Classifier__SVC__kernel': 'poly', 'Scaler': MinMaxScaler(), 'Selector__max_features': 16}",0.2318840579710145,0.1932367149758454,0.0825242718446602,0.1692150149305067,0.06329754067222909,354
316,0.08266965548197429,0.004762108764286316,0.02034870783487956,0.0008561253492246125,0.01,poly,MinMaxScaler(),18,0.01,2.0,5.0,"{'Classifier__SVC__C': 0.01, 'Classifier__SVC__coef0': 2, 'Classifier__SVC__degree': 5, 'Classifier__SVC__gamma': 0.01, 'Classifier__SVC__kernel': 'poly', 'Scaler': MinMaxScaler(), 'Selector__max_features': 18}",0.2608695652173913,0.1932367149758454,0.0825242718446602,0.17887685067929895,0.07351378643498467,288
317,0.08098220825195312,0.0014381559019753384,0.019374688466389973,0.0006361490923459075,0.01,poly,MinMaxScaler(),20,0.01,2.0,5.0,"{'Classifier__SVC__C': 0.01, 'Classifier__SVC__coef0': 2, 'Classifier__SVC__degree': 5, 'Classifier__SVC__gamma': 0.01, 'Classifier__SVC__kernel': 'poly', 'Scaler': MinMaxScaler(), 'Selector__max_features': 20}",0.22705314009661837,0.18840579710144928,0.0825242718446602,0.16599440301424262,0.061094742699335604,379
318,0.06839839617411296,0.005251584791932344,0.015037616093953451,0.0017715497321865055,0.01,poly,MinMaxScaler(),24,0.01,2.0,5.0,"{'Classifier__SVC__C': 0.01, 'Classifier__SVC__coef0': 2, 'Classifier__SVC__degree': 5, 'Classifier__SVC__gamma': 0.01, 'Classifier__SVC__kernel': 'poly', 'Scaler': MinMaxScaler(), 'Selector__max_features': 24}",0.26570048309178745,0.2028985507246377,0.0825242718446602,0.1837077685536951,0.07600261259528067,252
319,0.06806508700052898,4.929880275494519e-06,0.02123419443766276,0.0013180164958167167,0.01,poly,MinMaxScaler(),2,0.001,4.0,3.0,"{'Classifier__SVC__C': 0.01, 'Classifier__SVC__coef0': 4, 'Classifier__SVC__degree': 3, 'Classifier__SVC__gamma': 0.001, 'Classifier__SVC__kernel': 'poly', 'Scaler': MinMaxScaler(), 'Selector__max_features': 2}",0.2560386473429952,0.22705314009661837,0.0825242718446602,0.18853868642809124,0.07589172981813473,182
320,0.0770576000213623,0.01309482773259972,0.016309181849161785,0.0018126583646575377,0.01,poly,MinMaxScaler(),4,0.001,4.0,3.0,"{'Classifier__SVC__C': 0.01, 'Classifier__SVC__coef0': 4, 'Classifier__SVC__degree': 3, 'Classifier__SVC__gamma': 0.001, 'Classifier__SVC__kernel': 'poly', 'Scaler': MinMaxScaler(), 'Selector__max_features': 4}",0.25120772946859904,0.22705314009661837,0.0825242718446602,0.1869283804699592,0.07448053199915029,208
321,0.07864816983540852,0.027319476071984247,0.020396709442138672,0.00541487198915694,0.01,poly,MinMaxScaler(),6,0.001,4.0,3.0,"{'Classifier__SVC__C': 0.01, 'Classifier__SVC__coef0': 4, 'Classifier__SVC__degree': 3, 'Classifier__SVC__gamma': 0.001, 'Classifier__SVC__kernel': 'poly', 'Scaler': MinMaxScaler(), 'Selector__max_features': 6}",0.21256038647342995,0.2222222222222222,0.0825242718446602,0.1724356268467708,0.06369917103723212,328
322,0.07421875,0.0021353285008590766,0.02182904879252116,0.0021608300309343166,0.01,poly,MinMaxScaler(),8,0.001,4.0,3.0,"{'Classifier__SVC__C': 0.01, 'Classifier__SVC__coef0': 4, 'Classifier__SVC__degree': 3, 'Classifier__SVC__gamma': 0.001, 'Classifier__SVC__kernel': 'poly', 'Scaler': MinMaxScaler(), 'Selector__max_features': 8}",0.25120772946859904,0.2222222222222222,0.0825242718446602,0.18531807451182714,0.07364312281838128,239
323,0.08166138331095378,0.0031302897436196854,0.01688218116760254,0.002327638254227098,0.01,poly,MinMaxScaler(),10,0.001,4.0,3.0,"{'Classifier__SVC__C': 0.01, 'Classifier__SVC__coef0': 4, 'Classifier__SVC__degree': 3, 'Classifier__SVC__gamma': 0.001, 'Classifier__SVC__kernel': 'poly', 'Scaler': MinMaxScaler(), 'Selector__max_features': 10}",0.28502415458937197,0.178743961352657,0.0825242718446602,0.18209746259556303,0.0827042324827661,264
324,0.08040499687194824,0.016081720614496413,0.014965216318766275,0.0007826926539011808,0.01,poly,MinMaxScaler(),12,0.001,4.0,3.0,"{'Classifier__SVC__C': 0.01, 'Classifier__SVC__coef0': 4, 'Classifier__SVC__degree': 3, 'Classifier__SVC__gamma': 0.001, 'Classifier__SVC__kernel': 'poly', 'Scaler': MinMaxScaler(), 'Selector__max_features': 12}",0.28502415458937197,0.21256038647342995,0.0825242718446602,0.19336960430248737,0.08377654889906017,169
325,0.08266997337341309,0.007210987423649423,0.02221830685933431,0.001012207330989165,0.01,poly,MinMaxScaler(),14,0.001,4.0,3.0,"{'Classifier__SVC__C': 0.01, 'Classifier__SVC__coef0': 4, 'Classifier__SVC__degree': 3, 'Classifier__SVC__gamma': 0.001, 'Classifier__SVC__kernel': 'poly', 'Scaler': MinMaxScaler(), 'Selector__max_features': 14}",0.2318840579710145,0.21256038647342995,0.0825242718446602,0.17565623876303485,0.06632507578385201,302
326,0.07615248362223308,0.0012482551943907507,0.019708553949991863,0.0023347646417723033,0.01,poly,MinMaxScaler(),16,0.001,4.0,3.0,"{'Classifier__SVC__C': 0.01, 'Classifier__SVC__coef0': 4, 'Classifier__SVC__degree': 3, 'Classifier__SVC__gamma': 0.001, 'Classifier__SVC__kernel': 'poly', 'Scaler': MinMaxScaler(), 'Selector__max_features': 16}",0.2222222222222222,0.1932367149758454,0.0825242718446602,0.1659944030142426,0.06019682719038111,380
327,0.08681527773539226,0.004094314661149606,0.01806473731994629,0.002599781438869687,0.01,poly,MinMaxScaler(),18,0.001,4.0,3.0,"{'Classifier__SVC__C': 0.01, 'Classifier__SVC__coef0': 4, 'Classifier__SVC__degree': 3, 'Classifier__SVC__gamma': 0.001, 'Classifier__SVC__kernel': 'poly', 'Scaler': MinMaxScaler(), 'Selector__max_features': 18}",0.2608695652173913,0.1932367149758454,0.0825242718446602,0.17887685067929895,0.07351378643498467,288
328,0.07434407869974773,0.002722005558046237,0.015377680460611979,0.0026288450819264603,0.01,poly,MinMaxScaler(),20,0.001,4.0,3.0,"{'Classifier__SVC__C': 0.01, 'Classifier__SVC__coef0': 4, 'Classifier__SVC__degree': 3, 'Classifier__SVC__gamma': 0.001, 'Classifier__SVC__kernel': 'poly', 'Scaler': MinMaxScaler(), 'Selector__max_features': 20}",0.22705314009661837,0.1932367149758454,0.0825242718446602,0.16760470897237464,0.06172464790432555,368
329,0.06502342224121094,0.005217113093921912,0.013361692428588867,0.00149921985615534,0.01,poly,MinMaxScaler(),24,0.001,4.0,3.0,"{'Classifier__SVC__C': 0.01, 'Classifier__SVC__coef0': 4, 'Classifier__SVC__degree': 3, 'Classifier__SVC__gamma': 0.001, 'Classifier__SVC__kernel': 'poly', 'Scaler': MinMaxScaler(), 'Selector__max_features': 24}",0.2608695652173913,0.2028985507246377,0.0825242718446602,0.18209746259556306,0.07427998773813634,258
330,0.061475515365600586,0.005918559687552465,0.013000170389811197,0.0007091161580110189,0.01,poly,MinMaxScaler(),2,0.01,4.0,3.0,"{'Classifier__SVC__C': 0.01, 'Classifier__SVC__coef0': 4, 'Classifier__SVC__degree': 3, 'Classifier__SVC__gamma': 0.01, 'Classifier__SVC__kernel': 'poly', 'Scaler': MinMaxScaler(), 'Selector__max_features': 2}",0.2560386473429952,0.22705314009661837,0.0825242718446602,0.18853868642809124,0.07589172981813473,182
331,0.05558546384175619,0.007674760612618489,0.01750977834065755,0.0038838456608949936,0.01,poly,MinMaxScaler(),4,0.01,4.0,3.0,"{'Classifier__SVC__C': 0.01, 'Classifier__SVC__coef0': 4, 'Classifier__SVC__degree': 3, 'Classifier__SVC__gamma': 0.01, 'Classifier__SVC__kernel': 'poly', 'Scaler': MinMaxScaler(), 'Selector__max_features': 4}",0.25120772946859904,0.22705314009661837,0.0825242718446602,0.1869283804699592,0.07448053199915029,208
332,0.05411370595296224,0.0070709487310369945,0.017334461212158203,0.004498336192504113,0.01,poly,MinMaxScaler(),6,0.01,4.0,3.0,"{'Classifier__SVC__C': 0.01, 'Classifier__SVC__coef0': 4, 'Classifier__SVC__degree': 3, 'Classifier__SVC__gamma': 0.01, 'Classifier__SVC__kernel': 'poly', 'Scaler': MinMaxScaler(), 'Selector__max_features': 6}",0.21256038647342995,0.2222222222222222,0.0825242718446602,0.1724356268467708,0.06369917103723212,328
333,0.0615845521291097,0.007258713211430061,0.017667452494303387,0.00402829129244676,0.01,poly,MinMaxScaler(),8,0.01,4.0,3.0,"{'Classifier__SVC__C': 0.01, 'Classifier__SVC__coef0': 4, 'Classifier__SVC__degree': 3, 'Classifier__SVC__gamma': 0.01, 'Classifier__SVC__kernel': 'poly', 'Scaler': MinMaxScaler(), 'Selector__max_features': 8}",0.25120772946859904,0.2222222222222222,0.0825242718446602,0.18531807451182714,0.07364312281838128,239
334,0.06024066607157389,0.0026680752856640543,0.016664663950602215,0.0028687505888933015,0.01,poly,MinMaxScaler(),10,0.01,4.0,3.0,"{'Classifier__SVC__C': 0.01, 'Classifier__SVC__coef0': 4, 'Classifier__SVC__degree': 3, 'Classifier__SVC__gamma': 0.01, 'Classifier__SVC__kernel': 'poly', 'Scaler': MinMaxScaler(), 'Selector__max_features': 10}",0.28502415458937197,0.178743961352657,0.0825242718446602,0.18209746259556303,0.0827042324827661,264
335,0.06054846445719401,0.007497621483261802,0.05414740244547526,0.05899793437465227,0.01,poly,MinMaxScaler(),12,0.01,4.0,3.0,"{'Classifier__SVC__C': 0.01, 'Classifier__SVC__coef0': 4, 'Classifier__SVC__degree': 3, 'Classifier__SVC__gamma': 0.01, 'Classifier__SVC__kernel': 'poly', 'Scaler': MinMaxScaler(), 'Selector__max_features': 12}",0.28502415458937197,0.21739130434782608,0.0825242718446602,0.19497991026061942,0.08417542621060126,155
336,0.06839394569396973,0.0077052131960078955,0.01803104082743327,0.002802653171281945,0.01,poly,MinMaxScaler(),14,0.01,4.0,3.0,"{'Classifier__SVC__C': 0.01, 'Classifier__SVC__coef0': 4, 'Classifier__SVC__degree': 3, 'Classifier__SVC__gamma': 0.01, 'Classifier__SVC__kernel': 'poly', 'Scaler': MinMaxScaler(), 'Selector__max_features': 14}",0.2318840579710145,0.21256038647342995,0.0825242718446602,0.17565623876303485,0.06632507578385201,302
337,0.05990791320800781,0.008005967299152181,0.018039623896280926,0.004429625273013048,0.01,poly,MinMaxScaler(),16,0.01,4.0,3.0,"{'Classifier__SVC__C': 0.01, 'Classifier__SVC__coef0': 4, 'Classifier__SVC__degree': 3, 'Classifier__SVC__gamma': 0.01, 'Classifier__SVC__kernel': 'poly', 'Scaler': MinMaxScaler(), 'Selector__max_features': 16}",0.2222222222222222,0.1932367149758454,0.0825242718446602,0.1659944030142426,0.06019682719038111,380
338,0.07429941495259602,0.009152391348325397,0.033234755198160805,0.017263270099661897,0.01,poly,MinMaxScaler(),18,0.01,4.0,3.0,"{'Classifier__SVC__C': 0.01, 'Classifier__SVC__coef0': 4, 'Classifier__SVC__degree': 3, 'Classifier__SVC__gamma': 0.01, 'Classifier__SVC__kernel': 'poly', 'Scaler': MinMaxScaler(), 'Selector__max_features': 18}",0.2608695652173913,0.1932367149758454,0.0825242718446602,0.17887685067929895,0.07351378643498467,288
339,0.07480724652608235,0.009021726996874813,0.018872976303100586,0.0038653974517902016,0.01,poly,MinMaxScaler(),20,0.01,4.0,3.0,"{'Classifier__SVC__C': 0.01, 'Classifier__SVC__coef0': 4, 'Classifier__SVC__degree': 3, 'Classifier__SVC__gamma': 0.01, 'Classifier__SVC__kernel': 'poly', 'Scaler': MinMaxScaler(), 'Selector__max_features': 20}",0.22705314009661837,0.1932367149758454,0.0825242718446602,0.16760470897237464,0.06172464790432555,368
340,0.09911561012268066,0.015580222023621911,0.020675102869669598,0.0027271863366184115,0.01,poly,MinMaxScaler(),24,0.01,4.0,3.0,"{'Classifier__SVC__C': 0.01, 'Classifier__SVC__coef0': 4, 'Classifier__SVC__degree': 3, 'Classifier__SVC__gamma': 0.01, 'Classifier__SVC__kernel': 'poly', 'Scaler': MinMaxScaler(), 'Selector__max_features': 24}",0.2608695652173913,0.2028985507246377,0.0825242718446602,0.18209746259556306,0.07427998773813634,258
341,0.08094135920206706,0.0060978418987982655,0.020673831303914387,0.0008613021195530249,0.01,poly,MinMaxScaler(),2,0.001,4.0,5.0,"{'Classifier__SVC__C': 0.01, 'Classifier__SVC__coef0': 4, 'Classifier__SVC__degree': 5, 'Classifier__SVC__gamma': 0.001, 'Classifier__SVC__kernel': 'poly', 'Scaler': MinMaxScaler(), 'Selector__max_features': 2}",0.2560386473429952,0.22705314009661837,0.0825242718446602,0.18853868642809124,0.07589172981813473,182
342,0.12334291140238444,0.006691998311625279,0.02311849594116211,0.0014674233505947236,0.01,poly,MinMaxScaler(),4,0.001,4.0,5.0,"{'Classifier__SVC__C': 0.01, 'Classifier__SVC__coef0': 4, 'Classifier__SVC__degree': 5, 'Classifier__SVC__gamma': 0.001, 'Classifier__SVC__kernel': 'poly', 'Scaler': MinMaxScaler(), 'Selector__max_features': 4}",0.25120772946859904,0.22705314009661837,0.0825242718446602,0.1869283804699592,0.07448053199915029,208
343,0.07160735130310059,0.006061190486510258,0.020274003346761067,0.0038046003486121717,0.01,poly,MinMaxScaler(),6,0.001,4.0,5.0,"{'Classifier__SVC__C': 0.01, 'Classifier__SVC__coef0': 4, 'Classifier__SVC__degree': 5, 'Classifier__SVC__gamma': 0.001, 'Classifier__SVC__kernel': 'poly', 'Scaler': MinMaxScaler(), 'Selector__max_features': 6}",0.21256038647342995,0.2222222222222222,0.0825242718446602,0.1724356268467708,0.06369917103723212,328
344,0.08920621871948242,0.015888130998527632,0.023061037063598633,0.0032246268801449994,0.01,poly,MinMaxScaler(),8,0.001,4.0,5.0,"{'Classifier__SVC__C': 0.01, 'Classifier__SVC__coef0': 4, 'Classifier__SVC__degree': 5, 'Classifier__SVC__gamma': 0.001, 'Classifier__SVC__kernel': 'poly', 'Scaler': MinMaxScaler(), 'Selector__max_features': 8}",0.25120772946859904,0.2222222222222222,0.0825242718446602,0.18531807451182714,0.07364312281838128,239
345,0.08800077438354492,0.003734423336744287,0.020066499710083008,9.44290084594352e-06,0.01,poly,MinMaxScaler(),10,0.001,4.0,5.0,"{'Classifier__SVC__C': 0.01, 'Classifier__SVC__coef0': 4, 'Classifier__SVC__degree': 5, 'Classifier__SVC__gamma': 0.001, 'Classifier__SVC__kernel': 'poly', 'Scaler': MinMaxScaler(), 'Selector__max_features': 10}",0.28502415458937197,0.178743961352657,0.0825242718446602,0.18209746259556303,0.0827042324827661,264
346,0.08518004417419434,0.017866127902741308,0.020202080408732098,0.00332131263029671,0.01,poly,MinMaxScaler(),12,0.001,4.0,5.0,"{'Classifier__SVC__C': 0.01, 'Classifier__SVC__coef0': 4, 'Classifier__SVC__degree': 5, 'Classifier__SVC__gamma': 0.001, 'Classifier__SVC__kernel': 'poly', 'Scaler': MinMaxScaler(), 'Selector__max_features': 12}",0.28502415458937197,0.21256038647342995,0.0825242718446602,0.19336960430248737,0.08377654889906017,169
347,0.10396091143290202,0.010882291761888518,0.024347702662150066,0.0020526030011862174,0.01,poly,MinMaxScaler(),14,0.001,4.0,5.0,"{'Classifier__SVC__C': 0.01, 'Classifier__SVC__coef0': 4, 'Classifier__SVC__degree': 5, 'Classifier__SVC__gamma': 0.001, 'Classifier__SVC__kernel': 'poly', 'Scaler': MinMaxScaler(), 'Selector__max_features': 14}",0.2318840579710145,0.21256038647342995,0.0825242718446602,0.17565623876303485,0.06632507578385201,302
348,0.08957974116007487,0.0063550871093459894,0.03888066609700521,0.020695149437760175,0.01,poly,MinMaxScaler(),16,0.001,4.0,5.0,"{'Classifier__SVC__C': 0.01, 'Classifier__SVC__coef0': 4, 'Classifier__SVC__degree': 5, 'Classifier__SVC__gamma': 0.001, 'Classifier__SVC__kernel': 'poly', 'Scaler': MinMaxScaler(), 'Selector__max_features': 16}",0.2222222222222222,0.1932367149758454,0.0825242718446602,0.1659944030142426,0.06019682719038111,380
349,0.09455426534016927,0.01697085554086344,0.027605136235555012,0.0005059427382205549,0.01,poly,MinMaxScaler(),18,0.001,4.0,5.0,"{'Classifier__SVC__C': 0.01, 'Classifier__SVC__coef0': 4, 'Classifier__SVC__degree': 5, 'Classifier__SVC__gamma': 0.001, 'Classifier__SVC__kernel': 'poly', 'Scaler': MinMaxScaler(), 'Selector__max_features': 18}",0.2608695652173913,0.1932367149758454,0.0825242718446602,0.17887685067929895,0.07351378643498467,288
350,0.12175432840983073,0.04528121251526181,0.023761192957560223,0.003076527381265679,0.01,poly,MinMaxScaler(),20,0.001,4.0,5.0,"{'Classifier__SVC__C': 0.01, 'Classifier__SVC__coef0': 4, 'Classifier__SVC__degree': 5, 'Classifier__SVC__gamma': 0.001, 'Classifier__SVC__kernel': 'poly', 'Scaler': MinMaxScaler(), 'Selector__max_features': 20}",0.22705314009661837,0.1932367149758454,0.0825242718446602,0.16760470897237464,0.06172464790432555,368
351,0.12984649340311685,0.03682130012438778,0.02610166867574056,0.0025319166486239258,0.01,poly,MinMaxScaler(),24,0.001,4.0,5.0,"{'Classifier__SVC__C': 0.01, 'Classifier__SVC__coef0': 4, 'Classifier__SVC__degree': 5, 'Classifier__SVC__gamma': 0.001, 'Classifier__SVC__kernel': 'poly', 'Scaler': MinMaxScaler(), 'Selector__max_features': 24}",0.25120772946859904,0.2028985507246377,0.08737864077669903,0.18049497365664524,0.06873345994727613,283
352,0.10314083099365234,0.014310999082584992,0.02624400456746419,0.0016629233727970037,0.01,poly,MinMaxScaler(),2,0.01,4.0,5.0,"{'Classifier__SVC__C': 0.01, 'Classifier__SVC__coef0': 4, 'Classifier__SVC__degree': 5, 'Classifier__SVC__gamma': 0.01, 'Classifier__SVC__kernel': 'poly', 'Scaler': MinMaxScaler(), 'Selector__max_features': 2}",0.2560386473429952,0.22705314009661837,0.0825242718446602,0.18853868642809124,0.07589172981813473,182
353,0.17511781056722006,0.027338353309837256,0.024883190790812176,0.0030728205940190254,0.01,poly,MinMaxScaler(),4,0.01,4.0,5.0,"{'Classifier__SVC__C': 0.01, 'Classifier__SVC__coef0': 4, 'Classifier__SVC__degree': 5, 'Classifier__SVC__gamma': 0.01, 'Classifier__SVC__kernel': 'poly', 'Scaler': MinMaxScaler(), 'Selector__max_features': 4}",0.19806763285024154,0.20772946859903382,0.08737864077669903,0.1643919140753248,0.05459927328964357,391
354,0.09071087837219238,0.008705937511048053,0.021593809127807617,0.0012307569953396156,0.01,poly,MinMaxScaler(),6,0.01,4.0,5.0,"{'Classifier__SVC__C': 0.01, 'Classifier__SVC__coef0': 4, 'Classifier__SVC__degree': 5, 'Classifier__SVC__gamma': 0.01, 'Classifier__SVC__kernel': 'poly', 'Scaler': MinMaxScaler(), 'Selector__max_features': 6}",0.11594202898550725,0.18357487922705315,0.10679611650485436,0.1354376749058049,0.03424232039134362,436
355,0.10898534456888835,0.009765929022288332,0.025286118189493816,0.0012446229663823159,0.01,poly,MinMaxScaler(),8,0.01,4.0,5.0,"{'Classifier__SVC__C': 0.01, 'Classifier__SVC__coef0': 4, 'Classifier__SVC__degree': 5, 'Classifier__SVC__gamma': 0.01, 'Classifier__SVC__kernel': 'poly', 'Scaler': MinMaxScaler(), 'Selector__max_features': 8}",0.15458937198067632,0.23671497584541062,0.13592233009708737,0.1757422259743914,0.04378258240667795,299
356,0.15623887379964194,0.03920426290880839,0.05897418657938639,0.031780175295737616,0.01,poly,MinMaxScaler(),10,0.01,4.0,5.0,"{'Classifier__SVC__C': 0.01, 'Classifier__SVC__coef0': 4, 'Classifier__SVC__degree': 5, 'Classifier__SVC__gamma': 0.01, 'Classifier__SVC__kernel': 'poly', 'Scaler': MinMaxScaler(), 'Selector__max_features': 10}",0.15942028985507245,0.20772946859903382,0.12135922330097088,0.16283632725169236,0.03534314456707006,393
357,0.10913395881652832,0.018788248414803532,0.029439687728881836,0.006817410531668121,0.01,poly,MinMaxScaler(),12,0.01,4.0,5.0,"{'Classifier__SVC__C': 0.01, 'Classifier__SVC__coef0': 4, 'Classifier__SVC__degree': 5, 'Classifier__SVC__gamma': 0.01, 'Classifier__SVC__kernel': 'poly', 'Scaler': MinMaxScaler(), 'Selector__max_features': 12}",0.17391304347826086,0.2995169082125604,0.0825242718446602,0.18531807451182714,0.08895319784070121,239
358,0.13271395365397134,0.021840978851557558,0.029869794845581055,0.004583996640439466,0.01,poly,MinMaxScaler(),14,0.01,4.0,5.0,"{'Classifier__SVC__C': 0.01, 'Classifier__SVC__coef0': 4, 'Classifier__SVC__degree': 5, 'Classifier__SVC__gamma': 0.01, 'Classifier__SVC__kernel': 'poly', 'Scaler': MinMaxScaler(), 'Selector__max_features': 14}",0.14492753623188406,0.2560386473429952,0.11650485436893204,0.17249034598127042,0.06020631864066999,324
359,0.11121026674906413,0.01743201701623032,0.02968176205952962,0.004627371282286069,0.01,poly,MinMaxScaler(),16,0.01,4.0,5.0,"{'Classifier__SVC__C': 0.01, 'Classifier__SVC__coef0': 4, 'Classifier__SVC__degree': 5, 'Classifier__SVC__gamma': 0.01, 'Classifier__SVC__kernel': 'poly', 'Scaler': MinMaxScaler(), 'Selector__max_features': 16}",0.13043478260869565,0.2560386473429952,0.1262135922330097,0.1708956740615669,0.06022983223424785,350
360,0.10998209317525227,0.008566205672392193,0.028543710708618164,0.003469853610565635,0.01,poly,MinMaxScaler(),18,0.01,4.0,5.0,"{'Classifier__SVC__C': 0.01, 'Classifier__SVC__coef0': 4, 'Classifier__SVC__degree': 5, 'Classifier__SVC__gamma': 0.01, 'Classifier__SVC__kernel': 'poly', 'Scaler': MinMaxScaler(), 'Selector__max_features': 18}",0.13043478260869565,0.28502415458937197,0.10679611650485436,0.17408501790097397,0.07903718816973654,314
361,0.11209408442179362,0.004881049422185798,0.027204195658365887,0.0024243954134094458,0.01,poly,MinMaxScaler(),20,0.01,4.0,5.0,"{'Classifier__SVC__C': 0.01, 'Classifier__SVC__coef0': 4, 'Classifier__SVC__degree': 5, 'Classifier__SVC__gamma': 0.01, 'Classifier__SVC__kernel': 'poly', 'Scaler': MinMaxScaler(), 'Selector__max_features': 20}",0.14009661835748793,0.2222222222222222,0.1262135922330097,0.16284414427090663,0.042367453778323905,392
362,0.10314981142679851,0.010570157286134103,0.025328954060872395,0.0012448904490558448,0.01,poly,MinMaxScaler(),24,0.01,4.0,5.0,"{'Classifier__SVC__C': 0.01, 'Classifier__SVC__coef0': 4, 'Classifier__SVC__degree': 5, 'Classifier__SVC__gamma': 0.01, 'Classifier__SVC__kernel': 'poly', 'Scaler': MinMaxScaler(), 'Selector__max_features': 24}",0.1932367149758454,0.2028985507246377,0.23300970873786409,0.20971499147944905,0.016937545210198638,99
363,0.09917449951171875,0.012544180628448675,0.027392069498697918,0.0054028579650345545,0.01,poly,MinMaxScaler(),2,0.001,6.0,3.0,"{'Classifier__SVC__C': 0.01, 'Classifier__SVC__coef0': 6, 'Classifier__SVC__degree': 3, 'Classifier__SVC__gamma': 0.001, 'Classifier__SVC__kernel': 'poly', 'Scaler': MinMaxScaler(), 'Selector__max_features': 2}",0.2560386473429952,0.22705314009661837,0.0825242718446602,0.18853868642809124,0.07589172981813473,182
364,0.09819595019022624,0.007764848188273401,0.024717013041178387,0.0032975315745976497,0.01,poly,MinMaxScaler(),4,0.001,6.0,3.0,"{'Classifier__SVC__C': 0.01, 'Classifier__SVC__coef0': 6, 'Classifier__SVC__degree': 3, 'Classifier__SVC__gamma': 0.001, 'Classifier__SVC__kernel': 'poly', 'Scaler': MinMaxScaler(), 'Selector__max_features': 4}",0.25120772946859904,0.22705314009661837,0.0825242718446602,0.1869283804699592,0.07448053199915029,208
365,0.11191344261169434,0.012144323755398069,0.02791770299275716,0.0043573822639174,0.01,poly,MinMaxScaler(),6,0.001,6.0,3.0,"{'Classifier__SVC__C': 0.01, 'Classifier__SVC__coef0': 6, 'Classifier__SVC__degree': 3, 'Classifier__SVC__gamma': 0.001, 'Classifier__SVC__kernel': 'poly', 'Scaler': MinMaxScaler(), 'Selector__max_features': 6}",0.21256038647342995,0.2222222222222222,0.0825242718446602,0.1724356268467708,0.06369917103723212,328
366,0.08968130747477214,0.002253147106004495,0.022740920384724934,0.0020392647127566743,0.01,poly,MinMaxScaler(),8,0.001,6.0,3.0,"{'Classifier__SVC__C': 0.01, 'Classifier__SVC__coef0': 6, 'Classifier__SVC__degree': 3, 'Classifier__SVC__gamma': 0.001, 'Classifier__SVC__kernel': 'poly', 'Scaler': MinMaxScaler(), 'Selector__max_features': 8}",0.25120772946859904,0.2222222222222222,0.0825242718446602,0.18531807451182714,0.07364312281838128,239
367,0.09628717104593913,0.008347577381676243,0.021721760431925457,0.0033371771689012356,0.01,poly,MinMaxScaler(),10,0.001,6.0,3.0,"{'Classifier__SVC__C': 0.01, 'Classifier__SVC__coef0': 6, 'Classifier__SVC__degree': 3, 'Classifier__SVC__gamma': 0.001, 'Classifier__SVC__kernel': 'poly', 'Scaler': MinMaxScaler(), 'Selector__max_features': 10}",0.28502415458937197,0.178743961352657,0.0825242718446602,0.18209746259556303,0.0827042324827661,264
368,0.10560901959737141,0.009808457460173276,0.01952473322550456,0.0024477561108348016,0.01,poly,MinMaxScaler(),12,0.001,6.0,3.0,"{'Classifier__SVC__C': 0.01, 'Classifier__SVC__coef0': 6, 'Classifier__SVC__degree': 3, 'Classifier__SVC__gamma': 0.001, 'Classifier__SVC__kernel': 'poly', 'Scaler': MinMaxScaler(), 'Selector__max_features': 12}",0.28502415458937197,0.21256038647342995,0.0825242718446602,0.19336960430248737,0.08377654889906017,169
369,0.09590903917948405,0.00810422122635775,0.019033273061116535,0.002549731355759756,0.01,poly,MinMaxScaler(),14,0.001,6.0,3.0,"{'Classifier__SVC__C': 0.01, 'Classifier__SVC__coef0': 6, 'Classifier__SVC__degree': 3, 'Classifier__SVC__gamma': 0.001, 'Classifier__SVC__kernel': 'poly', 'Scaler': MinMaxScaler(), 'Selector__max_features': 14}",0.2318840579710145,0.21256038647342995,0.0825242718446602,0.17565623876303485,0.06632507578385201,302
370,0.09021393458048503,0.004319272128354729,0.019521792729695637,3.092301123673712e-06,0.01,poly,MinMaxScaler(),16,0.001,6.0,3.0,"{'Classifier__SVC__C': 0.01, 'Classifier__SVC__coef0': 6, 'Classifier__SVC__degree': 3, 'Classifier__SVC__gamma': 0.001, 'Classifier__SVC__kernel': 'poly', 'Scaler': MinMaxScaler(), 'Selector__max_features': 16}",0.2222222222222222,0.1932367149758454,0.0825242718446602,0.1659944030142426,0.06019682719038111,380
371,0.0920413335164388,0.002785407912857166,0.016159613927205402,0.002602857645125893,0.01,poly,MinMaxScaler(),18,0.001,6.0,3.0,"{'Classifier__SVC__C': 0.01, 'Classifier__SVC__coef0': 6, 'Classifier__SVC__degree': 3, 'Classifier__SVC__gamma': 0.001, 'Classifier__SVC__kernel': 'poly', 'Scaler': MinMaxScaler(), 'Selector__max_features': 18}",0.2608695652173913,0.1932367149758454,0.0825242718446602,0.17887685067929895,0.07351378643498467,288
372,0.08483688036600749,0.005114632105758811,0.017952601114908855,0.0010881788281767925,0.01,poly,MinMaxScaler(),20,0.001,6.0,3.0,"{'Classifier__SVC__C': 0.01, 'Classifier__SVC__coef0': 6, 'Classifier__SVC__degree': 3, 'Classifier__SVC__gamma': 0.001, 'Classifier__SVC__kernel': 'poly', 'Scaler': MinMaxScaler(), 'Selector__max_features': 20}",0.22705314009661837,0.1932367149758454,0.0825242718446602,0.16760470897237464,0.06172464790432555,368
373,0.0752865473429362,0.005275856308947689,0.01899607976277669,0.0029624960345893832,0.01,poly,MinMaxScaler(),24,0.001,6.0,3.0,"{'Classifier__SVC__C': 0.01, 'Classifier__SVC__coef0': 6, 'Classifier__SVC__degree': 3, 'Classifier__SVC__gamma': 0.001, 'Classifier__SVC__kernel': 'poly', 'Scaler': MinMaxScaler(), 'Selector__max_features': 24}",0.2608695652173913,0.2028985507246377,0.0825242718446602,0.18209746259556306,0.07427998773813634,258
374,0.06379938125610352,0.004819245383510542,0.019184112548828125,0.0006116497804098121,0.01,poly,MinMaxScaler(),2,0.01,6.0,3.0,"{'Classifier__SVC__C': 0.01, 'Classifier__SVC__coef0': 6, 'Classifier__SVC__degree': 3, 'Classifier__SVC__gamma': 0.01, 'Classifier__SVC__kernel': 'poly', 'Scaler': MinMaxScaler(), 'Selector__max_features': 2}",0.2560386473429952,0.22705314009661837,0.0825242718446602,0.18853868642809124,0.07589172981813473,182
375,0.06550121307373047,0.0041958908916801315,0.019333362579345703,0.002059297256411818,0.01,poly,MinMaxScaler(),4,0.01,6.0,3.0,"{'Classifier__SVC__C': 0.01, 'Classifier__SVC__coef0': 6, 'Classifier__SVC__degree': 3, 'Classifier__SVC__gamma': 0.01, 'Classifier__SVC__kernel': 'poly', 'Scaler': MinMaxScaler(), 'Selector__max_features': 4}",0.25120772946859904,0.22705314009661837,0.0825242718446602,0.1869283804699592,0.07448053199915029,208
376,0.06231212615966797,0.0004680035047525547,0.01902627944946289,0.0010934919047471748,0.01,poly,MinMaxScaler(),6,0.01,6.0,3.0,"{'Classifier__SVC__C': 0.01, 'Classifier__SVC__coef0': 6, 'Classifier__SVC__degree': 3, 'Classifier__SVC__gamma': 0.01, 'Classifier__SVC__kernel': 'poly', 'Scaler': MinMaxScaler(), 'Selector__max_features': 6}",0.21256038647342995,0.2222222222222222,0.0825242718446602,0.1724356268467708,0.06369917103723212,328
377,0.06328805287679036,0.005553065708529579,0.018890937169392902,0.0030786321740104766,0.01,poly,MinMaxScaler(),8,0.01,6.0,3.0,"{'Classifier__SVC__C': 0.01, 'Classifier__SVC__coef0': 6, 'Classifier__SVC__degree': 3, 'Classifier__SVC__gamma': 0.01, 'Classifier__SVC__kernel': 'poly', 'Scaler': MinMaxScaler(), 'Selector__max_features': 8}",0.25120772946859904,0.2222222222222222,0.0825242718446602,0.18531807451182714,0.07364312281838128,239
378,0.07582696278889973,0.007919700768027255,0.01803421974182129,0.00248386050971349,0.01,poly,MinMaxScaler(),10,0.01,6.0,3.0,"{'Classifier__SVC__C': 0.01, 'Classifier__SVC__coef0': 6, 'Classifier__SVC__degree': 3, 'Classifier__SVC__gamma': 0.01, 'Classifier__SVC__kernel': 'poly', 'Scaler': MinMaxScaler(), 'Selector__max_features': 10}",0.28502415458937197,0.178743961352657,0.0825242718446602,0.18209746259556303,0.0827042324827661,264
379,0.0637972354888916,0.014310521063164083,0.016192118326822918,0.0018343885329875531,0.01,poly,MinMaxScaler(),12,0.01,6.0,3.0,"{'Classifier__SVC__C': 0.01, 'Classifier__SVC__coef0': 6, 'Classifier__SVC__degree': 3, 'Classifier__SVC__gamma': 0.01, 'Classifier__SVC__kernel': 'poly', 'Scaler': MinMaxScaler(), 'Selector__max_features': 12}",0.28502415458937197,0.21739130434782608,0.0825242718446602,0.19497991026061942,0.08417542621060126,155
380,0.06896718343098958,0.005325463977669035,0.017333030700683594,0.0030886940401604317,0.01,poly,MinMaxScaler(),14,0.01,6.0,3.0,"{'Classifier__SVC__C': 0.01, 'Classifier__SVC__coef0': 6, 'Classifier__SVC__degree': 3, 'Classifier__SVC__gamma': 0.01, 'Classifier__SVC__kernel': 'poly', 'Scaler': MinMaxScaler(), 'Selector__max_features': 14}",0.2318840579710145,0.21256038647342995,0.0825242718446602,0.17565623876303485,0.06632507578385201,302
381,0.07297023137410481,0.006692317149368186,0.019459883371988933,0.0005916431967747867,0.01,poly,MinMaxScaler(),16,0.01,6.0,3.0,"{'Classifier__SVC__C': 0.01, 'Classifier__SVC__coef0': 6, 'Classifier__SVC__degree': 3, 'Classifier__SVC__gamma': 0.01, 'Classifier__SVC__kernel': 'poly', 'Scaler': MinMaxScaler(), 'Selector__max_features': 16}",0.2222222222222222,0.1932367149758454,0.0825242718446602,0.1659944030142426,0.06019682719038111,380
382,0.07015657424926758,0.006221837833724674,0.019087711970011394,0.0039284124653870805,0.01,poly,MinMaxScaler(),18,0.01,6.0,3.0,"{'Classifier__SVC__C': 0.01, 'Classifier__SVC__coef0': 6, 'Classifier__SVC__degree': 3, 'Classifier__SVC__gamma': 0.01, 'Classifier__SVC__kernel': 'poly', 'Scaler': MinMaxScaler(), 'Selector__max_features': 18}",0.2608695652173913,0.1932367149758454,0.0825242718446602,0.17887685067929895,0.07351378643498467,288
383,0.07102402051289876,0.006975795811546417,0.018738746643066406,0.0012405068741022072,0.01,poly,MinMaxScaler(),20,0.01,6.0,3.0,"{'Classifier__SVC__C': 0.01, 'Classifier__SVC__coef0': 6, 'Classifier__SVC__degree': 3, 'Classifier__SVC__gamma': 0.01, 'Classifier__SVC__kernel': 'poly', 'Scaler': MinMaxScaler(), 'Selector__max_features': 20}",0.22705314009661837,0.1932367149758454,0.0825242718446602,0.16760470897237464,0.06172464790432555,368
384,0.0716707706451416,0.009911811182818288,0.0165560245513916,0.003957259136428155,0.01,poly,MinMaxScaler(),24,0.01,6.0,3.0,"{'Classifier__SVC__C': 0.01, 'Classifier__SVC__coef0': 6, 'Classifier__SVC__degree': 3, 'Classifier__SVC__gamma': 0.01, 'Classifier__SVC__kernel': 'poly', 'Scaler': MinMaxScaler(), 'Selector__max_features': 24}",0.2560386473429952,0.2028985507246377,0.0825242718446602,0.180487156637431,0.07258793547527193,285
385,0.07645376523335774,0.010493838807752367,0.020169576009114582,0.004084900107362258,0.01,poly,MinMaxScaler(),2,0.001,6.0,5.0,"{'Classifier__SVC__C': 0.01, 'Classifier__SVC__coef0': 6, 'Classifier__SVC__degree': 5, 'Classifier__SVC__gamma': 0.001, 'Classifier__SVC__kernel': 'poly', 'Scaler': MinMaxScaler(), 'Selector__max_features': 2}",0.2560386473429952,0.22705314009661837,0.0825242718446602,0.18853868642809124,0.07589172981813473,182
386,0.07842469215393066,0.0006144470963288721,0.02345760663350423,0.0025560692399886225,0.01,poly,MinMaxScaler(),4,0.001,6.0,5.0,"{'Classifier__SVC__C': 0.01, 'Classifier__SVC__coef0': 6, 'Classifier__SVC__degree': 5, 'Classifier__SVC__gamma': 0.001, 'Classifier__SVC__kernel': 'poly', 'Scaler': MinMaxScaler(), 'Selector__max_features': 4}",0.22705314009661837,0.22705314009661837,0.08737864077669903,0.18049497365664524,0.06584319041863386,283
387,0.0724024772644043,0.002605183765759582,0.021282513936360676,0.0019664706431162696,0.01,poly,MinMaxScaler(),6,0.001,6.0,5.0,"{'Classifier__SVC__C': 0.01, 'Classifier__SVC__coef0': 6, 'Classifier__SVC__degree': 5, 'Classifier__SVC__gamma': 0.001, 'Classifier__SVC__kernel': 'poly', 'Scaler': MinMaxScaler(), 'Selector__max_features': 6}",0.178743961352657,0.2222222222222222,0.0825242718446602,0.1611634851398465,0.05837056445860843,397
388,0.07489720980326335,0.0039323544779953715,0.021427313486735027,0.000614386416071602,0.01,poly,MinMaxScaler(),8,0.001,6.0,5.0,"{'Classifier__SVC__C': 0.01, 'Classifier__SVC__coef0': 6, 'Classifier__SVC__degree': 5, 'Classifier__SVC__gamma': 0.001, 'Classifier__SVC__kernel': 'poly', 'Scaler': MinMaxScaler(), 'Selector__max_features': 8}",0.2028985507246377,0.1642512077294686,0.0825242718446602,0.14989134343292218,0.0501806472054056,421
389,0.08128881454467773,0.012722786752088936,0.01832278569539388,0.0028118712785517217,0.01,poly,MinMaxScaler(),10,0.001,6.0,5.0,"{'Classifier__SVC__C': 0.01, 'Classifier__SVC__coef0': 6, 'Classifier__SVC__degree': 5, 'Classifier__SVC__gamma': 0.001, 'Classifier__SVC__kernel': 'poly', 'Scaler': MinMaxScaler(), 'Selector__max_features': 10}",0.22705314009661837,0.10628019323671498,0.0970873786407767,0.1434735706580367,0.0592187204674493,429
390,0.07419689496358235,0.00899833970941286,0.01504063606262207,0.0007424463527731474,0.01,poly,MinMaxScaler(),12,0.001,6.0,5.0,"{'Classifier__SVC__C': 0.01, 'Classifier__SVC__coef0': 6, 'Classifier__SVC__degree': 5, 'Classifier__SVC__gamma': 0.001, 'Classifier__SVC__kernel': 'poly', 'Scaler': MinMaxScaler(), 'Selector__max_features': 12}",0.14009661835748793,0.13043478260869565,0.08737864077669903,0.11930334724762753,0.022916194127739573,456
391,0.08500099182128906,0.004330709047658026,0.018384774525960285,0.003893548443858725,0.01,poly,MinMaxScaler(),14,0.001,6.0,5.0,"{'Classifier__SVC__C': 0.01, 'Classifier__SVC__coef0': 6, 'Classifier__SVC__degree': 5, 'Classifier__SVC__gamma': 0.001, 'Classifier__SVC__kernel': 'poly', 'Scaler': MinMaxScaler(), 'Selector__max_features': 14}",0.12077294685990338,0.14492753623188406,0.0970873786407767,0.12092928724418806,0.019530975420637437,455
392,0.07013050715128581,0.005111918405693452,0.01789704958597819,0.0016536324023911672,0.01,poly,MinMaxScaler(),16,0.001,6.0,5.0,"{'Classifier__SVC__C': 0.01, 'Classifier__SVC__coef0': 6, 'Classifier__SVC__degree': 5, 'Classifier__SVC__gamma': 0.001, 'Classifier__SVC__kernel': 'poly', 'Scaler': MinMaxScaler(), 'Selector__max_features': 16}",0.10144927536231885,0.16908212560386474,0.11165048543689321,0.1273939621343589,0.029770717176912598,450
393,0.06731422742207845,0.009711536563051458,0.018549283345540363,0.0028636919019055514,0.01,poly,MinMaxScaler(),18,0.001,6.0,5.0,"{'Classifier__SVC__C': 0.01, 'Classifier__SVC__coef0': 6, 'Classifier__SVC__degree': 5, 'Classifier__SVC__gamma': 0.001, 'Classifier__SVC__kernel': 'poly', 'Scaler': MinMaxScaler(), 'Selector__max_features': 18}",0.12560386473429952,0.18840579710144928,0.11650485436893204,0.1435048387348936,0.03196633691957463,428
394,0.06661740938822429,0.0030618513370279585,0.018702348073323567,0.0032895804773925745,0.01,poly,MinMaxScaler(),20,0.001,6.0,5.0,"{'Classifier__SVC__C': 0.01, 'Classifier__SVC__coef0': 6, 'Classifier__SVC__degree': 5, 'Classifier__SVC__gamma': 0.001, 'Classifier__SVC__kernel': 'poly', 'Scaler': MinMaxScaler(), 'Selector__max_features': 20}",0.14009661835748793,0.20772946859903382,0.12135922330097088,0.1563951034191642,0.037096138879863266,406
395,0.09905703862508138,0.02795047333442133,0.023234446843465168,0.0013227278027722314,0.01,poly,MinMaxScaler(),24,0.001,6.0,5.0,"{'Classifier__SVC__C': 0.01, 'Classifier__SVC__coef0': 6, 'Classifier__SVC__degree': 5, 'Classifier__SVC__gamma': 0.001, 'Classifier__SVC__kernel': 'poly', 'Scaler': MinMaxScaler(), 'Selector__max_features': 24}",0.13043478260869565,0.28502415458937197,0.10679611650485436,0.17408501790097397,0.07903718816973654,314
396,0.06945236523946126,0.008464266577711061,0.01959403355916341,0.0035023204224340103,0.01,poly,MinMaxScaler(),2,0.01,6.0,5.0,"{'Classifier__SVC__C': 0.01, 'Classifier__SVC__coef0': 6, 'Classifier__SVC__degree': 5, 'Classifier__SVC__gamma': 0.01, 'Classifier__SVC__kernel': 'poly', 'Scaler': MinMaxScaler(), 'Selector__max_features': 2}",0.19806763285024154,0.1642512077294686,0.06796116504854369,0.1434266685427513,0.05511907906350216,430
397,0.07415882746378581,0.013406360319902976,0.016882975896199543,0.0004802606919333528,0.01,poly,MinMaxScaler(),4,0.01,6.0,5.0,"{'Classifier__SVC__C': 0.01, 'Classifier__SVC__coef0': 6, 'Classifier__SVC__degree': 5, 'Classifier__SVC__gamma': 0.01, 'Classifier__SVC__kernel': 'poly', 'Scaler': MinMaxScaler(), 'Selector__max_features': 4}",0.11594202898550725,0.14492753623188406,0.18932038834951456,0.1500633178556353,0.03017590755777966,416
398,0.08704479535420735,0.011201654026795472,0.022902250289916992,0.0010468693658666802,0.01,poly,MinMaxScaler(),6,0.01,6.0,5.0,"{'Classifier__SVC__C': 0.01, 'Classifier__SVC__coef0': 6, 'Classifier__SVC__degree': 5, 'Classifier__SVC__gamma': 0.01, 'Classifier__SVC__kernel': 'poly', 'Scaler': MinMaxScaler(), 'Selector__max_features': 6}",0.1111111111111111,0.1642512077294686,0.16990291262135923,0.14842174382064632,0.02648330199623446,423
399,0.07953588167826335,0.0136191573127421,0.023378849029541016,0.003424520494957238,0.01,poly,MinMaxScaler(),8,0.01,6.0,5.0,"{'Classifier__SVC__C': 0.01, 'Classifier__SVC__coef0': 6, 'Classifier__SVC__degree': 5, 'Classifier__SVC__gamma': 0.01, 'Classifier__SVC__kernel': 'poly', 'Scaler': MinMaxScaler(), 'Selector__max_features': 8}",0.14009661835748793,0.18357487922705315,0.1796116504854369,0.16776104935665934,0.01962850567237234,366
400,0.08159645398457845,0.007679176424756315,0.01902619997660319,0.0031800793182221614,0.01,poly,MinMaxScaler(),10,0.01,6.0,5.0,"{'Classifier__SVC__C': 0.01, 'Classifier__SVC__coef0': 6, 'Classifier__SVC__degree': 5, 'Classifier__SVC__gamma': 0.01, 'Classifier__SVC__kernel': 'poly', 'Scaler': MinMaxScaler(), 'Selector__max_features': 10}",0.1932367149758454,0.178743961352657,0.20388349514563106,0.19195472382471115,0.010303127868620324,175
401,0.08074768384297688,0.009132774469115758,0.02033392588297526,0.0017016713984002215,0.01,poly,MinMaxScaler(),12,0.01,6.0,5.0,"{'Classifier__SVC__C': 0.01, 'Classifier__SVC__coef0': 6, 'Classifier__SVC__degree': 5, 'Classifier__SVC__gamma': 0.01, 'Classifier__SVC__kernel': 'poly', 'Scaler': MinMaxScaler(), 'Selector__max_features': 12}",0.18357487922705315,0.2028985507246377,0.1941747572815534,0.19354939574441477,0.007901239473472484,168
402,0.08606298764546712,0.008811918877907299,0.019933541615804035,0.0009215530874377128,0.01,poly,MinMaxScaler(),14,0.01,6.0,5.0,"{'Classifier__SVC__C': 0.01, 'Classifier__SVC__coef0': 6, 'Classifier__SVC__degree': 5, 'Classifier__SVC__gamma': 0.01, 'Classifier__SVC__kernel': 'poly', 'Scaler': MinMaxScaler(), 'Selector__max_features': 14}",0.15942028985507245,0.18840579710144928,0.1941747572815534,0.18066694807935837,0.015207138447992536,281
403,0.07294193903605144,0.0023586500663989656,0.017204682032267254,0.0032721768946393326,0.01,poly,MinMaxScaler(),16,0.01,6.0,5.0,"{'Classifier__SVC__C': 0.01, 'Classifier__SVC__coef0': 6, 'Classifier__SVC__degree': 5, 'Classifier__SVC__gamma': 0.01, 'Classifier__SVC__kernel': 'poly', 'Scaler': MinMaxScaler(), 'Selector__max_features': 16}",0.178743961352657,0.178743961352657,0.2524271844660194,0.20330503572377778,0.03473460448209328,108
404,0.07336203257242839,0.009308188729242089,0.021284182866414387,0.0005703339973315494,0.01,poly,MinMaxScaler(),18,0.01,6.0,5.0,"{'Classifier__SVC__C': 0.01, 'Classifier__SVC__coef0': 6, 'Classifier__SVC__degree': 5, 'Classifier__SVC__gamma': 0.01, 'Classifier__SVC__kernel': 'poly', 'Scaler': MinMaxScaler(), 'Selector__max_features': 18}",0.1932367149758454,0.178743961352657,0.24271844660194175,0.2048997076434814,0.027388595427071907,104
405,0.07103967666625977,0.00563130181031873,0.02130428949991862,0.0036785226545154293,0.01,poly,MinMaxScaler(),20,0.01,6.0,5.0,"{'Classifier__SVC__C': 0.01, 'Classifier__SVC__coef0': 6, 'Classifier__SVC__degree': 5, 'Classifier__SVC__gamma': 0.01, 'Classifier__SVC__kernel': 'poly', 'Scaler': MinMaxScaler(), 'Selector__max_features': 20}",0.20772946859903382,0.21256038647342995,0.25728155339805825,0.22585713615684067,0.0223077705607992,66
406,0.08332641919453938,0.0039330111280859534,0.026472012201944988,0.004155146539978454,0.01,poly,MinMaxScaler(),24,0.01,6.0,5.0,"{'Classifier__SVC__C': 0.01, 'Classifier__SVC__coef0': 6, 'Classifier__SVC__degree': 5, 'Classifier__SVC__gamma': 0.01, 'Classifier__SVC__kernel': 'poly', 'Scaler': MinMaxScaler(), 'Selector__max_features': 24}",0.22705314009661837,0.24154589371980675,0.23786407766990292,0.235487703828776,0.006150628226460785,46
407,0.08513935407002766,0.011502537239605239,0.02337932586669922,0.0047396337744955415,0.1,poly,MinMaxScaler(),2,0.001,2.0,3.0,"{'Classifier__SVC__C': 0.1, 'Classifier__SVC__coef0': 2, 'Classifier__SVC__degree': 3, 'Classifier__SVC__gamma': 0.001, 'Classifier__SVC__kernel': 'poly', 'Scaler': MinMaxScaler(), 'Selector__max_features': 2}",0.03864734299516908,0.21256038647342995,0.0825242718446602,0.11124400043775308,0.0738469307907176,463
408,0.08740480740865071,0.00273677630169774,0.021967411041259766,0.0018854815054272342,0.1,poly,MinMaxScaler(),4,0.001,2.0,3.0,"{'Classifier__SVC__C': 0.1, 'Classifier__SVC__coef0': 2, 'Classifier__SVC__degree': 3, 'Classifier__SVC__gamma': 0.001, 'Classifier__SVC__kernel': 'poly', 'Scaler': MinMaxScaler(), 'Selector__max_features': 4}",0.057971014492753624,0.14492753623188406,0.0825242718446602,0.09514094085643264,0.03660368306565547,512
409,0.10444267590840657,0.009956241495086329,0.020018815994262695,0.0016396022398799327,0.1,poly,MinMaxScaler(),6,0.001,2.0,3.0,"{'Classifier__SVC__C': 0.1, 'Classifier__SVC__coef0': 2, 'Classifier__SVC__degree': 3, 'Classifier__SVC__gamma': 0.001, 'Classifier__SVC__kernel': 'poly', 'Scaler': MinMaxScaler(), 'Selector__max_features': 6}",0.06763285024154589,0.11594202898550725,0.0825242718446602,0.08869971702390445,0.020199773597747578,524
410,0.08759045600891113,0.006396494777841002,0.019868214925130207,0.0027419219986155787,0.1,poly,MinMaxScaler(),8,0.001,2.0,3.0,"{'Classifier__SVC__C': 0.1, 'Classifier__SVC__coef0': 2, 'Classifier__SVC__degree': 3, 'Classifier__SVC__gamma': 0.001, 'Classifier__SVC__kernel': 'poly', 'Scaler': MinMaxScaler(), 'Selector__max_features': 8}",0.07729468599033816,0.13043478260869565,0.0825242718446602,0.09675124681456466,0.02391335163665978,500
411,0.09642378489176433,0.003985650531325812,0.018324772516886394,0.0024965942157937565,0.1,poly,MinMaxScaler(),10,0.001,2.0,3.0,"{'Classifier__SVC__C': 0.1, 'Classifier__SVC__coef0': 2, 'Classifier__SVC__degree': 3, 'Classifier__SVC__gamma': 0.001, 'Classifier__SVC__kernel': 'poly', 'Scaler': MinMaxScaler(), 'Selector__max_features': 10}",0.0821256038647343,0.0966183574879227,0.0825242718446602,0.0870894110657724,0.006739948020408507,529
412,0.09449648857116699,0.004301539049018368,0.01566179593404134,0.002497995982913799,0.1,poly,MinMaxScaler(),12,0.001,2.0,3.0,"{'Classifier__SVC__C': 0.1, 'Classifier__SVC__coef0': 2, 'Classifier__SVC__degree': 3, 'Classifier__SVC__gamma': 0.001, 'Classifier__SVC__kernel': 'poly', 'Scaler': MinMaxScaler(), 'Selector__max_features': 12}",0.0821256038647343,0.12077294685990338,0.0825242718446602,0.09514094085643264,0.01812529600422248,512
413,0.08378982543945312,0.0024049341755363056,0.0165102481842041,0.001068123802508321,0.1,poly,MinMaxScaler(),14,0.001,2.0,3.0,"{'Classifier__SVC__C': 0.1, 'Classifier__SVC__coef0': 2, 'Classifier__SVC__degree': 3, 'Classifier__SVC__gamma': 0.001, 'Classifier__SVC__kernel': 'poly', 'Scaler': MinMaxScaler(), 'Selector__max_features': 14}",0.08695652173913043,0.12077294685990338,0.0825242718446602,0.09675124681456466,0.017082013241670843,500
414,0.08493645985921223,0.002493111076729989,0.019056002298990887,0.002944786877924739,0.1,poly,MinMaxScaler(),16,0.001,2.0,3.0,"{'Classifier__SVC__C': 0.1, 'Classifier__SVC__coef0': 2, 'Classifier__SVC__degree': 3, 'Classifier__SVC__gamma': 0.001, 'Classifier__SVC__kernel': 'poly', 'Scaler': MinMaxScaler(), 'Selector__max_features': 16}",0.0966183574879227,0.12077294685990338,0.0825242718446602,0.09997185873082876,0.01579398119633027,492
415,0.06738090515136719,0.0022584658206821063,0.014876127243041992,0.00024250869349918156,0.1,poly,MinMaxScaler(),18,0.001,2.0,3.0,"{'Classifier__SVC__C': 0.1, 'Classifier__SVC__coef0': 2, 'Classifier__SVC__degree': 3, 'Classifier__SVC__gamma': 0.001, 'Classifier__SVC__kernel': 'poly', 'Scaler': MinMaxScaler(), 'Selector__max_features': 18}",0.0966183574879227,0.12560386473429952,0.0825242718446602,0.10158216468896081,0.017933996902179464,482
416,0.07766397794087727,0.0014266505236729553,0.021140098571777344,0.0013025440430743471,0.1,poly,MinMaxScaler(),20,0.001,2.0,3.0,"{'Classifier__SVC__C': 0.1, 'Classifier__SVC__coef0': 2, 'Classifier__SVC__degree': 3, 'Classifier__SVC__gamma': 0.001, 'Classifier__SVC__kernel': 'poly', 'Scaler': MinMaxScaler(), 'Selector__max_features': 20}",0.10628019323671498,0.12560386473429952,0.0825242718446602,0.1048027766052249,0.017618170559804032,476
417,0.07442601521809895,0.011087600376875104,0.018015384674072266,0.002876438117171496,0.1,poly,MinMaxScaler(),24,0.001,2.0,3.0,"{'Classifier__SVC__C': 0.1, 'Classifier__SVC__coef0': 2, 'Classifier__SVC__degree': 3, 'Classifier__SVC__gamma': 0.001, 'Classifier__SVC__kernel': 'poly', 'Scaler': MinMaxScaler(), 'Selector__max_features': 24}",0.10144927536231885,0.12077294685990338,0.0825242718446602,0.10158216468896081,0.015615238919834549,482
418,0.07690175374348958,0.007609879863981969,0.021054506301879883,0.0016331814326764852,0.1,poly,MinMaxScaler(),2,0.01,2.0,3.0,"{'Classifier__SVC__C': 0.1, 'Classifier__SVC__coef0': 2, 'Classifier__SVC__degree': 3, 'Classifier__SVC__gamma': 0.01, 'Classifier__SVC__kernel': 'poly', 'Scaler': MinMaxScaler(), 'Selector__max_features': 2}",0.03864734299516908,0.21256038647342995,0.0825242718446602,0.11124400043775308,0.0738469307907176,463
419,0.0822431246439616,0.01088797365318858,0.01922186215718587,0.0019339857586902615,0.1,poly,MinMaxScaler(),4,0.01,2.0,3.0,"{'Classifier__SVC__C': 0.1, 'Classifier__SVC__coef0': 2, 'Classifier__SVC__degree': 3, 'Classifier__SVC__gamma': 0.01, 'Classifier__SVC__kernel': 'poly', 'Scaler': MinMaxScaler(), 'Selector__max_features': 4}",0.05314009661835749,0.14492753623188406,0.0825242718446602,0.09353063489830059,0.03827173490060345,522
420,0.07037440935770671,0.013046701469294337,0.0188901424407959,0.003985397494496907,0.1,poly,MinMaxScaler(),6,0.01,2.0,3.0,"{'Classifier__SVC__C': 0.1, 'Classifier__SVC__coef0': 2, 'Classifier__SVC__degree': 3, 'Classifier__SVC__gamma': 0.01, 'Classifier__SVC__kernel': 'poly', 'Scaler': MinMaxScaler(), 'Selector__max_features': 6}",0.06763285024154589,0.11594202898550725,0.0825242718446602,0.08869971702390445,0.020199773597747578,524
421,0.07791670163472493,0.007800750741350129,0.02053976058959961,0.002507131127487449,0.1,poly,MinMaxScaler(),8,0.01,2.0,3.0,"{'Classifier__SVC__C': 0.1, 'Classifier__SVC__coef0': 2, 'Classifier__SVC__degree': 3, 'Classifier__SVC__gamma': 0.01, 'Classifier__SVC__kernel': 'poly', 'Scaler': MinMaxScaler(), 'Selector__max_features': 8}",0.07729468599033816,0.13043478260869565,0.0825242718446602,0.09675124681456466,0.02391335163665978,500
422,0.06673598289489746,0.004791612662587348,0.017183780670166016,0.002583096058870982,0.1,poly,MinMaxScaler(),10,0.01,2.0,3.0,"{'Classifier__SVC__C': 0.1, 'Classifier__SVC__coef0': 2, 'Classifier__SVC__degree': 3, 'Classifier__SVC__gamma': 0.01, 'Classifier__SVC__kernel': 'poly', 'Scaler': MinMaxScaler(), 'Selector__max_features': 10}",0.0821256038647343,0.0966183574879227,0.0825242718446602,0.0870894110657724,0.006739948020408507,529
423,0.06976850827534993,0.010862496982387674,0.015210946400960287,0.0027474288270654965,0.1,poly,MinMaxScaler(),12,0.01,2.0,3.0,"{'Classifier__SVC__C': 0.1, 'Classifier__SVC__coef0': 2, 'Classifier__SVC__degree': 3, 'Classifier__SVC__gamma': 0.01, 'Classifier__SVC__kernel': 'poly', 'Scaler': MinMaxScaler(), 'Selector__max_features': 12}",0.0821256038647343,0.12077294685990338,0.0825242718446602,0.09514094085643264,0.01812529600422248,512
424,0.06527439753214519,0.00736190375758207,0.015206019083658854,0.002043906373471035,0.1,poly,MinMaxScaler(),14,0.01,2.0,3.0,"{'Classifier__SVC__C': 0.1, 'Classifier__SVC__coef0': 2, 'Classifier__SVC__degree': 3, 'Classifier__SVC__gamma': 0.01, 'Classifier__SVC__kernel': 'poly', 'Scaler': MinMaxScaler(), 'Selector__max_features': 14}",0.08695652173913043,0.12077294685990338,0.0825242718446602,0.09675124681456466,0.017082013241670843,500
425,0.06710577011108398,0.0065166601126409665,0.017232577006022137,0.002235400106526615,0.1,poly,MinMaxScaler(),16,0.01,2.0,3.0,"{'Classifier__SVC__C': 0.1, 'Classifier__SVC__coef0': 2, 'Classifier__SVC__degree': 3, 'Classifier__SVC__gamma': 0.01, 'Classifier__SVC__kernel': 'poly', 'Scaler': MinMaxScaler(), 'Selector__max_features': 16}",0.0966183574879227,0.12077294685990338,0.0825242718446602,0.09997185873082876,0.01579398119633027,492
426,0.06366785367329915,0.006268718115488201,0.015834331512451172,0.0030334228902355676,0.1,poly,MinMaxScaler(),18,0.01,2.0,3.0,"{'Classifier__SVC__C': 0.1, 'Classifier__SVC__coef0': 2, 'Classifier__SVC__degree': 3, 'Classifier__SVC__gamma': 0.01, 'Classifier__SVC__kernel': 'poly', 'Scaler': MinMaxScaler(), 'Selector__max_features': 18}",0.09178743961352658,0.12560386473429952,0.0825242718446602,0.09997185873082877,0.01851488352830432,491
427,0.0805361270904541,0.0028678714390719118,0.021070162455240887,0.00396249168193969,0.1,poly,MinMaxScaler(),20,0.01,2.0,3.0,"{'Classifier__SVC__C': 0.1, 'Classifier__SVC__coef0': 2, 'Classifier__SVC__degree': 3, 'Classifier__SVC__gamma': 0.01, 'Classifier__SVC__kernel': 'poly', 'Scaler': MinMaxScaler(), 'Selector__max_features': 20}",0.10144927536231885,0.12560386473429952,0.0825242718446602,0.10319247064709286,0.017630312499308482,481
428,0.0807029406229655,0.00359198752805045,0.02458922068277995,0.0010657394106842908,0.1,poly,MinMaxScaler(),24,0.01,2.0,3.0,"{'Classifier__SVC__C': 0.1, 'Classifier__SVC__coef0': 2, 'Classifier__SVC__degree': 3, 'Classifier__SVC__gamma': 0.01, 'Classifier__SVC__kernel': 'poly', 'Scaler': MinMaxScaler(), 'Selector__max_features': 24}",0.10144927536231885,0.12077294685990338,0.0825242718446602,0.10158216468896081,0.015615238919834549,482
429,0.08369851112365723,0.005623359742007114,0.022244373957316082,0.003072563450277814,0.1,poly,MinMaxScaler(),2,0.001,2.0,5.0,"{'Classifier__SVC__C': 0.1, 'Classifier__SVC__coef0': 2, 'Classifier__SVC__degree': 5, 'Classifier__SVC__gamma': 0.001, 'Classifier__SVC__kernel': 'poly', 'Scaler': MinMaxScaler(), 'Selector__max_features': 2}",0.03864734299516908,0.21256038647342995,0.0825242718446602,0.11124400043775308,0.0738469307907176,463
430,0.0691522757212321,0.01314107006191085,0.01940147082010905,0.0033165576884610134,0.1,poly,MinMaxScaler(),4,0.001,2.0,5.0,"{'Classifier__SVC__C': 0.1, 'Classifier__SVC__coef0': 2, 'Classifier__SVC__degree': 5, 'Classifier__SVC__gamma': 0.001, 'Classifier__SVC__kernel': 'poly', 'Scaler': MinMaxScaler(), 'Selector__max_features': 4}",0.057971014492753624,0.14492753623188406,0.0825242718446602,0.09514094085643264,0.03660368306565547,512
431,0.0917823314666748,0.007463296933181381,0.0183712641398112,0.00272462802457986,0.1,poly,MinMaxScaler(),6,0.001,2.0,5.0,"{'Classifier__SVC__C': 0.1, 'Classifier__SVC__coef0': 2, 'Classifier__SVC__degree': 5, 'Classifier__SVC__gamma': 0.001, 'Classifier__SVC__kernel': 'poly', 'Scaler': MinMaxScaler(), 'Selector__max_features': 6}",0.06763285024154589,0.11594202898550725,0.0825242718446602,0.08869971702390445,0.020199773597747578,524
432,0.08942898114522298,0.004252483629043928,0.01836530367533366,0.0008527052249349547,0.1,poly,MinMaxScaler(),8,0.001,2.0,5.0,"{'Classifier__SVC__C': 0.1, 'Classifier__SVC__coef0': 2, 'Classifier__SVC__degree': 5, 'Classifier__SVC__gamma': 0.001, 'Classifier__SVC__kernel': 'poly', 'Scaler': MinMaxScaler(), 'Selector__max_features': 8}",0.07729468599033816,0.13043478260869565,0.0825242718446602,0.09675124681456466,0.02391335163665978,500
433,0.0755618413289388,0.005873248050935045,0.015680551528930664,0.0022622902400214542,0.1,poly,MinMaxScaler(),10,0.001,2.0,5.0,"{'Classifier__SVC__C': 0.1, 'Classifier__SVC__coef0': 2, 'Classifier__SVC__degree': 5, 'Classifier__SVC__gamma': 0.001, 'Classifier__SVC__kernel': 'poly', 'Scaler': MinMaxScaler(), 'Selector__max_features': 10}",0.0821256038647343,0.0966183574879227,0.0825242718446602,0.0870894110657724,0.006739948020408507,529
434,0.0765215555826823,0.006123449342539459,0.01623193422953288,0.0023104083293769987,0.1,poly,MinMaxScaler(),12,0.001,2.0,5.0,"{'Classifier__SVC__C': 0.1, 'Classifier__SVC__coef0': 2, 'Classifier__SVC__degree': 5, 'Classifier__SVC__gamma': 0.001, 'Classifier__SVC__kernel': 'poly', 'Scaler': MinMaxScaler(), 'Selector__max_features': 12}",0.0821256038647343,0.12077294685990338,0.0825242718446602,0.09514094085643264,0.01812529600422248,512
435,0.07333127657572429,0.00344076729050585,0.014738082885742188,0.002696476508006566,0.1,poly,MinMaxScaler(),14,0.001,2.0,5.0,"{'Classifier__SVC__C': 0.1, 'Classifier__SVC__coef0': 2, 'Classifier__SVC__degree': 5, 'Classifier__SVC__gamma': 0.001, 'Classifier__SVC__kernel': 'poly', 'Scaler': MinMaxScaler(), 'Selector__max_features': 14}",0.08695652173913043,0.12077294685990338,0.0825242718446602,0.09675124681456466,0.017082013241670843,500
436,0.07180396715799968,0.005881492606294544,0.014108896255493164,0.0025156333762294653,0.1,poly,MinMaxScaler(),16,0.001,2.0,5.0,"{'Classifier__SVC__C': 0.1, 'Classifier__SVC__coef0': 2, 'Classifier__SVC__degree': 5, 'Classifier__SVC__gamma': 0.001, 'Classifier__SVC__kernel': 'poly', 'Scaler': MinMaxScaler(), 'Selector__max_features': 16}",0.0966183574879227,0.12077294685990338,0.0825242718446602,0.09997185873082876,0.01579398119633027,492
437,0.06416908899943034,0.006183205489809972,0.017872412999471027,0.003974580349034808,0.1,poly,MinMaxScaler(),18,0.001,2.0,5.0,"{'Classifier__SVC__C': 0.1, 'Classifier__SVC__coef0': 2, 'Classifier__SVC__degree': 5, 'Classifier__SVC__gamma': 0.001, 'Classifier__SVC__kernel': 'poly', 'Scaler': MinMaxScaler(), 'Selector__max_features': 18}",0.0966183574879227,0.12560386473429952,0.0825242718446602,0.10158216468896081,0.017933996902179464,482
438,0.06923913955688477,0.00819582696524942,0.018380165100097656,0.00249387538677974,0.1,poly,MinMaxScaler(),20,0.001,2.0,5.0,"{'Classifier__SVC__C': 0.1, 'Classifier__SVC__coef0': 2, 'Classifier__SVC__degree': 5, 'Classifier__SVC__gamma': 0.001, 'Classifier__SVC__kernel': 'poly', 'Scaler': MinMaxScaler(), 'Selector__max_features': 20}",0.10628019323671498,0.12560386473429952,0.0825242718446602,0.1048027766052249,0.017618170559804032,476
439,0.06846880912780762,0.011288657789907206,0.01887170473734538,0.003809154782238438,0.1,poly,MinMaxScaler(),24,0.001,2.0,5.0,"{'Classifier__SVC__C': 0.1, 'Classifier__SVC__coef0': 2, 'Classifier__SVC__degree': 5, 'Classifier__SVC__gamma': 0.001, 'Classifier__SVC__kernel': 'poly', 'Scaler': MinMaxScaler(), 'Selector__max_features': 24}",0.10144927536231885,0.12077294685990338,0.0825242718446602,0.10158216468896081,0.015615238919834549,482
440,0.05810753504435221,0.004876110777081062,0.017032543818155926,0.0017852541039924258,0.1,poly,MinMaxScaler(),2,0.01,2.0,5.0,"{'Classifier__SVC__C': 0.1, 'Classifier__SVC__coef0': 2, 'Classifier__SVC__degree': 5, 'Classifier__SVC__gamma': 0.01, 'Classifier__SVC__kernel': 'poly', 'Scaler': MinMaxScaler(), 'Selector__max_features': 2}",0.03864734299516908,0.21256038647342995,0.0825242718446602,0.11124400043775308,0.0738469307907176,463
441,0.0702987511952718,0.0018740514475215162,0.01553654670715332,0.0017803915336372129,0.1,poly,MinMaxScaler(),4,0.01,2.0,5.0,"{'Classifier__SVC__C': 0.1, 'Classifier__SVC__coef0': 2, 'Classifier__SVC__degree': 5, 'Classifier__SVC__gamma': 0.01, 'Classifier__SVC__kernel': 'poly', 'Scaler': MinMaxScaler(), 'Selector__max_features': 4}",0.13526570048309178,0.15458937198067632,0.08737864077669903,0.12574457108015571,0.028252545915650528,452
442,0.07125322024027507,0.004376483620766718,0.01552740732828776,0.002491949607447917,0.1,poly,MinMaxScaler(),6,0.01,2.0,5.0,"{'Classifier__SVC__C': 0.1, 'Classifier__SVC__coef0': 2, 'Classifier__SVC__degree': 5, 'Classifier__SVC__gamma': 0.01, 'Classifier__SVC__kernel': 'poly', 'Scaler': MinMaxScaler(), 'Selector__max_features': 6}",0.06763285024154589,0.10628019323671498,0.07766990291262135,0.08386098213029407,0.016373787518595802,538
443,0.06914432843526204,0.0034964728684564166,0.01685365041097005,0.002732626147121558,0.1,poly,MinMaxScaler(),8,0.01,2.0,5.0,"{'Classifier__SVC__C': 0.1, 'Classifier__SVC__coef0': 2, 'Classifier__SVC__degree': 5, 'Classifier__SVC__gamma': 0.01, 'Classifier__SVC__kernel': 'poly', 'Scaler': MinMaxScaler(), 'Selector__max_features': 8}",0.0821256038647343,0.0966183574879227,0.07766990291262135,0.08547128808842612,0.00808934216079239,536
444,0.07279539108276367,0.011146220858956453,0.017174323399861652,0.0019213206952050394,0.1,poly,MinMaxScaler(),10,0.01,2.0,5.0,"{'Classifier__SVC__C': 0.1, 'Classifier__SVC__coef0': 2, 'Classifier__SVC__degree': 5, 'Classifier__SVC__gamma': 0.01, 'Classifier__SVC__kernel': 'poly', 'Scaler': MinMaxScaler(), 'Selector__max_features': 10}",0.07729468599033816,0.14492753623188406,0.07281553398058252,0.09834591873426823,0.0329888972959314,498
445,0.06492797533671062,0.005328478558963363,0.014840205510457357,0.0019385043266510057,0.1,poly,MinMaxScaler(),12,0.01,2.0,5.0,"{'Classifier__SVC__C': 0.1, 'Classifier__SVC__coef0': 2, 'Classifier__SVC__degree': 5, 'Classifier__SVC__gamma': 0.01, 'Classifier__SVC__kernel': 'poly', 'Scaler': MinMaxScaler(), 'Selector__max_features': 12}",0.08695652173913043,0.20772946859903382,0.07766990291262135,0.12411863108359518,0.05924322428110536,453
446,0.057370503743489586,0.0031239954081814935,0.01403371493021647,0.001771702779764713,0.1,poly,MinMaxScaler(),14,0.01,2.0,5.0,"{'Classifier__SVC__C': 0.1, 'Classifier__SVC__coef0': 2, 'Classifier__SVC__degree': 5, 'Classifier__SVC__gamma': 0.01, 'Classifier__SVC__kernel': 'poly', 'Scaler': MinMaxScaler(), 'Selector__max_features': 14}",0.13043478260869565,0.18840579710144928,0.0970873786407767,0.13864265278364055,0.03772965444798198,434
447,0.05597424507141113,0.003222450297894448,0.017203887303670246,0.000781128602695176,0.1,poly,MinMaxScaler(),16,0.01,2.0,5.0,"{'Classifier__SVC__C': 0.1, 'Classifier__SVC__coef0': 2, 'Classifier__SVC__degree': 5, 'Classifier__SVC__gamma': 0.01, 'Classifier__SVC__kernel': 'poly', 'Scaler': MinMaxScaler(), 'Selector__max_features': 16}",0.12077294685990338,0.2463768115942029,0.11650485436893204,0.1612182042743461,0.06024143343730043,396
448,0.07132514317830403,0.00946461146792415,0.024375518163045246,0.002319286342681071,0.1,poly,MinMaxScaler(),18,0.01,2.0,5.0,"{'Classifier__SVC__C': 0.1, 'Classifier__SVC__coef0': 2, 'Classifier__SVC__degree': 5, 'Classifier__SVC__gamma': 0.01, 'Classifier__SVC__kernel': 'poly', 'Scaler': MinMaxScaler(), 'Selector__max_features': 18}",0.12560386473429952,0.22705314009661837,0.0970873786407767,0.14991479449056486,0.055773594510363865,420
449,0.06128676732381185,0.011991488645556913,0.02034767468770345,0.004275567163147331,0.1,poly,MinMaxScaler(),20,0.01,2.0,5.0,"{'Classifier__SVC__C': 0.1, 'Classifier__SVC__coef0': 2, 'Classifier__SVC__degree': 5, 'Classifier__SVC__gamma': 0.01, 'Classifier__SVC__kernel': 'poly', 'Scaler': MinMaxScaler(), 'Selector__max_features': 20}",0.1497584541062802,0.2318840579710145,0.11650485436893204,0.16604912214874226,0.048491439484476505,378
450,0.05856402715047201,0.008792988090799642,0.017096837361653645,0.005147213222339498,0.1,poly,MinMaxScaler(),24,0.01,2.0,5.0,"{'Classifier__SVC__C': 0.1, 'Classifier__SVC__coef0': 2, 'Classifier__SVC__degree': 5, 'Classifier__SVC__gamma': 0.01, 'Classifier__SVC__kernel': 'poly', 'Scaler': MinMaxScaler(), 'Selector__max_features': 24}",0.1932367149758454,0.23671497584541062,0.1941747572815534,0.20804214936760315,0.020278366379168185,102
451,0.07439541816711426,0.0014826726398106276,0.01721803347269694,0.002608500394828,0.1,poly,MinMaxScaler(),2,0.001,4.0,3.0,"{'Classifier__SVC__C': 0.1, 'Classifier__SVC__coef0': 4, 'Classifier__SVC__degree': 3, 'Classifier__SVC__gamma': 0.001, 'Classifier__SVC__kernel': 'poly', 'Scaler': MinMaxScaler(), 'Selector__max_features': 2}",0.03864734299516908,0.21256038647342995,0.0825242718446602,0.11124400043775308,0.0738469307907176,463
452,0.06302142143249512,0.0019203701871657224,0.01954929033915202,0.0017874714063058684,0.1,poly,MinMaxScaler(),4,0.001,4.0,3.0,"{'Classifier__SVC__C': 0.1, 'Classifier__SVC__coef0': 4, 'Classifier__SVC__degree': 3, 'Classifier__SVC__gamma': 0.001, 'Classifier__SVC__kernel': 'poly', 'Scaler': MinMaxScaler(), 'Selector__max_features': 4}",0.057971014492753624,0.14492753623188406,0.0825242718446602,0.09514094085643264,0.03660368306565547,512
453,0.06799427668253581,0.007151062269599458,0.016039133071899414,0.0028687820588601193,0.1,poly,MinMaxScaler(),6,0.001,4.0,3.0,"{'Classifier__SVC__C': 0.1, 'Classifier__SVC__coef0': 4, 'Classifier__SVC__degree': 3, 'Classifier__SVC__gamma': 0.001, 'Classifier__SVC__kernel': 'poly', 'Scaler': MinMaxScaler(), 'Selector__max_features': 6}",0.06763285024154589,0.11594202898550725,0.0825242718446602,0.08869971702390445,0.020199773597747578,524
454,0.07567660013834636,0.004278176217452457,0.015328725179036459,0.0023575826536651255,0.1,poly,MinMaxScaler(),8,0.001,4.0,3.0,"{'Classifier__SVC__C': 0.1, 'Classifier__SVC__coef0': 4, 'Classifier__SVC__degree': 3, 'Classifier__SVC__gamma': 0.001, 'Classifier__SVC__kernel': 'poly', 'Scaler': MinMaxScaler(), 'Selector__max_features': 8}",0.07729468599033816,0.13043478260869565,0.0825242718446602,0.09675124681456466,0.02391335163665978,500
455,0.06922062238057454,0.0030422037380579184,0.013663689295450846,0.0016956535103770903,0.1,poly,MinMaxScaler(),10,0.001,4.0,3.0,"{'Classifier__SVC__C': 0.1, 'Classifier__SVC__coef0': 4, 'Classifier__SVC__degree': 3, 'Classifier__SVC__gamma': 0.001, 'Classifier__SVC__kernel': 'poly', 'Scaler': MinMaxScaler(), 'Selector__max_features': 10}",0.0821256038647343,0.0966183574879227,0.0825242718446602,0.0870894110657724,0.006739948020408507,529
456,0.06763060887654622,0.004595911525511556,0.01477193832397461,0.0030777781740605236,0.1,poly,MinMaxScaler(),12,0.001,4.0,3.0,"{'Classifier__SVC__C': 0.1, 'Classifier__SVC__coef0': 4, 'Classifier__SVC__degree': 3, 'Classifier__SVC__gamma': 0.001, 'Classifier__SVC__kernel': 'poly', 'Scaler': MinMaxScaler(), 'Selector__max_features': 12}",0.0821256038647343,0.12077294685990338,0.0825242718446602,0.09514094085643264,0.01812529600422248,512
457,0.06139723459879557,0.008187671399618636,0.013364156087239584,0.0015559674121971923,0.1,poly,MinMaxScaler(),14,0.001,4.0,3.0,"{'Classifier__SVC__C': 0.1, 'Classifier__SVC__coef0': 4, 'Classifier__SVC__degree': 3, 'Classifier__SVC__gamma': 0.001, 'Classifier__SVC__kernel': 'poly', 'Scaler': MinMaxScaler(), 'Selector__max_features': 14}",0.08695652173913043,0.12077294685990338,0.0825242718446602,0.09675124681456466,0.017082013241670843,500
458,0.06094670295715332,0.0031199543503551913,0.0399784247080485,0.03739249222544103,0.1,poly,MinMaxScaler(),16,0.001,4.0,3.0,"{'Classifier__SVC__C': 0.1, 'Classifier__SVC__coef0': 4, 'Classifier__SVC__degree': 3, 'Classifier__SVC__gamma': 0.001, 'Classifier__SVC__kernel': 'poly', 'Scaler': MinMaxScaler(), 'Selector__max_features': 16}",0.0966183574879227,0.12077294685990338,0.0825242718446602,0.09997185873082876,0.01579398119633027,492
459,0.05826298395792643,0.0066047008533090925,0.039800405502319336,0.03162624795406934,0.1,poly,MinMaxScaler(),18,0.001,4.0,3.0,"{'Classifier__SVC__C': 0.1, 'Classifier__SVC__coef0': 4, 'Classifier__SVC__degree': 3, 'Classifier__SVC__gamma': 0.001, 'Classifier__SVC__kernel': 'poly', 'Scaler': MinMaxScaler(), 'Selector__max_features': 18}",0.0966183574879227,0.12560386473429952,0.0825242718446602,0.10158216468896081,0.017933996902179464,482
460,0.05911564826965332,0.005966682836590791,0.019568443298339844,0.0028753752398798724,0.1,poly,MinMaxScaler(),20,0.001,4.0,3.0,"{'Classifier__SVC__C': 0.1, 'Classifier__SVC__coef0': 4, 'Classifier__SVC__degree': 3, 'Classifier__SVC__gamma': 0.001, 'Classifier__SVC__kernel': 'poly', 'Scaler': MinMaxScaler(), 'Selector__max_features': 20}",0.10628019323671498,0.12560386473429952,0.0825242718446602,0.1048027766052249,0.017618170559804032,476
461,0.0779889424641927,0.0020368654466993204,0.024055639902750652,0.002156342841643954,0.1,poly,MinMaxScaler(),24,0.001,4.0,3.0,"{'Classifier__SVC__C': 0.1, 'Classifier__SVC__coef0': 4, 'Classifier__SVC__degree': 3, 'Classifier__SVC__gamma': 0.001, 'Classifier__SVC__kernel': 'poly', 'Scaler': MinMaxScaler(), 'Selector__max_features': 24}",0.10144927536231885,0.12077294685990338,0.0825242718446602,0.10158216468896081,0.015615238919834549,482
462,0.08697668711344402,0.018686507463286026,0.01837007204691569,0.00438725398528968,0.1,poly,MinMaxScaler(),2,0.01,4.0,3.0,"{'Classifier__SVC__C': 0.1, 'Classifier__SVC__coef0': 4, 'Classifier__SVC__degree': 3, 'Classifier__SVC__gamma': 0.01, 'Classifier__SVC__kernel': 'poly', 'Scaler': MinMaxScaler(), 'Selector__max_features': 2}",0.03864734299516908,0.21256038647342995,0.0825242718446602,0.11124400043775308,0.0738469307907176,463
463,0.07527629534403484,0.009625930527411968,0.02088316281636556,0.0035645290710661953,0.1,poly,MinMaxScaler(),4,0.01,4.0,3.0,"{'Classifier__SVC__C': 0.1, 'Classifier__SVC__coef0': 4, 'Classifier__SVC__degree': 3, 'Classifier__SVC__gamma': 0.01, 'Classifier__SVC__kernel': 'poly', 'Scaler': MinMaxScaler(), 'Selector__max_features': 4}",0.06280193236714976,0.14492753623188406,0.0825242718446602,0.09675124681456466,0.035004369395191526,500
464,0.08081173896789551,0.007848636320696604,0.020037730534871418,0.00040344863549066746,0.1,poly,MinMaxScaler(),6,0.01,4.0,3.0,"{'Classifier__SVC__C': 0.1, 'Classifier__SVC__coef0': 4, 'Classifier__SVC__degree': 3, 'Classifier__SVC__gamma': 0.01, 'Classifier__SVC__kernel': 'poly', 'Scaler': MinMaxScaler(), 'Selector__max_features': 6}",0.06280193236714976,0.11594202898550725,0.0825242718446602,0.0870894110657724,0.021933199177399162,529
465,0.08762256304423015,0.004151326655379035,0.018666505813598633,0.0012442652587725202,0.1,poly,MinMaxScaler(),8,0.01,4.0,3.0,"{'Classifier__SVC__C': 0.1, 'Classifier__SVC__coef0': 4, 'Classifier__SVC__degree': 3, 'Classifier__SVC__gamma': 0.01, 'Classifier__SVC__kernel': 'poly', 'Scaler': MinMaxScaler(), 'Selector__max_features': 8}",0.07729468599033816,0.12560386473429952,0.0825242718446602,0.09514094085643264,0.021646084179260786,512
466,0.0831904411315918,0.005041785580088603,0.01566934585571289,0.003091651688581379,0.1,poly,MinMaxScaler(),10,0.01,4.0,3.0,"{'Classifier__SVC__C': 0.1, 'Classifier__SVC__coef0': 4, 'Classifier__SVC__degree': 3, 'Classifier__SVC__gamma': 0.01, 'Classifier__SVC__kernel': 'poly', 'Scaler': MinMaxScaler(), 'Selector__max_features': 10}",0.07729468599033816,0.07729468599033816,0.08737864077669903,0.08065600425245845,0.004753621873742877,539
467,0.07714279492696126,0.005513127247648263,0.0196835199991862,0.00043648602871634054,0.1,poly,MinMaxScaler(),12,0.01,4.0,3.0,"{'Classifier__SVC__C': 0.1, 'Classifier__SVC__coef0': 4, 'Classifier__SVC__degree': 3, 'Classifier__SVC__gamma': 0.01, 'Classifier__SVC__kernel': 'poly', 'Scaler': MinMaxScaler(), 'Selector__max_features': 12}",0.06763285024154589,0.13043478260869565,0.08737864077669903,0.09514875787564686,0.026220878666443584,511
468,0.07588418324788411,0.0065115645243536075,0.015554984410603842,0.003925182501208652,0.1,poly,MinMaxScaler(),14,0.01,4.0,3.0,"{'Classifier__SVC__C': 0.1, 'Classifier__SVC__coef0': 4, 'Classifier__SVC__degree': 3, 'Classifier__SVC__gamma': 0.01, 'Classifier__SVC__kernel': 'poly', 'Scaler': MinMaxScaler(), 'Selector__max_features': 14}",0.09178743961352658,0.13526570048309178,0.08737864077669903,0.10481059362443913,0.021610098366656682,474
469,0.06506975491841634,0.00811034601258683,0.01811639467875163,0.0028552593770777073,0.1,poly,MinMaxScaler(),16,0.01,4.0,3.0,"{'Classifier__SVC__C': 0.1, 'Classifier__SVC__coef0': 4, 'Classifier__SVC__degree': 3, 'Classifier__SVC__gamma': 0.01, 'Classifier__SVC__kernel': 'poly', 'Scaler': MinMaxScaler(), 'Selector__max_features': 16}",0.0966183574879227,0.12560386473429952,0.09223300970873786,0.10481841064365337,0.014806173151805513,473
470,0.10244639714558919,0.03637858361673544,0.021706581115722656,0.004057067688270959,0.1,poly,MinMaxScaler(),18,0.01,4.0,3.0,"{'Classifier__SVC__C': 0.1, 'Classifier__SVC__coef0': 4, 'Classifier__SVC__degree': 3, 'Classifier__SVC__gamma': 0.01, 'Classifier__SVC__kernel': 'poly', 'Scaler': MinMaxScaler(), 'Selector__max_features': 18}",0.09178743961352658,0.1111111111111111,0.08737864077669903,0.09675906383377891,0.010306804308610468,499
471,0.07794308662414551,0.007383919780329162,0.023869673411051433,0.0012986132824451652,0.1,poly,MinMaxScaler(),20,0.01,4.0,3.0,"{'Classifier__SVC__C': 0.1, 'Classifier__SVC__coef0': 4, 'Classifier__SVC__degree': 3, 'Classifier__SVC__gamma': 0.01, 'Classifier__SVC__kernel': 'poly', 'Scaler': MinMaxScaler(), 'Selector__max_features': 20}",0.0966183574879227,0.12077294685990338,0.0825242718446602,0.09997185873082876,0.01579398119633027,492
472,0.0877375602722168,0.005456261167152891,0.02595980962117513,0.002077112041803862,0.1,poly,MinMaxScaler(),24,0.01,4.0,3.0,"{'Classifier__SVC__C': 0.1, 'Classifier__SVC__coef0': 4, 'Classifier__SVC__degree': 3, 'Classifier__SVC__gamma': 0.01, 'Classifier__SVC__kernel': 'poly', 'Scaler': MinMaxScaler(), 'Selector__max_features': 24}",0.0966183574879227,0.13043478260869565,0.08737864077669903,0.10481059362443913,0.01850751895944972,474
473,0.09705781936645508,0.006676586506470671,0.023636261622111004,0.0011988866548211245,0.1,poly,MinMaxScaler(),2,0.001,4.0,5.0,"{'Classifier__SVC__C': 0.1, 'Classifier__SVC__coef0': 4, 'Classifier__SVC__degree': 5, 'Classifier__SVC__gamma': 0.001, 'Classifier__SVC__kernel': 'poly', 'Scaler': MinMaxScaler(), 'Selector__max_features': 2}",0.03864734299516908,0.21256038647342995,0.0825242718446602,0.11124400043775308,0.0738469307907176,463
474,0.09034951527913411,0.010364433897587523,0.02081131935119629,0.0027805481173256426,0.1,poly,MinMaxScaler(),4,0.001,4.0,5.0,"{'Classifier__SVC__C': 0.1, 'Classifier__SVC__coef0': 4, 'Classifier__SVC__degree': 5, 'Classifier__SVC__gamma': 0.001, 'Classifier__SVC__kernel': 'poly', 'Scaler': MinMaxScaler(), 'Selector__max_features': 4}",0.13526570048309178,0.10628019323671498,0.08737864077669903,0.10964151149883526,0.01969376326277524,472
475,0.09577107429504395,0.008194992286162208,0.019670724868774414,0.002632339248076044,0.1,poly,MinMaxScaler(),6,0.001,4.0,5.0,"{'Classifier__SVC__C': 0.1, 'Classifier__SVC__coef0': 4, 'Classifier__SVC__degree': 5, 'Classifier__SVC__gamma': 0.001, 'Classifier__SVC__kernel': 'poly', 'Scaler': MinMaxScaler(), 'Selector__max_features': 6}",0.10144927536231885,0.08695652173913043,0.07281553398058252,0.08707377702734394,0.01168997000227119,535
476,0.09578895568847656,0.006734516756422447,0.020357529322306316,0.0008525634665634945,0.1,poly,MinMaxScaler(),8,0.001,4.0,5.0,"{'Classifier__SVC__C': 0.1, 'Classifier__SVC__coef0': 4, 'Classifier__SVC__degree': 5, 'Classifier__SVC__gamma': 0.001, 'Classifier__SVC__kernel': 'poly', 'Scaler': MinMaxScaler(), 'Selector__max_features': 8}",0.13526570048309178,0.18840579710144928,0.07766990291262135,0.13378046683238745,0.04521993664080562,449
477,0.09107462565104167,0.005231443659281767,0.019262154897054035,0.002902880108969431,0.1,poly,MinMaxScaler(),10,0.001,4.0,5.0,"{'Classifier__SVC__C': 0.1, 'Classifier__SVC__coef0': 4, 'Classifier__SVC__degree': 5, 'Classifier__SVC__gamma': 0.001, 'Classifier__SVC__kernel': 'poly', 'Scaler': MinMaxScaler(), 'Selector__max_features': 10}",0.1497584541062802,0.20772946859903382,0.06796116504854369,0.14181636258461924,0.05733586592845888,431
478,0.0823046366373698,0.007353557924742999,0.018786271413167317,0.003080711911048355,0.1,poly,MinMaxScaler(),12,0.001,4.0,5.0,"{'Classifier__SVC__C': 0.1, 'Classifier__SVC__coef0': 4, 'Classifier__SVC__degree': 5, 'Classifier__SVC__gamma': 0.001, 'Classifier__SVC__kernel': 'poly', 'Scaler': MinMaxScaler(), 'Selector__max_features': 12}",0.13526570048309178,0.2463768115942029,0.08737864077669903,0.1563403842846646,0.06659935587191136,408
479,0.0800791581471761,0.00810843848206054,0.02020851771036784,0.002585041540055088,0.1,poly,MinMaxScaler(),14,0.001,4.0,5.0,"{'Classifier__SVC__C': 0.1, 'Classifier__SVC__coef0': 4, 'Classifier__SVC__degree': 5, 'Classifier__SVC__gamma': 0.001, 'Classifier__SVC__kernel': 'poly', 'Scaler': MinMaxScaler(), 'Selector__max_features': 14}",0.14009661835748793,0.21739130434782608,0.0970873786407767,0.1515251004486969,0.04977426568896573,415
480,0.0675965944925944,0.004602549344056388,0.022099653879801433,0.004659900362074964,0.1,poly,MinMaxScaler(),16,0.001,4.0,5.0,"{'Classifier__SVC__C': 0.1, 'Classifier__SVC__coef0': 4, 'Classifier__SVC__degree': 5, 'Classifier__SVC__gamma': 0.001, 'Classifier__SVC__kernel': 'poly', 'Scaler': MinMaxScaler(), 'Selector__max_features': 16}",0.13043478260869565,0.24154589371980675,0.0970873786407767,0.15635601832309304,0.061757582478756415,407
481,0.09131487210591634,0.013501274007841678,0.021164735158284504,0.004012716828785363,0.1,poly,MinMaxScaler(),18,0.001,4.0,5.0,"{'Classifier__SVC__C': 0.1, 'Classifier__SVC__coef0': 4, 'Classifier__SVC__degree': 5, 'Classifier__SVC__gamma': 0.001, 'Classifier__SVC__kernel': 'poly', 'Scaler': MinMaxScaler(), 'Selector__max_features': 18}",0.11594202898550725,0.2560386473429952,0.10679611650485436,0.1595922642777856,0.06830002700607958,403
482,0.08238307634989421,0.0014558013801533381,0.022313435872395832,0.0008869571132709939,0.1,poly,MinMaxScaler(),20,0.001,4.0,5.0,"{'Classifier__SVC__C': 0.1, 'Classifier__SVC__coef0': 4, 'Classifier__SVC__degree': 5, 'Classifier__SVC__gamma': 0.001, 'Classifier__SVC__kernel': 'poly', 'Scaler': MinMaxScaler(), 'Selector__max_features': 20}",0.14492753623188406,0.21739130434782608,0.12135922330097088,0.16122602129356034,0.04086376234127825,395
483,0.08564281463623047,0.003570914553035928,0.02051536242167155,0.003768571802627107,0.1,poly,MinMaxScaler(),24,0.001,4.0,5.0,"{'Classifier__SVC__C': 0.1, 'Classifier__SVC__coef0': 4, 'Classifier__SVC__degree': 5, 'Classifier__SVC__gamma': 0.001, 'Classifier__SVC__kernel': 'poly', 'Scaler': MinMaxScaler(), 'Selector__max_features': 24}",0.18357487922705315,0.2318840579710145,0.22815533980582525,0.21453809233463095,0.021947152575338972,92
484,0.08226529757181804,0.005324934914242735,0.02234625816345215,0.000854481033730656,0.1,poly,MinMaxScaler(),2,0.01,4.0,5.0,"{'Classifier__SVC__C': 0.1, 'Classifier__SVC__coef0': 4, 'Classifier__SVC__degree': 5, 'Classifier__SVC__gamma': 0.01, 'Classifier__SVC__kernel': 'poly', 'Scaler': MinMaxScaler(), 'Selector__max_features': 2}",0.15942028985507245,0.09178743961352658,0.08737864077669903,0.11286212341509937,0.03297076001029883,461
485,0.0761868953704834,0.005669996735479215,0.018664757410685223,0.002626106253024408,0.1,poly,MinMaxScaler(),4,0.01,4.0,5.0,"{'Classifier__SVC__C': 0.1, 'Classifier__SVC__coef0': 4, 'Classifier__SVC__degree': 5, 'Classifier__SVC__gamma': 0.01, 'Classifier__SVC__kernel': 'poly', 'Scaler': MinMaxScaler(), 'Selector__max_features': 4}",0.14492753623188406,0.14009661835748793,0.17475728155339806,0.15326047871425671,0.01532794487433497,413
486,0.08171804745992024,0.0026461764456826866,0.016331911087036133,0.0017014671809536916,0.1,poly,MinMaxScaler(),6,0.01,4.0,5.0,"{'Classifier__SVC__C': 0.1, 'Classifier__SVC__coef0': 4, 'Classifier__SVC__degree': 5, 'Classifier__SVC__gamma': 0.01, 'Classifier__SVC__kernel': 'poly', 'Scaler': MinMaxScaler(), 'Selector__max_features': 6}",0.14009661835748793,0.1642512077294686,0.21359223300970873,0.1726466863655551,0.030586101303518794,321
487,0.079651673634847,0.0006231154999711753,0.014665921529134115,0.0017004087534665503,0.1,poly,MinMaxScaler(),8,0.01,4.0,5.0,"{'Classifier__SVC__C': 0.1, 'Classifier__SVC__coef0': 4, 'Classifier__SVC__degree': 5, 'Classifier__SVC__gamma': 0.01, 'Classifier__SVC__kernel': 'poly', 'Scaler': MinMaxScaler(), 'Selector__max_features': 8}",0.178743961352657,0.2028985507246377,0.21359223300970873,0.19841158169566783,0.014576240431403428,129
488,0.07550621032714844,0.0026587372466637103,0.01518853505452474,0.00249277114064677,0.1,poly,MinMaxScaler(),10,0.01,4.0,5.0,"{'Classifier__SVC__C': 0.1, 'Classifier__SVC__coef0': 4, 'Classifier__SVC__degree': 5, 'Classifier__SVC__gamma': 0.01, 'Classifier__SVC__kernel': 'poly', 'Scaler': MinMaxScaler(), 'Selector__max_features': 10}",0.18357487922705315,0.24154589371980675,0.22330097087378642,0.21614058127354877,0.024202107549414723,90
489,0.06777127583821614,0.0030519890594123337,0.013189474741617838,0.0004718247793413977,0.1,poly,MinMaxScaler(),12,0.01,4.0,5.0,"{'Classifier__SVC__C': 0.1, 'Classifier__SVC__coef0': 4, 'Classifier__SVC__degree': 5, 'Classifier__SVC__gamma': 0.01, 'Classifier__SVC__kernel': 'poly', 'Scaler': MinMaxScaler(), 'Selector__max_features': 12}",0.19806763285024154,0.2222222222222222,0.24271844660194175,0.22100276722480183,0.01824900170859227,76
490,0.06109698613484701,0.006068878008092319,0.015693267186482746,0.003175602433358515,0.1,poly,MinMaxScaler(),14,0.01,4.0,5.0,"{'Classifier__SVC__C': 0.1, 'Classifier__SVC__coef0': 4, 'Classifier__SVC__degree': 5, 'Classifier__SVC__gamma': 0.01, 'Classifier__SVC__kernel': 'poly', 'Scaler': MinMaxScaler(), 'Selector__max_features': 14}",0.1932367149758454,0.2028985507246377,0.23786407766990292,0.21133311445679534,0.019170407303456212,96
491,0.06473143895467122,0.016806463961774324,0.01453693707784017,0.0024900187521118113,0.1,poly,MinMaxScaler(),16,0.01,4.0,5.0,"{'Classifier__SVC__C': 0.1, 'Classifier__SVC__coef0': 4, 'Classifier__SVC__degree': 5, 'Classifier__SVC__gamma': 0.01, 'Classifier__SVC__kernel': 'poly', 'Scaler': MinMaxScaler(), 'Selector__max_features': 16}",0.17391304347826086,0.2028985507246377,0.21844660194174756,0.19841939871488204,0.018454566903616215,128
492,0.07473977406819661,0.012053158437221153,0.017854849497477215,0.0034730003461962175,0.1,poly,MinMaxScaler(),18,0.01,4.0,5.0,"{'Classifier__SVC__C': 0.1, 'Classifier__SVC__coef0': 4, 'Classifier__SVC__degree': 5, 'Classifier__SVC__gamma': 0.01, 'Classifier__SVC__kernel': 'poly', 'Scaler': MinMaxScaler(), 'Selector__max_features': 18}",0.19806763285024154,0.23671497584541062,0.23300970873786409,0.22259743914450544,0.01741102713244583,73
493,0.05740539232889811,0.0008740292943142617,0.019707202911376953,0.0004710331789577517,0.1,poly,MinMaxScaler(),20,0.01,4.0,5.0,"{'Classifier__SVC__C': 0.1, 'Classifier__SVC__coef0': 4, 'Classifier__SVC__degree': 5, 'Classifier__SVC__gamma': 0.01, 'Classifier__SVC__kernel': 'poly', 'Scaler': MinMaxScaler(), 'Selector__max_features': 20}",0.1932367149758454,0.22705314009661837,0.23300970873786409,0.2177665212701093,0.017514826578645663,86
494,0.06267650922139485,0.010588242730086973,0.01749730110168457,0.003609133048856526,0.1,poly,MinMaxScaler(),24,0.01,4.0,5.0,"{'Classifier__SVC__C': 0.1, 'Classifier__SVC__coef0': 4, 'Classifier__SVC__degree': 5, 'Classifier__SVC__gamma': 0.01, 'Classifier__SVC__kernel': 'poly', 'Scaler': MinMaxScaler(), 'Selector__max_features': 24}",0.2318840579710145,0.2463768115942029,0.2669902912621359,0.24841705360911778,0.014404486444211941,23
495,0.07040651639302571,0.007176126695480137,0.019533157348632812,0.0018868520560772187,0.1,poly,MinMaxScaler(),2,0.001,6.0,3.0,"{'Classifier__SVC__C': 0.1, 'Classifier__SVC__coef0': 6, 'Classifier__SVC__degree': 3, 'Classifier__SVC__gamma': 0.001, 'Classifier__SVC__kernel': 'poly', 'Scaler': MinMaxScaler(), 'Selector__max_features': 2}",0.03864734299516908,0.21256038647342995,0.0825242718446602,0.11124400043775308,0.0738469307907176,463
496,0.061071157455444336,0.0018763709501775,0.019667387008666992,0.00047238251988894215,0.1,poly,MinMaxScaler(),4,0.001,6.0,3.0,"{'Classifier__SVC__C': 0.1, 'Classifier__SVC__coef0': 6, 'Classifier__SVC__degree': 3, 'Classifier__SVC__gamma': 0.001, 'Classifier__SVC__kernel': 'poly', 'Scaler': MinMaxScaler(), 'Selector__max_features': 4}",0.057971014492753624,0.14492753623188406,0.0825242718446602,0.09514094085643264,0.03660368306565547,512
497,0.0627137819925944,0.006601601688194075,0.01817806561787923,0.0011651636922950957,0.1,poly,MinMaxScaler(),6,0.001,6.0,3.0,"{'Classifier__SVC__C': 0.1, 'Classifier__SVC__coef0': 6, 'Classifier__SVC__degree': 3, 'Classifier__SVC__gamma': 0.001, 'Classifier__SVC__kernel': 'poly', 'Scaler': MinMaxScaler(), 'Selector__max_features': 6}",0.06763285024154589,0.11594202898550725,0.0825242718446602,0.08869971702390445,0.020199773597747578,524
498,0.07158692677815755,0.007125289045492855,0.01700139045715332,0.001478711673787756,0.1,poly,MinMaxScaler(),8,0.001,6.0,3.0,"{'Classifier__SVC__C': 0.1, 'Classifier__SVC__coef0': 6, 'Classifier__SVC__degree': 3, 'Classifier__SVC__gamma': 0.001, 'Classifier__SVC__kernel': 'poly', 'Scaler': MinMaxScaler(), 'Selector__max_features': 8}",0.07729468599033816,0.13043478260869565,0.0825242718446602,0.09675124681456466,0.02391335163665978,500
499,0.06140740712483724,0.006486774740968036,0.01702260971069336,0.0006920719577554654,0.1,poly,MinMaxScaler(),10,0.001,6.0,3.0,"{'Classifier__SVC__C': 0.1, 'Classifier__SVC__coef0': 6, 'Classifier__SVC__degree': 3, 'Classifier__SVC__gamma': 0.001, 'Classifier__SVC__kernel': 'poly', 'Scaler': MinMaxScaler(), 'Selector__max_features': 10}",0.0821256038647343,0.0966183574879227,0.0825242718446602,0.0870894110657724,0.006739948020408507,529
500,0.05956077575683594,0.0017768992328928046,0.016366879145304363,0.0027863323246142572,0.1,poly,MinMaxScaler(),12,0.001,6.0,3.0,"{'Classifier__SVC__C': 0.1, 'Classifier__SVC__coef0': 6, 'Classifier__SVC__degree': 3, 'Classifier__SVC__gamma': 0.001, 'Classifier__SVC__kernel': 'poly', 'Scaler': MinMaxScaler(), 'Selector__max_features': 12}",0.0821256038647343,0.12077294685990338,0.0825242718446602,0.09514094085643264,0.01812529600422248,512
501,0.0606236457824707,0.0014988910562547745,0.019701083501180012,0.0026621510950511234,0.1,poly,MinMaxScaler(),14,0.001,6.0,3.0,"{'Classifier__SVC__C': 0.1, 'Classifier__SVC__coef0': 6, 'Classifier__SVC__degree': 3, 'Classifier__SVC__gamma': 0.001, 'Classifier__SVC__kernel': 'poly', 'Scaler': MinMaxScaler(), 'Selector__max_features': 14}",0.08695652173913043,0.12077294685990338,0.0825242718446602,0.09675124681456466,0.017082013241670843,500
502,0.059645891189575195,0.002158876455399542,0.021693627039591473,0.0006145921166796626,0.1,poly,MinMaxScaler(),16,0.001,6.0,3.0,"{'Classifier__SVC__C': 0.1, 'Classifier__SVC__coef0': 6, 'Classifier__SVC__degree': 3, 'Classifier__SVC__gamma': 0.001, 'Classifier__SVC__kernel': 'poly', 'Scaler': MinMaxScaler(), 'Selector__max_features': 16}",0.0966183574879227,0.12077294685990338,0.0825242718446602,0.09997185873082876,0.01579398119633027,492
503,0.06715043385823567,0.004820167475829936,0.021332422892252605,0.003092044858513578,0.1,poly,MinMaxScaler(),18,0.001,6.0,3.0,"{'Classifier__SVC__C': 0.1, 'Classifier__SVC__coef0': 6, 'Classifier__SVC__degree': 3, 'Classifier__SVC__gamma': 0.001, 'Classifier__SVC__kernel': 'poly', 'Scaler': MinMaxScaler(), 'Selector__max_features': 18}",0.0966183574879227,0.12560386473429952,0.0825242718446602,0.10158216468896081,0.017933996902179464,482
504,0.07030328114827473,0.008575288436863922,0.03818408648173014,0.017838063470755165,0.1,poly,MinMaxScaler(),20,0.001,6.0,3.0,"{'Classifier__SVC__C': 0.1, 'Classifier__SVC__coef0': 6, 'Classifier__SVC__degree': 3, 'Classifier__SVC__gamma': 0.001, 'Classifier__SVC__kernel': 'poly', 'Scaler': MinMaxScaler(), 'Selector__max_features': 20}",0.10628019323671498,0.12560386473429952,0.0825242718446602,0.1048027766052249,0.017618170559804032,476
505,0.0901039441426595,0.016392441476266967,0.018851598103841145,0.0034815422466727866,0.1,poly,MinMaxScaler(),24,0.001,6.0,3.0,"{'Classifier__SVC__C': 0.1, 'Classifier__SVC__coef0': 6, 'Classifier__SVC__degree': 3, 'Classifier__SVC__gamma': 0.001, 'Classifier__SVC__kernel': 'poly', 'Scaler': MinMaxScaler(), 'Selector__max_features': 24}",0.10144927536231885,0.12077294685990338,0.0825242718446602,0.10158216468896081,0.015615238919834549,482
506,0.06457813580830891,0.004968739128274652,0.029007991154988606,0.013594852548356715,0.1,poly,MinMaxScaler(),2,0.01,6.0,3.0,"{'Classifier__SVC__C': 0.1, 'Classifier__SVC__coef0': 6, 'Classifier__SVC__degree': 3, 'Classifier__SVC__gamma': 0.01, 'Classifier__SVC__kernel': 'poly', 'Scaler': MinMaxScaler(), 'Selector__max_features': 2}",0.03864734299516908,0.21256038647342995,0.0825242718446602,0.11124400043775308,0.0738469307907176,463
507,0.06722259521484375,0.015468887907917233,0.019849856694539387,0.0059459433556306625,0.1,poly,MinMaxScaler(),4,0.01,6.0,3.0,"{'Classifier__SVC__C': 0.1, 'Classifier__SVC__coef0': 6, 'Classifier__SVC__degree': 3, 'Classifier__SVC__gamma': 0.01, 'Classifier__SVC__kernel': 'poly', 'Scaler': MinMaxScaler(), 'Selector__max_features': 4}",0.13043478260869565,0.14009661835748793,0.08737864077669903,0.11930334724762753,0.022916194127739573,456
508,0.0638733704884847,0.003453599758043097,0.015207608540852865,0.0030874189112972956,0.1,poly,MinMaxScaler(),6,0.01,6.0,3.0,"{'Classifier__SVC__C': 0.1, 'Classifier__SVC__coef0': 6, 'Classifier__SVC__degree': 3, 'Classifier__SVC__gamma': 0.01, 'Classifier__SVC__kernel': 'poly', 'Scaler': MinMaxScaler(), 'Selector__max_features': 6}",0.0821256038647343,0.11594202898550725,0.07281553398058252,0.09029438894360801,0.018529623671319245,523
509,0.06563623746236165,0.002879568138188445,0.021467208862304688,0.0010067291811945212,0.1,poly,MinMaxScaler(),8,0.01,6.0,3.0,"{'Classifier__SVC__C': 0.1, 'Classifier__SVC__coef0': 6, 'Classifier__SVC__degree': 3, 'Classifier__SVC__gamma': 0.01, 'Classifier__SVC__kernel': 'poly', 'Scaler': MinMaxScaler(), 'Selector__max_features': 8}",0.0821256038647343,0.14009661835748793,0.11650485436893204,0.11290902553038477,0.023802760611700193,460
510,0.08031924565633138,0.004336336048271167,0.02316109339396159,0.0054705093369958255,0.1,poly,MinMaxScaler(),10,0.01,6.0,3.0,"{'Classifier__SVC__C': 0.1, 'Classifier__SVC__coef0': 6, 'Classifier__SVC__degree': 3, 'Classifier__SVC__gamma': 0.01, 'Classifier__SVC__kernel': 'poly', 'Scaler': MinMaxScaler(), 'Selector__max_features': 10}",0.10628019323671498,0.17391304347826086,0.07766990291262135,0.11928771320919906,0.04035329154984585,458
511,0.07329360644022624,0.005875062889204334,0.022318363189697266,0.0005748613919075036,0.1,poly,MinMaxScaler(),12,0.01,6.0,3.0,"{'Classifier__SVC__C': 0.1, 'Classifier__SVC__coef0': 6, 'Classifier__SVC__degree': 3, 'Classifier__SVC__gamma': 0.01, 'Classifier__SVC__kernel': 'poly', 'Scaler': MinMaxScaler(), 'Selector__max_features': 12}",0.11594202898550725,0.25120772946859904,0.0970873786407767,0.154745712364961,0.068641896912806,410
512,0.06827727953592937,0.011618085882902338,0.020281235376993816,0.005109996305056821,0.1,poly,MinMaxScaler(),14,0.01,6.0,3.0,"{'Classifier__SVC__C': 0.1, 'Classifier__SVC__coef0': 6, 'Classifier__SVC__degree': 3, 'Classifier__SVC__gamma': 0.01, 'Classifier__SVC__kernel': 'poly', 'Scaler': MinMaxScaler(), 'Selector__max_features': 14}",0.13526570048309178,0.2318840579710145,0.11165048543689321,0.15960008129699982,0.052013777394562644,402
513,0.07126537958780925,0.011096356945081291,0.022080024083455402,0.004781072559010764,0.1,poly,MinMaxScaler(),16,0.01,6.0,3.0,"{'Classifier__SVC__C': 0.1, 'Classifier__SVC__coef0': 6, 'Classifier__SVC__degree': 3, 'Classifier__SVC__gamma': 0.01, 'Classifier__SVC__kernel': 'poly', 'Scaler': MinMaxScaler(), 'Selector__max_features': 16}",0.12077294685990338,0.2463768115942029,0.09223300970873786,0.15312758938761473,0.06695866926569137,414
514,0.08530179659525554,0.0024471745849429355,0.02516309420267741,0.0008582118284900294,0.1,poly,MinMaxScaler(),18,0.01,6.0,3.0,"{'Classifier__SVC__C': 0.1, 'Classifier__SVC__coef0': 6, 'Classifier__SVC__degree': 3, 'Classifier__SVC__gamma': 0.01, 'Classifier__SVC__kernel': 'poly', 'Scaler': MinMaxScaler(), 'Selector__max_features': 18}",0.0966183574879227,0.2608695652173913,0.08737864077669903,0.14828885449400434,0.0796959029121034,424
515,0.07918071746826172,0.004622666934915149,0.02216958999633789,0.004755526363625376,0.1,poly,MinMaxScaler(),20,0.01,6.0,3.0,"{'Classifier__SVC__C': 0.1, 'Classifier__SVC__coef0': 6, 'Classifier__SVC__degree': 3, 'Classifier__SVC__gamma': 0.01, 'Classifier__SVC__kernel': 'poly', 'Scaler': MinMaxScaler(), 'Selector__max_features': 20}",0.14009661835748793,0.24154589371980675,0.11165048543689321,0.16443099917139598,0.05575138766849021,390
516,0.07814145088195801,0.007214430988057395,0.021372477213541668,0.0022526827116256167,0.1,poly,MinMaxScaler(),24,0.01,6.0,3.0,"{'Classifier__SVC__C': 0.1, 'Classifier__SVC__coef0': 6, 'Classifier__SVC__degree': 3, 'Classifier__SVC__gamma': 0.01, 'Classifier__SVC__kernel': 'poly', 'Scaler': MinMaxScaler(), 'Selector__max_features': 24}",0.18840579710144928,0.2028985507246377,0.21359223300970873,0.20163219361193188,0.010321236479314244,122
517,0.08498477935791016,0.0025494972195784942,0.020021518071492512,0.0021367488450453553,0.1,poly,MinMaxScaler(),2,0.001,6.0,5.0,"{'Classifier__SVC__C': 0.1, 'Classifier__SVC__coef0': 6, 'Classifier__SVC__degree': 5, 'Classifier__SVC__gamma': 0.001, 'Classifier__SVC__kernel': 'poly', 'Scaler': MinMaxScaler(), 'Selector__max_features': 2}",0.11594202898550725,0.0966183574879227,0.043689320388349516,0.08541656895392648,0.030542031417667953,537
518,0.0807805061340332,0.00044203721880181987,0.018877188364664715,0.0033008770307958605,0.1,poly,MinMaxScaler(),4,0.001,6.0,5.0,"{'Classifier__SVC__C': 0.1, 'Classifier__SVC__coef0': 6, 'Classifier__SVC__degree': 5, 'Classifier__SVC__gamma': 0.001, 'Classifier__SVC__kernel': 'poly', 'Scaler': MinMaxScaler(), 'Selector__max_features': 4}",0.1111111111111111,0.14009661835748793,0.1941747572815534,0.1484608289167175,0.03442249596307095,422
519,0.0758202075958252,0.004683922526093423,0.015865325927734375,0.0020596968767498287,0.1,poly,MinMaxScaler(),6,0.001,6.0,5.0,"{'Classifier__SVC__C': 0.1, 'Classifier__SVC__coef0': 6, 'Classifier__SVC__degree': 5, 'Classifier__SVC__gamma': 0.001, 'Classifier__SVC__kernel': 'poly', 'Scaler': MinMaxScaler(), 'Selector__max_features': 6}",0.10628019323671498,0.15458937198067632,0.16990291262135923,0.14359082594625017,0.027113202400649027,427
520,0.06728053092956543,0.006095396042129046,0.014429330825805664,0.0016396339155108246,0.1,poly,MinMaxScaler(),8,0.001,6.0,5.0,"{'Classifier__SVC__C': 0.1, 'Classifier__SVC__coef0': 6, 'Classifier__SVC__degree': 5, 'Classifier__SVC__gamma': 0.001, 'Classifier__SVC__kernel': 'poly', 'Scaler': MinMaxScaler(), 'Selector__max_features': 8}",0.13526570048309178,0.17391304347826086,0.16990291262135923,0.1596938855275706,0.017350743611304648,400
521,0.06964468955993652,0.005028822831169389,0.016701141993204754,0.0023393842081963832,0.1,poly,MinMaxScaler(),10,0.001,6.0,5.0,"{'Classifier__SVC__C': 0.1, 'Classifier__SVC__coef0': 6, 'Classifier__SVC__degree': 5, 'Classifier__SVC__gamma': 0.001, 'Classifier__SVC__kernel': 'poly', 'Scaler': MinMaxScaler(), 'Selector__max_features': 10}",0.1932367149758454,0.178743961352657,0.19902912621359223,0.1903366008473649,0.008531509238405191,180
522,0.06128668785095215,0.009869486742981015,0.016311168670654297,0.0028369330650395803,0.1,poly,MinMaxScaler(),12,0.001,6.0,5.0,"{'Classifier__SVC__C': 0.1, 'Classifier__SVC__coef0': 6, 'Classifier__SVC__degree': 5, 'Classifier__SVC__gamma': 0.001, 'Classifier__SVC__kernel': 'poly', 'Scaler': MinMaxScaler(), 'Selector__max_features': 12}",0.18357487922705315,0.19806763285024154,0.19902912621359223,0.193557212763629,0.007069481569795936,167
523,0.05163733164469401,0.005219967966545609,0.016650279362996418,0.0031243688898811173,0.1,poly,MinMaxScaler(),14,0.001,6.0,5.0,"{'Classifier__SVC__C': 0.1, 'Classifier__SVC__coef0': 6, 'Classifier__SVC__degree': 5, 'Classifier__SVC__gamma': 0.001, 'Classifier__SVC__kernel': 'poly', 'Scaler': MinMaxScaler(), 'Selector__max_features': 14}",0.15942028985507245,0.18840579710144928,0.1941747572815534,0.18066694807935837,0.015207138447992536,281
524,0.05607024828592936,0.008108716306569492,0.017034371693929035,0.004304293220429213,0.1,poly,MinMaxScaler(),16,0.001,6.0,5.0,"{'Classifier__SVC__C': 0.1, 'Classifier__SVC__coef0': 6, 'Classifier__SVC__degree': 5, 'Classifier__SVC__gamma': 0.001, 'Classifier__SVC__kernel': 'poly', 'Scaler': MinMaxScaler(), 'Selector__max_features': 16}",0.18357487922705315,0.178743961352657,0.2524271844660194,0.20491534168190984,0.03365378478402044,103
525,0.06624333063761394,0.007212788384756172,0.022073109944661457,0.0016354073563564393,0.1,poly,MinMaxScaler(),18,0.001,6.0,5.0,"{'Classifier__SVC__C': 0.1, 'Classifier__SVC__coef0': 6, 'Classifier__SVC__degree': 5, 'Classifier__SVC__gamma': 0.001, 'Classifier__SVC__kernel': 'poly', 'Scaler': MinMaxScaler(), 'Selector__max_features': 18}",0.18357487922705315,0.178743961352657,0.24271844660194175,0.2016790957272173,0.029086144261960312,121
526,0.06708772977193196,0.007379461400344569,0.020873864491780598,0.0014583514104973636,0.1,poly,MinMaxScaler(),20,0.001,6.0,5.0,"{'Classifier__SVC__C': 0.1, 'Classifier__SVC__coef0': 6, 'Classifier__SVC__degree': 5, 'Classifier__SVC__gamma': 0.001, 'Classifier__SVC__kernel': 'poly', 'Scaler': MinMaxScaler(), 'Selector__max_features': 20}",0.2028985507246377,0.21739130434782608,0.2621359223300971,0.22747525913418695,0.025212842716637478,59
527,0.06777397791544597,0.007553387145217489,0.0171813170115153,0.0015570684660866142,0.1,poly,MinMaxScaler(),24,0.001,6.0,5.0,"{'Classifier__SVC__C': 0.1, 'Classifier__SVC__coef0': 6, 'Classifier__SVC__degree': 5, 'Classifier__SVC__gamma': 0.001, 'Classifier__SVC__kernel': 'poly', 'Scaler': MinMaxScaler(), 'Selector__max_features': 24}",0.22705314009661837,0.23671497584541062,0.24271844660194175,0.23549552084799022,0.006453203847417288,44
528,0.06626137097676595,0.008279366857665818,0.016513586044311523,0.002105487966460034,0.1,poly,MinMaxScaler(),2,0.01,6.0,5.0,"{'Classifier__SVC__C': 0.1, 'Classifier__SVC__coef0': 6, 'Classifier__SVC__degree': 5, 'Classifier__SVC__gamma': 0.01, 'Classifier__SVC__kernel': 'poly', 'Scaler': MinMaxScaler(), 'Selector__max_features': 2}",0.15458937198067632,0.13043478260869565,0.13106796116504854,0.13869737191814016,0.011240313704453657,433
529,0.07056164741516113,0.006062163777946748,0.01688377062479655,0.00274841167306056,0.1,poly,MinMaxScaler(),4,0.01,6.0,5.0,"{'Classifier__SVC__C': 0.1, 'Classifier__SVC__coef0': 6, 'Classifier__SVC__degree': 5, 'Classifier__SVC__gamma': 0.01, 'Classifier__SVC__kernel': 'poly', 'Scaler': MinMaxScaler(), 'Selector__max_features': 4}",0.178743961352657,0.18840579710144928,0.2087378640776699,0.1919625408439254,0.01250056984585413,174
530,0.06644821166992188,0.004844757596871953,0.019580920537312824,0.0017959364790312387,0.1,poly,MinMaxScaler(),6,0.01,6.0,5.0,"{'Classifier__SVC__C': 0.1, 'Classifier__SVC__coef0': 6, 'Classifier__SVC__degree': 5, 'Classifier__SVC__gamma': 0.01, 'Classifier__SVC__kernel': 'poly', 'Scaler': MinMaxScaler(), 'Selector__max_features': 6}",0.1932367149758454,0.178743961352657,0.22815533980582525,0.20004533871144256,0.02073867720050723,127
531,0.05774768193562826,0.0006382049380662954,0.022758086522420246,0.0042133748103553885,0.1,poly,MinMaxScaler(),8,0.01,6.0,5.0,"{'Classifier__SVC__C': 0.1, 'Classifier__SVC__coef0': 6, 'Classifier__SVC__degree': 5, 'Classifier__SVC__gamma': 0.01, 'Classifier__SVC__kernel': 'poly', 'Scaler': MinMaxScaler(), 'Selector__max_features': 8}",0.178743961352657,0.2608695652173913,0.22815533980582525,0.22258962212529118,0.0337578298326119,74
532,0.06046295166015625,0.004538790226681776,0.015411694844563803,0.002591507174233734,0.1,poly,MinMaxScaler(),10,0.01,6.0,5.0,"{'Classifier__SVC__C': 0.1, 'Classifier__SVC__coef0': 6, 'Classifier__SVC__degree': 5, 'Classifier__SVC__gamma': 0.01, 'Classifier__SVC__kernel': 'poly', 'Scaler': MinMaxScaler(), 'Selector__max_features': 10}",0.1932367149758454,0.26570048309178745,0.23786407766990292,0.23226709191251194,0.0298467654257161,51
533,0.06361103057861328,0.003189195308067613,0.02175132433573405,0.00047232649465992486,0.1,poly,MinMaxScaler(),12,0.01,6.0,5.0,"{'Classifier__SVC__C': 0.1, 'Classifier__SVC__coef0': 6, 'Classifier__SVC__degree': 5, 'Classifier__SVC__gamma': 0.01, 'Classifier__SVC__kernel': 'poly', 'Scaler': MinMaxScaler(), 'Selector__max_features': 12}",0.19806763285024154,0.28019323671497587,0.22330097087378642,0.23385394681300128,0.03434800021754835,48
534,0.06813708941141765,0.004938145671656963,0.02528095245361328,0.002332105416818572,0.1,poly,MinMaxScaler(),14,0.01,6.0,5.0,"{'Classifier__SVC__C': 0.1, 'Classifier__SVC__coef0': 6, 'Classifier__SVC__degree': 5, 'Classifier__SVC__gamma': 0.01, 'Classifier__SVC__kernel': 'poly', 'Scaler': MinMaxScaler(), 'Selector__max_features': 14}",0.178743961352657,0.2560386473429952,0.27184466019417475,0.23554242296327565,0.04067764694573343,42
535,0.0753633975982666,0.005651135645867958,0.01916337013244629,0.0035846620264133673,0.1,poly,MinMaxScaler(),16,0.01,6.0,5.0,"{'Classifier__SVC__C': 0.1, 'Classifier__SVC__coef0': 6, 'Classifier__SVC__degree': 5, 'Classifier__SVC__gamma': 0.01, 'Classifier__SVC__kernel': 'poly', 'Scaler': MinMaxScaler(), 'Selector__max_features': 16}",0.20772946859903382,0.2753623188405797,0.20388349514563106,0.22899176086174822,0.03282650720989772,58
536,0.06829229990641277,0.0028506892153494596,0.018156131108601887,0.0026495484144775437,0.1,poly,MinMaxScaler(),18,0.01,6.0,5.0,"{'Classifier__SVC__C': 0.1, 'Classifier__SVC__coef0': 6, 'Classifier__SVC__degree': 5, 'Classifier__SVC__gamma': 0.01, 'Classifier__SVC__kernel': 'poly', 'Scaler': MinMaxScaler(), 'Selector__max_features': 18}",0.22705314009661837,0.28019323671497587,0.20388349514563106,0.23704329065240845,0.031944185654466786,41
537,0.07390077908833821,0.00389959461602516,0.015668153762817383,0.002431460327431025,0.1,poly,MinMaxScaler(),20,0.01,6.0,5.0,"{'Classifier__SVC__C': 0.1, 'Classifier__SVC__coef0': 6, 'Classifier__SVC__degree': 5, 'Classifier__SVC__gamma': 0.01, 'Classifier__SVC__kernel': 'poly', 'Scaler': MinMaxScaler(), 'Selector__max_features': 20}",0.21256038647342995,0.27053140096618356,0.22330097087378642,0.23546425277113334,0.025180927970926817,47
538,0.06684406598409016,0.010108986832985027,0.013254721959431967,0.000508653856067562,0.1,poly,MinMaxScaler(),24,0.01,6.0,5.0,"{'Classifier__SVC__C': 0.1, 'Classifier__SVC__coef0': 6, 'Classifier__SVC__degree': 5, 'Classifier__SVC__gamma': 0.01, 'Classifier__SVC__kernel': 'poly', 'Scaler': MinMaxScaler(), 'Selector__max_features': 24}",0.21739130434782608,0.28019323671497587,0.25728155339805825,0.2516220314869534,0.025949223732239356,19
