,mean_fit_time,std_fit_time,mean_score_time,std_score_time,param_Classifier__SVC__C,param_Classifier__SVC__kernel,param_Scaler,param_Selector__max_features,param_Classifier__SVC__gamma,param_Classifier__SVC__coef0,param_Classifier__SVC__degree,params,split0_test_score,split1_test_score,split2_test_score,mean_test_score,std_test_score,rank_test_score
0,0.06610790888468425,0.007587585857859779,0.009790658950805664,0.0010203632401710636,1.0,linear,MinMaxScaler(),2,,,,"{'Classifier__SVC__C': 1, 'Classifier__SVC__kernel': 'linear', 'Scaler': MinMaxScaler(), 'Selector__max_features': 2}",0.26570048309178745,0.20772946859903382,0.11650485436893204,0.19664493535325112,0.06141109598685282,215
1,0.06978225708007812,0.006634688078613543,0.010062297185262045,0.0014672536387640882,1.0,linear,MinMaxScaler(),4,,,,"{'Classifier__SVC__C': 1, 'Classifier__SVC__kernel': 'linear', 'Scaler': MinMaxScaler(), 'Selector__max_features': 4}",0.21739130434782608,0.22705314009661837,0.23786407766990292,0.22743617403811578,0.008362362031728418,174
2,0.07089455922444661,0.0016407919998556023,0.010607401529947916,0.00033977680368373157,1.0,linear,MinMaxScaler(),6,,,,"{'Classifier__SVC__C': 1, 'Classifier__SVC__kernel': 'linear', 'Scaler': MinMaxScaler(), 'Selector__max_features': 6}",0.2318840579710145,0.2318840579710145,0.2961165048543689,0.25329487359879926,0.030279465842283085,121
3,0.07052397727966309,0.0015116675013907975,0.009282430013020834,0.001253828873141926,1.0,linear,MinMaxScaler(),8,,,,"{'Classifier__SVC__C': 1, 'Classifier__SVC__kernel': 'linear', 'Scaler': MinMaxScaler(), 'Selector__max_features': 8}",0.2463768115942029,0.2608695652173913,0.2621359223300971,0.25646076638056375,0.0071491502145011425,112
4,0.07735164960225423,0.0034576645828410693,0.01092966397603353,0.0005237440777662257,1.0,linear,MinMaxScaler(),10,,,,"{'Classifier__SVC__C': 1, 'Classifier__SVC__kernel': 'linear', 'Scaler': MinMaxScaler(), 'Selector__max_features': 10}",0.28019323671497587,0.26570048309178745,0.2912621359223301,0.2790519519096978,0.01046665887831024,66
5,0.07834482192993164,0.004515931098922885,0.009272178014119467,0.0009309089235811232,1.0,linear,MinMaxScaler(),12,,,,"{'Classifier__SVC__C': 1, 'Classifier__SVC__kernel': 'linear', 'Scaler': MinMaxScaler(), 'Selector__max_features': 12}",0.23671497584541062,0.27053140096618356,0.2961165048543689,0.26778762722198773,0.024328058326687073,90
6,0.07601412137349446,0.004378544339074166,0.00827185312906901,0.0006678338426751165,1.0,linear,MinMaxScaler(),14,,,,"{'Classifier__SVC__C': 1, 'Classifier__SVC__kernel': 'linear', 'Scaler': MinMaxScaler(), 'Selector__max_features': 14}",0.25120772946859904,0.28502415458937197,0.2815533980582524,0.2725950940387411,0.01518938357684306,83
7,0.07998991012573242,0.006375523886233202,0.011578083038330078,0.0028370180604078785,1.0,linear,MinMaxScaler(),16,,,,"{'Classifier__SVC__C': 1, 'Classifier__SVC__kernel': 'linear', 'Scaler': MinMaxScaler(), 'Selector__max_features': 16}",0.2560386473429952,0.2898550724637681,0.32038834951456313,0.2887606897737755,0.02628205087756649,53
8,0.08197458585103352,0.0016976173693826451,0.014231046040852865,0.0011882187249890777,1.0,linear,MinMaxScaler(),18,,,,"{'Classifier__SVC__C': 1, 'Classifier__SVC__kernel': 'linear', 'Scaler': MinMaxScaler(), 'Selector__max_features': 18}",0.2753623188405797,0.2898550724637681,0.32524271844660196,0.29682003658364997,0.02095068193174225,38
9,0.07817983627319336,0.004706026933914993,0.011933088302612305,0.0020796887995038838,1.0,linear,MinMaxScaler(),20,,,,"{'Classifier__SVC__C': 1, 'Classifier__SVC__kernel': 'linear', 'Scaler': MinMaxScaler(), 'Selector__max_features': 20}",0.28502415458937197,0.2995169082125604,0.3155339805825243,0.30002501446148555,0.012460765078256792,28
10,0.07985234260559082,0.0025475060841213047,0.011367321014404297,0.0016542099217848904,1.0,linear,MinMaxScaler(),24,,,,"{'Classifier__SVC__C': 1, 'Classifier__SVC__kernel': 'linear', 'Scaler': MinMaxScaler(), 'Selector__max_features': 24}",0.27053140096618356,0.3333333333333333,0.2912621359223301,0.29837562340728235,0.02612753280112689,37
11,0.0684066613515218,0.004090055913153116,0.008423646291097006,0.0006475353021779212,10.0,linear,MinMaxScaler(),2,,,,"{'Classifier__SVC__C': 10, 'Classifier__SVC__kernel': 'linear', 'Scaler': MinMaxScaler(), 'Selector__max_features': 2}",0.19806763285024154,0.178743961352657,0.13106796116504854,0.16929318512264904,0.02815702256978622,346
12,0.06074070930480957,0.0013107582322339233,0.00834043820699056,0.00046768546999773547,10.0,linear,MinMaxScaler(),4,,,,"{'Classifier__SVC__C': 10, 'Classifier__SVC__kernel': 'linear', 'Scaler': MinMaxScaler(), 'Selector__max_features': 4}",0.2560386473429952,0.2463768115942029,0.22815533980582525,0.24352359958100778,0.011560718659820427,145
13,0.05854344367980957,0.0018441068784745486,0.008000532786051432,0.0008163407661464329,10.0,linear,MinMaxScaler(),6,,,,"{'Classifier__SVC__C': 10, 'Classifier__SVC__kernel': 'linear', 'Scaler': MinMaxScaler(), 'Selector__max_features': 6}",0.2028985507246377,0.2463768115942029,0.24757281553398058,0.23228272595094038,0.020783485778433752,166
14,0.05870795249938965,0.0033964349680694686,0.007995208104451498,2.809789900726269e-06,10.0,linear,MinMaxScaler(),8,,,,"{'Classifier__SVC__C': 10, 'Classifier__SVC__kernel': 'linear', 'Scaler': MinMaxScaler(), 'Selector__max_features': 8}",0.22705314009661837,0.2898550724637681,0.23786407766990292,0.2515907634100965,0.027414559432529496,130
15,0.05855202674865723,0.0023944811027481494,0.00866556167602539,0.00047137035374583886,10.0,linear,MinMaxScaler(),10,,,,"{'Classifier__SVC__C': 10, 'Classifier__SVC__kernel': 'linear', 'Scaler': MinMaxScaler(), 'Selector__max_features': 10}",0.24154589371980675,0.28502415458937197,0.25728155339805825,0.26128386723574565,0.017974123605932306,105
16,0.05752682685852051,0.0009183115521013803,0.00800013542175293,1.3486991523486091e-06,10.0,linear,MinMaxScaler(),12,,,,"{'Classifier__SVC__C': 10, 'Classifier__SVC__kernel': 'linear', 'Scaler': MinMaxScaler(), 'Selector__max_features': 12}",0.2560386473429952,0.2946859903381642,0.2669902912621359,0.2725716429810984,0.01626382274466112,84
17,0.05487783749898275,0.0025841638615183493,0.00833288828531901,0.00047075510802583773,10.0,linear,MinMaxScaler(),14,,,,"{'Classifier__SVC__C': 10, 'Classifier__SVC__kernel': 'linear', 'Scaler': MinMaxScaler(), 'Selector__max_features': 14}",0.25120772946859904,0.28502415458937197,0.2912621359223301,0.2758313399934337,0.017596775258299356,75
18,0.055604775746663414,0.0021641775263550405,0.00799997647603353,1.4610907483776598e-06,10.0,linear,MinMaxScaler(),16,,,,"{'Classifier__SVC__C': 10, 'Classifier__SVC__kernel': 'linear', 'Scaler': MinMaxScaler(), 'Selector__max_features': 16}",0.28019323671497587,0.28019323671497587,0.33495145631067963,0.2984459765802105,0.02581327226788281,34
19,0.05359458923339844,0.002673559150872876,0.008002758026123047,0.0008180031538962169,10.0,linear,MinMaxScaler(),18,,,,"{'Classifier__SVC__C': 10, 'Classifier__SVC__kernel': 'linear', 'Scaler': MinMaxScaler(), 'Selector__max_features': 18}",0.2898550724637681,0.2946859903381642,0.36893203883495146,0.3178243672122946,0.03619235661383292,1
20,0.05327741305033366,0.0018905703800426714,0.007509152094523112,0.000407549083141499,10.0,linear,MinMaxScaler(),20,,,,"{'Classifier__SVC__C': 10, 'Classifier__SVC__kernel': 'linear', 'Scaler': MinMaxScaler(), 'Selector__max_features': 20}",0.28019323671497587,0.30434782608695654,0.3446601941747573,0.3097337523255632,0.02659264687986889,8
21,0.057193597157796226,0.0006975161262487686,0.008263905843098959,0.0010942555744665045,10.0,linear,MinMaxScaler(),24,,,,"{'Classifier__SVC__C': 10, 'Classifier__SVC__kernel': 'linear', 'Scaler': MinMaxScaler(), 'Selector__max_features': 24}",0.30434782608695654,0.3188405797101449,0.2766990291262136,0.2999624783077717,0.017481438303961372,32
22,0.02884507179260254,0.0024480589672494454,0.007832686106363932,0.000433469645622703,100.0,linear,MinMaxScaler(),2,,,,"{'Classifier__SVC__C': 100, 'Classifier__SVC__kernel': 'linear', 'Scaler': MinMaxScaler(), 'Selector__max_features': 2}",0.2028985507246377,0.19806763285024154,0.16019417475728157,0.18705345277738694,0.0190945027638546,267
23,0.035376946131388344,0.0017297724461389058,0.007882118225097656,0.0006209645648358512,100.0,linear,MinMaxScaler(),4,,,,"{'Classifier__SVC__C': 100, 'Classifier__SVC__kernel': 'linear', 'Scaler': MinMaxScaler(), 'Selector__max_features': 4}",0.24154589371980675,0.23671497584541062,0.21844660194174756,0.232235823835655,0.00994791174759312,168
24,0.037325143814086914,0.004770826760665721,0.008395910263061523,0.0009036179477220713,100.0,linear,MinMaxScaler(),6,,,,"{'Classifier__SVC__C': 100, 'Classifier__SVC__kernel': 'linear', 'Scaler': MinMaxScaler(), 'Selector__max_features': 6}",0.18840579710144928,0.2318840579710145,0.24271844660194175,0.22100276722480183,0.023470092176619817,182
25,0.04386154810587565,0.005668587863195348,0.008345524470011393,0.000136787360023349,100.0,linear,MinMaxScaler(),8,,,,"{'Classifier__SVC__C': 100, 'Classifier__SVC__kernel': 'linear', 'Scaler': MinMaxScaler(), 'Selector__max_features': 8}",0.2463768115942029,0.30917874396135264,0.24271844660194175,0.26609133405249913,0.030503984199820283,95
26,0.040871381759643555,0.008080436175978421,0.008410453796386719,0.00014953958436816705,100.0,linear,MinMaxScaler(),10,,,,"{'Classifier__SVC__C': 100, 'Classifier__SVC__kernel': 'linear', 'Scaler': MinMaxScaler(), 'Selector__max_features': 10}",0.2222222222222222,0.30434782608695654,0.24271844660194175,0.2564294983037068,0.03490127415642751,113
27,0.05062150955200195,0.0019298637506924461,0.00824586550394694,0.00020570962927725486,100.0,linear,MinMaxScaler(),12,,,,"{'Classifier__SVC__C': 100, 'Classifier__SVC__kernel': 'linear', 'Scaler': MinMaxScaler(), 'Selector__max_features': 12}",0.26570048309178745,0.2995169082125604,0.27184466019417475,0.2790206838328409,0.014708481417971783,68
28,0.05687793095906576,0.00839862268471406,0.009712537129720053,0.0008054433693431951,100.0,linear,MinMaxScaler(),14,,,,"{'Classifier__SVC__C': 100, 'Classifier__SVC__kernel': 'linear', 'Scaler': MinMaxScaler(), 'Selector__max_features': 14}",0.27053140096618356,0.2898550724637681,0.2621359223300971,0.2741741319200163,0.011605743912240382,78
29,0.05527544021606445,0.0032130244729492133,0.008948167165120443,0.0008435143828368722,100.0,linear,MinMaxScaler(),16,,,,"{'Classifier__SVC__C': 100, 'Classifier__SVC__kernel': 'linear', 'Scaler': MinMaxScaler(), 'Selector__max_features': 16}",0.3140096618357488,0.2608695652173913,0.2961165048543689,0.29033191063583635,0.022076588124933058,50
30,0.05156890551249186,0.004078778713198911,0.010115623474121094,0.00032323721412040894,100.0,linear,MinMaxScaler(),18,,,,"{'Classifier__SVC__C': 100, 'Classifier__SVC__kernel': 'linear', 'Scaler': MinMaxScaler(), 'Selector__max_features': 18}",0.26570048309178745,0.2318840579710145,0.3106796116504854,0.26942138423776246,0.032275570213575716,87
31,0.061235904693603516,0.002584206965173625,0.009313344955444336,0.0015312696144432801,100.0,linear,MinMaxScaler(),20,,,,"{'Classifier__SVC__C': 100, 'Classifier__SVC__kernel': 'linear', 'Scaler': MinMaxScaler(), 'Selector__max_features': 20}",0.2995169082125604,0.28502415458937197,0.3155339805825243,0.30002501446148555,0.012460765078256792,28
32,0.06767114003499348,0.012959722837205458,0.01010290781656901,0.0005944898412674693,100.0,linear,MinMaxScaler(),24,,,,"{'Classifier__SVC__C': 100, 'Classifier__SVC__kernel': 'linear', 'Scaler': MinMaxScaler(), 'Selector__max_features': 24}",0.3333333333333333,0.30917874396135264,0.2766990291262136,0.3064037021402998,0.023203975896206364,16
33,0.05545163154602051,0.009856678523222702,0.010216077168782553,0.0018854747254740737,1000.0,linear,MinMaxScaler(),2,,,,"{'Classifier__SVC__C': 1000, 'Classifier__SVC__kernel': 'linear', 'Scaler': MinMaxScaler(), 'Selector__max_features': 2}",0.2028985507246377,0.19806763285024154,0.1553398058252427,0.18543532980004063,0.021371942110557294,269
34,0.0791014035542806,0.005372486920786242,0.008455991744995117,0.0008488841417812864,1000.0,linear,MinMaxScaler(),4,,,,"{'Classifier__SVC__C': 1000, 'Classifier__SVC__kernel': 'linear', 'Scaler': MinMaxScaler(), 'Selector__max_features': 4}",0.2463768115942029,0.23671497584541062,0.21844660194174756,0.23384612979378705,0.011581504250555846,164
35,0.10734907786051433,0.001511304027688138,0.008859952290852865,0.0001955280766301788,1000.0,linear,MinMaxScaler(),6,,,,"{'Classifier__SVC__C': 1000, 'Classifier__SVC__kernel': 'linear', 'Scaler': MinMaxScaler(), 'Selector__max_features': 6}",0.20772946859903382,0.24154589371980675,0.24757281553398058,0.23228272595094038,0.017535255564723625,166
36,0.1242217222849528,0.009314887794623243,0.008515516916910807,0.0007809647054700801,1000.0,linear,MinMaxScaler(),8,,,,"{'Classifier__SVC__C': 1000, 'Classifier__SVC__kernel': 'linear', 'Scaler': MinMaxScaler(), 'Selector__max_features': 8}",0.22705314009661837,0.3285024154589372,0.25728155339805825,0.27094570298453796,0.04252858337499748,86
37,0.15282384554545084,0.019080551269853672,0.008597691853841146,0.0011969526151758593,1000.0,linear,MinMaxScaler(),10,,,,"{'Classifier__SVC__C': 1000, 'Classifier__SVC__kernel': 'linear', 'Scaler': MinMaxScaler(), 'Selector__max_features': 10}",0.24154589371980675,0.2608695652173913,0.25728155339805825,0.25323233744508544,0.008392384739035641,122
38,0.19829948743184408,0.011256174638487902,0.009110689163208008,0.0008578114492546508,1000.0,linear,MinMaxScaler(),12,,,,"{'Classifier__SVC__C': 1000, 'Classifier__SVC__kernel': 'linear', 'Scaler': MinMaxScaler(), 'Selector__max_features': 12}",0.28019323671497587,0.2898550724637681,0.2621359223300971,0.2773947438362804,0.011488008032359394,74
39,0.19609689712524414,0.01520502960156891,0.008339484532674154,0.0007396237062958197,1000.0,linear,MinMaxScaler(),14,,,,"{'Classifier__SVC__C': 1000, 'Classifier__SVC__kernel': 'linear', 'Scaler': MinMaxScaler(), 'Selector__max_features': 14}",0.2995169082125604,0.28019323671497587,0.2766990291262136,0.28546972468458326,0.010034769403424093,56
40,0.2535070578257243,0.013864672398960005,0.008184591929117838,0.00023350462411100294,1000.0,linear,MinMaxScaler(),16,,,,"{'Classifier__SVC__C': 1000, 'Classifier__SVC__kernel': 'linear', 'Scaler': MinMaxScaler(), 'Selector__max_features': 16}",0.2753623188405797,0.25120772946859904,0.27184466019417475,0.2661382361677845,0.010654686083565089,94
41,0.20670032501220703,0.034795602884928556,0.008817831675211588,0.0006883285273855649,1000.0,linear,MinMaxScaler(),18,,,,"{'Classifier__SVC__C': 1000, 'Classifier__SVC__kernel': 'linear', 'Scaler': MinMaxScaler(), 'Selector__max_features': 18}",0.27053140096618356,0.22705314009661837,0.30097087378640774,0.2661851382830699,0.030332879168119706,93
42,0.22711499532063803,0.04075215430572934,0.008505423863728842,0.0009335686604981888,1000.0,linear,MinMaxScaler(),20,,,,"{'Classifier__SVC__C': 1000, 'Classifier__SVC__kernel': 'linear', 'Scaler': MinMaxScaler(), 'Selector__max_features': 20}",0.28019323671497587,0.2995169082125604,0.33495145631067963,0.3048872004127386,0.0226751800001573,17
43,0.2424765427907308,0.004781102218661533,0.00772706667582194,0.0009000958768850321,1000.0,linear,MinMaxScaler(),24,,,,"{'Classifier__SVC__C': 1000, 'Classifier__SVC__kernel': 'linear', 'Scaler': MinMaxScaler(), 'Selector__max_features': 24}",0.3188405797101449,0.3188405797101449,0.2766990291262136,0.3047933961821678,0.019865717458409166,22
44,0.049728711446126304,0.0015316898534382954,0.016867319742838543,0.0007690321104705022,10.0,rbf,MinMaxScaler(),2,0.001,,,"{'Classifier__SVC__C': 10, 'Classifier__SVC__gamma': 0.001, 'Classifier__SVC__kernel': 'rbf', 'Scaler': MinMaxScaler(), 'Selector__max_features': 2}",0.21256038647342995,0.21256038647342995,0.09223300970873786,0.17245126088519924,0.05672286938180159,326
45,0.05294140179951986,0.0020072134392032813,0.016918659210205078,0.0008740546291043337,10.0,rbf,MinMaxScaler(),4,0.001,,,"{'Classifier__SVC__C': 10, 'Classifier__SVC__gamma': 0.001, 'Classifier__SVC__kernel': 'rbf', 'Scaler': MinMaxScaler(), 'Selector__max_features': 4}",0.21256038647342995,0.21256038647342995,0.09223300970873786,0.17245126088519924,0.05672286938180159,326
46,0.0543831984202067,0.0015115750742671855,0.018096288045247395,0.0005061125102835564,10.0,rbf,MinMaxScaler(),6,0.001,,,"{'Classifier__SVC__C': 10, 'Classifier__SVC__gamma': 0.001, 'Classifier__SVC__kernel': 'rbf', 'Scaler': MinMaxScaler(), 'Selector__max_features': 6}",0.21256038647342995,0.21256038647342995,0.09223300970873786,0.17245126088519924,0.05672286938180159,326
47,0.05010763804117838,0.004677225643549216,0.016213496526082356,0.0005325634358698074,10.0,rbf,MinMaxScaler(),8,0.001,,,"{'Classifier__SVC__C': 10, 'Classifier__SVC__gamma': 0.001, 'Classifier__SVC__kernel': 'rbf', 'Scaler': MinMaxScaler(), 'Selector__max_features': 8}",0.21256038647342995,0.21256038647342995,0.09223300970873786,0.17245126088519924,0.05672286938180159,326
48,0.0524754524230957,0.0013881798054089405,0.019313653310139973,0.0015808166728960653,10.0,rbf,MinMaxScaler(),10,0.001,,,"{'Classifier__SVC__C': 10, 'Classifier__SVC__gamma': 0.001, 'Classifier__SVC__kernel': 'rbf', 'Scaler': MinMaxScaler(), 'Selector__max_features': 10}",0.21256038647342995,0.21256038647342995,0.09223300970873786,0.17245126088519924,0.05672286938180159,326
49,0.04809776941935221,0.0004234657766467505,0.017722288767496746,0.0007328933949892259,10.0,rbf,MinMaxScaler(),12,0.001,,,"{'Classifier__SVC__C': 10, 'Classifier__SVC__gamma': 0.001, 'Classifier__SVC__kernel': 'rbf', 'Scaler': MinMaxScaler(), 'Selector__max_features': 12}",0.21256038647342995,0.21256038647342995,0.09223300970873786,0.17245126088519924,0.05672286938180159,326
50,0.05132746696472168,0.0014923996023018984,0.04022026062011719,0.015434156832224266,10.0,rbf,MinMaxScaler(),14,0.001,,,"{'Classifier__SVC__C': 10, 'Classifier__SVC__gamma': 0.001, 'Classifier__SVC__kernel': 'rbf', 'Scaler': MinMaxScaler(), 'Selector__max_features': 14}",0.21256038647342995,0.21256038647342995,0.09223300970873786,0.17245126088519924,0.05672286938180159,326
51,0.046589056650797524,0.00583305740663138,0.01729242006937663,0.0014594476795575049,10.0,rbf,MinMaxScaler(),16,0.001,,,"{'Classifier__SVC__C': 10, 'Classifier__SVC__gamma': 0.001, 'Classifier__SVC__kernel': 'rbf', 'Scaler': MinMaxScaler(), 'Selector__max_features': 16}",0.21256038647342995,0.20772946859903382,0.09223300970873786,0.1708409549270672,0.055619188717942726,342
52,0.05106441179911295,0.003856748235031627,0.018039941787719727,0.001205176981343718,10.0,rbf,MinMaxScaler(),18,0.001,,,"{'Classifier__SVC__C': 10, 'Classifier__SVC__gamma': 0.001, 'Classifier__SVC__kernel': 'rbf', 'Scaler': MinMaxScaler(), 'Selector__max_features': 18}",0.21256038647342995,0.21739130434782608,0.0970873786407767,0.17567968982067758,0.055608140736922496,313
53,0.04718287785847982,0.0024484143771189774,0.016273021697998047,0.0004152429008694289,10.0,rbf,MinMaxScaler(),20,0.001,,,"{'Classifier__SVC__C': 10, 'Classifier__SVC__gamma': 0.001, 'Classifier__SVC__kernel': 'rbf', 'Scaler': MinMaxScaler(), 'Selector__max_features': 20}",0.21256038647342995,0.21739130434782608,0.0970873786407767,0.17567968982067758,0.055608140736922496,313
54,0.052213589350382485,0.004217446326553883,0.018471717834472656,0.0006876236518389302,10.0,rbf,MinMaxScaler(),24,0.001,,,"{'Classifier__SVC__C': 10, 'Classifier__SVC__gamma': 0.001, 'Classifier__SVC__kernel': 'rbf', 'Scaler': MinMaxScaler(), 'Selector__max_features': 24}",0.21256038647342995,0.2608695652173913,0.09223300970873786,0.18855432046651968,0.07090740613552243,266
55,0.04599952697753906,0.0024971576368651885,0.015205462773640951,0.0007243996456295495,10.0,rbf,MinMaxScaler(),2,0.01,,,"{'Classifier__SVC__C': 10, 'Classifier__SVC__gamma': 0.01, 'Classifier__SVC__kernel': 'rbf', 'Scaler': MinMaxScaler(), 'Selector__max_features': 2}",0.2318840579710145,0.2222222222222222,0.07766990291262135,0.1772587277019527,0.07053031634079661,310
56,0.044068495432535805,0.005444683772493116,0.015407482782999674,7.912583881167105e-05,10.0,rbf,MinMaxScaler(),4,0.01,,,"{'Classifier__SVC__C': 10, 'Classifier__SVC__gamma': 0.01, 'Classifier__SVC__kernel': 'rbf', 'Scaler': MinMaxScaler(), 'Selector__max_features': 4}",0.2560386473429952,0.1932367149758454,0.12135922330097088,0.19021152853993714,0.055024240899212484,263
57,0.0382681687672933,0.002407963852094991,0.015253623326619467,0.0007192438608893163,10.0,rbf,MinMaxScaler(),6,0.01,,,"{'Classifier__SVC__C': 10, 'Classifier__SVC__gamma': 0.01, 'Classifier__SVC__kernel': 'rbf', 'Scaler': MinMaxScaler(), 'Selector__max_features': 6}",0.2463768115942029,0.2028985507246377,0.16990291262135923,0.20639275831339995,0.031317954605755025,194
58,0.040152390797932945,0.004179755979445284,0.01620650291442871,0.0007097574405907617,10.0,rbf,MinMaxScaler(),8,0.01,,,"{'Classifier__SVC__C': 10, 'Classifier__SVC__gamma': 0.01, 'Classifier__SVC__kernel': 'rbf', 'Scaler': MinMaxScaler(), 'Selector__max_features': 8}",0.28019323671497587,0.19806763285024154,0.19902912621359223,0.22576333192626988,0.0384897563762329,175
59,0.04113936424255371,0.003871687775002088,0.016492525736490887,0.0007921490768047414,10.0,rbf,MinMaxScaler(),10,0.01,,,"{'Classifier__SVC__C': 10, 'Classifier__SVC__gamma': 0.01, 'Classifier__SVC__kernel': 'rbf', 'Scaler': MinMaxScaler(), 'Selector__max_features': 10}",0.27053140096618356,0.2560386473429952,0.23300970873786409,0.2531932523490143,0.015449736813788797,126
60,0.037682135899861656,0.004481753251680799,0.016040325164794922,0.00047457432273280214,10.0,rbf,MinMaxScaler(),12,0.01,,,"{'Classifier__SVC__C': 10, 'Classifier__SVC__gamma': 0.01, 'Classifier__SVC__kernel': 'rbf', 'Scaler': MinMaxScaler(), 'Selector__max_features': 12}",0.26570048309178745,0.2560386473429952,0.22330097087378642,0.2483467004361897,0.018143946547796427,137
61,0.04142538706461588,0.00318712814268201,0.04184412956237793,0.014757070298048841,10.0,rbf,MinMaxScaler(),14,0.01,,,"{'Classifier__SVC__C': 10, 'Classifier__SVC__gamma': 0.01, 'Classifier__SVC__kernel': 'rbf', 'Scaler': MinMaxScaler(), 'Selector__max_features': 14}",0.25120772946859904,0.2753623188405797,0.21359223300970873,0.24672076043962918,0.025416340468138385,141
62,0.03914626439412435,0.0017162017452888373,0.016599655151367188,0.0007672738345225684,10.0,rbf,MinMaxScaler(),16,0.01,,,"{'Classifier__SVC__C': 10, 'Classifier__SVC__gamma': 0.01, 'Classifier__SVC__kernel': 'rbf', 'Scaler': MinMaxScaler(), 'Selector__max_features': 16}",0.2463768115942029,0.27053140096618356,0.23786407766990292,0.25159076341009645,0.013836605387877829,131
63,0.04337914784749349,0.001024175940852905,0.016821940739949543,0.0005612734693225952,10.0,rbf,MinMaxScaler(),18,0.01,,,"{'Classifier__SVC__C': 10, 'Classifier__SVC__gamma': 0.01, 'Classifier__SVC__kernel': 'rbf', 'Scaler': MinMaxScaler(), 'Selector__max_features': 18}",0.2318840579710145,0.26570048309178745,0.25728155339805825,0.2516220314869534,0.014373825591073938,128
64,0.040585835774739586,0.003500488352497439,0.01651914914449056,0.0005353383028947965,10.0,rbf,MinMaxScaler(),20,0.01,,,"{'Classifier__SVC__C': 10, 'Classifier__SVC__gamma': 0.01, 'Classifier__SVC__kernel': 'rbf', 'Scaler': MinMaxScaler(), 'Selector__max_features': 20}",0.22705314009661837,0.28019323671497587,0.24757281553398058,0.2516063974485249,0.02188103904370322,129
65,0.04050715764363607,0.0018468963086914177,0.01700003941853841,0.0005816423526489155,10.0,rbf,MinMaxScaler(),24,0.01,,,"{'Classifier__SVC__C': 10, 'Classifier__SVC__gamma': 0.01, 'Classifier__SVC__kernel': 'rbf', 'Scaler': MinMaxScaler(), 'Selector__max_features': 24}",0.23671497584541062,0.2946859903381642,0.28640776699029125,0.27260291105795537,0.025600653192372178,81
66,0.040825446446736656,0.00184237924047732,0.01742442448933919,0.000819556165909481,10.0,rbf,MinMaxScaler(),2,0.1,,,"{'Classifier__SVC__C': 10, 'Classifier__SVC__gamma': 0.1, 'Classifier__SVC__kernel': 'rbf', 'Scaler': MinMaxScaler(), 'Selector__max_features': 2}",0.16908212560386474,0.2028985507246377,0.11650485436893204,0.16282851023247816,0.035546199716335346,372
67,0.04056843121846517,0.00039629276759843297,0.017316897710164387,0.00042867122743896923,10.0,rbf,MinMaxScaler(),4,0.1,,,"{'Classifier__SVC__C': 10, 'Classifier__SVC__gamma': 0.1, 'Classifier__SVC__kernel': 'rbf', 'Scaler': MinMaxScaler(), 'Selector__max_features': 4}",0.19806763285024154,0.2318840579710145,0.22815533980582525,0.2193690102090271,0.015139074010099155,185
68,0.04075829188028971,0.002569123989654901,0.01663096745808919,0.0012780556315986108,10.0,rbf,MinMaxScaler(),6,0.1,,,"{'Classifier__SVC__C': 10, 'Classifier__SVC__gamma': 0.1, 'Classifier__SVC__kernel': 'rbf', 'Scaler': MinMaxScaler(), 'Selector__max_features': 6}",0.2028985507246377,0.24154589371980675,0.2766990291262136,0.240381157856886,0.030140173747543297,149
69,0.03706057866414388,0.001239483785485889,0.016620397567749023,0.0016408645387101474,10.0,rbf,MinMaxScaler(),8,0.1,,,"{'Classifier__SVC__C': 10, 'Classifier__SVC__gamma': 0.1, 'Classifier__SVC__kernel': 'rbf', 'Scaler': MinMaxScaler(), 'Selector__max_features': 8}",0.25120772946859904,0.27053140096618356,0.24271844660194175,0.25481919234557476,0.011638215948637481,120
70,0.03923670450846354,0.00225170409772393,0.016742467880249023,4.3832722451329795e-05,10.0,rbf,MinMaxScaler(),10,0.1,,,"{'Classifier__SVC__C': 10, 'Classifier__SVC__gamma': 0.1, 'Classifier__SVC__kernel': 'rbf', 'Scaler': MinMaxScaler(), 'Selector__max_features': 10}",0.2608695652173913,0.27053140096618356,0.2621359223300971,0.26451229617122396,0.004287433730003233,101
71,0.03730980555216471,0.001514187772003487,0.016758282979329426,0.0012699468409925955,10.0,rbf,MinMaxScaler(),12,0.1,,,"{'Classifier__SVC__C': 10, 'Classifier__SVC__gamma': 0.1, 'Classifier__SVC__kernel': 'rbf', 'Scaler': MinMaxScaler(), 'Selector__max_features': 12}",0.25120772946859904,0.2995169082125604,0.2815533980582524,0.27742601191313726,0.019936911747178362,73
72,0.03878068923950195,0.001698741338382748,0.016721804936726887,0.0009492074611462474,10.0,rbf,MinMaxScaler(),14,0.1,,,"{'Classifier__SVC__C': 10, 'Classifier__SVC__gamma': 0.1, 'Classifier__SVC__kernel': 'rbf', 'Scaler': MinMaxScaler(), 'Selector__max_features': 14}",0.2463768115942029,0.3140096618357488,0.28640776699029125,0.2822647468067477,0.027765975223040886,60
73,0.038200696309407554,0.0008382324896316824,0.015994866689046223,0.0003305174288744799,10.0,rbf,MinMaxScaler(),16,0.1,,,"{'Classifier__SVC__C': 10, 'Classifier__SVC__gamma': 0.1, 'Classifier__SVC__kernel': 'rbf', 'Scaler': MinMaxScaler(), 'Selector__max_features': 16}",0.27053140096618356,0.3333333333333333,0.3300970873786408,0.3113206072260526,0.028872568670538227,7
74,0.037815491358439125,0.002915537299487341,0.016474167505900066,0.0002500575107144086,10.0,rbf,MinMaxScaler(),18,0.1,,,"{'Classifier__SVC__C': 10, 'Classifier__SVC__gamma': 0.1, 'Classifier__SVC__kernel': 'rbf', 'Scaler': MinMaxScaler(), 'Selector__max_features': 18}",0.2995169082125604,0.28019323671497587,0.3300970873786408,0.30326907743539233,0.020545196651495262,25
75,0.037692864735921226,0.0010584845933232724,0.017074982325236004,0.0003124641611696554,10.0,rbf,MinMaxScaler(),20,0.1,,,"{'Classifier__SVC__C': 10, 'Classifier__SVC__gamma': 0.1, 'Classifier__SVC__kernel': 'rbf', 'Scaler': MinMaxScaler(), 'Selector__max_features': 20}",0.2946859903381642,0.3188405797101449,0.30097087378640774,0.304832481278239,0.010232140742059654,19
76,0.03774110476175944,0.002120635129140001,0.016713778177897137,0.00033210543245200847,10.0,rbf,MinMaxScaler(),24,0.1,,,"{'Classifier__SVC__C': 10, 'Classifier__SVC__gamma': 0.1, 'Classifier__SVC__kernel': 'rbf', 'Scaler': MinMaxScaler(), 'Selector__max_features': 24}",0.3140096618357488,0.30434782608695654,0.2961165048543689,0.30482466425902477,0.007312628240326546,20
77,0.044416348139444985,0.0015578619802188677,0.01625506083170573,0.00115788043420107,100.0,rbf,MinMaxScaler(),2,0.001,,,"{'Classifier__SVC__C': 100, 'Classifier__SVC__gamma': 0.001, 'Classifier__SVC__kernel': 'rbf', 'Scaler': MinMaxScaler(), 'Selector__max_features': 2}",0.1111111111111111,0.1932367149758454,0.22815533980582525,0.17750105529759394,0.0490614995477951,307
78,0.04268360137939453,0.0015831305795679248,0.015363931655883789,0.0007960931189965038,100.0,rbf,MinMaxScaler(),4,0.001,,,"{'Classifier__SVC__C': 100, 'Classifier__SVC__gamma': 0.001, 'Classifier__SVC__kernel': 'rbf', 'Scaler': MinMaxScaler(), 'Selector__max_features': 4}",0.21256038647342995,0.1932367149758454,0.20388349514563106,0.2032268655316355,0.007902507697945099,196
79,0.040270090103149414,0.0029922197722054887,0.015564839045206705,0.0004196941028595248,100.0,rbf,MinMaxScaler(),6,0.001,,,"{'Classifier__SVC__C': 100, 'Classifier__SVC__gamma': 0.001, 'Classifier__SVC__kernel': 'rbf', 'Scaler': MinMaxScaler(), 'Selector__max_features': 6}",0.2028985507246377,0.22705314009661837,0.1650485436893204,0.1983334115035255,0.025518266215779368,212
80,0.04067556063334147,0.0036282948288345798,0.01568007469177246,0.00016046627221485602,100.0,rbf,MinMaxScaler(),8,0.001,,,"{'Classifier__SVC__C': 100, 'Classifier__SVC__gamma': 0.001, 'Classifier__SVC__kernel': 'rbf', 'Scaler': MinMaxScaler(), 'Selector__max_features': 8}",0.20772946859903382,0.28019323671497587,0.18446601941747573,0.22412957491049515,0.04076475314248105,179
81,0.04255843162536621,0.003317989929944827,0.016942739486694336,0.000744611110142376,100.0,rbf,MinMaxScaler(),10,0.001,,,"{'Classifier__SVC__C': 100, 'Classifier__SVC__gamma': 0.001, 'Classifier__SVC__kernel': 'rbf', 'Scaler': MinMaxScaler(), 'Selector__max_features': 10}",0.21739130434782608,0.27053140096618356,0.2087378640776699,0.2322201897972265,0.027319494664086844,169
82,0.040742953618367515,0.0021727592034516212,0.017170826594034832,0.001728405501846513,100.0,rbf,MinMaxScaler(),12,0.001,,,"{'Classifier__SVC__C': 100, 'Classifier__SVC__gamma': 0.001, 'Classifier__SVC__kernel': 'rbf', 'Scaler': MinMaxScaler(), 'Selector__max_features': 12}",0.24154589371980675,0.2608695652173913,0.21359223300970873,0.23866923064896894,0.019407780707510695,155
83,0.044919331868489586,0.007647383870322416,0.0802775224049886,0.031581230999018564,100.0,rbf,MinMaxScaler(),14,0.001,,,"{'Classifier__SVC__C': 100, 'Classifier__SVC__gamma': 0.001, 'Classifier__SVC__kernel': 'rbf', 'Scaler': MinMaxScaler(), 'Selector__max_features': 14}",0.2608695652173913,0.2753623188405797,0.18446601941747573,0.24023263449181556,0.03987435679341467,150
84,0.03872021039326986,0.0025099727888829465,0.016477584838867188,0.002452739689102482,100.0,rbf,MinMaxScaler(),16,0.001,,,"{'Classifier__SVC__C': 100, 'Classifier__SVC__gamma': 0.001, 'Classifier__SVC__kernel': 'rbf', 'Scaler': MinMaxScaler(), 'Selector__max_features': 16}",0.30917874396135264,0.27053140096618356,0.22815533980582525,0.26928849491112045,0.033089339842651916,89
85,0.043951193491617836,0.003767313021480513,0.019093751907348633,0.0018929272879432079,100.0,rbf,MinMaxScaler(),18,0.001,,,"{'Classifier__SVC__C': 100, 'Classifier__SVC__gamma': 0.001, 'Classifier__SVC__kernel': 'rbf', 'Scaler': MinMaxScaler(), 'Selector__max_features': 18}",0.30434782608695654,0.26570048309178745,0.2524271844660194,0.2741584978815878,0.022024104480028363,80
86,0.0438989003499349,0.0010618259606243715,0.01717996597290039,0.002026876377815007,100.0,rbf,MinMaxScaler(),20,0.001,,,"{'Classifier__SVC__C': 100, 'Classifier__SVC__gamma': 0.001, 'Classifier__SVC__kernel': 'rbf', 'Scaler': MinMaxScaler(), 'Selector__max_features': 20}",0.30434782608695654,0.28019323671497587,0.2621359223300971,0.2822256617106765,0.01729275895120947,61
87,0.04577104250590006,0.0014322881438641414,0.020592212677001953,0.0034438859601831216,100.0,rbf,MinMaxScaler(),24,0.001,,,"{'Classifier__SVC__C': 100, 'Classifier__SVC__gamma': 0.001, 'Classifier__SVC__kernel': 'rbf', 'Scaler': MinMaxScaler(), 'Selector__max_features': 24}",0.2898550724637681,0.2946859903381642,0.27184466019417475,0.285461907665369,0.009828750798757026,57
88,0.03903611501057943,0.0008917166440396536,0.01731411616007487,0.0028834070532579217,100.0,rbf,MinMaxScaler(),2,0.01,,,"{'Classifier__SVC__C': 100, 'Classifier__SVC__gamma': 0.01, 'Classifier__SVC__kernel': 'rbf', 'Scaler': MinMaxScaler(), 'Selector__max_features': 2}",0.178743961352657,0.23671497584541062,0.12135922330097088,0.17893938683301283,0.047093991510682005,302
89,0.03882392247517904,0.001061222393474759,0.01905965805053711,0.0044535001813893835,100.0,rbf,MinMaxScaler(),4,0.01,,,"{'Classifier__SVC__C': 100, 'Classifier__SVC__gamma': 0.01, 'Classifier__SVC__kernel': 'rbf', 'Scaler': MinMaxScaler(), 'Selector__max_features': 4}",0.22705314009661837,0.2318840579710145,0.24271844660194175,0.23388521488985822,0.00655000909601449,163
90,0.03984483083089193,0.0032652315909697176,0.017088969548543293,0.0013601911556050264,100.0,rbf,MinMaxScaler(),6,0.01,,,"{'Classifier__SVC__C': 100, 'Classifier__SVC__gamma': 0.01, 'Classifier__SVC__kernel': 'rbf', 'Scaler': MinMaxScaler(), 'Selector__max_features': 6}",0.2318840579710145,0.2463768115942029,0.27184466019417475,0.25003517658646407,0.016517670504076563,134
91,0.04141680399576823,0.0033994046541874364,0.0175778865814209,0.0014383518809801543,100.0,rbf,MinMaxScaler(),8,0.01,,,"{'Classifier__SVC__C': 100, 'Classifier__SVC__gamma': 0.01, 'Classifier__SVC__kernel': 'rbf', 'Scaler': MinMaxScaler(), 'Selector__max_features': 8}",0.25120772946859904,0.26570048309178745,0.24271844660194175,0.25320888638744277,0.009488483267116576,124
92,0.047451416651407875,0.011431353361021671,0.0214846134185791,0.0019203449675954509,100.0,rbf,MinMaxScaler(),10,0.01,,,"{'Classifier__SVC__C': 100, 'Classifier__SVC__gamma': 0.01, 'Classifier__SVC__kernel': 'rbf', 'Scaler': MinMaxScaler(), 'Selector__max_features': 10}",0.26570048309178745,0.2463768115942029,0.2815533980582524,0.26454356424808095,0.014384063049636568,98
93,0.042908271153767906,0.001867571211425899,0.021728118260701496,0.0023524997743348407,100.0,rbf,MinMaxScaler(),12,0.01,,,"{'Classifier__SVC__C': 100, 'Classifier__SVC__gamma': 0.01, 'Classifier__SVC__kernel': 'rbf', 'Scaler': MinMaxScaler(), 'Selector__max_features': 12}",0.25120772946859904,0.2995169082125604,0.28640776699029125,0.2790441348904836,0.02039790015344701,67
94,0.04472502072652181,0.0023178295350958582,0.021862268447875977,0.0036623826614124656,100.0,rbf,MinMaxScaler(),14,0.01,,,"{'Classifier__SVC__C': 100, 'Classifier__SVC__gamma': 0.01, 'Classifier__SVC__kernel': 'rbf', 'Scaler': MinMaxScaler(), 'Selector__max_features': 14}",0.24154589371980675,0.2995169082125604,0.2912621359223301,0.27744164595156573,0.02560487046903071,70
95,0.04370260238647461,0.0033498846549392404,0.027172565460205078,0.007478492717105257,100.0,rbf,MinMaxScaler(),16,0.01,,,"{'Classifier__SVC__C': 100, 'Classifier__SVC__gamma': 0.01, 'Classifier__SVC__kernel': 'rbf', 'Scaler': MinMaxScaler(), 'Selector__max_features': 16}",0.27053140096618356,0.3140096618357488,0.3446601941747573,0.3097337523255632,0.030413615889864676,8
96,0.04793341954549154,0.004133274952140274,0.022827704747517902,0.0021156110497546543,100.0,rbf,MinMaxScaler(),18,0.01,,,"{'Classifier__SVC__C': 100, 'Classifier__SVC__gamma': 0.01, 'Classifier__SVC__kernel': 'rbf', 'Scaler': MinMaxScaler(), 'Selector__max_features': 18}",0.26570048309178745,0.28502415458937197,0.3592233009708738,0.30331597955067774,0.040311888331876114,23
97,0.04092844327290853,0.00033412305149112855,0.02146426836649577,0.0028644913890650396,100.0,rbf,MinMaxScaler(),20,0.01,,,"{'Classifier__SVC__C': 100, 'Classifier__SVC__gamma': 0.01, 'Classifier__SVC__kernel': 'rbf', 'Scaler': MinMaxScaler(), 'Selector__max_features': 20}",0.28019323671497587,0.3188405797101449,0.3058252427184466,0.30161968638118913,0.01605551428068552,27
98,0.04193234443664551,0.0006460244302714168,0.019617478052775066,0.0018437362844510973,100.0,rbf,MinMaxScaler(),24,0.01,,,"{'Classifier__SVC__C': 100, 'Classifier__SVC__gamma': 0.01, 'Classifier__SVC__kernel': 'rbf', 'Scaler': MinMaxScaler(), 'Selector__max_features': 24}",0.2898550724637681,0.2995169082125604,0.2766990291262136,0.28869033660084736,0.009351697126638425,54
99,0.04735334714253744,0.0013193066710975021,0.018592278162638348,0.00300400132346773,100.0,rbf,MinMaxScaler(),2,0.1,,,"{'Classifier__SVC__C': 100, 'Classifier__SVC__gamma': 0.1, 'Classifier__SVC__kernel': 'rbf', 'Scaler': MinMaxScaler(), 'Selector__max_features': 2}",0.23671497584541062,0.1932367149758454,0.13592233009708737,0.18862467363944782,0.04127745593907346,265
100,0.04424571990966797,0.003440123939759244,0.020522435506184895,0.001602964562000465,100.0,rbf,MinMaxScaler(),4,0.1,,,"{'Classifier__SVC__C': 100, 'Classifier__SVC__gamma': 0.1, 'Classifier__SVC__kernel': 'rbf', 'Scaler': MinMaxScaler(), 'Selector__max_features': 4}",0.2463768115942029,0.2560386473429952,0.22330097087378642,0.2419054766036615,0.013733984432758433,147
101,0.044941345850626625,0.003149371371137874,0.018216689427693684,0.0027101337992540067,100.0,rbf,MinMaxScaler(),6,0.1,,,"{'Classifier__SVC__C': 100, 'Classifier__SVC__gamma': 0.1, 'Classifier__SVC__kernel': 'rbf', 'Scaler': MinMaxScaler(), 'Selector__max_features': 6}",0.17391304347826086,0.25120772946859904,0.2621359223300971,0.229085565092319,0.039267133888659,173
102,0.05054903030395508,0.0026001896861983192,0.03548494974772135,0.007228752095428641,100.0,rbf,MinMaxScaler(),8,0.1,,,"{'Classifier__SVC__C': 100, 'Classifier__SVC__gamma': 0.1, 'Classifier__SVC__kernel': 'rbf', 'Scaler': MinMaxScaler(), 'Selector__max_features': 8}",0.21256038647342995,0.30434782608695654,0.24757281553398058,0.254827009364789,0.03782151956935718,119
103,0.04768522580464681,0.00230563304062262,0.024386167526245117,0.003581565588910436,100.0,rbf,MinMaxScaler(),10,0.1,,,"{'Classifier__SVC__C': 100, 'Classifier__SVC__gamma': 0.1, 'Classifier__SVC__kernel': 'rbf', 'Scaler': MinMaxScaler(), 'Selector__max_features': 10}",0.23671497584541062,0.30917874396135264,0.2621359223300971,0.2693432140456201,0.030018974141862775,88
104,0.04845507939656576,0.015360590362646798,0.021639267603556316,0.005888191342792402,100.0,rbf,MinMaxScaler(),12,0.1,,,"{'Classifier__SVC__C': 100, 'Classifier__SVC__gamma': 0.1, 'Classifier__SVC__kernel': 'rbf', 'Scaler': MinMaxScaler(), 'Selector__max_features': 12}",0.25120772946859904,0.2946859903381642,0.25728155339805825,0.26772509106827386,0.019224817317942622,92
105,0.05247974395751953,0.004683749874149596,0.02698381741841634,0.006140163540946146,100.0,rbf,MinMaxScaler(),14,0.1,,,"{'Classifier__SVC__C': 100, 'Classifier__SVC__gamma': 0.1, 'Classifier__SVC__kernel': 'rbf', 'Scaler': MinMaxScaler(), 'Selector__max_features': 14}",0.2463768115942029,0.3140096618357488,0.2961165048543689,0.2855009927614402,0.028613137200654063,55
106,0.04302978515625,0.005511503438150967,0.02508091926574707,0.011943481438221524,100.0,rbf,MinMaxScaler(),16,0.1,,,"{'Classifier__SVC__C': 100, 'Classifier__SVC__gamma': 0.1, 'Classifier__SVC__kernel': 'rbf', 'Scaler': MinMaxScaler(), 'Selector__max_features': 16}",0.28502415458937197,0.2898550724637681,0.3155339805825243,0.29680440254522145,0.013389853421374774,39
107,0.052742958068847656,0.008856232331353206,0.02063123385111491,0.0030589776165115745,100.0,rbf,MinMaxScaler(),18,0.1,,,"{'Classifier__SVC__C': 100, 'Classifier__SVC__gamma': 0.1, 'Classifier__SVC__kernel': 'rbf', 'Scaler': MinMaxScaler(), 'Selector__max_features': 18}",0.28502415458937197,0.30917874396135264,0.33980582524271846,0.31133624126448106,0.022416496244993117,6
108,0.0522164503733317,0.006130003253812593,0.02141706148783366,0.0013159646797514617,100.0,rbf,MinMaxScaler(),20,0.1,,,"{'Classifier__SVC__C': 100, 'Classifier__SVC__gamma': 0.1, 'Classifier__SVC__kernel': 'rbf', 'Scaler': MinMaxScaler(), 'Selector__max_features': 20}",0.2898550724637681,0.30434782608695654,0.33495145631067963,0.30971811828713475,0.018798067059380804,11
109,0.06361269950866699,0.0019745400468772754,0.02574324607849121,0.0031032610674673585,100.0,rbf,MinMaxScaler(),24,0.1,,,"{'Classifier__SVC__C': 100, 'Classifier__SVC__gamma': 0.1, 'Classifier__SVC__kernel': 'rbf', 'Scaler': MinMaxScaler(), 'Selector__max_features': 24}",0.3333333333333333,0.3188405797101449,0.28640776699029125,0.3128605600112565,0.019618404128999734,4
110,0.06888198852539062,0.004855434845027351,0.02812846501668294,0.005558363304479828,1000.0,rbf,MinMaxScaler(),2,0.001,,,"{'Classifier__SVC__C': 1000, 'Classifier__SVC__gamma': 0.001, 'Classifier__SVC__kernel': 'rbf', 'Scaler': MinMaxScaler(), 'Selector__max_features': 2}",0.18357487922705315,0.23671497584541062,0.12135922330097088,0.18054969279114488,0.0471423463282748,293
111,0.07005198796590169,0.0063673276008575815,0.032511631647745766,0.009771356974829871,1000.0,rbf,MinMaxScaler(),4,0.001,,,"{'Classifier__SVC__C': 1000, 'Classifier__SVC__gamma': 0.001, 'Classifier__SVC__kernel': 'rbf', 'Scaler': MinMaxScaler(), 'Selector__max_features': 4}",0.22705314009661837,0.2318840579710145,0.24757281553398058,0.23550333786720448,0.008759324945028405,161
112,0.07453425725301106,0.011858286627309427,0.040303707122802734,0.011465789046838142,1000.0,rbf,MinMaxScaler(),6,0.001,,,"{'Classifier__SVC__C': 1000, 'Classifier__SVC__gamma': 0.001, 'Classifier__SVC__kernel': 'rbf', 'Scaler': MinMaxScaler(), 'Selector__max_features': 6}",0.2318840579710145,0.2463768115942029,0.27184466019417475,0.25003517658646407,0.016517670504076563,134
113,0.07466713587443034,0.014832887122293017,0.03244344393412272,0.012826778309358354,1000.0,rbf,MinMaxScaler(),8,0.001,,,"{'Classifier__SVC__C': 1000, 'Classifier__SVC__gamma': 0.001, 'Classifier__SVC__kernel': 'rbf', 'Scaler': MinMaxScaler(), 'Selector__max_features': 8}",0.25120772946859904,0.26570048309178745,0.24271844660194175,0.25320888638744277,0.009488483267116576,124
114,0.058132012685139976,0.00599791590968863,0.026414155960083008,0.0018858944369998213,1000.0,rbf,MinMaxScaler(),10,0.001,,,"{'Classifier__SVC__C': 1000, 'Classifier__SVC__gamma': 0.001, 'Classifier__SVC__kernel': 'rbf', 'Scaler': MinMaxScaler(), 'Selector__max_features': 10}",0.26570048309178745,0.2463768115942029,0.2815533980582524,0.26454356424808095,0.014384063049636568,98
115,0.060501654942830406,0.004537971182033923,0.027219454447428387,0.0038918079929065826,1000.0,rbf,MinMaxScaler(),12,0.001,,,"{'Classifier__SVC__C': 1000, 'Classifier__SVC__gamma': 0.001, 'Classifier__SVC__kernel': 'rbf', 'Scaler': MinMaxScaler(), 'Selector__max_features': 12}",0.25120772946859904,0.2946859903381642,0.28640776699029125,0.2774338289323515,0.018850083381978185,72
116,0.05800787607828776,0.0024843932128454575,0.023212114969889324,0.0017829946187691845,1000.0,rbf,MinMaxScaler(),14,0.001,,,"{'Classifier__SVC__C': 1000, 'Classifier__SVC__gamma': 0.001, 'Classifier__SVC__kernel': 'rbf', 'Scaler': MinMaxScaler(), 'Selector__max_features': 14}",0.24154589371980675,0.2995169082125604,0.2912621359223301,0.27744164595156573,0.02560487046903071,70
117,0.07591978708902995,0.013209554415332019,0.026700735092163086,0.006484792355278838,1000.0,rbf,MinMaxScaler(),16,0.001,,,"{'Classifier__SVC__C': 1000, 'Classifier__SVC__gamma': 0.001, 'Classifier__SVC__kernel': 'rbf', 'Scaler': MinMaxScaler(), 'Selector__max_features': 16}",0.2753623188405797,0.30917874396135264,0.3446601941747573,0.3097337523255632,0.028293461048695356,8
118,0.07338356971740723,0.015331212533361076,0.02562371889750163,0.0010041650214858105,1000.0,rbf,MinMaxScaler(),18,0.001,,,"{'Classifier__SVC__C': 1000, 'Classifier__SVC__gamma': 0.001, 'Classifier__SVC__kernel': 'rbf', 'Scaler': MinMaxScaler(), 'Selector__max_features': 18}",0.26570048309178745,0.2898550724637681,0.36893203883495146,0.30816253146350236,0.04408749495082633,13
119,0.0684817632039388,0.004246546777993041,0.03488008181254069,0.015409665452760122,1000.0,rbf,MinMaxScaler(),20,0.001,,,"{'Classifier__SVC__C': 1000, 'Classifier__SVC__gamma': 0.001, 'Classifier__SVC__kernel': 'rbf', 'Scaler': MinMaxScaler(), 'Selector__max_features': 20}",0.27053140096618356,0.3188405797101449,0.30097087378640774,0.2967809514875787,0.01994343291047072,42
120,0.07907764116923015,0.018549048110118,0.048517306645711265,0.017740347162438955,1000.0,rbf,MinMaxScaler(),24,0.001,,,"{'Classifier__SVC__C': 1000, 'Classifier__SVC__gamma': 0.001, 'Classifier__SVC__kernel': 'rbf', 'Scaler': MinMaxScaler(), 'Selector__max_features': 24}",0.2898550724637681,0.30434782608695654,0.2766990291262136,0.2903006425589794,0.011291970388330734,52
121,0.06800317764282227,0.01069940517404167,0.030831257502237957,0.008582484813381999,1000.0,rbf,MinMaxScaler(),2,0.01,,,"{'Classifier__SVC__C': 1000, 'Classifier__SVC__gamma': 0.01, 'Classifier__SVC__kernel': 'rbf', 'Scaler': MinMaxScaler(), 'Selector__max_features': 2}",0.19806763285024154,0.1932367149758454,0.1407766990291262,0.1773603489517377,0.025943618651766566,308
122,0.07111779848734538,0.013611135233141888,0.027200857798258465,0.0012227528025624801,1000.0,rbf,MinMaxScaler(),4,0.01,,,"{'Classifier__SVC__C': 1000, 'Classifier__SVC__gamma': 0.01, 'Classifier__SVC__kernel': 'rbf', 'Scaler': MinMaxScaler(), 'Selector__max_features': 4}",0.24154589371980675,0.24154589371980675,0.22815533980582525,0.2370823757484796,0.006312367650946923,158
123,0.061123053232828774,0.004424388813039324,0.02565876642862956,0.00456231126574661,1000.0,rbf,MinMaxScaler(),6,0.01,,,"{'Classifier__SVC__C': 1000, 'Classifier__SVC__gamma': 0.01, 'Classifier__SVC__kernel': 'rbf', 'Scaler': MinMaxScaler(), 'Selector__max_features': 6}",0.2028985507246377,0.2318840579710145,0.23786407766990292,0.2242155621218517,0.01526982623960267,176
124,0.06668806076049805,0.005761405323015483,0.024291276931762695,0.0005194362281803714,1000.0,rbf,MinMaxScaler(),8,0.01,,,"{'Classifier__SVC__C': 1000, 'Classifier__SVC__gamma': 0.01, 'Classifier__SVC__kernel': 'rbf', 'Scaler': MinMaxScaler(), 'Selector__max_features': 8}",0.2318840579710145,0.30434782608695654,0.23300970873786409,0.2564138642652784,0.03389754459498802,115
125,0.06305344899495442,0.006366179144325591,0.02418820063273112,0.0009201138843293943,1000.0,rbf,MinMaxScaler(),10,0.01,,,"{'Classifier__SVC__C': 1000, 'Classifier__SVC__gamma': 0.01, 'Classifier__SVC__kernel': 'rbf', 'Scaler': MinMaxScaler(), 'Selector__max_features': 10}",0.24154589371980675,0.2898550724637681,0.2815533980582524,0.2709847880806091,0.02109053224195885,85
126,0.0790417989095052,0.013710381495195354,0.02947823206583659,0.009874297704043862,1000.0,rbf,MinMaxScaler(),12,0.01,,,"{'Classifier__SVC__C': 1000, 'Classifier__SVC__gamma': 0.01, 'Classifier__SVC__kernel': 'rbf', 'Scaler': MinMaxScaler(), 'Selector__max_features': 12}",0.24154589371980675,0.3188405797101449,0.2621359223300971,0.2741741319200162,0.03268339015651386,79
127,0.06653873125712077,0.011762731214208377,0.039226134618123375,0.022994160149469912,1000.0,rbf,MinMaxScaler(),14,0.01,,,"{'Classifier__SVC__C': 1000, 'Classifier__SVC__gamma': 0.01, 'Classifier__SVC__kernel': 'rbf', 'Scaler': MinMaxScaler(), 'Selector__max_features': 14}",0.24154589371980675,0.2753623188405797,0.2669902912621359,0.2612995012741741,0.014379996986613632,104
128,0.06908869743347168,0.01365748016791972,0.02171802520751953,0.001741506670697978,1000.0,rbf,MinMaxScaler(),16,0.01,,,"{'Classifier__SVC__C': 1000, 'Classifier__SVC__gamma': 0.01, 'Classifier__SVC__kernel': 'rbf', 'Scaler': MinMaxScaler(), 'Selector__max_features': 16}",0.28019323671497587,0.28019323671497587,0.3155339805825243,0.29197348467082535,0.01665978642728026,48
129,0.07066877683003743,0.01190573562134404,0.026767730712890625,0.005850653085172585,1000.0,rbf,MinMaxScaler(),18,0.01,,,"{'Classifier__SVC__C': 1000, 'Classifier__SVC__gamma': 0.01, 'Classifier__SVC__kernel': 'rbf', 'Scaler': MinMaxScaler(), 'Selector__max_features': 18}",0.28019323671497587,0.27053140096618356,0.32524271844660196,0.2919891187092538,0.023842387871575586,47
130,0.07544724146525066,0.0047164175611944725,0.026141643524169922,0.0033892940068943273,1000.0,rbf,MinMaxScaler(),20,0.01,,,"{'Classifier__SVC__C': 1000, 'Classifier__SVC__gamma': 0.01, 'Classifier__SVC__kernel': 'rbf', 'Scaler': MinMaxScaler(), 'Selector__max_features': 20}",0.2946859903381642,0.2995169082125604,0.33495145631067963,0.30971811828713475,0.017951331477732545,11
131,0.07292453447977702,0.016467435847296485,0.023238420486450195,0.0023489210404288564,1000.0,rbf,MinMaxScaler(),24,0.01,,,"{'Classifier__SVC__C': 1000, 'Classifier__SVC__gamma': 0.01, 'Classifier__SVC__kernel': 'rbf', 'Scaler': MinMaxScaler(), 'Selector__max_features': 24}",0.3188405797101449,0.30917874396135264,0.27184466019417475,0.2999546612885574,0.020264367555783012,33
132,0.07178044319152832,0.013062675164375079,0.029341936111450195,0.006061299273347261,1000.0,rbf,MinMaxScaler(),2,0.1,,,"{'Classifier__SVC__C': 1000, 'Classifier__SVC__gamma': 0.1, 'Classifier__SVC__kernel': 'rbf', 'Scaler': MinMaxScaler(), 'Selector__max_features': 2}",0.21256038647342995,0.24154589371980675,0.13592233009708737,0.19667620343010803,0.04455943410252557,214
133,0.07587909698486328,0.003669828955042123,0.023653427759806316,0.0012319503078731546,1000.0,rbf,MinMaxScaler(),4,0.1,,,"{'Classifier__SVC__C': 1000, 'Classifier__SVC__gamma': 0.1, 'Classifier__SVC__kernel': 'rbf', 'Scaler': MinMaxScaler(), 'Selector__max_features': 4}",0.2608695652173913,0.2463768115942029,0.21844660194174756,0.24189765958444728,0.017606325668473588,148
134,0.10045433044433594,0.014993283584530727,0.02698238690694173,0.0033439591936816147,1000.0,rbf,MinMaxScaler(),6,0.1,,,"{'Classifier__SVC__C': 1000, 'Classifier__SVC__gamma': 0.1, 'Classifier__SVC__kernel': 'rbf', 'Scaler': MinMaxScaler(), 'Selector__max_features': 6}",0.24154589371980675,0.2560386473429952,0.27184466019417475,0.2564764004189922,0.01237329202445682,111
135,0.09101295471191406,0.012415082027842955,0.02744317054748535,0.004619177051737268,1000.0,rbf,MinMaxScaler(),8,0.1,,,"{'Classifier__SVC__C': 1000, 'Classifier__SVC__gamma': 0.1, 'Classifier__SVC__kernel': 'rbf', 'Scaler': MinMaxScaler(), 'Selector__max_features': 8}",0.21739130434782608,0.30434782608695654,0.27184466019417475,0.26452793020965243,0.035874875809232404,100
136,0.11336183547973633,0.020410123021066755,0.03313604990641276,0.012785104654680681,1000.0,rbf,MinMaxScaler(),10,0.1,,,"{'Classifier__SVC__C': 1000, 'Classifier__SVC__gamma': 0.1, 'Classifier__SVC__kernel': 'rbf', 'Scaler': MinMaxScaler(), 'Selector__max_features': 10}",0.2560386473429952,0.27053140096618356,0.24271844660194175,0.2564294983037068,0.011357954069636725,113
137,0.09874669710795085,0.02185254162160627,0.02823948860168457,0.004734786603130144,1000.0,rbf,MinMaxScaler(),12,0.1,,,"{'Classifier__SVC__C': 1000, 'Classifier__SVC__gamma': 0.1, 'Classifier__SVC__kernel': 'rbf', 'Scaler': MinMaxScaler(), 'Selector__max_features': 12}",0.2898550724637681,0.2995169082125604,0.25728155339805825,0.2822178446914622,0.018068420611872013,62
138,0.09704550107320149,0.012475762247970357,0.03938786188761393,0.019085667906755175,1000.0,rbf,MinMaxScaler(),14,0.1,,,"{'Classifier__SVC__C': 1000, 'Classifier__SVC__gamma': 0.1, 'Classifier__SVC__kernel': 'rbf', 'Scaler': MinMaxScaler(), 'Selector__max_features': 14}",0.2995169082125604,0.3188405797101449,0.2815533980582524,0.2999702953269859,0.015225803729019851,31
139,0.10120407740275066,0.02221243980034962,0.02175299326578776,0.0020849913473134393,1000.0,rbf,MinMaxScaler(),16,0.1,,,"{'Classifier__SVC__C': 1000, 'Classifier__SVC__gamma': 0.1, 'Classifier__SVC__kernel': 'rbf', 'Scaler': MinMaxScaler(), 'Selector__max_features': 16}",0.3285024154589372,0.2995169082125604,0.28640776699029125,0.3048090302205963,0.017587775564023116,21
140,0.08276486396789551,0.004669143694324084,0.024337132771809895,0.0017917883657218943,1000.0,rbf,MinMaxScaler(),18,0.1,,,"{'Classifier__SVC__C': 1000, 'Classifier__SVC__gamma': 0.1, 'Classifier__SVC__kernel': 'rbf', 'Scaler': MinMaxScaler(), 'Selector__max_features': 18}",0.30434782608695654,0.30917874396135264,0.3106796116504854,0.30806872723293155,0.0027014786023779867,14
141,0.11724575360616048,0.019820901218935937,0.02685260772705078,0.0040689190777322025,1000.0,rbf,MinMaxScaler(),20,0.1,,,"{'Classifier__SVC__C': 1000, 'Classifier__SVC__gamma': 0.1, 'Classifier__SVC__kernel': 'rbf', 'Scaler': MinMaxScaler(), 'Selector__max_features': 20}",0.28019323671497587,0.30917874396135264,0.2961165048543689,0.29516282851023246,0.011852483045321887,44
142,0.09038058916727702,0.0076035636045115205,0.021417538324991863,0.0007531187253961996,1000.0,rbf,MinMaxScaler(),24,0.1,,,"{'Classifier__SVC__C': 1000, 'Classifier__SVC__gamma': 0.1, 'Classifier__SVC__kernel': 'rbf', 'Scaler': MinMaxScaler(), 'Selector__max_features': 24}",0.30434782608695654,0.2946859903381642,0.3106796116504854,0.3032378093585354,0.006576376080259536,26
143,0.0802613099416097,0.012922185995282852,0.01609667142232259,0.002377782124125979,0.001,poly,MinMaxScaler(),2,0.001,2.0,3.0,"{'Classifier__SVC__C': 0.001, 'Classifier__SVC__coef0': 2, 'Classifier__SVC__degree': 3, 'Classifier__SVC__gamma': 0.001, 'Classifier__SVC__kernel': 'poly', 'Scaler': MinMaxScaler(), 'Selector__max_features': 2}",0.057971014492753624,0.0821256038647343,0.2524271844660194,0.1308412676078358,0.08653790087052843,450
144,0.06658752759297688,0.00928459351904352,0.015275716781616211,0.0022462762787711045,0.001,poly,MinMaxScaler(),4,0.001,2.0,3.0,"{'Classifier__SVC__C': 0.001, 'Classifier__SVC__coef0': 2, 'Classifier__SVC__degree': 3, 'Classifier__SVC__gamma': 0.001, 'Classifier__SVC__kernel': 'poly', 'Scaler': MinMaxScaler(), 'Selector__max_features': 4}",0.07729468599033816,0.0821256038647343,0.2524271844660194,0.13728249144036395,0.08144347606717439,439
145,0.06737852096557617,0.011446057291589852,0.016861518224080402,0.004985038390217009,0.001,poly,MinMaxScaler(),6,0.001,2.0,3.0,"{'Classifier__SVC__C': 0.001, 'Classifier__SVC__coef0': 2, 'Classifier__SVC__degree': 3, 'Classifier__SVC__gamma': 0.001, 'Classifier__SVC__kernel': 'poly', 'Scaler': MinMaxScaler(), 'Selector__max_features': 6}",0.12560386473429952,0.0821256038647343,0.2524271844660194,0.1533855510216844,0.07224736977243304,397
146,0.06429823239644368,0.01296193568388848,0.01972540219624837,0.007251247996070168,0.001,poly,MinMaxScaler(),8,0.001,2.0,3.0,"{'Classifier__SVC__C': 0.001, 'Classifier__SVC__coef0': 2, 'Classifier__SVC__degree': 3, 'Classifier__SVC__gamma': 0.001, 'Classifier__SVC__kernel': 'poly', 'Scaler': MinMaxScaler(), 'Selector__max_features': 8}",0.18840579710144928,0.0821256038647343,0.2524271844660194,0.17431952847740098,0.0702351968348047,315
147,0.08875282605489095,0.0026078415149765988,0.024744113286336262,0.007503444170058516,0.001,poly,MinMaxScaler(),10,0.001,2.0,3.0,"{'Classifier__SVC__C': 0.001, 'Classifier__SVC__coef0': 2, 'Classifier__SVC__degree': 3, 'Classifier__SVC__gamma': 0.001, 'Classifier__SVC__kernel': 'poly', 'Scaler': MinMaxScaler(), 'Selector__max_features': 10}",0.14492753623188406,0.0821256038647343,0.2524271844660194,0.1598267748542126,0.07031902337427531,375
148,0.0745697021484375,0.013522310110763103,0.01997534434000651,0.004760201963222395,0.001,poly,MinMaxScaler(),12,0.001,2.0,3.0,"{'Classifier__SVC__C': 0.001, 'Classifier__SVC__coef0': 2, 'Classifier__SVC__degree': 3, 'Classifier__SVC__gamma': 0.001, 'Classifier__SVC__kernel': 'poly', 'Scaler': MinMaxScaler(), 'Selector__max_features': 12}",0.178743961352657,0.0821256038647343,0.2524271844660194,0.17109891656113688,0.06973517582598834,333
149,0.07564330101013184,0.010091878976002588,0.015447298685709635,0.0006316480890935519,0.001,poly,MinMaxScaler(),14,0.001,2.0,3.0,"{'Classifier__SVC__C': 0.001, 'Classifier__SVC__coef0': 2, 'Classifier__SVC__degree': 3, 'Classifier__SVC__gamma': 0.001, 'Classifier__SVC__kernel': 'poly', 'Scaler': MinMaxScaler(), 'Selector__max_features': 14}",0.20772946859903382,0.0821256038647343,0.2524271844660194,0.1807607523099292,0.07209318429428987,282
150,0.07858705520629883,0.012093779306331437,0.021351973215738933,0.006659854479729579,0.001,poly,MinMaxScaler(),16,0.001,2.0,3.0,"{'Classifier__SVC__C': 0.001, 'Classifier__SVC__coef0': 2, 'Classifier__SVC__degree': 3, 'Classifier__SVC__gamma': 0.001, 'Classifier__SVC__kernel': 'poly', 'Scaler': MinMaxScaler(), 'Selector__max_features': 16}",0.27053140096618356,0.0821256038647343,0.2524271844660194,0.20169472976564576,0.08487057819724578,198
151,0.06959366798400879,0.0014852549542811809,0.015212535858154297,0.00011199533525548363,0.001,poly,MinMaxScaler(),18,0.001,2.0,3.0,"{'Classifier__SVC__C': 0.001, 'Classifier__SVC__coef0': 2, 'Classifier__SVC__degree': 3, 'Classifier__SVC__gamma': 0.001, 'Classifier__SVC__kernel': 'poly', 'Scaler': MinMaxScaler(), 'Selector__max_features': 18}",0.2463768115942029,0.0821256038647343,0.2524271844660194,0.19364319997498555,0.07889352501791616,242
152,0.0858159065246582,0.007244025392373479,0.015021642049153646,0.0022545981998978904,0.001,poly,MinMaxScaler(),20,0.001,2.0,3.0,"{'Classifier__SVC__C': 0.001, 'Classifier__SVC__coef0': 2, 'Classifier__SVC__degree': 3, 'Classifier__SVC__gamma': 0.001, 'Classifier__SVC__kernel': 'poly', 'Scaler': MinMaxScaler(), 'Selector__max_features': 20}",0.25120772946859904,0.0821256038647343,0.2524271844660194,0.1952535059331176,0.07999505583646184,217
153,0.0833597977956136,0.022892182443178134,0.021313905715942383,0.009246985278105616,0.001,poly,MinMaxScaler(),24,0.001,2.0,3.0,"{'Classifier__SVC__C': 0.001, 'Classifier__SVC__coef0': 2, 'Classifier__SVC__degree': 3, 'Classifier__SVC__gamma': 0.001, 'Classifier__SVC__kernel': 'poly', 'Scaler': MinMaxScaler(), 'Selector__max_features': 24}",0.2028985507246377,0.0821256038647343,0.2524271844660194,0.17915044635179714,0.07152452462757791,295
154,0.07343745231628418,0.007053217787585751,0.01646002133687337,0.0018638677496785915,0.001,poly,MinMaxScaler(),2,0.01,2.0,3.0,"{'Classifier__SVC__C': 0.001, 'Classifier__SVC__coef0': 2, 'Classifier__SVC__degree': 3, 'Classifier__SVC__gamma': 0.01, 'Classifier__SVC__kernel': 'poly', 'Scaler': MinMaxScaler(), 'Selector__max_features': 2}",0.057971014492753624,0.0821256038647343,0.2524271844660194,0.1308412676078358,0.08653790087052843,450
155,0.06106853485107422,0.004202210024209623,0.014749368031819662,0.0012725683521402752,0.001,poly,MinMaxScaler(),4,0.01,2.0,3.0,"{'Classifier__SVC__C': 0.001, 'Classifier__SVC__coef0': 2, 'Classifier__SVC__degree': 3, 'Classifier__SVC__gamma': 0.01, 'Classifier__SVC__kernel': 'poly', 'Scaler': MinMaxScaler(), 'Selector__max_features': 4}",0.07729468599033816,0.0821256038647343,0.2524271844660194,0.13728249144036395,0.08144347606717439,439
156,0.07195186614990234,0.0062164527242524956,0.014892498652140299,0.00133945044958956,0.001,poly,MinMaxScaler(),6,0.01,2.0,3.0,"{'Classifier__SVC__C': 0.001, 'Classifier__SVC__coef0': 2, 'Classifier__SVC__degree': 3, 'Classifier__SVC__gamma': 0.01, 'Classifier__SVC__kernel': 'poly', 'Scaler': MinMaxScaler(), 'Selector__max_features': 6}",0.12560386473429952,0.0821256038647343,0.2524271844660194,0.1533855510216844,0.07224736977243304,397
157,0.07369041442871094,0.00048743561413687404,0.016498883565266926,0.0028778749198029876,0.001,poly,MinMaxScaler(),8,0.01,2.0,3.0,"{'Classifier__SVC__C': 0.001, 'Classifier__SVC__coef0': 2, 'Classifier__SVC__degree': 3, 'Classifier__SVC__gamma': 0.01, 'Classifier__SVC__kernel': 'poly', 'Scaler': MinMaxScaler(), 'Selector__max_features': 8}",0.18357487922705315,0.0821256038647343,0.2524271844660194,0.17270922251926893,0.0699485713963841,322
158,0.07121658325195312,0.007452534437212522,0.013849496841430664,0.0002646983152342152,0.001,poly,MinMaxScaler(),10,0.01,2.0,3.0,"{'Classifier__SVC__C': 0.001, 'Classifier__SVC__coef0': 2, 'Classifier__SVC__degree': 3, 'Classifier__SVC__gamma': 0.01, 'Classifier__SVC__kernel': 'poly', 'Scaler': MinMaxScaler(), 'Selector__max_features': 10}",0.14492753623188406,0.0821256038647343,0.2524271844660194,0.1598267748542126,0.07031902337427531,375
159,0.06534250577290852,0.00619692966156188,0.014792601267496744,0.0008951126867090933,0.001,poly,MinMaxScaler(),12,0.01,2.0,3.0,"{'Classifier__SVC__C': 0.001, 'Classifier__SVC__coef0': 2, 'Classifier__SVC__degree': 3, 'Classifier__SVC__gamma': 0.01, 'Classifier__SVC__kernel': 'poly', 'Scaler': MinMaxScaler(), 'Selector__max_features': 12}",0.17391304347826086,0.0821256038647343,0.2524271844660194,0.16948861060300488,0.06959568374319745,343
160,0.07605846722920735,0.010043343454002138,0.020763079325358074,0.007724095501066765,0.001,poly,MinMaxScaler(),14,0.01,2.0,3.0,"{'Classifier__SVC__C': 0.001, 'Classifier__SVC__coef0': 2, 'Classifier__SVC__degree': 3, 'Classifier__SVC__gamma': 0.01, 'Classifier__SVC__kernel': 'poly', 'Scaler': MinMaxScaler(), 'Selector__max_features': 14}",0.20772946859903382,0.0821256038647343,0.2524271844660194,0.1807607523099292,0.07209318429428987,282
161,0.06206107139587402,0.004997254855001646,0.01693423589070638,0.0029261971348780213,0.001,poly,MinMaxScaler(),16,0.01,2.0,3.0,"{'Classifier__SVC__C': 0.001, 'Classifier__SVC__coef0': 2, 'Classifier__SVC__degree': 3, 'Classifier__SVC__gamma': 0.01, 'Classifier__SVC__kernel': 'poly', 'Scaler': MinMaxScaler(), 'Selector__max_features': 16}",0.27053140096618356,0.0821256038647343,0.2524271844660194,0.20169472976564576,0.08487057819724578,198
162,0.08200422922770183,0.009266247980016858,0.014864524205525717,0.0023379878777089417,0.001,poly,MinMaxScaler(),18,0.01,2.0,3.0,"{'Classifier__SVC__C': 0.001, 'Classifier__SVC__coef0': 2, 'Classifier__SVC__degree': 3, 'Classifier__SVC__gamma': 0.01, 'Classifier__SVC__kernel': 'poly', 'Scaler': MinMaxScaler(), 'Selector__max_features': 18}",0.2463768115942029,0.0821256038647343,0.2524271844660194,0.19364319997498555,0.07889352501791616,242
163,0.07256635030110677,0.005480644373034234,0.018044789632161457,0.004962820014980896,0.001,poly,MinMaxScaler(),20,0.01,2.0,3.0,"{'Classifier__SVC__C': 0.001, 'Classifier__SVC__coef0': 2, 'Classifier__SVC__degree': 3, 'Classifier__SVC__gamma': 0.01, 'Classifier__SVC__kernel': 'poly', 'Scaler': MinMaxScaler(), 'Selector__max_features': 20}",0.25120772946859904,0.0821256038647343,0.2524271844660194,0.1952535059331176,0.07999505583646184,217
164,0.0695037841796875,0.002113963102584106,0.02054874102274577,0.008515193472917345,0.001,poly,MinMaxScaler(),24,0.01,2.0,3.0,"{'Classifier__SVC__C': 0.001, 'Classifier__SVC__coef0': 2, 'Classifier__SVC__degree': 3, 'Classifier__SVC__gamma': 0.01, 'Classifier__SVC__kernel': 'poly', 'Scaler': MinMaxScaler(), 'Selector__max_features': 24}",0.19806763285024154,0.0821256038647343,0.2524271844660194,0.17754014039366509,0.07102436459291091,303
165,0.058884064356486,0.00373222720343108,0.013352473576863607,0.0008668529776905844,0.001,poly,MinMaxScaler(),2,0.001,2.0,5.0,"{'Classifier__SVC__C': 0.001, 'Classifier__SVC__coef0': 2, 'Classifier__SVC__degree': 5, 'Classifier__SVC__gamma': 0.001, 'Classifier__SVC__kernel': 'poly', 'Scaler': MinMaxScaler(), 'Selector__max_features': 2}",0.057971014492753624,0.0821256038647343,0.2524271844660194,0.1308412676078358,0.08653790087052843,450
166,0.06490604082743327,0.004915636803799581,0.01933137575785319,0.005553170784212955,0.001,poly,MinMaxScaler(),4,0.001,2.0,5.0,"{'Classifier__SVC__C': 0.001, 'Classifier__SVC__coef0': 2, 'Classifier__SVC__degree': 5, 'Classifier__SVC__gamma': 0.001, 'Classifier__SVC__kernel': 'poly', 'Scaler': MinMaxScaler(), 'Selector__max_features': 4}",0.07729468599033816,0.0821256038647343,0.2524271844660194,0.13728249144036395,0.08144347606717439,439
167,0.05687816937764486,0.00514867381683519,0.012534777323404947,0.0008119622869326873,0.001,poly,MinMaxScaler(),6,0.001,2.0,5.0,"{'Classifier__SVC__C': 0.001, 'Classifier__SVC__coef0': 2, 'Classifier__SVC__degree': 5, 'Classifier__SVC__gamma': 0.001, 'Classifier__SVC__kernel': 'poly', 'Scaler': MinMaxScaler(), 'Selector__max_features': 6}",0.12560386473429952,0.0821256038647343,0.2524271844660194,0.1533855510216844,0.07224736977243304,397
168,0.06416869163513184,0.006294869030677864,0.013509750366210938,0.0007872556932435324,0.001,poly,MinMaxScaler(),8,0.001,2.0,5.0,"{'Classifier__SVC__C': 0.001, 'Classifier__SVC__coef0': 2, 'Classifier__SVC__degree': 5, 'Classifier__SVC__gamma': 0.001, 'Classifier__SVC__kernel': 'poly', 'Scaler': MinMaxScaler(), 'Selector__max_features': 8}",0.18840579710144928,0.0821256038647343,0.2524271844660194,0.17431952847740098,0.0702351968348047,315
169,0.06669815381368001,0.01837732067935264,0.013397852579752604,0.0013281186408396698,0.001,poly,MinMaxScaler(),10,0.001,2.0,5.0,"{'Classifier__SVC__C': 0.001, 'Classifier__SVC__coef0': 2, 'Classifier__SVC__degree': 5, 'Classifier__SVC__gamma': 0.001, 'Classifier__SVC__kernel': 'poly', 'Scaler': MinMaxScaler(), 'Selector__max_features': 10}",0.14492753623188406,0.0821256038647343,0.2524271844660194,0.1598267748542126,0.07031902337427531,375
170,0.0642840067545573,0.008183104470179836,0.01611789067586263,0.0013643105292407737,0.001,poly,MinMaxScaler(),12,0.001,2.0,5.0,"{'Classifier__SVC__C': 0.001, 'Classifier__SVC__coef0': 2, 'Classifier__SVC__degree': 5, 'Classifier__SVC__gamma': 0.001, 'Classifier__SVC__kernel': 'poly', 'Scaler': MinMaxScaler(), 'Selector__max_features': 12}",0.178743961352657,0.0821256038647343,0.2524271844660194,0.17109891656113688,0.06973517582598834,333
171,0.0664517879486084,0.009153903460903157,0.013884782791137695,0.0010107677045466104,0.001,poly,MinMaxScaler(),14,0.001,2.0,5.0,"{'Classifier__SVC__C': 0.001, 'Classifier__SVC__coef0': 2, 'Classifier__SVC__degree': 5, 'Classifier__SVC__gamma': 0.001, 'Classifier__SVC__kernel': 'poly', 'Scaler': MinMaxScaler(), 'Selector__max_features': 14}",0.20772946859903382,0.0821256038647343,0.2524271844660194,0.1807607523099292,0.07209318429428987,282
172,0.06332691510518391,0.01306106942629508,0.01660887400309245,0.0009750291606385998,0.001,poly,MinMaxScaler(),16,0.001,2.0,5.0,"{'Classifier__SVC__C': 0.001, 'Classifier__SVC__coef0': 2, 'Classifier__SVC__degree': 5, 'Classifier__SVC__gamma': 0.001, 'Classifier__SVC__kernel': 'poly', 'Scaler': MinMaxScaler(), 'Selector__max_features': 16}",0.27053140096618356,0.0821256038647343,0.2524271844660194,0.20169472976564576,0.08487057819724578,198
173,0.07522296905517578,0.022540824464965036,0.01897605260213216,0.0028912362847574864,0.001,poly,MinMaxScaler(),18,0.001,2.0,5.0,"{'Classifier__SVC__C': 0.001, 'Classifier__SVC__coef0': 2, 'Classifier__SVC__degree': 5, 'Classifier__SVC__gamma': 0.001, 'Classifier__SVC__kernel': 'poly', 'Scaler': MinMaxScaler(), 'Selector__max_features': 18}",0.2463768115942029,0.0821256038647343,0.2524271844660194,0.19364319997498555,0.07889352501791616,242
174,0.0725698471069336,0.007916902166972686,0.013158400853474935,0.001934289773886465,0.001,poly,MinMaxScaler(),20,0.001,2.0,5.0,"{'Classifier__SVC__C': 0.001, 'Classifier__SVC__coef0': 2, 'Classifier__SVC__degree': 5, 'Classifier__SVC__gamma': 0.001, 'Classifier__SVC__kernel': 'poly', 'Scaler': MinMaxScaler(), 'Selector__max_features': 20}",0.25120772946859904,0.0821256038647343,0.2524271844660194,0.1952535059331176,0.07999505583646184,217
175,0.0763545036315918,0.010342522929101011,0.01862303415934245,0.0084115443785596,0.001,poly,MinMaxScaler(),24,0.001,2.0,5.0,"{'Classifier__SVC__C': 0.001, 'Classifier__SVC__coef0': 2, 'Classifier__SVC__degree': 5, 'Classifier__SVC__gamma': 0.001, 'Classifier__SVC__kernel': 'poly', 'Scaler': MinMaxScaler(), 'Selector__max_features': 24}",0.2028985507246377,0.0821256038647343,0.2524271844660194,0.17915044635179714,0.07152452462757791,295
176,0.060414393742879234,0.004064196233711251,0.015106121699015299,0.0007376851237389294,0.001,poly,MinMaxScaler(),2,0.01,2.0,5.0,"{'Classifier__SVC__C': 0.001, 'Classifier__SVC__coef0': 2, 'Classifier__SVC__degree': 5, 'Classifier__SVC__gamma': 0.01, 'Classifier__SVC__kernel': 'poly', 'Scaler': MinMaxScaler(), 'Selector__max_features': 2}",0.057971014492753624,0.0821256038647343,0.2524271844660194,0.1308412676078358,0.08653790087052843,450
177,0.07243959108988444,0.010555628691878028,0.01703333854675293,0.004239249132284098,0.001,poly,MinMaxScaler(),4,0.01,2.0,5.0,"{'Classifier__SVC__C': 0.001, 'Classifier__SVC__coef0': 2, 'Classifier__SVC__degree': 5, 'Classifier__SVC__gamma': 0.01, 'Classifier__SVC__kernel': 'poly', 'Scaler': MinMaxScaler(), 'Selector__max_features': 4}",0.07729468599033816,0.0821256038647343,0.2524271844660194,0.13728249144036395,0.08144347606717439,439
178,0.06616997718811035,0.0009505681674007186,0.018468379974365234,0.009122224927394583,0.001,poly,MinMaxScaler(),6,0.01,2.0,5.0,"{'Classifier__SVC__C': 0.001, 'Classifier__SVC__coef0': 2, 'Classifier__SVC__degree': 5, 'Classifier__SVC__gamma': 0.01, 'Classifier__SVC__kernel': 'poly', 'Scaler': MinMaxScaler(), 'Selector__max_features': 6}",0.12077294685990338,0.0821256038647343,0.2524271844660194,0.15177524506355236,0.07289953799238597,407
179,0.07464329401652019,0.007813615337622697,0.020548502604166668,0.0034664382938391605,0.001,poly,MinMaxScaler(),8,0.01,2.0,5.0,"{'Classifier__SVC__C': 0.001, 'Classifier__SVC__coef0': 2, 'Classifier__SVC__degree': 5, 'Classifier__SVC__gamma': 0.01, 'Classifier__SVC__kernel': 'poly', 'Scaler': MinMaxScaler(), 'Selector__max_features': 8}",0.18357487922705315,0.0821256038647343,0.2524271844660194,0.17270922251926893,0.0699485713963841,322
180,0.06482044855753581,0.010210116793692107,0.016207377115885418,0.004140151535936941,0.001,poly,MinMaxScaler(),10,0.01,2.0,5.0,"{'Classifier__SVC__C': 0.001, 'Classifier__SVC__coef0': 2, 'Classifier__SVC__degree': 5, 'Classifier__SVC__gamma': 0.01, 'Classifier__SVC__kernel': 'poly', 'Scaler': MinMaxScaler(), 'Selector__max_features': 10}",0.14492753623188406,0.0821256038647343,0.2524271844660194,0.1598267748542126,0.07031902337427531,375
181,0.07444024085998535,0.008726260315699695,0.012602726618448893,0.001107810507465494,0.001,poly,MinMaxScaler(),12,0.01,2.0,5.0,"{'Classifier__SVC__C': 0.001, 'Classifier__SVC__coef0': 2, 'Classifier__SVC__degree': 5, 'Classifier__SVC__gamma': 0.01, 'Classifier__SVC__kernel': 'poly', 'Scaler': MinMaxScaler(), 'Selector__max_features': 12}",0.17391304347826086,0.0821256038647343,0.2524271844660194,0.16948861060300488,0.06959568374319745,343
182,0.06929969787597656,0.002715359849339788,0.015243291854858398,0.0017959526175182043,0.001,poly,MinMaxScaler(),14,0.01,2.0,5.0,"{'Classifier__SVC__C': 0.001, 'Classifier__SVC__coef0': 2, 'Classifier__SVC__degree': 5, 'Classifier__SVC__gamma': 0.01, 'Classifier__SVC__kernel': 'poly', 'Scaler': MinMaxScaler(), 'Selector__max_features': 14}",0.20772946859903382,0.0821256038647343,0.2524271844660194,0.1807607523099292,0.07209318429428987,282
183,0.07458043098449707,0.008851092884387613,0.01944883664449056,0.00560023478141986,0.001,poly,MinMaxScaler(),16,0.01,2.0,5.0,"{'Classifier__SVC__C': 0.001, 'Classifier__SVC__coef0': 2, 'Classifier__SVC__degree': 5, 'Classifier__SVC__gamma': 0.01, 'Classifier__SVC__kernel': 'poly', 'Scaler': MinMaxScaler(), 'Selector__max_features': 16}",0.26570048309178745,0.0821256038647343,0.2524271844660194,0.2000844238075137,0.08358531575909728,209
184,0.05786792437235514,0.0008766167610088608,0.016211907068888348,0.0019097430809264895,0.001,poly,MinMaxScaler(),18,0.01,2.0,5.0,"{'Classifier__SVC__C': 0.001, 'Classifier__SVC__coef0': 2, 'Classifier__SVC__degree': 5, 'Classifier__SVC__gamma': 0.01, 'Classifier__SVC__kernel': 'poly', 'Scaler': MinMaxScaler(), 'Selector__max_features': 18}",0.23671497584541062,0.0821256038647343,0.2524271844660194,0.19042258805872145,0.07684571540460756,262
185,0.059090216954549156,0.0008234809141649135,0.01622804005940755,0.001737911293007738,0.001,poly,MinMaxScaler(),20,0.01,2.0,5.0,"{'Classifier__SVC__C': 0.001, 'Classifier__SVC__coef0': 2, 'Classifier__SVC__degree': 5, 'Classifier__SVC__gamma': 0.01, 'Classifier__SVC__kernel': 'poly', 'Scaler': MinMaxScaler(), 'Selector__max_features': 20}",0.25120772946859904,0.0821256038647343,0.2524271844660194,0.1952535059331176,0.07999505583646184,217
186,0.07090878486633301,0.0085481708103356,0.016621192296346027,0.0040151047586076604,0.001,poly,MinMaxScaler(),24,0.01,2.0,5.0,"{'Classifier__SVC__C': 0.001, 'Classifier__SVC__coef0': 2, 'Classifier__SVC__degree': 5, 'Classifier__SVC__gamma': 0.01, 'Classifier__SVC__kernel': 'poly', 'Scaler': MinMaxScaler(), 'Selector__max_features': 24}",0.1932367149758454,0.0821256038647343,0.2524271844660194,0.17592983443553303,0.07059416016617562,311
187,0.0808573563893636,0.0028079311628755954,0.015313466389973959,0.003996760011601466,0.001,poly,MinMaxScaler(),2,0.001,4.0,3.0,"{'Classifier__SVC__C': 0.001, 'Classifier__SVC__coef0': 4, 'Classifier__SVC__degree': 3, 'Classifier__SVC__gamma': 0.001, 'Classifier__SVC__kernel': 'poly', 'Scaler': MinMaxScaler(), 'Selector__max_features': 2}",0.057971014492753624,0.0821256038647343,0.2524271844660194,0.1308412676078358,0.08653790087052843,450
188,0.0782760779062907,0.014465970134690911,0.01735973358154297,0.007454438022230866,0.001,poly,MinMaxScaler(),4,0.001,4.0,3.0,"{'Classifier__SVC__C': 0.001, 'Classifier__SVC__coef0': 4, 'Classifier__SVC__degree': 3, 'Classifier__SVC__gamma': 0.001, 'Classifier__SVC__kernel': 'poly', 'Scaler': MinMaxScaler(), 'Selector__max_features': 4}",0.07729468599033816,0.0821256038647343,0.2524271844660194,0.13728249144036395,0.08144347606717439,439
189,0.0798346996307373,0.018778000999163526,0.015149911244710287,0.003479556699406485,0.001,poly,MinMaxScaler(),6,0.001,4.0,3.0,"{'Classifier__SVC__C': 0.001, 'Classifier__SVC__coef0': 4, 'Classifier__SVC__degree': 3, 'Classifier__SVC__gamma': 0.001, 'Classifier__SVC__kernel': 'poly', 'Scaler': MinMaxScaler(), 'Selector__max_features': 6}",0.12560386473429952,0.0821256038647343,0.2524271844660194,0.1533855510216844,0.07224736977243304,397
190,0.06384213765462239,0.0020054926842904227,0.014295657475789389,0.00023897625022376246,0.001,poly,MinMaxScaler(),8,0.001,4.0,3.0,"{'Classifier__SVC__C': 0.001, 'Classifier__SVC__coef0': 4, 'Classifier__SVC__degree': 3, 'Classifier__SVC__gamma': 0.001, 'Classifier__SVC__kernel': 'poly', 'Scaler': MinMaxScaler(), 'Selector__max_features': 8}",0.18840579710144928,0.0821256038647343,0.2524271844660194,0.17431952847740098,0.0702351968348047,315
191,0.0638124942779541,0.01070551566366882,0.013173580169677734,0.0010336509295642898,0.001,poly,MinMaxScaler(),10,0.001,4.0,3.0,"{'Classifier__SVC__C': 0.001, 'Classifier__SVC__coef0': 4, 'Classifier__SVC__degree': 3, 'Classifier__SVC__gamma': 0.001, 'Classifier__SVC__kernel': 'poly', 'Scaler': MinMaxScaler(), 'Selector__max_features': 10}",0.14492753623188406,0.0821256038647343,0.2524271844660194,0.1598267748542126,0.07031902337427531,375
192,0.06860796610514323,0.0059675462529513714,0.013193209966023764,0.0016542410695343146,0.001,poly,MinMaxScaler(),12,0.001,4.0,3.0,"{'Classifier__SVC__C': 0.001, 'Classifier__SVC__coef0': 4, 'Classifier__SVC__degree': 3, 'Classifier__SVC__gamma': 0.001, 'Classifier__SVC__kernel': 'poly', 'Scaler': MinMaxScaler(), 'Selector__max_features': 12}",0.178743961352657,0.0821256038647343,0.2524271844660194,0.17109891656113688,0.06973517582598834,333
193,0.058873256047566734,0.004453470804783873,0.015488942464192709,0.0020857529677084704,0.001,poly,MinMaxScaler(),14,0.001,4.0,3.0,"{'Classifier__SVC__C': 0.001, 'Classifier__SVC__coef0': 4, 'Classifier__SVC__degree': 3, 'Classifier__SVC__gamma': 0.001, 'Classifier__SVC__kernel': 'poly', 'Scaler': MinMaxScaler(), 'Selector__max_features': 14}",0.20772946859903382,0.0821256038647343,0.2524271844660194,0.1807607523099292,0.07209318429428987,282
194,0.06479899088541667,0.008764503879161945,0.02057369550069173,0.008654921644882947,0.001,poly,MinMaxScaler(),16,0.001,4.0,3.0,"{'Classifier__SVC__C': 0.001, 'Classifier__SVC__coef0': 4, 'Classifier__SVC__degree': 3, 'Classifier__SVC__gamma': 0.001, 'Classifier__SVC__kernel': 'poly', 'Scaler': MinMaxScaler(), 'Selector__max_features': 16}",0.27053140096618356,0.0821256038647343,0.2524271844660194,0.20169472976564576,0.08487057819724578,198
195,0.06159687042236328,0.004800591171882594,0.018818140029907227,0.003954535098107676,0.001,poly,MinMaxScaler(),18,0.001,4.0,3.0,"{'Classifier__SVC__C': 0.001, 'Classifier__SVC__coef0': 4, 'Classifier__SVC__degree': 3, 'Classifier__SVC__gamma': 0.001, 'Classifier__SVC__kernel': 'poly', 'Scaler': MinMaxScaler(), 'Selector__max_features': 18}",0.2463768115942029,0.0821256038647343,0.2524271844660194,0.19364319997498555,0.07889352501791616,242
196,0.06245581309000651,0.010976561877100216,0.016530354817708332,0.0024574366417246915,0.001,poly,MinMaxScaler(),20,0.001,4.0,3.0,"{'Classifier__SVC__C': 0.001, 'Classifier__SVC__coef0': 4, 'Classifier__SVC__degree': 3, 'Classifier__SVC__gamma': 0.001, 'Classifier__SVC__kernel': 'poly', 'Scaler': MinMaxScaler(), 'Selector__max_features': 20}",0.25120772946859904,0.0821256038647343,0.2524271844660194,0.1952535059331176,0.07999505583646184,217
197,0.06219108899434408,0.0063892917832525835,0.015291452407836914,0.0006949668065723426,0.001,poly,MinMaxScaler(),24,0.001,4.0,3.0,"{'Classifier__SVC__C': 0.001, 'Classifier__SVC__coef0': 4, 'Classifier__SVC__degree': 3, 'Classifier__SVC__gamma': 0.001, 'Classifier__SVC__kernel': 'poly', 'Scaler': MinMaxScaler(), 'Selector__max_features': 24}",0.2028985507246377,0.0821256038647343,0.2524271844660194,0.17915044635179714,0.07152452462757791,295
198,0.05550694465637207,0.006331587830288929,0.012864510218302408,0.0004895437846651231,0.001,poly,MinMaxScaler(),2,0.01,4.0,3.0,"{'Classifier__SVC__C': 0.001, 'Classifier__SVC__coef0': 4, 'Classifier__SVC__degree': 3, 'Classifier__SVC__gamma': 0.01, 'Classifier__SVC__kernel': 'poly', 'Scaler': MinMaxScaler(), 'Selector__max_features': 2}",0.057971014492753624,0.0821256038647343,0.2524271844660194,0.1308412676078358,0.08653790087052843,450
199,0.05825050671895345,0.006261272281227897,0.014284769694010416,0.0003321640783616758,0.001,poly,MinMaxScaler(),4,0.01,4.0,3.0,"{'Classifier__SVC__C': 0.001, 'Classifier__SVC__coef0': 4, 'Classifier__SVC__degree': 3, 'Classifier__SVC__gamma': 0.01, 'Classifier__SVC__kernel': 'poly', 'Scaler': MinMaxScaler(), 'Selector__max_features': 4}",0.07729468599033816,0.0821256038647343,0.2524271844660194,0.13728249144036395,0.08144347606717439,439
200,0.06562177340189616,0.011786790586050809,0.01931595802307129,0.003238116535769876,0.001,poly,MinMaxScaler(),6,0.01,4.0,3.0,"{'Classifier__SVC__C': 0.001, 'Classifier__SVC__coef0': 4, 'Classifier__SVC__degree': 3, 'Classifier__SVC__gamma': 0.01, 'Classifier__SVC__kernel': 'poly', 'Scaler': MinMaxScaler(), 'Selector__max_features': 6}",0.12560386473429952,0.0821256038647343,0.2524271844660194,0.1533855510216844,0.07224736977243304,397
201,0.05869563420613607,0.0047157937761033815,0.017139911651611328,0.002033072053146443,0.001,poly,MinMaxScaler(),8,0.01,4.0,3.0,"{'Classifier__SVC__C': 0.001, 'Classifier__SVC__coef0': 4, 'Classifier__SVC__degree': 3, 'Classifier__SVC__gamma': 0.01, 'Classifier__SVC__kernel': 'poly', 'Scaler': MinMaxScaler(), 'Selector__max_features': 8}",0.18357487922705315,0.0821256038647343,0.2524271844660194,0.17270922251926893,0.0699485713963841,322
202,0.06014124552408854,0.008919202645786203,0.014392932256062826,0.0007161594968340344,0.001,poly,MinMaxScaler(),10,0.01,4.0,3.0,"{'Classifier__SVC__C': 0.001, 'Classifier__SVC__coef0': 4, 'Classifier__SVC__degree': 3, 'Classifier__SVC__gamma': 0.01, 'Classifier__SVC__kernel': 'poly', 'Scaler': MinMaxScaler(), 'Selector__max_features': 10}",0.14492753623188406,0.0821256038647343,0.2524271844660194,0.1598267748542126,0.07031902337427531,375
203,0.08977699279785156,0.013156900176782524,0.025352319081624348,0.003904634870781592,0.001,poly,MinMaxScaler(),12,0.01,4.0,3.0,"{'Classifier__SVC__C': 0.001, 'Classifier__SVC__coef0': 4, 'Classifier__SVC__degree': 3, 'Classifier__SVC__gamma': 0.01, 'Classifier__SVC__kernel': 'poly', 'Scaler': MinMaxScaler(), 'Selector__max_features': 12}",0.178743961352657,0.0821256038647343,0.2524271844660194,0.17109891656113688,0.06973517582598834,333
204,0.06402961413065593,0.003482811059533916,0.01933137575785319,0.0020847826102359723,0.001,poly,MinMaxScaler(),14,0.01,4.0,3.0,"{'Classifier__SVC__C': 0.001, 'Classifier__SVC__coef0': 4, 'Classifier__SVC__degree': 3, 'Classifier__SVC__gamma': 0.01, 'Classifier__SVC__kernel': 'poly', 'Scaler': MinMaxScaler(), 'Selector__max_features': 14}",0.20772946859903382,0.0821256038647343,0.2524271844660194,0.1807607523099292,0.07209318429428987,282
205,0.07782355944315593,0.008429022774401532,0.01571544011433919,0.00467755970782425,0.001,poly,MinMaxScaler(),16,0.01,4.0,3.0,"{'Classifier__SVC__C': 0.001, 'Classifier__SVC__coef0': 4, 'Classifier__SVC__degree': 3, 'Classifier__SVC__gamma': 0.01, 'Classifier__SVC__kernel': 'poly', 'Scaler': MinMaxScaler(), 'Selector__max_features': 16}",0.27053140096618356,0.0821256038647343,0.2524271844660194,0.20169472976564576,0.08487057819724578,198
206,0.0626065731048584,0.005910272242392547,0.015358765920003256,0.0007826192261105888,0.001,poly,MinMaxScaler(),18,0.01,4.0,3.0,"{'Classifier__SVC__C': 0.001, 'Classifier__SVC__coef0': 4, 'Classifier__SVC__degree': 3, 'Classifier__SVC__gamma': 0.01, 'Classifier__SVC__kernel': 'poly', 'Scaler': MinMaxScaler(), 'Selector__max_features': 18}",0.2463768115942029,0.0821256038647343,0.2524271844660194,0.19364319997498555,0.07889352501791616,242
207,0.06544804573059082,0.0073132146787681564,0.0162353515625,0.0005456627150216205,0.001,poly,MinMaxScaler(),20,0.01,4.0,3.0,"{'Classifier__SVC__C': 0.001, 'Classifier__SVC__coef0': 4, 'Classifier__SVC__degree': 3, 'Classifier__SVC__gamma': 0.01, 'Classifier__SVC__kernel': 'poly', 'Scaler': MinMaxScaler(), 'Selector__max_features': 20}",0.25120772946859904,0.0821256038647343,0.2524271844660194,0.1952535059331176,0.07999505583646184,217
208,0.06465776761372884,0.006235703980679824,0.01672252019246419,0.0017801621553770728,0.001,poly,MinMaxScaler(),24,0.01,4.0,3.0,"{'Classifier__SVC__C': 0.001, 'Classifier__SVC__coef0': 4, 'Classifier__SVC__degree': 3, 'Classifier__SVC__gamma': 0.01, 'Classifier__SVC__kernel': 'poly', 'Scaler': MinMaxScaler(), 'Selector__max_features': 24}",0.19806763285024154,0.0821256038647343,0.2524271844660194,0.17754014039366509,0.07102436459291091,303
209,0.06650360425313313,0.0022932527416358018,0.014755169550577799,0.0007482900539903554,0.001,poly,MinMaxScaler(),2,0.001,4.0,5.0,"{'Classifier__SVC__C': 0.001, 'Classifier__SVC__coef0': 4, 'Classifier__SVC__degree': 5, 'Classifier__SVC__gamma': 0.001, 'Classifier__SVC__kernel': 'poly', 'Scaler': MinMaxScaler(), 'Selector__max_features': 2}",0.057971014492753624,0.0821256038647343,0.2524271844660194,0.1308412676078358,0.08653790087052843,450
210,0.06100734074910482,0.00497358912628166,0.014947970708211264,0.0008906547249028254,0.001,poly,MinMaxScaler(),4,0.001,4.0,5.0,"{'Classifier__SVC__C': 0.001, 'Classifier__SVC__coef0': 4, 'Classifier__SVC__degree': 5, 'Classifier__SVC__gamma': 0.001, 'Classifier__SVC__kernel': 'poly', 'Scaler': MinMaxScaler(), 'Selector__max_features': 4}",0.07729468599033816,0.0821256038647343,0.2524271844660194,0.13728249144036395,0.08144347606717439,439
211,0.07445764541625977,0.011716141353223483,0.019282182057698567,0.007471661035615792,0.001,poly,MinMaxScaler(),6,0.001,4.0,5.0,"{'Classifier__SVC__C': 0.001, 'Classifier__SVC__coef0': 4, 'Classifier__SVC__degree': 5, 'Classifier__SVC__gamma': 0.001, 'Classifier__SVC__kernel': 'poly', 'Scaler': MinMaxScaler(), 'Selector__max_features': 6}",0.12560386473429952,0.0821256038647343,0.2524271844660194,0.1533855510216844,0.07224736977243304,397
212,0.08053890864054362,0.010873191275543577,0.01732357343037923,0.005631219684528315,0.001,poly,MinMaxScaler(),8,0.001,4.0,5.0,"{'Classifier__SVC__C': 0.001, 'Classifier__SVC__coef0': 4, 'Classifier__SVC__degree': 5, 'Classifier__SVC__gamma': 0.001, 'Classifier__SVC__kernel': 'poly', 'Scaler': MinMaxScaler(), 'Selector__max_features': 8}",0.18840579710144928,0.0821256038647343,0.2524271844660194,0.17431952847740098,0.0702351968348047,315
213,0.06618968645731609,0.0018173483816785966,0.017962296803792317,0.006012119370741757,0.001,poly,MinMaxScaler(),10,0.001,4.0,5.0,"{'Classifier__SVC__C': 0.001, 'Classifier__SVC__coef0': 4, 'Classifier__SVC__degree': 5, 'Classifier__SVC__gamma': 0.001, 'Classifier__SVC__kernel': 'poly', 'Scaler': MinMaxScaler(), 'Selector__max_features': 10}",0.14492753623188406,0.0821256038647343,0.2524271844660194,0.1598267748542126,0.07031902337427531,375
214,0.07113210360209148,0.006871482408142546,0.019993146260579426,0.007058967612196138,0.001,poly,MinMaxScaler(),12,0.001,4.0,5.0,"{'Classifier__SVC__C': 0.001, 'Classifier__SVC__coef0': 4, 'Classifier__SVC__degree': 5, 'Classifier__SVC__gamma': 0.001, 'Classifier__SVC__kernel': 'poly', 'Scaler': MinMaxScaler(), 'Selector__max_features': 12}",0.178743961352657,0.0821256038647343,0.2524271844660194,0.17109891656113688,0.06973517582598834,333
215,0.0769806702931722,0.009249560065917225,0.017303466796875,0.0010014866753854208,0.001,poly,MinMaxScaler(),14,0.001,4.0,5.0,"{'Classifier__SVC__C': 0.001, 'Classifier__SVC__coef0': 4, 'Classifier__SVC__degree': 5, 'Classifier__SVC__gamma': 0.001, 'Classifier__SVC__kernel': 'poly', 'Scaler': MinMaxScaler(), 'Selector__max_features': 14}",0.20772946859903382,0.0821256038647343,0.2524271844660194,0.1807607523099292,0.07209318429428987,282
216,0.07770148913065593,0.0032250076987696157,0.015460014343261719,0.0029994702698350403,0.001,poly,MinMaxScaler(),16,0.001,4.0,5.0,"{'Classifier__SVC__C': 0.001, 'Classifier__SVC__coef0': 4, 'Classifier__SVC__degree': 5, 'Classifier__SVC__gamma': 0.001, 'Classifier__SVC__kernel': 'poly', 'Scaler': MinMaxScaler(), 'Selector__max_features': 16}",0.27053140096618356,0.0821256038647343,0.2524271844660194,0.20169472976564576,0.08487057819724578,198
217,0.07613213857014973,0.004961015017407582,0.01608165105183919,0.0009716805733428451,0.001,poly,MinMaxScaler(),18,0.001,4.0,5.0,"{'Classifier__SVC__C': 0.001, 'Classifier__SVC__coef0': 4, 'Classifier__SVC__degree': 5, 'Classifier__SVC__gamma': 0.001, 'Classifier__SVC__kernel': 'poly', 'Scaler': MinMaxScaler(), 'Selector__max_features': 18}",0.2463768115942029,0.0821256038647343,0.2524271844660194,0.19364319997498555,0.07889352501791616,242
218,0.07435266176859538,0.003383350923235436,0.01711750030517578,0.002206318737929482,0.001,poly,MinMaxScaler(),20,0.001,4.0,5.0,"{'Classifier__SVC__C': 0.001, 'Classifier__SVC__coef0': 4, 'Classifier__SVC__degree': 5, 'Classifier__SVC__gamma': 0.001, 'Classifier__SVC__kernel': 'poly', 'Scaler': MinMaxScaler(), 'Selector__max_features': 20}",0.25120772946859904,0.0821256038647343,0.2524271844660194,0.1952535059331176,0.07999505583646184,217
219,0.07819747924804688,0.015446375193140821,0.015635172526041668,0.0007140455162296,0.001,poly,MinMaxScaler(),24,0.001,4.0,5.0,"{'Classifier__SVC__C': 0.001, 'Classifier__SVC__coef0': 4, 'Classifier__SVC__degree': 5, 'Classifier__SVC__gamma': 0.001, 'Classifier__SVC__kernel': 'poly', 'Scaler': MinMaxScaler(), 'Selector__max_features': 24}",0.2028985507246377,0.0821256038647343,0.2524271844660194,0.17915044635179714,0.07152452462757791,295
220,0.05984274546305338,0.0035944612989064506,0.01456467310587565,0.0009140450580619999,0.001,poly,MinMaxScaler(),2,0.01,4.0,5.0,"{'Classifier__SVC__C': 0.001, 'Classifier__SVC__coef0': 4, 'Classifier__SVC__degree': 5, 'Classifier__SVC__gamma': 0.01, 'Classifier__SVC__kernel': 'poly', 'Scaler': MinMaxScaler(), 'Selector__max_features': 2}",0.057971014492753624,0.0821256038647343,0.2524271844660194,0.1308412676078358,0.08653790087052843,450
221,0.06460730234781902,0.002667844236833826,0.018850247065226238,0.005919609921119959,0.001,poly,MinMaxScaler(),4,0.01,4.0,5.0,"{'Classifier__SVC__C': 0.001, 'Classifier__SVC__coef0': 4, 'Classifier__SVC__degree': 5, 'Classifier__SVC__gamma': 0.01, 'Classifier__SVC__kernel': 'poly', 'Scaler': MinMaxScaler(), 'Selector__max_features': 4}",0.07729468599033816,0.0821256038647343,0.2524271844660194,0.13728249144036395,0.08144347606717439,439
222,0.06963165601094563,0.011509478475347768,0.014843622843424479,0.0009902438994234136,0.001,poly,MinMaxScaler(),6,0.01,4.0,5.0,"{'Classifier__SVC__C': 0.001, 'Classifier__SVC__coef0': 4, 'Classifier__SVC__degree': 5, 'Classifier__SVC__gamma': 0.01, 'Classifier__SVC__kernel': 'poly', 'Scaler': MinMaxScaler(), 'Selector__max_features': 6}",0.12560386473429952,0.0821256038647343,0.2524271844660194,0.1533855510216844,0.07224736977243304,397
223,0.08099897702534993,0.010232839270935533,0.018743197123209637,0.0036948014787299764,0.001,poly,MinMaxScaler(),8,0.01,4.0,5.0,"{'Classifier__SVC__C': 0.001, 'Classifier__SVC__coef0': 4, 'Classifier__SVC__degree': 5, 'Classifier__SVC__gamma': 0.01, 'Classifier__SVC__kernel': 'poly', 'Scaler': MinMaxScaler(), 'Selector__max_features': 8}",0.18357487922705315,0.0821256038647343,0.2524271844660194,0.17270922251926893,0.0699485713963841,322
224,0.07008425394694011,0.009260910727236131,0.013977686564127604,0.0008340118252299963,0.001,poly,MinMaxScaler(),10,0.01,4.0,5.0,"{'Classifier__SVC__C': 0.001, 'Classifier__SVC__coef0': 4, 'Classifier__SVC__degree': 5, 'Classifier__SVC__gamma': 0.01, 'Classifier__SVC__kernel': 'poly', 'Scaler': MinMaxScaler(), 'Selector__max_features': 10}",0.14492753623188406,0.0821256038647343,0.2524271844660194,0.1598267748542126,0.07031902337427531,375
225,0.0731194019317627,0.0030756025597709073,0.014553467432657877,0.0007225185078702819,0.001,poly,MinMaxScaler(),12,0.01,4.0,5.0,"{'Classifier__SVC__C': 0.001, 'Classifier__SVC__coef0': 4, 'Classifier__SVC__degree': 5, 'Classifier__SVC__gamma': 0.01, 'Classifier__SVC__kernel': 'poly', 'Scaler': MinMaxScaler(), 'Selector__max_features': 12}",0.17391304347826086,0.0821256038647343,0.2524271844660194,0.16948861060300488,0.06959568374319745,343
226,0.07592097918192546,0.016320220381537055,0.013580322265625,0.0006495573478736355,0.001,poly,MinMaxScaler(),14,0.01,4.0,5.0,"{'Classifier__SVC__C': 0.001, 'Classifier__SVC__coef0': 4, 'Classifier__SVC__degree': 5, 'Classifier__SVC__gamma': 0.01, 'Classifier__SVC__kernel': 'poly', 'Scaler': MinMaxScaler(), 'Selector__max_features': 14}",0.20772946859903382,0.0821256038647343,0.2524271844660194,0.1807607523099292,0.07209318429428987,282
227,0.07259154319763184,0.012091325299864356,0.01682170232137044,0.002593947751824089,0.001,poly,MinMaxScaler(),16,0.01,4.0,5.0,"{'Classifier__SVC__C': 0.001, 'Classifier__SVC__coef0': 4, 'Classifier__SVC__degree': 5, 'Classifier__SVC__gamma': 0.01, 'Classifier__SVC__kernel': 'poly', 'Scaler': MinMaxScaler(), 'Selector__max_features': 16}",0.27053140096618356,0.0821256038647343,0.2524271844660194,0.20169472976564576,0.08487057819724578,198
228,0.07589658101399739,0.005423537460860504,0.024027665456136067,0.0072276249217171264,0.001,poly,MinMaxScaler(),18,0.01,4.0,5.0,"{'Classifier__SVC__C': 0.001, 'Classifier__SVC__coef0': 4, 'Classifier__SVC__degree': 5, 'Classifier__SVC__gamma': 0.01, 'Classifier__SVC__kernel': 'poly', 'Scaler': MinMaxScaler(), 'Selector__max_features': 18}",0.2463768115942029,0.09178743961352658,0.2524271844660194,0.19686381189124966,0.07434126158582006,213
229,0.07127944628397624,0.009987031935566883,0.01494145393371582,0.0003951145221020888,0.001,poly,MinMaxScaler(),20,0.01,4.0,5.0,"{'Classifier__SVC__C': 0.001, 'Classifier__SVC__coef0': 4, 'Classifier__SVC__degree': 5, 'Classifier__SVC__gamma': 0.01, 'Classifier__SVC__kernel': 'poly', 'Scaler': MinMaxScaler(), 'Selector__max_features': 20}",0.25120772946859904,0.0966183574879227,0.2524271844660194,0.2000844238075137,0.07316325091811321,209
230,0.06514946619669597,0.0027068515840241404,0.01623686154683431,0.0006434114966463232,0.001,poly,MinMaxScaler(),24,0.01,4.0,5.0,"{'Classifier__SVC__C': 0.001, 'Classifier__SVC__coef0': 4, 'Classifier__SVC__degree': 5, 'Classifier__SVC__gamma': 0.01, 'Classifier__SVC__kernel': 'poly', 'Scaler': MinMaxScaler(), 'Selector__max_features': 24}",0.19806763285024154,0.08695652173913043,0.2524271844660194,0.17915044635179714,0.0688647467362978,295
231,0.06550351778666179,0.007857976376331675,0.01835171381632487,0.007132347808044246,0.001,poly,MinMaxScaler(),2,0.001,6.0,3.0,"{'Classifier__SVC__C': 0.001, 'Classifier__SVC__coef0': 6, 'Classifier__SVC__degree': 3, 'Classifier__SVC__gamma': 0.001, 'Classifier__SVC__kernel': 'poly', 'Scaler': MinMaxScaler(), 'Selector__max_features': 2}",0.057971014492753624,0.0821256038647343,0.2524271844660194,0.1308412676078358,0.08653790087052843,450
232,0.067198912302653,0.010267274248492412,0.017139196395874023,0.004747465222358079,0.001,poly,MinMaxScaler(),4,0.001,6.0,3.0,"{'Classifier__SVC__C': 0.001, 'Classifier__SVC__coef0': 6, 'Classifier__SVC__degree': 3, 'Classifier__SVC__gamma': 0.001, 'Classifier__SVC__kernel': 'poly', 'Scaler': MinMaxScaler(), 'Selector__max_features': 4}",0.07729468599033816,0.0821256038647343,0.2524271844660194,0.13728249144036395,0.08144347606717439,439
233,0.06864865620930989,0.011740772296947012,0.019091129302978516,0.007872020557332724,0.001,poly,MinMaxScaler(),6,0.001,6.0,3.0,"{'Classifier__SVC__C': 0.001, 'Classifier__SVC__coef0': 6, 'Classifier__SVC__degree': 3, 'Classifier__SVC__gamma': 0.001, 'Classifier__SVC__kernel': 'poly', 'Scaler': MinMaxScaler(), 'Selector__max_features': 6}",0.12560386473429952,0.0821256038647343,0.2524271844660194,0.1533855510216844,0.07224736977243304,397
234,0.09492286046346028,0.010126630134552951,0.01814611752827962,0.006548713744859753,0.001,poly,MinMaxScaler(),8,0.001,6.0,3.0,"{'Classifier__SVC__C': 0.001, 'Classifier__SVC__coef0': 6, 'Classifier__SVC__degree': 3, 'Classifier__SVC__gamma': 0.001, 'Classifier__SVC__kernel': 'poly', 'Scaler': MinMaxScaler(), 'Selector__max_features': 8}",0.18840579710144928,0.0821256038647343,0.2524271844660194,0.17431952847740098,0.0702351968348047,315
235,0.06679336229960124,0.007092595533073102,0.015019575754801432,0.001735121403466416,0.001,poly,MinMaxScaler(),10,0.001,6.0,3.0,"{'Classifier__SVC__C': 0.001, 'Classifier__SVC__coef0': 6, 'Classifier__SVC__degree': 3, 'Classifier__SVC__gamma': 0.001, 'Classifier__SVC__kernel': 'poly', 'Scaler': MinMaxScaler(), 'Selector__max_features': 10}",0.14492753623188406,0.0821256038647343,0.2524271844660194,0.1598267748542126,0.07031902337427531,375
236,0.07081866264343262,0.004472677082051384,0.015487273534138998,0.001268291086352579,0.001,poly,MinMaxScaler(),12,0.001,6.0,3.0,"{'Classifier__SVC__C': 0.001, 'Classifier__SVC__coef0': 6, 'Classifier__SVC__degree': 3, 'Classifier__SVC__gamma': 0.001, 'Classifier__SVC__kernel': 'poly', 'Scaler': MinMaxScaler(), 'Selector__max_features': 12}",0.178743961352657,0.0821256038647343,0.2524271844660194,0.17109891656113688,0.06973517582598834,333
237,0.07138538360595703,0.005951416271816526,0.01931627591451009,0.0066524291646022455,0.001,poly,MinMaxScaler(),14,0.001,6.0,3.0,"{'Classifier__SVC__C': 0.001, 'Classifier__SVC__coef0': 6, 'Classifier__SVC__degree': 3, 'Classifier__SVC__gamma': 0.001, 'Classifier__SVC__kernel': 'poly', 'Scaler': MinMaxScaler(), 'Selector__max_features': 14}",0.20772946859903382,0.0821256038647343,0.2524271844660194,0.1807607523099292,0.07209318429428987,282
238,0.06534099578857422,0.007518101352569215,0.017018477121988933,0.0027307726368814415,0.001,poly,MinMaxScaler(),16,0.001,6.0,3.0,"{'Classifier__SVC__C': 0.001, 'Classifier__SVC__coef0': 6, 'Classifier__SVC__degree': 3, 'Classifier__SVC__gamma': 0.001, 'Classifier__SVC__kernel': 'poly', 'Scaler': MinMaxScaler(), 'Selector__max_features': 16}",0.27053140096618356,0.0821256038647343,0.2524271844660194,0.20169472976564576,0.08487057819724578,198
239,0.06801096598307292,0.009966641011820928,0.01447447141011556,0.0007653742011306616,0.001,poly,MinMaxScaler(),18,0.001,6.0,3.0,"{'Classifier__SVC__C': 0.001, 'Classifier__SVC__coef0': 6, 'Classifier__SVC__degree': 3, 'Classifier__SVC__gamma': 0.001, 'Classifier__SVC__kernel': 'poly', 'Scaler': MinMaxScaler(), 'Selector__max_features': 18}",0.2463768115942029,0.0821256038647343,0.2524271844660194,0.19364319997498555,0.07889352501791616,242
240,0.07103514671325684,0.007928991923916967,0.018384377161661785,0.004611517316608282,0.001,poly,MinMaxScaler(),20,0.001,6.0,3.0,"{'Classifier__SVC__C': 0.001, 'Classifier__SVC__coef0': 6, 'Classifier__SVC__degree': 3, 'Classifier__SVC__gamma': 0.001, 'Classifier__SVC__kernel': 'poly', 'Scaler': MinMaxScaler(), 'Selector__max_features': 20}",0.25120772946859904,0.0821256038647343,0.2524271844660194,0.1952535059331176,0.07999505583646184,217
241,0.07027029991149902,0.01515284082267238,0.02204473813374837,0.00422017577272832,0.001,poly,MinMaxScaler(),24,0.001,6.0,3.0,"{'Classifier__SVC__C': 0.001, 'Classifier__SVC__coef0': 6, 'Classifier__SVC__degree': 3, 'Classifier__SVC__gamma': 0.001, 'Classifier__SVC__kernel': 'poly', 'Scaler': MinMaxScaler(), 'Selector__max_features': 24}",0.2028985507246377,0.0821256038647343,0.2524271844660194,0.17915044635179714,0.07152452462757791,295
242,0.06352432568868001,0.00899964777430878,0.014046033223470053,0.000656903381074044,0.001,poly,MinMaxScaler(),2,0.01,6.0,3.0,"{'Classifier__SVC__C': 0.001, 'Classifier__SVC__coef0': 6, 'Classifier__SVC__degree': 3, 'Classifier__SVC__gamma': 0.01, 'Classifier__SVC__kernel': 'poly', 'Scaler': MinMaxScaler(), 'Selector__max_features': 2}",0.057971014492753624,0.0821256038647343,0.2524271844660194,0.1308412676078358,0.08653790087052843,450
243,0.07053359349568684,0.012876454175153184,0.014409383138020834,0.0008215840199130496,0.001,poly,MinMaxScaler(),4,0.01,6.0,3.0,"{'Classifier__SVC__C': 0.001, 'Classifier__SVC__coef0': 6, 'Classifier__SVC__degree': 3, 'Classifier__SVC__gamma': 0.01, 'Classifier__SVC__kernel': 'poly', 'Scaler': MinMaxScaler(), 'Selector__max_features': 4}",0.07729468599033816,0.0821256038647343,0.2524271844660194,0.13728249144036395,0.08144347606717439,439
244,0.0828097661336263,0.013752191815437144,0.024285634358723957,0.007530807037188767,0.001,poly,MinMaxScaler(),6,0.01,6.0,3.0,"{'Classifier__SVC__C': 0.001, 'Classifier__SVC__coef0': 6, 'Classifier__SVC__degree': 3, 'Classifier__SVC__gamma': 0.01, 'Classifier__SVC__kernel': 'poly', 'Scaler': MinMaxScaler(), 'Selector__max_features': 6}",0.12560386473429952,0.0821256038647343,0.2524271844660194,0.1533855510216844,0.07224736977243304,397
245,0.07314165433247884,0.007987336153380641,0.02019341786702474,0.005318767522824066,0.001,poly,MinMaxScaler(),8,0.01,6.0,3.0,"{'Classifier__SVC__C': 0.001, 'Classifier__SVC__coef0': 6, 'Classifier__SVC__degree': 3, 'Classifier__SVC__gamma': 0.01, 'Classifier__SVC__kernel': 'poly', 'Scaler': MinMaxScaler(), 'Selector__max_features': 8}",0.18840579710144928,0.0821256038647343,0.2524271844660194,0.17431952847740098,0.0702351968348047,315
246,0.07303412755330403,0.008981154655487987,0.013397932052612305,0.0014105896156032917,0.001,poly,MinMaxScaler(),10,0.01,6.0,3.0,"{'Classifier__SVC__C': 0.001, 'Classifier__SVC__coef0': 6, 'Classifier__SVC__degree': 3, 'Classifier__SVC__gamma': 0.01, 'Classifier__SVC__kernel': 'poly', 'Scaler': MinMaxScaler(), 'Selector__max_features': 10}",0.14492753623188406,0.0821256038647343,0.2524271844660194,0.1598267748542126,0.07031902337427531,375
247,0.07699227333068848,0.01466552755998676,0.02148159344991048,0.005333813405694071,0.001,poly,MinMaxScaler(),12,0.01,6.0,3.0,"{'Classifier__SVC__C': 0.001, 'Classifier__SVC__coef0': 6, 'Classifier__SVC__degree': 3, 'Classifier__SVC__gamma': 0.01, 'Classifier__SVC__kernel': 'poly', 'Scaler': MinMaxScaler(), 'Selector__max_features': 12}",0.178743961352657,0.0821256038647343,0.2524271844660194,0.17109891656113688,0.06973517582598834,333
248,0.0743103822072347,0.004029946902726073,0.018023252487182617,0.00446442961195844,0.001,poly,MinMaxScaler(),14,0.01,6.0,3.0,"{'Classifier__SVC__C': 0.001, 'Classifier__SVC__coef0': 6, 'Classifier__SVC__degree': 3, 'Classifier__SVC__gamma': 0.01, 'Classifier__SVC__kernel': 'poly', 'Scaler': MinMaxScaler(), 'Selector__max_features': 14}",0.20772946859903382,0.0821256038647343,0.2524271844660194,0.1807607523099292,0.07209318429428987,282
249,0.08268578847249348,0.016077658903386374,0.016214450200398762,0.0012440227021234995,0.001,poly,MinMaxScaler(),16,0.01,6.0,3.0,"{'Classifier__SVC__C': 0.001, 'Classifier__SVC__coef0': 6, 'Classifier__SVC__degree': 3, 'Classifier__SVC__gamma': 0.01, 'Classifier__SVC__kernel': 'poly', 'Scaler': MinMaxScaler(), 'Selector__max_features': 16}",0.27053140096618356,0.0821256038647343,0.2524271844660194,0.20169472976564576,0.08487057819724578,198
250,0.07070533434549968,0.004509260930003223,0.019925276438395183,0.00414675027968787,0.001,poly,MinMaxScaler(),18,0.01,6.0,3.0,"{'Classifier__SVC__C': 0.001, 'Classifier__SVC__coef0': 6, 'Classifier__SVC__degree': 3, 'Classifier__SVC__gamma': 0.01, 'Classifier__SVC__kernel': 'poly', 'Scaler': MinMaxScaler(), 'Selector__max_features': 18}",0.2463768115942029,0.0821256038647343,0.2524271844660194,0.19364319997498555,0.07889352501791616,242
251,0.0639020601908366,0.0074539183816188,0.017426729202270508,0.0032935905077217565,0.001,poly,MinMaxScaler(),20,0.01,6.0,3.0,"{'Classifier__SVC__C': 0.001, 'Classifier__SVC__coef0': 6, 'Classifier__SVC__degree': 3, 'Classifier__SVC__gamma': 0.01, 'Classifier__SVC__kernel': 'poly', 'Scaler': MinMaxScaler(), 'Selector__max_features': 20}",0.25120772946859904,0.0821256038647343,0.2524271844660194,0.1952535059331176,0.07999505583646184,217
252,0.06830056508382161,0.008561975579577427,0.015382766723632812,0.0012123237703045488,0.001,poly,MinMaxScaler(),24,0.01,6.0,3.0,"{'Classifier__SVC__C': 0.001, 'Classifier__SVC__coef0': 6, 'Classifier__SVC__degree': 3, 'Classifier__SVC__gamma': 0.01, 'Classifier__SVC__kernel': 'poly', 'Scaler': MinMaxScaler(), 'Selector__max_features': 24}",0.19806763285024154,0.0821256038647343,0.2524271844660194,0.17754014039366509,0.07102436459291091,303
253,0.07072798411051433,0.010120547018292634,0.014183839162190756,0.0017260366380889253,0.001,poly,MinMaxScaler(),2,0.001,6.0,5.0,"{'Classifier__SVC__C': 0.001, 'Classifier__SVC__coef0': 6, 'Classifier__SVC__degree': 5, 'Classifier__SVC__gamma': 0.001, 'Classifier__SVC__kernel': 'poly', 'Scaler': MinMaxScaler(), 'Selector__max_features': 2}",0.057971014492753624,0.0821256038647343,0.2524271844660194,0.1308412676078358,0.08653790087052843,450
254,0.0716557502746582,0.0071460180509489235,0.016490459442138672,0.0036615169490094805,0.001,poly,MinMaxScaler(),4,0.001,6.0,5.0,"{'Classifier__SVC__C': 0.001, 'Classifier__SVC__coef0': 6, 'Classifier__SVC__degree': 5, 'Classifier__SVC__gamma': 0.001, 'Classifier__SVC__kernel': 'poly', 'Scaler': MinMaxScaler(), 'Selector__max_features': 4}",0.07729468599033816,0.0821256038647343,0.2524271844660194,0.13728249144036395,0.08144347606717439,439
255,0.06960717837015788,0.0018022476713435303,0.018305857976277668,0.00638014750576054,0.001,poly,MinMaxScaler(),6,0.001,6.0,5.0,"{'Classifier__SVC__C': 0.001, 'Classifier__SVC__coef0': 6, 'Classifier__SVC__degree': 5, 'Classifier__SVC__gamma': 0.001, 'Classifier__SVC__kernel': 'poly', 'Scaler': MinMaxScaler(), 'Selector__max_features': 6}",0.12560386473429952,0.0821256038647343,0.2524271844660194,0.1533855510216844,0.07224736977243304,397
256,0.06069803237915039,0.006469372661957038,0.01538546880086263,0.0009851809258141135,0.001,poly,MinMaxScaler(),8,0.001,6.0,5.0,"{'Classifier__SVC__C': 0.001, 'Classifier__SVC__coef0': 6, 'Classifier__SVC__degree': 5, 'Classifier__SVC__gamma': 0.001, 'Classifier__SVC__kernel': 'poly', 'Scaler': MinMaxScaler(), 'Selector__max_features': 8}",0.18840579710144928,0.0821256038647343,0.2524271844660194,0.17431952847740098,0.0702351968348047,315
257,0.06833815574645996,0.006004596128838398,0.01820977528889974,0.0022055222600335447,0.001,poly,MinMaxScaler(),10,0.001,6.0,5.0,"{'Classifier__SVC__C': 0.001, 'Classifier__SVC__coef0': 6, 'Classifier__SVC__degree': 5, 'Classifier__SVC__gamma': 0.001, 'Classifier__SVC__kernel': 'poly', 'Scaler': MinMaxScaler(), 'Selector__max_features': 10}",0.14492753623188406,0.0821256038647343,0.2524271844660194,0.1598267748542126,0.07031902337427531,375
258,0.08843994140625,0.011454494994693762,0.02052617073059082,0.00515423946009771,0.001,poly,MinMaxScaler(),12,0.001,6.0,5.0,"{'Classifier__SVC__C': 0.001, 'Classifier__SVC__coef0': 6, 'Classifier__SVC__degree': 5, 'Classifier__SVC__gamma': 0.001, 'Classifier__SVC__kernel': 'poly', 'Scaler': MinMaxScaler(), 'Selector__max_features': 12}",0.178743961352657,0.0821256038647343,0.2524271844660194,0.17109891656113688,0.06973517582598834,333
259,0.09846750895182292,0.01663091892536565,0.0182193120320638,0.0033464440727643376,0.001,poly,MinMaxScaler(),14,0.001,6.0,5.0,"{'Classifier__SVC__C': 0.001, 'Classifier__SVC__coef0': 6, 'Classifier__SVC__degree': 5, 'Classifier__SVC__gamma': 0.001, 'Classifier__SVC__kernel': 'poly', 'Scaler': MinMaxScaler(), 'Selector__max_features': 14}",0.20772946859903382,0.0821256038647343,0.2524271844660194,0.1807607523099292,0.07209318429428987,282
260,0.09276390075683594,0.009312927339732298,0.020594199498494465,0.0037060005437020275,0.001,poly,MinMaxScaler(),16,0.001,6.0,5.0,"{'Classifier__SVC__C': 0.001, 'Classifier__SVC__coef0': 6, 'Classifier__SVC__degree': 5, 'Classifier__SVC__gamma': 0.001, 'Classifier__SVC__kernel': 'poly', 'Scaler': MinMaxScaler(), 'Selector__max_features': 16}",0.27053140096618356,0.0821256038647343,0.2524271844660194,0.20169472976564576,0.08487057819724578,198
261,0.09139076868693034,0.014963450261069326,0.016045252482096355,0.0012824621037951201,0.001,poly,MinMaxScaler(),18,0.001,6.0,5.0,"{'Classifier__SVC__C': 0.001, 'Classifier__SVC__coef0': 6, 'Classifier__SVC__degree': 5, 'Classifier__SVC__gamma': 0.001, 'Classifier__SVC__kernel': 'poly', 'Scaler': MinMaxScaler(), 'Selector__max_features': 18}",0.2463768115942029,0.0821256038647343,0.2524271844660194,0.19364319997498555,0.07889352501791616,242
262,0.08280682563781738,0.008581418927432999,0.020534356435139973,0.004774020192495132,0.001,poly,MinMaxScaler(),20,0.001,6.0,5.0,"{'Classifier__SVC__C': 0.001, 'Classifier__SVC__coef0': 6, 'Classifier__SVC__degree': 5, 'Classifier__SVC__gamma': 0.001, 'Classifier__SVC__kernel': 'poly', 'Scaler': MinMaxScaler(), 'Selector__max_features': 20}",0.25120772946859904,0.0821256038647343,0.2524271844660194,0.1952535059331176,0.07999505583646184,217
263,0.07167410850524902,0.0068059680548296034,0.01469882329305013,0.0009399553698029604,0.001,poly,MinMaxScaler(),24,0.001,6.0,5.0,"{'Classifier__SVC__C': 0.001, 'Classifier__SVC__coef0': 6, 'Classifier__SVC__degree': 5, 'Classifier__SVC__gamma': 0.001, 'Classifier__SVC__kernel': 'poly', 'Scaler': MinMaxScaler(), 'Selector__max_features': 24}",0.2028985507246377,0.0821256038647343,0.2524271844660194,0.17915044635179714,0.07152452462757791,295
264,0.08164421717325847,0.005470861981785315,0.01453542709350586,0.0016654459939835287,0.001,poly,MinMaxScaler(),2,0.01,6.0,5.0,"{'Classifier__SVC__C': 0.001, 'Classifier__SVC__coef0': 6, 'Classifier__SVC__degree': 5, 'Classifier__SVC__gamma': 0.01, 'Classifier__SVC__kernel': 'poly', 'Scaler': MinMaxScaler(), 'Selector__max_features': 2}",0.057971014492753624,0.0821256038647343,0.2524271844660194,0.1308412676078358,0.08653790087052843,450
265,0.06318060557047527,0.0018875698168814821,0.014968315760294596,0.0002876271786589626,0.001,poly,MinMaxScaler(),4,0.01,6.0,5.0,"{'Classifier__SVC__C': 0.001, 'Classifier__SVC__coef0': 6, 'Classifier__SVC__degree': 5, 'Classifier__SVC__gamma': 0.01, 'Classifier__SVC__kernel': 'poly', 'Scaler': MinMaxScaler(), 'Selector__max_features': 4}",0.05314009661835749,0.08695652173913043,0.2524271844660194,0.1308412676078358,0.08707559564604796,450
266,0.07489816347757976,0.009831762067533322,0.017678260803222656,0.004519925743931739,0.001,poly,MinMaxScaler(),6,0.01,6.0,5.0,"{'Classifier__SVC__C': 0.001, 'Classifier__SVC__coef0': 6, 'Classifier__SVC__degree': 5, 'Classifier__SVC__gamma': 0.01, 'Classifier__SVC__kernel': 'poly', 'Scaler': MinMaxScaler(), 'Selector__max_features': 6}",0.09178743961352658,0.09178743961352658,0.23786407766990292,0.14047965229898537,0.06886118756173107,429
267,0.06505870819091797,0.003937311909367243,0.014690081278483072,0.0009195126431384902,0.001,poly,MinMaxScaler(),8,0.01,6.0,5.0,"{'Classifier__SVC__C': 0.001, 'Classifier__SVC__coef0': 6, 'Classifier__SVC__degree': 5, 'Classifier__SVC__gamma': 0.01, 'Classifier__SVC__kernel': 'poly', 'Scaler': MinMaxScaler(), 'Selector__max_features': 8}",0.13526570048309178,0.10144927536231885,0.23786407766990292,0.15819301783843784,0.05800285040690602,395
268,0.07375884056091309,0.006185895693751131,0.014591852823893229,0.0019921872068210523,0.001,poly,MinMaxScaler(),10,0.01,6.0,5.0,"{'Classifier__SVC__C': 0.001, 'Classifier__SVC__coef0': 6, 'Classifier__SVC__degree': 5, 'Classifier__SVC__gamma': 0.01, 'Classifier__SVC__kernel': 'poly', 'Scaler': MinMaxScaler(), 'Selector__max_features': 10}",0.15458937198067632,0.12560386473429952,0.2524271844660194,0.17754014039366509,0.054259204656927386,303
269,0.07419784863789876,0.006556561976532674,0.01600305239359538,0.0022143256280609167,0.001,poly,MinMaxScaler(),12,0.01,6.0,5.0,"{'Classifier__SVC__C': 0.001, 'Classifier__SVC__coef0': 6, 'Classifier__SVC__degree': 5, 'Classifier__SVC__gamma': 0.01, 'Classifier__SVC__kernel': 'poly', 'Scaler': MinMaxScaler(), 'Selector__max_features': 12}",0.16908212560386474,0.10628019323671498,0.2621359223300971,0.1791660803902256,0.06402612321496831,294
270,0.07599139213562012,0.005206167340895052,0.016003131866455078,0.0002897413274768737,0.001,poly,MinMaxScaler(),14,0.01,6.0,5.0,"{'Classifier__SVC__C': 0.001, 'Classifier__SVC__coef0': 6, 'Classifier__SVC__degree': 5, 'Classifier__SVC__gamma': 0.01, 'Classifier__SVC__kernel': 'poly', 'Scaler': MinMaxScaler(), 'Selector__max_features': 14}",0.178743961352657,0.15458937198067632,0.2669902912621359,0.20010787486515644,0.0483101387858109,208
271,0.06815775235493977,0.0029756393475967417,0.014543453852335611,0.000786512510383494,0.001,poly,MinMaxScaler(),16,0.01,6.0,5.0,"{'Classifier__SVC__C': 0.001, 'Classifier__SVC__coef0': 6, 'Classifier__SVC__degree': 5, 'Classifier__SVC__gamma': 0.01, 'Classifier__SVC__kernel': 'poly', 'Scaler': MinMaxScaler(), 'Selector__max_features': 16}",0.21256038647342995,0.178743961352657,0.1941747572815534,0.1951597017025468,0.013823054139650076,227
272,0.08797661463419597,0.011382307407044627,0.014442125956217447,0.0019594633214698675,0.001,poly,MinMaxScaler(),18,0.01,6.0,5.0,"{'Classifier__SVC__C': 0.001, 'Classifier__SVC__coef0': 6, 'Classifier__SVC__degree': 5, 'Classifier__SVC__gamma': 0.01, 'Classifier__SVC__kernel': 'poly', 'Scaler': MinMaxScaler(), 'Selector__max_features': 18}",0.2318840579710145,0.23671497584541062,0.20388349514563106,0.22416084298735206,0.014473252767269249,177
273,0.07454681396484375,0.008695103391907199,0.020137866338094074,0.004969120026905803,0.001,poly,MinMaxScaler(),20,0.01,6.0,5.0,"{'Classifier__SVC__C': 0.001, 'Classifier__SVC__coef0': 6, 'Classifier__SVC__degree': 5, 'Classifier__SVC__gamma': 0.01, 'Classifier__SVC__kernel': 'poly', 'Scaler': MinMaxScaler(), 'Selector__max_features': 20}",0.23671497584541062,0.2318840579710145,0.18932038834951456,0.21930647405531323,0.021294888961812992,187
274,0.07793466250101726,0.017340966806180864,0.018374045689900715,0.0041493926948474235,0.001,poly,MinMaxScaler(),24,0.01,6.0,5.0,"{'Classifier__SVC__C': 0.001, 'Classifier__SVC__coef0': 6, 'Classifier__SVC__degree': 5, 'Classifier__SVC__gamma': 0.01, 'Classifier__SVC__kernel': 'poly', 'Scaler': MinMaxScaler(), 'Selector__max_features': 24}",0.2560386473429952,0.26570048309178745,0.10194174757281553,0.20789362600253272,0.07502305501021375,193
275,0.07136297225952148,0.00848274651792827,0.014840841293334961,0.0010738669233821187,0.01,poly,MinMaxScaler(),2,0.001,2.0,3.0,"{'Classifier__SVC__C': 0.01, 'Classifier__SVC__coef0': 2, 'Classifier__SVC__degree': 3, 'Classifier__SVC__gamma': 0.001, 'Classifier__SVC__kernel': 'poly', 'Scaler': MinMaxScaler(), 'Selector__max_features': 2}",0.16908212560386474,0.16908212560386474,0.0825242718446602,0.1402295076841299,0.04080376357205802,430
276,0.08052666982014973,0.009156642876660069,0.018008708953857422,0.0045076132386681605,0.01,poly,MinMaxScaler(),4,0.001,2.0,3.0,"{'Classifier__SVC__C': 0.01, 'Classifier__SVC__coef0': 2, 'Classifier__SVC__degree': 3, 'Classifier__SVC__gamma': 0.001, 'Classifier__SVC__kernel': 'poly', 'Scaler': MinMaxScaler(), 'Selector__max_features': 4}",0.17391304347826086,0.1932367149758454,0.0825242718446602,0.14989134343292215,0.048284523544093294,419
277,0.07050712903340657,0.005245582311986773,0.01716891924540202,0.0035065159523515743,0.01,poly,MinMaxScaler(),6,0.001,2.0,3.0,"{'Classifier__SVC__C': 0.01, 'Classifier__SVC__coef0': 2, 'Classifier__SVC__degree': 3, 'Classifier__SVC__gamma': 0.001, 'Classifier__SVC__kernel': 'poly', 'Scaler': MinMaxScaler(), 'Selector__max_features': 6}",0.1642512077294686,0.2028985507246377,0.0825242718446602,0.14989134343292218,0.0501806472054056,410
278,0.06630937258402507,0.0034358942325444955,0.01893305778503418,0.005731939706269535,0.01,poly,MinMaxScaler(),8,0.001,2.0,3.0,"{'Classifier__SVC__C': 0.01, 'Classifier__SVC__coef0': 2, 'Classifier__SVC__degree': 3, 'Classifier__SVC__gamma': 0.001, 'Classifier__SVC__kernel': 'poly', 'Scaler': MinMaxScaler(), 'Selector__max_features': 8}",0.21739130434782608,0.19806763285024154,0.0825242718446602,0.1659944030142426,0.059547169919524634,354
279,0.07761518160502116,0.005045421242747494,0.015055338541666666,0.0010992671417449555,0.01,poly,MinMaxScaler(),10,0.001,2.0,3.0,"{'Classifier__SVC__C': 0.01, 'Classifier__SVC__coef0': 2, 'Classifier__SVC__degree': 3, 'Classifier__SVC__gamma': 0.001, 'Classifier__SVC__kernel': 'poly', 'Scaler': MinMaxScaler(), 'Selector__max_features': 10}",0.17391304347826086,0.2222222222222222,0.0825242718446602,0.15955317918171444,0.057928309785368136,386
280,0.0955810546875,0.007919127912588675,0.021012147267659504,0.00466992107176812,0.01,poly,MinMaxScaler(),12,0.001,2.0,3.0,"{'Classifier__SVC__C': 0.01, 'Classifier__SVC__coef0': 2, 'Classifier__SVC__degree': 3, 'Classifier__SVC__gamma': 0.001, 'Classifier__SVC__kernel': 'poly', 'Scaler': MinMaxScaler(), 'Selector__max_features': 12}",0.17391304347826086,0.23671497584541062,0.0825242718446602,0.16438409705611057,0.06330768207729041,361
281,0.07553887367248535,0.006070888991624982,0.014798482259114584,0.00041970999419919393,0.01,poly,MinMaxScaler(),14,0.001,2.0,3.0,"{'Classifier__SVC__C': 0.01, 'Classifier__SVC__coef0': 2, 'Classifier__SVC__degree': 3, 'Classifier__SVC__gamma': 0.001, 'Classifier__SVC__kernel': 'poly', 'Scaler': MinMaxScaler(), 'Selector__max_features': 14}",0.21739130434782608,0.2463768115942029,0.0825242718446602,0.18209746259556306,0.07139633578281734,273
282,0.07964277267456055,0.009655389706574837,0.014937241872151693,0.0013476206093959858,0.01,poly,MinMaxScaler(),16,0.001,2.0,3.0,"{'Classifier__SVC__C': 0.01, 'Classifier__SVC__coef0': 2, 'Classifier__SVC__degree': 3, 'Classifier__SVC__gamma': 0.001, 'Classifier__SVC__kernel': 'poly', 'Scaler': MinMaxScaler(), 'Selector__max_features': 16}",0.27053140096618356,0.2318840579710145,0.0825242718446602,0.19497991026061942,0.08106831373930788,228
283,0.06991338729858398,0.00343309382889127,0.015897830327351887,0.0004841298233044278,0.01,poly,MinMaxScaler(),18,0.001,2.0,3.0,"{'Classifier__SVC__C': 0.01, 'Classifier__SVC__coef0': 2, 'Classifier__SVC__degree': 3, 'Classifier__SVC__gamma': 0.001, 'Classifier__SVC__kernel': 'poly', 'Scaler': MinMaxScaler(), 'Selector__max_features': 18}",0.25120772946859904,0.2463768115942029,0.0825242718446602,0.19336960430248737,0.0784042951104167,252
284,0.07349212964375813,0.007565145730812425,0.017511685689290363,0.004623558596738018,0.01,poly,MinMaxScaler(),20,0.001,2.0,3.0,"{'Classifier__SVC__C': 0.01, 'Classifier__SVC__coef0': 2, 'Classifier__SVC__degree': 3, 'Classifier__SVC__gamma': 0.001, 'Classifier__SVC__kernel': 'poly', 'Scaler': MinMaxScaler(), 'Selector__max_features': 20}",0.2560386473429952,0.2463768115942029,0.0825242718446602,0.19497991026061942,0.07961591434784415,228
285,0.07796080907185872,0.008509552547258884,0.01689569155375163,0.001437313034526785,0.01,poly,MinMaxScaler(),24,0.001,2.0,3.0,"{'Classifier__SVC__C': 0.01, 'Classifier__SVC__coef0': 2, 'Classifier__SVC__degree': 3, 'Classifier__SVC__gamma': 0.001, 'Classifier__SVC__kernel': 'poly', 'Scaler': MinMaxScaler(), 'Selector__max_features': 24}",0.21256038647342995,0.21256038647342995,0.0825242718446602,0.1692150149305067,0.06129961230210287,347
286,0.06554071108500163,0.0022639932533879688,0.019251346588134766,0.004802174633861451,0.01,poly,MinMaxScaler(),2,0.01,2.0,3.0,"{'Classifier__SVC__C': 0.01, 'Classifier__SVC__coef0': 2, 'Classifier__SVC__degree': 3, 'Classifier__SVC__gamma': 0.01, 'Classifier__SVC__kernel': 'poly', 'Scaler': MinMaxScaler(), 'Selector__max_features': 2}",0.16908212560386474,0.16908212560386474,0.0825242718446602,0.1402295076841299,0.04080376357205802,430
287,0.07232157389322917,0.00317426991328353,0.015059471130371094,0.0006696691950371106,0.01,poly,MinMaxScaler(),4,0.01,2.0,3.0,"{'Classifier__SVC__C': 0.01, 'Classifier__SVC__coef0': 2, 'Classifier__SVC__degree': 3, 'Classifier__SVC__gamma': 0.01, 'Classifier__SVC__kernel': 'poly', 'Scaler': MinMaxScaler(), 'Selector__max_features': 4}",0.17391304347826086,0.1932367149758454,0.0825242718446602,0.14989134343292215,0.048284523544093294,419
288,0.07168976465861003,0.0007414309353719131,0.015764951705932617,0.0010060394130481842,0.01,poly,MinMaxScaler(),6,0.01,2.0,3.0,"{'Classifier__SVC__C': 0.01, 'Classifier__SVC__coef0': 2, 'Classifier__SVC__degree': 3, 'Classifier__SVC__gamma': 0.01, 'Classifier__SVC__kernel': 'poly', 'Scaler': MinMaxScaler(), 'Selector__max_features': 6}",0.1642512077294686,0.2028985507246377,0.0825242718446602,0.14989134343292218,0.0501806472054056,410
289,0.06368462244669597,0.004081505778667278,0.013767004013061523,0.0006265848009738355,0.01,poly,MinMaxScaler(),8,0.01,2.0,3.0,"{'Classifier__SVC__C': 0.01, 'Classifier__SVC__coef0': 2, 'Classifier__SVC__degree': 3, 'Classifier__SVC__gamma': 0.01, 'Classifier__SVC__kernel': 'poly', 'Scaler': MinMaxScaler(), 'Selector__max_features': 8}",0.21256038647342995,0.19806763285024154,0.0825242718446602,0.16438409705611057,0.05818523990745714,361
290,0.08663344383239746,0.02086697837006642,0.018567005793253582,0.0061375503031673275,0.01,poly,MinMaxScaler(),10,0.01,2.0,3.0,"{'Classifier__SVC__C': 0.01, 'Classifier__SVC__coef0': 2, 'Classifier__SVC__degree': 3, 'Classifier__SVC__gamma': 0.01, 'Classifier__SVC__kernel': 'poly', 'Scaler': MinMaxScaler(), 'Selector__max_features': 10}",0.17391304347826086,0.2222222222222222,0.0825242718446602,0.15955317918171444,0.057928309785368136,386
291,0.08484244346618652,0.014936709841365093,0.01744675636291504,0.005431766037600257,0.01,poly,MinMaxScaler(),12,0.01,2.0,3.0,"{'Classifier__SVC__C': 0.01, 'Classifier__SVC__coef0': 2, 'Classifier__SVC__degree': 3, 'Classifier__SVC__gamma': 0.01, 'Classifier__SVC__kernel': 'poly', 'Scaler': MinMaxScaler(), 'Selector__max_features': 12}",0.16908212560386474,0.24154589371980675,0.0825242718446602,0.16438409705611057,0.06500524419935752,361
292,0.07376821835835774,0.011591886951516474,0.021176576614379883,0.006028803752165835,0.01,poly,MinMaxScaler(),14,0.01,2.0,3.0,"{'Classifier__SVC__C': 0.01, 'Classifier__SVC__coef0': 2, 'Classifier__SVC__degree': 3, 'Classifier__SVC__gamma': 0.01, 'Classifier__SVC__kernel': 'poly', 'Scaler': MinMaxScaler(), 'Selector__max_features': 14}",0.21739130434782608,0.2463768115942029,0.0825242718446602,0.18209746259556306,0.07139633578281734,273
293,0.0755620002746582,0.007560223792680885,0.014699061711629232,0.0001405331860950725,0.01,poly,MinMaxScaler(),16,0.01,2.0,3.0,"{'Classifier__SVC__C': 0.01, 'Classifier__SVC__coef0': 2, 'Classifier__SVC__degree': 3, 'Classifier__SVC__gamma': 0.01, 'Classifier__SVC__kernel': 'poly', 'Scaler': MinMaxScaler(), 'Selector__max_features': 16}",0.27053140096618356,0.2318840579710145,0.0825242718446602,0.19497991026061942,0.08106831373930788,228
294,0.06797051429748535,0.006393905124795127,0.01868120829264323,0.0029694204437113697,0.01,poly,MinMaxScaler(),18,0.01,2.0,3.0,"{'Classifier__SVC__C': 0.01, 'Classifier__SVC__coef0': 2, 'Classifier__SVC__degree': 3, 'Classifier__SVC__gamma': 0.01, 'Classifier__SVC__kernel': 'poly', 'Scaler': MinMaxScaler(), 'Selector__max_features': 18}",0.25120772946859904,0.2463768115942029,0.0825242718446602,0.19336960430248737,0.0784042951104167,252
295,0.07565975189208984,0.008084396370640038,0.015818675359090168,0.0012430876499451757,0.01,poly,MinMaxScaler(),20,0.01,2.0,3.0,"{'Classifier__SVC__C': 0.01, 'Classifier__SVC__coef0': 2, 'Classifier__SVC__degree': 3, 'Classifier__SVC__gamma': 0.01, 'Classifier__SVC__kernel': 'poly', 'Scaler': MinMaxScaler(), 'Selector__max_features': 20}",0.2560386473429952,0.25120772946859904,0.0825242718446602,0.19659021621875147,0.08068091137868261,216
296,0.06968299547831218,0.00417045962696539,0.015636603037516277,0.00045268802650461754,0.01,poly,MinMaxScaler(),24,0.01,2.0,3.0,"{'Classifier__SVC__C': 0.01, 'Classifier__SVC__coef0': 2, 'Classifier__SVC__degree': 3, 'Classifier__SVC__gamma': 0.01, 'Classifier__SVC__kernel': 'poly', 'Scaler': MinMaxScaler(), 'Selector__max_features': 24}",0.2028985507246377,0.20772946859903382,0.0825242718446602,0.1643840970561106,0.057917226450709784,360
297,0.0676126480102539,0.011914986857205602,0.014154513676961264,0.001496025401620827,0.01,poly,MinMaxScaler(),2,0.001,2.0,5.0,"{'Classifier__SVC__C': 0.01, 'Classifier__SVC__coef0': 2, 'Classifier__SVC__degree': 5, 'Classifier__SVC__gamma': 0.001, 'Classifier__SVC__kernel': 'poly', 'Scaler': MinMaxScaler(), 'Selector__max_features': 2}",0.16908212560386474,0.16908212560386474,0.0825242718446602,0.1402295076841299,0.04080376357205802,430
298,0.06978837649027507,0.0023532447140046883,0.013163328170776367,0.00036043984846516574,0.01,poly,MinMaxScaler(),4,0.001,2.0,5.0,"{'Classifier__SVC__C': 0.01, 'Classifier__SVC__coef0': 2, 'Classifier__SVC__degree': 5, 'Classifier__SVC__gamma': 0.001, 'Classifier__SVC__kernel': 'poly', 'Scaler': MinMaxScaler(), 'Selector__max_features': 4}",0.17391304347826086,0.1932367149758454,0.0825242718446602,0.14989134343292215,0.048284523544093294,419
299,0.0680554707845052,0.009545137573984758,0.021028836568196613,0.005207405528506185,0.01,poly,MinMaxScaler(),6,0.001,2.0,5.0,"{'Classifier__SVC__C': 0.01, 'Classifier__SVC__coef0': 2, 'Classifier__SVC__degree': 5, 'Classifier__SVC__gamma': 0.001, 'Classifier__SVC__kernel': 'poly', 'Scaler': MinMaxScaler(), 'Selector__max_features': 6}",0.1642512077294686,0.2028985507246377,0.0825242718446602,0.14989134343292218,0.0501806472054056,410
300,0.06527773539225261,0.004205426248479877,0.020859241485595703,0.007394597358418316,0.01,poly,MinMaxScaler(),8,0.001,2.0,5.0,"{'Classifier__SVC__C': 0.01, 'Classifier__SVC__coef0': 2, 'Classifier__SVC__degree': 5, 'Classifier__SVC__gamma': 0.001, 'Classifier__SVC__kernel': 'poly', 'Scaler': MinMaxScaler(), 'Selector__max_features': 8}",0.21739130434782608,0.19806763285024154,0.0825242718446602,0.1659944030142426,0.059547169919524634,354
301,0.07794300715128581,0.012299371924793884,0.015503724416097006,0.0023626650396464336,0.01,poly,MinMaxScaler(),10,0.001,2.0,5.0,"{'Classifier__SVC__C': 0.01, 'Classifier__SVC__coef0': 2, 'Classifier__SVC__degree': 5, 'Classifier__SVC__gamma': 0.001, 'Classifier__SVC__kernel': 'poly', 'Scaler': MinMaxScaler(), 'Selector__max_features': 10}",0.17391304347826086,0.2222222222222222,0.0825242718446602,0.15955317918171444,0.057928309785368136,386
302,0.06514318784077962,0.003291978263954881,0.015768766403198242,0.0013429660099108893,0.01,poly,MinMaxScaler(),12,0.001,2.0,5.0,"{'Classifier__SVC__C': 0.01, 'Classifier__SVC__coef0': 2, 'Classifier__SVC__degree': 5, 'Classifier__SVC__gamma': 0.001, 'Classifier__SVC__kernel': 'poly', 'Scaler': MinMaxScaler(), 'Selector__max_features': 12}",0.17391304347826086,0.23671497584541062,0.0825242718446602,0.16438409705611057,0.06330768207729041,361
303,0.07477378845214844,0.015412385276307446,0.022653977076212566,0.007340765724166621,0.01,poly,MinMaxScaler(),14,0.001,2.0,5.0,"{'Classifier__SVC__C': 0.01, 'Classifier__SVC__coef0': 2, 'Classifier__SVC__degree': 5, 'Classifier__SVC__gamma': 0.001, 'Classifier__SVC__kernel': 'poly', 'Scaler': MinMaxScaler(), 'Selector__max_features': 14}",0.21739130434782608,0.2463768115942029,0.0825242718446602,0.18209746259556306,0.07139633578281734,273
304,0.07076350847880046,0.008985950941703319,0.023851792017618816,0.005718445179212668,0.01,poly,MinMaxScaler(),16,0.001,2.0,5.0,"{'Classifier__SVC__C': 0.01, 'Classifier__SVC__coef0': 2, 'Classifier__SVC__degree': 5, 'Classifier__SVC__gamma': 0.001, 'Classifier__SVC__kernel': 'poly', 'Scaler': MinMaxScaler(), 'Selector__max_features': 16}",0.27053140096618356,0.2318840579710145,0.0825242718446602,0.19497991026061942,0.08106831373930788,228
305,0.07182153065999348,0.008135973900637744,0.015259504318237305,0.0011238984214450992,0.01,poly,MinMaxScaler(),18,0.001,2.0,5.0,"{'Classifier__SVC__C': 0.01, 'Classifier__SVC__coef0': 2, 'Classifier__SVC__degree': 5, 'Classifier__SVC__gamma': 0.001, 'Classifier__SVC__kernel': 'poly', 'Scaler': MinMaxScaler(), 'Selector__max_features': 18}",0.25120772946859904,0.2463768115942029,0.0825242718446602,0.19336960430248737,0.0784042951104167,252
306,0.07058954238891602,0.01504727697115811,0.015118678410847982,0.0010687891455798248,0.01,poly,MinMaxScaler(),20,0.001,2.0,5.0,"{'Classifier__SVC__C': 0.01, 'Classifier__SVC__coef0': 2, 'Classifier__SVC__degree': 5, 'Classifier__SVC__gamma': 0.001, 'Classifier__SVC__kernel': 'poly', 'Scaler': MinMaxScaler(), 'Selector__max_features': 20}",0.2560386473429952,0.2463768115942029,0.0825242718446602,0.19497991026061942,0.07961591434784415,228
307,0.07262102762858073,0.012082209041562757,0.014826377232869467,0.002111198643501964,0.01,poly,MinMaxScaler(),24,0.001,2.0,5.0,"{'Classifier__SVC__C': 0.01, 'Classifier__SVC__coef0': 2, 'Classifier__SVC__degree': 5, 'Classifier__SVC__gamma': 0.001, 'Classifier__SVC__kernel': 'poly', 'Scaler': MinMaxScaler(), 'Selector__max_features': 24}",0.20772946859903382,0.21256038647342995,0.0825242718446602,0.16760470897237464,0.06019327220578459,350
308,0.0720502535502116,0.008020812683763591,0.01475373903910319,0.0013200926814859362,0.01,poly,MinMaxScaler(),2,0.01,2.0,5.0,"{'Classifier__SVC__C': 0.01, 'Classifier__SVC__coef0': 2, 'Classifier__SVC__degree': 5, 'Classifier__SVC__gamma': 0.01, 'Classifier__SVC__kernel': 'poly', 'Scaler': MinMaxScaler(), 'Selector__max_features': 2}",0.16908212560386474,0.17391304347826086,0.0825242718446602,0.14183981364226192,0.04198876489359639,428
309,0.06092357635498047,0.0010372320203249498,0.017332712809244793,0.0058775165542827475,0.01,poly,MinMaxScaler(),4,0.01,2.0,5.0,"{'Classifier__SVC__C': 0.01, 'Classifier__SVC__coef0': 2, 'Classifier__SVC__degree': 5, 'Classifier__SVC__gamma': 0.01, 'Classifier__SVC__kernel': 'poly', 'Scaler': MinMaxScaler(), 'Selector__max_features': 4}",0.178743961352657,0.1932367149758454,0.0825242718446602,0.1515016493910542,0.04913192401944615,409
310,0.08051816622416179,0.016176552749982084,0.014444589614868164,0.0007047826606103782,0.01,poly,MinMaxScaler(),6,0.01,2.0,5.0,"{'Classifier__SVC__C': 0.01, 'Classifier__SVC__coef0': 2, 'Classifier__SVC__degree': 5, 'Classifier__SVC__gamma': 0.01, 'Classifier__SVC__kernel': 'poly', 'Scaler': MinMaxScaler(), 'Selector__max_features': 6}",0.1642512077294686,0.2028985507246377,0.0825242718446602,0.14989134343292218,0.0501806472054056,410
311,0.0716093381245931,0.004262135145755122,0.014802853266398111,0.002703334943391814,0.01,poly,MinMaxScaler(),8,0.01,2.0,5.0,"{'Classifier__SVC__C': 0.01, 'Classifier__SVC__coef0': 2, 'Classifier__SVC__degree': 5, 'Classifier__SVC__gamma': 0.01, 'Classifier__SVC__kernel': 'poly', 'Scaler': MinMaxScaler(), 'Selector__max_features': 8}",0.21256038647342995,0.1932367149758454,0.0825242718446602,0.16277379109797854,0.05729072103652953,373
312,0.07862305641174316,0.011641126290976593,0.020661433537801106,0.006949365156020118,0.01,poly,MinMaxScaler(),10,0.01,2.0,5.0,"{'Classifier__SVC__C': 0.01, 'Classifier__SVC__coef0': 2, 'Classifier__SVC__degree': 5, 'Classifier__SVC__gamma': 0.01, 'Classifier__SVC__kernel': 'poly', 'Scaler': MinMaxScaler(), 'Selector__max_features': 10}",0.17391304347826086,0.22705314009661837,0.0825242718446602,0.1611634851398465,0.05968842360076446,374
313,0.07359997431437175,0.007580524028638179,0.016893943150838215,0.003718527378898497,0.01,poly,MinMaxScaler(),12,0.01,2.0,5.0,"{'Classifier__SVC__C': 0.01, 'Classifier__SVC__coef0': 2, 'Classifier__SVC__degree': 5, 'Classifier__SVC__gamma': 0.01, 'Classifier__SVC__kernel': 'poly', 'Scaler': MinMaxScaler(), 'Selector__max_features': 12}",0.16908212560386474,0.24154589371980675,0.0825242718446602,0.16438409705611057,0.06500524419935752,361
314,0.07640401522318523,0.008171115441146395,0.016883214314778645,0.004498352794082898,0.01,poly,MinMaxScaler(),14,0.01,2.0,5.0,"{'Classifier__SVC__C': 0.01, 'Classifier__SVC__coef0': 2, 'Classifier__SVC__degree': 5, 'Classifier__SVC__gamma': 0.01, 'Classifier__SVC__kernel': 'poly', 'Scaler': MinMaxScaler(), 'Selector__max_features': 14}",0.21739130434782608,0.2463768115942029,0.0825242718446602,0.18209746259556306,0.07139633578281734,273
315,0.06995828946431477,0.007304519139932672,0.01695855458577474,0.0021418466543721014,0.01,poly,MinMaxScaler(),16,0.01,2.0,5.0,"{'Classifier__SVC__C': 0.01, 'Classifier__SVC__coef0': 2, 'Classifier__SVC__degree': 5, 'Classifier__SVC__gamma': 0.01, 'Classifier__SVC__kernel': 'poly', 'Scaler': MinMaxScaler(), 'Selector__max_features': 16}",0.26570048309178745,0.2318840579710145,0.0825242718446602,0.19336960430248737,0.07958602661167721,252
316,0.06888254483540852,0.0008029659615776927,0.014954566955566406,0.0010963796678595738,0.01,poly,MinMaxScaler(),18,0.01,2.0,5.0,"{'Classifier__SVC__C': 0.01, 'Classifier__SVC__coef0': 2, 'Classifier__SVC__degree': 5, 'Classifier__SVC__gamma': 0.01, 'Classifier__SVC__kernel': 'poly', 'Scaler': MinMaxScaler(), 'Selector__max_features': 18}",0.24154589371980675,0.23671497584541062,0.0825242718446602,0.1869283804699592,0.07385119211522458,268
317,0.06906016667683919,0.012855954010727593,0.01753067970275879,0.0027721359524020884,0.01,poly,MinMaxScaler(),20,0.01,2.0,5.0,"{'Classifier__SVC__C': 0.01, 'Classifier__SVC__coef0': 2, 'Classifier__SVC__degree': 5, 'Classifier__SVC__gamma': 0.01, 'Classifier__SVC__kernel': 'poly', 'Scaler': MinMaxScaler(), 'Selector__max_features': 20}",0.2560386473429952,0.24154589371980675,0.0825242718446602,0.19336960430248737,0.07860248415353588,252
318,0.06912628809611003,0.005034813944355319,0.019147237141927082,0.002851486214914538,0.01,poly,MinMaxScaler(),24,0.01,2.0,5.0,"{'Classifier__SVC__C': 0.01, 'Classifier__SVC__coef0': 2, 'Classifier__SVC__degree': 5, 'Classifier__SVC__gamma': 0.01, 'Classifier__SVC__kernel': 'poly', 'Scaler': MinMaxScaler(), 'Selector__max_features': 24}",0.19806763285024154,0.19806763285024154,0.0825242718446602,0.15955317918171444,0.054467662725421244,386
319,0.0599373976389567,0.0011748102574247598,0.015573978424072266,0.001915288264970273,0.01,poly,MinMaxScaler(),2,0.001,4.0,3.0,"{'Classifier__SVC__C': 0.01, 'Classifier__SVC__coef0': 4, 'Classifier__SVC__degree': 3, 'Classifier__SVC__gamma': 0.001, 'Classifier__SVC__kernel': 'poly', 'Scaler': MinMaxScaler(), 'Selector__max_features': 2}",0.16908212560386474,0.16908212560386474,0.0825242718446602,0.1402295076841299,0.04080376357205802,430
320,0.07390284538269043,0.005927559942205403,0.017657677332560223,0.002561554614706626,0.01,poly,MinMaxScaler(),4,0.001,4.0,3.0,"{'Classifier__SVC__C': 0.01, 'Classifier__SVC__coef0': 4, 'Classifier__SVC__degree': 3, 'Classifier__SVC__gamma': 0.001, 'Classifier__SVC__kernel': 'poly', 'Scaler': MinMaxScaler(), 'Selector__max_features': 4}",0.17391304347826086,0.1932367149758454,0.0825242718446602,0.14989134343292215,0.048284523544093294,419
321,0.06556963920593262,0.002611657734519567,0.014745155970255533,0.00040170737533246574,0.01,poly,MinMaxScaler(),6,0.001,4.0,3.0,"{'Classifier__SVC__C': 0.01, 'Classifier__SVC__coef0': 4, 'Classifier__SVC__degree': 3, 'Classifier__SVC__gamma': 0.001, 'Classifier__SVC__kernel': 'poly', 'Scaler': MinMaxScaler(), 'Selector__max_features': 6}",0.1642512077294686,0.2028985507246377,0.0825242718446602,0.14989134343292218,0.0501806472054056,410
322,0.06969634691874187,0.011932614912522135,0.01656953493754069,0.0037367988524871715,0.01,poly,MinMaxScaler(),8,0.001,4.0,3.0,"{'Classifier__SVC__C': 0.01, 'Classifier__SVC__coef0': 4, 'Classifier__SVC__degree': 3, 'Classifier__SVC__gamma': 0.001, 'Classifier__SVC__kernel': 'poly', 'Scaler': MinMaxScaler(), 'Selector__max_features': 8}",0.21739130434782608,0.19806763285024154,0.0825242718446602,0.1659944030142426,0.059547169919524634,354
323,0.07204031944274902,0.01166810722534635,0.016752163569132488,0.0026883825134067355,0.01,poly,MinMaxScaler(),10,0.001,4.0,3.0,"{'Classifier__SVC__C': 0.01, 'Classifier__SVC__coef0': 4, 'Classifier__SVC__degree': 3, 'Classifier__SVC__gamma': 0.001, 'Classifier__SVC__kernel': 'poly', 'Scaler': MinMaxScaler(), 'Selector__max_features': 10}",0.17391304347826086,0.2222222222222222,0.0825242718446602,0.15955317918171444,0.057928309785368136,386
324,0.0596777598063151,0.006875537467140094,0.014358043670654297,0.0009252253945622007,0.01,poly,MinMaxScaler(),12,0.001,4.0,3.0,"{'Classifier__SVC__C': 0.01, 'Classifier__SVC__coef0': 4, 'Classifier__SVC__degree': 3, 'Classifier__SVC__gamma': 0.001, 'Classifier__SVC__kernel': 'poly', 'Scaler': MinMaxScaler(), 'Selector__max_features': 12}",0.17391304347826086,0.23671497584541062,0.0825242718446602,0.16438409705611057,0.06330768207729041,361
325,0.06562995910644531,0.004379344478297738,0.014574527740478516,0.0003357662204038783,0.01,poly,MinMaxScaler(),14,0.001,4.0,3.0,"{'Classifier__SVC__C': 0.01, 'Classifier__SVC__coef0': 4, 'Classifier__SVC__degree': 3, 'Classifier__SVC__gamma': 0.001, 'Classifier__SVC__kernel': 'poly', 'Scaler': MinMaxScaler(), 'Selector__max_features': 14}",0.21739130434782608,0.2463768115942029,0.0825242718446602,0.18209746259556306,0.07139633578281734,273
326,0.0680692990620931,0.005117775412741944,0.014258623123168945,0.0016888487827001735,0.01,poly,MinMaxScaler(),16,0.001,4.0,3.0,"{'Classifier__SVC__C': 0.01, 'Classifier__SVC__coef0': 4, 'Classifier__SVC__degree': 3, 'Classifier__SVC__gamma': 0.001, 'Classifier__SVC__kernel': 'poly', 'Scaler': MinMaxScaler(), 'Selector__max_features': 16}",0.27053140096618356,0.2318840579710145,0.0825242718446602,0.19497991026061942,0.08106831373930788,228
327,0.07421382268269856,0.009365768338931327,0.02064681053161621,0.008491250405220203,0.01,poly,MinMaxScaler(),18,0.001,4.0,3.0,"{'Classifier__SVC__C': 0.01, 'Classifier__SVC__coef0': 4, 'Classifier__SVC__degree': 3, 'Classifier__SVC__gamma': 0.001, 'Classifier__SVC__kernel': 'poly', 'Scaler': MinMaxScaler(), 'Selector__max_features': 18}",0.25120772946859904,0.24154589371980675,0.0825242718446602,0.19175929834435532,0.07734147670472372,260
328,0.07565649350484212,0.013919894743174536,0.015520572662353516,0.0012630906442163148,0.01,poly,MinMaxScaler(),20,0.001,4.0,3.0,"{'Classifier__SVC__C': 0.01, 'Classifier__SVC__coef0': 4, 'Classifier__SVC__degree': 3, 'Classifier__SVC__gamma': 0.001, 'Classifier__SVC__kernel': 'poly', 'Scaler': MinMaxScaler(), 'Selector__max_features': 20}",0.2560386473429952,0.2463768115942029,0.0825242718446602,0.19497991026061942,0.07961591434784415,228
329,0.0738512674967448,0.007845252024116805,0.016614357630411785,0.0048050319707623745,0.01,poly,MinMaxScaler(),24,0.001,4.0,3.0,"{'Classifier__SVC__C': 0.01, 'Classifier__SVC__coef0': 4, 'Classifier__SVC__degree': 3, 'Classifier__SVC__gamma': 0.001, 'Classifier__SVC__kernel': 'poly', 'Scaler': MinMaxScaler(), 'Selector__max_features': 24}",0.21256038647342995,0.21256038647342995,0.0825242718446602,0.1692150149305067,0.06129961230210287,347
330,0.06507285435994466,0.003227497947820326,0.01926875114440918,0.009089899476965044,0.01,poly,MinMaxScaler(),2,0.01,4.0,3.0,"{'Classifier__SVC__C': 0.01, 'Classifier__SVC__coef0': 4, 'Classifier__SVC__degree': 3, 'Classifier__SVC__gamma': 0.01, 'Classifier__SVC__kernel': 'poly', 'Scaler': MinMaxScaler(), 'Selector__max_features': 2}",0.16908212560386474,0.16908212560386474,0.0825242718446602,0.1402295076841299,0.04080376357205802,430
331,0.06889772415161133,0.003678799401763429,0.013345559438069662,0.0025102951259525176,0.01,poly,MinMaxScaler(),4,0.01,4.0,3.0,"{'Classifier__SVC__C': 0.01, 'Classifier__SVC__coef0': 4, 'Classifier__SVC__degree': 3, 'Classifier__SVC__gamma': 0.01, 'Classifier__SVC__kernel': 'poly', 'Scaler': MinMaxScaler(), 'Selector__max_features': 4}",0.17391304347826086,0.1932367149758454,0.0825242718446602,0.14989134343292215,0.048284523544093294,419
332,0.08587861061096191,0.01836939785508986,0.019570191701253254,0.0037071253234357672,0.01,poly,MinMaxScaler(),6,0.01,4.0,3.0,"{'Classifier__SVC__C': 0.01, 'Classifier__SVC__coef0': 4, 'Classifier__SVC__degree': 3, 'Classifier__SVC__gamma': 0.01, 'Classifier__SVC__kernel': 'poly', 'Scaler': MinMaxScaler(), 'Selector__max_features': 6}",0.1642512077294686,0.2028985507246377,0.0825242718446602,0.14989134343292218,0.0501806472054056,410
333,0.06117479006449381,0.010698751387121718,0.01970195770263672,0.008352757196658107,0.01,poly,MinMaxScaler(),8,0.01,4.0,3.0,"{'Classifier__SVC__C': 0.01, 'Classifier__SVC__coef0': 4, 'Classifier__SVC__degree': 3, 'Classifier__SVC__gamma': 0.01, 'Classifier__SVC__kernel': 'poly', 'Scaler': MinMaxScaler(), 'Selector__max_features': 8}",0.21256038647342995,0.19806763285024154,0.0825242718446602,0.16438409705611057,0.05818523990745714,361
334,0.06414357821146648,0.004380515754045123,0.0146942138671875,0.001598452122501073,0.01,poly,MinMaxScaler(),10,0.01,4.0,3.0,"{'Classifier__SVC__C': 0.01, 'Classifier__SVC__coef0': 4, 'Classifier__SVC__degree': 3, 'Classifier__SVC__gamma': 0.01, 'Classifier__SVC__kernel': 'poly', 'Scaler': MinMaxScaler(), 'Selector__max_features': 10}",0.17391304347826086,0.2222222222222222,0.0825242718446602,0.15955317918171444,0.057928309785368136,386
335,0.06855384508768718,0.005360507957641448,0.01434946060180664,0.0009643773651919196,0.01,poly,MinMaxScaler(),12,0.01,4.0,3.0,"{'Classifier__SVC__C': 0.01, 'Classifier__SVC__coef0': 4, 'Classifier__SVC__degree': 3, 'Classifier__SVC__gamma': 0.01, 'Classifier__SVC__kernel': 'poly', 'Scaler': MinMaxScaler(), 'Selector__max_features': 12}",0.17391304347826086,0.23671497584541062,0.0825242718446602,0.16438409705611057,0.06330768207729041,361
336,0.07375113169352214,0.01192750473543919,0.02122362454732259,0.008016274887935082,0.01,poly,MinMaxScaler(),14,0.01,4.0,3.0,"{'Classifier__SVC__C': 0.01, 'Classifier__SVC__coef0': 4, 'Classifier__SVC__degree': 3, 'Classifier__SVC__gamma': 0.01, 'Classifier__SVC__kernel': 'poly', 'Scaler': MinMaxScaler(), 'Selector__max_features': 14}",0.21739130434782608,0.2463768115942029,0.0825242718446602,0.18209746259556306,0.07139633578281734,273
337,0.060122410456339516,0.003462245274680721,0.016957680384318035,0.004029405704266504,0.01,poly,MinMaxScaler(),16,0.01,4.0,3.0,"{'Classifier__SVC__C': 0.01, 'Classifier__SVC__coef0': 4, 'Classifier__SVC__degree': 3, 'Classifier__SVC__gamma': 0.01, 'Classifier__SVC__kernel': 'poly', 'Scaler': MinMaxScaler(), 'Selector__max_features': 16}",0.27053140096618356,0.2318840579710145,0.0825242718446602,0.19497991026061942,0.08106831373930788,228
338,0.08179450035095215,0.010861568638045016,0.01440739631652832,0.0008383851162287944,0.01,poly,MinMaxScaler(),18,0.01,4.0,3.0,"{'Classifier__SVC__C': 0.01, 'Classifier__SVC__coef0': 4, 'Classifier__SVC__degree': 3, 'Classifier__SVC__gamma': 0.01, 'Classifier__SVC__kernel': 'poly', 'Scaler': MinMaxScaler(), 'Selector__max_features': 18}",0.25120772946859904,0.2463768115942029,0.0825242718446602,0.19336960430248737,0.0784042951104167,252
339,0.07317169507344563,0.014335071438420584,0.014870325724283854,0.004493429852952356,0.01,poly,MinMaxScaler(),20,0.01,4.0,3.0,"{'Classifier__SVC__C': 0.01, 'Classifier__SVC__coef0': 4, 'Classifier__SVC__degree': 3, 'Classifier__SVC__gamma': 0.01, 'Classifier__SVC__kernel': 'poly', 'Scaler': MinMaxScaler(), 'Selector__max_features': 20}",0.2560386473429952,0.2463768115942029,0.0825242718446602,0.19497991026061942,0.07961591434784415,228
340,0.07966375350952148,0.004222910582948662,0.01557620366414388,0.0014279585593407278,0.01,poly,MinMaxScaler(),24,0.01,4.0,3.0,"{'Classifier__SVC__C': 0.01, 'Classifier__SVC__coef0': 4, 'Classifier__SVC__degree': 3, 'Classifier__SVC__gamma': 0.01, 'Classifier__SVC__kernel': 'poly', 'Scaler': MinMaxScaler(), 'Selector__max_features': 24}",0.2028985507246377,0.21256038647342995,0.0825242718446602,0.16599440301424262,0.059153950928119925,351
341,0.06495134035746257,0.007302969389110857,0.014154354731241861,0.0009448501584897691,0.01,poly,MinMaxScaler(),2,0.001,4.0,5.0,"{'Classifier__SVC__C': 0.01, 'Classifier__SVC__coef0': 4, 'Classifier__SVC__degree': 5, 'Classifier__SVC__gamma': 0.001, 'Classifier__SVC__kernel': 'poly', 'Scaler': MinMaxScaler(), 'Selector__max_features': 2}",0.16908212560386474,0.16908212560386474,0.0825242718446602,0.1402295076841299,0.04080376357205802,430
342,0.06924772262573242,0.001443120750141918,0.020678202311197918,0.008860868825343333,0.01,poly,MinMaxScaler(),4,0.001,4.0,5.0,"{'Classifier__SVC__C': 0.01, 'Classifier__SVC__coef0': 4, 'Classifier__SVC__degree': 5, 'Classifier__SVC__gamma': 0.001, 'Classifier__SVC__kernel': 'poly', 'Scaler': MinMaxScaler(), 'Selector__max_features': 4}",0.17391304347826086,0.1932367149758454,0.0825242718446602,0.14989134343292215,0.048284523544093294,419
343,0.06387853622436523,0.01313284097692152,0.013956785202026367,0.0013628768571437627,0.01,poly,MinMaxScaler(),6,0.001,4.0,5.0,"{'Classifier__SVC__C': 0.01, 'Classifier__SVC__coef0': 4, 'Classifier__SVC__degree': 5, 'Classifier__SVC__gamma': 0.001, 'Classifier__SVC__kernel': 'poly', 'Scaler': MinMaxScaler(), 'Selector__max_features': 6}",0.1642512077294686,0.2028985507246377,0.0825242718446602,0.14989134343292218,0.0501806472054056,410
344,0.06645774841308594,0.005201443465949949,0.018360455830891926,0.0058620251656926105,0.01,poly,MinMaxScaler(),8,0.001,4.0,5.0,"{'Classifier__SVC__C': 0.01, 'Classifier__SVC__coef0': 4, 'Classifier__SVC__degree': 5, 'Classifier__SVC__gamma': 0.001, 'Classifier__SVC__kernel': 'poly', 'Scaler': MinMaxScaler(), 'Selector__max_features': 8}",0.21739130434782608,0.19806763285024154,0.0825242718446602,0.1659944030142426,0.059547169919524634,354
345,0.07210771242777507,0.013215192451662958,0.015309969584147135,0.0026878453644573613,0.01,poly,MinMaxScaler(),10,0.001,4.0,5.0,"{'Classifier__SVC__C': 0.01, 'Classifier__SVC__coef0': 4, 'Classifier__SVC__degree': 5, 'Classifier__SVC__gamma': 0.001, 'Classifier__SVC__kernel': 'poly', 'Scaler': MinMaxScaler(), 'Selector__max_features': 10}",0.17391304347826086,0.2222222222222222,0.0825242718446602,0.15955317918171444,0.057928309785368136,386
346,0.06658291816711426,0.004662511404317398,0.017400105794270832,0.0017470595335730694,0.01,poly,MinMaxScaler(),12,0.001,4.0,5.0,"{'Classifier__SVC__C': 0.01, 'Classifier__SVC__coef0': 4, 'Classifier__SVC__degree': 5, 'Classifier__SVC__gamma': 0.001, 'Classifier__SVC__kernel': 'poly', 'Scaler': MinMaxScaler(), 'Selector__max_features': 12}",0.17391304347826086,0.23671497584541062,0.0825242718446602,0.16438409705611057,0.06330768207729041,361
347,0.06407682100931804,0.0031978755991890046,0.01418908437093099,0.0021631650395985205,0.01,poly,MinMaxScaler(),14,0.001,4.0,5.0,"{'Classifier__SVC__C': 0.01, 'Classifier__SVC__coef0': 4, 'Classifier__SVC__degree': 5, 'Classifier__SVC__gamma': 0.001, 'Classifier__SVC__kernel': 'poly', 'Scaler': MinMaxScaler(), 'Selector__max_features': 14}",0.21739130434782608,0.2463768115942029,0.0825242718446602,0.18209746259556306,0.07139633578281734,273
348,0.07624562581380208,0.023094216365779414,0.01960476239522298,0.004040294659157121,0.01,poly,MinMaxScaler(),16,0.001,4.0,5.0,"{'Classifier__SVC__C': 0.01, 'Classifier__SVC__coef0': 4, 'Classifier__SVC__degree': 5, 'Classifier__SVC__gamma': 0.001, 'Classifier__SVC__kernel': 'poly', 'Scaler': MinMaxScaler(), 'Selector__max_features': 16}",0.27053140096618356,0.2318840579710145,0.0825242718446602,0.19497991026061942,0.08106831373930788,228
349,0.07658131917317708,0.021235734627563098,0.015635013580322266,0.00034409228152588686,0.01,poly,MinMaxScaler(),18,0.001,4.0,5.0,"{'Classifier__SVC__C': 0.01, 'Classifier__SVC__coef0': 4, 'Classifier__SVC__degree': 5, 'Classifier__SVC__gamma': 0.001, 'Classifier__SVC__kernel': 'poly', 'Scaler': MinMaxScaler(), 'Selector__max_features': 18}",0.2463768115942029,0.24154589371980675,0.0825242718446602,0.1901489923862233,0.07612772073130109,264
350,0.07051976521809895,0.006483821736257415,0.018567005793253582,0.002065461403514043,0.01,poly,MinMaxScaler(),20,0.001,4.0,5.0,"{'Classifier__SVC__C': 0.01, 'Classifier__SVC__coef0': 4, 'Classifier__SVC__degree': 5, 'Classifier__SVC__gamma': 0.001, 'Classifier__SVC__kernel': 'poly', 'Scaler': MinMaxScaler(), 'Selector__max_features': 20}",0.2560386473429952,0.24154589371980675,0.0825242718446602,0.19336960430248737,0.07860248415353588,252
351,0.06575655937194824,0.0019448700749267447,0.017234643300374348,0.001820691617111221,0.01,poly,MinMaxScaler(),24,0.001,4.0,5.0,"{'Classifier__SVC__C': 0.01, 'Classifier__SVC__coef0': 4, 'Classifier__SVC__degree': 5, 'Classifier__SVC__gamma': 0.001, 'Classifier__SVC__kernel': 'poly', 'Scaler': MinMaxScaler(), 'Selector__max_features': 24}",0.20772946859903382,0.20772946859903382,0.0825242718446602,0.16599440301424262,0.05902229577654233,351
352,0.0717330773671468,0.008760345013357056,0.02185956637064616,0.006450027891298877,0.01,poly,MinMaxScaler(),2,0.01,4.0,5.0,"{'Classifier__SVC__C': 0.01, 'Classifier__SVC__coef0': 4, 'Classifier__SVC__degree': 5, 'Classifier__SVC__gamma': 0.01, 'Classifier__SVC__kernel': 'poly', 'Scaler': MinMaxScaler(), 'Selector__max_features': 2}",0.15942028985507245,0.1497584541062802,0.0825242718446602,0.1305676719353376,0.034200038856837936,464
353,0.07180555661519368,0.0023518183116482817,0.013792753219604492,0.0009623968661602955,0.01,poly,MinMaxScaler(),4,0.01,4.0,5.0,"{'Classifier__SVC__C': 0.01, 'Classifier__SVC__coef0': 4, 'Classifier__SVC__degree': 5, 'Classifier__SVC__gamma': 0.01, 'Classifier__SVC__kernel': 'poly', 'Scaler': MinMaxScaler(), 'Selector__max_features': 4}",0.23671497584541062,0.19806763285024154,0.11650485436893204,0.18376248768819473,0.05010719316244497,270
354,0.0664207935333252,0.006152007344994633,0.015253702799479166,0.0017309802320051664,0.01,poly,MinMaxScaler(),6,0.01,4.0,5.0,"{'Classifier__SVC__C': 0.01, 'Classifier__SVC__coef0': 4, 'Classifier__SVC__degree': 5, 'Classifier__SVC__gamma': 0.01, 'Classifier__SVC__kernel': 'poly', 'Scaler': MinMaxScaler(), 'Selector__max_features': 6}",0.19806763285024154,0.21739130434782608,0.23300970873786409,0.21615621531197723,0.014291751712764226,189
355,0.07935166358947754,0.017429968402892456,0.025969823201497395,0.007431499671537965,0.01,poly,MinMaxScaler(),8,0.01,4.0,5.0,"{'Classifier__SVC__C': 0.01, 'Classifier__SVC__coef0': 4, 'Classifier__SVC__degree': 5, 'Classifier__SVC__gamma': 0.01, 'Classifier__SVC__kernel': 'poly', 'Scaler': MinMaxScaler(), 'Selector__max_features': 8}",0.23671497584541062,0.24154589371980675,0.1941747572815534,0.22414520894892362,0.021283881565430676,178
356,0.07635243733723958,0.009627945902397397,0.014386574427286783,0.0016536740413074387,0.01,poly,MinMaxScaler(),10,0.01,4.0,5.0,"{'Classifier__SVC__C': 0.01, 'Classifier__SVC__coef0': 4, 'Classifier__SVC__degree': 5, 'Classifier__SVC__gamma': 0.01, 'Classifier__SVC__kernel': 'poly', 'Scaler': MinMaxScaler(), 'Selector__max_features': 10}",0.21256038647342995,0.28502415458937197,0.16019417475728157,0.21925957194002785,0.0511813135213555,188
357,0.07717108726501465,0.008664906718467785,0.015119234720865885,0.002235785234072038,0.01,poly,MinMaxScaler(),12,0.01,4.0,5.0,"{'Classifier__SVC__C': 0.01, 'Classifier__SVC__coef0': 4, 'Classifier__SVC__degree': 5, 'Classifier__SVC__gamma': 0.01, 'Classifier__SVC__kernel': 'poly', 'Scaler': MinMaxScaler(), 'Selector__max_features': 12}",0.2608695652173913,0.28502415458937197,0.10194174757281553,0.21594515579319293,0.08121347942851508,190
358,0.07265011469523112,0.012406007375600273,0.016637166341145832,0.0034801524640214144,0.01,poly,MinMaxScaler(),14,0.01,4.0,5.0,"{'Classifier__SVC__C': 0.01, 'Classifier__SVC__coef0': 4, 'Classifier__SVC__degree': 5, 'Classifier__SVC__gamma': 0.01, 'Classifier__SVC__kernel': 'poly', 'Scaler': MinMaxScaler(), 'Selector__max_features': 14}",0.2898550724637681,0.34782608695652173,0.1407766990291262,0.25948595281647197,0.08721267045328954,107
359,0.06829452514648438,0.004592836302955745,0.015648841857910156,0.0006270155097757738,0.01,poly,MinMaxScaler(),16,0.01,4.0,5.0,"{'Classifier__SVC__C': 0.01, 'Classifier__SVC__coef0': 4, 'Classifier__SVC__degree': 5, 'Classifier__SVC__gamma': 0.01, 'Classifier__SVC__kernel': 'poly', 'Scaler': MinMaxScaler(), 'Selector__max_features': 16}",0.30917874396135264,0.3188405797101449,0.16990291262135923,0.2659740787642856,0.06804699107016896,97
360,0.07652624448140462,0.009829709472120206,0.01593915621439616,9.453857030317454e-05,0.01,poly,MinMaxScaler(),18,0.01,4.0,5.0,"{'Classifier__SVC__C': 0.01, 'Classifier__SVC__coef0': 4, 'Classifier__SVC__degree': 5, 'Classifier__SVC__gamma': 0.01, 'Classifier__SVC__kernel': 'poly', 'Scaler': MinMaxScaler(), 'Selector__max_features': 18}",0.2995169082125604,0.3140096618357488,0.18446601941747573,0.2659975298219283,0.05795429445415947,96
361,0.08317971229553223,0.0051743964430176525,0.02179241180419922,0.006938407042052147,0.01,poly,MinMaxScaler(),20,0.01,4.0,5.0,"{'Classifier__SVC__C': 0.01, 'Classifier__SVC__coef0': 4, 'Classifier__SVC__degree': 5, 'Classifier__SVC__gamma': 0.01, 'Classifier__SVC__kernel': 'poly', 'Scaler': MinMaxScaler(), 'Selector__max_features': 20}",0.28502415458937197,0.32367149758454106,0.18446601941747573,0.26438722386379626,0.058673977595179755,102
362,0.0767962137858073,0.009379985366189465,0.017379363377888996,0.0036866694224726797,0.01,poly,MinMaxScaler(),24,0.01,4.0,5.0,"{'Classifier__SVC__C': 0.01, 'Classifier__SVC__coef0': 4, 'Classifier__SVC__degree': 5, 'Classifier__SVC__gamma': 0.01, 'Classifier__SVC__kernel': 'poly', 'Scaler': MinMaxScaler(), 'Selector__max_features': 24}",0.2946859903381642,0.2946859903381642,0.1941747572815534,0.2611822459859606,0.04738144965316733,106
363,0.07422971725463867,0.0054892560880742715,0.015972455342610676,0.000902623569171428,0.01,poly,MinMaxScaler(),2,0.001,6.0,3.0,"{'Classifier__SVC__C': 0.01, 'Classifier__SVC__coef0': 6, 'Classifier__SVC__degree': 3, 'Classifier__SVC__gamma': 0.001, 'Classifier__SVC__kernel': 'poly', 'Scaler': MinMaxScaler(), 'Selector__max_features': 2}",0.16908212560386474,0.16908212560386474,0.0825242718446602,0.1402295076841299,0.04080376357205802,430
364,0.08258191744486491,0.007231618662535721,0.01645493507385254,0.002822795032562878,0.01,poly,MinMaxScaler(),4,0.001,6.0,3.0,"{'Classifier__SVC__C': 0.01, 'Classifier__SVC__coef0': 6, 'Classifier__SVC__degree': 3, 'Classifier__SVC__gamma': 0.001, 'Classifier__SVC__kernel': 'poly', 'Scaler': MinMaxScaler(), 'Selector__max_features': 4}",0.17391304347826086,0.1932367149758454,0.0825242718446602,0.14989134343292215,0.048284523544093294,419
365,0.0756990909576416,0.004303581772212797,0.0142366091410319,0.0005858989424079384,0.01,poly,MinMaxScaler(),6,0.001,6.0,3.0,"{'Classifier__SVC__C': 0.01, 'Classifier__SVC__coef0': 6, 'Classifier__SVC__degree': 3, 'Classifier__SVC__gamma': 0.001, 'Classifier__SVC__kernel': 'poly', 'Scaler': MinMaxScaler(), 'Selector__max_features': 6}",0.1642512077294686,0.2028985507246377,0.0825242718446602,0.14989134343292218,0.0501806472054056,410
366,0.07507681846618652,0.014359769385114499,0.014791091283162435,0.0011012225335299908,0.01,poly,MinMaxScaler(),8,0.001,6.0,3.0,"{'Classifier__SVC__C': 0.01, 'Classifier__SVC__coef0': 6, 'Classifier__SVC__degree': 3, 'Classifier__SVC__gamma': 0.001, 'Classifier__SVC__kernel': 'poly', 'Scaler': MinMaxScaler(), 'Selector__max_features': 8}",0.21739130434782608,0.19806763285024154,0.0825242718446602,0.1659944030142426,0.059547169919524634,354
367,0.0680692195892334,0.00818522473814787,0.013808806737263998,2.9906303419627298e-05,0.01,poly,MinMaxScaler(),10,0.001,6.0,3.0,"{'Classifier__SVC__C': 0.01, 'Classifier__SVC__coef0': 6, 'Classifier__SVC__degree': 3, 'Classifier__SVC__gamma': 0.001, 'Classifier__SVC__kernel': 'poly', 'Scaler': MinMaxScaler(), 'Selector__max_features': 10}",0.17391304347826086,0.2222222222222222,0.0825242718446602,0.15955317918171444,0.057928309785368136,386
368,0.07880425453186035,0.004078328202508299,0.01592532793680827,0.0026730688433066856,0.01,poly,MinMaxScaler(),12,0.001,6.0,3.0,"{'Classifier__SVC__C': 0.01, 'Classifier__SVC__coef0': 6, 'Classifier__SVC__degree': 3, 'Classifier__SVC__gamma': 0.001, 'Classifier__SVC__kernel': 'poly', 'Scaler': MinMaxScaler(), 'Selector__max_features': 12}",0.17391304347826086,0.23671497584541062,0.0825242718446602,0.16438409705611057,0.06330768207729041,361
369,0.08024247487386067,0.014142528567793255,0.018361886342366535,0.0019186879330430745,0.01,poly,MinMaxScaler(),14,0.001,6.0,3.0,"{'Classifier__SVC__C': 0.01, 'Classifier__SVC__coef0': 6, 'Classifier__SVC__degree': 3, 'Classifier__SVC__gamma': 0.001, 'Classifier__SVC__kernel': 'poly', 'Scaler': MinMaxScaler(), 'Selector__max_features': 14}",0.21739130434782608,0.2463768115942029,0.0825242718446602,0.18209746259556306,0.07139633578281734,273
370,0.07503040631612141,0.006667140457838087,0.015259424845377604,0.000978512475934091,0.01,poly,MinMaxScaler(),16,0.001,6.0,3.0,"{'Classifier__SVC__C': 0.01, 'Classifier__SVC__coef0': 6, 'Classifier__SVC__degree': 3, 'Classifier__SVC__gamma': 0.001, 'Classifier__SVC__kernel': 'poly', 'Scaler': MinMaxScaler(), 'Selector__max_features': 16}",0.27053140096618356,0.2318840579710145,0.0825242718446602,0.19497991026061942,0.08106831373930788,228
371,0.07667946815490723,0.01494991627569831,0.014670769373575846,0.0004695413799274175,0.01,poly,MinMaxScaler(),18,0.001,6.0,3.0,"{'Classifier__SVC__C': 0.01, 'Classifier__SVC__coef0': 6, 'Classifier__SVC__degree': 3, 'Classifier__SVC__gamma': 0.001, 'Classifier__SVC__kernel': 'poly', 'Scaler': MinMaxScaler(), 'Selector__max_features': 18}",0.25120772946859904,0.24154589371980675,0.0825242718446602,0.19175929834435532,0.07734147670472372,260
372,0.07159805297851562,0.009174141423877413,0.014173030853271484,0.0006791042030089867,0.01,poly,MinMaxScaler(),20,0.001,6.0,3.0,"{'Classifier__SVC__C': 0.01, 'Classifier__SVC__coef0': 6, 'Classifier__SVC__degree': 3, 'Classifier__SVC__gamma': 0.001, 'Classifier__SVC__kernel': 'poly', 'Scaler': MinMaxScaler(), 'Selector__max_features': 20}",0.2560386473429952,0.2463768115942029,0.0825242718446602,0.19497991026061942,0.07961591434784415,228
373,0.06822999318440755,0.002050437634264045,0.013565540313720703,0.0012919955524220387,0.01,poly,MinMaxScaler(),24,0.001,6.0,3.0,"{'Classifier__SVC__C': 0.01, 'Classifier__SVC__coef0': 6, 'Classifier__SVC__degree': 3, 'Classifier__SVC__gamma': 0.001, 'Classifier__SVC__kernel': 'poly', 'Scaler': MinMaxScaler(), 'Selector__max_features': 24}",0.21256038647342995,0.21256038647342995,0.0825242718446602,0.1692150149305067,0.06129961230210287,347
374,0.06978750228881836,0.01186847344960794,0.013075987497965494,0.0004536750083165967,0.01,poly,MinMaxScaler(),2,0.01,6.0,3.0,"{'Classifier__SVC__C': 0.01, 'Classifier__SVC__coef0': 6, 'Classifier__SVC__degree': 3, 'Classifier__SVC__gamma': 0.01, 'Classifier__SVC__kernel': 'poly', 'Scaler': MinMaxScaler(), 'Selector__max_features': 2}",0.16908212560386474,0.16908212560386474,0.0825242718446602,0.1402295076841299,0.04080376357205802,430
375,0.07542141278584798,0.013052577080731294,0.012811581293741861,0.00044459647876205356,0.01,poly,MinMaxScaler(),4,0.01,6.0,3.0,"{'Classifier__SVC__C': 0.01, 'Classifier__SVC__coef0': 6, 'Classifier__SVC__degree': 3, 'Classifier__SVC__gamma': 0.01, 'Classifier__SVC__kernel': 'poly', 'Scaler': MinMaxScaler(), 'Selector__max_features': 4}",0.17391304347826086,0.1932367149758454,0.0825242718446602,0.14989134343292215,0.048284523544093294,419
376,0.0767044226328532,0.009137390061306585,0.02584107716878255,0.008070914042411587,0.01,poly,MinMaxScaler(),6,0.01,6.0,3.0,"{'Classifier__SVC__C': 0.01, 'Classifier__SVC__coef0': 6, 'Classifier__SVC__degree': 3, 'Classifier__SVC__gamma': 0.01, 'Classifier__SVC__kernel': 'poly', 'Scaler': MinMaxScaler(), 'Selector__max_features': 6}",0.1642512077294686,0.2028985507246377,0.0825242718446602,0.14989134343292218,0.0501806472054056,410
377,0.07474303245544434,0.0152926823339894,0.014847040176391602,0.001371410415593699,0.01,poly,MinMaxScaler(),8,0.01,6.0,3.0,"{'Classifier__SVC__C': 0.01, 'Classifier__SVC__coef0': 6, 'Classifier__SVC__degree': 3, 'Classifier__SVC__gamma': 0.01, 'Classifier__SVC__kernel': 'poly', 'Scaler': MinMaxScaler(), 'Selector__max_features': 8}",0.21739130434782608,0.19806763285024154,0.0825242718446602,0.1659944030142426,0.059547169919524634,354
378,0.07952340443929036,0.008083523237446684,0.019720156987508137,0.008891194655244686,0.01,poly,MinMaxScaler(),10,0.01,6.0,3.0,"{'Classifier__SVC__C': 0.01, 'Classifier__SVC__coef0': 6, 'Classifier__SVC__degree': 3, 'Classifier__SVC__gamma': 0.01, 'Classifier__SVC__kernel': 'poly', 'Scaler': MinMaxScaler(), 'Selector__max_features': 10}",0.17391304347826086,0.2222222222222222,0.0825242718446602,0.15955317918171444,0.057928309785368136,386
379,0.0654137134552002,0.006201989175132055,0.017252604166666668,0.0032375203037774275,0.01,poly,MinMaxScaler(),12,0.01,6.0,3.0,"{'Classifier__SVC__C': 0.01, 'Classifier__SVC__coef0': 6, 'Classifier__SVC__degree': 3, 'Classifier__SVC__gamma': 0.01, 'Classifier__SVC__kernel': 'poly', 'Scaler': MinMaxScaler(), 'Selector__max_features': 12}",0.17391304347826086,0.23671497584541062,0.0825242718446602,0.16438409705611057,0.06330768207729041,361
380,0.07314880688985188,0.0053335987799451616,0.01776258150736491,0.001895441092571153,0.01,poly,MinMaxScaler(),14,0.01,6.0,3.0,"{'Classifier__SVC__C': 0.01, 'Classifier__SVC__coef0': 6, 'Classifier__SVC__degree': 3, 'Classifier__SVC__gamma': 0.01, 'Classifier__SVC__kernel': 'poly', 'Scaler': MinMaxScaler(), 'Selector__max_features': 14}",0.21739130434782608,0.2463768115942029,0.0825242718446602,0.18209746259556306,0.07139633578281734,273
381,0.06944918632507324,0.0033462684684398745,0.023131052652994793,0.005730600830773035,0.01,poly,MinMaxScaler(),16,0.01,6.0,3.0,"{'Classifier__SVC__C': 0.01, 'Classifier__SVC__coef0': 6, 'Classifier__SVC__degree': 3, 'Classifier__SVC__gamma': 0.01, 'Classifier__SVC__kernel': 'poly', 'Scaler': MinMaxScaler(), 'Selector__max_features': 16}",0.27053140096618356,0.2318840579710145,0.0825242718446602,0.19497991026061942,0.08106831373930788,228
382,0.07630809148152669,0.009494093268503872,0.019436756769816082,0.004912182131691009,0.01,poly,MinMaxScaler(),18,0.01,6.0,3.0,"{'Classifier__SVC__C': 0.01, 'Classifier__SVC__coef0': 6, 'Classifier__SVC__degree': 3, 'Classifier__SVC__gamma': 0.01, 'Classifier__SVC__kernel': 'poly', 'Scaler': MinMaxScaler(), 'Selector__max_features': 18}",0.25120772946859904,0.2463768115942029,0.0825242718446602,0.19336960430248737,0.0784042951104167,252
383,0.06688117980957031,0.007167193135908046,0.017270723978678387,0.001817431684090018,0.01,poly,MinMaxScaler(),20,0.01,6.0,3.0,"{'Classifier__SVC__C': 0.01, 'Classifier__SVC__coef0': 6, 'Classifier__SVC__degree': 3, 'Classifier__SVC__gamma': 0.01, 'Classifier__SVC__kernel': 'poly', 'Scaler': MinMaxScaler(), 'Selector__max_features': 20}",0.2560386473429952,0.2463768115942029,0.0825242718446602,0.19497991026061942,0.07961591434784415,228
384,0.07649676005045573,0.014311576032201056,0.015428543090820312,0.00018563924427277234,0.01,poly,MinMaxScaler(),24,0.01,6.0,3.0,"{'Classifier__SVC__C': 0.01, 'Classifier__SVC__coef0': 6, 'Classifier__SVC__degree': 3, 'Classifier__SVC__gamma': 0.01, 'Classifier__SVC__kernel': 'poly', 'Scaler': MinMaxScaler(), 'Selector__max_features': 24}",0.2028985507246377,0.21256038647342995,0.0825242718446602,0.16599440301424262,0.059153950928119925,351
385,0.06891965866088867,0.00620585911336527,0.0163882573445638,0.0005793440760187564,0.01,poly,MinMaxScaler(),2,0.001,6.0,5.0,"{'Classifier__SVC__C': 0.01, 'Classifier__SVC__coef0': 6, 'Classifier__SVC__degree': 5, 'Classifier__SVC__gamma': 0.001, 'Classifier__SVC__kernel': 'poly', 'Scaler': MinMaxScaler(), 'Selector__max_features': 2}",0.09178743961352658,0.16908212560386474,0.0825242718446602,0.11446461235401717,0.03880512109225187,491
386,0.0749053160349528,0.010953184743650167,0.020491917928059895,0.005273454924518346,0.01,poly,MinMaxScaler(),4,0.001,6.0,5.0,"{'Classifier__SVC__C': 0.01, 'Classifier__SVC__coef0': 6, 'Classifier__SVC__degree': 5, 'Classifier__SVC__gamma': 0.001, 'Classifier__SVC__kernel': 'poly', 'Scaler': MinMaxScaler(), 'Selector__max_features': 4}",0.14009661835748793,0.18840579710144928,0.08737864077669903,0.13862701874521208,0.04125725286566134,438
387,0.08739868799845378,0.00721192053275857,0.018495718638102215,0.0025615240057590676,0.01,poly,MinMaxScaler(),6,0.001,6.0,5.0,"{'Classifier__SVC__C': 0.01, 'Classifier__SVC__coef0': 6, 'Classifier__SVC__degree': 5, 'Classifier__SVC__gamma': 0.001, 'Classifier__SVC__kernel': 'poly', 'Scaler': MinMaxScaler(), 'Selector__max_features': 6}",0.10628019323671498,0.2028985507246377,0.0825242718446602,0.13056767193533764,0.052057039038095415,463
388,0.07216246922810872,0.007119906548428932,0.013197898864746094,0.0003133466611298693,0.01,poly,MinMaxScaler(),8,0.001,6.0,5.0,"{'Classifier__SVC__C': 0.01, 'Classifier__SVC__coef0': 6, 'Classifier__SVC__degree': 5, 'Classifier__SVC__gamma': 0.001, 'Classifier__SVC__kernel': 'poly', 'Scaler': MinMaxScaler(), 'Selector__max_features': 8}",0.1497584541062802,0.13043478260869565,0.07766990291262135,0.11928771320919906,0.030467279393343583,477
389,0.0945736567179362,0.008841785319742161,0.024832646052042644,0.0038862870525705573,0.01,poly,MinMaxScaler(),10,0.001,6.0,5.0,"{'Classifier__SVC__C': 0.01, 'Classifier__SVC__coef0': 6, 'Classifier__SVC__degree': 5, 'Classifier__SVC__gamma': 0.001, 'Classifier__SVC__kernel': 'poly', 'Scaler': MinMaxScaler(), 'Selector__max_features': 10}",0.14492753623188406,0.13526570048309178,0.09223300970873786,0.12414208214123791,0.02290530426394813,470
390,0.0856477419535319,0.007955173652741945,0.015924374262491863,0.001968672822774339,0.01,poly,MinMaxScaler(),12,0.001,6.0,5.0,"{'Classifier__SVC__C': 0.01, 'Classifier__SVC__coef0': 6, 'Classifier__SVC__degree': 5, 'Classifier__SVC__gamma': 0.001, 'Classifier__SVC__kernel': 'poly', 'Scaler': MinMaxScaler(), 'Selector__max_features': 12}",0.17391304347826086,0.18357487922705315,0.10679611650485436,0.15476134640338948,0.03414513363983858,396
391,0.0867319901784261,0.005420551290760919,0.0194247563680013,0.0069329320435046055,0.01,poly,MinMaxScaler(),14,0.001,6.0,5.0,"{'Classifier__SVC__C': 0.01, 'Classifier__SVC__coef0': 6, 'Classifier__SVC__degree': 5, 'Classifier__SVC__gamma': 0.001, 'Classifier__SVC__kernel': 'poly', 'Scaler': MinMaxScaler(), 'Selector__max_features': 14}",0.178743961352657,0.2222222222222222,0.2087378640776699,0.20323468255084973,0.018171471179632883,195
392,0.07301719983418782,0.008903650539295753,0.016871531804402668,0.0033053630233655807,0.01,poly,MinMaxScaler(),16,0.001,6.0,5.0,"{'Classifier__SVC__C': 0.01, 'Classifier__SVC__coef0': 6, 'Classifier__SVC__degree': 5, 'Classifier__SVC__gamma': 0.001, 'Classifier__SVC__kernel': 'poly', 'Scaler': MinMaxScaler(), 'Selector__max_features': 16}",0.19806763285024154,0.22705314009661837,0.18446601941747573,0.20319559745477855,0.0177602126052215,197
393,0.06739091873168945,0.002062853770004949,0.016192038853963215,0.0006408544856778801,0.01,poly,MinMaxScaler(),18,0.001,6.0,5.0,"{'Classifier__SVC__C': 0.01, 'Classifier__SVC__coef0': 6, 'Classifier__SVC__degree': 5, 'Classifier__SVC__gamma': 0.001, 'Classifier__SVC__kernel': 'poly', 'Scaler': MinMaxScaler(), 'Selector__max_features': 18}",0.23671497584541062,0.26570048309178745,0.1941747572815534,0.23219673873958382,0.02937451517986919,170
394,0.07068181037902832,0.004791491752264356,0.015265623728434244,0.0010238056966582782,0.01,poly,MinMaxScaler(),20,0.001,6.0,5.0,"{'Classifier__SVC__C': 0.01, 'Classifier__SVC__coef0': 6, 'Classifier__SVC__degree': 5, 'Classifier__SVC__gamma': 0.001, 'Classifier__SVC__kernel': 'poly', 'Scaler': MinMaxScaler(), 'Selector__max_features': 20}",0.21256038647342995,0.28019323671497587,0.2087378640776699,0.23383049575535855,0.032820529462852494,165
395,0.08317033449808757,0.01488224317702769,0.023024876912434895,0.005798291092348387,0.01,poly,MinMaxScaler(),24,0.001,6.0,5.0,"{'Classifier__SVC__C': 0.01, 'Classifier__SVC__coef0': 6, 'Classifier__SVC__degree': 5, 'Classifier__SVC__gamma': 0.001, 'Classifier__SVC__kernel': 'poly', 'Scaler': MinMaxScaler(), 'Selector__max_features': 24}",0.25120772946859904,0.30434782608695654,0.1650485436893204,0.24020136641495868,0.057398766188107214,151
396,0.06428019205729167,0.006969297571398443,0.013615131378173828,0.0007793655738736455,0.01,poly,MinMaxScaler(),2,0.01,6.0,5.0,"{'Classifier__SVC__C': 0.01, 'Classifier__SVC__coef0': 6, 'Classifier__SVC__degree': 5, 'Classifier__SVC__gamma': 0.01, 'Classifier__SVC__kernel': 'poly', 'Scaler': MinMaxScaler(), 'Selector__max_features': 2}",0.2560386473429952,0.20772946859903382,0.1941747572815534,0.2193142910745275,0.026551099251883672,186
397,0.07354529698689778,0.006034722558446014,0.018262545267740887,0.006557420382376197,0.01,poly,MinMaxScaler(),4,0.01,6.0,5.0,"{'Classifier__SVC__C': 0.01, 'Classifier__SVC__coef0': 6, 'Classifier__SVC__degree': 5, 'Classifier__SVC__gamma': 0.01, 'Classifier__SVC__kernel': 'poly', 'Scaler': MinMaxScaler(), 'Selector__max_features': 4}",0.2028985507246377,0.22705314009661837,0.27184466019417475,0.2339321170051436,0.028564333765815533,162
398,0.06653348604838054,0.00769086673228237,0.01633906364440918,0.0014017475350985749,0.01,poly,MinMaxScaler(),6,0.01,6.0,5.0,"{'Classifier__SVC__C': 0.01, 'Classifier__SVC__coef0': 6, 'Classifier__SVC__degree': 5, 'Classifier__SVC__gamma': 0.01, 'Classifier__SVC__kernel': 'poly', 'Scaler': MinMaxScaler(), 'Selector__max_features': 6}",0.2318840579710145,0.20772946859903382,0.2766990291262136,0.238770851898754,0.02857470930479655,153
399,0.07225839296976726,0.008822987365216988,0.01684109369913737,0.0017384909328687428,0.01,poly,MinMaxScaler(),8,0.01,6.0,5.0,"{'Classifier__SVC__C': 0.01, 'Classifier__SVC__coef0': 6, 'Classifier__SVC__degree': 5, 'Classifier__SVC__gamma': 0.01, 'Classifier__SVC__kernel': 'poly', 'Scaler': MinMaxScaler(), 'Selector__max_features': 8}",0.2463768115942029,0.2560386473429952,0.2621359223300971,0.2548504604224317,0.006488257799809966,118
400,0.07117795944213867,0.008133219618753044,0.01649030049641927,0.00040601698570465823,0.01,poly,MinMaxScaler(),10,0.01,6.0,5.0,"{'Classifier__SVC__C': 0.01, 'Classifier__SVC__coef0': 6, 'Classifier__SVC__degree': 5, 'Classifier__SVC__gamma': 0.01, 'Classifier__SVC__kernel': 'poly', 'Scaler': MinMaxScaler(), 'Selector__max_features': 10}",0.25120772946859904,0.2898550724637681,0.2815533980582524,0.27420539999687316,0.01661122284840555,77
401,0.06692647933959961,0.0021369988402129975,0.015630324681599934,0.004447233701960851,0.01,poly,MinMaxScaler(),12,0.01,6.0,5.0,"{'Classifier__SVC__C': 0.01, 'Classifier__SVC__coef0': 6, 'Classifier__SVC__degree': 5, 'Classifier__SVC__gamma': 0.01, 'Classifier__SVC__kernel': 'poly', 'Scaler': MinMaxScaler(), 'Selector__max_features': 12}",0.21256038647342995,0.28502415458937197,0.2766990291262136,0.2580945233963385,0.032376381797847326,108
402,0.06193947792053223,0.005055850099545978,0.01605852444966634,0.0005624637507491745,0.01,poly,MinMaxScaler(),14,0.01,6.0,5.0,"{'Classifier__SVC__C': 0.01, 'Classifier__SVC__coef0': 6, 'Classifier__SVC__degree': 5, 'Classifier__SVC__gamma': 0.01, 'Classifier__SVC__kernel': 'poly', 'Scaler': MinMaxScaler(), 'Selector__max_features': 14}",0.24154589371980675,0.2946859903381642,0.30097087378640774,0.27906758594812625,0.02665561830392797,64
403,0.07103459040323894,0.005928344298649928,0.013437827428181967,0.0014268720522211031,0.01,poly,MinMaxScaler(),16,0.01,6.0,5.0,"{'Classifier__SVC__C': 0.01, 'Classifier__SVC__coef0': 6, 'Classifier__SVC__degree': 5, 'Classifier__SVC__gamma': 0.01, 'Classifier__SVC__kernel': 'poly', 'Scaler': MinMaxScaler(), 'Selector__max_features': 16}",0.26570048309178745,0.30917874396135264,0.2961165048543689,0.29033191063583635,0.018215120820631436,50
404,0.06400227546691895,0.012732168895864458,0.01430201530456543,0.001567922512289497,0.01,poly,MinMaxScaler(),18,0.01,6.0,5.0,"{'Classifier__SVC__C': 0.01, 'Classifier__SVC__coef0': 6, 'Classifier__SVC__degree': 5, 'Classifier__SVC__gamma': 0.01, 'Classifier__SVC__kernel': 'poly', 'Scaler': MinMaxScaler(), 'Selector__max_features': 18}",0.27053140096618356,0.28502415458937197,0.32524271844660196,0.29359942466738587,0.023144236255764183,45
405,0.07054845492045085,0.010344592106214712,0.016084750493367512,0.0029088487833598465,0.01,poly,MinMaxScaler(),20,0.01,6.0,5.0,"{'Classifier__SVC__C': 0.01, 'Classifier__SVC__coef0': 6, 'Classifier__SVC__degree': 5, 'Classifier__SVC__gamma': 0.01, 'Classifier__SVC__kernel': 'poly', 'Scaler': MinMaxScaler(), 'Selector__max_features': 20}",0.28019323671497587,0.3140096618357488,0.32038834951456313,0.3048637493550959,0.017637980979895013,18
406,0.06121087074279785,0.005284766135613126,0.016179720560709637,0.0026959596621872507,0.01,poly,MinMaxScaler(),24,0.01,6.0,5.0,"{'Classifier__SVC__C': 0.01, 'Classifier__SVC__coef0': 6, 'Classifier__SVC__degree': 5, 'Classifier__SVC__gamma': 0.01, 'Classifier__SVC__kernel': 'poly', 'Scaler': MinMaxScaler(), 'Selector__max_features': 24}",0.27053140096618356,0.3140096618357488,0.3058252427184466,0.296788768506793,0.018865015093092335,40
407,0.07496150334676106,0.015850050792613618,0.02183111508687337,0.009276278276896092,0.1,poly,MinMaxScaler(),2,0.001,2.0,3.0,"{'Classifier__SVC__C': 0.1, 'Classifier__SVC__coef0': 2, 'Classifier__SVC__degree': 3, 'Classifier__SVC__gamma': 0.001, 'Classifier__SVC__kernel': 'poly', 'Scaler': MinMaxScaler(), 'Selector__max_features': 2}",0.06280193236714976,0.12560386473429952,0.0825242718446602,0.0903100229820365,0.026223197336733246,532
408,0.06068714459737142,0.005976537079771875,0.013390223185221354,0.002419865316556968,0.1,poly,MinMaxScaler(),4,0.001,2.0,3.0,"{'Classifier__SVC__C': 0.1, 'Classifier__SVC__coef0': 2, 'Classifier__SVC__degree': 3, 'Classifier__SVC__gamma': 0.001, 'Classifier__SVC__kernel': 'poly', 'Scaler': MinMaxScaler(), 'Selector__max_features': 4}",0.08695652173913043,0.12560386473429952,0.0825242718446602,0.09836155277269672,0.01934802109677237,523
409,0.06860136985778809,0.006737317384124775,0.014212290445963541,0.0010420343655321606,0.1,poly,MinMaxScaler(),6,0.001,2.0,3.0,"{'Classifier__SVC__C': 0.1, 'Classifier__SVC__coef0': 2, 'Classifier__SVC__degree': 3, 'Classifier__SVC__gamma': 0.001, 'Classifier__SVC__kernel': 'poly', 'Scaler': MinMaxScaler(), 'Selector__max_features': 6}",0.09178743961352658,0.15942028985507245,0.0825242718446602,0.11124400043775308,0.03427504160750725,500
410,0.059806505839029946,0.006200652855116031,0.013954401016235352,0.0010084977573753765,0.1,poly,MinMaxScaler(),8,0.001,2.0,3.0,"{'Classifier__SVC__C': 0.1, 'Classifier__SVC__coef0': 2, 'Classifier__SVC__degree': 3, 'Classifier__SVC__gamma': 0.001, 'Classifier__SVC__kernel': 'poly', 'Scaler': MinMaxScaler(), 'Selector__max_features': 8}",0.0966183574879227,0.178743961352657,0.0825242718446602,0.11929553022841331,0.04242835360840959,472
411,0.0739603042602539,0.010328088638670933,0.01724378267923991,0.004747239483339738,0.1,poly,MinMaxScaler(),10,0.001,2.0,3.0,"{'Classifier__SVC__C': 0.1, 'Classifier__SVC__coef0': 2, 'Classifier__SVC__degree': 3, 'Classifier__SVC__gamma': 0.001, 'Classifier__SVC__kernel': 'poly', 'Scaler': MinMaxScaler(), 'Selector__max_features': 10}",0.08695652173913043,0.13043478260869565,0.0825242718446602,0.09997185873082876,0.021616405932736865,518
412,0.05885958671569824,0.006720065658897027,0.01462856928507487,0.0006758203116340954,0.1,poly,MinMaxScaler(),12,0.001,2.0,3.0,"{'Classifier__SVC__C': 0.1, 'Classifier__SVC__coef0': 2, 'Classifier__SVC__degree': 3, 'Classifier__SVC__gamma': 0.001, 'Classifier__SVC__kernel': 'poly', 'Scaler': MinMaxScaler(), 'Selector__max_features': 12}",0.09178743961352658,0.1642512077294686,0.0825242718446602,0.11285430639588513,0.036539318268582296,493
413,0.06118218104044596,0.0035336567808642184,0.014888525009155273,0.0008476051763493552,0.1,poly,MinMaxScaler(),14,0.001,2.0,3.0,"{'Classifier__SVC__C': 0.1, 'Classifier__SVC__coef0': 2, 'Classifier__SVC__degree': 3, 'Classifier__SVC__gamma': 0.001, 'Classifier__SVC__kernel': 'poly', 'Scaler': MinMaxScaler(), 'Selector__max_features': 14}",0.09178743961352658,0.15942028985507245,0.0825242718446602,0.11124400043775308,0.03427504160750725,500
414,0.06736016273498535,0.007811256951695267,0.01886900266011556,0.005810892511180294,0.1,poly,MinMaxScaler(),16,0.001,2.0,3.0,"{'Classifier__SVC__C': 0.1, 'Classifier__SVC__coef0': 2, 'Classifier__SVC__degree': 3, 'Classifier__SVC__gamma': 0.001, 'Classifier__SVC__kernel': 'poly', 'Scaler': MinMaxScaler(), 'Selector__max_features': 16}",0.08695652173913043,0.18357487922705315,0.0825242718446602,0.11768522427028126,0.04662614561612114,478
415,0.06442681948343913,0.00712219559251574,0.015082995096842447,0.002048956723009935,0.1,poly,MinMaxScaler(),18,0.001,2.0,3.0,"{'Classifier__SVC__C': 0.1, 'Classifier__SVC__coef0': 2, 'Classifier__SVC__degree': 3, 'Classifier__SVC__gamma': 0.001, 'Classifier__SVC__kernel': 'poly', 'Scaler': MinMaxScaler(), 'Selector__max_features': 18}",0.08695652173913043,0.18357487922705315,0.0825242718446602,0.11768522427028126,0.04662614561612114,478
416,0.06605211893717448,0.009887224754085386,0.019348780314127605,0.003732687093417458,0.1,poly,MinMaxScaler(),20,0.001,2.0,3.0,"{'Classifier__SVC__C': 0.1, 'Classifier__SVC__coef0': 2, 'Classifier__SVC__degree': 3, 'Classifier__SVC__gamma': 0.001, 'Classifier__SVC__kernel': 'poly', 'Scaler': MinMaxScaler(), 'Selector__max_features': 20}",0.08695652173913043,0.18357487922705315,0.0825242718446602,0.11768522427028126,0.04662614561612114,478
417,0.07029485702514648,0.01226215463427399,0.01723631223042806,0.0040060454720842005,0.1,poly,MinMaxScaler(),24,0.001,2.0,3.0,"{'Classifier__SVC__C': 0.1, 'Classifier__SVC__coef0': 2, 'Classifier__SVC__degree': 3, 'Classifier__SVC__gamma': 0.001, 'Classifier__SVC__kernel': 'poly', 'Scaler': MinMaxScaler(), 'Selector__max_features': 24}",0.08695652173913043,0.1497584541062802,0.0825242718446602,0.10641308256335695,0.030703171773475386,511
418,0.07002735137939453,0.007438311525393895,0.016998926798502605,0.004919774338525485,0.1,poly,MinMaxScaler(),2,0.01,2.0,3.0,"{'Classifier__SVC__C': 0.1, 'Classifier__SVC__coef0': 2, 'Classifier__SVC__degree': 3, 'Classifier__SVC__gamma': 0.01, 'Classifier__SVC__kernel': 'poly', 'Scaler': MinMaxScaler(), 'Selector__max_features': 2}",0.06280193236714976,0.12560386473429952,0.0825242718446602,0.0903100229820365,0.026223197336733246,532
419,0.08231623967488606,0.008338276700471457,0.017256895701090496,0.005175727208749252,0.1,poly,MinMaxScaler(),4,0.01,2.0,3.0,"{'Classifier__SVC__C': 0.1, 'Classifier__SVC__coef0': 2, 'Classifier__SVC__degree': 3, 'Classifier__SVC__gamma': 0.01, 'Classifier__SVC__kernel': 'poly', 'Scaler': MinMaxScaler(), 'Selector__max_features': 4}",0.08695652173913043,0.12560386473429952,0.0825242718446602,0.09836155277269672,0.01934802109677237,523
420,0.06806572278340657,0.008977704441689624,0.019181489944458008,0.007090279615070038,0.1,poly,MinMaxScaler(),6,0.01,2.0,3.0,"{'Classifier__SVC__C': 0.1, 'Classifier__SVC__coef0': 2, 'Classifier__SVC__degree': 3, 'Classifier__SVC__gamma': 0.01, 'Classifier__SVC__kernel': 'poly', 'Scaler': MinMaxScaler(), 'Selector__max_features': 6}",0.09178743961352658,0.15942028985507245,0.0825242718446602,0.11124400043775308,0.03427504160750725,500
421,0.06410129865010579,0.011777333803865404,0.020467201868693035,0.00527985623228869,0.1,poly,MinMaxScaler(),8,0.01,2.0,3.0,"{'Classifier__SVC__C': 0.1, 'Classifier__SVC__coef0': 2, 'Classifier__SVC__degree': 3, 'Classifier__SVC__gamma': 0.01, 'Classifier__SVC__kernel': 'poly', 'Scaler': MinMaxScaler(), 'Selector__max_features': 8}",0.0966183574879227,0.178743961352657,0.0825242718446602,0.11929553022841331,0.04242835360840959,472
422,0.06590843200683594,0.005893699369893333,0.013951301574707031,0.001107913581772544,0.1,poly,MinMaxScaler(),10,0.01,2.0,3.0,"{'Classifier__SVC__C': 0.1, 'Classifier__SVC__coef0': 2, 'Classifier__SVC__degree': 3, 'Classifier__SVC__gamma': 0.01, 'Classifier__SVC__kernel': 'poly', 'Scaler': MinMaxScaler(), 'Selector__max_features': 10}",0.08695652173913043,0.13043478260869565,0.0825242718446602,0.09997185873082876,0.021616405932736865,518
423,0.06856250762939453,0.013358038742080082,0.01442702611287435,0.0008265362104773127,0.1,poly,MinMaxScaler(),12,0.01,2.0,3.0,"{'Classifier__SVC__C': 0.1, 'Classifier__SVC__coef0': 2, 'Classifier__SVC__degree': 3, 'Classifier__SVC__gamma': 0.01, 'Classifier__SVC__kernel': 'poly', 'Scaler': MinMaxScaler(), 'Selector__max_features': 12}",0.09178743961352658,0.1642512077294686,0.0825242718446602,0.11285430639588513,0.036539318268582296,493
424,0.06502628326416016,0.010669344546252813,0.019677082697550457,0.006222650021840859,0.1,poly,MinMaxScaler(),14,0.01,2.0,3.0,"{'Classifier__SVC__C': 0.1, 'Classifier__SVC__coef0': 2, 'Classifier__SVC__degree': 3, 'Classifier__SVC__gamma': 0.01, 'Classifier__SVC__kernel': 'poly', 'Scaler': MinMaxScaler(), 'Selector__max_features': 14}",0.09178743961352658,0.15942028985507245,0.0825242718446602,0.11124400043775308,0.03427504160750725,500
425,0.07052501042683919,0.011888637398237697,0.014917453130086264,0.0005200617834395032,0.1,poly,MinMaxScaler(),16,0.01,2.0,3.0,"{'Classifier__SVC__C': 0.1, 'Classifier__SVC__coef0': 2, 'Classifier__SVC__degree': 3, 'Classifier__SVC__gamma': 0.01, 'Classifier__SVC__kernel': 'poly', 'Scaler': MinMaxScaler(), 'Selector__max_features': 16}",0.08695652173913043,0.18357487922705315,0.0825242718446602,0.11768522427028126,0.04662614561612114,478
426,0.06862918535868327,0.011786409139791848,0.0159451166788737,0.0010922342808803451,0.1,poly,MinMaxScaler(),18,0.01,2.0,3.0,"{'Classifier__SVC__C': 0.1, 'Classifier__SVC__coef0': 2, 'Classifier__SVC__degree': 3, 'Classifier__SVC__gamma': 0.01, 'Classifier__SVC__kernel': 'poly', 'Scaler': MinMaxScaler(), 'Selector__max_features': 18}",0.08695652173913043,0.20772946859903382,0.0825242718446602,0.12573675406094148,0.05800583383175398,468
427,0.06628378232320149,0.01360510495207291,0.014649232228597006,0.0017846549983790577,0.1,poly,MinMaxScaler(),20,0.01,2.0,3.0,"{'Classifier__SVC__C': 0.1, 'Classifier__SVC__coef0': 2, 'Classifier__SVC__degree': 3, 'Classifier__SVC__gamma': 0.01, 'Classifier__SVC__kernel': 'poly', 'Scaler': MinMaxScaler(), 'Selector__max_features': 20}",0.08695652173913043,0.2222222222222222,0.0825242718446602,0.1305676719353376,0.0648348088144018,464
428,0.06697742144266765,0.006592477468032404,0.014423529307047525,0.0023538908771749407,0.1,poly,MinMaxScaler(),24,0.01,2.0,3.0,"{'Classifier__SVC__C': 0.1, 'Classifier__SVC__coef0': 2, 'Classifier__SVC__degree': 3, 'Classifier__SVC__gamma': 0.01, 'Classifier__SVC__kernel': 'poly', 'Scaler': MinMaxScaler(), 'Selector__max_features': 24}",0.08695652173913043,0.19806763285024154,0.0825242718446602,0.12251614214467739,0.053453606181164036,471
429,0.08374381065368652,0.024569061328793787,0.01804979642232259,0.0023109095322384958,0.1,poly,MinMaxScaler(),2,0.001,2.0,5.0,"{'Classifier__SVC__C': 0.1, 'Classifier__SVC__coef0': 2, 'Classifier__SVC__degree': 5, 'Classifier__SVC__gamma': 0.001, 'Classifier__SVC__kernel': 'poly', 'Scaler': MinMaxScaler(), 'Selector__max_features': 2}",0.06280193236714976,0.12560386473429952,0.0825242718446602,0.0903100229820365,0.026223197336733246,532
430,0.06838019688924153,0.01331569258731636,0.022960503896077473,0.006531053727786372,0.1,poly,MinMaxScaler(),4,0.001,2.0,5.0,"{'Classifier__SVC__C': 0.1, 'Classifier__SVC__coef0': 2, 'Classifier__SVC__degree': 5, 'Classifier__SVC__gamma': 0.001, 'Classifier__SVC__kernel': 'poly', 'Scaler': MinMaxScaler(), 'Selector__max_features': 4}",0.08695652173913043,0.12560386473429952,0.0825242718446602,0.09836155277269672,0.01934802109677237,523
431,0.07202871640523274,0.017876427310875742,0.018695990244547527,0.00490250676431315,0.1,poly,MinMaxScaler(),6,0.001,2.0,5.0,"{'Classifier__SVC__C': 0.1, 'Classifier__SVC__coef0': 2, 'Classifier__SVC__degree': 5, 'Classifier__SVC__gamma': 0.001, 'Classifier__SVC__kernel': 'poly', 'Scaler': MinMaxScaler(), 'Selector__max_features': 6}",0.09178743961352658,0.15942028985507245,0.0825242718446602,0.11124400043775308,0.03427504160750725,500
432,0.06192350387573242,0.007734412336220331,0.01949620246887207,0.006949518950034822,0.1,poly,MinMaxScaler(),8,0.001,2.0,5.0,"{'Classifier__SVC__C': 0.1, 'Classifier__SVC__coef0': 2, 'Classifier__SVC__degree': 5, 'Classifier__SVC__gamma': 0.001, 'Classifier__SVC__kernel': 'poly', 'Scaler': MinMaxScaler(), 'Selector__max_features': 8}",0.0966183574879227,0.178743961352657,0.0825242718446602,0.11929553022841331,0.04242835360840959,472
433,0.06882842381795247,0.006402863257562504,0.01574230194091797,0.003784930259059237,0.1,poly,MinMaxScaler(),10,0.001,2.0,5.0,"{'Classifier__SVC__C': 0.1, 'Classifier__SVC__coef0': 2, 'Classifier__SVC__degree': 5, 'Classifier__SVC__gamma': 0.001, 'Classifier__SVC__kernel': 'poly', 'Scaler': MinMaxScaler(), 'Selector__max_features': 10}",0.08695652173913043,0.13043478260869565,0.0825242718446602,0.09997185873082876,0.021616405932736865,518
434,0.07498550415039062,0.008858072076748281,0.013922452926635742,0.0005333343501562931,0.1,poly,MinMaxScaler(),12,0.001,2.0,5.0,"{'Classifier__SVC__C': 0.1, 'Classifier__SVC__coef0': 2, 'Classifier__SVC__degree': 5, 'Classifier__SVC__gamma': 0.001, 'Classifier__SVC__kernel': 'poly', 'Scaler': MinMaxScaler(), 'Selector__max_features': 12}",0.09178743961352658,0.1642512077294686,0.0825242718446602,0.11285430639588513,0.036539318268582296,493
435,0.08009719848632812,0.020954523012405673,0.019191185633341473,0.005518066541871384,0.1,poly,MinMaxScaler(),14,0.001,2.0,5.0,"{'Classifier__SVC__C': 0.1, 'Classifier__SVC__coef0': 2, 'Classifier__SVC__degree': 5, 'Classifier__SVC__gamma': 0.001, 'Classifier__SVC__kernel': 'poly', 'Scaler': MinMaxScaler(), 'Selector__max_features': 14}",0.09178743961352658,0.15942028985507245,0.0825242718446602,0.11124400043775308,0.03427504160750725,500
436,0.06771453221638997,0.010672976378833635,0.018655935923258465,0.0060523412384007325,0.1,poly,MinMaxScaler(),16,0.001,2.0,5.0,"{'Classifier__SVC__C': 0.1, 'Classifier__SVC__coef0': 2, 'Classifier__SVC__degree': 5, 'Classifier__SVC__gamma': 0.001, 'Classifier__SVC__kernel': 'poly', 'Scaler': MinMaxScaler(), 'Selector__max_features': 16}",0.08695652173913043,0.18357487922705315,0.0825242718446602,0.11768522427028126,0.04662614561612114,478
437,0.07451645533243816,0.019004154754063717,0.016942977905273438,0.0013238253812287363,0.1,poly,MinMaxScaler(),18,0.001,2.0,5.0,"{'Classifier__SVC__C': 0.1, 'Classifier__SVC__coef0': 2, 'Classifier__SVC__degree': 5, 'Classifier__SVC__gamma': 0.001, 'Classifier__SVC__kernel': 'poly', 'Scaler': MinMaxScaler(), 'Selector__max_features': 18}",0.08695652173913043,0.18357487922705315,0.0825242718446602,0.11768522427028126,0.04662614561612114,478
438,0.0628816286722819,0.002138180923826131,0.01927630106608073,0.00563618079963166,0.1,poly,MinMaxScaler(),20,0.001,2.0,5.0,"{'Classifier__SVC__C': 0.1, 'Classifier__SVC__coef0': 2, 'Classifier__SVC__degree': 5, 'Classifier__SVC__gamma': 0.001, 'Classifier__SVC__kernel': 'poly', 'Scaler': MinMaxScaler(), 'Selector__max_features': 20}",0.08695652173913043,0.18357487922705315,0.0825242718446602,0.11768522427028126,0.04662614561612114,478
439,0.08124637603759766,0.014032816590366773,0.021010319391886394,0.0034436378793512756,0.1,poly,MinMaxScaler(),24,0.001,2.0,5.0,"{'Classifier__SVC__C': 0.1, 'Classifier__SVC__coef0': 2, 'Classifier__SVC__degree': 5, 'Classifier__SVC__gamma': 0.001, 'Classifier__SVC__kernel': 'poly', 'Scaler': MinMaxScaler(), 'Selector__max_features': 24}",0.08695652173913043,0.1497584541062802,0.0825242718446602,0.10641308256335695,0.030703171773475386,511
440,0.06338953971862793,0.0012268386412544344,0.014448006947835287,0.0005772391122263205,0.1,poly,MinMaxScaler(),2,0.01,2.0,5.0,"{'Classifier__SVC__C': 0.1, 'Classifier__SVC__coef0': 2, 'Classifier__SVC__degree': 5, 'Classifier__SVC__gamma': 0.01, 'Classifier__SVC__kernel': 'poly', 'Scaler': MinMaxScaler(), 'Selector__max_features': 2}",0.05314009661835749,0.14009661835748793,0.0825242718446602,0.09192032894016855,0.03611623443779363,531
441,0.07056244214375813,0.008795536929894682,0.019110997517903645,0.005543374399294473,0.1,poly,MinMaxScaler(),4,0.01,2.0,5.0,"{'Classifier__SVC__C': 0.1, 'Classifier__SVC__coef0': 2, 'Classifier__SVC__degree': 5, 'Classifier__SVC__gamma': 0.01, 'Classifier__SVC__kernel': 'poly', 'Scaler': MinMaxScaler(), 'Selector__max_features': 4}",0.07246376811594203,0.13526570048309178,0.0825242718446602,0.09675124681456466,0.02754179599394018,529
442,0.08314371109008789,0.015193017596153774,0.01908087730407715,0.007450398847270502,0.1,poly,MinMaxScaler(),6,0.01,2.0,5.0,"{'Classifier__SVC__C': 0.1, 'Classifier__SVC__coef0': 2, 'Classifier__SVC__degree': 5, 'Classifier__SVC__gamma': 0.01, 'Classifier__SVC__kernel': 'poly', 'Scaler': MinMaxScaler(), 'Selector__max_features': 6}",0.14492753623188406,0.15458937198067632,0.07766990291262135,0.12572893704172725,0.03421102004302204,469
443,0.06876707077026367,0.009870984908500413,0.014597098032633463,0.0006911908352663106,0.1,poly,MinMaxScaler(),8,0.01,2.0,5.0,"{'Classifier__SVC__C': 0.1, 'Classifier__SVC__coef0': 2, 'Classifier__SVC__degree': 5, 'Classifier__SVC__gamma': 0.01, 'Classifier__SVC__kernel': 'poly', 'Scaler': MinMaxScaler(), 'Selector__max_features': 8}",0.15458937198067632,0.1497584541062802,0.0825242718446602,0.12895736597720558,0.032892335631254634,466
444,0.0665886402130127,0.002864550667360551,0.01417382558186849,0.0014830157082382067,0.1,poly,MinMaxScaler(),10,0.01,2.0,5.0,"{'Classifier__SVC__C': 0.1, 'Classifier__SVC__coef0': 2, 'Classifier__SVC__degree': 5, 'Classifier__SVC__gamma': 0.01, 'Classifier__SVC__kernel': 'poly', 'Scaler': MinMaxScaler(), 'Selector__max_features': 10}",0.20772946859903382,0.20772946859903382,0.11165048543689321,0.17570314087832029,0.045292067015638496,312
445,0.06452035903930664,0.0031353256494615865,0.015497684478759766,0.0015125510043356696,0.1,poly,MinMaxScaler(),12,0.01,2.0,5.0,"{'Classifier__SVC__C': 0.1, 'Classifier__SVC__coef0': 2, 'Classifier__SVC__degree': 5, 'Classifier__SVC__gamma': 0.01, 'Classifier__SVC__kernel': 'poly', 'Scaler': MinMaxScaler(), 'Selector__max_features': 12}",0.2463768115942029,0.26570048309178745,0.12135922330097088,0.21114550599565374,0.06397673269834783,192
446,0.07208140691121419,0.00931426434782607,0.014880816141764322,0.0007358726091567247,0.1,poly,MinMaxScaler(),14,0.01,2.0,5.0,"{'Classifier__SVC__C': 0.1, 'Classifier__SVC__coef0': 2, 'Classifier__SVC__degree': 5, 'Classifier__SVC__gamma': 0.01, 'Classifier__SVC__kernel': 'poly', 'Scaler': MinMaxScaler(), 'Selector__max_features': 14}",0.2608695652173913,0.3140096618357488,0.1407766990291262,0.23855197536075545,0.07246135044949564,156
447,0.07671721776326497,0.006455459541350484,0.019803524017333984,0.005725014754172676,0.1,poly,MinMaxScaler(),16,0.01,2.0,5.0,"{'Classifier__SVC__C': 0.1, 'Classifier__SVC__coef0': 2, 'Classifier__SVC__degree': 5, 'Classifier__SVC__gamma': 0.01, 'Classifier__SVC__kernel': 'poly', 'Scaler': MinMaxScaler(), 'Selector__max_features': 16}",0.28502415458937197,0.3140096618357488,0.17475728155339806,0.25793036599283964,0.059990895914631893,110
448,0.06949305534362793,0.005794348942560866,0.015935579935709637,0.0009252423579483713,0.1,poly,MinMaxScaler(),18,0.01,2.0,5.0,"{'Classifier__SVC__C': 0.1, 'Classifier__SVC__coef0': 2, 'Classifier__SVC__degree': 5, 'Classifier__SVC__gamma': 0.01, 'Classifier__SVC__kernel': 'poly', 'Scaler': MinMaxScaler(), 'Selector__max_features': 18}",0.25120772946859904,0.30917874396135264,0.17475728155339806,0.24504791832778328,0.055049915797339026,144
449,0.0703284740447998,0.004878234420643254,0.016660769780476887,0.0011890323982832755,0.1,poly,MinMaxScaler(),20,0.01,2.0,5.0,"{'Classifier__SVC__C': 0.1, 'Classifier__SVC__coef0': 2, 'Classifier__SVC__degree': 5, 'Classifier__SVC__gamma': 0.01, 'Classifier__SVC__kernel': 'poly', 'Scaler': MinMaxScaler(), 'Selector__max_features': 20}",0.25120772946859904,0.30917874396135264,0.16019417475728157,0.24019354939574444,0.06131929868721925,152
450,0.07132879892985027,0.0016257626879516564,0.01451253890991211,0.0013999033091105064,0.1,poly,MinMaxScaler(),24,0.01,2.0,5.0,"{'Classifier__SVC__C': 0.1, 'Classifier__SVC__coef0': 2, 'Classifier__SVC__degree': 5, 'Classifier__SVC__gamma': 0.01, 'Classifier__SVC__kernel': 'poly', 'Scaler': MinMaxScaler(), 'Selector__max_features': 24}",0.26570048309178745,0.30434782608695654,0.16990291262135923,0.2466504072667011,0.056515707143525704,142
451,0.0732432206471761,0.009009118439894017,0.02082991600036621,0.008784053029681355,0.1,poly,MinMaxScaler(),2,0.001,4.0,3.0,"{'Classifier__SVC__C': 0.1, 'Classifier__SVC__coef0': 4, 'Classifier__SVC__degree': 3, 'Classifier__SVC__gamma': 0.001, 'Classifier__SVC__kernel': 'poly', 'Scaler': MinMaxScaler(), 'Selector__max_features': 2}",0.06280193236714976,0.12560386473429952,0.0825242718446602,0.0903100229820365,0.026223197336733246,532
452,0.07511838277180989,0.009318144476873036,0.01994800567626953,0.0059183556125999405,0.1,poly,MinMaxScaler(),4,0.001,4.0,3.0,"{'Classifier__SVC__C': 0.1, 'Classifier__SVC__coef0': 4, 'Classifier__SVC__degree': 3, 'Classifier__SVC__gamma': 0.001, 'Classifier__SVC__kernel': 'poly', 'Scaler': MinMaxScaler(), 'Selector__max_features': 4}",0.08695652173913043,0.12560386473429952,0.0825242718446602,0.09836155277269672,0.01934802109677237,523
453,0.06882238388061523,0.00528698424270826,0.020192782084147137,0.010106757322052344,0.1,poly,MinMaxScaler(),6,0.001,4.0,3.0,"{'Classifier__SVC__C': 0.1, 'Classifier__SVC__coef0': 4, 'Classifier__SVC__degree': 3, 'Classifier__SVC__gamma': 0.001, 'Classifier__SVC__kernel': 'poly', 'Scaler': MinMaxScaler(), 'Selector__max_features': 6}",0.09178743961352658,0.15942028985507245,0.0825242718446602,0.11124400043775308,0.03427504160750725,500
454,0.08389059702555339,0.017106652980846293,0.02186266581217448,0.007352566746161267,0.1,poly,MinMaxScaler(),8,0.001,4.0,3.0,"{'Classifier__SVC__C': 0.1, 'Classifier__SVC__coef0': 4, 'Classifier__SVC__degree': 3, 'Classifier__SVC__gamma': 0.001, 'Classifier__SVC__kernel': 'poly', 'Scaler': MinMaxScaler(), 'Selector__max_features': 8}",0.0966183574879227,0.178743961352657,0.0825242718446602,0.11929553022841331,0.04242835360840959,472
455,0.06856862703959148,0.008144143744610009,0.018744945526123047,0.0062787863145249805,0.1,poly,MinMaxScaler(),10,0.001,4.0,3.0,"{'Classifier__SVC__C': 0.1, 'Classifier__SVC__coef0': 4, 'Classifier__SVC__degree': 3, 'Classifier__SVC__gamma': 0.001, 'Classifier__SVC__kernel': 'poly', 'Scaler': MinMaxScaler(), 'Selector__max_features': 10}",0.08695652173913043,0.13043478260869565,0.0825242718446602,0.09997185873082876,0.021616405932736865,518
456,0.08478267987569173,0.005226668352316276,0.01927661895751953,0.006875118222936428,0.1,poly,MinMaxScaler(),12,0.001,4.0,3.0,"{'Classifier__SVC__C': 0.1, 'Classifier__SVC__coef0': 4, 'Classifier__SVC__degree': 3, 'Classifier__SVC__gamma': 0.001, 'Classifier__SVC__kernel': 'poly', 'Scaler': MinMaxScaler(), 'Selector__max_features': 12}",0.09178743961352658,0.1642512077294686,0.0825242718446602,0.11285430639588513,0.036539318268582296,493
457,0.06923778851826985,0.0034083897648443284,0.014567931493123373,0.0008190052257449362,0.1,poly,MinMaxScaler(),14,0.001,4.0,3.0,"{'Classifier__SVC__C': 0.1, 'Classifier__SVC__coef0': 4, 'Classifier__SVC__degree': 3, 'Classifier__SVC__gamma': 0.001, 'Classifier__SVC__kernel': 'poly', 'Scaler': MinMaxScaler(), 'Selector__max_features': 14}",0.09178743961352658,0.15942028985507245,0.0825242718446602,0.11124400043775308,0.03427504160750725,500
458,0.07696207364400227,0.013789161883901904,0.015643517176310223,0.0011950954981893103,0.1,poly,MinMaxScaler(),16,0.001,4.0,3.0,"{'Classifier__SVC__C': 0.1, 'Classifier__SVC__coef0': 4, 'Classifier__SVC__degree': 3, 'Classifier__SVC__gamma': 0.001, 'Classifier__SVC__kernel': 'poly', 'Scaler': MinMaxScaler(), 'Selector__max_features': 16}",0.08695652173913043,0.18357487922705315,0.0825242718446602,0.11768522427028126,0.04662614561612114,478
459,0.08282685279846191,0.009077212136363992,0.02001039187113444,0.005095817268571161,0.1,poly,MinMaxScaler(),18,0.001,4.0,3.0,"{'Classifier__SVC__C': 0.1, 'Classifier__SVC__coef0': 4, 'Classifier__SVC__degree': 3, 'Classifier__SVC__gamma': 0.001, 'Classifier__SVC__kernel': 'poly', 'Scaler': MinMaxScaler(), 'Selector__max_features': 18}",0.08695652173913043,0.18357487922705315,0.0825242718446602,0.11768522427028126,0.04662614561612114,478
460,0.08288868268330891,0.015387845085910613,0.01586469014485677,0.0024499946268287404,0.1,poly,MinMaxScaler(),20,0.001,4.0,3.0,"{'Classifier__SVC__C': 0.1, 'Classifier__SVC__coef0': 4, 'Classifier__SVC__degree': 3, 'Classifier__SVC__gamma': 0.001, 'Classifier__SVC__kernel': 'poly', 'Scaler': MinMaxScaler(), 'Selector__max_features': 20}",0.08695652173913043,0.18357487922705315,0.0825242718446602,0.11768522427028126,0.04662614561612114,478
461,0.07040913899739583,0.004777205269136544,0.019533475240071613,0.003967180800581027,0.1,poly,MinMaxScaler(),24,0.001,4.0,3.0,"{'Classifier__SVC__C': 0.1, 'Classifier__SVC__coef0': 4, 'Classifier__SVC__degree': 3, 'Classifier__SVC__gamma': 0.001, 'Classifier__SVC__kernel': 'poly', 'Scaler': MinMaxScaler(), 'Selector__max_features': 24}",0.08695652173913043,0.1497584541062802,0.0825242718446602,0.10641308256335695,0.030703171773475386,511
462,0.0646355152130127,0.007245866120807281,0.014951229095458984,0.0024040187854130987,0.1,poly,MinMaxScaler(),2,0.01,4.0,3.0,"{'Classifier__SVC__C': 0.1, 'Classifier__SVC__coef0': 4, 'Classifier__SVC__degree': 3, 'Classifier__SVC__gamma': 0.01, 'Classifier__SVC__kernel': 'poly', 'Scaler': MinMaxScaler(), 'Selector__max_features': 2}",0.06280193236714976,0.12560386473429952,0.0825242718446602,0.0903100229820365,0.026223197336733246,532
463,0.07159558931986491,0.017928869590265233,0.01307352383931478,0.0005935529155366761,0.1,poly,MinMaxScaler(),4,0.01,4.0,3.0,"{'Classifier__SVC__C': 0.1, 'Classifier__SVC__coef0': 4, 'Classifier__SVC__degree': 3, 'Classifier__SVC__gamma': 0.01, 'Classifier__SVC__kernel': 'poly', 'Scaler': MinMaxScaler(), 'Selector__max_features': 4}",0.0821256038647343,0.13043478260869565,0.0825242718446602,0.09836155277269672,0.022679782305306838,523
464,0.0683588186899821,0.011073376653244376,0.014487187067667643,0.0012019170994602823,0.1,poly,MinMaxScaler(),6,0.01,4.0,3.0,"{'Classifier__SVC__C': 0.1, 'Classifier__SVC__coef0': 4, 'Classifier__SVC__degree': 3, 'Classifier__SVC__gamma': 0.01, 'Classifier__SVC__kernel': 'poly', 'Scaler': MinMaxScaler(), 'Selector__max_features': 6}",0.0966183574879227,0.14009661835748793,0.07766990291262135,0.10479495958601066,0.026133201318264705,515
465,0.06902766227722168,0.011660502789398043,0.014217297236124674,0.0006666547380743047,0.1,poly,MinMaxScaler(),8,0.01,4.0,3.0,"{'Classifier__SVC__C': 0.1, 'Classifier__SVC__coef0': 4, 'Classifier__SVC__degree': 3, 'Classifier__SVC__gamma': 0.01, 'Classifier__SVC__kernel': 'poly', 'Scaler': MinMaxScaler(), 'Selector__max_features': 8}",0.09178743961352658,0.17391304347826086,0.07281553398058252,0.11283867235745666,0.04387514411514889,498
466,0.06773241360982259,0.0048764560065646875,0.014953851699829102,0.0020957018147360657,0.1,poly,MinMaxScaler(),10,0.01,4.0,3.0,"{'Classifier__SVC__C': 0.1, 'Classifier__SVC__coef0': 4, 'Classifier__SVC__degree': 3, 'Classifier__SVC__gamma': 0.01, 'Classifier__SVC__kernel': 'poly', 'Scaler': MinMaxScaler(), 'Selector__max_features': 10}",0.07729468599033816,0.1642512077294686,0.0825242718446602,0.108023388521489,0.03981635243394237,510
467,0.07273515065511067,0.005518014004843412,0.015068292617797852,0.0008302466854891212,0.1,poly,MinMaxScaler(),12,0.01,4.0,3.0,"{'Classifier__SVC__C': 0.1, 'Classifier__SVC__coef0': 4, 'Classifier__SVC__degree': 3, 'Classifier__SVC__gamma': 0.01, 'Classifier__SVC__kernel': 'poly', 'Scaler': MinMaxScaler(), 'Selector__max_features': 12}",0.0966183574879227,0.12560386473429952,0.0825242718446602,0.10158216468896081,0.017933996902179464,516
468,0.07190060615539551,0.0015002476286525867,0.013302803039550781,0.0017738890575323375,0.1,poly,MinMaxScaler(),14,0.01,4.0,3.0,"{'Classifier__SVC__C': 0.1, 'Classifier__SVC__coef0': 4, 'Classifier__SVC__degree': 3, 'Classifier__SVC__gamma': 0.01, 'Classifier__SVC__kernel': 'poly', 'Scaler': MinMaxScaler(), 'Selector__max_features': 14}",0.0821256038647343,0.12560386473429952,0.0825242718446602,0.09675124681456466,0.020402530964828976,529
469,0.07223733266194661,0.010731913531999687,0.022953033447265625,0.004371610524714963,0.1,poly,MinMaxScaler(),16,0.01,4.0,3.0,"{'Classifier__SVC__C': 0.1, 'Classifier__SVC__coef0': 4, 'Classifier__SVC__degree': 3, 'Classifier__SVC__gamma': 0.01, 'Classifier__SVC__kernel': 'poly', 'Scaler': MinMaxScaler(), 'Selector__max_features': 16}",0.0821256038647343,0.12560386473429952,0.09223300970873786,0.09998749276925722,0.018577563487755917,517
470,0.0854934851328532,0.019987302833818027,0.018735090891520183,0.004182231923374287,0.1,poly,MinMaxScaler(),18,0.01,4.0,3.0,"{'Classifier__SVC__C': 0.1, 'Classifier__SVC__coef0': 4, 'Classifier__SVC__degree': 3, 'Classifier__SVC__gamma': 0.01, 'Classifier__SVC__kernel': 'poly', 'Scaler': MinMaxScaler(), 'Selector__max_features': 18}",0.08695652173913043,0.1497584541062802,0.0970873786407767,0.11126745149539578,0.0275296994399835,499
471,0.07831271489461263,0.018163853821513466,0.013753096262613932,0.00022218977145405948,0.1,poly,MinMaxScaler(),20,0.01,4.0,3.0,"{'Classifier__SVC__C': 0.1, 'Classifier__SVC__coef0': 4, 'Classifier__SVC__degree': 3, 'Classifier__SVC__gamma': 0.01, 'Classifier__SVC__kernel': 'poly', 'Scaler': MinMaxScaler(), 'Selector__max_features': 20}",0.0966183574879227,0.14009661835748793,0.10194174757281553,0.11288557447274206,0.019363458755641744,492
472,0.07014966011047363,0.0064891879521576995,0.015738487243652344,0.00122635977090136,0.1,poly,MinMaxScaler(),24,0.01,4.0,3.0,"{'Classifier__SVC__C': 0.1, 'Classifier__SVC__coef0': 4, 'Classifier__SVC__degree': 3, 'Classifier__SVC__gamma': 0.01, 'Classifier__SVC__kernel': 'poly', 'Scaler': MinMaxScaler(), 'Selector__max_features': 24}",0.178743961352657,0.23671497584541062,0.11650485436893204,0.17732126385566657,0.049085886481237434,309
473,0.07578857739766438,0.006358271690676577,0.014078617095947266,0.0010981750410707701,0.1,poly,MinMaxScaler(),2,0.001,4.0,5.0,"{'Classifier__SVC__C': 0.1, 'Classifier__SVC__coef0': 4, 'Classifier__SVC__degree': 5, 'Classifier__SVC__gamma': 0.001, 'Classifier__SVC__kernel': 'poly', 'Scaler': MinMaxScaler(), 'Selector__max_features': 2}",0.04830917874396135,0.12560386473429952,0.07766990291262135,0.08386098213029407,0.03185764394925096,539
474,0.0648051102956136,0.0008150971667025748,0.015770912170410156,0.0018166375250818804,0.1,poly,MinMaxScaler(),4,0.001,4.0,5.0,"{'Classifier__SVC__C': 0.1, 'Classifier__SVC__coef0': 4, 'Classifier__SVC__degree': 5, 'Classifier__SVC__gamma': 0.001, 'Classifier__SVC__kernel': 'poly', 'Scaler': MinMaxScaler(), 'Selector__max_features': 4}",0.18840579710144928,0.1497584541062802,0.08737864077669903,0.14184763066147618,0.04162176853881093,427
475,0.07529155413309734,0.021373539036452855,0.016655524571736652,0.00335353642698158,0.1,poly,MinMaxScaler(),6,0.001,4.0,5.0,"{'Classifier__SVC__C': 0.1, 'Classifier__SVC__coef0': 4, 'Classifier__SVC__degree': 5, 'Classifier__SVC__gamma': 0.001, 'Classifier__SVC__kernel': 'poly', 'Scaler': MinMaxScaler(), 'Selector__max_features': 6}",0.2028985507246377,0.17391304347826086,0.20388349514563106,0.1935650297828432,0.013901869254761641,251
476,0.06443317731221516,0.0036630812898199535,0.015723466873168945,0.0019260714624118242,0.1,poly,MinMaxScaler(),8,0.001,4.0,5.0,"{'Classifier__SVC__C': 0.1, 'Classifier__SVC__coef0': 4, 'Classifier__SVC__degree': 5, 'Classifier__SVC__gamma': 0.001, 'Classifier__SVC__kernel': 'poly', 'Scaler': MinMaxScaler(), 'Selector__max_features': 8}",0.23671497584541062,0.24154589371980675,0.18932038834951456,0.22252708597157733,0.023563361631985944,181
477,0.05862323443094889,0.0024378581448299876,0.014540513356526693,0.001917152286696762,0.1,poly,MinMaxScaler(),10,0.001,4.0,5.0,"{'Classifier__SVC__C': 0.1, 'Classifier__SVC__coef0': 4, 'Classifier__SVC__degree': 5, 'Classifier__SVC__gamma': 0.001, 'Classifier__SVC__kernel': 'poly', 'Scaler': MinMaxScaler(), 'Selector__max_features': 10}",0.2318840579710145,0.2608695652173913,0.16990291262135923,0.22088551193658834,0.03794257926819894,184
478,0.05993239084879557,0.0018544300416703356,0.016474008560180664,0.0020262566230291293,0.1,poly,MinMaxScaler(),12,0.001,4.0,5.0,"{'Classifier__SVC__C': 0.1, 'Classifier__SVC__coef0': 4, 'Classifier__SVC__degree': 5, 'Classifier__SVC__gamma': 0.001, 'Classifier__SVC__kernel': 'poly', 'Scaler': MinMaxScaler(), 'Selector__max_features': 12}",0.2463768115942029,0.2946859903381642,0.13106796116504854,0.22404358769913854,0.06863815525291035,180
479,0.0667573610941569,0.01129744243803068,0.014565467834472656,0.0008435523593124856,0.1,poly,MinMaxScaler(),14,0.001,4.0,5.0,"{'Classifier__SVC__C': 0.1, 'Classifier__SVC__coef0': 4, 'Classifier__SVC__degree': 5, 'Classifier__SVC__gamma': 0.001, 'Classifier__SVC__kernel': 'poly', 'Scaler': MinMaxScaler(), 'Selector__max_features': 14}",0.2753623188405797,0.3140096618357488,0.1553398058252427,0.24823726216719036,0.0675566790492725,140
480,0.07210795084635417,0.01625410413427758,0.018359025319417317,0.003213878675059902,0.1,poly,MinMaxScaler(),16,0.001,4.0,5.0,"{'Classifier__SVC__C': 0.1, 'Classifier__SVC__coef0': 4, 'Classifier__SVC__degree': 5, 'Classifier__SVC__gamma': 0.001, 'Classifier__SVC__kernel': 'poly', 'Scaler': MinMaxScaler(), 'Selector__max_features': 16}",0.2946859903381642,0.28019323671497587,0.17475728155339806,0.2498788362021794,0.05344745679345893,136
481,0.06733465194702148,0.013000277364854035,0.01291036605834961,0.0005087960848954607,0.1,poly,MinMaxScaler(),18,0.001,4.0,5.0,"{'Classifier__SVC__C': 0.1, 'Classifier__SVC__coef0': 4, 'Classifier__SVC__degree': 5, 'Classifier__SVC__gamma': 0.001, 'Classifier__SVC__kernel': 'poly', 'Scaler': MinMaxScaler(), 'Selector__max_features': 18}",0.2898550724637681,0.2898550724637681,0.17475728155339806,0.25148914216031143,0.05425761896820936,132
482,0.07519419987996419,0.006653468582086751,0.01577027638753255,0.0008743962374349297,0.1,poly,MinMaxScaler(),20,0.001,4.0,5.0,"{'Classifier__SVC__C': 0.1, 'Classifier__SVC__coef0': 4, 'Classifier__SVC__degree': 5, 'Classifier__SVC__gamma': 0.001, 'Classifier__SVC__kernel': 'poly', 'Scaler': MinMaxScaler(), 'Selector__max_features': 20}",0.28502415458937197,0.2946859903381642,0.1796116504854369,0.2531072651376577,0.0521187221469084,127
483,0.06971597671508789,0.005055273025843397,0.020706335703531902,0.005528167309904057,0.1,poly,MinMaxScaler(),24,0.001,4.0,5.0,"{'Classifier__SVC__C': 0.1, 'Classifier__SVC__coef0': 4, 'Classifier__SVC__degree': 5, 'Classifier__SVC__gamma': 0.001, 'Classifier__SVC__kernel': 'poly', 'Scaler': MinMaxScaler(), 'Selector__max_features': 24}",0.2946859903381642,0.28019323671497587,0.1650485436893204,0.24664259024748683,0.0579982833205592,143
484,0.06374263763427734,0.004999183147667284,0.0172573725382487,0.004037476652621221,0.1,poly,MinMaxScaler(),2,0.01,4.0,5.0,"{'Classifier__SVC__C': 0.1, 'Classifier__SVC__coef0': 4, 'Classifier__SVC__degree': 5, 'Classifier__SVC__gamma': 0.01, 'Classifier__SVC__kernel': 'poly', 'Scaler': MinMaxScaler(), 'Selector__max_features': 2}",0.17391304347826086,0.25120772946859904,0.12135922330097088,0.18215999874927694,0.053330215587555664,272
485,0.05828253428141276,0.011374982398479512,0.021137078603108723,0.0057892868250387745,0.1,poly,MinMaxScaler(),4,0.01,4.0,5.0,"{'Classifier__SVC__C': 0.1, 'Classifier__SVC__coef0': 4, 'Classifier__SVC__degree': 5, 'Classifier__SVC__gamma': 0.01, 'Classifier__SVC__kernel': 'poly', 'Scaler': MinMaxScaler(), 'Selector__max_features': 4}",0.20772946859903382,0.22705314009661837,0.22815533980582525,0.22097931616715916,0.009379856306065722,183
486,0.07814566294352214,0.01598004570063075,0.016010363896687824,0.0018156957337145511,0.1,poly,MinMaxScaler(),6,0.01,4.0,5.0,"{'Classifier__SVC__C': 0.1, 'Classifier__SVC__coef0': 4, 'Classifier__SVC__degree': 5, 'Classifier__SVC__gamma': 0.01, 'Classifier__SVC__kernel': 'poly', 'Scaler': MinMaxScaler(), 'Selector__max_features': 6}",0.24154589371980675,0.25120772946859904,0.27184466019417475,0.25486609446086017,0.012637023338310936,116
487,0.07339215278625488,0.006147276754440544,0.023205041885375977,0.00751171532691672,0.1,poly,MinMaxScaler(),8,0.01,4.0,5.0,"{'Classifier__SVC__C': 0.1, 'Classifier__SVC__coef0': 4, 'Classifier__SVC__degree': 5, 'Classifier__SVC__gamma': 0.01, 'Classifier__SVC__kernel': 'poly', 'Scaler': MinMaxScaler(), 'Selector__max_features': 8}",0.24154589371980675,0.27053140096618356,0.24757281553398058,0.253216703406657,0.012488127970782175,123
488,0.0665730635325114,0.014148949162398715,0.015110969543457031,0.0024896315174913705,0.1,poly,MinMaxScaler(),10,0.01,4.0,5.0,"{'Classifier__SVC__C': 0.1, 'Classifier__SVC__coef0': 4, 'Classifier__SVC__degree': 5, 'Classifier__SVC__gamma': 0.01, 'Classifier__SVC__kernel': 'poly', 'Scaler': MinMaxScaler(), 'Selector__max_features': 10}",0.27053140096618356,0.2753623188405797,0.2961165048543689,0.28067007488704404,0.011098906580646986,63
489,0.05518786112467448,0.005668647869183843,0.01703182856241862,0.0014152980487921662,0.1,poly,MinMaxScaler(),12,0.01,4.0,5.0,"{'Classifier__SVC__C': 0.1, 'Classifier__SVC__coef0': 4, 'Classifier__SVC__degree': 5, 'Classifier__SVC__gamma': 0.01, 'Classifier__SVC__kernel': 'poly', 'Scaler': MinMaxScaler(), 'Selector__max_features': 12}",0.2463768115942029,0.28502415458937197,0.28640776699029125,0.27260291105795537,0.018553253364858906,81
490,0.06940730412801106,0.0044482811237852695,0.01964871088663737,0.005013532433315927,0.1,poly,MinMaxScaler(),14,0.01,4.0,5.0,"{'Classifier__SVC__C': 0.1, 'Classifier__SVC__coef0': 4, 'Classifier__SVC__degree': 5, 'Classifier__SVC__gamma': 0.01, 'Classifier__SVC__kernel': 'poly', 'Scaler': MinMaxScaler(), 'Selector__max_features': 14}",0.24154589371980675,0.30434782608695654,0.30097087378640774,0.28228819786439036,0.02884212731367505,59
491,0.08544015884399414,0.013950215465369311,0.01710851987202962,0.0024260498230450566,0.1,poly,MinMaxScaler(),16,0.01,4.0,5.0,"{'Classifier__SVC__C': 0.1, 'Classifier__SVC__coef0': 4, 'Classifier__SVC__degree': 5, 'Classifier__SVC__gamma': 0.01, 'Classifier__SVC__kernel': 'poly', 'Scaler': MinMaxScaler(), 'Selector__max_features': 16}",0.2608695652173913,0.28019323671497587,0.33495145631067963,0.2920047527476823,0.0313758461265203,46
492,0.06554770469665527,0.0024502544512048307,0.01967136065165202,0.005923410601607659,0.1,poly,MinMaxScaler(),18,0.01,4.0,5.0,"{'Classifier__SVC__C': 0.1, 'Classifier__SVC__coef0': 4, 'Classifier__SVC__degree': 5, 'Classifier__SVC__gamma': 0.01, 'Classifier__SVC__kernel': 'poly', 'Scaler': MinMaxScaler(), 'Selector__max_features': 18}",0.28019323671497587,0.28019323671497587,0.34951456310679613,0.3033003455122493,0.03267838664833472,24
493,0.061592658360799156,0.004434207308495882,0.024884939193725586,0.00654890272985523,0.1,poly,MinMaxScaler(),20,0.01,4.0,5.0,"{'Classifier__SVC__C': 0.1, 'Classifier__SVC__coef0': 4, 'Classifier__SVC__degree': 5, 'Classifier__SVC__gamma': 0.01, 'Classifier__SVC__kernel': 'poly', 'Scaler': MinMaxScaler(), 'Selector__max_features': 20}",0.28019323671497587,0.30917874396135264,0.3106796116504854,0.3000171974422713,0.014031042136232186,30
494,0.06319109598795573,0.0030000911548293554,0.016145944595336914,0.00012804490963905262,0.1,poly,MinMaxScaler(),24,0.01,4.0,5.0,"{'Classifier__SVC__C': 0.1, 'Classifier__SVC__coef0': 4, 'Classifier__SVC__degree': 5, 'Classifier__SVC__gamma': 0.01, 'Classifier__SVC__kernel': 'poly', 'Scaler': MinMaxScaler(), 'Selector__max_features': 24}",0.28502415458937197,0.30917874396135264,0.30097087378640774,0.29839125744571077,0.010028355208479054,36
495,0.06888516743977864,0.007625171153862778,0.015755653381347656,0.003032231172058333,0.1,poly,MinMaxScaler(),2,0.001,6.0,3.0,"{'Classifier__SVC__C': 0.1, 'Classifier__SVC__coef0': 6, 'Classifier__SVC__degree': 3, 'Classifier__SVC__gamma': 0.001, 'Classifier__SVC__kernel': 'poly', 'Scaler': MinMaxScaler(), 'Selector__max_features': 2}",0.06280193236714976,0.12560386473429952,0.0825242718446602,0.0903100229820365,0.026223197336733246,532
496,0.06691424051920573,0.005870507557710021,0.01599733034769694,0.0022973624364856153,0.1,poly,MinMaxScaler(),4,0.001,6.0,3.0,"{'Classifier__SVC__C': 0.1, 'Classifier__SVC__coef0': 6, 'Classifier__SVC__degree': 3, 'Classifier__SVC__gamma': 0.001, 'Classifier__SVC__kernel': 'poly', 'Scaler': MinMaxScaler(), 'Selector__max_features': 4}",0.08695652173913043,0.12560386473429952,0.0825242718446602,0.09836155277269672,0.01934802109677237,523
497,0.07692956924438477,0.010430974797399236,0.017267783482869465,0.0030433830715557485,0.1,poly,MinMaxScaler(),6,0.001,6.0,3.0,"{'Classifier__SVC__C': 0.1, 'Classifier__SVC__coef0': 6, 'Classifier__SVC__degree': 3, 'Classifier__SVC__gamma': 0.001, 'Classifier__SVC__kernel': 'poly', 'Scaler': MinMaxScaler(), 'Selector__max_features': 6}",0.09178743961352658,0.15942028985507245,0.0825242718446602,0.11124400043775308,0.03427504160750725,500
498,0.06857530275980632,0.009014131804444372,0.020157257715861004,0.004584990467949928,0.1,poly,MinMaxScaler(),8,0.001,6.0,3.0,"{'Classifier__SVC__C': 0.1, 'Classifier__SVC__coef0': 6, 'Classifier__SVC__degree': 3, 'Classifier__SVC__gamma': 0.001, 'Classifier__SVC__kernel': 'poly', 'Scaler': MinMaxScaler(), 'Selector__max_features': 8}",0.0966183574879227,0.178743961352657,0.0825242718446602,0.11929553022841331,0.04242835360840959,472
499,0.08258660634358723,0.007847657929980477,0.017668883005777996,0.005276839447084658,0.1,poly,MinMaxScaler(),10,0.001,6.0,3.0,"{'Classifier__SVC__C': 0.1, 'Classifier__SVC__coef0': 6, 'Classifier__SVC__degree': 3, 'Classifier__SVC__gamma': 0.001, 'Classifier__SVC__kernel': 'poly', 'Scaler': MinMaxScaler(), 'Selector__max_features': 10}",0.08695652173913043,0.13043478260869565,0.0825242718446602,0.09997185873082876,0.021616405932736865,518
500,0.0786894957224528,0.009650753824152272,0.021167914072672527,0.007914567897508096,0.1,poly,MinMaxScaler(),12,0.001,6.0,3.0,"{'Classifier__SVC__C': 0.1, 'Classifier__SVC__coef0': 6, 'Classifier__SVC__degree': 3, 'Classifier__SVC__gamma': 0.001, 'Classifier__SVC__kernel': 'poly', 'Scaler': MinMaxScaler(), 'Selector__max_features': 12}",0.09178743961352658,0.1642512077294686,0.0825242718446602,0.11285430639588513,0.036539318268582296,493
501,0.0686334768931071,0.011072465312529483,0.015050570170084635,0.0008825608384930894,0.1,poly,MinMaxScaler(),14,0.001,6.0,3.0,"{'Classifier__SVC__C': 0.1, 'Classifier__SVC__coef0': 6, 'Classifier__SVC__degree': 3, 'Classifier__SVC__gamma': 0.001, 'Classifier__SVC__kernel': 'poly', 'Scaler': MinMaxScaler(), 'Selector__max_features': 14}",0.09178743961352658,0.15942028985507245,0.0825242718446602,0.11124400043775308,0.03427504160750725,500
502,0.07120982805887859,0.011350122454375777,0.016760985056559246,0.0037919689904724325,0.1,poly,MinMaxScaler(),16,0.001,6.0,3.0,"{'Classifier__SVC__C': 0.1, 'Classifier__SVC__coef0': 6, 'Classifier__SVC__degree': 3, 'Classifier__SVC__gamma': 0.001, 'Classifier__SVC__kernel': 'poly', 'Scaler': MinMaxScaler(), 'Selector__max_features': 16}",0.08695652173913043,0.18357487922705315,0.0825242718446602,0.11768522427028126,0.04662614561612114,478
503,0.0724333922068278,0.002763227654511347,0.016004006067911785,0.0028410347466374577,0.1,poly,MinMaxScaler(),18,0.001,6.0,3.0,"{'Classifier__SVC__C': 0.1, 'Classifier__SVC__coef0': 6, 'Classifier__SVC__degree': 3, 'Classifier__SVC__gamma': 0.001, 'Classifier__SVC__kernel': 'poly', 'Scaler': MinMaxScaler(), 'Selector__max_features': 18}",0.08695652173913043,0.18357487922705315,0.0825242718446602,0.11768522427028126,0.04662614561612114,478
504,0.0798799991607666,0.01984349974121279,0.020773887634277344,0.008725593389018987,0.1,poly,MinMaxScaler(),20,0.001,6.0,3.0,"{'Classifier__SVC__C': 0.1, 'Classifier__SVC__coef0': 6, 'Classifier__SVC__degree': 3, 'Classifier__SVC__gamma': 0.001, 'Classifier__SVC__kernel': 'poly', 'Scaler': MinMaxScaler(), 'Selector__max_features': 20}",0.08695652173913043,0.18357487922705315,0.0825242718446602,0.11768522427028126,0.04662614561612114,478
505,0.07053709030151367,0.010457452664608409,0.013933340708414713,0.001723188346165664,0.1,poly,MinMaxScaler(),24,0.001,6.0,3.0,"{'Classifier__SVC__C': 0.1, 'Classifier__SVC__coef0': 6, 'Classifier__SVC__degree': 3, 'Classifier__SVC__gamma': 0.001, 'Classifier__SVC__kernel': 'poly', 'Scaler': MinMaxScaler(), 'Selector__max_features': 24}",0.08695652173913043,0.1497584541062802,0.0825242718446602,0.10641308256335695,0.030703171773475386,511
506,0.07127070426940918,0.005140391155467866,0.01862359046936035,0.007575602509981643,0.1,poly,MinMaxScaler(),2,0.01,6.0,3.0,"{'Classifier__SVC__C': 0.1, 'Classifier__SVC__coef0': 6, 'Classifier__SVC__degree': 3, 'Classifier__SVC__gamma': 0.01, 'Classifier__SVC__kernel': 'poly', 'Scaler': MinMaxScaler(), 'Selector__max_features': 2}",0.04830917874396135,0.14492753623188406,0.07766990291262135,0.09030220596282225,0.04044303039404189,538
507,0.07897241910298665,0.008689099009109994,0.016426722208658855,0.0031588609889072155,0.1,poly,MinMaxScaler(),4,0.01,6.0,3.0,"{'Classifier__SVC__C': 0.1, 'Classifier__SVC__coef0': 6, 'Classifier__SVC__degree': 3, 'Classifier__SVC__gamma': 0.01, 'Classifier__SVC__kernel': 'poly', 'Scaler': MinMaxScaler(), 'Selector__max_features': 4}",0.12077294685990338,0.17391304347826086,0.08737864077669903,0.12735487703828777,0.03563277579592383,467
508,0.06785949071248372,0.01028800271440601,0.021576325098673504,0.004407076700273022,0.1,poly,MinMaxScaler(),6,0.01,6.0,3.0,"{'Classifier__SVC__C': 0.1, 'Classifier__SVC__coef0': 6, 'Classifier__SVC__degree': 3, 'Classifier__SVC__gamma': 0.01, 'Classifier__SVC__kernel': 'poly', 'Scaler': MinMaxScaler(), 'Selector__max_features': 6}",0.19806763285024154,0.14009661835748793,0.11650485436893204,0.15155636852555385,0.03426967672091131,408
509,0.07050434748331706,0.012319209429295232,0.015450795491536459,0.0011109282881272828,0.1,poly,MinMaxScaler(),8,0.01,6.0,3.0,"{'Classifier__SVC__C': 0.1, 'Classifier__SVC__coef0': 6, 'Classifier__SVC__degree': 3, 'Classifier__SVC__gamma': 0.01, 'Classifier__SVC__kernel': 'poly', 'Scaler': MinMaxScaler(), 'Selector__max_features': 8}",0.21739130434782608,0.1932367149758454,0.13592233009708737,0.1821834498069196,0.0341655717990867,271
510,0.06424657503763835,0.004972723201006047,0.01306446393330892,0.001030451264961918,0.1,poly,MinMaxScaler(),10,0.01,6.0,3.0,"{'Classifier__SVC__C': 0.1, 'Classifier__SVC__coef0': 6, 'Classifier__SVC__degree': 3, 'Classifier__SVC__gamma': 0.01, 'Classifier__SVC__kernel': 'poly', 'Scaler': MinMaxScaler(), 'Selector__max_features': 10}",0.2318840579710145,0.24154589371980675,0.1650485436893204,0.2128261651267139,0.034013366001914805,191
511,0.06891155242919922,0.005744993373043304,0.01747886339823405,0.004797946134074932,0.1,poly,MinMaxScaler(),12,0.01,6.0,3.0,"{'Classifier__SVC__C': 0.1, 'Classifier__SVC__coef0': 6, 'Classifier__SVC__degree': 3, 'Classifier__SVC__gamma': 0.01, 'Classifier__SVC__kernel': 'poly', 'Scaler': MinMaxScaler(), 'Selector__max_features': 12}",0.24154589371980675,0.28502415458937197,0.1650485436893204,0.2305395306661664,0.04959429956128391,172
512,0.0652924378712972,0.008671622457901719,0.0165860652923584,0.0015992225909448787,0.1,poly,MinMaxScaler(),14,0.01,6.0,3.0,"{'Classifier__SVC__C': 0.1, 'Classifier__SVC__coef0': 6, 'Classifier__SVC__degree': 3, 'Classifier__SVC__gamma': 0.01, 'Classifier__SVC__kernel': 'poly', 'Scaler': MinMaxScaler(), 'Selector__max_features': 14}",0.2463768115942029,0.3140096618357488,0.13592233009708737,0.232102934509013,0.07340109947737541,171
513,0.06167030334472656,0.003207567009978085,0.014780839284261068,0.0015953509137454562,0.1,poly,MinMaxScaler(),16,0.01,6.0,3.0,"{'Classifier__SVC__C': 0.1, 'Classifier__SVC__coef0': 6, 'Classifier__SVC__degree': 3, 'Classifier__SVC__gamma': 0.01, 'Classifier__SVC__kernel': 'poly', 'Scaler': MinMaxScaler(), 'Selector__max_features': 16}",0.26570048309178745,0.3140096618357488,0.17475728155339806,0.25148914216031143,0.05773085836810957,132
514,0.06998817125956218,0.009411855982559003,0.017348845799763996,0.004751587026089712,0.1,poly,MinMaxScaler(),18,0.01,6.0,3.0,"{'Classifier__SVC__C': 0.1, 'Classifier__SVC__coef0': 6, 'Classifier__SVC__degree': 3, 'Classifier__SVC__gamma': 0.01, 'Classifier__SVC__kernel': 'poly', 'Scaler': MinMaxScaler(), 'Selector__max_features': 18}",0.26570048309178745,0.2995169082125604,0.1796116504854369,0.24827634726326162,0.050477837312891856,138
515,0.06660056114196777,0.0072646921666108515,0.015780131022135418,0.0010580393047604712,0.1,poly,MinMaxScaler(),20,0.01,6.0,3.0,"{'Classifier__SVC__C': 0.1, 'Classifier__SVC__coef0': 6, 'Classifier__SVC__degree': 3, 'Classifier__SVC__gamma': 0.01, 'Classifier__SVC__kernel': 'poly', 'Scaler': MinMaxScaler(), 'Selector__max_features': 20}",0.27053140096618356,0.30434782608695654,0.16990291262135923,0.24826071322483312,0.05710135047175644,139
516,0.07674090067545573,0.0033831283372836953,0.015808979670206707,0.0012435443238472076,0.1,poly,MinMaxScaler(),24,0.01,6.0,3.0,"{'Classifier__SVC__C': 0.1, 'Classifier__SVC__coef0': 6, 'Classifier__SVC__degree': 3, 'Classifier__SVC__gamma': 0.01, 'Classifier__SVC__kernel': 'poly', 'Scaler': MinMaxScaler(), 'Selector__max_features': 24}",0.2946859903381642,0.2608695652173913,0.1553398058252427,0.23696512046026608,0.05934591614108552,159
517,0.08230026563008626,0.010952525824245378,0.016484657923380535,0.003730425536888817,0.1,poly,MinMaxScaler(),2,0.001,6.0,5.0,"{'Classifier__SVC__C': 0.1, 'Classifier__SVC__coef0': 6, 'Classifier__SVC__degree': 5, 'Classifier__SVC__gamma': 0.001, 'Classifier__SVC__kernel': 'poly', 'Scaler': MinMaxScaler(), 'Selector__max_features': 2}",0.1932367149758454,0.20772946859903382,0.19902912621359223,0.19999843659615715,0.005956209580984725,211
518,0.08321531613667806,0.005451943824678608,0.02406962712605794,0.007069713810014854,0.1,poly,MinMaxScaler(),4,0.001,6.0,5.0,"{'Classifier__SVC__C': 0.1, 'Classifier__SVC__coef0': 6, 'Classifier__SVC__degree': 5, 'Classifier__SVC__gamma': 0.001, 'Classifier__SVC__kernel': 'poly', 'Scaler': MinMaxScaler(), 'Selector__max_features': 4}",0.2028985507246377,0.22705314009661837,0.2766990291262136,0.2355502399824899,0.03072217638697087,160
519,0.06559975941975911,0.0007776377453152822,0.01946369806925456,0.005118997701975885,0.1,poly,MinMaxScaler(),6,0.001,6.0,5.0,"{'Classifier__SVC__C': 0.1, 'Classifier__SVC__coef0': 6, 'Classifier__SVC__degree': 5, 'Classifier__SVC__gamma': 0.001, 'Classifier__SVC__kernel': 'poly', 'Scaler': MinMaxScaler(), 'Selector__max_features': 6}",0.2318840579710145,0.20772946859903382,0.27184466019417475,0.2371527289214077,0.026438716793218808,157
520,0.07189011573791504,0.01150353555286805,0.022197961807250977,0.009936657001760276,0.1,poly,MinMaxScaler(),8,0.001,6.0,5.0,"{'Classifier__SVC__C': 0.1, 'Classifier__SVC__coef0': 6, 'Classifier__SVC__degree': 5, 'Classifier__SVC__gamma': 0.001, 'Classifier__SVC__kernel': 'poly', 'Scaler': MinMaxScaler(), 'Selector__max_features': 8}",0.2463768115942029,0.25120772946859904,0.2669902912621359,0.25485827744164596,0.00880241487254907,117
521,0.06602923075358073,0.00945586080225477,0.019330422083536785,0.006811570293026928,0.1,poly,MinMaxScaler(),10,0.001,6.0,5.0,"{'Classifier__SVC__C': 0.1, 'Classifier__SVC__coef0': 6, 'Classifier__SVC__degree': 5, 'Classifier__SVC__gamma': 0.001, 'Classifier__SVC__kernel': 'poly', 'Scaler': MinMaxScaler(), 'Selector__max_features': 10}",0.2560386473429952,0.2898550724637681,0.2815533980582524,0.2758157059550052,0.01438931281636848,76
522,0.06267754236857097,0.009451124035290142,0.016997814178466797,0.002539961915920125,0.1,poly,MinMaxScaler(),12,0.001,6.0,5.0,"{'Classifier__SVC__C': 0.1, 'Classifier__SVC__coef0': 6, 'Classifier__SVC__degree': 5, 'Classifier__SVC__gamma': 0.001, 'Classifier__SVC__kernel': 'poly', 'Scaler': MinMaxScaler(), 'Selector__max_features': 12}",0.22705314009661837,0.28502415458937197,0.2766990291262136,0.26292544127073464,0.025592230880213236,103
523,0.06359926859537761,0.006668945179332251,0.019573450088500977,0.004957022668531216,0.1,poly,MinMaxScaler(),14,0.001,6.0,5.0,"{'Classifier__SVC__C': 0.1, 'Classifier__SVC__coef0': 6, 'Classifier__SVC__degree': 5, 'Classifier__SVC__gamma': 0.001, 'Classifier__SVC__kernel': 'poly', 'Scaler': MinMaxScaler(), 'Selector__max_features': 14}",0.24154589371980675,0.2898550724637681,0.30097087378640774,0.2774572799899942,0.02579549066078611,69
524,0.06197047233581543,0.0036070395974194622,0.015222946802775065,0.0007869361554884362,0.1,poly,MinMaxScaler(),16,0.001,6.0,5.0,"{'Classifier__SVC__C': 0.1, 'Classifier__SVC__coef0': 6, 'Classifier__SVC__degree': 5, 'Classifier__SVC__gamma': 0.001, 'Classifier__SVC__kernel': 'poly', 'Scaler': MinMaxScaler(), 'Selector__max_features': 16}",0.26570048309178745,0.3188405797101449,0.3058252427184466,0.296788768506793,0.022615788980054053,40
525,0.06261555353800456,0.005832612924597341,0.015564362208048502,0.0009627823090485396,0.1,poly,MinMaxScaler(),18,0.001,6.0,5.0,"{'Classifier__SVC__C': 0.1, 'Classifier__SVC__coef0': 6, 'Classifier__SVC__degree': 5, 'Classifier__SVC__gamma': 0.001, 'Classifier__SVC__kernel': 'poly', 'Scaler': MinMaxScaler(), 'Selector__max_features': 18}",0.27053140096618356,0.28019323671497587,0.32038834951456313,0.29037099573190756,0.021588869255459588,49
526,0.0817117691040039,0.011147324508313109,0.0153350830078125,0.004788446195066307,0.1,poly,MinMaxScaler(),20,0.001,6.0,5.0,"{'Classifier__SVC__C': 0.1, 'Classifier__SVC__coef0': 6, 'Classifier__SVC__degree': 5, 'Classifier__SVC__gamma': 0.001, 'Classifier__SVC__kernel': 'poly', 'Scaler': MinMaxScaler(), 'Selector__max_features': 20}",0.28019323671497587,0.3188405797101449,0.32038834951456313,0.30647405531322797,0.018594084498168448,15
527,0.05723245938618978,0.004799612283164635,0.015339136123657227,0.0009404729234335624,0.1,poly,MinMaxScaler(),24,0.001,6.0,5.0,"{'Classifier__SVC__C': 0.1, 'Classifier__SVC__coef0': 6, 'Classifier__SVC__degree': 5, 'Classifier__SVC__gamma': 0.001, 'Classifier__SVC__kernel': 'poly', 'Scaler': MinMaxScaler(), 'Selector__max_features': 24}",0.28019323671497587,0.30917874396135264,0.30097087378640774,0.2967809514875787,0.012198538006256008,42
528,0.060196240743001304,0.005617286045751315,0.02019158999125163,0.0033668061680406304,0.1,poly,MinMaxScaler(),2,0.01,6.0,5.0,"{'Classifier__SVC__C': 0.1, 'Classifier__SVC__coef0': 6, 'Classifier__SVC__degree': 5, 'Classifier__SVC__gamma': 0.01, 'Classifier__SVC__kernel': 'poly', 'Scaler': MinMaxScaler(), 'Selector__max_features': 2}",0.2028985507246377,0.178743961352657,0.13106796116504854,0.1709034910807811,0.0298441856948459,341
529,0.06537191073099773,0.0057017419695115585,0.0201870600382487,0.006894557103186246,0.1,poly,MinMaxScaler(),4,0.01,6.0,5.0,"{'Classifier__SVC__C': 0.1, 'Classifier__SVC__coef0': 6, 'Classifier__SVC__degree': 5, 'Classifier__SVC__gamma': 0.01, 'Classifier__SVC__kernel': 'poly', 'Scaler': MinMaxScaler(), 'Selector__max_features': 4}",0.25120772946859904,0.23671497584541062,0.22815533980582525,0.23869268170661165,0.009514433163923868,154
530,0.07206018765767415,0.008768952024983791,0.024441321690877277,0.002780643935422773,0.1,poly,MinMaxScaler(),6,0.01,6.0,5.0,"{'Classifier__SVC__C': 0.1, 'Classifier__SVC__coef0': 6, 'Classifier__SVC__degree': 5, 'Classifier__SVC__gamma': 0.01, 'Classifier__SVC__kernel': 'poly', 'Scaler': MinMaxScaler(), 'Selector__max_features': 6}",0.21739130434782608,0.2463768115942029,0.2621359223300971,0.24196801275737534,0.018531025155713886,146
531,0.07573906580607097,0.017719535600141313,0.01932835578918457,0.008664537581934957,0.1,poly,MinMaxScaler(),8,0.01,6.0,5.0,"{'Classifier__SVC__C': 0.1, 'Classifier__SVC__coef0': 6, 'Classifier__SVC__degree': 5, 'Classifier__SVC__gamma': 0.01, 'Classifier__SVC__kernel': 'poly', 'Scaler': MinMaxScaler(), 'Selector__max_features': 8}",0.2318840579710145,0.2995169082125604,0.24271844660194175,0.25803980426183887,0.029660395685781736,109
532,0.05785592397054037,0.003964904957640139,0.016331831614176433,0.004339766050046262,0.1,poly,MinMaxScaler(),10,0.01,6.0,5.0,"{'Classifier__SVC__C': 0.1, 'Classifier__SVC__coef0': 6, 'Classifier__SVC__degree': 5, 'Classifier__SVC__gamma': 0.01, 'Classifier__SVC__kernel': 'poly', 'Scaler': MinMaxScaler(), 'Selector__max_features': 10}",0.25120772946859904,0.28019323671497587,0.27184466019417475,0.26774854212591653,0.01218259810834767,91
533,0.06055370966593424,0.006615081741658087,0.01943357785542806,0.008638789758591635,0.1,poly,MinMaxScaler(),12,0.01,6.0,5.0,"{'Classifier__SVC__C': 0.1, 'Classifier__SVC__coef0': 6, 'Classifier__SVC__degree': 5, 'Classifier__SVC__gamma': 0.01, 'Classifier__SVC__kernel': 'poly', 'Scaler': MinMaxScaler(), 'Selector__max_features': 12}",0.2318840579710145,0.30434782608695654,0.30097087378640774,0.27906758594812625,0.03339226393428286,64
534,0.05412006378173828,0.0027662820421534605,0.014656941095987955,0.0011313931596967767,0.1,poly,MinMaxScaler(),14,0.01,6.0,5.0,"{'Classifier__SVC__C': 0.1, 'Classifier__SVC__coef0': 6, 'Classifier__SVC__degree': 5, 'Classifier__SVC__gamma': 0.01, 'Classifier__SVC__kernel': 'poly', 'Scaler': MinMaxScaler(), 'Selector__max_features': 14}",0.25120772946859904,0.2995169082125604,0.30097087378640774,0.2838985038225224,0.02312348805676215,58
535,0.05751395225524902,0.0037127412664856876,0.01636672019958496,0.001880767264528652,0.1,poly,MinMaxScaler(),16,0.01,6.0,5.0,"{'Classifier__SVC__C': 0.1, 'Classifier__SVC__coef0': 6, 'Classifier__SVC__degree': 5, 'Classifier__SVC__gamma': 0.01, 'Classifier__SVC__kernel': 'poly', 'Scaler': MinMaxScaler(), 'Selector__max_features': 16}",0.2753623188405797,0.2995169082125604,0.32038834951456313,0.2984225255225677,0.01839808168746116,35
536,0.06318386395772298,0.005114399679563296,0.01369039217631022,0.0022542390820959415,0.1,poly,MinMaxScaler(),18,0.01,6.0,5.0,"{'Classifier__SVC__C': 0.1, 'Classifier__SVC__coef0': 6, 'Classifier__SVC__degree': 5, 'Classifier__SVC__gamma': 0.01, 'Classifier__SVC__kernel': 'poly', 'Scaler': MinMaxScaler(), 'Selector__max_features': 18}",0.28502415458937197,0.28502415458937197,0.3640776699029126,0.31137532636055215,0.037266184503226114,5
537,0.06498940785725911,0.01076951559624361,0.012021700541178385,0.000403644007911924,0.1,poly,MinMaxScaler(),20,0.01,6.0,5.0,"{'Classifier__SVC__C': 0.1, 'Classifier__SVC__coef0': 6, 'Classifier__SVC__degree': 5, 'Classifier__SVC__gamma': 0.01, 'Classifier__SVC__kernel': 'poly', 'Scaler': MinMaxScaler(), 'Selector__max_features': 20}",0.30434782608695654,0.28502415458937197,0.34951456310679613,0.3129621812610415,0.027023551875910358,2
538,0.06074062983194987,0.0022120174624415223,0.011179844538370768,0.0009441458482839916,0.1,poly,MinMaxScaler(),24,0.01,6.0,5.0,"{'Classifier__SVC__C': 0.1, 'Classifier__SVC__coef0': 6, 'Classifier__SVC__degree': 5, 'Classifier__SVC__gamma': 0.01, 'Classifier__SVC__kernel': 'poly', 'Scaler': MinMaxScaler(), 'Selector__max_features': 24}",0.2995169082125604,0.33816425120772947,0.30097087378640774,0.3128840110688992,0.017885681611840187,3
