,mean_fit_time,std_fit_time,mean_score_time,std_score_time,param_Classifier__SVC__C,param_Classifier__SVC__kernel,param_PCA__n_components,param_Scaler,param_Selector__max_features,param_Classifier__SVC__gamma,param_Classifier__SVC__coef0,param_Classifier__SVC__degree,params,split0_test_score,split1_test_score,split2_test_score,mean_test_score,std_test_score,rank_test_score
0,0.03741017977396647,0.0008607783395137506,0.008895397186279297,0.00048178336665361074,1.0,linear,20,MinMaxScaler(),4,,,,"{'Classifier__SVC__C': 1, 'Classifier__SVC__kernel': 'linear', 'PCA__n_components': 20, 'Scaler': MinMaxScaler(), 'Selector__max_features': 4}",0.24761904761904763,0.10476190476190476,0.21904761904761905,0.19047619047619047,0.06172133998483677,457
1,0.03341539700826009,0.001269200434750567,0.0109098752339681,0.0020669033271889774,1.0,linear,20,MinMaxScaler(),8,,,,"{'Classifier__SVC__C': 1, 'Classifier__SVC__kernel': 'linear', 'PCA__n_components': 20, 'Scaler': MinMaxScaler(), 'Selector__max_features': 8}",0.2571428571428571,0.23809523809523808,0.34285714285714286,0.2793650793650793,0.04556412728383279,42
2,0.03407923380533854,0.0018681731091948815,0.024362723032633465,0.010881607614417452,1.0,linear,20,MinMaxScaler(),12,,,,"{'Classifier__SVC__C': 1, 'Classifier__SVC__kernel': 'linear', 'PCA__n_components': 20, 'Scaler': MinMaxScaler(), 'Selector__max_features': 12}",0.19047619047619047,0.19047619047619047,0.3238095238095238,0.2349206349206349,0.06285393610547091,260
3,0.032184441884358726,0.0017978299803313369,0.011411269505818685,0.00371454569702111,1.0,linear,20,MinMaxScaler(),16,,,,"{'Classifier__SVC__C': 1, 'Classifier__SVC__kernel': 'linear', 'PCA__n_components': 20, 'Scaler': MinMaxScaler(), 'Selector__max_features': 16}",0.19047619047619047,0.19047619047619047,0.3333333333333333,0.23809523809523805,0.06734350297014738,259
4,0.040915489196777344,0.004397040021372607,0.012805302937825521,0.0028268365736352804,1.0,linear,30,MinMaxScaler(),4,,,,"{'Classifier__SVC__C': 1, 'Classifier__SVC__kernel': 'linear', 'PCA__n_components': 30, 'Scaler': MinMaxScaler(), 'Selector__max_features': 4}",0.23809523809523808,0.10476190476190476,0.20952380952380953,0.18412698412698414,0.057318952651643766,494
5,0.04159871737162272,0.004383217818444238,0.013636509577433268,0.0010932435576556942,1.0,linear,30,MinMaxScaler(),8,,,,"{'Classifier__SVC__C': 1, 'Classifier__SVC__kernel': 'linear', 'PCA__n_components': 30, 'Scaler': MinMaxScaler(), 'Selector__max_features': 8}",0.2571428571428571,0.1523809523809524,0.24761904761904763,0.21904761904761905,0.047300521986512176,304
6,0.03753829002380371,0.002257718629606455,0.01449879010518392,0.0036740606042546422,1.0,linear,30,MinMaxScaler(),12,,,,"{'Classifier__SVC__C': 1, 'Classifier__SVC__kernel': 'linear', 'PCA__n_components': 30, 'Scaler': MinMaxScaler(), 'Selector__max_features': 12}",0.20952380952380953,0.21904761904761905,0.3523809523809524,0.26031746031746034,0.06521472566404489,122
7,0.04511308670043945,0.0049475531154240995,0.012951135635375977,0.0012055175663186256,1.0,linear,30,MinMaxScaler(),16,,,,"{'Classifier__SVC__C': 1, 'Classifier__SVC__kernel': 'linear', 'PCA__n_components': 30, 'Scaler': MinMaxScaler(), 'Selector__max_features': 16}",0.24761904761904763,0.24761904761904763,0.3523809523809524,0.2825396825396826,0.049385235511441423,36
8,0.057404518127441406,0.013198729041163535,0.014399290084838867,0.005449907926872395,1.0,linear,40,MinMaxScaler(),4,,,,"{'Classifier__SVC__C': 1, 'Classifier__SVC__kernel': 'linear', 'PCA__n_components': 40, 'Scaler': MinMaxScaler(), 'Selector__max_features': 4}",0.21904761904761905,0.17142857142857143,0.20952380952380953,0.19999999999999998,0.020573779994945585,416
9,0.054723898569742836,0.00820255789663416,0.015399773915608725,0.005142875777388494,1.0,linear,40,MinMaxScaler(),8,,,,"{'Classifier__SVC__C': 1, 'Classifier__SVC__kernel': 'linear', 'PCA__n_components': 40, 'Scaler': MinMaxScaler(), 'Selector__max_features': 8}",0.14285714285714285,0.1523809523809524,0.20952380952380953,0.16825396825396824,0.02944005871585938,656
10,0.048012733459472656,0.00599448230157696,0.020102580388387043,0.007090403198345851,1.0,linear,40,MinMaxScaler(),12,,,,"{'Classifier__SVC__C': 1, 'Classifier__SVC__kernel': 'linear', 'PCA__n_components': 40, 'Scaler': MinMaxScaler(), 'Selector__max_features': 12}",0.24761904761904763,0.2571428571428571,0.2857142857142857,0.2634920634920635,0.01618736353521518,101
11,0.04397686322530111,0.006678623471683436,0.009226322174072266,0.00048485734526932495,1.0,linear,40,MinMaxScaler(),16,,,,"{'Classifier__SVC__C': 1, 'Classifier__SVC__kernel': 'linear', 'PCA__n_components': 40, 'Scaler': MinMaxScaler(), 'Selector__max_features': 16}",0.2,0.23809523809523808,0.3333333333333333,0.2571428571428571,0.056074672167160916,170
12,0.03963732719421387,0.006898090402767709,0.009058396021525065,0.00041543091745047827,10.0,linear,20,MinMaxScaler(),4,,,,"{'Classifier__SVC__C': 10, 'Classifier__SVC__kernel': 'linear', 'PCA__n_components': 20, 'Scaler': MinMaxScaler(), 'Selector__max_features': 4}",0.21904761904761905,0.22857142857142856,0.19047619047619047,0.2126984126984127,0.01618736353521519,343
13,0.051462014516194664,0.02003192437877711,0.011586268742879232,0.001472949831611206,10.0,linear,20,MinMaxScaler(),8,,,,"{'Classifier__SVC__C': 10, 'Classifier__SVC__kernel': 'linear', 'PCA__n_components': 20, 'Scaler': MinMaxScaler(), 'Selector__max_features': 8}",0.3333333333333333,0.23809523809523808,0.3523809523809524,0.30793650793650795,0.04999370078737659,12
14,0.03908514976501465,0.005144567198876513,0.01058355967203776,0.0007313099199726056,10.0,linear,20,MinMaxScaler(),12,,,,"{'Classifier__SVC__C': 10, 'Classifier__SVC__kernel': 'linear', 'PCA__n_components': 20, 'Scaler': MinMaxScaler(), 'Selector__max_features': 12}",0.2571428571428571,0.2571428571428571,0.3238095238095238,0.2793650793650793,0.03142696805273547,42
15,0.041977485020955406,0.003575576450137692,0.00971833864847819,0.0008784569421794528,10.0,linear,20,MinMaxScaler(),16,,,,"{'Classifier__SVC__C': 10, 'Classifier__SVC__kernel': 'linear', 'PCA__n_components': 20, 'Scaler': MinMaxScaler(), 'Selector__max_features': 16}",0.2571428571428571,0.2571428571428571,0.3904761904761905,0.30158730158730157,0.06285393610547091,15
16,0.04229855537414551,0.002285053025300487,0.011085828145345053,0.0010707171135469467,10.0,linear,30,MinMaxScaler(),4,,,,"{'Classifier__SVC__C': 10, 'Classifier__SVC__kernel': 'linear', 'PCA__n_components': 30, 'Scaler': MinMaxScaler(), 'Selector__max_features': 4}",0.3142857142857143,0.22857142857142856,0.21904761904761905,0.25396825396825395,0.042827738295974735,175
17,0.03975701332092285,0.0025827100460990896,0.00941157341003418,0.0008454048039675267,10.0,linear,30,MinMaxScaler(),8,,,,"{'Classifier__SVC__C': 10, 'Classifier__SVC__kernel': 'linear', 'PCA__n_components': 30, 'Scaler': MinMaxScaler(), 'Selector__max_features': 8}",0.23809523809523808,0.22857142857142856,0.22857142857142856,0.23174603174603173,0.00448956686467649,264
18,0.038019259770711265,0.003916450894588984,0.009733200073242188,0.000410311240023926,10.0,linear,30,MinMaxScaler(),12,,,,"{'Classifier__SVC__C': 10, 'Classifier__SVC__kernel': 'linear', 'PCA__n_components': 30, 'Scaler': MinMaxScaler(), 'Selector__max_features': 12}",0.26666666666666666,0.24761904761904763,0.29523809523809524,0.2698412698412698,0.019569568263393577,53
19,0.04121645291646322,0.002401360279448653,0.012738943099975586,0.003989572936479961,10.0,linear,30,MinMaxScaler(),16,,,,"{'Classifier__SVC__C': 10, 'Classifier__SVC__kernel': 'linear', 'PCA__n_components': 30, 'Scaler': MinMaxScaler(), 'Selector__max_features': 16}",0.2761904761904762,0.2761904761904762,0.3142857142857143,0.2888888888888889,0.017958267458705955,27
20,0.04068239529927572,0.0037452216383372394,0.010519981384277344,0.0004149458759542504,10.0,linear,40,MinMaxScaler(),4,,,,"{'Classifier__SVC__C': 10, 'Classifier__SVC__kernel': 'linear', 'PCA__n_components': 40, 'Scaler': MinMaxScaler(), 'Selector__max_features': 4}",0.26666666666666666,0.23809523809523808,0.21904761904761905,0.24126984126984127,0.019569568263393577,237
21,0.03913100560506185,0.0006742501678465113,0.010049899419148764,0.0014098401805884126,10.0,linear,40,MinMaxScaler(),8,,,,"{'Classifier__SVC__C': 10, 'Classifier__SVC__kernel': 'linear', 'PCA__n_components': 40, 'Scaler': MinMaxScaler(), 'Selector__max_features': 8}",0.2,0.22857142857142856,0.22857142857142856,0.21904761904761905,0.013468700594029468,304
22,0.04044318199157715,0.0024057521628530567,0.010722716649373373,0.0008998969662343778,10.0,linear,40,MinMaxScaler(),12,,,,"{'Classifier__SVC__C': 10, 'Classifier__SVC__kernel': 'linear', 'PCA__n_components': 40, 'Scaler': MinMaxScaler(), 'Selector__max_features': 12}",0.2857142857142857,0.26666666666666666,0.2571428571428571,0.2698412698412698,0.011878277418329976,53
23,0.04388880729675293,0.0017378537552350038,0.01170818010965983,0.0020599994415566357,10.0,linear,40,MinMaxScaler(),16,,,,"{'Classifier__SVC__C': 10, 'Classifier__SVC__kernel': 'linear', 'PCA__n_components': 40, 'Scaler': MinMaxScaler(), 'Selector__max_features': 16}",0.22857142857142856,0.23809523809523808,0.29523809523809524,0.25396825396825395,0.029440058715859384,175
24,0.0462949275970459,0.0031745792253910356,0.010019222895304361,0.0018212343823797506,100.0,linear,20,MinMaxScaler(),4,,,,"{'Classifier__SVC__C': 100, 'Classifier__SVC__kernel': 'linear', 'PCA__n_components': 20, 'Scaler': MinMaxScaler(), 'Selector__max_features': 4}",0.22857142857142856,0.21904761904761905,0.21904761904761905,0.2222222222222222,0.00448956686467649,275
25,0.06310796737670898,0.005980033378038894,0.011346737543741861,0.0022001476729616195,100.0,linear,20,MinMaxScaler(),8,,,,"{'Classifier__SVC__C': 100, 'Classifier__SVC__kernel': 'linear', 'PCA__n_components': 20, 'Scaler': MinMaxScaler(), 'Selector__max_features': 8}",0.3047619047619048,0.24761904761904763,0.38095238095238093,0.3111111111111111,0.05461793820344524,9
26,0.06001122792561849,0.003973222743700775,0.011106014251708984,0.002177856466978665,100.0,linear,20,MinMaxScaler(),12,,,,"{'Classifier__SVC__C': 100, 'Classifier__SVC__kernel': 'linear', 'PCA__n_components': 20, 'Scaler': MinMaxScaler(), 'Selector__max_features': 12}",0.24761904761904763,0.2571428571428571,0.3904761904761905,0.2984126984126984,0.06521472566404488,16
27,0.06347147623697917,0.011048319317685679,0.010612567265828451,0.0029120017129007237,100.0,linear,20,MinMaxScaler(),16,,,,"{'Classifier__SVC__C': 100, 'Classifier__SVC__kernel': 'linear', 'PCA__n_components': 20, 'Scaler': MinMaxScaler(), 'Selector__max_features': 16}",0.24761904761904763,0.2571428571428571,0.3619047619047619,0.2888888888888889,0.05177621088984155,27
28,0.05209676424662272,0.01066655354900094,0.011598984400431315,0.0021862988759138125,100.0,linear,30,MinMaxScaler(),4,,,,"{'Classifier__SVC__C': 100, 'Classifier__SVC__kernel': 'linear', 'PCA__n_components': 30, 'Scaler': MinMaxScaler(), 'Selector__max_features': 4}",0.3333333333333333,0.21904761904761905,0.21904761904761905,0.2571428571428572,0.05387480237611789,159
29,0.06449405352274577,0.00954161343657,0.00956567128499349,0.0007183284543888888,100.0,linear,30,MinMaxScaler(),8,,,,"{'Classifier__SVC__C': 100, 'Classifier__SVC__kernel': 'linear', 'PCA__n_components': 30, 'Scaler': MinMaxScaler(), 'Selector__max_features': 8}",0.2857142857142857,0.24761904761904763,0.26666666666666666,0.26666666666666666,0.015552315827194772,55
30,0.052125771840413414,0.008683519800945843,0.009436527887980143,0.0006710181901585161,100.0,linear,30,MinMaxScaler(),12,,,,"{'Classifier__SVC__C': 100, 'Classifier__SVC__kernel': 'linear', 'PCA__n_components': 30, 'Scaler': MinMaxScaler(), 'Selector__max_features': 12}",0.2761904761904762,0.2571428571428571,0.24761904761904763,0.26031746031746034,0.01187827741832998,122
31,0.04959781964619955,0.0006844481361976934,0.009123563766479492,0.00038499017336260144,100.0,linear,30,MinMaxScaler(),16,,,,"{'Classifier__SVC__C': 100, 'Classifier__SVC__kernel': 'linear', 'PCA__n_components': 30, 'Scaler': MinMaxScaler(), 'Selector__max_features': 16}",0.29523809523809524,0.26666666666666666,0.3047619047619048,0.2888888888888889,0.016187363535215202,27
32,0.04603083928426107,0.006417636823826142,0.009792804718017578,0.0009107120986180682,100.0,linear,40,MinMaxScaler(),4,,,,"{'Classifier__SVC__C': 100, 'Classifier__SVC__kernel': 'linear', 'PCA__n_components': 40, 'Scaler': MinMaxScaler(), 'Selector__max_features': 4}",0.22857142857142856,0.23809523809523808,0.21904761904761905,0.22857142857142856,0.007776157913597386,267
33,0.061774253845214844,0.012656529846766443,0.009282350540161133,0.0005840257637325047,100.0,linear,40,MinMaxScaler(),8,,,,"{'Classifier__SVC__C': 100, 'Classifier__SVC__kernel': 'linear', 'PCA__n_components': 40, 'Scaler': MinMaxScaler(), 'Selector__max_features': 8}",0.26666666666666666,0.24761904761904763,0.2857142857142857,0.26666666666666666,0.015552315827194772,55
34,0.056198835372924805,0.004660480953048473,0.011527776718139648,0.0014093605397207047,100.0,linear,40,MinMaxScaler(),12,,,,"{'Classifier__SVC__C': 100, 'Classifier__SVC__kernel': 'linear', 'PCA__n_components': 40, 'Scaler': MinMaxScaler(), 'Selector__max_features': 12}",0.3142857142857143,0.21904761904761905,0.26666666666666666,0.26666666666666666,0.038880789567986955,55
35,0.05634943644205729,0.0034962325222207677,0.010112682978312174,0.0016798721819850815,100.0,linear,40,MinMaxScaler(),16,,,,"{'Classifier__SVC__C': 100, 'Classifier__SVC__kernel': 'linear', 'PCA__n_components': 40, 'Scaler': MinMaxScaler(), 'Selector__max_features': 16}",0.24761904761904763,0.3047619047619048,0.29523809523809524,0.2825396825396826,0.024996850393688295,36
36,0.0780324141184489,0.004312184807807976,0.011266628901163736,0.001186053591865814,1000.0,linear,20,MinMaxScaler(),4,,,,"{'Classifier__SVC__C': 1000, 'Classifier__SVC__kernel': 'linear', 'PCA__n_components': 20, 'Scaler': MinMaxScaler(), 'Selector__max_features': 4}",0.22857142857142856,0.2,0.20952380952380953,0.21269841269841272,0.011878277418329966,342
37,0.18710009256998697,0.03882715966150872,0.009393453598022461,0.00048757355286973495,1000.0,linear,20,MinMaxScaler(),8,,,,"{'Classifier__SVC__C': 1000, 'Classifier__SVC__kernel': 'linear', 'PCA__n_components': 20, 'Scaler': MinMaxScaler(), 'Selector__max_features': 8}",0.3142857142857143,0.2571428571428571,0.34285714285714286,0.30476190476190473,0.03563483225498993,13
38,0.20008230209350586,0.022889917452856713,0.010207176208496094,0.0005083116536636391,1000.0,linear,20,MinMaxScaler(),12,,,,"{'Classifier__SVC__C': 1000, 'Classifier__SVC__kernel': 'linear', 'PCA__n_components': 20, 'Scaler': MinMaxScaler(), 'Selector__max_features': 12}",0.2571428571428571,0.2857142857142857,0.4,0.3142857142857143,0.06172133998483679,5
39,0.1930079460144043,0.044808472825717524,0.00917959213256836,0.000607695331668322,1000.0,linear,20,MinMaxScaler(),16,,,,"{'Classifier__SVC__C': 1000, 'Classifier__SVC__kernel': 'linear', 'PCA__n_components': 20, 'Scaler': MinMaxScaler(), 'Selector__max_features': 16}",0.2571428571428571,0.2857142857142857,0.3523809523809524,0.2984126984126984,0.03990414314278267,16
40,0.07614596684773763,0.011013707905416621,0.011526028315226236,0.001245676003155085,1000.0,linear,30,MinMaxScaler(),4,,,,"{'Classifier__SVC__C': 1000, 'Classifier__SVC__kernel': 'linear', 'PCA__n_components': 30, 'Scaler': MinMaxScaler(), 'Selector__max_features': 4}",0.34285714285714286,0.2,0.21904761904761905,0.253968253968254,0.06333313442304762,174
41,0.11960848172505696,0.01569770179139892,0.011003573735555014,0.002179962702898227,1000.0,linear,30,MinMaxScaler(),8,,,,"{'Classifier__SVC__C': 1000, 'Classifier__SVC__kernel': 'linear', 'PCA__n_components': 30, 'Scaler': MinMaxScaler(), 'Selector__max_features': 8}",0.2857142857142857,0.2857142857142857,0.29523809523809524,0.2888888888888889,0.004489566864676502,27
42,0.15743398666381836,0.03526884992434068,0.011719862620035807,0.001932852978565767,1000.0,linear,30,MinMaxScaler(),12,,,,"{'Classifier__SVC__C': 1000, 'Classifier__SVC__kernel': 'linear', 'PCA__n_components': 30, 'Scaler': MinMaxScaler(), 'Selector__max_features': 12}",0.2571428571428571,0.26666666666666666,0.3047619047619048,0.27619047619047615,0.02057377999494561,44
43,0.1944709618886312,0.04283198235600714,0.009197394053141275,0.0009451639879545496,1000.0,linear,30,MinMaxScaler(),16,,,,"{'Classifier__SVC__C': 1000, 'Classifier__SVC__kernel': 'linear', 'PCA__n_components': 30, 'Scaler': MinMaxScaler(), 'Selector__max_features': 16}",0.2571428571428571,0.24761904761904763,0.3238095238095238,0.27619047619047615,0.03389548651438513,44
44,0.07544469833374023,0.019920672887232944,0.0121305783589681,0.0029473590721723827,1000.0,linear,40,MinMaxScaler(),4,,,,"{'Classifier__SVC__C': 1000, 'Classifier__SVC__kernel': 'linear', 'PCA__n_components': 40, 'Scaler': MinMaxScaler(), 'Selector__max_features': 4}",0.20952380952380953,0.23809523809523808,0.21904761904761905,0.2222222222222222,0.011878277418329964,275
45,0.09846862157185872,0.021120141882202143,0.00916449228922526,0.001454526043279538,1000.0,linear,40,MinMaxScaler(),8,,,,"{'Classifier__SVC__C': 1000, 'Classifier__SVC__kernel': 'linear', 'PCA__n_components': 40, 'Scaler': MinMaxScaler(), 'Selector__max_features': 8}",0.2571428571428571,0.2857142857142857,0.2857142857142857,0.27619047619047615,0.01346870059402948,44
46,0.13407270113627115,0.02305103385012716,0.009198268254597982,0.0004436499912799118,1000.0,linear,40,MinMaxScaler(),12,,,,"{'Classifier__SVC__C': 1000, 'Classifier__SVC__kernel': 'linear', 'PCA__n_components': 40, 'Scaler': MinMaxScaler(), 'Selector__max_features': 12}",0.3238095238095238,0.22857142857142856,0.3047619047619048,0.28571428571428575,0.04114755998989119,31
47,0.16856702168782553,0.022565955635324157,0.009393453598022461,0.0006000367429666735,1000.0,linear,40,MinMaxScaler(),16,,,,"{'Classifier__SVC__C': 1000, 'Classifier__SVC__kernel': 'linear', 'PCA__n_components': 40, 'Scaler': MinMaxScaler(), 'Selector__max_features': 16}",0.23809523809523808,0.3142857142857143,0.3333333333333333,0.29523809523809524,0.041147559989891176,18
48,0.05748621622721354,0.015461512672244866,0.010689894358317057,0.0008427072629464465,1.0,linear,15,MinMaxScaler(),4,,,,"{'Classifier__SVC__C': 1, 'Classifier__SVC__kernel': 'linear', 'PCA__n_components': 15, 'Scaler': MinMaxScaler(), 'Selector__max_features': 4}",0.17142857142857143,0.1619047619047619,0.19047619047619047,0.17460317460317462,0.011878277418329964,518
49,0.05673829714457194,0.006707313665251698,0.01037740707397461,0.001199333391194877,1.0,linear,15,MinMaxScaler(),8,,,,"{'Classifier__SVC__C': 1, 'Classifier__SVC__kernel': 'linear', 'PCA__n_components': 15, 'Scaler': MinMaxScaler(), 'Selector__max_features': 8}",0.18095238095238095,0.1523809523809524,0.2761904761904762,0.2031746031746032,0.05293121270010498,389
50,0.07034770647684734,0.004677080211636164,0.014458735783894857,0.0033730756179449167,1.0,linear,15,MinMaxScaler(),12,,,,"{'Classifier__SVC__C': 1, 'Classifier__SVC__kernel': 'linear', 'PCA__n_components': 15, 'Scaler': MinMaxScaler(), 'Selector__max_features': 12}",0.18095238095238095,0.1523809523809524,0.2761904761904762,0.2031746031746032,0.05293121270010498,389
51,0.0561068058013916,0.008441567045272234,0.011361519495646158,0.002716448495962277,1.0,linear,15,MinMaxScaler(),13,,,,"{'Classifier__SVC__C': 1, 'Classifier__SVC__kernel': 'linear', 'PCA__n_components': 15, 'Scaler': MinMaxScaler(), 'Selector__max_features': 13}",0.18095238095238095,0.1523809523809524,0.2761904761904762,0.2031746031746032,0.05293121270010498,389
52,0.06077901522318522,0.009517104675689923,0.011704444885253906,0.00318124071871159,10.0,linear,15,MinMaxScaler(),4,,,,"{'Classifier__SVC__C': 10, 'Classifier__SVC__kernel': 'linear', 'PCA__n_components': 15, 'Scaler': MinMaxScaler(), 'Selector__max_features': 4}",0.18095238095238095,0.23809523809523808,0.21904761904761905,0.2126984126984127,0.023756554836659942,343
53,0.04712589581807455,0.01002405837447928,0.010744651158650717,0.002587963001321547,10.0,linear,15,MinMaxScaler(),8,,,,"{'Classifier__SVC__C': 10, 'Classifier__SVC__kernel': 'linear', 'PCA__n_components': 15, 'Scaler': MinMaxScaler(), 'Selector__max_features': 8}",0.21904761904761905,0.20952380952380953,0.3238095238095238,0.2507936507936508,0.051776210889841565,181
54,0.04897141456604004,0.005035901349518044,0.010356267293294271,0.0011687607907338196,10.0,linear,15,MinMaxScaler(),12,,,,"{'Classifier__SVC__C': 10, 'Classifier__SVC__kernel': 'linear', 'PCA__n_components': 15, 'Scaler': MinMaxScaler(), 'Selector__max_features': 12}",0.21904761904761905,0.20952380952380953,0.3238095238095238,0.2507936507936508,0.051776210889841565,181
55,0.04615918795267741,0.004707461777145476,0.009376764297485352,0.0014362224517849996,10.0,linear,15,MinMaxScaler(),13,,,,"{'Classifier__SVC__C': 10, 'Classifier__SVC__kernel': 'linear', 'PCA__n_components': 15, 'Scaler': MinMaxScaler(), 'Selector__max_features': 13}",0.21904761904761905,0.20952380952380953,0.3238095238095238,0.2507936507936508,0.051776210889841565,181
56,0.05730128288269043,0.008962472289027754,0.009177684783935547,0.0006277746360096355,100.0,linear,15,MinMaxScaler(),4,,,,"{'Classifier__SVC__C': 100, 'Classifier__SVC__kernel': 'linear', 'PCA__n_components': 15, 'Scaler': MinMaxScaler(), 'Selector__max_features': 4}",0.1523809523809524,0.26666666666666666,0.21904761904761905,0.2126984126984127,0.04687245415947111,343
57,0.05947120984395345,0.0045059887481451065,0.011882861455281576,0.0017244221042434144,100.0,linear,15,MinMaxScaler(),8,,,,"{'Classifier__SVC__C': 100, 'Classifier__SVC__kernel': 'linear', 'PCA__n_components': 15, 'Scaler': MinMaxScaler(), 'Selector__max_features': 8}",0.2,0.23809523809523808,0.34285714285714286,0.26031746031746034,0.06040094473155698,122
58,0.06306131680806477,0.007206714055088528,0.01178439458211263,0.0028067960345815597,100.0,linear,15,MinMaxScaler(),12,,,,"{'Classifier__SVC__C': 100, 'Classifier__SVC__kernel': 'linear', 'PCA__n_components': 15, 'Scaler': MinMaxScaler(), 'Selector__max_features': 12}",0.2,0.23809523809523808,0.34285714285714286,0.26031746031746034,0.06040094473155698,122
59,0.0671377182006836,0.01320770659128437,0.011778990427652994,0.0027743050156342724,100.0,linear,15,MinMaxScaler(),13,,,,"{'Classifier__SVC__C': 100, 'Classifier__SVC__kernel': 'linear', 'PCA__n_components': 15, 'Scaler': MinMaxScaler(), 'Selector__max_features': 13}",0.2,0.23809523809523808,0.34285714285714286,0.26031746031746034,0.06040094473155698,122
60,0.10779531796773274,0.016914527066970456,0.009728352228800455,0.0008223254916120044,1000.0,linear,15,MinMaxScaler(),4,,,,"{'Classifier__SVC__C': 1000, 'Classifier__SVC__kernel': 'linear', 'PCA__n_components': 15, 'Scaler': MinMaxScaler(), 'Selector__max_features': 4}",0.1523809523809524,0.26666666666666666,0.22857142857142856,0.21587301587301588,0.047513109673319884,320
61,0.1840837001800537,0.027125642282074435,0.01122268040974935,0.0014587471639873376,1000.0,linear,15,MinMaxScaler(),8,,,,"{'Classifier__SVC__C': 1000, 'Classifier__SVC__kernel': 'linear', 'PCA__n_components': 15, 'Scaler': MinMaxScaler(), 'Selector__max_features': 8}",0.2,0.23809523809523808,0.3523809523809524,0.2634920634920635,0.06474945414086077,101
62,0.19249574343363443,0.02028671324121773,0.011179447174072266,0.001749874922235232,1000.0,linear,15,MinMaxScaler(),12,,,,"{'Classifier__SVC__C': 1000, 'Classifier__SVC__kernel': 'linear', 'PCA__n_components': 15, 'Scaler': MinMaxScaler(), 'Selector__max_features': 12}",0.2,0.23809523809523808,0.3523809523809524,0.2634920634920635,0.06474945414086077,101
63,0.18522405624389648,0.020975978972106107,0.009878396987915039,0.00046109401199694126,1000.0,linear,15,MinMaxScaler(),13,,,,"{'Classifier__SVC__C': 1000, 'Classifier__SVC__kernel': 'linear', 'PCA__n_components': 15, 'Scaler': MinMaxScaler(), 'Selector__max_features': 13}",0.2,0.23809523809523808,0.3523809523809524,0.2634920634920635,0.06474945414086077,101
64,0.04827205340067545,0.0024590476170057215,0.012855609258015951,0.004553287976089099,1.0,linear,10,MinMaxScaler(),4,,,,"{'Classifier__SVC__C': 1, 'Classifier__SVC__kernel': 'linear', 'PCA__n_components': 10, 'Scaler': MinMaxScaler(), 'Selector__max_features': 4}",0.14285714285714285,0.1619047619047619,0.2571428571428571,0.1873015873015873,0.04999370078737657,483
65,0.05469473203023275,0.009883199904782352,0.01142589251200358,0.0033327080743511834,1.0,linear,10,MinMaxScaler(),8,,,,"{'Classifier__SVC__C': 1, 'Classifier__SVC__kernel': 'linear', 'PCA__n_components': 10, 'Scaler': MinMaxScaler(), 'Selector__max_features': 8}",0.14285714285714285,0.1619047619047619,0.26666666666666666,0.19047619047619047,0.05443310539518174,457
66,0.04608074824015299,0.0013210783627420931,0.01018961270650228,0.0011405017880060221,10.0,linear,10,MinMaxScaler(),4,,,,"{'Classifier__SVC__C': 10, 'Classifier__SVC__kernel': 'linear', 'PCA__n_components': 10, 'Scaler': MinMaxScaler(), 'Selector__max_features': 4}",0.12380952380952381,0.19047619047619047,0.2761904761904762,0.19682539682539682,0.06237105620440794,433
67,0.0529019832611084,0.0047896469417603015,0.0102388064066569,0.0020474449788062325,10.0,linear,10,MinMaxScaler(),8,,,,"{'Classifier__SVC__C': 10, 'Classifier__SVC__kernel': 'linear', 'PCA__n_components': 10, 'Scaler': MinMaxScaler(), 'Selector__max_features': 8}",0.12380952380952381,0.1523809523809524,0.3238095238095238,0.20000000000000004,0.08832017614757813,408
68,0.06427431106567383,0.004760986342974201,0.009709437688191732,0.0006253914398374463,100.0,linear,10,MinMaxScaler(),4,,,,"{'Classifier__SVC__C': 100, 'Classifier__SVC__kernel': 'linear', 'PCA__n_components': 10, 'Scaler': MinMaxScaler(), 'Selector__max_features': 4}",0.12380952380952381,0.1619047619047619,0.2761904761904762,0.1873015873015873,0.06474945414086077,483
69,0.05841255187988281,0.002267621060826864,0.010377883911132812,0.0008550605265765206,100.0,linear,10,MinMaxScaler(),8,,,,"{'Classifier__SVC__C': 100, 'Classifier__SVC__kernel': 'linear', 'PCA__n_components': 10, 'Scaler': MinMaxScaler(), 'Selector__max_features': 8}",0.12380952380952381,0.17142857142857143,0.34285714285714286,0.2126984126984127,0.0940668723176448,343
70,0.1737941106160482,0.014397965289597504,0.00971070925394694,0.0008474998874754318,1000.0,linear,10,MinMaxScaler(),4,,,,"{'Classifier__SVC__C': 1000, 'Classifier__SVC__kernel': 'linear', 'PCA__n_components': 10, 'Scaler': MinMaxScaler(), 'Selector__max_features': 4}",0.12380952380952381,0.1523809523809524,0.2761904761904762,0.18412698412698414,0.06613544970158622,494
71,0.17143758138020834,0.005990587987665955,0.009395837783813477,0.0008663136712617591,1000.0,linear,10,MinMaxScaler(),8,,,,"{'Classifier__SVC__C': 1000, 'Classifier__SVC__kernel': 'linear', 'PCA__n_components': 10, 'Scaler': MinMaxScaler(), 'Selector__max_features': 8}",0.12380952380952381,0.1619047619047619,0.34285714285714286,0.20952380952380953,0.09555502821138039,348
72,0.046121676762898765,0.004017819526247101,0.012255271275838217,0.0004975340606141348,10.0,rbf,30,MinMaxScaler(),4,0.001,,,"{'Classifier__SVC__C': 10, 'Classifier__SVC__gamma': 0.001, 'Classifier__SVC__kernel': 'rbf', 'PCA__n_components': 30, 'Scaler': MinMaxScaler(), 'Selector__max_features': 4}",0.3142857142857143,0.10476190476190476,0.3142857142857143,0.24444444444444446,0.09877047102288282,208
73,0.0386356512705485,0.0007367192562712109,0.015371004740397135,0.001969031424189571,10.0,rbf,30,MinMaxScaler(),8,0.001,,,"{'Classifier__SVC__C': 10, 'Classifier__SVC__gamma': 0.001, 'Classifier__SVC__kernel': 'rbf', 'PCA__n_components': 30, 'Scaler': MinMaxScaler(), 'Selector__max_features': 8}",0.3142857142857143,0.10476190476190476,0.3142857142857143,0.24444444444444446,0.09877047102288282,208
74,0.03825680414835612,0.00114979142781705,0.01359264055887858,0.00066418019789288,10.0,rbf,30,MinMaxScaler(),12,0.001,,,"{'Classifier__SVC__C': 10, 'Classifier__SVC__gamma': 0.001, 'Classifier__SVC__kernel': 'rbf', 'PCA__n_components': 30, 'Scaler': MinMaxScaler(), 'Selector__max_features': 12}",0.3142857142857143,0.10476190476190476,0.3142857142857143,0.24444444444444446,0.09877047102288282,208
75,0.04756315549214681,0.0049062730831865835,0.013773202896118164,0.0019337178791481206,10.0,rbf,30,MinMaxScaler(),16,0.001,,,"{'Classifier__SVC__C': 10, 'Classifier__SVC__gamma': 0.001, 'Classifier__SVC__kernel': 'rbf', 'PCA__n_components': 30, 'Scaler': MinMaxScaler(), 'Selector__max_features': 16}",0.3142857142857143,0.10476190476190476,0.3142857142857143,0.24444444444444446,0.09877047102288282,208
76,0.04266484578450521,0.0022178238428729744,0.01389463742574056,0.0015444918024102928,10.0,rbf,30,MinMaxScaler(),20,0.001,,,"{'Classifier__SVC__C': 10, 'Classifier__SVC__gamma': 0.001, 'Classifier__SVC__kernel': 'rbf', 'PCA__n_components': 30, 'Scaler': MinMaxScaler(), 'Selector__max_features': 20}",0.3142857142857143,0.10476190476190476,0.3142857142857143,0.24444444444444446,0.09877047102288282,208
77,0.04635119438171387,0.004763903340312447,0.015765825907389324,0.001306639173610997,10.0,rbf,40,MinMaxScaler(),4,0.001,,,"{'Classifier__SVC__C': 10, 'Classifier__SVC__gamma': 0.001, 'Classifier__SVC__kernel': 'rbf', 'PCA__n_components': 40, 'Scaler': MinMaxScaler(), 'Selector__max_features': 4}",0.3142857142857143,0.10476190476190476,0.3142857142857143,0.24444444444444446,0.09877047102288282,208
78,0.04374853769938151,0.0029426246360239492,0.01505605379740397,0.0024579593894329703,10.0,rbf,40,MinMaxScaler(),8,0.001,,,"{'Classifier__SVC__C': 10, 'Classifier__SVC__gamma': 0.001, 'Classifier__SVC__kernel': 'rbf', 'PCA__n_components': 40, 'Scaler': MinMaxScaler(), 'Selector__max_features': 8}",0.3142857142857143,0.10476190476190476,0.3142857142857143,0.24444444444444446,0.09877047102288282,208
79,0.058654228846232094,0.022837363023330243,0.017093817392985027,0.0020607609016648144,10.0,rbf,40,MinMaxScaler(),12,0.001,,,"{'Classifier__SVC__C': 10, 'Classifier__SVC__gamma': 0.001, 'Classifier__SVC__kernel': 'rbf', 'PCA__n_components': 40, 'Scaler': MinMaxScaler(), 'Selector__max_features': 12}",0.3142857142857143,0.10476190476190476,0.3142857142857143,0.24444444444444446,0.09877047102288282,208
80,0.050319671630859375,0.008150376800843205,0.013557116190592447,0.0007175763507931401,10.0,rbf,40,MinMaxScaler(),16,0.001,,,"{'Classifier__SVC__C': 10, 'Classifier__SVC__gamma': 0.001, 'Classifier__SVC__kernel': 'rbf', 'PCA__n_components': 40, 'Scaler': MinMaxScaler(), 'Selector__max_features': 16}",0.3142857142857143,0.10476190476190476,0.3142857142857143,0.24444444444444446,0.09877047102288282,208
81,0.04676222801208496,0.0035575473804483836,0.015909671783447266,0.0028860545726274605,10.0,rbf,40,MinMaxScaler(),20,0.001,,,"{'Classifier__SVC__C': 10, 'Classifier__SVC__gamma': 0.001, 'Classifier__SVC__kernel': 'rbf', 'PCA__n_components': 40, 'Scaler': MinMaxScaler(), 'Selector__max_features': 20}",0.3142857142857143,0.10476190476190476,0.3142857142857143,0.24444444444444446,0.09877047102288282,208
82,0.050992727279663086,0.002702028804700419,0.01272892951965332,0.000619265383956301,10.0,rbf,30,MinMaxScaler(),4,0.01,,,"{'Classifier__SVC__C': 10, 'Classifier__SVC__gamma': 0.01, 'Classifier__SVC__kernel': 'rbf', 'PCA__n_components': 30, 'Scaler': MinMaxScaler(), 'Selector__max_features': 4}",0.3142857142857143,0.10476190476190476,0.3142857142857143,0.24444444444444446,0.09877047102288282,208
83,0.06448952356974284,0.011876599439891193,0.013098716735839844,0.0017578930967912729,10.0,rbf,30,MinMaxScaler(),8,0.01,,,"{'Classifier__SVC__C': 10, 'Classifier__SVC__gamma': 0.01, 'Classifier__SVC__kernel': 'rbf', 'PCA__n_components': 30, 'Scaler': MinMaxScaler(), 'Selector__max_features': 8}",0.23809523809523808,0.10476190476190476,0.21904761904761905,0.1873015873015873,0.05888011743171875,483
84,0.05882509549458822,0.005634150777605482,0.014131387074788412,0.0018058175247875092,10.0,rbf,30,MinMaxScaler(),12,0.01,,,"{'Classifier__SVC__C': 10, 'Classifier__SVC__gamma': 0.01, 'Classifier__SVC__kernel': 'rbf', 'PCA__n_components': 30, 'Scaler': MinMaxScaler(), 'Selector__max_features': 12}",0.14285714285714285,0.14285714285714285,0.21904761904761905,0.16825396825396824,0.035916534917411945,656
85,0.05424801508585612,0.009585613704566039,0.01221927007039388,0.0008523631557371817,10.0,rbf,30,MinMaxScaler(),16,0.01,,,"{'Classifier__SVC__C': 10, 'Classifier__SVC__gamma': 0.01, 'Classifier__SVC__kernel': 'rbf', 'PCA__n_components': 30, 'Scaler': MinMaxScaler(), 'Selector__max_features': 16}",0.1523809523809524,0.1619047619047619,0.17142857142857143,0.1619047619047619,0.007776157913597386,666
86,0.04862435658772787,0.009316586390545526,0.014419078826904297,0.0008964101251459312,10.0,rbf,30,MinMaxScaler(),20,0.01,,,"{'Classifier__SVC__C': 10, 'Classifier__SVC__gamma': 0.01, 'Classifier__SVC__kernel': 'rbf', 'PCA__n_components': 30, 'Scaler': MinMaxScaler(), 'Selector__max_features': 20}",0.1523809523809524,0.1619047619047619,0.17142857142857143,0.1619047619047619,0.007776157913597386,666
87,0.04636732737223307,0.003817463687963244,0.013433059056599935,0.0008275085938037483,10.0,rbf,40,MinMaxScaler(),4,0.01,,,"{'Classifier__SVC__C': 10, 'Classifier__SVC__gamma': 0.01, 'Classifier__SVC__kernel': 'rbf', 'PCA__n_components': 40, 'Scaler': MinMaxScaler(), 'Selector__max_features': 4}",0.3142857142857143,0.11428571428571428,0.3142857142857143,0.24761904761904763,0.09428090415820634,201
88,0.07862297693888347,0.025543898351409366,0.014246622721354166,0.0010299011920453195,10.0,rbf,40,MinMaxScaler(),8,0.01,,,"{'Classifier__SVC__C': 10, 'Classifier__SVC__gamma': 0.01, 'Classifier__SVC__kernel': 'rbf', 'PCA__n_components': 40, 'Scaler': MinMaxScaler(), 'Selector__max_features': 8}",0.3142857142857143,0.10476190476190476,0.3047619047619048,0.2412698412698413,0.09660396225208216,234
89,0.042415459950764976,0.005440462954438441,0.011862993240356445,0.00022091776855003112,10.0,rbf,40,MinMaxScaler(),12,0.01,,,"{'Classifier__SVC__C': 10, 'Classifier__SVC__gamma': 0.01, 'Classifier__SVC__kernel': 'rbf', 'PCA__n_components': 40, 'Scaler': MinMaxScaler(), 'Selector__max_features': 12}",0.21904761904761905,0.14285714285714285,0.21904761904761905,0.19365079365079363,0.035916534917411945,441
90,0.05190213521321615,0.005104967359454622,0.013231197992960611,0.00087046973321989,10.0,rbf,40,MinMaxScaler(),16,0.01,,,"{'Classifier__SVC__C': 10, 'Classifier__SVC__gamma': 0.01, 'Classifier__SVC__kernel': 'rbf', 'PCA__n_components': 40, 'Scaler': MinMaxScaler(), 'Selector__max_features': 16}",0.1523809523809524,0.1619047619047619,0.24761904761904763,0.1873015873015873,0.042827738295974735,483
91,0.05516187349955241,0.011898617436323028,0.01429899533589681,0.0020290568440459117,10.0,rbf,40,MinMaxScaler(),20,0.01,,,"{'Classifier__SVC__C': 10, 'Classifier__SVC__gamma': 0.01, 'Classifier__SVC__kernel': 'rbf', 'PCA__n_components': 40, 'Scaler': MinMaxScaler(), 'Selector__max_features': 20}",0.1619047619047619,0.17142857142857143,0.26666666666666666,0.20000000000000004,0.04730052198651219,408
92,0.03954672813415527,0.0030330083731901466,0.01291362444559733,0.001219451054386396,10.0,rbf,30,MinMaxScaler(),4,0.1,,,"{'Classifier__SVC__C': 10, 'Classifier__SVC__gamma': 0.1, 'Classifier__SVC__kernel': 'rbf', 'PCA__n_components': 30, 'Scaler': MinMaxScaler(), 'Selector__max_features': 4}",0.21904761904761905,0.18095238095238095,0.2,0.20000000000000004,0.015552315827194784,408
93,0.05269757906595866,0.012844155419766579,0.01491530736287435,0.004753605248576331,10.0,rbf,30,MinMaxScaler(),8,0.1,,,"{'Classifier__SVC__C': 10, 'Classifier__SVC__gamma': 0.1, 'Classifier__SVC__kernel': 'rbf', 'PCA__n_components': 30, 'Scaler': MinMaxScaler(), 'Selector__max_features': 8}",0.2571428571428571,0.1523809523809524,0.22857142857142856,0.2126984126984127,0.04421710564185433,343
94,0.039092461268107094,0.0008373514013838369,0.01894656817118327,0.007337618010162962,10.0,rbf,30,MinMaxScaler(),12,0.1,,,"{'Classifier__SVC__C': 10, 'Classifier__SVC__gamma': 0.1, 'Classifier__SVC__kernel': 'rbf', 'PCA__n_components': 30, 'Scaler': MinMaxScaler(), 'Selector__max_features': 12}",0.20952380952380953,0.2761904761904762,0.3523809523809524,0.2793650793650794,0.058364369240794405,41
95,0.04855839411417643,0.008160007696880278,0.01560354232788086,0.004742343345308895,10.0,rbf,30,MinMaxScaler(),16,0.1,,,"{'Classifier__SVC__C': 10, 'Classifier__SVC__gamma': 0.1, 'Classifier__SVC__kernel': 'rbf', 'PCA__n_components': 30, 'Scaler': MinMaxScaler(), 'Selector__max_features': 16}",0.20952380952380953,0.26666666666666666,0.38095238095238093,0.2857142857142857,0.07126966450997982,34
96,0.04497551918029785,0.006283535298741733,0.01341541608174642,0.0023415994213415764,10.0,rbf,30,MinMaxScaler(),20,0.1,,,"{'Classifier__SVC__C': 10, 'Classifier__SVC__gamma': 0.1, 'Classifier__SVC__kernel': 'rbf', 'PCA__n_components': 30, 'Scaler': MinMaxScaler(), 'Selector__max_features': 20}",0.20952380952380953,0.26666666666666666,0.38095238095238093,0.2857142857142857,0.07126966450997982,34
97,0.04481426874796549,0.006184603089866663,0.012409607569376627,0.0008454537145402339,10.0,rbf,40,MinMaxScaler(),4,0.1,,,"{'Classifier__SVC__C': 10, 'Classifier__SVC__gamma': 0.1, 'Classifier__SVC__kernel': 'rbf', 'PCA__n_components': 40, 'Scaler': MinMaxScaler(), 'Selector__max_features': 4}",0.2,0.20952380952380953,0.2,0.2031746031746032,0.00448956686467649,389
98,0.04077021280924479,0.0012751889911135452,0.01158889134724935,3.4279436788860474e-05,10.0,rbf,40,MinMaxScaler(),8,0.1,,,"{'Classifier__SVC__C': 10, 'Classifier__SVC__gamma': 0.1, 'Classifier__SVC__kernel': 'rbf', 'PCA__n_components': 40, 'Scaler': MinMaxScaler(), 'Selector__max_features': 8}",0.20952380952380953,0.1523809523809524,0.18095238095238095,0.18095238095238098,0.02332847374079217,502
99,0.04215614000956217,0.001831025933552076,0.012218634287516275,0.000960667566460946,10.0,rbf,40,MinMaxScaler(),12,0.1,,,"{'Classifier__SVC__C': 10, 'Classifier__SVC__gamma': 0.1, 'Classifier__SVC__kernel': 'rbf', 'PCA__n_components': 40, 'Scaler': MinMaxScaler(), 'Selector__max_features': 12}",0.24761904761904763,0.24761904761904763,0.29523809523809524,0.2634920634920635,0.02244783432338246,101
100,0.04347364107767741,0.007367271728457642,0.010222276051839193,0.002080197501276144,10.0,rbf,40,MinMaxScaler(),16,0.1,,,"{'Classifier__SVC__C': 10, 'Classifier__SVC__gamma': 0.1, 'Classifier__SVC__kernel': 'rbf', 'PCA__n_components': 40, 'Scaler': MinMaxScaler(), 'Selector__max_features': 16}",0.20952380952380953,0.26666666666666666,0.3523809523809524,0.27619047619047615,0.05870870479018074,44
101,0.046171347300211586,0.006905892267427631,0.01256267229715983,0.0007902033957344558,10.0,rbf,40,MinMaxScaler(),20,0.1,,,"{'Classifier__SVC__C': 10, 'Classifier__SVC__gamma': 0.1, 'Classifier__SVC__kernel': 'rbf', 'PCA__n_components': 40, 'Scaler': MinMaxScaler(), 'Selector__max_features': 20}",0.2,0.23809523809523808,0.3619047619047619,0.26666666666666666,0.06911600335580076,55
102,0.049672206242879234,0.006061109143107352,0.012413660685221354,0.0016438116466547744,100.0,rbf,30,MinMaxScaler(),4,0.001,,,"{'Classifier__SVC__C': 100, 'Classifier__SVC__gamma': 0.001, 'Classifier__SVC__kernel': 'rbf', 'PCA__n_components': 30, 'Scaler': MinMaxScaler(), 'Selector__max_features': 4}",0.20952380952380953,0.2571428571428571,0.09523809523809523,0.1873015873015873,0.06793947479057998,483
103,0.04239813486735026,0.005115629442403759,0.011295795440673828,0.000488760762091039,100.0,rbf,30,MinMaxScaler(),8,0.001,,,"{'Classifier__SVC__C': 100, 'Classifier__SVC__gamma': 0.001, 'Classifier__SVC__kernel': 'rbf', 'PCA__n_components': 30, 'Scaler': MinMaxScaler(), 'Selector__max_features': 8}",0.19047619047619047,0.2571428571428571,0.12380952380952381,0.19047619047619047,0.05443310539518172,457
104,0.03942370414733887,0.0012223957013721923,0.013290802637736002,0.0012687052499975086,100.0,rbf,30,MinMaxScaler(),12,0.001,,,"{'Classifier__SVC__C': 100, 'Classifier__SVC__gamma': 0.001, 'Classifier__SVC__kernel': 'rbf', 'PCA__n_components': 30, 'Scaler': MinMaxScaler(), 'Selector__max_features': 12}",0.14285714285714285,0.20952380952380953,0.18095238095238095,0.17777777777777778,0.02730896910172263,512
105,0.04227940241495768,0.005634113979233972,0.011453866958618164,0.00025357225398642074,100.0,rbf,30,MinMaxScaler(),16,0.001,,,"{'Classifier__SVC__C': 100, 'Classifier__SVC__gamma': 0.001, 'Classifier__SVC__kernel': 'rbf', 'PCA__n_components': 30, 'Scaler': MinMaxScaler(), 'Selector__max_features': 16}",0.1619047619047619,0.2,0.17142857142857143,0.1777777777777778,0.01618736353521519,509
106,0.059111992518107094,0.016996743989262895,0.012041091918945312,0.0004087710005024513,100.0,rbf,30,MinMaxScaler(),20,0.001,,,"{'Classifier__SVC__C': 100, 'Classifier__SVC__gamma': 0.001, 'Classifier__SVC__kernel': 'rbf', 'PCA__n_components': 30, 'Scaler': MinMaxScaler(), 'Selector__max_features': 20}",0.1619047619047619,0.2,0.17142857142857143,0.1777777777777778,0.01618736353521519,509
107,0.03680793444315592,0.0027655231806820424,0.011583407719930014,1.890017661272443e-05,100.0,rbf,40,MinMaxScaler(),4,0.001,,,"{'Classifier__SVC__C': 100, 'Classifier__SVC__gamma': 0.001, 'Classifier__SVC__kernel': 'rbf', 'PCA__n_components': 40, 'Scaler': MinMaxScaler(), 'Selector__max_features': 4}",0.22857142857142856,0.2857142857142857,0.09523809523809523,0.20317460317460315,0.07980828628556529,406
108,0.038636366526285805,0.0033508674738445257,0.012713193893432617,0.002784951192448605,100.0,rbf,40,MinMaxScaler(),8,0.001,,,"{'Classifier__SVC__C': 100, 'Classifier__SVC__gamma': 0.001, 'Classifier__SVC__kernel': 'rbf', 'PCA__n_components': 40, 'Scaler': MinMaxScaler(), 'Selector__max_features': 8}",0.22857142857142856,0.2571428571428571,0.08571428571428572,0.19047619047619047,0.07499055118106486,457
109,0.0399621327718099,0.004686881443666962,0.01230764389038086,0.0007048856749036871,100.0,rbf,40,MinMaxScaler(),12,0.001,,,"{'Classifier__SVC__C': 100, 'Classifier__SVC__gamma': 0.001, 'Classifier__SVC__kernel': 'rbf', 'PCA__n_components': 40, 'Scaler': MinMaxScaler(), 'Selector__max_features': 12}",0.1619047619047619,0.21904761904761905,0.1523809523809524,0.17777777777777778,0.02944005871585937,512
110,0.03572217623392741,0.0017623044296636056,0.012582778930664062,2.921251956868876e-05,100.0,rbf,40,MinMaxScaler(),16,0.001,,,"{'Classifier__SVC__C': 100, 'Classifier__SVC__gamma': 0.001, 'Classifier__SVC__kernel': 'rbf', 'PCA__n_components': 40, 'Scaler': MinMaxScaler(), 'Selector__max_features': 16}",0.1523809523809524,0.19047619047619047,0.2,0.18095238095238098,0.020573779994945585,502
111,0.03489581743876139,0.0011460377664009906,0.016718943913777668,0.005797072378890522,100.0,rbf,40,MinMaxScaler(),20,0.001,,,"{'Classifier__SVC__C': 100, 'Classifier__SVC__gamma': 0.001, 'Classifier__SVC__kernel': 'rbf', 'PCA__n_components': 40, 'Scaler': MinMaxScaler(), 'Selector__max_features': 20}",0.1619047619047619,0.19047619047619047,0.24761904761904763,0.19999999999999998,0.035634832254989916,416
112,0.0343775749206543,0.0008814075939264287,0.011509577433268229,0.0003518894719279792,100.0,rbf,30,MinMaxScaler(),4,0.01,,,"{'Classifier__SVC__C': 100, 'Classifier__SVC__gamma': 0.01, 'Classifier__SVC__kernel': 'rbf', 'PCA__n_components': 30, 'Scaler': MinMaxScaler(), 'Selector__max_features': 4}",0.21904761904761905,0.19047619047619047,0.18095238095238095,0.19682539682539682,0.01618736353521519,433
113,0.044109741846720375,0.008209624036216959,0.016015926996866863,0.002640904047088469,100.0,rbf,30,MinMaxScaler(),8,0.01,,,"{'Classifier__SVC__C': 100, 'Classifier__SVC__gamma': 0.01, 'Classifier__SVC__kernel': 'rbf', 'PCA__n_components': 30, 'Scaler': MinMaxScaler(), 'Selector__max_features': 8}",0.2571428571428571,0.1619047619047619,0.23809523809523808,0.21904761904761902,0.04114755998989116,307
114,0.037365118662516274,0.004205614495634151,0.01862613360087077,0.009616649152916396,100.0,rbf,30,MinMaxScaler(),12,0.01,,,"{'Classifier__SVC__C': 100, 'Classifier__SVC__gamma': 0.01, 'Classifier__SVC__kernel': 'rbf', 'PCA__n_components': 30, 'Scaler': MinMaxScaler(), 'Selector__max_features': 12}",0.26666666666666666,0.2571428571428571,0.3238095238095238,0.2825396825396825,0.02944005871585939,40
115,0.046465794245402016,0.007649768708575,0.01273345947265625,0.001541045789783397,100.0,rbf,30,MinMaxScaler(),16,0.01,,,"{'Classifier__SVC__C': 100, 'Classifier__SVC__gamma': 0.01, 'Classifier__SVC__kernel': 'rbf', 'PCA__n_components': 30, 'Scaler': MinMaxScaler(), 'Selector__max_features': 16}",0.21904761904761905,0.2571428571428571,0.37142857142857144,0.28253968253968254,0.06474945414086077,38
116,0.043252786000569664,0.008559738488204743,0.013921896616617838,0.0009610605376444131,100.0,rbf,30,MinMaxScaler(),20,0.01,,,"{'Classifier__SVC__C': 100, 'Classifier__SVC__gamma': 0.01, 'Classifier__SVC__kernel': 'rbf', 'PCA__n_components': 30, 'Scaler': MinMaxScaler(), 'Selector__max_features': 20}",0.21904761904761905,0.2571428571428571,0.37142857142857144,0.28253968253968254,0.06474945414086077,38
117,0.04811652501424154,0.01051260579142718,0.01190479596455892,0.0006473276005271326,100.0,rbf,40,MinMaxScaler(),4,0.01,,,"{'Classifier__SVC__C': 100, 'Classifier__SVC__gamma': 0.01, 'Classifier__SVC__kernel': 'rbf', 'PCA__n_components': 40, 'Scaler': MinMaxScaler(), 'Selector__max_features': 4}",0.19047619047619047,0.2,0.18095238095238095,0.19047619047619047,0.007776157913597397,457
118,0.040199836095174156,0.006797515656777052,0.012769858042399088,0.0016655933577489207,100.0,rbf,40,MinMaxScaler(),8,0.01,,,"{'Classifier__SVC__C': 100, 'Classifier__SVC__gamma': 0.01, 'Classifier__SVC__kernel': 'rbf', 'PCA__n_components': 40, 'Scaler': MinMaxScaler(), 'Selector__max_features': 8}",0.21904761904761905,0.1619047619047619,0.19047619047619047,0.19047619047619047,0.02332847374079217,457
119,0.04776207605997721,0.012518018310231962,0.013057072957356771,0.001120038454456781,100.0,rbf,40,MinMaxScaler(),12,0.01,,,"{'Classifier__SVC__C': 100, 'Classifier__SVC__gamma': 0.01, 'Classifier__SVC__kernel': 'rbf', 'PCA__n_components': 40, 'Scaler': MinMaxScaler(), 'Selector__max_features': 12}",0.24761904761904763,0.2761904761904762,0.29523809523809524,0.273015873015873,0.019569568263393577,50
120,0.03947599728902181,0.0014537997095359194,0.0140840212504069,0.002682332066668538,100.0,rbf,40,MinMaxScaler(),16,0.01,,,"{'Classifier__SVC__C': 100, 'Classifier__SVC__gamma': 0.01, 'Classifier__SVC__kernel': 'rbf', 'PCA__n_components': 40, 'Scaler': MinMaxScaler(), 'Selector__max_features': 16}",0.21904761904761905,0.26666666666666666,0.3047619047619048,0.2634920634920635,0.03506463814980084,101
121,0.04348015785217285,0.005140205083319647,0.013568401336669922,0.0021759617987471514,100.0,rbf,40,MinMaxScaler(),20,0.01,,,"{'Classifier__SVC__C': 100, 'Classifier__SVC__gamma': 0.01, 'Classifier__SVC__kernel': 'rbf', 'PCA__n_components': 40, 'Scaler': MinMaxScaler(), 'Selector__max_features': 20}",0.19047619047619047,0.22857142857142856,0.3523809523809524,0.2571428571428571,0.06911600335580077,170
122,0.04733427365620931,0.004383353885339861,0.015194177627563477,9.547783501064713e-05,100.0,rbf,30,MinMaxScaler(),4,0.1,,,"{'Classifier__SVC__C': 100, 'Classifier__SVC__gamma': 0.1, 'Classifier__SVC__kernel': 'rbf', 'PCA__n_components': 30, 'Scaler': MinMaxScaler(), 'Selector__max_features': 4}",0.3047619047619048,0.20952380952380953,0.20952380952380953,0.2412698412698413,0.044895668646764926,234
123,0.0533909797668457,0.010905026267951047,0.013669093449910482,0.0020721411239509185,100.0,rbf,30,MinMaxScaler(),8,0.1,,,"{'Classifier__SVC__C': 100, 'Classifier__SVC__gamma': 0.1, 'Classifier__SVC__kernel': 'rbf', 'PCA__n_components': 30, 'Scaler': MinMaxScaler(), 'Selector__max_features': 8}",0.29523809523809524,0.22857142857142856,0.24761904761904763,0.2571428571428572,0.028037336083580472,159
124,0.04438964525858561,0.008479378836298688,0.01205134391784668,0.0008175130993312709,100.0,rbf,30,MinMaxScaler(),12,0.1,,,"{'Classifier__SVC__C': 100, 'Classifier__SVC__gamma': 0.1, 'Classifier__SVC__kernel': 'rbf', 'PCA__n_components': 30, 'Scaler': MinMaxScaler(), 'Selector__max_features': 12}",0.3047619047619048,0.26666666666666666,0.3142857142857143,0.29523809523809524,0.02057377999494559,18
125,0.04419732093811035,0.007400683618874766,0.012566884358723959,0.00035879455221563526,100.0,rbf,30,MinMaxScaler(),16,0.1,,,"{'Classifier__SVC__C': 100, 'Classifier__SVC__gamma': 0.1, 'Classifier__SVC__kernel': 'rbf', 'PCA__n_components': 30, 'Scaler': MinMaxScaler(), 'Selector__max_features': 16}",0.3142857142857143,0.2571428571428571,0.3619047619047619,0.3111111111111111,0.04282773829597474,9
126,0.046217759450276695,0.007582720139368212,0.011950095494588217,0.0010282569286818827,100.0,rbf,30,MinMaxScaler(),20,0.1,,,"{'Classifier__SVC__C': 100, 'Classifier__SVC__gamma': 0.1, 'Classifier__SVC__kernel': 'rbf', 'PCA__n_components': 30, 'Scaler': MinMaxScaler(), 'Selector__max_features': 20}",0.3142857142857143,0.2571428571428571,0.3619047619047619,0.3111111111111111,0.04282773829597474,9
127,0.049158970514933266,0.0038273555640028784,0.013993660608927408,0.0005153156148705106,100.0,rbf,40,MinMaxScaler(),4,0.1,,,"{'Classifier__SVC__C': 100, 'Classifier__SVC__gamma': 0.1, 'Classifier__SVC__kernel': 'rbf', 'PCA__n_components': 40, 'Scaler': MinMaxScaler(), 'Selector__max_features': 4}",0.24761904761904763,0.2761904761904762,0.20952380952380953,0.24444444444444446,0.02730896910172263,208
128,0.047504266103108726,0.004010828718414272,0.012508869171142578,0.0005842176027441294,100.0,rbf,40,MinMaxScaler(),8,0.1,,,"{'Classifier__SVC__C': 100, 'Classifier__SVC__gamma': 0.1, 'Classifier__SVC__kernel': 'rbf', 'PCA__n_components': 40, 'Scaler': MinMaxScaler(), 'Selector__max_features': 8}",0.23809523809523808,0.22857142857142856,0.26666666666666666,0.24444444444444446,0.01618736353521519,208
129,0.040686448415120445,0.00045918821390597813,0.013492107391357422,0.001377349778612193,100.0,rbf,40,MinMaxScaler(),12,0.1,,,"{'Classifier__SVC__C': 100, 'Classifier__SVC__gamma': 0.1, 'Classifier__SVC__kernel': 'rbf', 'PCA__n_components': 40, 'Scaler': MinMaxScaler(), 'Selector__max_features': 12}",0.2857142857142857,0.2,0.24761904761904763,0.24444444444444446,0.03506463814980082,208
130,0.041473706563313804,0.00381592944398012,0.012512445449829102,0.0012442202436696963,100.0,rbf,40,MinMaxScaler(),16,0.1,,,"{'Classifier__SVC__C': 100, 'Classifier__SVC__gamma': 0.1, 'Classifier__SVC__kernel': 'rbf', 'PCA__n_components': 40, 'Scaler': MinMaxScaler(), 'Selector__max_features': 16}",0.26666666666666666,0.3047619047619048,0.37142857142857144,0.3142857142857143,0.04329581491106621,5
131,0.04810762405395508,0.00825430918365144,0.012369473775227865,0.0006674936888165325,100.0,rbf,40,MinMaxScaler(),20,0.1,,,"{'Classifier__SVC__C': 100, 'Classifier__SVC__gamma': 0.1, 'Classifier__SVC__kernel': 'rbf', 'PCA__n_components': 40, 'Scaler': MinMaxScaler(), 'Selector__max_features': 20}",0.2,0.2857142857142857,0.3904761904761905,0.2920634920634921,0.07789107394530347,24
132,0.046111345291137695,0.0013588975994802634,0.0121614138285319,0.00026341763385636193,1000.0,rbf,30,MinMaxScaler(),4,0.001,,,"{'Classifier__SVC__C': 1000, 'Classifier__SVC__gamma': 0.001, 'Classifier__SVC__kernel': 'rbf', 'PCA__n_components': 30, 'Scaler': MinMaxScaler(), 'Selector__max_features': 4}",0.1619047619047619,0.19047619047619047,0.17142857142857143,0.17460317460317457,0.011878277418329966,633
133,0.04509965578715006,0.0027023322111322853,0.015245517094930014,0.0016679580484326533,1000.0,rbf,30,MinMaxScaler(),8,0.001,,,"{'Classifier__SVC__C': 1000, 'Classifier__SVC__gamma': 0.001, 'Classifier__SVC__kernel': 'rbf', 'PCA__n_components': 30, 'Scaler': MinMaxScaler(), 'Selector__max_features': 8}",0.2571428571428571,0.1619047619047619,0.23809523809523808,0.21904761904761902,0.04114755998989116,307
134,0.040502707163492836,0.001433202045547209,0.015356063842773438,0.003277800707631243,1000.0,rbf,30,MinMaxScaler(),12,0.001,,,"{'Classifier__SVC__C': 1000, 'Classifier__SVC__gamma': 0.001, 'Classifier__SVC__kernel': 'rbf', 'PCA__n_components': 30, 'Scaler': MinMaxScaler(), 'Selector__max_features': 12}",0.2761904761904762,0.2571428571428571,0.3238095238095238,0.28571428571428575,0.02803733608358048,31
135,0.05589127540588379,0.016546543225914145,0.012033462524414062,0.0008126822434056215,1000.0,rbf,30,MinMaxScaler(),16,0.001,,,"{'Classifier__SVC__C': 1000, 'Classifier__SVC__gamma': 0.001, 'Classifier__SVC__kernel': 'rbf', 'PCA__n_components': 30, 'Scaler': MinMaxScaler(), 'Selector__max_features': 16}",0.23809523809523808,0.2761904761904762,0.37142857142857144,0.29523809523809524,0.056074672167160944,18
136,0.04653032620747884,0.008908653036576829,0.012384335199991861,0.0018501991381805333,1000.0,rbf,30,MinMaxScaler(),20,0.001,,,"{'Classifier__SVC__C': 1000, 'Classifier__SVC__gamma': 0.001, 'Classifier__SVC__kernel': 'rbf', 'PCA__n_components': 30, 'Scaler': MinMaxScaler(), 'Selector__max_features': 20}",0.23809523809523808,0.2761904761904762,0.37142857142857144,0.29523809523809524,0.056074672167160944,18
137,0.041283607482910156,0.005352468702924878,0.011866013209025065,0.000623002736248328,1000.0,rbf,40,MinMaxScaler(),4,0.001,,,"{'Classifier__SVC__C': 1000, 'Classifier__SVC__gamma': 0.001, 'Classifier__SVC__kernel': 'rbf', 'PCA__n_components': 40, 'Scaler': MinMaxScaler(), 'Selector__max_features': 4}",0.09523809523809523,0.2,0.17142857142857143,0.15555555555555556,0.044217105641854354,698
138,0.04115541776021322,0.0010604141605728057,0.012537558873494467,0.0012600399775401924,1000.0,rbf,40,MinMaxScaler(),8,0.001,,,"{'Classifier__SVC__C': 1000, 'Classifier__SVC__gamma': 0.001, 'Classifier__SVC__kernel': 'rbf', 'PCA__n_components': 40, 'Scaler': MinMaxScaler(), 'Selector__max_features': 8}",0.21904761904761905,0.1619047619047619,0.19047619047619047,0.19047619047619047,0.02332847374079217,457
139,0.038550217946370445,0.001619148080887984,0.011845111846923828,0.001214841011029127,1000.0,rbf,40,MinMaxScaler(),12,0.001,,,"{'Classifier__SVC__C': 1000, 'Classifier__SVC__gamma': 0.001, 'Classifier__SVC__kernel': 'rbf', 'PCA__n_components': 40, 'Scaler': MinMaxScaler(), 'Selector__max_features': 12}",0.24761904761904763,0.2857142857142857,0.29523809523809524,0.27619047619047615,0.020573779994945585,44
140,0.04832053184509277,0.011018328874228602,0.011428435643513998,7.592457859058536e-05,1000.0,rbf,40,MinMaxScaler(),16,0.001,,,"{'Classifier__SVC__C': 1000, 'Classifier__SVC__gamma': 0.001, 'Classifier__SVC__kernel': 'rbf', 'PCA__n_components': 40, 'Scaler': MinMaxScaler(), 'Selector__max_features': 16}",0.21904761904761905,0.2761904761904762,0.3047619047619048,0.26666666666666666,0.03563483225498993,55
141,0.03602457046508789,0.0031380252150129875,0.011369705200195312,0.0003863885276532788,1000.0,rbf,40,MinMaxScaler(),20,0.001,,,"{'Classifier__SVC__C': 1000, 'Classifier__SVC__gamma': 0.001, 'Classifier__SVC__kernel': 'rbf', 'PCA__n_components': 40, 'Scaler': MinMaxScaler(), 'Selector__max_features': 20}",0.18095238095238095,0.22857142857142856,0.3333333333333333,0.24761904761904763,0.06365059573258228,201
142,0.04011162122090658,0.0041042672941371755,0.011375188827514648,0.0002594625902145524,1000.0,rbf,30,MinMaxScaler(),4,0.01,,,"{'Classifier__SVC__C': 1000, 'Classifier__SVC__gamma': 0.01, 'Classifier__SVC__kernel': 'rbf', 'PCA__n_components': 30, 'Scaler': MinMaxScaler(), 'Selector__max_features': 4}",0.3238095238095238,0.21904761904761905,0.2,0.24761904761904763,0.054433105395181744,201
143,0.03476174672444662,0.004062885647182038,0.011011997858683268,0.00041409865663179137,1000.0,rbf,30,MinMaxScaler(),8,0.01,,,"{'Classifier__SVC__C': 1000, 'Classifier__SVC__gamma': 0.01, 'Classifier__SVC__kernel': 'rbf', 'PCA__n_components': 30, 'Scaler': MinMaxScaler(), 'Selector__max_features': 8}",0.2571428571428571,0.22857142857142856,0.24761904761904763,0.24444444444444444,0.011878277418329966,233
144,0.03418596585591634,0.0006849641528081315,0.01151744524637858,0.001410458337725021,1000.0,rbf,30,MinMaxScaler(),12,0.01,,,"{'Classifier__SVC__C': 1000, 'Classifier__SVC__gamma': 0.01, 'Classifier__SVC__kernel': 'rbf', 'PCA__n_components': 30, 'Scaler': MinMaxScaler(), 'Selector__max_features': 12}",0.24761904761904763,0.22857142857142856,0.2857142857142857,0.25396825396825395,0.02375655483665994,175
145,0.04264370600382487,0.007961968970150793,0.012640953063964844,0.0012005657609303756,1000.0,rbf,30,MinMaxScaler(),16,0.01,,,"{'Classifier__SVC__C': 1000, 'Classifier__SVC__gamma': 0.01, 'Classifier__SVC__kernel': 'rbf', 'PCA__n_components': 30, 'Scaler': MinMaxScaler(), 'Selector__max_features': 16}",0.2761904761904762,0.2761904761904762,0.3333333333333333,0.29523809523809524,0.026937401188058933,18
146,0.044325033823649086,0.004324367003710533,0.011571327845255533,0.0006979401467689163,1000.0,rbf,30,MinMaxScaler(),20,0.01,,,"{'Classifier__SVC__C': 1000, 'Classifier__SVC__gamma': 0.01, 'Classifier__SVC__kernel': 'rbf', 'PCA__n_components': 30, 'Scaler': MinMaxScaler(), 'Selector__max_features': 20}",0.2761904761904762,0.2761904761904762,0.3333333333333333,0.29523809523809524,0.026937401188058933,18
147,0.04184285799662272,0.002863088129547704,0.012922286987304688,0.0008626854219873827,1000.0,rbf,40,MinMaxScaler(),4,0.01,,,"{'Classifier__SVC__C': 1000, 'Classifier__SVC__gamma': 0.01, 'Classifier__SVC__kernel': 'rbf', 'PCA__n_components': 40, 'Scaler': MinMaxScaler(), 'Selector__max_features': 4}",0.2571428571428571,0.23809523809523808,0.2,0.23174603174603173,0.023756554836659928,264
148,0.04836678504943848,0.012848324276245245,0.013100385665893555,0.002128247262406105,1000.0,rbf,40,MinMaxScaler(),8,0.01,,,"{'Classifier__SVC__C': 1000, 'Classifier__SVC__gamma': 0.01, 'Classifier__SVC__kernel': 'rbf', 'PCA__n_components': 40, 'Scaler': MinMaxScaler(), 'Selector__max_features': 8}",0.2,0.22857142857142856,0.23809523809523808,0.22222222222222224,0.01618736353521518,271
149,0.04145026206970215,0.0018573773305515014,0.011965433756510416,0.0008074451619240776,1000.0,rbf,40,MinMaxScaler(),12,0.01,,,"{'Classifier__SVC__C': 1000, 'Classifier__SVC__gamma': 0.01, 'Classifier__SVC__kernel': 'rbf', 'PCA__n_components': 40, 'Scaler': MinMaxScaler(), 'Selector__max_features': 12}",0.2761904761904762,0.23809523809523808,0.2571428571428571,0.2571428571428571,0.015552315827194794,170
150,0.04567583401997884,0.006190258899335173,0.011071205139160156,0.0007149799397997056,1000.0,rbf,40,MinMaxScaler(),16,0.01,,,"{'Classifier__SVC__C': 1000, 'Classifier__SVC__gamma': 0.01, 'Classifier__SVC__kernel': 'rbf', 'PCA__n_components': 40, 'Scaler': MinMaxScaler(), 'Selector__max_features': 16}",0.22857142857142856,0.2857142857142857,0.3142857142857143,0.27619047619047615,0.035634832254989916,44
151,0.04298281669616699,0.0031917427838280494,0.012078364690144857,0.00041543265062705877,1000.0,rbf,40,MinMaxScaler(),20,0.01,,,"{'Classifier__SVC__C': 1000, 'Classifier__SVC__gamma': 0.01, 'Classifier__SVC__kernel': 'rbf', 'PCA__n_components': 40, 'Scaler': MinMaxScaler(), 'Selector__max_features': 20}",0.2,0.2857142857142857,0.2857142857142857,0.2571428571428571,0.040406101782088415,170
152,0.04886484146118164,0.002855180158559353,0.01462570826212565,0.0024373728163642992,1000.0,rbf,30,MinMaxScaler(),4,0.1,,,"{'Classifier__SVC__C': 1000, 'Classifier__SVC__gamma': 0.1, 'Classifier__SVC__kernel': 'rbf', 'PCA__n_components': 30, 'Scaler': MinMaxScaler(), 'Selector__max_features': 4}",0.3142857142857143,0.21904761904761905,0.2,0.24444444444444446,0.04999370078737657,208
153,0.056038856506347656,0.004397158738740146,0.013111591339111328,0.0010818885730711594,1000.0,rbf,30,MinMaxScaler(),8,0.1,,,"{'Classifier__SVC__C': 1000, 'Classifier__SVC__gamma': 0.1, 'Classifier__SVC__kernel': 'rbf', 'PCA__n_components': 30, 'Scaler': MinMaxScaler(), 'Selector__max_features': 8}",0.3142857142857143,0.2571428571428571,0.34285714285714286,0.30476190476190473,0.03563483225498993,13
154,0.05335863431294759,0.008264809607153315,0.013465166091918945,0.0024810846884224884,1000.0,rbf,30,MinMaxScaler(),12,0.1,,,"{'Classifier__SVC__C': 1000, 'Classifier__SVC__gamma': 0.1, 'Classifier__SVC__kernel': 'rbf', 'PCA__n_components': 30, 'Scaler': MinMaxScaler(), 'Selector__max_features': 12}",0.3047619047619048,0.2571428571428571,0.3904761904761905,0.31746031746031744,0.05516872126026276,4
155,0.05789756774902344,0.016162004381450476,0.013721068700154623,0.0010573110771040341,1000.0,rbf,30,MinMaxScaler(),16,0.1,,,"{'Classifier__SVC__C': 1000, 'Classifier__SVC__gamma': 0.1, 'Classifier__SVC__kernel': 'rbf', 'PCA__n_components': 30, 'Scaler': MinMaxScaler(), 'Selector__max_features': 16}",0.3047619047619048,0.26666666666666666,0.37142857142857144,0.3142857142857143,0.04329581491106621,5
156,0.049202919006347656,0.006533459812185211,0.011243979136149088,0.0005010240869362674,1000.0,rbf,30,MinMaxScaler(),20,0.1,,,"{'Classifier__SVC__C': 1000, 'Classifier__SVC__gamma': 0.1, 'Classifier__SVC__kernel': 'rbf', 'PCA__n_components': 30, 'Scaler': MinMaxScaler(), 'Selector__max_features': 20}",0.3047619047619048,0.26666666666666666,0.37142857142857144,0.3142857142857143,0.04329581491106621,5
157,0.04781937599182129,0.0033628019828275957,0.012933731079101562,0.00022705236068747925,1000.0,rbf,40,MinMaxScaler(),4,0.1,,,"{'Classifier__SVC__C': 1000, 'Classifier__SVC__gamma': 0.1, 'Classifier__SVC__kernel': 'rbf', 'PCA__n_components': 40, 'Scaler': MinMaxScaler(), 'Selector__max_features': 4}",0.22857142857142856,0.2571428571428571,0.2,0.22857142857142856,0.02332847374079216,267
158,0.04615473747253418,0.0030968598348568377,0.014815886815388998,0.002265466388906663,1000.0,rbf,40,MinMaxScaler(),8,0.1,,,"{'Classifier__SVC__C': 1000, 'Classifier__SVC__gamma': 0.1, 'Classifier__SVC__kernel': 'rbf', 'PCA__n_components': 40, 'Scaler': MinMaxScaler(), 'Selector__max_features': 8}",0.21904761904761905,0.2571428571428571,0.2857142857142857,0.25396825396825395,0.02730896910172262,175
159,0.06523688634236653,0.005216164633116822,0.0124052365620931,0.00023721473138632785,1000.0,rbf,40,MinMaxScaler(),12,0.1,,,"{'Classifier__SVC__C': 1000, 'Classifier__SVC__gamma': 0.1, 'Classifier__SVC__kernel': 'rbf', 'PCA__n_components': 40, 'Scaler': MinMaxScaler(), 'Selector__max_features': 12}",0.3238095238095238,0.26666666666666666,0.37142857142857144,0.32063492063492066,0.04282773829597474,3
160,0.05592886606852213,0.005816293988302015,0.012920777002970377,0.0016533568991359616,1000.0,rbf,40,MinMaxScaler(),16,0.1,,,"{'Classifier__SVC__C': 1000, 'Classifier__SVC__gamma': 0.1, 'Classifier__SVC__kernel': 'rbf', 'PCA__n_components': 40, 'Scaler': MinMaxScaler(), 'Selector__max_features': 16}",0.26666666666666666,0.2857142857142857,0.44761904761904764,0.3333333333333333,0.08118547207964713,1
161,0.05371944109598795,0.0023016481163789823,0.0113066037495931,0.0008138048229692956,1000.0,rbf,40,MinMaxScaler(),20,0.1,,,"{'Classifier__SVC__C': 1000, 'Classifier__SVC__gamma': 0.1, 'Classifier__SVC__kernel': 'rbf', 'PCA__n_components': 40, 'Scaler': MinMaxScaler(), 'Selector__max_features': 20}",0.26666666666666666,0.2761904761904762,0.42857142857142855,0.3238095238095238,0.07417981870189157,2
162,0.05289173126220703,0.01229475251963142,0.013077497482299805,0.002155812301650162,10.0,rbf,15,MinMaxScaler(),4,0.001,,,"{'Classifier__SVC__C': 10, 'Classifier__SVC__gamma': 0.001, 'Classifier__SVC__kernel': 'rbf', 'PCA__n_components': 15, 'Scaler': MinMaxScaler(), 'Selector__max_features': 4}",0.3142857142857143,0.10476190476190476,0.3142857142857143,0.24444444444444446,0.09877047102288282,208
163,0.04261287053426107,0.0023244496033882336,0.012074152628580729,0.0010932835585654344,10.0,rbf,15,MinMaxScaler(),8,0.001,,,"{'Classifier__SVC__C': 10, 'Classifier__SVC__gamma': 0.001, 'Classifier__SVC__kernel': 'rbf', 'PCA__n_components': 15, 'Scaler': MinMaxScaler(), 'Selector__max_features': 8}",0.3142857142857143,0.10476190476190476,0.3142857142857143,0.24444444444444446,0.09877047102288282,208
164,0.050222158432006836,0.007274529315338897,0.015721480051676433,0.001967193226034197,10.0,rbf,15,MinMaxScaler(),12,0.001,,,"{'Classifier__SVC__C': 10, 'Classifier__SVC__gamma': 0.001, 'Classifier__SVC__kernel': 'rbf', 'PCA__n_components': 15, 'Scaler': MinMaxScaler(), 'Selector__max_features': 12}",0.3142857142857143,0.10476190476190476,0.3142857142857143,0.24444444444444446,0.09877047102288282,208
165,0.04399315516153971,0.0027802225282723514,0.011855840682983398,0.00020499404496229735,10.0,rbf,15,MinMaxScaler(),4,0.01,,,"{'Classifier__SVC__C': 10, 'Classifier__SVC__gamma': 0.01, 'Classifier__SVC__kernel': 'rbf', 'PCA__n_components': 15, 'Scaler': MinMaxScaler(), 'Selector__max_features': 4}",0.22857142857142856,0.08571428571428572,0.19047619047619047,0.16825396825396824,0.06040094473155697,656
166,0.04592649141947428,0.0037514311500950514,0.013233264287312826,0.000952543548590613,10.0,rbf,15,MinMaxScaler(),8,0.01,,,"{'Classifier__SVC__C': 10, 'Classifier__SVC__gamma': 0.01, 'Classifier__SVC__kernel': 'rbf', 'PCA__n_components': 15, 'Scaler': MinMaxScaler(), 'Selector__max_features': 8}",0.14285714285714285,0.08571428571428572,0.23809523809523808,0.15555555555555556,0.06285393610547088,698
167,0.04105782508850098,0.003207784577352736,0.011998176574707031,0.0007630196171607009,10.0,rbf,15,MinMaxScaler(),12,0.01,,,"{'Classifier__SVC__C': 10, 'Classifier__SVC__gamma': 0.01, 'Classifier__SVC__kernel': 'rbf', 'PCA__n_components': 15, 'Scaler': MinMaxScaler(), 'Selector__max_features': 12}",0.14285714285714285,0.08571428571428572,0.23809523809523808,0.15555555555555556,0.06285393610547088,698
168,0.04189840952555338,0.005210796818049669,0.01250131924947103,0.00041965301734602027,10.0,rbf,15,MinMaxScaler(),4,0.1,,,"{'Classifier__SVC__C': 10, 'Classifier__SVC__gamma': 0.1, 'Classifier__SVC__kernel': 'rbf', 'PCA__n_components': 15, 'Scaler': MinMaxScaler(), 'Selector__max_features': 4}",0.17142857142857143,0.09523809523809523,0.18095238095238095,0.1492063492063492,0.03835887610664944,712
169,0.036621411641438804,0.0030551897642789433,0.012105862299601236,0.0005374755200838922,10.0,rbf,15,MinMaxScaler(),8,0.1,,,"{'Classifier__SVC__C': 10, 'Classifier__SVC__gamma': 0.1, 'Classifier__SVC__kernel': 'rbf', 'PCA__n_components': 15, 'Scaler': MinMaxScaler(), 'Selector__max_features': 8}",0.19047619047619047,0.14285714285714285,0.2571428571428571,0.1968253968253968,0.046872454159471104,437
170,0.04055349032084147,0.003817045568498334,0.011778593063354492,0.00031199079089856056,10.0,rbf,15,MinMaxScaler(),12,0.1,,,"{'Classifier__SVC__C': 10, 'Classifier__SVC__gamma': 0.1, 'Classifier__SVC__kernel': 'rbf', 'PCA__n_components': 15, 'Scaler': MinMaxScaler(), 'Selector__max_features': 12}",0.19047619047619047,0.14285714285714285,0.2571428571428571,0.1968253968253968,0.046872454159471104,437
171,0.03644919395446777,0.0018565851267007354,0.011528094609578451,0.0003927196373411856,100.0,rbf,15,MinMaxScaler(),4,0.001,,,"{'Classifier__SVC__C': 100, 'Classifier__SVC__gamma': 0.001, 'Classifier__SVC__kernel': 'rbf', 'PCA__n_components': 15, 'Scaler': MinMaxScaler(), 'Selector__max_features': 4}",0.1619047619047619,0.10476190476190476,0.1523809523809524,0.13968253968253969,0.02499685039368829,723
172,0.03714291254679362,0.002628114693731486,0.011518398920694986,0.00037030247432116094,100.0,rbf,15,MinMaxScaler(),8,0.001,,,"{'Classifier__SVC__C': 100, 'Classifier__SVC__gamma': 0.001, 'Classifier__SVC__kernel': 'rbf', 'PCA__n_components': 15, 'Scaler': MinMaxScaler(), 'Selector__max_features': 8}",0.14285714285714285,0.10476190476190476,0.1619047619047619,0.1365079365079365,0.023756554836659945,727
173,0.06962903340657552,0.02517273970696681,0.015764395395914715,0.00415822387487478,100.0,rbf,15,MinMaxScaler(),12,0.001,,,"{'Classifier__SVC__C': 100, 'Classifier__SVC__gamma': 0.001, 'Classifier__SVC__kernel': 'rbf', 'PCA__n_components': 15, 'Scaler': MinMaxScaler(), 'Selector__max_features': 12}",0.14285714285714285,0.10476190476190476,0.1619047619047619,0.1365079365079365,0.023756554836659945,727
174,0.04168804486592611,0.010774620998563775,0.012587865193684896,1.721720399552973e-05,100.0,rbf,15,MinMaxScaler(),4,0.01,,,"{'Classifier__SVC__C': 100, 'Classifier__SVC__gamma': 0.01, 'Classifier__SVC__kernel': 'rbf', 'PCA__n_components': 15, 'Scaler': MinMaxScaler(), 'Selector__max_features': 4}",0.18095238095238095,0.14285714285714285,0.21904761904761905,0.18095238095238095,0.031104631654389567,507
175,0.0485081672668457,0.008393084456834572,0.014937480290730795,0.002660719484600334,100.0,rbf,15,MinMaxScaler(),8,0.01,,,"{'Classifier__SVC__C': 100, 'Classifier__SVC__gamma': 0.01, 'Classifier__SVC__kernel': 'rbf', 'PCA__n_components': 15, 'Scaler': MinMaxScaler(), 'Selector__max_features': 8}",0.18095238095238095,0.1523809523809524,0.26666666666666666,0.20000000000000004,0.048562090605645564,408
176,0.04209264119466146,0.01225906624513745,0.013924201329549154,0.002489534215493231,100.0,rbf,15,MinMaxScaler(),12,0.01,,,"{'Classifier__SVC__C': 100, 'Classifier__SVC__gamma': 0.01, 'Classifier__SVC__kernel': 'rbf', 'PCA__n_components': 15, 'Scaler': MinMaxScaler(), 'Selector__max_features': 12}",0.18095238095238095,0.1523809523809524,0.26666666666666666,0.20000000000000004,0.048562090605645564,408
177,0.04355597496032715,0.0068564333261153364,0.013258934020996094,0.0010344924909748805,100.0,rbf,15,MinMaxScaler(),4,0.1,,,"{'Classifier__SVC__C': 100, 'Classifier__SVC__gamma': 0.1, 'Classifier__SVC__kernel': 'rbf', 'PCA__n_components': 15, 'Scaler': MinMaxScaler(), 'Selector__max_features': 4}",0.18095238095238095,0.11428571428571428,0.2761904761904762,0.19047619047619047,0.06643952233795668,457
178,0.04134527842203776,0.0070669798893953995,0.011725187301635742,0.001316371410531065,100.0,rbf,15,MinMaxScaler(),8,0.1,,,"{'Classifier__SVC__C': 100, 'Classifier__SVC__gamma': 0.1, 'Classifier__SVC__kernel': 'rbf', 'PCA__n_components': 15, 'Scaler': MinMaxScaler(), 'Selector__max_features': 8}",0.23809523809523808,0.18095238095238095,0.37142857142857144,0.2634920634920635,0.07980828628556531,101
179,0.038531223932902016,0.0012399108265910672,0.011721928914388021,0.0004743309252732009,100.0,rbf,15,MinMaxScaler(),12,0.1,,,"{'Classifier__SVC__C': 100, 'Classifier__SVC__gamma': 0.1, 'Classifier__SVC__kernel': 'rbf', 'PCA__n_components': 15, 'Scaler': MinMaxScaler(), 'Selector__max_features': 12}",0.23809523809523808,0.18095238095238095,0.37142857142857144,0.2634920634920635,0.07980828628556531,101
180,0.041066249211629234,0.006525057308941727,0.01844477653503418,0.007971423284037925,1000.0,rbf,15,MinMaxScaler(),4,0.001,,,"{'Classifier__SVC__C': 1000, 'Classifier__SVC__gamma': 0.001, 'Classifier__SVC__kernel': 'rbf', 'PCA__n_components': 15, 'Scaler': MinMaxScaler(), 'Selector__max_features': 4}",0.18095238095238095,0.1523809523809524,0.21904761904761905,0.18412698412698414,0.02730896910172262,494
181,0.04176433881123861,0.005055580892633818,0.012916962305704752,0.0006639247365881553,1000.0,rbf,15,MinMaxScaler(),8,0.001,,,"{'Classifier__SVC__C': 1000, 'Classifier__SVC__gamma': 0.001, 'Classifier__SVC__kernel': 'rbf', 'PCA__n_components': 15, 'Scaler': MinMaxScaler(), 'Selector__max_features': 8}",0.18095238095238095,0.1523809523809524,0.26666666666666666,0.20000000000000004,0.048562090605645564,408
182,0.04465794563293457,0.009466365559224551,0.014782349268595377,0.0014683427194346914,1000.0,rbf,15,MinMaxScaler(),12,0.001,,,"{'Classifier__SVC__C': 1000, 'Classifier__SVC__gamma': 0.001, 'Classifier__SVC__kernel': 'rbf', 'PCA__n_components': 15, 'Scaler': MinMaxScaler(), 'Selector__max_features': 12}",0.18095238095238095,0.1523809523809524,0.26666666666666666,0.20000000000000004,0.048562090605645564,408
183,0.06271036465962727,0.014434267602616825,0.013470808664957682,0.0018516472876780625,1000.0,rbf,15,MinMaxScaler(),4,0.01,,,"{'Classifier__SVC__C': 1000, 'Classifier__SVC__gamma': 0.01, 'Classifier__SVC__kernel': 'rbf', 'PCA__n_components': 15, 'Scaler': MinMaxScaler(), 'Selector__max_features': 4}",0.1619047619047619,0.14285714285714285,0.23809523809523808,0.18095238095238098,0.04114755998989117,502
184,0.049965620040893555,0.004651798564565668,0.013684749603271484,0.002133154543845829,1000.0,rbf,15,MinMaxScaler(),8,0.01,,,"{'Classifier__SVC__C': 1000, 'Classifier__SVC__gamma': 0.01, 'Classifier__SVC__kernel': 'rbf', 'PCA__n_components': 15, 'Scaler': MinMaxScaler(), 'Selector__max_features': 8}",0.20952380952380953,0.20952380952380953,0.3142857142857143,0.24444444444444446,0.04938523551144141,208
185,0.04929780960083008,0.005318573233132476,0.012667576471964518,0.0008341888773100914,1000.0,rbf,15,MinMaxScaler(),12,0.01,,,"{'Classifier__SVC__C': 1000, 'Classifier__SVC__gamma': 0.01, 'Classifier__SVC__kernel': 'rbf', 'PCA__n_components': 15, 'Scaler': MinMaxScaler(), 'Selector__max_features': 12}",0.20952380952380953,0.20952380952380953,0.3142857142857143,0.24444444444444446,0.04938523551144141,208
186,0.0526729424794515,0.005023760065572842,0.012387275695800781,0.0012042316548167202,1000.0,rbf,15,MinMaxScaler(),4,0.1,,,"{'Classifier__SVC__C': 1000, 'Classifier__SVC__gamma': 0.1, 'Classifier__SVC__kernel': 'rbf', 'PCA__n_components': 15, 'Scaler': MinMaxScaler(), 'Selector__max_features': 4}",0.2,0.1619047619047619,0.3047619047619048,0.22222222222222224,0.06040094473155699,271
187,0.055199782053629555,0.001231199518833221,0.0120542844136556,0.0014975185820164912,1000.0,rbf,15,MinMaxScaler(),8,0.1,,,"{'Classifier__SVC__C': 1000, 'Classifier__SVC__gamma': 0.1, 'Classifier__SVC__kernel': 'rbf', 'PCA__n_components': 15, 'Scaler': MinMaxScaler(), 'Selector__max_features': 8}",0.19047619047619047,0.12380952380952381,0.3904761904761905,0.2349206349206349,0.11331154474650633,260
188,0.05327049891153971,0.00031813570413164995,0.012415011723836264,0.0012638785486460613,1000.0,rbf,15,MinMaxScaler(),12,0.1,,,"{'Classifier__SVC__C': 1000, 'Classifier__SVC__gamma': 0.1, 'Classifier__SVC__kernel': 'rbf', 'PCA__n_components': 15, 'Scaler': MinMaxScaler(), 'Selector__max_features': 12}",0.19047619047619047,0.12380952380952381,0.3904761904761905,0.2349206349206349,0.11331154474650633,260
189,0.04525152842203776,0.00687491214107891,0.012456178665161133,0.0004128421767295984,10.0,rbf,10,MinMaxScaler(),4,0.001,,,"{'Classifier__SVC__C': 10, 'Classifier__SVC__gamma': 0.001, 'Classifier__SVC__kernel': 'rbf', 'PCA__n_components': 10, 'Scaler': MinMaxScaler(), 'Selector__max_features': 4}",0.3142857142857143,0.10476190476190476,0.3142857142857143,0.24444444444444446,0.09877047102288282,208
190,0.04277650515238444,0.003857143565406221,0.012521187464396158,7.452003555048844e-05,10.0,rbf,10,MinMaxScaler(),8,0.001,,,"{'Classifier__SVC__C': 10, 'Classifier__SVC__gamma': 0.001, 'Classifier__SVC__kernel': 'rbf', 'PCA__n_components': 10, 'Scaler': MinMaxScaler(), 'Selector__max_features': 8}",0.3142857142857143,0.10476190476190476,0.3142857142857143,0.24444444444444446,0.09877047102288282,208
191,0.044911861419677734,0.0042604968074664035,0.012636184692382812,0.0010293946280300757,10.0,rbf,10,MinMaxScaler(),4,0.01,,,"{'Classifier__SVC__C': 10, 'Classifier__SVC__gamma': 0.01, 'Classifier__SVC__kernel': 'rbf', 'PCA__n_components': 10, 'Scaler': MinMaxScaler(), 'Selector__max_features': 4}",0.12380952380952381,0.11428571428571428,0.23809523809523808,0.15873015873015872,0.05625411157672809,696
192,0.04738084475199381,0.00523822714378492,0.012214263280232748,0.0006245136198283453,10.0,rbf,10,MinMaxScaler(),8,0.01,,,"{'Classifier__SVC__C': 10, 'Classifier__SVC__gamma': 0.01, 'Classifier__SVC__kernel': 'rbf', 'PCA__n_components': 10, 'Scaler': MinMaxScaler(), 'Selector__max_features': 8}",0.12380952380952381,0.10476190476190476,0.2571428571428571,0.1619047619047619,0.06779097302877021,666
193,0.03758629163106283,0.0011349818288704443,0.012705246607462565,0.0006546450709226713,10.0,rbf,10,MinMaxScaler(),4,0.1,,,"{'Classifier__SVC__C': 10, 'Classifier__SVC__gamma': 0.1, 'Classifier__SVC__kernel': 'rbf', 'PCA__n_components': 10, 'Scaler': MinMaxScaler(), 'Selector__max_features': 4}",0.14285714285714285,0.1619047619047619,0.2,0.16825396825396824,0.023756554836659952,656
194,0.035766283671061196,0.0011674836670362255,0.012083689371744791,0.0003073679606422265,10.0,rbf,10,MinMaxScaler(),8,0.1,,,"{'Classifier__SVC__C': 10, 'Classifier__SVC__gamma': 0.1, 'Classifier__SVC__kernel': 'rbf', 'PCA__n_components': 10, 'Scaler': MinMaxScaler(), 'Selector__max_features': 8}",0.14285714285714285,0.13333333333333333,0.26666666666666666,0.18095238095238098,0.06073373482447299,502
195,0.04084006945292155,0.006705874081568342,0.012644767761230469,0.0006554816923069364,100.0,rbf,10,MinMaxScaler(),4,0.001,,,"{'Classifier__SVC__C': 100, 'Classifier__SVC__gamma': 0.001, 'Classifier__SVC__kernel': 'rbf', 'PCA__n_components': 10, 'Scaler': MinMaxScaler(), 'Selector__max_features': 4}",0.12380952380952381,0.12380952380952381,0.24761904761904763,0.16507936507936508,0.0583643692407944,661
196,0.04098200798034668,0.00731042153627617,0.019605318705240887,0.008941580614973242,100.0,rbf,10,MinMaxScaler(),8,0.001,,,"{'Classifier__SVC__C': 100, 'Classifier__SVC__gamma': 0.001, 'Classifier__SVC__kernel': 'rbf', 'PCA__n_components': 10, 'Scaler': MinMaxScaler(), 'Selector__max_features': 8}",0.12380952380952381,0.10476190476190476,0.26666666666666666,0.16507936507936508,0.07225274080470503,661
197,0.04001100858052572,0.003980937075826254,0.014259258906046549,0.0014519380271373209,100.0,rbf,10,MinMaxScaler(),4,0.01,,,"{'Classifier__SVC__C': 100, 'Classifier__SVC__gamma': 0.01, 'Classifier__SVC__kernel': 'rbf', 'PCA__n_components': 10, 'Scaler': MinMaxScaler(), 'Selector__max_features': 4}",0.14285714285714285,0.1523809523809524,0.23809523809523808,0.17777777777777778,0.04282773829597473,512
198,0.04083108901977539,0.0049111017450977285,0.016904830932617188,0.0058281081417711185,100.0,rbf,10,MinMaxScaler(),8,0.01,,,"{'Classifier__SVC__C': 100, 'Classifier__SVC__gamma': 0.01, 'Classifier__SVC__kernel': 'rbf', 'PCA__n_components': 10, 'Scaler': MinMaxScaler(), 'Selector__max_features': 8}",0.14285714285714285,0.1619047619047619,0.2857142857142857,0.19682539682539682,0.06333313442304762,433
199,0.04672670364379883,0.010280992982029077,0.012895663579305014,0.0034174933063240535,100.0,rbf,10,MinMaxScaler(),4,0.1,,,"{'Classifier__SVC__C': 100, 'Classifier__SVC__gamma': 0.1, 'Classifier__SVC__kernel': 'rbf', 'PCA__n_components': 10, 'Scaler': MinMaxScaler(), 'Selector__max_features': 4}",0.21904761904761905,0.13333333333333333,0.2571428571428571,0.20317460317460315,0.05177621088984155,406
200,0.04083093007405599,0.002964410761783403,0.011382579803466797,0.0006273937984711225,100.0,rbf,10,MinMaxScaler(),8,0.1,,,"{'Classifier__SVC__C': 100, 'Classifier__SVC__gamma': 0.1, 'Classifier__SVC__kernel': 'rbf', 'PCA__n_components': 10, 'Scaler': MinMaxScaler(), 'Selector__max_features': 8}",0.21904761904761905,0.18095238095238095,0.3333333333333333,0.24444444444444446,0.06474945414086075,208
201,0.044548590977986656,0.004181728594408078,0.015742381413777668,0.00022939124749529258,1000.0,rbf,10,MinMaxScaler(),4,0.001,,,"{'Classifier__SVC__C': 1000, 'Classifier__SVC__gamma': 0.001, 'Classifier__SVC__kernel': 'rbf', 'PCA__n_components': 10, 'Scaler': MinMaxScaler(), 'Selector__max_features': 4}",0.14285714285714285,0.14285714285714285,0.24761904761904763,0.17777777777777778,0.04938523551144142,512
202,0.03896935780843099,0.0027049830813833937,0.012378533681233725,0.0011919425604652045,1000.0,rbf,10,MinMaxScaler(),8,0.001,,,"{'Classifier__SVC__C': 1000, 'Classifier__SVC__gamma': 0.001, 'Classifier__SVC__kernel': 'rbf', 'PCA__n_components': 10, 'Scaler': MinMaxScaler(), 'Selector__max_features': 8}",0.14285714285714285,0.17142857142857143,0.2857142857142857,0.19999999999999998,0.06172133998483676,416
203,0.049057404200236,0.008073631411551815,0.014142354329427084,0.0017364902081502152,1000.0,rbf,10,MinMaxScaler(),4,0.01,,,"{'Classifier__SVC__C': 1000, 'Classifier__SVC__gamma': 0.01, 'Classifier__SVC__kernel': 'rbf', 'PCA__n_components': 10, 'Scaler': MinMaxScaler(), 'Selector__max_features': 4}",0.12380952380952381,0.1523809523809524,0.2857142857142857,0.1873015873015873,0.0705590818123583,483
204,0.042481025060017906,0.0033520434124416306,0.014411052068074545,0.0013096223002530274,1000.0,rbf,10,MinMaxScaler(),8,0.01,,,"{'Classifier__SVC__C': 1000, 'Classifier__SVC__gamma': 0.01, 'Classifier__SVC__kernel': 'rbf', 'PCA__n_components': 10, 'Scaler': MinMaxScaler(), 'Selector__max_features': 8}",0.12380952380952381,0.13333333333333333,0.3047619047619048,0.1873015873015873,0.08314794192830982,483
205,0.058260838190714516,0.004964017164919526,0.01045687993367513,0.0007088951198454605,1000.0,rbf,10,MinMaxScaler(),4,0.1,,,"{'Classifier__SVC__C': 1000, 'Classifier__SVC__gamma': 0.1, 'Classifier__SVC__kernel': 'rbf', 'PCA__n_components': 10, 'Scaler': MinMaxScaler(), 'Selector__max_features': 4}",0.24761904761904763,0.13333333333333333,0.21904761904761905,0.19999999999999998,0.04856209060564557,416
206,0.0514217217763265,0.0014964576103424728,0.011056900024414062,0.0008198791908775937,1000.0,rbf,10,MinMaxScaler(),8,0.1,,,"{'Classifier__SVC__C': 1000, 'Classifier__SVC__gamma': 0.1, 'Classifier__SVC__kernel': 'rbf', 'PCA__n_components': 10, 'Scaler': MinMaxScaler(), 'Selector__max_features': 8}",0.24761904761904763,0.14285714285714285,0.34285714285714286,0.24444444444444446,0.08168051003345148,208
207,0.0434258778889974,0.005192740047915972,0.011467774709065756,0.0006424435465605405,0.001,poly,30,MinMaxScaler(),4,0.001,2.0,3.0,"{'Classifier__SVC__C': 0.001, 'Classifier__SVC__coef0': 2, 'Classifier__SVC__degree': 3, 'Classifier__SVC__gamma': 0.001, 'Classifier__SVC__kernel': 'poly', 'PCA__n_components': 30, 'Scaler': MinMaxScaler(), 'Selector__max_features': 4}",0.20952380952380953,0.2857142857142857,0.0761904761904762,0.19047619047619047,0.08659162982213241,457
208,0.03924226760864258,0.002861400546216783,0.011069456736246744,0.0014647286926499693,0.001,poly,30,MinMaxScaler(),8,0.001,2.0,3.0,"{'Classifier__SVC__C': 0.001, 'Classifier__SVC__coef0': 2, 'Classifier__SVC__degree': 3, 'Classifier__SVC__gamma': 0.001, 'Classifier__SVC__kernel': 'poly', 'PCA__n_components': 30, 'Scaler': MinMaxScaler(), 'Selector__max_features': 8}",0.17142857142857143,0.2761904761904762,0.0761904761904762,0.17460317460317462,0.08168051003345148,518
209,0.04005106290181478,0.001251450019664113,0.010391950607299805,0.0012461092649969237,0.001,poly,30,MinMaxScaler(),12,0.001,2.0,3.0,"{'Classifier__SVC__C': 0.001, 'Classifier__SVC__coef0': 2, 'Classifier__SVC__degree': 3, 'Classifier__SVC__gamma': 0.001, 'Classifier__SVC__kernel': 'poly', 'PCA__n_components': 30, 'Scaler': MinMaxScaler(), 'Selector__max_features': 12}",0.2571428571428571,0.26666666666666666,0.0761904761904762,0.19999999999999996,0.08763284915455402,422
210,0.04054713249206543,0.0031850067509170163,0.01013477643330892,0.0018689280298042935,0.001,poly,30,MinMaxScaler(),16,0.001,2.0,3.0,"{'Classifier__SVC__C': 0.001, 'Classifier__SVC__coef0': 2, 'Classifier__SVC__degree': 3, 'Classifier__SVC__gamma': 0.001, 'Classifier__SVC__kernel': 'poly', 'PCA__n_components': 30, 'Scaler': MinMaxScaler(), 'Selector__max_features': 16}",0.2761904761904762,0.3047619047619048,0.0761904761904762,0.21904761904761907,0.10168645954315536,277
211,0.042887210845947266,0.002402126545799686,0.010798931121826172,0.00021341495014331286,0.001,poly,30,MinMaxScaler(),20,0.001,2.0,3.0,"{'Classifier__SVC__C': 0.001, 'Classifier__SVC__coef0': 2, 'Classifier__SVC__degree': 3, 'Classifier__SVC__gamma': 0.001, 'Classifier__SVC__kernel': 'poly', 'PCA__n_components': 30, 'Scaler': MinMaxScaler(), 'Selector__max_features': 20}",0.2761904761904762,0.3047619047619048,0.0761904761904762,0.21904761904761907,0.10168645954315536,277
212,0.04002984364827474,0.00500958508612051,0.009626468022664389,0.00042040239876063546,0.001,poly,40,MinMaxScaler(),4,0.001,2.0,3.0,"{'Classifier__SVC__C': 0.001, 'Classifier__SVC__coef0': 2, 'Classifier__SVC__degree': 3, 'Classifier__SVC__gamma': 0.001, 'Classifier__SVC__kernel': 'poly', 'PCA__n_components': 40, 'Scaler': MinMaxScaler(), 'Selector__max_features': 4}",0.22857142857142856,0.2761904761904762,0.0761904761904762,0.19365079365079363,0.08530177042885335,441
213,0.04514233271280924,0.009989518383437335,0.009787718454996744,0.0009374382722790116,0.001,poly,40,MinMaxScaler(),8,0.001,2.0,3.0,"{'Classifier__SVC__C': 0.001, 'Classifier__SVC__coef0': 2, 'Classifier__SVC__degree': 3, 'Classifier__SVC__gamma': 0.001, 'Classifier__SVC__kernel': 'poly', 'PCA__n_components': 40, 'Scaler': MinMaxScaler(), 'Selector__max_features': 8}",0.17142857142857143,0.2761904761904762,0.0761904761904762,0.17460317460317462,0.08168051003345148,518
214,0.0400540828704834,0.0012517166287616685,0.010110219319661459,0.00032074724359492654,0.001,poly,40,MinMaxScaler(),12,0.001,2.0,3.0,"{'Classifier__SVC__C': 0.001, 'Classifier__SVC__coef0': 2, 'Classifier__SVC__degree': 3, 'Classifier__SVC__gamma': 0.001, 'Classifier__SVC__kernel': 'poly', 'PCA__n_components': 40, 'Scaler': MinMaxScaler(), 'Selector__max_features': 12}",0.17142857142857143,0.23809523809523808,0.0761904761904762,0.1619047619047619,0.06643952233795666,666
215,0.040669759114583336,0.001372849295323316,0.009386380513509115,0.0008701834892353367,0.001,poly,40,MinMaxScaler(),16,0.001,2.0,3.0,"{'Classifier__SVC__C': 0.001, 'Classifier__SVC__coef0': 2, 'Classifier__SVC__degree': 3, 'Classifier__SVC__gamma': 0.001, 'Classifier__SVC__kernel': 'poly', 'PCA__n_components': 40, 'Scaler': MinMaxScaler(), 'Selector__max_features': 16}",0.2761904761904762,0.2571428571428571,0.0761904761904762,0.2031746031746032,0.09012742581954533,389
216,0.04720989863077799,0.007246488729883965,0.009561379750569662,0.0014844901032767441,0.001,poly,40,MinMaxScaler(),20,0.001,2.0,3.0,"{'Classifier__SVC__C': 0.001, 'Classifier__SVC__coef0': 2, 'Classifier__SVC__degree': 3, 'Classifier__SVC__gamma': 0.001, 'Classifier__SVC__kernel': 'poly', 'PCA__n_components': 40, 'Scaler': MinMaxScaler(), 'Selector__max_features': 20}",0.26666666666666666,0.3142857142857143,0.0761904761904762,0.21904761904761902,0.10286889997472794,307
217,0.03214414914449056,0.0021511266352666368,0.009143670399983725,0.0017602462299364705,0.001,poly,30,MinMaxScaler(),4,0.01,2.0,3.0,"{'Classifier__SVC__C': 0.001, 'Classifier__SVC__coef0': 2, 'Classifier__SVC__degree': 3, 'Classifier__SVC__gamma': 0.01, 'Classifier__SVC__kernel': 'poly', 'PCA__n_components': 30, 'Scaler': MinMaxScaler(), 'Selector__max_features': 4}",0.20952380952380953,0.2857142857142857,0.0761904761904762,0.19047619047619047,0.08659162982213241,457
218,0.032145182291666664,0.001209794922757636,0.009049018224080404,0.00041863452654592386,0.001,poly,30,MinMaxScaler(),8,0.01,2.0,3.0,"{'Classifier__SVC__C': 0.001, 'Classifier__SVC__coef0': 2, 'Classifier__SVC__degree': 3, 'Classifier__SVC__gamma': 0.01, 'Classifier__SVC__kernel': 'poly', 'PCA__n_components': 30, 'Scaler': MinMaxScaler(), 'Selector__max_features': 8}",0.17142857142857143,0.2761904761904762,0.0761904761904762,0.17460317460317462,0.08168051003345148,518
219,0.034104108810424805,0.002866865596478509,0.012419939041137695,0.002076035003836244,0.001,poly,30,MinMaxScaler(),12,0.01,2.0,3.0,"{'Classifier__SVC__C': 0.001, 'Classifier__SVC__coef0': 2, 'Classifier__SVC__degree': 3, 'Classifier__SVC__gamma': 0.01, 'Classifier__SVC__kernel': 'poly', 'PCA__n_components': 30, 'Scaler': MinMaxScaler(), 'Selector__max_features': 12}",0.2571428571428571,0.26666666666666666,0.0761904761904762,0.19999999999999996,0.08763284915455402,422
220,0.044147094090779625,0.017637975135043553,0.010727643966674805,0.0014496798677704923,0.001,poly,30,MinMaxScaler(),16,0.01,2.0,3.0,"{'Classifier__SVC__C': 0.001, 'Classifier__SVC__coef0': 2, 'Classifier__SVC__degree': 3, 'Classifier__SVC__gamma': 0.01, 'Classifier__SVC__kernel': 'poly', 'PCA__n_components': 30, 'Scaler': MinMaxScaler(), 'Selector__max_features': 16}",0.2761904761904762,0.3047619047619048,0.0761904761904762,0.21904761904761907,0.10168645954315536,277
221,0.038128932317097984,0.006154873309958023,0.009377241134643555,0.00023903457220660328,0.001,poly,30,MinMaxScaler(),20,0.01,2.0,3.0,"{'Classifier__SVC__C': 0.001, 'Classifier__SVC__coef0': 2, 'Classifier__SVC__degree': 3, 'Classifier__SVC__gamma': 0.01, 'Classifier__SVC__kernel': 'poly', 'PCA__n_components': 30, 'Scaler': MinMaxScaler(), 'Selector__max_features': 20}",0.2761904761904762,0.3047619047619048,0.0761904761904762,0.21904761904761907,0.10168645954315536,277
222,0.039810895919799805,0.011480622559670776,0.010545174280802408,0.0004118118260729924,0.001,poly,40,MinMaxScaler(),4,0.01,2.0,3.0,"{'Classifier__SVC__C': 0.001, 'Classifier__SVC__coef0': 2, 'Classifier__SVC__degree': 3, 'Classifier__SVC__gamma': 0.01, 'Classifier__SVC__kernel': 'poly', 'PCA__n_components': 40, 'Scaler': MinMaxScaler(), 'Selector__max_features': 4}",0.22857142857142856,0.2761904761904762,0.0761904761904762,0.19365079365079363,0.08530177042885335,441
223,0.039782444636027016,0.005919902868820321,0.012224356333414713,0.0016603048551922135,0.001,poly,40,MinMaxScaler(),8,0.01,2.0,3.0,"{'Classifier__SVC__C': 0.001, 'Classifier__SVC__coef0': 2, 'Classifier__SVC__degree': 3, 'Classifier__SVC__gamma': 0.01, 'Classifier__SVC__kernel': 'poly', 'PCA__n_components': 40, 'Scaler': MinMaxScaler(), 'Selector__max_features': 8}",0.17142857142857143,0.2761904761904762,0.0761904761904762,0.17460317460317462,0.08168051003345148,518
224,0.03623652458190918,0.006197612696470971,0.010596354802449545,0.0017851952192864619,0.001,poly,40,MinMaxScaler(),12,0.01,2.0,3.0,"{'Classifier__SVC__C': 0.001, 'Classifier__SVC__coef0': 2, 'Classifier__SVC__degree': 3, 'Classifier__SVC__gamma': 0.01, 'Classifier__SVC__kernel': 'poly', 'PCA__n_components': 40, 'Scaler': MinMaxScaler(), 'Selector__max_features': 12}",0.17142857142857143,0.23809523809523808,0.0761904761904762,0.1619047619047619,0.06643952233795666,666
225,0.04213555653889974,0.0072570506618837285,0.010378360748291016,0.0015355878638601858,0.001,poly,40,MinMaxScaler(),16,0.01,2.0,3.0,"{'Classifier__SVC__C': 0.001, 'Classifier__SVC__coef0': 2, 'Classifier__SVC__degree': 3, 'Classifier__SVC__gamma': 0.01, 'Classifier__SVC__kernel': 'poly', 'PCA__n_components': 40, 'Scaler': MinMaxScaler(), 'Selector__max_features': 16}",0.2761904761904762,0.2571428571428571,0.0761904761904762,0.2031746031746032,0.09012742581954533,389
226,0.03577653566996256,0.004714036014857972,0.01124111811319987,0.0008475184214715887,0.001,poly,40,MinMaxScaler(),20,0.01,2.0,3.0,"{'Classifier__SVC__C': 0.001, 'Classifier__SVC__coef0': 2, 'Classifier__SVC__degree': 3, 'Classifier__SVC__gamma': 0.01, 'Classifier__SVC__kernel': 'poly', 'PCA__n_components': 40, 'Scaler': MinMaxScaler(), 'Selector__max_features': 20}",0.26666666666666666,0.3142857142857143,0.0761904761904762,0.21904761904761902,0.10286889997472794,307
227,0.03792381286621094,0.0036637626736857887,0.009903430938720703,0.0008489468610219863,0.001,poly,30,MinMaxScaler(),4,0.001,2.0,5.0,"{'Classifier__SVC__C': 0.001, 'Classifier__SVC__coef0': 2, 'Classifier__SVC__degree': 5, 'Classifier__SVC__gamma': 0.001, 'Classifier__SVC__kernel': 'poly', 'PCA__n_components': 30, 'Scaler': MinMaxScaler(), 'Selector__max_features': 4}",0.20952380952380953,0.2857142857142857,0.0761904761904762,0.19047619047619047,0.08659162982213241,457
228,0.03624860445658366,0.005074121661614911,0.011246999104817709,0.0005037170658495649,0.001,poly,30,MinMaxScaler(),8,0.001,2.0,5.0,"{'Classifier__SVC__C': 0.001, 'Classifier__SVC__coef0': 2, 'Classifier__SVC__degree': 5, 'Classifier__SVC__gamma': 0.001, 'Classifier__SVC__kernel': 'poly', 'PCA__n_components': 30, 'Scaler': MinMaxScaler(), 'Selector__max_features': 8}",0.17142857142857143,0.2761904761904762,0.0761904761904762,0.17460317460317462,0.08168051003345148,518
229,0.03956707318623861,0.005796499968638099,0.011001666386922201,0.0013426954346169233,0.001,poly,30,MinMaxScaler(),12,0.001,2.0,5.0,"{'Classifier__SVC__C': 0.001, 'Classifier__SVC__coef0': 2, 'Classifier__SVC__degree': 5, 'Classifier__SVC__gamma': 0.001, 'Classifier__SVC__kernel': 'poly', 'PCA__n_components': 30, 'Scaler': MinMaxScaler(), 'Selector__max_features': 12}",0.2571428571428571,0.26666666666666666,0.0761904761904762,0.19999999999999996,0.08763284915455402,422
230,0.041138251622517906,0.0059056507285646,0.009717543919881185,0.0005156592199463838,0.001,poly,30,MinMaxScaler(),16,0.001,2.0,5.0,"{'Classifier__SVC__C': 0.001, 'Classifier__SVC__coef0': 2, 'Classifier__SVC__degree': 5, 'Classifier__SVC__gamma': 0.001, 'Classifier__SVC__kernel': 'poly', 'PCA__n_components': 30, 'Scaler': MinMaxScaler(), 'Selector__max_features': 16}",0.2761904761904762,0.3047619047619048,0.0761904761904762,0.21904761904761907,0.10168645954315536,277
231,0.04294212659200033,0.0024385054773467477,0.009212970733642578,0.0004226582914838775,0.001,poly,30,MinMaxScaler(),20,0.001,2.0,5.0,"{'Classifier__SVC__C': 0.001, 'Classifier__SVC__coef0': 2, 'Classifier__SVC__degree': 5, 'Classifier__SVC__gamma': 0.001, 'Classifier__SVC__kernel': 'poly', 'PCA__n_components': 30, 'Scaler': MinMaxScaler(), 'Selector__max_features': 20}",0.2761904761904762,0.3047619047619048,0.0761904761904762,0.21904761904761907,0.10168645954315536,277
232,0.04089498519897461,0.0025590226566299668,0.008967717488606771,0.00012364056396398839,0.001,poly,40,MinMaxScaler(),4,0.001,2.0,5.0,"{'Classifier__SVC__C': 0.001, 'Classifier__SVC__coef0': 2, 'Classifier__SVC__degree': 5, 'Classifier__SVC__gamma': 0.001, 'Classifier__SVC__kernel': 'poly', 'PCA__n_components': 40, 'Scaler': MinMaxScaler(), 'Selector__max_features': 4}",0.22857142857142856,0.2761904761904762,0.0761904761904762,0.19365079365079363,0.08530177042885335,441
233,0.044372876485188804,0.008982906555840319,0.00946966807047526,0.000310392625876552,0.001,poly,40,MinMaxScaler(),8,0.001,2.0,5.0,"{'Classifier__SVC__C': 0.001, 'Classifier__SVC__coef0': 2, 'Classifier__SVC__degree': 5, 'Classifier__SVC__gamma': 0.001, 'Classifier__SVC__kernel': 'poly', 'PCA__n_components': 40, 'Scaler': MinMaxScaler(), 'Selector__max_features': 8}",0.17142857142857143,0.2761904761904762,0.0761904761904762,0.17460317460317462,0.08168051003345148,518
234,0.03956214586893717,0.0017546400746260708,0.00995635986328125,0.00011757992806422112,0.001,poly,40,MinMaxScaler(),12,0.001,2.0,5.0,"{'Classifier__SVC__C': 0.001, 'Classifier__SVC__coef0': 2, 'Classifier__SVC__degree': 5, 'Classifier__SVC__gamma': 0.001, 'Classifier__SVC__kernel': 'poly', 'PCA__n_components': 40, 'Scaler': MinMaxScaler(), 'Selector__max_features': 12}",0.17142857142857143,0.23809523809523808,0.0761904761904762,0.1619047619047619,0.06643952233795666,666
235,0.042110443115234375,0.00027755226952291183,0.009700616200764975,0.0002346179614627773,0.001,poly,40,MinMaxScaler(),16,0.001,2.0,5.0,"{'Classifier__SVC__C': 0.001, 'Classifier__SVC__coef0': 2, 'Classifier__SVC__degree': 5, 'Classifier__SVC__gamma': 0.001, 'Classifier__SVC__kernel': 'poly', 'PCA__n_components': 40, 'Scaler': MinMaxScaler(), 'Selector__max_features': 16}",0.2761904761904762,0.2571428571428571,0.0761904761904762,0.2031746031746032,0.09012742581954533,389
236,0.03961761792500814,0.0008484546992572814,0.012549320856730143,0.0021639202833013053,0.001,poly,40,MinMaxScaler(),20,0.001,2.0,5.0,"{'Classifier__SVC__C': 0.001, 'Classifier__SVC__coef0': 2, 'Classifier__SVC__degree': 5, 'Classifier__SVC__gamma': 0.001, 'Classifier__SVC__kernel': 'poly', 'PCA__n_components': 40, 'Scaler': MinMaxScaler(), 'Selector__max_features': 20}",0.26666666666666666,0.3142857142857143,0.0761904761904762,0.21904761904761902,0.10286889997472794,307
237,0.03775747617085775,0.0033257943258185644,0.010370890299479166,0.00046857225037648533,0.001,poly,30,MinMaxScaler(),4,0.01,2.0,5.0,"{'Classifier__SVC__C': 0.001, 'Classifier__SVC__coef0': 2, 'Classifier__SVC__degree': 5, 'Classifier__SVC__gamma': 0.01, 'Classifier__SVC__kernel': 'poly', 'PCA__n_components': 30, 'Scaler': MinMaxScaler(), 'Selector__max_features': 4}",0.20952380952380953,0.2857142857142857,0.0761904761904762,0.19047619047619047,0.08659162982213241,457
238,0.03961475690205892,0.002612259868836527,0.010537862777709961,0.000713510954832037,0.001,poly,30,MinMaxScaler(),8,0.01,2.0,5.0,"{'Classifier__SVC__C': 0.001, 'Classifier__SVC__coef0': 2, 'Classifier__SVC__degree': 5, 'Classifier__SVC__gamma': 0.01, 'Classifier__SVC__kernel': 'poly', 'PCA__n_components': 30, 'Scaler': MinMaxScaler(), 'Selector__max_features': 8}",0.18095238095238095,0.2761904761904762,0.0761904761904762,0.1777777777777778,0.08168051003345148,509
239,0.038930257161458336,0.0024707061886976196,0.011353174845377604,0.0022044212022135816,0.001,poly,30,MinMaxScaler(),12,0.01,2.0,5.0,"{'Classifier__SVC__C': 0.001, 'Classifier__SVC__coef0': 2, 'Classifier__SVC__degree': 5, 'Classifier__SVC__gamma': 0.01, 'Classifier__SVC__kernel': 'poly', 'PCA__n_components': 30, 'Scaler': MinMaxScaler(), 'Selector__max_features': 12}",0.2571428571428571,0.26666666666666666,0.0761904761904762,0.19999999999999996,0.08763284915455402,422
240,0.0384974479675293,0.0023723362907122577,0.009024302164713541,0.0004109872224851399,0.001,poly,30,MinMaxScaler(),16,0.01,2.0,5.0,"{'Classifier__SVC__C': 0.001, 'Classifier__SVC__coef0': 2, 'Classifier__SVC__degree': 5, 'Classifier__SVC__gamma': 0.01, 'Classifier__SVC__kernel': 'poly', 'PCA__n_components': 30, 'Scaler': MinMaxScaler(), 'Selector__max_features': 16}",0.2761904761904762,0.3047619047619048,0.0761904761904762,0.21904761904761907,0.10168645954315536,277
241,0.03467551867167155,0.0002497055969071003,0.011071125666300455,0.0014894061537715957,0.001,poly,30,MinMaxScaler(),20,0.01,2.0,5.0,"{'Classifier__SVC__C': 0.001, 'Classifier__SVC__coef0': 2, 'Classifier__SVC__degree': 5, 'Classifier__SVC__gamma': 0.01, 'Classifier__SVC__kernel': 'poly', 'PCA__n_components': 30, 'Scaler': MinMaxScaler(), 'Selector__max_features': 20}",0.2761904761904762,0.3047619047619048,0.0761904761904762,0.21904761904761907,0.10168645954315536,277
242,0.037963310877482094,0.005577158198831018,0.012367884318033854,0.0020533016681566533,0.001,poly,40,MinMaxScaler(),4,0.01,2.0,5.0,"{'Classifier__SVC__C': 0.001, 'Classifier__SVC__coef0': 2, 'Classifier__SVC__degree': 5, 'Classifier__SVC__gamma': 0.01, 'Classifier__SVC__kernel': 'poly', 'PCA__n_components': 40, 'Scaler': MinMaxScaler(), 'Selector__max_features': 4}",0.22857142857142856,0.2761904761904762,0.0761904761904762,0.19365079365079363,0.08530177042885335,441
243,0.04693047205607096,0.00782166893837888,0.010130643844604492,0.0007967398862498365,0.001,poly,40,MinMaxScaler(),8,0.01,2.0,5.0,"{'Classifier__SVC__C': 0.001, 'Classifier__SVC__coef0': 2, 'Classifier__SVC__degree': 5, 'Classifier__SVC__gamma': 0.01, 'Classifier__SVC__kernel': 'poly', 'PCA__n_components': 40, 'Scaler': MinMaxScaler(), 'Selector__max_features': 8}",0.17142857142857143,0.2761904761904762,0.0761904761904762,0.17460317460317462,0.08168051003345148,518
244,0.03858764966328939,0.00476456625548041,0.009835640589396158,0.0013536396653660836,0.001,poly,40,MinMaxScaler(),12,0.01,2.0,5.0,"{'Classifier__SVC__C': 0.001, 'Classifier__SVC__coef0': 2, 'Classifier__SVC__degree': 5, 'Classifier__SVC__gamma': 0.01, 'Classifier__SVC__kernel': 'poly', 'PCA__n_components': 40, 'Scaler': MinMaxScaler(), 'Selector__max_features': 12}",0.17142857142857143,0.23809523809523808,0.0761904761904762,0.1619047619047619,0.06643952233795666,666
245,0.04697092374165853,0.011952404500963966,0.01136930783589681,0.0026027597833973223,0.001,poly,40,MinMaxScaler(),16,0.01,2.0,5.0,"{'Classifier__SVC__C': 0.001, 'Classifier__SVC__coef0': 2, 'Classifier__SVC__degree': 5, 'Classifier__SVC__gamma': 0.01, 'Classifier__SVC__kernel': 'poly', 'PCA__n_components': 40, 'Scaler': MinMaxScaler(), 'Selector__max_features': 16}",0.2761904761904762,0.2571428571428571,0.0761904761904762,0.2031746031746032,0.09012742581954533,389
246,0.04230054219563802,0.012137333964437898,0.008945624033610025,0.0009987779965008627,0.001,poly,40,MinMaxScaler(),20,0.01,2.0,5.0,"{'Classifier__SVC__C': 0.001, 'Classifier__SVC__coef0': 2, 'Classifier__SVC__degree': 5, 'Classifier__SVC__gamma': 0.01, 'Classifier__SVC__kernel': 'poly', 'PCA__n_components': 40, 'Scaler': MinMaxScaler(), 'Selector__max_features': 20}",0.26666666666666666,0.3142857142857143,0.0761904761904762,0.21904761904761902,0.10286889997472794,307
247,0.03435969352722168,0.0023450891192985436,0.012149969736735025,0.00036681168246745926,0.001,poly,30,MinMaxScaler(),4,0.001,4.0,3.0,"{'Classifier__SVC__C': 0.001, 'Classifier__SVC__coef0': 4, 'Classifier__SVC__degree': 3, 'Classifier__SVC__gamma': 0.001, 'Classifier__SVC__kernel': 'poly', 'PCA__n_components': 30, 'Scaler': MinMaxScaler(), 'Selector__max_features': 4}",0.20952380952380953,0.2857142857142857,0.0761904761904762,0.19047619047619047,0.08659162982213241,457
248,0.03789456685384115,0.0045502693630215755,0.011171340942382812,0.0020515667104572554,0.001,poly,30,MinMaxScaler(),8,0.001,4.0,3.0,"{'Classifier__SVC__C': 0.001, 'Classifier__SVC__coef0': 4, 'Classifier__SVC__degree': 3, 'Classifier__SVC__gamma': 0.001, 'Classifier__SVC__kernel': 'poly', 'PCA__n_components': 30, 'Scaler': MinMaxScaler(), 'Selector__max_features': 8}",0.17142857142857143,0.2761904761904762,0.0761904761904762,0.17460317460317462,0.08168051003345148,518
249,0.04511404037475586,0.010934606184413932,0.010911782582600912,0.0012043398446146942,0.001,poly,30,MinMaxScaler(),12,0.001,4.0,3.0,"{'Classifier__SVC__C': 0.001, 'Classifier__SVC__coef0': 4, 'Classifier__SVC__degree': 3, 'Classifier__SVC__gamma': 0.001, 'Classifier__SVC__kernel': 'poly', 'PCA__n_components': 30, 'Scaler': MinMaxScaler(), 'Selector__max_features': 12}",0.2571428571428571,0.26666666666666666,0.0761904761904762,0.19999999999999996,0.08763284915455402,422
250,0.035239458084106445,0.0032452031043262016,0.012514829635620117,0.0036704794002274067,0.001,poly,30,MinMaxScaler(),16,0.001,4.0,3.0,"{'Classifier__SVC__C': 0.001, 'Classifier__SVC__coef0': 4, 'Classifier__SVC__degree': 3, 'Classifier__SVC__gamma': 0.001, 'Classifier__SVC__kernel': 'poly', 'PCA__n_components': 30, 'Scaler': MinMaxScaler(), 'Selector__max_features': 16}",0.2761904761904762,0.3047619047619048,0.0761904761904762,0.21904761904761907,0.10168645954315536,277
251,0.03641017278035482,0.0015658430597086913,0.011151552200317383,0.0014107214364252223,0.001,poly,30,MinMaxScaler(),20,0.001,4.0,3.0,"{'Classifier__SVC__C': 0.001, 'Classifier__SVC__coef0': 4, 'Classifier__SVC__degree': 3, 'Classifier__SVC__gamma': 0.001, 'Classifier__SVC__kernel': 'poly', 'PCA__n_components': 30, 'Scaler': MinMaxScaler(), 'Selector__max_features': 20}",0.2761904761904762,0.3047619047619048,0.0761904761904762,0.21904761904761907,0.10168645954315536,277
252,0.035068114598592125,0.0029819482970152153,0.012142578760782877,0.0027930980408959268,0.001,poly,40,MinMaxScaler(),4,0.001,4.0,3.0,"{'Classifier__SVC__C': 0.001, 'Classifier__SVC__coef0': 4, 'Classifier__SVC__degree': 3, 'Classifier__SVC__gamma': 0.001, 'Classifier__SVC__kernel': 'poly', 'PCA__n_components': 40, 'Scaler': MinMaxScaler(), 'Selector__max_features': 4}",0.22857142857142856,0.2761904761904762,0.0761904761904762,0.19365079365079363,0.08530177042885335,441
253,0.047278404235839844,0.010332866049485558,0.009672800699869791,0.0005601632662982464,0.001,poly,40,MinMaxScaler(),8,0.001,4.0,3.0,"{'Classifier__SVC__C': 0.001, 'Classifier__SVC__coef0': 4, 'Classifier__SVC__degree': 3, 'Classifier__SVC__gamma': 0.001, 'Classifier__SVC__kernel': 'poly', 'PCA__n_components': 40, 'Scaler': MinMaxScaler(), 'Selector__max_features': 8}",0.17142857142857143,0.2761904761904762,0.0761904761904762,0.17460317460317462,0.08168051003345148,518
254,0.04415265719095866,0.005613153523919497,0.00967717170715332,0.00028023390237660824,0.001,poly,40,MinMaxScaler(),12,0.001,4.0,3.0,"{'Classifier__SVC__C': 0.001, 'Classifier__SVC__coef0': 4, 'Classifier__SVC__degree': 3, 'Classifier__SVC__gamma': 0.001, 'Classifier__SVC__kernel': 'poly', 'PCA__n_components': 40, 'Scaler': MinMaxScaler(), 'Selector__max_features': 12}",0.17142857142857143,0.23809523809523808,0.0761904761904762,0.1619047619047619,0.06643952233795666,666
255,0.03838499387105306,0.002783120754108782,0.010546525319417318,0.0004006867271487347,0.001,poly,40,MinMaxScaler(),16,0.001,4.0,3.0,"{'Classifier__SVC__C': 0.001, 'Classifier__SVC__coef0': 4, 'Classifier__SVC__degree': 3, 'Classifier__SVC__gamma': 0.001, 'Classifier__SVC__kernel': 'poly', 'PCA__n_components': 40, 'Scaler': MinMaxScaler(), 'Selector__max_features': 16}",0.2761904761904762,0.2571428571428571,0.0761904761904762,0.2031746031746032,0.09012742581954533,389
256,0.041503190994262695,0.00466817582471519,0.010148922602335611,0.000590630669525629,0.001,poly,40,MinMaxScaler(),20,0.001,4.0,3.0,"{'Classifier__SVC__C': 0.001, 'Classifier__SVC__coef0': 4, 'Classifier__SVC__degree': 3, 'Classifier__SVC__gamma': 0.001, 'Classifier__SVC__kernel': 'poly', 'PCA__n_components': 40, 'Scaler': MinMaxScaler(), 'Selector__max_features': 20}",0.26666666666666666,0.3142857142857143,0.0761904761904762,0.21904761904761902,0.10286889997472794,307
257,0.04192090034484863,0.0017094335239000035,0.008322397867838541,0.00019567618951298732,0.001,poly,30,MinMaxScaler(),4,0.01,4.0,3.0,"{'Classifier__SVC__C': 0.001, 'Classifier__SVC__coef0': 4, 'Classifier__SVC__degree': 3, 'Classifier__SVC__gamma': 0.01, 'Classifier__SVC__kernel': 'poly', 'PCA__n_components': 30, 'Scaler': MinMaxScaler(), 'Selector__max_features': 4}",0.20952380952380953,0.2857142857142857,0.0761904761904762,0.19047619047619047,0.08659162982213241,457
258,0.03744276364644369,0.0023525348265119044,0.009516000747680664,0.00042048201602356726,0.001,poly,30,MinMaxScaler(),8,0.01,4.0,3.0,"{'Classifier__SVC__C': 0.001, 'Classifier__SVC__coef0': 4, 'Classifier__SVC__degree': 3, 'Classifier__SVC__gamma': 0.01, 'Classifier__SVC__kernel': 'poly', 'PCA__n_components': 30, 'Scaler': MinMaxScaler(), 'Selector__max_features': 8}",0.17142857142857143,0.2761904761904762,0.0761904761904762,0.17460317460317462,0.08168051003345148,518
259,0.03930958112080892,0.002844295013373535,0.009134928385416666,0.00023718166034304188,0.001,poly,30,MinMaxScaler(),12,0.01,4.0,3.0,"{'Classifier__SVC__C': 0.001, 'Classifier__SVC__coef0': 4, 'Classifier__SVC__degree': 3, 'Classifier__SVC__gamma': 0.01, 'Classifier__SVC__kernel': 'poly', 'PCA__n_components': 30, 'Scaler': MinMaxScaler(), 'Selector__max_features': 12}",0.2571428571428571,0.26666666666666666,0.0761904761904762,0.19999999999999996,0.08763284915455402,422
260,0.035936594009399414,0.0023445385387938704,0.009998003641764322,0.000773915823666472,0.001,poly,30,MinMaxScaler(),16,0.01,4.0,3.0,"{'Classifier__SVC__C': 0.001, 'Classifier__SVC__coef0': 4, 'Classifier__SVC__degree': 3, 'Classifier__SVC__gamma': 0.01, 'Classifier__SVC__kernel': 'poly', 'PCA__n_components': 30, 'Scaler': MinMaxScaler(), 'Selector__max_features': 16}",0.2761904761904762,0.3047619047619048,0.0761904761904762,0.21904761904761907,0.10168645954315536,277
261,0.039071877797444664,0.004915235662492906,0.009632587432861328,0.0002961220819966372,0.001,poly,30,MinMaxScaler(),20,0.01,4.0,3.0,"{'Classifier__SVC__C': 0.001, 'Classifier__SVC__coef0': 4, 'Classifier__SVC__degree': 3, 'Classifier__SVC__gamma': 0.01, 'Classifier__SVC__kernel': 'poly', 'PCA__n_components': 30, 'Scaler': MinMaxScaler(), 'Selector__max_features': 20}",0.2761904761904762,0.3047619047619048,0.0761904761904762,0.21904761904761907,0.10168645954315536,277
262,0.0385591189066569,0.004084609847594625,0.009344180425008139,0.000305172697521895,0.001,poly,40,MinMaxScaler(),4,0.01,4.0,3.0,"{'Classifier__SVC__C': 0.001, 'Classifier__SVC__coef0': 4, 'Classifier__SVC__degree': 3, 'Classifier__SVC__gamma': 0.01, 'Classifier__SVC__kernel': 'poly', 'PCA__n_components': 40, 'Scaler': MinMaxScaler(), 'Selector__max_features': 4}",0.22857142857142856,0.2761904761904762,0.0761904761904762,0.19365079365079363,0.08530177042885335,441
263,0.03724074363708496,0.00156563718493299,0.009371519088745117,0.000395000564050846,0.001,poly,40,MinMaxScaler(),8,0.01,4.0,3.0,"{'Classifier__SVC__C': 0.001, 'Classifier__SVC__coef0': 4, 'Classifier__SVC__degree': 3, 'Classifier__SVC__gamma': 0.01, 'Classifier__SVC__kernel': 'poly', 'PCA__n_components': 40, 'Scaler': MinMaxScaler(), 'Selector__max_features': 8}",0.17142857142857143,0.2761904761904762,0.0761904761904762,0.17460317460317462,0.08168051003345148,518
264,0.032653252283732094,0.00261648724950426,0.009785652160644531,0.0006106828681979031,0.001,poly,40,MinMaxScaler(),12,0.01,4.0,3.0,"{'Classifier__SVC__C': 0.001, 'Classifier__SVC__coef0': 4, 'Classifier__SVC__degree': 3, 'Classifier__SVC__gamma': 0.01, 'Classifier__SVC__kernel': 'poly', 'PCA__n_components': 40, 'Scaler': MinMaxScaler(), 'Selector__max_features': 12}",0.17142857142857143,0.23809523809523808,0.0761904761904762,0.1619047619047619,0.06643952233795666,666
265,0.03434427579243978,0.0007229970020240726,0.00841673215230306,0.001016201970573532,0.001,poly,40,MinMaxScaler(),16,0.01,4.0,3.0,"{'Classifier__SVC__C': 0.001, 'Classifier__SVC__coef0': 4, 'Classifier__SVC__degree': 3, 'Classifier__SVC__gamma': 0.01, 'Classifier__SVC__kernel': 'poly', 'PCA__n_components': 40, 'Scaler': MinMaxScaler(), 'Selector__max_features': 16}",0.2761904761904762,0.2571428571428571,0.0761904761904762,0.2031746031746032,0.09012742581954533,389
266,0.04054522514343262,0.008730788033264995,0.009730100631713867,0.0002379327433431964,0.001,poly,40,MinMaxScaler(),20,0.01,4.0,3.0,"{'Classifier__SVC__C': 0.001, 'Classifier__SVC__coef0': 4, 'Classifier__SVC__degree': 3, 'Classifier__SVC__gamma': 0.01, 'Classifier__SVC__kernel': 'poly', 'PCA__n_components': 40, 'Scaler': MinMaxScaler(), 'Selector__max_features': 20}",0.26666666666666666,0.3142857142857143,0.0761904761904762,0.21904761904761902,0.10286889997472794,307
267,0.043497323989868164,0.007232262858293015,0.010319153467814127,0.000537290655039454,0.001,poly,30,MinMaxScaler(),4,0.001,4.0,5.0,"{'Classifier__SVC__C': 0.001, 'Classifier__SVC__coef0': 4, 'Classifier__SVC__degree': 5, 'Classifier__SVC__gamma': 0.001, 'Classifier__SVC__kernel': 'poly', 'PCA__n_components': 30, 'Scaler': MinMaxScaler(), 'Selector__max_features': 4}",0.20952380952380953,0.2857142857142857,0.0761904761904762,0.19047619047619047,0.08659162982213241,457
268,0.037621657053629555,0.006506925039250341,0.01022664705912272,0.0013247866791069726,0.001,poly,30,MinMaxScaler(),8,0.001,4.0,5.0,"{'Classifier__SVC__C': 0.001, 'Classifier__SVC__coef0': 4, 'Classifier__SVC__degree': 5, 'Classifier__SVC__gamma': 0.001, 'Classifier__SVC__kernel': 'poly', 'PCA__n_components': 30, 'Scaler': MinMaxScaler(), 'Selector__max_features': 8}",0.17142857142857143,0.2761904761904762,0.0761904761904762,0.17460317460317462,0.08168051003345148,518
269,0.046188910802205406,0.014348236222186445,0.010482390721638998,0.0006711178889968653,0.001,poly,30,MinMaxScaler(),12,0.001,4.0,5.0,"{'Classifier__SVC__C': 0.001, 'Classifier__SVC__coef0': 4, 'Classifier__SVC__degree': 5, 'Classifier__SVC__gamma': 0.001, 'Classifier__SVC__kernel': 'poly', 'PCA__n_components': 30, 'Scaler': MinMaxScaler(), 'Selector__max_features': 12}",0.2571428571428571,0.26666666666666666,0.0761904761904762,0.19999999999999996,0.08763284915455402,422
270,0.041840712229410805,0.0106413155793865,0.010993719100952148,0.0017306080036327302,0.001,poly,30,MinMaxScaler(),16,0.001,4.0,5.0,"{'Classifier__SVC__C': 0.001, 'Classifier__SVC__coef0': 4, 'Classifier__SVC__degree': 5, 'Classifier__SVC__gamma': 0.001, 'Classifier__SVC__kernel': 'poly', 'PCA__n_components': 30, 'Scaler': MinMaxScaler(), 'Selector__max_features': 16}",0.2761904761904762,0.3047619047619048,0.0761904761904762,0.21904761904761907,0.10168645954315536,277
271,0.03797268867492676,0.002491384509175968,0.01176762580871582,0.0020383598988201546,0.001,poly,30,MinMaxScaler(),20,0.001,4.0,5.0,"{'Classifier__SVC__C': 0.001, 'Classifier__SVC__coef0': 4, 'Classifier__SVC__degree': 5, 'Classifier__SVC__gamma': 0.001, 'Classifier__SVC__kernel': 'poly', 'PCA__n_components': 30, 'Scaler': MinMaxScaler(), 'Selector__max_features': 20}",0.2761904761904762,0.3047619047619048,0.0761904761904762,0.21904761904761907,0.10168645954315536,277
272,0.04057645797729492,0.005113011855071345,0.010874430338541666,0.00015868117251573212,0.001,poly,40,MinMaxScaler(),4,0.001,4.0,5.0,"{'Classifier__SVC__C': 0.001, 'Classifier__SVC__coef0': 4, 'Classifier__SVC__degree': 5, 'Classifier__SVC__gamma': 0.001, 'Classifier__SVC__kernel': 'poly', 'PCA__n_components': 40, 'Scaler': MinMaxScaler(), 'Selector__max_features': 4}",0.22857142857142856,0.2761904761904762,0.0761904761904762,0.19365079365079363,0.08530177042885335,441
273,0.0399317741394043,0.004434258763429694,0.009905815124511719,0.0012547759997743172,0.001,poly,40,MinMaxScaler(),8,0.001,4.0,5.0,"{'Classifier__SVC__C': 0.001, 'Classifier__SVC__coef0': 4, 'Classifier__SVC__degree': 5, 'Classifier__SVC__gamma': 0.001, 'Classifier__SVC__kernel': 'poly', 'PCA__n_components': 40, 'Scaler': MinMaxScaler(), 'Selector__max_features': 8}",0.17142857142857143,0.2761904761904762,0.0761904761904762,0.17460317460317462,0.08168051003345148,518
274,0.039873997370402016,0.0037397326392325674,0.010401725769042969,0.0011408323944340469,0.001,poly,40,MinMaxScaler(),12,0.001,4.0,5.0,"{'Classifier__SVC__C': 0.001, 'Classifier__SVC__coef0': 4, 'Classifier__SVC__degree': 5, 'Classifier__SVC__gamma': 0.001, 'Classifier__SVC__kernel': 'poly', 'PCA__n_components': 40, 'Scaler': MinMaxScaler(), 'Selector__max_features': 12}",0.17142857142857143,0.23809523809523808,0.0761904761904762,0.1619047619047619,0.06643952233795666,666
275,0.03898477554321289,0.0044995377209451175,0.00948190689086914,0.0007118751053546224,0.001,poly,40,MinMaxScaler(),16,0.001,4.0,5.0,"{'Classifier__SVC__C': 0.001, 'Classifier__SVC__coef0': 4, 'Classifier__SVC__degree': 5, 'Classifier__SVC__gamma': 0.001, 'Classifier__SVC__kernel': 'poly', 'PCA__n_components': 40, 'Scaler': MinMaxScaler(), 'Selector__max_features': 16}",0.2761904761904762,0.2571428571428571,0.0761904761904762,0.2031746031746032,0.09012742581954533,389
276,0.035506486892700195,0.0007660899331790145,0.0108640988667806,0.0002854253345221043,0.001,poly,40,MinMaxScaler(),20,0.001,4.0,5.0,"{'Classifier__SVC__C': 0.001, 'Classifier__SVC__coef0': 4, 'Classifier__SVC__degree': 5, 'Classifier__SVC__gamma': 0.001, 'Classifier__SVC__kernel': 'poly', 'PCA__n_components': 40, 'Scaler': MinMaxScaler(), 'Selector__max_features': 20}",0.26666666666666666,0.3142857142857143,0.0761904761904762,0.21904761904761902,0.10286889997472794,307
277,0.04727951685587565,0.011334858188837088,0.010031859079996744,0.0009085010024809717,0.001,poly,30,MinMaxScaler(),4,0.01,4.0,5.0,"{'Classifier__SVC__C': 0.001, 'Classifier__SVC__coef0': 4, 'Classifier__SVC__degree': 5, 'Classifier__SVC__gamma': 0.01, 'Classifier__SVC__kernel': 'poly', 'PCA__n_components': 30, 'Scaler': MinMaxScaler(), 'Selector__max_features': 4}",0.20952380952380953,0.2857142857142857,0.0761904761904762,0.19047619047619047,0.08659162982213241,457
278,0.03877592086791992,0.00609568335807173,0.011692285537719727,0.0022220123559207067,0.001,poly,30,MinMaxScaler(),8,0.01,4.0,5.0,"{'Classifier__SVC__C': 0.001, 'Classifier__SVC__coef0': 4, 'Classifier__SVC__degree': 5, 'Classifier__SVC__gamma': 0.01, 'Classifier__SVC__kernel': 'poly', 'PCA__n_components': 30, 'Scaler': MinMaxScaler(), 'Selector__max_features': 8}",0.17142857142857143,0.2761904761904762,0.0761904761904762,0.17460317460317462,0.08168051003345148,518
279,0.043887694676717125,0.0014226185266143856,0.011408805847167969,0.001439252177061806,0.001,poly,30,MinMaxScaler(),12,0.01,4.0,5.0,"{'Classifier__SVC__C': 0.001, 'Classifier__SVC__coef0': 4, 'Classifier__SVC__degree': 5, 'Classifier__SVC__gamma': 0.01, 'Classifier__SVC__kernel': 'poly', 'PCA__n_components': 30, 'Scaler': MinMaxScaler(), 'Selector__max_features': 12}",0.2571428571428571,0.26666666666666666,0.0761904761904762,0.19999999999999996,0.08763284915455402,422
280,0.043347438176472984,0.00298942570369298,0.010093371073404947,0.0009321938658541445,0.001,poly,30,MinMaxScaler(),16,0.01,4.0,5.0,"{'Classifier__SVC__C': 0.001, 'Classifier__SVC__coef0': 4, 'Classifier__SVC__degree': 5, 'Classifier__SVC__gamma': 0.01, 'Classifier__SVC__kernel': 'poly', 'PCA__n_components': 30, 'Scaler': MinMaxScaler(), 'Selector__max_features': 16}",0.2761904761904762,0.3047619047619048,0.0761904761904762,0.21904761904761907,0.10168645954315536,277
281,0.03784513473510742,0.0008691903248464829,0.010640223821004232,0.0009356524496345719,0.001,poly,30,MinMaxScaler(),20,0.01,4.0,5.0,"{'Classifier__SVC__C': 0.001, 'Classifier__SVC__coef0': 4, 'Classifier__SVC__degree': 5, 'Classifier__SVC__gamma': 0.01, 'Classifier__SVC__kernel': 'poly', 'PCA__n_components': 30, 'Scaler': MinMaxScaler(), 'Selector__max_features': 20}",0.2761904761904762,0.3047619047619048,0.0761904761904762,0.21904761904761907,0.10168645954315536,277
282,0.03680642445882162,0.002742508263530323,0.010410149892171225,0.0010204915546966312,0.001,poly,40,MinMaxScaler(),4,0.01,4.0,5.0,"{'Classifier__SVC__C': 0.001, 'Classifier__SVC__coef0': 4, 'Classifier__SVC__degree': 5, 'Classifier__SVC__gamma': 0.01, 'Classifier__SVC__kernel': 'poly', 'PCA__n_components': 40, 'Scaler': MinMaxScaler(), 'Selector__max_features': 4}",0.22857142857142856,0.2761904761904762,0.0761904761904762,0.19365079365079363,0.08530177042885335,441
283,0.044124444325764976,0.004418532742609654,0.010384877522786459,0.0012597877890629982,0.001,poly,40,MinMaxScaler(),8,0.01,4.0,5.0,"{'Classifier__SVC__C': 0.001, 'Classifier__SVC__coef0': 4, 'Classifier__SVC__degree': 5, 'Classifier__SVC__gamma': 0.01, 'Classifier__SVC__kernel': 'poly', 'PCA__n_components': 40, 'Scaler': MinMaxScaler(), 'Selector__max_features': 8}",0.17142857142857143,0.2761904761904762,0.0761904761904762,0.17460317460317462,0.08168051003345148,518
284,0.0460514227549235,0.008769191574806639,0.009897470474243164,0.0008752587961164661,0.001,poly,40,MinMaxScaler(),12,0.01,4.0,5.0,"{'Classifier__SVC__C': 0.001, 'Classifier__SVC__coef0': 4, 'Classifier__SVC__degree': 5, 'Classifier__SVC__gamma': 0.01, 'Classifier__SVC__kernel': 'poly', 'PCA__n_components': 40, 'Scaler': MinMaxScaler(), 'Selector__max_features': 12}",0.17142857142857143,0.23809523809523808,0.0761904761904762,0.1619047619047619,0.06643952233795666,666
285,0.03489462534586588,0.0014473491648836394,0.00937183698018392,0.0008473444676563767,0.001,poly,40,MinMaxScaler(),16,0.01,4.0,5.0,"{'Classifier__SVC__C': 0.001, 'Classifier__SVC__coef0': 4, 'Classifier__SVC__degree': 5, 'Classifier__SVC__gamma': 0.01, 'Classifier__SVC__kernel': 'poly', 'PCA__n_components': 40, 'Scaler': MinMaxScaler(), 'Selector__max_features': 16}",0.2761904761904762,0.2571428571428571,0.0761904761904762,0.2031746031746032,0.09012742581954533,389
286,0.03811454772949219,0.002500733966908518,0.01160120964050293,0.0010298638563162545,0.001,poly,40,MinMaxScaler(),20,0.01,4.0,5.0,"{'Classifier__SVC__C': 0.001, 'Classifier__SVC__coef0': 4, 'Classifier__SVC__degree': 5, 'Classifier__SVC__gamma': 0.01, 'Classifier__SVC__kernel': 'poly', 'PCA__n_components': 40, 'Scaler': MinMaxScaler(), 'Selector__max_features': 20}",0.26666666666666666,0.3142857142857143,0.0761904761904762,0.21904761904761902,0.10286889997472794,307
287,0.039195617039998375,0.002234993989533755,0.011673291524251303,0.0030774060960505846,0.001,poly,30,MinMaxScaler(),4,0.001,6.0,3.0,"{'Classifier__SVC__C': 0.001, 'Classifier__SVC__coef0': 6, 'Classifier__SVC__degree': 3, 'Classifier__SVC__gamma': 0.001, 'Classifier__SVC__kernel': 'poly', 'PCA__n_components': 30, 'Scaler': MinMaxScaler(), 'Selector__max_features': 4}",0.20952380952380953,0.2857142857142857,0.0761904761904762,0.19047619047619047,0.08659162982213241,457
288,0.04772122701009115,0.016739716698880615,0.009519735972086588,0.0010324810338078695,0.001,poly,30,MinMaxScaler(),8,0.001,6.0,3.0,"{'Classifier__SVC__C': 0.001, 'Classifier__SVC__coef0': 6, 'Classifier__SVC__degree': 3, 'Classifier__SVC__gamma': 0.001, 'Classifier__SVC__kernel': 'poly', 'PCA__n_components': 30, 'Scaler': MinMaxScaler(), 'Selector__max_features': 8}",0.17142857142857143,0.2761904761904762,0.0761904761904762,0.17460317460317462,0.08168051003345148,518
289,0.03684639930725098,0.0007503400745501965,0.011035998662312826,0.0016097952584619214,0.001,poly,30,MinMaxScaler(),12,0.001,6.0,3.0,"{'Classifier__SVC__C': 0.001, 'Classifier__SVC__coef0': 6, 'Classifier__SVC__degree': 3, 'Classifier__SVC__gamma': 0.001, 'Classifier__SVC__kernel': 'poly', 'PCA__n_components': 30, 'Scaler': MinMaxScaler(), 'Selector__max_features': 12}",0.2571428571428571,0.26666666666666666,0.0761904761904762,0.19999999999999996,0.08763284915455402,422
290,0.03675977389017741,0.0014906311077730512,0.009832620620727539,0.001281753640589005,0.001,poly,30,MinMaxScaler(),16,0.001,6.0,3.0,"{'Classifier__SVC__C': 0.001, 'Classifier__SVC__coef0': 6, 'Classifier__SVC__degree': 3, 'Classifier__SVC__gamma': 0.001, 'Classifier__SVC__kernel': 'poly', 'PCA__n_components': 30, 'Scaler': MinMaxScaler(), 'Selector__max_features': 16}",0.2761904761904762,0.3047619047619048,0.0761904761904762,0.21904761904761907,0.10168645954315536,277
291,0.041821956634521484,0.0047519736743741985,0.009829362233479818,0.00025831963257009604,0.001,poly,30,MinMaxScaler(),20,0.001,6.0,3.0,"{'Classifier__SVC__C': 0.001, 'Classifier__SVC__coef0': 6, 'Classifier__SVC__degree': 3, 'Classifier__SVC__gamma': 0.001, 'Classifier__SVC__kernel': 'poly', 'PCA__n_components': 30, 'Scaler': MinMaxScaler(), 'Selector__max_features': 20}",0.2761904761904762,0.3047619047619048,0.0761904761904762,0.21904761904761907,0.10168645954315536,277
292,0.0403900146484375,0.003131295373332071,0.011874119440714518,0.0014453598708695442,0.001,poly,40,MinMaxScaler(),4,0.001,6.0,3.0,"{'Classifier__SVC__C': 0.001, 'Classifier__SVC__coef0': 6, 'Classifier__SVC__degree': 3, 'Classifier__SVC__gamma': 0.001, 'Classifier__SVC__kernel': 'poly', 'PCA__n_components': 40, 'Scaler': MinMaxScaler(), 'Selector__max_features': 4}",0.22857142857142856,0.2761904761904762,0.0761904761904762,0.19365079365079363,0.08530177042885335,441
293,0.04834667841593424,0.006615079324159399,0.009339412053426107,0.0008556194160669881,0.001,poly,40,MinMaxScaler(),8,0.001,6.0,3.0,"{'Classifier__SVC__C': 0.001, 'Classifier__SVC__coef0': 6, 'Classifier__SVC__degree': 3, 'Classifier__SVC__gamma': 0.001, 'Classifier__SVC__kernel': 'poly', 'PCA__n_components': 40, 'Scaler': MinMaxScaler(), 'Selector__max_features': 8}",0.17142857142857143,0.2761904761904762,0.0761904761904762,0.17460317460317462,0.08168051003345148,518
294,0.06045754750569662,0.01616003153178328,0.010494629542032877,0.0006821059111455268,0.001,poly,40,MinMaxScaler(),12,0.001,6.0,3.0,"{'Classifier__SVC__C': 0.001, 'Classifier__SVC__coef0': 6, 'Classifier__SVC__degree': 3, 'Classifier__SVC__gamma': 0.001, 'Classifier__SVC__kernel': 'poly', 'PCA__n_components': 40, 'Scaler': MinMaxScaler(), 'Selector__max_features': 12}",0.17142857142857143,0.23809523809523808,0.0761904761904762,0.1619047619047619,0.06643952233795666,666
295,0.036787827809651695,0.0019563887350403917,0.010172367095947266,0.00025488362304195057,0.001,poly,40,MinMaxScaler(),16,0.001,6.0,3.0,"{'Classifier__SVC__C': 0.001, 'Classifier__SVC__coef0': 6, 'Classifier__SVC__degree': 3, 'Classifier__SVC__gamma': 0.001, 'Classifier__SVC__kernel': 'poly', 'PCA__n_components': 40, 'Scaler': MinMaxScaler(), 'Selector__max_features': 16}",0.2761904761904762,0.2571428571428571,0.0761904761904762,0.2031746031746032,0.09012742581954533,389
296,0.044339656829833984,0.004637024563033808,0.010267337163289389,0.0003049184000268147,0.001,poly,40,MinMaxScaler(),20,0.001,6.0,3.0,"{'Classifier__SVC__C': 0.001, 'Classifier__SVC__coef0': 6, 'Classifier__SVC__degree': 3, 'Classifier__SVC__gamma': 0.001, 'Classifier__SVC__kernel': 'poly', 'PCA__n_components': 40, 'Scaler': MinMaxScaler(), 'Selector__max_features': 20}",0.26666666666666666,0.3142857142857143,0.0761904761904762,0.21904761904761902,0.10286889997472794,307
297,0.03754194577534994,0.0012837110535880106,0.010496377944946289,0.0016198943966621584,0.001,poly,30,MinMaxScaler(),4,0.01,6.0,3.0,"{'Classifier__SVC__C': 0.001, 'Classifier__SVC__coef0': 6, 'Classifier__SVC__degree': 3, 'Classifier__SVC__gamma': 0.01, 'Classifier__SVC__kernel': 'poly', 'PCA__n_components': 30, 'Scaler': MinMaxScaler(), 'Selector__max_features': 4}",0.20952380952380953,0.2857142857142857,0.0761904761904762,0.19047619047619047,0.08659162982213241,457
298,0.03954354921976725,0.003581131272596333,0.009656508763631185,0.0004316915994955896,0.001,poly,30,MinMaxScaler(),8,0.01,6.0,3.0,"{'Classifier__SVC__C': 0.001, 'Classifier__SVC__coef0': 6, 'Classifier__SVC__degree': 3, 'Classifier__SVC__gamma': 0.01, 'Classifier__SVC__kernel': 'poly', 'PCA__n_components': 30, 'Scaler': MinMaxScaler(), 'Selector__max_features': 8}",0.17142857142857143,0.2761904761904762,0.0761904761904762,0.17460317460317462,0.08168051003345148,518
299,0.037253618240356445,0.002424361436688232,0.00878763198852539,0.00019370302749603319,0.001,poly,30,MinMaxScaler(),12,0.01,6.0,3.0,"{'Classifier__SVC__C': 0.001, 'Classifier__SVC__coef0': 6, 'Classifier__SVC__degree': 3, 'Classifier__SVC__gamma': 0.01, 'Classifier__SVC__kernel': 'poly', 'PCA__n_components': 30, 'Scaler': MinMaxScaler(), 'Selector__max_features': 12}",0.2571428571428571,0.26666666666666666,0.0761904761904762,0.19999999999999996,0.08763284915455402,422
300,0.03559446334838867,0.00093605121967794,0.00905299186706543,0.0005478513447796483,0.001,poly,30,MinMaxScaler(),16,0.01,6.0,3.0,"{'Classifier__SVC__C': 0.001, 'Classifier__SVC__coef0': 6, 'Classifier__SVC__degree': 3, 'Classifier__SVC__gamma': 0.01, 'Classifier__SVC__kernel': 'poly', 'PCA__n_components': 30, 'Scaler': MinMaxScaler(), 'Selector__max_features': 16}",0.2761904761904762,0.3047619047619048,0.0761904761904762,0.21904761904761907,0.10168645954315536,277
301,0.033682823181152344,0.0010631919507085935,0.010306119918823242,0.0006307639165733199,0.001,poly,30,MinMaxScaler(),20,0.01,6.0,3.0,"{'Classifier__SVC__C': 0.001, 'Classifier__SVC__coef0': 6, 'Classifier__SVC__degree': 3, 'Classifier__SVC__gamma': 0.01, 'Classifier__SVC__kernel': 'poly', 'PCA__n_components': 30, 'Scaler': MinMaxScaler(), 'Selector__max_features': 20}",0.2761904761904762,0.3047619047619048,0.0761904761904762,0.21904761904761907,0.10168645954315536,277
302,0.03477183977762858,0.002771914488829825,0.011446634928385416,0.0018110676325148937,0.001,poly,40,MinMaxScaler(),4,0.01,6.0,3.0,"{'Classifier__SVC__C': 0.001, 'Classifier__SVC__coef0': 6, 'Classifier__SVC__degree': 3, 'Classifier__SVC__gamma': 0.01, 'Classifier__SVC__kernel': 'poly', 'PCA__n_components': 40, 'Scaler': MinMaxScaler(), 'Selector__max_features': 4}",0.22857142857142856,0.2761904761904762,0.0761904761904762,0.19365079365079363,0.08530177042885335,441
303,0.04528482755025228,0.011337301532697226,0.010831832885742188,0.0018431185489679142,0.001,poly,40,MinMaxScaler(),8,0.01,6.0,3.0,"{'Classifier__SVC__C': 0.001, 'Classifier__SVC__coef0': 6, 'Classifier__SVC__degree': 3, 'Classifier__SVC__gamma': 0.01, 'Classifier__SVC__kernel': 'poly', 'PCA__n_components': 40, 'Scaler': MinMaxScaler(), 'Selector__max_features': 8}",0.17142857142857143,0.2761904761904762,0.0761904761904762,0.17460317460317462,0.08168051003345148,518
304,0.036076625188191734,0.0009319455095858769,0.00955510139465332,0.000405816203495062,0.001,poly,40,MinMaxScaler(),12,0.01,6.0,3.0,"{'Classifier__SVC__C': 0.001, 'Classifier__SVC__coef0': 6, 'Classifier__SVC__degree': 3, 'Classifier__SVC__gamma': 0.01, 'Classifier__SVC__kernel': 'poly', 'PCA__n_components': 40, 'Scaler': MinMaxScaler(), 'Selector__max_features': 12}",0.17142857142857143,0.23809523809523808,0.0761904761904762,0.1619047619047619,0.06643952233795666,666
305,0.052643934885660805,0.012285347477889825,0.011931896209716797,0.0018906502023951896,0.001,poly,40,MinMaxScaler(),16,0.01,6.0,3.0,"{'Classifier__SVC__C': 0.001, 'Classifier__SVC__coef0': 6, 'Classifier__SVC__degree': 3, 'Classifier__SVC__gamma': 0.01, 'Classifier__SVC__kernel': 'poly', 'PCA__n_components': 40, 'Scaler': MinMaxScaler(), 'Selector__max_features': 16}",0.2761904761904762,0.2571428571428571,0.0761904761904762,0.2031746031746032,0.09012742581954533,389
306,0.03868802388509115,0.004802413610695835,0.010926167170206705,0.0033383969280200644,0.001,poly,40,MinMaxScaler(),20,0.01,6.0,3.0,"{'Classifier__SVC__C': 0.001, 'Classifier__SVC__coef0': 6, 'Classifier__SVC__degree': 3, 'Classifier__SVC__gamma': 0.01, 'Classifier__SVC__kernel': 'poly', 'PCA__n_components': 40, 'Scaler': MinMaxScaler(), 'Selector__max_features': 20}",0.26666666666666666,0.3142857142857143,0.0761904761904762,0.21904761904761902,0.10286889997472794,307
307,0.035874128341674805,0.0018627282225839202,0.00984485944112142,0.000671362118213113,0.001,poly,30,MinMaxScaler(),4,0.001,6.0,5.0,"{'Classifier__SVC__C': 0.001, 'Classifier__SVC__coef0': 6, 'Classifier__SVC__degree': 5, 'Classifier__SVC__gamma': 0.001, 'Classifier__SVC__kernel': 'poly', 'PCA__n_components': 30, 'Scaler': MinMaxScaler(), 'Selector__max_features': 4}",0.20952380952380953,0.2857142857142857,0.0761904761904762,0.19047619047619047,0.08659162982213241,457
308,0.03985095024108887,0.004703214643385835,0.013073921203613281,0.001066902069864029,0.001,poly,30,MinMaxScaler(),8,0.001,6.0,5.0,"{'Classifier__SVC__C': 0.001, 'Classifier__SVC__coef0': 6, 'Classifier__SVC__degree': 5, 'Classifier__SVC__gamma': 0.001, 'Classifier__SVC__kernel': 'poly', 'PCA__n_components': 30, 'Scaler': MinMaxScaler(), 'Selector__max_features': 8}",0.17142857142857143,0.2761904761904762,0.0761904761904762,0.17460317460317462,0.08168051003345148,518
309,0.05091706911722819,0.014516612346988644,0.01053325335184733,0.0014159995324751734,0.001,poly,30,MinMaxScaler(),12,0.001,6.0,5.0,"{'Classifier__SVC__C': 0.001, 'Classifier__SVC__coef0': 6, 'Classifier__SVC__degree': 5, 'Classifier__SVC__gamma': 0.001, 'Classifier__SVC__kernel': 'poly', 'PCA__n_components': 30, 'Scaler': MinMaxScaler(), 'Selector__max_features': 12}",0.2571428571428571,0.26666666666666666,0.0761904761904762,0.19999999999999996,0.08763284915455402,422
310,0.039508978525797524,0.004921158521704494,0.01004648208618164,0.0004141803548654141,0.001,poly,30,MinMaxScaler(),16,0.001,6.0,5.0,"{'Classifier__SVC__C': 0.001, 'Classifier__SVC__coef0': 6, 'Classifier__SVC__degree': 5, 'Classifier__SVC__gamma': 0.001, 'Classifier__SVC__kernel': 'poly', 'PCA__n_components': 30, 'Scaler': MinMaxScaler(), 'Selector__max_features': 16}",0.2761904761904762,0.3047619047619048,0.0761904761904762,0.21904761904761907,0.10168645954315536,277
311,0.041414101918538414,0.006341613939312466,0.011383295059204102,0.00289754979793442,0.001,poly,30,MinMaxScaler(),20,0.001,6.0,5.0,"{'Classifier__SVC__C': 0.001, 'Classifier__SVC__coef0': 6, 'Classifier__SVC__degree': 5, 'Classifier__SVC__gamma': 0.001, 'Classifier__SVC__kernel': 'poly', 'PCA__n_components': 30, 'Scaler': MinMaxScaler(), 'Selector__max_features': 20}",0.2761904761904762,0.3047619047619048,0.0761904761904762,0.21904761904761907,0.10168645954315536,277
312,0.04055945078531901,0.0058706476931286895,0.010872761408487955,0.0006244647096703176,0.001,poly,40,MinMaxScaler(),4,0.001,6.0,5.0,"{'Classifier__SVC__C': 0.001, 'Classifier__SVC__coef0': 6, 'Classifier__SVC__degree': 5, 'Classifier__SVC__gamma': 0.001, 'Classifier__SVC__kernel': 'poly', 'PCA__n_components': 40, 'Scaler': MinMaxScaler(), 'Selector__max_features': 4}",0.22857142857142856,0.2761904761904762,0.0761904761904762,0.19365079365079363,0.08530177042885335,441
313,0.04311951001485189,0.0049403920786188936,0.011040369669596354,0.0006990757273006956,0.001,poly,40,MinMaxScaler(),8,0.001,6.0,5.0,"{'Classifier__SVC__C': 0.001, 'Classifier__SVC__coef0': 6, 'Classifier__SVC__degree': 5, 'Classifier__SVC__gamma': 0.001, 'Classifier__SVC__kernel': 'poly', 'PCA__n_components': 40, 'Scaler': MinMaxScaler(), 'Selector__max_features': 8}",0.17142857142857143,0.2761904761904762,0.0761904761904762,0.17460317460317462,0.08168051003345148,518
314,0.038094520568847656,0.002467288839546138,0.010530471801757812,0.0011348013762123878,0.001,poly,40,MinMaxScaler(),12,0.001,6.0,5.0,"{'Classifier__SVC__C': 0.001, 'Classifier__SVC__coef0': 6, 'Classifier__SVC__degree': 5, 'Classifier__SVC__gamma': 0.001, 'Classifier__SVC__kernel': 'poly', 'PCA__n_components': 40, 'Scaler': MinMaxScaler(), 'Selector__max_features': 12}",0.17142857142857143,0.23809523809523808,0.0761904761904762,0.1619047619047619,0.06643952233795666,666
315,0.04680116971333822,0.00758328125974678,0.01057577133178711,0.0017902972975406813,0.001,poly,40,MinMaxScaler(),16,0.001,6.0,5.0,"{'Classifier__SVC__C': 0.001, 'Classifier__SVC__coef0': 6, 'Classifier__SVC__degree': 5, 'Classifier__SVC__gamma': 0.001, 'Classifier__SVC__kernel': 'poly', 'PCA__n_components': 40, 'Scaler': MinMaxScaler(), 'Selector__max_features': 16}",0.2761904761904762,0.2571428571428571,0.0761904761904762,0.2031746031746032,0.09012742581954533,389
316,0.042116800944010414,0.006948150010908227,0.013488451639811197,0.0026473781612551253,0.001,poly,40,MinMaxScaler(),20,0.001,6.0,5.0,"{'Classifier__SVC__C': 0.001, 'Classifier__SVC__coef0': 6, 'Classifier__SVC__degree': 5, 'Classifier__SVC__gamma': 0.001, 'Classifier__SVC__kernel': 'poly', 'PCA__n_components': 40, 'Scaler': MinMaxScaler(), 'Selector__max_features': 20}",0.26666666666666666,0.3142857142857143,0.0761904761904762,0.21904761904761902,0.10286889997472794,307
317,0.05064241091410319,0.007145317040538845,0.010274966557820639,0.0006845772114129481,0.001,poly,30,MinMaxScaler(),4,0.01,6.0,5.0,"{'Classifier__SVC__C': 0.001, 'Classifier__SVC__coef0': 6, 'Classifier__SVC__degree': 5, 'Classifier__SVC__gamma': 0.01, 'Classifier__SVC__kernel': 'poly', 'PCA__n_components': 30, 'Scaler': MinMaxScaler(), 'Selector__max_features': 4}",0.20952380952380953,0.2857142857142857,0.0761904761904762,0.19047619047619047,0.08659162982213241,457
318,0.04516434669494629,0.00981051456317934,0.009965896606445312,0.0019124938885942062,0.001,poly,30,MinMaxScaler(),8,0.01,6.0,5.0,"{'Classifier__SVC__C': 0.001, 'Classifier__SVC__coef0': 6, 'Classifier__SVC__degree': 5, 'Classifier__SVC__gamma': 0.01, 'Classifier__SVC__kernel': 'poly', 'PCA__n_components': 30, 'Scaler': MinMaxScaler(), 'Selector__max_features': 8}",0.19047619047619047,0.2761904761904762,0.11428571428571428,0.19365079365079366,0.06613544970158623,440
319,0.04703291257222494,0.005579419032742994,0.009951194127400717,0.000510406396630941,0.001,poly,30,MinMaxScaler(),12,0.01,6.0,5.0,"{'Classifier__SVC__C': 0.001, 'Classifier__SVC__coef0': 6, 'Classifier__SVC__degree': 5, 'Classifier__SVC__gamma': 0.01, 'Classifier__SVC__kernel': 'poly', 'PCA__n_components': 30, 'Scaler': MinMaxScaler(), 'Selector__max_features': 12}",0.26666666666666666,0.19047619047619047,0.12380952380952381,0.19365079365079363,0.0583643692407944,441
320,0.042424678802490234,0.003301519545355166,0.011204083760579428,0.000733355973653096,0.001,poly,30,MinMaxScaler(),16,0.01,6.0,5.0,"{'Classifier__SVC__C': 0.001, 'Classifier__SVC__coef0': 6, 'Classifier__SVC__degree': 5, 'Classifier__SVC__gamma': 0.01, 'Classifier__SVC__kernel': 'poly', 'PCA__n_components': 30, 'Scaler': MinMaxScaler(), 'Selector__max_features': 16}",0.29523809523809524,0.21904761904761905,0.13333333333333333,0.21587301587301586,0.06613544970158622,335
321,0.041192849477132164,0.0013921200787752534,0.00984954833984375,0.0006252988942811932,0.001,poly,30,MinMaxScaler(),20,0.01,6.0,5.0,"{'Classifier__SVC__C': 0.001, 'Classifier__SVC__coef0': 6, 'Classifier__SVC__degree': 5, 'Classifier__SVC__gamma': 0.01, 'Classifier__SVC__kernel': 'poly', 'PCA__n_components': 30, 'Scaler': MinMaxScaler(), 'Selector__max_features': 20}",0.29523809523809524,0.21904761904761905,0.13333333333333333,0.21587301587301586,0.06613544970158622,335
322,0.0402674674987793,0.0025495183708990716,0.010320425033569336,0.0025289146309841622,0.001,poly,40,MinMaxScaler(),4,0.01,6.0,5.0,"{'Classifier__SVC__C': 0.001, 'Classifier__SVC__coef0': 6, 'Classifier__SVC__degree': 5, 'Classifier__SVC__gamma': 0.01, 'Classifier__SVC__kernel': 'poly', 'PCA__n_components': 40, 'Scaler': MinMaxScaler(), 'Selector__max_features': 4}",0.22857142857142856,0.2761904761904762,0.0761904761904762,0.19365079365079363,0.08530177042885335,441
323,0.03892358144124349,0.0053378041427829545,0.010386149088541666,0.0019401492252120113,0.001,poly,40,MinMaxScaler(),8,0.01,6.0,5.0,"{'Classifier__SVC__C': 0.001, 'Classifier__SVC__coef0': 6, 'Classifier__SVC__degree': 5, 'Classifier__SVC__gamma': 0.01, 'Classifier__SVC__kernel': 'poly', 'PCA__n_components': 40, 'Scaler': MinMaxScaler(), 'Selector__max_features': 8}",0.17142857142857143,0.2761904761904762,0.0761904761904762,0.17460317460317462,0.08168051003345148,518
324,0.04000711441040039,0.004288200690686968,0.010026852289835611,0.0013265866316276365,0.001,poly,40,MinMaxScaler(),12,0.01,6.0,5.0,"{'Classifier__SVC__C': 0.001, 'Classifier__SVC__coef0': 6, 'Classifier__SVC__degree': 5, 'Classifier__SVC__gamma': 0.01, 'Classifier__SVC__kernel': 'poly', 'PCA__n_components': 40, 'Scaler': MinMaxScaler(), 'Selector__max_features': 12}",0.19047619047619047,0.19047619047619047,0.10476190476190476,0.1619047619047619,0.04040610178208842,666
325,0.03707075119018555,0.002447396827267227,0.010770161946614584,0.0012161501733113887,0.001,poly,40,MinMaxScaler(),16,0.01,6.0,5.0,"{'Classifier__SVC__C': 0.001, 'Classifier__SVC__coef0': 6, 'Classifier__SVC__degree': 5, 'Classifier__SVC__gamma': 0.01, 'Classifier__SVC__kernel': 'poly', 'PCA__n_components': 40, 'Scaler': MinMaxScaler(), 'Selector__max_features': 16}",0.2857142857142857,0.2,0.14285714285714285,0.20952380952380953,0.05870870479018073,348
326,0.03563936551411947,0.0008714410157726567,0.00946482022603353,0.0003176863127749348,0.001,poly,40,MinMaxScaler(),20,0.01,6.0,5.0,"{'Classifier__SVC__C': 0.001, 'Classifier__SVC__coef0': 6, 'Classifier__SVC__degree': 5, 'Classifier__SVC__gamma': 0.01, 'Classifier__SVC__kernel': 'poly', 'PCA__n_components': 40, 'Scaler': MinMaxScaler(), 'Selector__max_features': 20}",0.29523809523809524,0.2,0.1523809523809524,0.21587301587301588,0.05939138709164986,320
327,0.03845572471618652,0.004011413166528087,0.009894768397013346,0.0006334209677537583,0.01,poly,30,MinMaxScaler(),4,0.001,2.0,3.0,"{'Classifier__SVC__C': 0.01, 'Classifier__SVC__coef0': 2, 'Classifier__SVC__degree': 3, 'Classifier__SVC__gamma': 0.001, 'Classifier__SVC__kernel': 'poly', 'PCA__n_components': 30, 'Scaler': MinMaxScaler(), 'Selector__max_features': 4}",0.20952380952380953,0.2571428571428571,0.3238095238095238,0.2634920634920635,0.04687245415947112,101
328,0.03839953740437826,0.00433228459437638,0.011022329330444336,0.002657322236331344,0.01,poly,30,MinMaxScaler(),8,0.001,2.0,3.0,"{'Classifier__SVC__C': 0.01, 'Classifier__SVC__coef0': 2, 'Classifier__SVC__degree': 3, 'Classifier__SVC__gamma': 0.001, 'Classifier__SVC__kernel': 'poly', 'PCA__n_components': 30, 'Scaler': MinMaxScaler(), 'Selector__max_features': 8}",0.17142857142857143,0.21904761904761905,0.3238095238095238,0.2380952380952381,0.06365059573258229,240
329,0.043256918589274086,0.007989154441754515,0.010780413945515951,0.002352841124234445,0.01,poly,30,MinMaxScaler(),12,0.001,2.0,3.0,"{'Classifier__SVC__C': 0.01, 'Classifier__SVC__coef0': 2, 'Classifier__SVC__degree': 3, 'Classifier__SVC__gamma': 0.001, 'Classifier__SVC__kernel': 'poly', 'PCA__n_components': 30, 'Scaler': MinMaxScaler(), 'Selector__max_features': 12}",0.2571428571428571,0.17142857142857143,0.3238095238095238,0.2507936507936508,0.06237105620440794,181
330,0.049790143966674805,0.020065672996376852,0.009487072626749674,0.00021127369112506264,0.01,poly,30,MinMaxScaler(),16,0.001,2.0,3.0,"{'Classifier__SVC__C': 0.01, 'Classifier__SVC__coef0': 2, 'Classifier__SVC__degree': 3, 'Classifier__SVC__gamma': 0.001, 'Classifier__SVC__kernel': 'poly', 'PCA__n_components': 30, 'Scaler': MinMaxScaler(), 'Selector__max_features': 16}",0.2761904761904762,0.2,0.3238095238095238,0.26666666666666666,0.0509916774736794,55
331,0.03932913144429525,0.005038292046309659,0.010277112325032553,0.001095884635431508,0.01,poly,30,MinMaxScaler(),20,0.001,2.0,3.0,"{'Classifier__SVC__C': 0.01, 'Classifier__SVC__coef0': 2, 'Classifier__SVC__degree': 3, 'Classifier__SVC__gamma': 0.001, 'Classifier__SVC__kernel': 'poly', 'PCA__n_components': 30, 'Scaler': MinMaxScaler(), 'Selector__max_features': 20}",0.2761904761904762,0.2,0.3238095238095238,0.26666666666666666,0.0509916774736794,55
332,0.04432384173075358,0.01230662182273863,0.00895253817240397,0.0006643859678094753,0.01,poly,40,MinMaxScaler(),4,0.001,2.0,3.0,"{'Classifier__SVC__C': 0.01, 'Classifier__SVC__coef0': 2, 'Classifier__SVC__degree': 3, 'Classifier__SVC__gamma': 0.001, 'Classifier__SVC__kernel': 'poly', 'PCA__n_components': 40, 'Scaler': MinMaxScaler(), 'Selector__max_features': 4}",0.22857142857142856,0.24761904761904763,0.3238095238095238,0.26666666666666666,0.04114755998989118,55
333,0.042643229166666664,0.009363958417666036,0.010698795318603516,0.0029154992719671357,0.01,poly,40,MinMaxScaler(),8,0.001,2.0,3.0,"{'Classifier__SVC__C': 0.01, 'Classifier__SVC__coef0': 2, 'Classifier__SVC__degree': 3, 'Classifier__SVC__gamma': 0.001, 'Classifier__SVC__kernel': 'poly', 'PCA__n_components': 40, 'Scaler': MinMaxScaler(), 'Selector__max_features': 8}",0.17142857142857143,0.21904761904761905,0.3238095238095238,0.2380952380952381,0.06365059573258229,240
334,0.03906170527140299,0.004094636287568666,0.012655893961588541,0.002696087446313382,0.01,poly,40,MinMaxScaler(),12,0.001,2.0,3.0,"{'Classifier__SVC__C': 0.01, 'Classifier__SVC__coef0': 2, 'Classifier__SVC__degree': 3, 'Classifier__SVC__gamma': 0.001, 'Classifier__SVC__kernel': 'poly', 'PCA__n_components': 40, 'Scaler': MinMaxScaler(), 'Selector__max_features': 12}",0.17142857142857143,0.1523809523809524,0.3238095238095238,0.21587301587301588,0.07671775221329888,320
335,0.03800423940022787,0.0006535875426134609,0.011026859283447266,0.0019403051324247017,0.01,poly,40,MinMaxScaler(),16,0.001,2.0,3.0,"{'Classifier__SVC__C': 0.01, 'Classifier__SVC__coef0': 2, 'Classifier__SVC__degree': 3, 'Classifier__SVC__gamma': 0.001, 'Classifier__SVC__kernel': 'poly', 'PCA__n_components': 40, 'Scaler': MinMaxScaler(), 'Selector__max_features': 16}",0.2761904761904762,0.17142857142857143,0.3238095238095238,0.2571428571428572,0.06365059573258229,159
336,0.03700884183247884,0.0026433836004721217,0.011233329772949219,0.0012654678887957815,0.01,poly,40,MinMaxScaler(),20,0.001,2.0,3.0,"{'Classifier__SVC__C': 0.01, 'Classifier__SVC__coef0': 2, 'Classifier__SVC__degree': 3, 'Classifier__SVC__gamma': 0.001, 'Classifier__SVC__kernel': 'poly', 'PCA__n_components': 40, 'Scaler': MinMaxScaler(), 'Selector__max_features': 20}",0.26666666666666666,0.20952380952380953,0.3238095238095238,0.26666666666666666,0.046656947481584346,55
337,0.04413541158040365,0.0105278713109542,0.00947713851928711,0.0005488095674398749,0.01,poly,30,MinMaxScaler(),4,0.01,2.0,3.0,"{'Classifier__SVC__C': 0.01, 'Classifier__SVC__coef0': 2, 'Classifier__SVC__degree': 3, 'Classifier__SVC__gamma': 0.01, 'Classifier__SVC__kernel': 'poly', 'PCA__n_components': 30, 'Scaler': MinMaxScaler(), 'Selector__max_features': 4}",0.20952380952380953,0.2571428571428571,0.3238095238095238,0.2634920634920635,0.04687245415947112,101
338,0.0393061637878418,0.004588801164746276,0.011749188105265299,0.0023428139559149293,0.01,poly,30,MinMaxScaler(),8,0.01,2.0,3.0,"{'Classifier__SVC__C': 0.01, 'Classifier__SVC__coef0': 2, 'Classifier__SVC__degree': 3, 'Classifier__SVC__gamma': 0.01, 'Classifier__SVC__kernel': 'poly', 'PCA__n_components': 30, 'Scaler': MinMaxScaler(), 'Selector__max_features': 8}",0.17142857142857143,0.21904761904761905,0.3238095238095238,0.2380952380952381,0.06365059573258229,240
339,0.055341084798177086,0.013296375376620819,0.00911553700764974,0.0007077357523057304,0.01,poly,30,MinMaxScaler(),12,0.01,2.0,3.0,"{'Classifier__SVC__C': 0.01, 'Classifier__SVC__coef0': 2, 'Classifier__SVC__degree': 3, 'Classifier__SVC__gamma': 0.01, 'Classifier__SVC__kernel': 'poly', 'PCA__n_components': 30, 'Scaler': MinMaxScaler(), 'Selector__max_features': 12}",0.2571428571428571,0.17142857142857143,0.3238095238095238,0.2507936507936508,0.06237105620440794,181
340,0.04495485623677572,0.010673423340213487,0.01043097178141276,0.002459563011940261,0.01,poly,30,MinMaxScaler(),16,0.01,2.0,3.0,"{'Classifier__SVC__C': 0.01, 'Classifier__SVC__coef0': 2, 'Classifier__SVC__degree': 3, 'Classifier__SVC__gamma': 0.01, 'Classifier__SVC__kernel': 'poly', 'PCA__n_components': 30, 'Scaler': MinMaxScaler(), 'Selector__max_features': 16}",0.2761904761904762,0.2,0.3238095238095238,0.26666666666666666,0.0509916774736794,55
341,0.04473161697387695,0.002565716575067529,0.010460774103800455,0.00037365419012200956,0.01,poly,30,MinMaxScaler(),20,0.01,2.0,3.0,"{'Classifier__SVC__C': 0.01, 'Classifier__SVC__coef0': 2, 'Classifier__SVC__degree': 3, 'Classifier__SVC__gamma': 0.01, 'Classifier__SVC__kernel': 'poly', 'PCA__n_components': 30, 'Scaler': MinMaxScaler(), 'Selector__max_features': 20}",0.2761904761904762,0.2,0.3238095238095238,0.26666666666666666,0.0509916774736794,55
342,0.03836886088053385,0.0013933474592537193,0.009997924168904623,7.407015483894814e-05,0.01,poly,40,MinMaxScaler(),4,0.01,2.0,3.0,"{'Classifier__SVC__C': 0.01, 'Classifier__SVC__coef0': 2, 'Classifier__SVC__degree': 3, 'Classifier__SVC__gamma': 0.01, 'Classifier__SVC__kernel': 'poly', 'PCA__n_components': 40, 'Scaler': MinMaxScaler(), 'Selector__max_features': 4}",0.22857142857142856,0.24761904761904763,0.3238095238095238,0.26666666666666666,0.04114755998989118,55
343,0.04549121856689453,0.007201662510131125,0.009543657302856445,0.0006421409817811483,0.01,poly,40,MinMaxScaler(),8,0.01,2.0,3.0,"{'Classifier__SVC__C': 0.01, 'Classifier__SVC__coef0': 2, 'Classifier__SVC__degree': 3, 'Classifier__SVC__gamma': 0.01, 'Classifier__SVC__kernel': 'poly', 'PCA__n_components': 40, 'Scaler': MinMaxScaler(), 'Selector__max_features': 8}",0.17142857142857143,0.21904761904761905,0.3238095238095238,0.2380952380952381,0.06365059573258229,240
344,0.043148040771484375,0.0068168788314305,0.011398235956827799,0.001854092963385997,0.01,poly,40,MinMaxScaler(),12,0.01,2.0,3.0,"{'Classifier__SVC__C': 0.01, 'Classifier__SVC__coef0': 2, 'Classifier__SVC__degree': 3, 'Classifier__SVC__gamma': 0.01, 'Classifier__SVC__kernel': 'poly', 'PCA__n_components': 40, 'Scaler': MinMaxScaler(), 'Selector__max_features': 12}",0.17142857142857143,0.1523809523809524,0.3238095238095238,0.21587301587301588,0.07671775221329888,320
345,0.03986581166585287,0.0034020087898032282,0.011780659357706705,0.002334823145752414,0.01,poly,40,MinMaxScaler(),16,0.01,2.0,3.0,"{'Classifier__SVC__C': 0.01, 'Classifier__SVC__coef0': 2, 'Classifier__SVC__degree': 3, 'Classifier__SVC__gamma': 0.01, 'Classifier__SVC__kernel': 'poly', 'PCA__n_components': 40, 'Scaler': MinMaxScaler(), 'Selector__max_features': 16}",0.2761904761904762,0.17142857142857143,0.3238095238095238,0.2571428571428572,0.06365059573258229,159
346,0.04348119099934896,0.0022031626447233978,0.00989691416422526,0.0004499871499339789,0.01,poly,40,MinMaxScaler(),20,0.01,2.0,3.0,"{'Classifier__SVC__C': 0.01, 'Classifier__SVC__coef0': 2, 'Classifier__SVC__degree': 3, 'Classifier__SVC__gamma': 0.01, 'Classifier__SVC__kernel': 'poly', 'PCA__n_components': 40, 'Scaler': MinMaxScaler(), 'Selector__max_features': 20}",0.26666666666666666,0.20952380952380953,0.3238095238095238,0.26666666666666666,0.046656947481584346,55
347,0.039321343104044594,0.0005585024071717581,0.00856630007425944,5.3312844288561515e-05,0.01,poly,30,MinMaxScaler(),4,0.001,2.0,5.0,"{'Classifier__SVC__C': 0.01, 'Classifier__SVC__coef0': 2, 'Classifier__SVC__degree': 5, 'Classifier__SVC__gamma': 0.001, 'Classifier__SVC__kernel': 'poly', 'PCA__n_components': 30, 'Scaler': MinMaxScaler(), 'Selector__max_features': 4}",0.20952380952380953,0.2571428571428571,0.3238095238095238,0.2634920634920635,0.04687245415947112,101
348,0.03999789555867513,0.000999281208012583,0.009700934092203775,0.0008797625395496997,0.01,poly,30,MinMaxScaler(),8,0.001,2.0,5.0,"{'Classifier__SVC__C': 0.01, 'Classifier__SVC__coef0': 2, 'Classifier__SVC__degree': 5, 'Classifier__SVC__gamma': 0.001, 'Classifier__SVC__kernel': 'poly', 'PCA__n_components': 30, 'Scaler': MinMaxScaler(), 'Selector__max_features': 8}",0.17142857142857143,0.21904761904761905,0.3238095238095238,0.2380952380952381,0.06365059573258229,240
349,0.03450528780619303,0.002005064523363237,0.009920914967854818,0.0008333004894014797,0.01,poly,30,MinMaxScaler(),12,0.001,2.0,5.0,"{'Classifier__SVC__C': 0.01, 'Classifier__SVC__coef0': 2, 'Classifier__SVC__degree': 5, 'Classifier__SVC__gamma': 0.001, 'Classifier__SVC__kernel': 'poly', 'PCA__n_components': 30, 'Scaler': MinMaxScaler(), 'Selector__max_features': 12}",0.2571428571428571,0.17142857142857143,0.3238095238095238,0.2507936507936508,0.06237105620440794,181
350,0.034799416859944664,0.0012379172842699757,0.010184288024902344,0.0008619373637771387,0.01,poly,30,MinMaxScaler(),16,0.001,2.0,5.0,"{'Classifier__SVC__C': 0.01, 'Classifier__SVC__coef0': 2, 'Classifier__SVC__degree': 5, 'Classifier__SVC__gamma': 0.001, 'Classifier__SVC__kernel': 'poly', 'PCA__n_components': 30, 'Scaler': MinMaxScaler(), 'Selector__max_features': 16}",0.2761904761904762,0.2,0.3238095238095238,0.26666666666666666,0.0509916774736794,55
351,0.05128614107767741,0.009860913575904675,0.012826999028523764,0.0028984336609169173,0.01,poly,30,MinMaxScaler(),20,0.001,2.0,5.0,"{'Classifier__SVC__C': 0.01, 'Classifier__SVC__coef0': 2, 'Classifier__SVC__degree': 5, 'Classifier__SVC__gamma': 0.001, 'Classifier__SVC__kernel': 'poly', 'PCA__n_components': 30, 'Scaler': MinMaxScaler(), 'Selector__max_features': 20}",0.2761904761904762,0.2,0.3238095238095238,0.26666666666666666,0.0509916774736794,55
352,0.04102516174316406,0.0066195596803344135,0.009556055068969727,1.2812641947311786e-05,0.01,poly,40,MinMaxScaler(),4,0.001,2.0,5.0,"{'Classifier__SVC__C': 0.01, 'Classifier__SVC__coef0': 2, 'Classifier__SVC__degree': 5, 'Classifier__SVC__gamma': 0.001, 'Classifier__SVC__kernel': 'poly', 'PCA__n_components': 40, 'Scaler': MinMaxScaler(), 'Selector__max_features': 4}",0.22857142857142856,0.24761904761904763,0.3238095238095238,0.26666666666666666,0.04114755998989118,55
353,0.049092372258504234,0.011260912525967481,0.009383201599121094,0.000230556806506896,0.01,poly,40,MinMaxScaler(),8,0.001,2.0,5.0,"{'Classifier__SVC__C': 0.01, 'Classifier__SVC__coef0': 2, 'Classifier__SVC__degree': 5, 'Classifier__SVC__gamma': 0.001, 'Classifier__SVC__kernel': 'poly', 'PCA__n_components': 40, 'Scaler': MinMaxScaler(), 'Selector__max_features': 8}",0.17142857142857143,0.21904761904761905,0.3238095238095238,0.2380952380952381,0.06365059573258229,240
354,0.04675610860188802,0.012521727477826762,0.013239701588948568,0.005607358495428573,0.01,poly,40,MinMaxScaler(),12,0.001,2.0,5.0,"{'Classifier__SVC__C': 0.01, 'Classifier__SVC__coef0': 2, 'Classifier__SVC__degree': 5, 'Classifier__SVC__gamma': 0.001, 'Classifier__SVC__kernel': 'poly', 'PCA__n_components': 40, 'Scaler': MinMaxScaler(), 'Selector__max_features': 12}",0.17142857142857143,0.1523809523809524,0.3238095238095238,0.21587301587301588,0.07671775221329888,320
355,0.04239773750305176,0.008390126427921958,0.009825388590494791,0.0007879475016848521,0.01,poly,40,MinMaxScaler(),16,0.001,2.0,5.0,"{'Classifier__SVC__C': 0.01, 'Classifier__SVC__coef0': 2, 'Classifier__SVC__degree': 5, 'Classifier__SVC__gamma': 0.001, 'Classifier__SVC__kernel': 'poly', 'PCA__n_components': 40, 'Scaler': MinMaxScaler(), 'Selector__max_features': 16}",0.2761904761904762,0.17142857142857143,0.3238095238095238,0.2571428571428572,0.06365059573258229,159
356,0.039699554443359375,0.002876283141440649,0.016438007354736328,0.003878600982720909,0.01,poly,40,MinMaxScaler(),20,0.001,2.0,5.0,"{'Classifier__SVC__C': 0.01, 'Classifier__SVC__coef0': 2, 'Classifier__SVC__degree': 5, 'Classifier__SVC__gamma': 0.001, 'Classifier__SVC__kernel': 'poly', 'PCA__n_components': 40, 'Scaler': MinMaxScaler(), 'Selector__max_features': 20}",0.26666666666666666,0.20952380952380953,0.3238095238095238,0.26666666666666666,0.046656947481584346,55
357,0.04339440663655599,0.009700361882587417,0.010460615158081055,0.00013482031332191744,0.01,poly,30,MinMaxScaler(),4,0.01,2.0,5.0,"{'Classifier__SVC__C': 0.01, 'Classifier__SVC__coef0': 2, 'Classifier__SVC__degree': 5, 'Classifier__SVC__gamma': 0.01, 'Classifier__SVC__kernel': 'poly', 'PCA__n_components': 30, 'Scaler': MinMaxScaler(), 'Selector__max_features': 4}",0.20952380952380953,0.2571428571428571,0.3238095238095238,0.2634920634920635,0.04687245415947112,101
358,0.036900997161865234,0.002712242155068894,0.010364770889282227,0.0011292166384388037,0.01,poly,30,MinMaxScaler(),8,0.01,2.0,5.0,"{'Classifier__SVC__C': 0.01, 'Classifier__SVC__coef0': 2, 'Classifier__SVC__degree': 5, 'Classifier__SVC__gamma': 0.01, 'Classifier__SVC__kernel': 'poly', 'PCA__n_components': 30, 'Scaler': MinMaxScaler(), 'Selector__max_features': 8}",0.18095238095238095,0.21904761904761905,0.3238095238095238,0.2412698412698413,0.06040094473155699,234
359,0.041246493657430015,0.004269274512239611,0.00964808464050293,0.0006240589191312492,0.01,poly,30,MinMaxScaler(),12,0.01,2.0,5.0,"{'Classifier__SVC__C': 0.01, 'Classifier__SVC__coef0': 2, 'Classifier__SVC__degree': 5, 'Classifier__SVC__gamma': 0.01, 'Classifier__SVC__kernel': 'poly', 'PCA__n_components': 30, 'Scaler': MinMaxScaler(), 'Selector__max_features': 12}",0.2571428571428571,0.17142857142857143,0.3238095238095238,0.2507936507936508,0.06237105620440794,181
360,0.03888845443725586,0.002181544651267173,0.010558525721232096,0.0008320480341426687,0.01,poly,30,MinMaxScaler(),16,0.01,2.0,5.0,"{'Classifier__SVC__C': 0.01, 'Classifier__SVC__coef0': 2, 'Classifier__SVC__degree': 5, 'Classifier__SVC__gamma': 0.01, 'Classifier__SVC__kernel': 'poly', 'PCA__n_components': 30, 'Scaler': MinMaxScaler(), 'Selector__max_features': 16}",0.2761904761904762,0.2,0.3238095238095238,0.26666666666666666,0.0509916774736794,55
361,0.04816436767578125,0.011286240561002242,0.010047515233357748,0.0011123277927514918,0.01,poly,30,MinMaxScaler(),20,0.01,2.0,5.0,"{'Classifier__SVC__C': 0.01, 'Classifier__SVC__coef0': 2, 'Classifier__SVC__degree': 5, 'Classifier__SVC__gamma': 0.01, 'Classifier__SVC__kernel': 'poly', 'PCA__n_components': 30, 'Scaler': MinMaxScaler(), 'Selector__max_features': 20}",0.2761904761904762,0.2,0.3238095238095238,0.26666666666666666,0.0509916774736794,55
362,0.04038222630818685,0.00550653659723986,0.012143850326538086,0.0031636716579932236,0.01,poly,40,MinMaxScaler(),4,0.01,2.0,5.0,"{'Classifier__SVC__C': 0.01, 'Classifier__SVC__coef0': 2, 'Classifier__SVC__degree': 5, 'Classifier__SVC__gamma': 0.01, 'Classifier__SVC__kernel': 'poly', 'PCA__n_components': 40, 'Scaler': MinMaxScaler(), 'Selector__max_features': 4}",0.22857142857142856,0.24761904761904763,0.3238095238095238,0.26666666666666666,0.04114755998989118,55
363,0.03921349843343099,0.007050693332051888,0.011850516001383463,0.0019505136140192663,0.01,poly,40,MinMaxScaler(),8,0.01,2.0,5.0,"{'Classifier__SVC__C': 0.01, 'Classifier__SVC__coef0': 2, 'Classifier__SVC__degree': 5, 'Classifier__SVC__gamma': 0.01, 'Classifier__SVC__kernel': 'poly', 'PCA__n_components': 40, 'Scaler': MinMaxScaler(), 'Selector__max_features': 8}",0.17142857142857143,0.21904761904761905,0.3238095238095238,0.2380952380952381,0.06365059573258229,240
364,0.04084054629007975,0.004217398820262969,0.011679728825887045,0.0025776491406681464,0.01,poly,40,MinMaxScaler(),12,0.01,2.0,5.0,"{'Classifier__SVC__C': 0.01, 'Classifier__SVC__coef0': 2, 'Classifier__SVC__degree': 5, 'Classifier__SVC__gamma': 0.01, 'Classifier__SVC__kernel': 'poly', 'PCA__n_components': 40, 'Scaler': MinMaxScaler(), 'Selector__max_features': 12}",0.17142857142857143,0.1523809523809524,0.3238095238095238,0.21587301587301588,0.07671775221329888,320
365,0.042016824086507164,0.00429854592594779,0.009986559549967447,0.0008910007859751329,0.01,poly,40,MinMaxScaler(),16,0.01,2.0,5.0,"{'Classifier__SVC__C': 0.01, 'Classifier__SVC__coef0': 2, 'Classifier__SVC__degree': 5, 'Classifier__SVC__gamma': 0.01, 'Classifier__SVC__kernel': 'poly', 'PCA__n_components': 40, 'Scaler': MinMaxScaler(), 'Selector__max_features': 16}",0.2761904761904762,0.17142857142857143,0.3238095238095238,0.2571428571428572,0.06365059573258229,159
366,0.037087043126424156,0.001856862358261764,0.011003335316975912,0.001465859035601312,0.01,poly,40,MinMaxScaler(),20,0.01,2.0,5.0,"{'Classifier__SVC__C': 0.01, 'Classifier__SVC__coef0': 2, 'Classifier__SVC__degree': 5, 'Classifier__SVC__gamma': 0.01, 'Classifier__SVC__kernel': 'poly', 'PCA__n_components': 40, 'Scaler': MinMaxScaler(), 'Selector__max_features': 20}",0.26666666666666666,0.20952380952380953,0.3238095238095238,0.26666666666666666,0.046656947481584346,55
367,0.04224626223246256,0.008688753804588447,0.01051640510559082,0.0014821951721482923,0.01,poly,30,MinMaxScaler(),4,0.001,4.0,3.0,"{'Classifier__SVC__C': 0.01, 'Classifier__SVC__coef0': 4, 'Classifier__SVC__degree': 3, 'Classifier__SVC__gamma': 0.001, 'Classifier__SVC__kernel': 'poly', 'PCA__n_components': 30, 'Scaler': MinMaxScaler(), 'Selector__max_features': 4}",0.20952380952380953,0.2571428571428571,0.3238095238095238,0.2634920634920635,0.04687245415947112,101
368,0.03735160827636719,0.004461537188639653,0.010117848714192709,0.00010661591441175216,0.01,poly,30,MinMaxScaler(),8,0.001,4.0,3.0,"{'Classifier__SVC__C': 0.01, 'Classifier__SVC__coef0': 4, 'Classifier__SVC__degree': 3, 'Classifier__SVC__gamma': 0.001, 'Classifier__SVC__kernel': 'poly', 'PCA__n_components': 30, 'Scaler': MinMaxScaler(), 'Selector__max_features': 8}",0.17142857142857143,0.21904761904761905,0.3238095238095238,0.2380952380952381,0.06365059573258229,240
369,0.0430901845296224,0.005824029794539766,0.010463873545328775,0.0016604783693153077,0.01,poly,30,MinMaxScaler(),12,0.001,4.0,3.0,"{'Classifier__SVC__C': 0.01, 'Classifier__SVC__coef0': 4, 'Classifier__SVC__degree': 3, 'Classifier__SVC__gamma': 0.001, 'Classifier__SVC__kernel': 'poly', 'PCA__n_components': 30, 'Scaler': MinMaxScaler(), 'Selector__max_features': 12}",0.2571428571428571,0.17142857142857143,0.3238095238095238,0.2507936507936508,0.06237105620440794,181
370,0.040783325831095375,0.004992906338504968,0.010388056437174479,0.0010456011866631994,0.01,poly,30,MinMaxScaler(),16,0.001,4.0,3.0,"{'Classifier__SVC__C': 0.01, 'Classifier__SVC__coef0': 4, 'Classifier__SVC__degree': 3, 'Classifier__SVC__gamma': 0.001, 'Classifier__SVC__kernel': 'poly', 'PCA__n_components': 30, 'Scaler': MinMaxScaler(), 'Selector__max_features': 16}",0.2761904761904762,0.2,0.3238095238095238,0.26666666666666666,0.0509916774736794,55
371,0.04048323631286621,0.0014796138052585552,0.010741790135701498,0.0012807229641777786,0.01,poly,30,MinMaxScaler(),20,0.001,4.0,3.0,"{'Classifier__SVC__C': 0.01, 'Classifier__SVC__coef0': 4, 'Classifier__SVC__degree': 3, 'Classifier__SVC__gamma': 0.001, 'Classifier__SVC__kernel': 'poly', 'PCA__n_components': 30, 'Scaler': MinMaxScaler(), 'Selector__max_features': 20}",0.2761904761904762,0.2,0.3238095238095238,0.26666666666666666,0.0509916774736794,55
372,0.03785626093546549,0.001974194427295029,0.00983579953511556,0.0005674151586761651,0.01,poly,40,MinMaxScaler(),4,0.001,4.0,3.0,"{'Classifier__SVC__C': 0.01, 'Classifier__SVC__coef0': 4, 'Classifier__SVC__degree': 3, 'Classifier__SVC__gamma': 0.001, 'Classifier__SVC__kernel': 'poly', 'PCA__n_components': 40, 'Scaler': MinMaxScaler(), 'Selector__max_features': 4}",0.22857142857142856,0.24761904761904763,0.3238095238095238,0.26666666666666666,0.04114755998989118,55
373,0.03576437632242838,0.0006125646361334048,0.009525299072265625,0.000822124812013821,0.01,poly,40,MinMaxScaler(),8,0.001,4.0,3.0,"{'Classifier__SVC__C': 0.01, 'Classifier__SVC__coef0': 4, 'Classifier__SVC__degree': 3, 'Classifier__SVC__gamma': 0.001, 'Classifier__SVC__kernel': 'poly', 'PCA__n_components': 40, 'Scaler': MinMaxScaler(), 'Selector__max_features': 8}",0.17142857142857143,0.21904761904761905,0.3238095238095238,0.2380952380952381,0.06365059573258229,240
374,0.050280094146728516,0.022463373207540323,0.009869972864786783,0.0005002816960014342,0.01,poly,40,MinMaxScaler(),12,0.001,4.0,3.0,"{'Classifier__SVC__C': 0.01, 'Classifier__SVC__coef0': 4, 'Classifier__SVC__degree': 3, 'Classifier__SVC__gamma': 0.001, 'Classifier__SVC__kernel': 'poly', 'PCA__n_components': 40, 'Scaler': MinMaxScaler(), 'Selector__max_features': 12}",0.17142857142857143,0.1523809523809524,0.3238095238095238,0.21587301587301588,0.07671775221329888,320
375,0.0476226806640625,0.008816491912025756,0.012372255325317383,0.0037813639026772366,0.01,poly,40,MinMaxScaler(),16,0.001,4.0,3.0,"{'Classifier__SVC__C': 0.01, 'Classifier__SVC__coef0': 4, 'Classifier__SVC__degree': 3, 'Classifier__SVC__gamma': 0.001, 'Classifier__SVC__kernel': 'poly', 'PCA__n_components': 40, 'Scaler': MinMaxScaler(), 'Selector__max_features': 16}",0.2761904761904762,0.17142857142857143,0.3238095238095238,0.2571428571428572,0.06365059573258229,159
376,0.048795620600382485,0.012145801900260753,0.01003575325012207,0.0006868588372260396,0.01,poly,40,MinMaxScaler(),20,0.001,4.0,3.0,"{'Classifier__SVC__C': 0.01, 'Classifier__SVC__coef0': 4, 'Classifier__SVC__degree': 3, 'Classifier__SVC__gamma': 0.001, 'Classifier__SVC__kernel': 'poly', 'PCA__n_components': 40, 'Scaler': MinMaxScaler(), 'Selector__max_features': 20}",0.26666666666666666,0.20952380952380953,0.3238095238095238,0.26666666666666666,0.046656947481584346,55
377,0.04729692141215006,0.009993158607626312,0.010629494984944662,0.0012804195942064122,0.01,poly,30,MinMaxScaler(),4,0.01,4.0,3.0,"{'Classifier__SVC__C': 0.01, 'Classifier__SVC__coef0': 4, 'Classifier__SVC__degree': 3, 'Classifier__SVC__gamma': 0.01, 'Classifier__SVC__kernel': 'poly', 'PCA__n_components': 30, 'Scaler': MinMaxScaler(), 'Selector__max_features': 4}",0.20952380952380953,0.2571428571428571,0.3238095238095238,0.2634920634920635,0.04687245415947112,101
378,0.04673997561136881,0.00514564747136735,0.009867509206136068,0.0012860186672265736,0.01,poly,30,MinMaxScaler(),8,0.01,4.0,3.0,"{'Classifier__SVC__C': 0.01, 'Classifier__SVC__coef0': 4, 'Classifier__SVC__degree': 3, 'Classifier__SVC__gamma': 0.01, 'Classifier__SVC__kernel': 'poly', 'PCA__n_components': 30, 'Scaler': MinMaxScaler(), 'Selector__max_features': 8}",0.17142857142857143,0.21904761904761905,0.3238095238095238,0.2380952380952381,0.06365059573258229,240
379,0.04181075096130371,0.007102013637426032,0.009778658548990885,0.0004580941238243168,0.01,poly,30,MinMaxScaler(),12,0.01,4.0,3.0,"{'Classifier__SVC__C': 0.01, 'Classifier__SVC__coef0': 4, 'Classifier__SVC__degree': 3, 'Classifier__SVC__gamma': 0.01, 'Classifier__SVC__kernel': 'poly', 'PCA__n_components': 30, 'Scaler': MinMaxScaler(), 'Selector__max_features': 12}",0.2571428571428571,0.17142857142857143,0.3238095238095238,0.2507936507936508,0.06237105620440794,181
380,0.05097111066182455,0.02059301860301269,0.009312152862548828,0.00021376881564725452,0.01,poly,30,MinMaxScaler(),16,0.01,4.0,3.0,"{'Classifier__SVC__C': 0.01, 'Classifier__SVC__coef0': 4, 'Classifier__SVC__degree': 3, 'Classifier__SVC__gamma': 0.01, 'Classifier__SVC__kernel': 'poly', 'PCA__n_components': 30, 'Scaler': MinMaxScaler(), 'Selector__max_features': 16}",0.2761904761904762,0.2,0.3238095238095238,0.26666666666666666,0.0509916774736794,55
381,0.04833833376566569,0.00946580377026657,0.009178241093953451,0.0004554615451670758,0.01,poly,30,MinMaxScaler(),20,0.01,4.0,3.0,"{'Classifier__SVC__C': 0.01, 'Classifier__SVC__coef0': 4, 'Classifier__SVC__degree': 3, 'Classifier__SVC__gamma': 0.01, 'Classifier__SVC__kernel': 'poly', 'PCA__n_components': 30, 'Scaler': MinMaxScaler(), 'Selector__max_features': 20}",0.2761904761904762,0.2,0.3238095238095238,0.26666666666666666,0.0509916774736794,55
382,0.04039128621419271,0.008870889421480113,0.009846925735473633,0.0004991017201434261,0.01,poly,40,MinMaxScaler(),4,0.01,4.0,3.0,"{'Classifier__SVC__C': 0.01, 'Classifier__SVC__coef0': 4, 'Classifier__SVC__degree': 3, 'Classifier__SVC__gamma': 0.01, 'Classifier__SVC__kernel': 'poly', 'PCA__n_components': 40, 'Scaler': MinMaxScaler(), 'Selector__max_features': 4}",0.22857142857142856,0.24761904761904763,0.3238095238095238,0.26666666666666666,0.04114755998989118,55
383,0.04445012410481771,0.005861869638427561,0.010228315989176432,0.0017405465543560007,0.01,poly,40,MinMaxScaler(),8,0.01,4.0,3.0,"{'Classifier__SVC__C': 0.01, 'Classifier__SVC__coef0': 4, 'Classifier__SVC__degree': 3, 'Classifier__SVC__gamma': 0.01, 'Classifier__SVC__kernel': 'poly', 'PCA__n_components': 40, 'Scaler': MinMaxScaler(), 'Selector__max_features': 8}",0.17142857142857143,0.21904761904761905,0.3238095238095238,0.2380952380952381,0.06365059573258229,240
384,0.041346232096354164,0.006378921012039677,0.011084874471028646,0.0011124634802892044,0.01,poly,40,MinMaxScaler(),12,0.01,4.0,3.0,"{'Classifier__SVC__C': 0.01, 'Classifier__SVC__coef0': 4, 'Classifier__SVC__degree': 3, 'Classifier__SVC__gamma': 0.01, 'Classifier__SVC__kernel': 'poly', 'PCA__n_components': 40, 'Scaler': MinMaxScaler(), 'Selector__max_features': 12}",0.17142857142857143,0.1523809523809524,0.3238095238095238,0.21587301587301588,0.07671775221329888,320
385,0.04275012016296387,0.0044953609623010595,0.009394963582356771,0.0008832266453895722,0.01,poly,40,MinMaxScaler(),16,0.01,4.0,3.0,"{'Classifier__SVC__C': 0.01, 'Classifier__SVC__coef0': 4, 'Classifier__SVC__degree': 3, 'Classifier__SVC__gamma': 0.01, 'Classifier__SVC__kernel': 'poly', 'PCA__n_components': 40, 'Scaler': MinMaxScaler(), 'Selector__max_features': 16}",0.2761904761904762,0.17142857142857143,0.3238095238095238,0.2571428571428572,0.06365059573258229,159
386,0.046204566955566406,0.012937423738437552,0.009908755620320639,0.0012000942218056863,0.01,poly,40,MinMaxScaler(),20,0.01,4.0,3.0,"{'Classifier__SVC__C': 0.01, 'Classifier__SVC__coef0': 4, 'Classifier__SVC__degree': 3, 'Classifier__SVC__gamma': 0.01, 'Classifier__SVC__kernel': 'poly', 'PCA__n_components': 40, 'Scaler': MinMaxScaler(), 'Selector__max_features': 20}",0.26666666666666666,0.20952380952380953,0.3238095238095238,0.26666666666666666,0.046656947481584346,55
387,0.04510807991027832,0.007285635357892423,0.010404507319132486,0.001333497575330124,0.01,poly,30,MinMaxScaler(),4,0.001,4.0,5.0,"{'Classifier__SVC__C': 0.01, 'Classifier__SVC__coef0': 4, 'Classifier__SVC__degree': 5, 'Classifier__SVC__gamma': 0.001, 'Classifier__SVC__kernel': 'poly', 'PCA__n_components': 30, 'Scaler': MinMaxScaler(), 'Selector__max_features': 4}",0.20952380952380953,0.2571428571428571,0.3238095238095238,0.2634920634920635,0.04687245415947112,101
388,0.04323641459147135,0.007555881527076393,0.009893655776977539,0.0010388609293634334,0.01,poly,30,MinMaxScaler(),8,0.001,4.0,5.0,"{'Classifier__SVC__C': 0.01, 'Classifier__SVC__coef0': 4, 'Classifier__SVC__degree': 5, 'Classifier__SVC__gamma': 0.001, 'Classifier__SVC__kernel': 'poly', 'PCA__n_components': 30, 'Scaler': MinMaxScaler(), 'Selector__max_features': 8}",0.17142857142857143,0.21904761904761905,0.3238095238095238,0.2380952380952381,0.06365059573258229,240
389,0.04292702674865723,0.005332592978501083,0.00989826520284017,0.0006324046805883575,0.01,poly,30,MinMaxScaler(),12,0.001,4.0,5.0,"{'Classifier__SVC__C': 0.01, 'Classifier__SVC__coef0': 4, 'Classifier__SVC__degree': 5, 'Classifier__SVC__gamma': 0.001, 'Classifier__SVC__kernel': 'poly', 'PCA__n_components': 30, 'Scaler': MinMaxScaler(), 'Selector__max_features': 12}",0.2571428571428571,0.17142857142857143,0.3238095238095238,0.2507936507936508,0.06237105620440794,181
390,0.043005784352620445,0.005859209925060017,0.0116270383199056,0.0017352102257882016,0.01,poly,30,MinMaxScaler(),16,0.001,4.0,5.0,"{'Classifier__SVC__C': 0.01, 'Classifier__SVC__coef0': 4, 'Classifier__SVC__degree': 5, 'Classifier__SVC__gamma': 0.001, 'Classifier__SVC__kernel': 'poly', 'PCA__n_components': 30, 'Scaler': MinMaxScaler(), 'Selector__max_features': 16}",0.2761904761904762,0.2,0.3238095238095238,0.26666666666666666,0.0509916774736794,55
391,0.04532440503438314,0.006428362338981108,0.01262052853902181,0.00438018156383971,0.01,poly,30,MinMaxScaler(),20,0.001,4.0,5.0,"{'Classifier__SVC__C': 0.01, 'Classifier__SVC__coef0': 4, 'Classifier__SVC__degree': 5, 'Classifier__SVC__gamma': 0.001, 'Classifier__SVC__kernel': 'poly', 'PCA__n_components': 30, 'Scaler': MinMaxScaler(), 'Selector__max_features': 20}",0.2761904761904762,0.2,0.3238095238095238,0.26666666666666666,0.0509916774736794,55
392,0.04193655649820963,0.004878876635928237,0.012979427973429361,0.0038719060206145028,0.01,poly,40,MinMaxScaler(),4,0.001,4.0,5.0,"{'Classifier__SVC__C': 0.01, 'Classifier__SVC__coef0': 4, 'Classifier__SVC__degree': 5, 'Classifier__SVC__gamma': 0.001, 'Classifier__SVC__kernel': 'poly', 'PCA__n_components': 40, 'Scaler': MinMaxScaler(), 'Selector__max_features': 4}",0.22857142857142856,0.24761904761904763,0.3238095238095238,0.26666666666666666,0.04114755998989118,55
393,0.03693509101867676,0.0012010076183195614,0.011106729507446289,0.002230748397984599,0.01,poly,40,MinMaxScaler(),8,0.001,4.0,5.0,"{'Classifier__SVC__C': 0.01, 'Classifier__SVC__coef0': 4, 'Classifier__SVC__degree': 5, 'Classifier__SVC__gamma': 0.001, 'Classifier__SVC__kernel': 'poly', 'PCA__n_components': 40, 'Scaler': MinMaxScaler(), 'Selector__max_features': 8}",0.17142857142857143,0.21904761904761905,0.3238095238095238,0.2380952380952381,0.06365059573258229,240
394,0.0438849131266276,0.006625774465047048,0.011193434397379557,0.0042157987353911705,0.01,poly,40,MinMaxScaler(),12,0.001,4.0,5.0,"{'Classifier__SVC__C': 0.01, 'Classifier__SVC__coef0': 4, 'Classifier__SVC__degree': 5, 'Classifier__SVC__gamma': 0.001, 'Classifier__SVC__kernel': 'poly', 'PCA__n_components': 40, 'Scaler': MinMaxScaler(), 'Selector__max_features': 12}",0.17142857142857143,0.1523809523809524,0.3238095238095238,0.21587301587301588,0.07671775221329888,320
395,0.034134864807128906,0.00040990822175395543,0.00970760981241862,0.000241336477601621,0.01,poly,40,MinMaxScaler(),16,0.001,4.0,5.0,"{'Classifier__SVC__C': 0.01, 'Classifier__SVC__coef0': 4, 'Classifier__SVC__degree': 5, 'Classifier__SVC__gamma': 0.001, 'Classifier__SVC__kernel': 'poly', 'PCA__n_components': 40, 'Scaler': MinMaxScaler(), 'Selector__max_features': 16}",0.2761904761904762,0.17142857142857143,0.3238095238095238,0.2571428571428572,0.06365059573258229,159
396,0.03546492258707682,0.0012413628733223836,0.009976545969645182,0.0001857038760198509,0.01,poly,40,MinMaxScaler(),20,0.001,4.0,5.0,"{'Classifier__SVC__C': 0.01, 'Classifier__SVC__coef0': 4, 'Classifier__SVC__degree': 5, 'Classifier__SVC__gamma': 0.001, 'Classifier__SVC__kernel': 'poly', 'PCA__n_components': 40, 'Scaler': MinMaxScaler(), 'Selector__max_features': 20}",0.26666666666666666,0.20952380952380953,0.3238095238095238,0.26666666666666666,0.046656947481584346,55
397,0.03518780072530111,0.001084003927405069,0.010164260864257812,0.0022086900286464087,0.01,poly,30,MinMaxScaler(),4,0.01,4.0,5.0,"{'Classifier__SVC__C': 0.01, 'Classifier__SVC__coef0': 4, 'Classifier__SVC__degree': 5, 'Classifier__SVC__gamma': 0.01, 'Classifier__SVC__kernel': 'poly', 'PCA__n_components': 30, 'Scaler': MinMaxScaler(), 'Selector__max_features': 4}",0.20952380952380953,0.2571428571428571,0.3238095238095238,0.2634920634920635,0.04687245415947112,101
398,0.03694891929626465,0.0017028931808282274,0.01143344243367513,0.0018860774698852148,0.01,poly,30,MinMaxScaler(),8,0.01,4.0,5.0,"{'Classifier__SVC__C': 0.01, 'Classifier__SVC__coef0': 4, 'Classifier__SVC__degree': 5, 'Classifier__SVC__gamma': 0.01, 'Classifier__SVC__kernel': 'poly', 'PCA__n_components': 30, 'Scaler': MinMaxScaler(), 'Selector__max_features': 8}",0.13333333333333333,0.21904761904761905,0.34285714285714286,0.23174603174603173,0.08600772815329566,264
399,0.04730614026387533,0.011290681863054836,0.00960103670756022,0.0008001939956364884,0.01,poly,30,MinMaxScaler(),12,0.01,4.0,5.0,"{'Classifier__SVC__C': 0.01, 'Classifier__SVC__coef0': 4, 'Classifier__SVC__degree': 5, 'Classifier__SVC__gamma': 0.01, 'Classifier__SVC__kernel': 'poly', 'PCA__n_components': 30, 'Scaler': MinMaxScaler(), 'Selector__max_features': 12}",0.13333333333333333,0.0761904761904762,0.2857142857142857,0.16507936507936508,0.08843421128370868,661
400,0.03910326957702637,0.004774522521592509,0.011000951131184896,0.0018434581718404378,0.01,poly,30,MinMaxScaler(),16,0.01,4.0,5.0,"{'Classifier__SVC__C': 0.01, 'Classifier__SVC__coef0': 4, 'Classifier__SVC__degree': 5, 'Classifier__SVC__gamma': 0.01, 'Classifier__SVC__kernel': 'poly', 'PCA__n_components': 30, 'Scaler': MinMaxScaler(), 'Selector__max_features': 16}",0.1619047619047619,0.10476190476190476,0.2571428571428571,0.17460317460317457,0.06285393610547088,633
401,0.04535404841105143,0.008670337321216207,0.012054920196533203,0.0025376963625471176,0.01,poly,30,MinMaxScaler(),20,0.01,4.0,5.0,"{'Classifier__SVC__C': 0.01, 'Classifier__SVC__coef0': 4, 'Classifier__SVC__degree': 5, 'Classifier__SVC__gamma': 0.01, 'Classifier__SVC__kernel': 'poly', 'PCA__n_components': 30, 'Scaler': MinMaxScaler(), 'Selector__max_features': 20}",0.1619047619047619,0.10476190476190476,0.2571428571428571,0.17460317460317457,0.06285393610547088,633
402,0.03675087292989095,0.0022333183877997704,0.012235482533772787,0.001448332255908815,0.01,poly,40,MinMaxScaler(),4,0.01,4.0,5.0,"{'Classifier__SVC__C': 0.01, 'Classifier__SVC__coef0': 4, 'Classifier__SVC__degree': 5, 'Classifier__SVC__gamma': 0.01, 'Classifier__SVC__kernel': 'poly', 'PCA__n_components': 40, 'Scaler': MinMaxScaler(), 'Selector__max_features': 4}",0.22857142857142856,0.24761904761904763,0.3238095238095238,0.26666666666666666,0.04114755998989118,55
403,0.03734445571899414,0.001363140178569847,0.010856151580810547,0.0019082916134120498,0.01,poly,40,MinMaxScaler(),8,0.01,4.0,5.0,"{'Classifier__SVC__C': 0.01, 'Classifier__SVC__coef0': 4, 'Classifier__SVC__degree': 5, 'Classifier__SVC__gamma': 0.01, 'Classifier__SVC__kernel': 'poly', 'PCA__n_components': 40, 'Scaler': MinMaxScaler(), 'Selector__max_features': 8}",0.17142857142857143,0.21904761904761905,0.3238095238095238,0.2380952380952381,0.06365059573258229,240
404,0.03607694307963053,0.0020046062228789257,0.014235655466715494,0.002859079603854754,0.01,poly,40,MinMaxScaler(),12,0.01,4.0,5.0,"{'Classifier__SVC__C': 0.01, 'Classifier__SVC__coef0': 4, 'Classifier__SVC__degree': 5, 'Classifier__SVC__gamma': 0.01, 'Classifier__SVC__kernel': 'poly', 'PCA__n_components': 40, 'Scaler': MinMaxScaler(), 'Selector__max_features': 12}",0.13333333333333333,0.05714285714285714,0.18095238095238095,0.12380952380952381,0.0509916774736794,740
405,0.04198614756266276,0.00402929013686044,0.009211142857869467,0.0008386912801505708,0.01,poly,40,MinMaxScaler(),16,0.01,4.0,5.0,"{'Classifier__SVC__C': 0.01, 'Classifier__SVC__coef0': 4, 'Classifier__SVC__degree': 5, 'Classifier__SVC__gamma': 0.01, 'Classifier__SVC__kernel': 'poly', 'PCA__n_components': 40, 'Scaler': MinMaxScaler(), 'Selector__max_features': 16}",0.17142857142857143,0.0761904761904762,0.26666666666666666,0.1714285714285714,0.07776157913597391,647
406,0.03905407587687174,0.005536359383478871,0.009900887807210287,0.00023211721817580438,0.01,poly,40,MinMaxScaler(),20,0.01,4.0,5.0,"{'Classifier__SVC__C': 0.01, 'Classifier__SVC__coef0': 4, 'Classifier__SVC__degree': 5, 'Classifier__SVC__gamma': 0.01, 'Classifier__SVC__kernel': 'poly', 'PCA__n_components': 40, 'Scaler': MinMaxScaler(), 'Selector__max_features': 20}",0.18095238095238095,0.09523809523809523,0.18095238095238095,0.1523809523809524,0.04040610178208843,704
407,0.04551291465759277,0.007895658311722417,0.009703954060872396,0.0008205533316196453,0.01,poly,30,MinMaxScaler(),4,0.001,6.0,3.0,"{'Classifier__SVC__C': 0.01, 'Classifier__SVC__coef0': 6, 'Classifier__SVC__degree': 3, 'Classifier__SVC__gamma': 0.001, 'Classifier__SVC__kernel': 'poly', 'PCA__n_components': 30, 'Scaler': MinMaxScaler(), 'Selector__max_features': 4}",0.20952380952380953,0.2571428571428571,0.3238095238095238,0.2634920634920635,0.04687245415947112,101
408,0.04455979665120443,0.015074235726513717,0.011031786600748697,0.0020895885885118446,0.01,poly,30,MinMaxScaler(),8,0.001,6.0,3.0,"{'Classifier__SVC__C': 0.01, 'Classifier__SVC__coef0': 6, 'Classifier__SVC__degree': 3, 'Classifier__SVC__gamma': 0.001, 'Classifier__SVC__kernel': 'poly', 'PCA__n_components': 30, 'Scaler': MinMaxScaler(), 'Selector__max_features': 8}",0.17142857142857143,0.21904761904761905,0.3238095238095238,0.2380952380952381,0.06365059573258229,240
409,0.04491138458251953,0.005734850289350126,0.0103456179300944,0.0015129227281798197,0.01,poly,30,MinMaxScaler(),12,0.001,6.0,3.0,"{'Classifier__SVC__C': 0.01, 'Classifier__SVC__coef0': 6, 'Classifier__SVC__degree': 3, 'Classifier__SVC__gamma': 0.001, 'Classifier__SVC__kernel': 'poly', 'PCA__n_components': 30, 'Scaler': MinMaxScaler(), 'Selector__max_features': 12}",0.2571428571428571,0.17142857142857143,0.3238095238095238,0.2507936507936508,0.06237105620440794,181
410,0.04378080368041992,0.011477292609478756,0.010921398798624674,0.0010556210901574875,0.01,poly,30,MinMaxScaler(),16,0.001,6.0,3.0,"{'Classifier__SVC__C': 0.01, 'Classifier__SVC__coef0': 6, 'Classifier__SVC__degree': 3, 'Classifier__SVC__gamma': 0.001, 'Classifier__SVC__kernel': 'poly', 'PCA__n_components': 30, 'Scaler': MinMaxScaler(), 'Selector__max_features': 16}",0.2761904761904762,0.2,0.3238095238095238,0.26666666666666666,0.0509916774736794,55
411,0.03979682922363281,0.0016040989579484805,0.010438760121663412,0.0013278736598328618,0.01,poly,30,MinMaxScaler(),20,0.001,6.0,3.0,"{'Classifier__SVC__C': 0.01, 'Classifier__SVC__coef0': 6, 'Classifier__SVC__degree': 3, 'Classifier__SVC__gamma': 0.001, 'Classifier__SVC__kernel': 'poly', 'PCA__n_components': 30, 'Scaler': MinMaxScaler(), 'Selector__max_features': 20}",0.2761904761904762,0.2,0.3238095238095238,0.26666666666666666,0.0509916774736794,55
412,0.03623016675313314,0.0024903738166656042,0.01035920778910319,0.0002675362667857803,0.01,poly,40,MinMaxScaler(),4,0.001,6.0,3.0,"{'Classifier__SVC__C': 0.01, 'Classifier__SVC__coef0': 6, 'Classifier__SVC__degree': 3, 'Classifier__SVC__gamma': 0.001, 'Classifier__SVC__kernel': 'poly', 'PCA__n_components': 40, 'Scaler': MinMaxScaler(), 'Selector__max_features': 4}",0.22857142857142856,0.24761904761904763,0.3238095238095238,0.26666666666666666,0.04114755998989118,55
413,0.036130269368489586,0.0022784775210515015,0.009600003560384115,0.0007860715471095849,0.01,poly,40,MinMaxScaler(),8,0.001,6.0,3.0,"{'Classifier__SVC__C': 0.01, 'Classifier__SVC__coef0': 6, 'Classifier__SVC__degree': 3, 'Classifier__SVC__gamma': 0.001, 'Classifier__SVC__kernel': 'poly', 'PCA__n_components': 40, 'Scaler': MinMaxScaler(), 'Selector__max_features': 8}",0.17142857142857143,0.21904761904761905,0.3238095238095238,0.2380952380952381,0.06365059573258229,240
414,0.03614290555318197,0.0011698440365115745,0.009972572326660156,0.0004896597956937837,0.01,poly,40,MinMaxScaler(),12,0.001,6.0,3.0,"{'Classifier__SVC__C': 0.01, 'Classifier__SVC__coef0': 6, 'Classifier__SVC__degree': 3, 'Classifier__SVC__gamma': 0.001, 'Classifier__SVC__kernel': 'poly', 'PCA__n_components': 40, 'Scaler': MinMaxScaler(), 'Selector__max_features': 12}",0.17142857142857143,0.1523809523809524,0.3238095238095238,0.21587301587301588,0.07671775221329888,320
415,0.04001760482788086,0.0024714734638893155,0.009426752726236979,0.0006035247349625639,0.01,poly,40,MinMaxScaler(),16,0.001,6.0,3.0,"{'Classifier__SVC__C': 0.01, 'Classifier__SVC__coef0': 6, 'Classifier__SVC__degree': 3, 'Classifier__SVC__gamma': 0.001, 'Classifier__SVC__kernel': 'poly', 'PCA__n_components': 40, 'Scaler': MinMaxScaler(), 'Selector__max_features': 16}",0.2761904761904762,0.17142857142857143,0.3238095238095238,0.2571428571428572,0.06365059573258229,159
416,0.036052703857421875,0.0008652118148201533,0.00955812136332194,0.0007107474539443922,0.01,poly,40,MinMaxScaler(),20,0.001,6.0,3.0,"{'Classifier__SVC__C': 0.01, 'Classifier__SVC__coef0': 6, 'Classifier__SVC__degree': 3, 'Classifier__SVC__gamma': 0.001, 'Classifier__SVC__kernel': 'poly', 'PCA__n_components': 40, 'Scaler': MinMaxScaler(), 'Selector__max_features': 20}",0.26666666666666666,0.20952380952380953,0.3238095238095238,0.26666666666666666,0.046656947481584346,55
417,0.03668848673502604,0.002197232324216707,0.010282357533772787,0.0012585383438197726,0.01,poly,30,MinMaxScaler(),4,0.01,6.0,3.0,"{'Classifier__SVC__C': 0.01, 'Classifier__SVC__coef0': 6, 'Classifier__SVC__degree': 3, 'Classifier__SVC__gamma': 0.01, 'Classifier__SVC__kernel': 'poly', 'PCA__n_components': 30, 'Scaler': MinMaxScaler(), 'Selector__max_features': 4}",0.20952380952380953,0.2571428571428571,0.3238095238095238,0.2634920634920635,0.04687245415947112,101
418,0.03889330228169759,0.003804011798603315,0.01015329360961914,0.0006760230336722775,0.01,poly,30,MinMaxScaler(),8,0.01,6.0,3.0,"{'Classifier__SVC__C': 0.01, 'Classifier__SVC__coef0': 6, 'Classifier__SVC__degree': 3, 'Classifier__SVC__gamma': 0.01, 'Classifier__SVC__kernel': 'poly', 'PCA__n_components': 30, 'Scaler': MinMaxScaler(), 'Selector__max_features': 8}",0.17142857142857143,0.21904761904761905,0.3238095238095238,0.2380952380952381,0.06365059573258229,240
419,0.037744601567586265,0.0027721352164903406,0.009086688359578451,0.00054818690747661,0.01,poly,30,MinMaxScaler(),12,0.01,6.0,3.0,"{'Classifier__SVC__C': 0.01, 'Classifier__SVC__coef0': 6, 'Classifier__SVC__degree': 3, 'Classifier__SVC__gamma': 0.01, 'Classifier__SVC__kernel': 'poly', 'PCA__n_components': 30, 'Scaler': MinMaxScaler(), 'Selector__max_features': 12}",0.2571428571428571,0.17142857142857143,0.3238095238095238,0.2507936507936508,0.06237105620440794,181
420,0.035413662592569985,0.000980546204256705,0.009430646896362305,0.00035816216293588796,0.01,poly,30,MinMaxScaler(),16,0.01,6.0,3.0,"{'Classifier__SVC__C': 0.01, 'Classifier__SVC__coef0': 6, 'Classifier__SVC__degree': 3, 'Classifier__SVC__gamma': 0.01, 'Classifier__SVC__kernel': 'poly', 'PCA__n_components': 30, 'Scaler': MinMaxScaler(), 'Selector__max_features': 16}",0.2761904761904762,0.2,0.3238095238095238,0.26666666666666666,0.0509916774736794,55
421,0.03491981824239095,0.001666278791940019,0.010179837544759115,0.000357099425227996,0.01,poly,30,MinMaxScaler(),20,0.01,6.0,3.0,"{'Classifier__SVC__C': 0.01, 'Classifier__SVC__coef0': 6, 'Classifier__SVC__degree': 3, 'Classifier__SVC__gamma': 0.01, 'Classifier__SVC__kernel': 'poly', 'PCA__n_components': 30, 'Scaler': MinMaxScaler(), 'Selector__max_features': 20}",0.2761904761904762,0.2,0.3238095238095238,0.26666666666666666,0.0509916774736794,55
422,0.035080353418986,0.0012288150054070876,0.009176413218180338,0.0006549804127891672,0.01,poly,40,MinMaxScaler(),4,0.01,6.0,3.0,"{'Classifier__SVC__C': 0.01, 'Classifier__SVC__coef0': 6, 'Classifier__SVC__degree': 3, 'Classifier__SVC__gamma': 0.01, 'Classifier__SVC__kernel': 'poly', 'PCA__n_components': 40, 'Scaler': MinMaxScaler(), 'Selector__max_features': 4}",0.22857142857142856,0.24761904761904763,0.3238095238095238,0.26666666666666666,0.04114755998989118,55
423,0.04219206174214681,0.005271797651976077,0.01741631825764974,0.00860848132535361,0.01,poly,40,MinMaxScaler(),8,0.01,6.0,3.0,"{'Classifier__SVC__C': 0.01, 'Classifier__SVC__coef0': 6, 'Classifier__SVC__degree': 3, 'Classifier__SVC__gamma': 0.01, 'Classifier__SVC__kernel': 'poly', 'PCA__n_components': 40, 'Scaler': MinMaxScaler(), 'Selector__max_features': 8}",0.17142857142857143,0.21904761904761905,0.3238095238095238,0.2380952380952381,0.06365059573258229,240
424,0.03910104433695475,0.005077387296301603,0.010809977849324545,0.00043883961802294934,0.01,poly,40,MinMaxScaler(),12,0.01,6.0,3.0,"{'Classifier__SVC__C': 0.01, 'Classifier__SVC__coef0': 6, 'Classifier__SVC__degree': 3, 'Classifier__SVC__gamma': 0.01, 'Classifier__SVC__kernel': 'poly', 'PCA__n_components': 40, 'Scaler': MinMaxScaler(), 'Selector__max_features': 12}",0.17142857142857143,0.1523809523809524,0.3238095238095238,0.21587301587301588,0.07671775221329888,320
425,0.04887946446736654,0.008734267675497625,0.011310259501139322,0.0008813455364552238,0.01,poly,40,MinMaxScaler(),16,0.01,6.0,3.0,"{'Classifier__SVC__C': 0.01, 'Classifier__SVC__coef0': 6, 'Classifier__SVC__degree': 3, 'Classifier__SVC__gamma': 0.01, 'Classifier__SVC__kernel': 'poly', 'PCA__n_components': 40, 'Scaler': MinMaxScaler(), 'Selector__max_features': 16}",0.2761904761904762,0.17142857142857143,0.3238095238095238,0.2571428571428572,0.06365059573258229,159
426,0.0383763313293457,0.001747893494028333,0.010697285334269205,0.0011381429130599904,0.01,poly,40,MinMaxScaler(),20,0.01,6.0,3.0,"{'Classifier__SVC__C': 0.01, 'Classifier__SVC__coef0': 6, 'Classifier__SVC__degree': 3, 'Classifier__SVC__gamma': 0.01, 'Classifier__SVC__kernel': 'poly', 'PCA__n_components': 40, 'Scaler': MinMaxScaler(), 'Selector__max_features': 20}",0.26666666666666666,0.20952380952380953,0.3238095238095238,0.26666666666666666,0.046656947481584346,55
427,0.04429125785827637,0.010649858483971864,0.010382731755574545,0.0012336070246445929,0.01,poly,30,MinMaxScaler(),4,0.001,6.0,5.0,"{'Classifier__SVC__C': 0.01, 'Classifier__SVC__coef0': 6, 'Classifier__SVC__degree': 5, 'Classifier__SVC__gamma': 0.001, 'Classifier__SVC__kernel': 'poly', 'PCA__n_components': 30, 'Scaler': MinMaxScaler(), 'Selector__max_features': 4}",0.20952380952380953,0.2571428571428571,0.3238095238095238,0.2634920634920635,0.04687245415947112,101
428,0.04590527216593424,0.012959237626708952,0.011075973510742188,0.0024978101360018435,0.01,poly,30,MinMaxScaler(),8,0.001,6.0,5.0,"{'Classifier__SVC__C': 0.01, 'Classifier__SVC__coef0': 6, 'Classifier__SVC__degree': 5, 'Classifier__SVC__gamma': 0.001, 'Classifier__SVC__kernel': 'poly', 'PCA__n_components': 30, 'Scaler': MinMaxScaler(), 'Selector__max_features': 8}",0.17142857142857143,0.21904761904761905,0.34285714285714286,0.24444444444444446,0.07225274080470503,208
429,0.049529711405436196,0.01418382079882476,0.011284351348876953,0.002053687791637863,0.01,poly,30,MinMaxScaler(),12,0.001,6.0,5.0,"{'Classifier__SVC__C': 0.01, 'Classifier__SVC__coef0': 6, 'Classifier__SVC__degree': 5, 'Classifier__SVC__gamma': 0.001, 'Classifier__SVC__kernel': 'poly', 'PCA__n_components': 30, 'Scaler': MinMaxScaler(), 'Selector__max_features': 12}",0.12380952380952381,0.0761904761904762,0.3142857142857143,0.1714285714285714,0.10286889997472794,647
430,0.040748278299967446,0.008032356526931971,0.009759823481241861,0.0008904272765887808,0.01,poly,30,MinMaxScaler(),16,0.001,6.0,5.0,"{'Classifier__SVC__C': 0.01, 'Classifier__SVC__coef0': 6, 'Classifier__SVC__degree': 5, 'Classifier__SVC__gamma': 0.001, 'Classifier__SVC__kernel': 'poly', 'PCA__n_components': 30, 'Scaler': MinMaxScaler(), 'Selector__max_features': 16}",0.14285714285714285,0.05714285714285714,0.3142857142857143,0.1714285714285714,0.10690449676496976,647
431,0.04196770985921224,0.005680345752829629,0.009795586268107096,0.0008421257044313404,0.01,poly,30,MinMaxScaler(),20,0.001,6.0,5.0,"{'Classifier__SVC__C': 0.01, 'Classifier__SVC__coef0': 6, 'Classifier__SVC__degree': 5, 'Classifier__SVC__gamma': 0.001, 'Classifier__SVC__kernel': 'poly', 'PCA__n_components': 30, 'Scaler': MinMaxScaler(), 'Selector__max_features': 20}",0.14285714285714285,0.05714285714285714,0.3142857142857143,0.1714285714285714,0.10690449676496976,647
432,0.03814347585042318,0.0019423098006024798,0.010779619216918945,0.0005820153846807903,0.01,poly,40,MinMaxScaler(),4,0.001,6.0,5.0,"{'Classifier__SVC__C': 0.01, 'Classifier__SVC__coef0': 6, 'Classifier__SVC__degree': 5, 'Classifier__SVC__gamma': 0.001, 'Classifier__SVC__kernel': 'poly', 'PCA__n_components': 40, 'Scaler': MinMaxScaler(), 'Selector__max_features': 4}",0.22857142857142856,0.24761904761904763,0.3238095238095238,0.26666666666666666,0.04114755998989118,55
433,0.04285422960917155,0.0035161364965294,0.010423580805460611,0.0008751078155341924,0.01,poly,40,MinMaxScaler(),8,0.001,6.0,5.0,"{'Classifier__SVC__C': 0.01, 'Classifier__SVC__coef0': 6, 'Classifier__SVC__degree': 5, 'Classifier__SVC__gamma': 0.001, 'Classifier__SVC__kernel': 'poly', 'PCA__n_components': 40, 'Scaler': MinMaxScaler(), 'Selector__max_features': 8}",0.17142857142857143,0.21904761904761905,0.3238095238095238,0.2380952380952381,0.06365059573258229,240
434,0.04230761528015137,0.005312779199952612,0.01153238614400228,0.0030282747772781503,0.01,poly,40,MinMaxScaler(),12,0.001,6.0,5.0,"{'Classifier__SVC__C': 0.01, 'Classifier__SVC__coef0': 6, 'Classifier__SVC__degree': 5, 'Classifier__SVC__gamma': 0.001, 'Classifier__SVC__kernel': 'poly', 'PCA__n_components': 40, 'Scaler': MinMaxScaler(), 'Selector__max_features': 12}",0.1619047619047619,0.08571428571428572,0.3142857142857143,0.1873015873015873,0.09502621934663978,483
435,0.03697506586710612,0.0017019583408123184,0.009875853856404623,0.0008524435124380393,0.01,poly,40,MinMaxScaler(),16,0.001,6.0,5.0,"{'Classifier__SVC__C': 0.01, 'Classifier__SVC__coef0': 6, 'Classifier__SVC__degree': 5, 'Classifier__SVC__gamma': 0.001, 'Classifier__SVC__kernel': 'poly', 'PCA__n_components': 40, 'Scaler': MinMaxScaler(), 'Selector__max_features': 16}",0.1523809523809524,0.0761904761904762,0.2857142857142857,0.1714285714285714,0.08659162982213241,647
436,0.04026190439860026,0.003559176413670182,0.010418017705281576,0.0011789318005701883,0.01,poly,40,MinMaxScaler(),20,0.001,6.0,5.0,"{'Classifier__SVC__C': 0.01, 'Classifier__SVC__coef0': 6, 'Classifier__SVC__degree': 5, 'Classifier__SVC__gamma': 0.001, 'Classifier__SVC__kernel': 'poly', 'PCA__n_components': 40, 'Scaler': MinMaxScaler(), 'Selector__max_features': 20}",0.1523809523809524,0.047619047619047616,0.29523809523809524,0.16507936507936508,0.10148804675013194,661
437,0.03678043683369955,0.005906975336517611,0.0103913942972819,0.0015346207932324506,0.01,poly,30,MinMaxScaler(),4,0.01,6.0,5.0,"{'Classifier__SVC__C': 0.01, 'Classifier__SVC__coef0': 6, 'Classifier__SVC__degree': 5, 'Classifier__SVC__gamma': 0.01, 'Classifier__SVC__kernel': 'poly', 'PCA__n_components': 30, 'Scaler': MinMaxScaler(), 'Selector__max_features': 4}",0.19047619047619047,0.08571428571428572,0.09523809523809523,0.12380952380952381,0.04730052198651219,740
438,0.03391710917154948,0.0012687908680780006,0.009214560190836588,0.0008342484314183871,0.01,poly,30,MinMaxScaler(),8,0.01,6.0,5.0,"{'Classifier__SVC__C': 0.01, 'Classifier__SVC__coef0': 6, 'Classifier__SVC__degree': 5, 'Classifier__SVC__gamma': 0.01, 'Classifier__SVC__kernel': 'poly', 'PCA__n_components': 30, 'Scaler': MinMaxScaler(), 'Selector__max_features': 8}",0.20952380952380953,0.14285714285714285,0.23809523809523808,0.1968253968253968,0.03990414314278265,437
439,0.04815753300984701,0.019480350048442462,0.013672510782877604,0.0058568577163072505,0.01,poly,30,MinMaxScaler(),12,0.01,6.0,5.0,"{'Classifier__SVC__C': 0.01, 'Classifier__SVC__coef0': 6, 'Classifier__SVC__degree': 5, 'Classifier__SVC__gamma': 0.01, 'Classifier__SVC__kernel': 'poly', 'PCA__n_components': 30, 'Scaler': MinMaxScaler(), 'Selector__max_features': 12}",0.20952380952380953,0.23809523809523808,0.3142857142857143,0.25396825396825395,0.04421710564185434,175
440,0.03916438420613607,0.009269744651040246,0.013367414474487305,0.005536918021472992,0.01,poly,30,MinMaxScaler(),16,0.01,6.0,5.0,"{'Classifier__SVC__C': 0.01, 'Classifier__SVC__coef0': 6, 'Classifier__SVC__degree': 5, 'Classifier__SVC__gamma': 0.01, 'Classifier__SVC__kernel': 'poly', 'PCA__n_components': 30, 'Scaler': MinMaxScaler(), 'Selector__max_features': 16}",0.18095238095238095,0.2571428571428571,0.34285714285714286,0.26031746031746034,0.06613544970158623,122
441,0.0368195374806722,0.005805642586022456,0.017234086990356445,0.005944836167714991,0.01,poly,30,MinMaxScaler(),20,0.01,6.0,5.0,"{'Classifier__SVC__C': 0.01, 'Classifier__SVC__coef0': 6, 'Classifier__SVC__degree': 5, 'Classifier__SVC__gamma': 0.01, 'Classifier__SVC__kernel': 'poly', 'PCA__n_components': 30, 'Scaler': MinMaxScaler(), 'Selector__max_features': 20}",0.18095238095238095,0.2571428571428571,0.34285714285714286,0.26031746031746034,0.06613544970158623,122
442,0.051165262858072914,0.025812508949058666,0.008201201756795248,0.00023365461362633068,0.01,poly,40,MinMaxScaler(),4,0.01,6.0,5.0,"{'Classifier__SVC__C': 0.01, 'Classifier__SVC__coef0': 6, 'Classifier__SVC__degree': 5, 'Classifier__SVC__gamma': 0.01, 'Classifier__SVC__kernel': 'poly', 'PCA__n_components': 40, 'Scaler': MinMaxScaler(), 'Selector__max_features': 4}",0.19047619047619047,0.12380952380952381,0.09523809523809523,0.1365079365079365,0.03990414314278264,727
443,0.05821990966796875,0.01770615891619,0.012098153432210287,0.002988449120027316,0.01,poly,40,MinMaxScaler(),8,0.01,6.0,5.0,"{'Classifier__SVC__C': 0.01, 'Classifier__SVC__coef0': 6, 'Classifier__SVC__degree': 5, 'Classifier__SVC__gamma': 0.01, 'Classifier__SVC__kernel': 'poly', 'PCA__n_components': 40, 'Scaler': MinMaxScaler(), 'Selector__max_features': 8}",0.11428571428571428,0.14285714285714285,0.1619047619047619,0.13968253968253966,0.01956956826339358,724
444,0.04680569966634115,0.02034662555313456,0.009548346201578775,0.0004086795046786969,0.01,poly,40,MinMaxScaler(),12,0.01,6.0,5.0,"{'Classifier__SVC__C': 0.01, 'Classifier__SVC__coef0': 6, 'Classifier__SVC__degree': 5, 'Classifier__SVC__gamma': 0.01, 'Classifier__SVC__kernel': 'poly', 'PCA__n_components': 40, 'Scaler': MinMaxScaler(), 'Selector__max_features': 12}",0.2,0.21904761904761905,0.24761904761904763,0.22222222222222224,0.019569568263393577,271
445,0.04534029960632324,0.013327535176737714,0.01655443509419759,0.0060972011715526514,0.01,poly,40,MinMaxScaler(),16,0.01,6.0,5.0,"{'Classifier__SVC__C': 0.01, 'Classifier__SVC__coef0': 6, 'Classifier__SVC__degree': 5, 'Classifier__SVC__gamma': 0.01, 'Classifier__SVC__kernel': 'poly', 'PCA__n_components': 40, 'Scaler': MinMaxScaler(), 'Selector__max_features': 16}",0.18095238095238095,0.23809523809523808,0.3047619047619048,0.24126984126984127,0.050594849049235655,237
446,0.05267047882080078,0.018708096464874063,0.009227355321248373,0.000606258406804355,0.01,poly,40,MinMaxScaler(),20,0.01,6.0,5.0,"{'Classifier__SVC__C': 0.01, 'Classifier__SVC__coef0': 6, 'Classifier__SVC__degree': 5, 'Classifier__SVC__gamma': 0.01, 'Classifier__SVC__kernel': 'poly', 'PCA__n_components': 40, 'Scaler': MinMaxScaler(), 'Selector__max_features': 20}",0.19047619047619047,0.23809523809523808,0.3142857142857143,0.24761904761904763,0.0509916774736794,201
447,0.05255262056986491,0.015128398015382573,0.009069999059041342,0.0017602264665834545,0.1,poly,30,MinMaxScaler(),4,0.001,2.0,3.0,"{'Classifier__SVC__C': 0.1, 'Classifier__SVC__coef0': 2, 'Classifier__SVC__degree': 3, 'Classifier__SVC__gamma': 0.001, 'Classifier__SVC__kernel': 'poly', 'PCA__n_components': 30, 'Scaler': MinMaxScaler(), 'Selector__max_features': 4}",0.3142857142857143,0.10476190476190476,0.10476190476190476,0.17460317460317462,0.09877047102288283,518
448,0.05015428860982259,0.00811765771808463,0.00988006591796875,0.001405140050558126,0.1,poly,30,MinMaxScaler(),8,0.001,2.0,3.0,"{'Classifier__SVC__C': 0.1, 'Classifier__SVC__coef0': 2, 'Classifier__SVC__degree': 3, 'Classifier__SVC__gamma': 0.001, 'Classifier__SVC__kernel': 'poly', 'PCA__n_components': 30, 'Scaler': MinMaxScaler(), 'Selector__max_features': 8}",0.3142857142857143,0.10476190476190476,0.10476190476190476,0.17460317460317462,0.09877047102288283,518
449,0.05171434084574381,0.006443302937328324,0.009339570999145508,0.002484303838626138,0.1,poly,30,MinMaxScaler(),12,0.001,2.0,3.0,"{'Classifier__SVC__C': 0.1, 'Classifier__SVC__coef0': 2, 'Classifier__SVC__degree': 3, 'Classifier__SVC__gamma': 0.001, 'Classifier__SVC__kernel': 'poly', 'PCA__n_components': 30, 'Scaler': MinMaxScaler(), 'Selector__max_features': 12}",0.3142857142857143,0.10476190476190476,0.10476190476190476,0.17460317460317462,0.09877047102288283,518
450,0.044511874516805015,0.008540502232465587,0.01252126693725586,0.005432467084413298,0.1,poly,30,MinMaxScaler(),16,0.001,2.0,3.0,"{'Classifier__SVC__C': 0.1, 'Classifier__SVC__coef0': 2, 'Classifier__SVC__degree': 3, 'Classifier__SVC__gamma': 0.001, 'Classifier__SVC__kernel': 'poly', 'PCA__n_components': 30, 'Scaler': MinMaxScaler(), 'Selector__max_features': 16}",0.3142857142857143,0.10476190476190476,0.10476190476190476,0.17460317460317462,0.09877047102288283,518
451,0.040389458338419594,0.0015219290260870125,0.013339360555013021,0.007160615771973723,0.1,poly,30,MinMaxScaler(),20,0.001,2.0,3.0,"{'Classifier__SVC__C': 0.1, 'Classifier__SVC__coef0': 2, 'Classifier__SVC__degree': 3, 'Classifier__SVC__gamma': 0.001, 'Classifier__SVC__kernel': 'poly', 'PCA__n_components': 30, 'Scaler': MinMaxScaler(), 'Selector__max_features': 20}",0.3142857142857143,0.10476190476190476,0.10476190476190476,0.17460317460317462,0.09877047102288283,518
452,0.04822985331217448,0.013954746972372188,0.007868210474650065,0.00023799368296303425,0.1,poly,40,MinMaxScaler(),4,0.001,2.0,3.0,"{'Classifier__SVC__C': 0.1, 'Classifier__SVC__coef0': 2, 'Classifier__SVC__degree': 3, 'Classifier__SVC__gamma': 0.001, 'Classifier__SVC__kernel': 'poly', 'PCA__n_components': 40, 'Scaler': MinMaxScaler(), 'Selector__max_features': 4}",0.3142857142857143,0.10476190476190476,0.10476190476190476,0.17460317460317462,0.09877047102288283,518
453,0.03704007466634115,0.011131805467525189,0.008983214696248373,0.0006387689028072343,0.1,poly,40,MinMaxScaler(),8,0.001,2.0,3.0,"{'Classifier__SVC__C': 0.1, 'Classifier__SVC__coef0': 2, 'Classifier__SVC__degree': 3, 'Classifier__SVC__gamma': 0.001, 'Classifier__SVC__kernel': 'poly', 'PCA__n_components': 40, 'Scaler': MinMaxScaler(), 'Selector__max_features': 8}",0.3142857142857143,0.10476190476190476,0.10476190476190476,0.17460317460317462,0.09877047102288283,518
454,0.030865192413330078,0.0012961628775530697,0.0090483029683431,0.0010935219391836936,0.1,poly,40,MinMaxScaler(),12,0.001,2.0,3.0,"{'Classifier__SVC__C': 0.1, 'Classifier__SVC__coef0': 2, 'Classifier__SVC__degree': 3, 'Classifier__SVC__gamma': 0.001, 'Classifier__SVC__kernel': 'poly', 'PCA__n_components': 40, 'Scaler': MinMaxScaler(), 'Selector__max_features': 12}",0.3142857142857143,0.10476190476190476,0.10476190476190476,0.17460317460317462,0.09877047102288283,518
455,0.03993542989095052,0.00850498386670652,0.013440847396850586,0.0016813410389532547,0.1,poly,40,MinMaxScaler(),16,0.001,2.0,3.0,"{'Classifier__SVC__C': 0.1, 'Classifier__SVC__coef0': 2, 'Classifier__SVC__degree': 3, 'Classifier__SVC__gamma': 0.001, 'Classifier__SVC__kernel': 'poly', 'PCA__n_components': 40, 'Scaler': MinMaxScaler(), 'Selector__max_features': 16}",0.3142857142857143,0.10476190476190476,0.10476190476190476,0.17460317460317462,0.09877047102288283,518
456,0.03385011355082194,0.005010396995398823,0.011467059453328451,0.0010972499687391141,0.1,poly,40,MinMaxScaler(),20,0.001,2.0,3.0,"{'Classifier__SVC__C': 0.1, 'Classifier__SVC__coef0': 2, 'Classifier__SVC__degree': 3, 'Classifier__SVC__gamma': 0.001, 'Classifier__SVC__kernel': 'poly', 'PCA__n_components': 40, 'Scaler': MinMaxScaler(), 'Selector__max_features': 20}",0.3142857142857143,0.10476190476190476,0.10476190476190476,0.17460317460317462,0.09877047102288283,518
457,0.03646747271219889,0.00450198742278839,0.011074463526407877,0.0014762036219503852,0.1,poly,30,MinMaxScaler(),4,0.01,2.0,3.0,"{'Classifier__SVC__C': 0.1, 'Classifier__SVC__coef0': 2, 'Classifier__SVC__degree': 3, 'Classifier__SVC__gamma': 0.01, 'Classifier__SVC__kernel': 'poly', 'PCA__n_components': 30, 'Scaler': MinMaxScaler(), 'Selector__max_features': 4}",0.3142857142857143,0.10476190476190476,0.10476190476190476,0.17460317460317462,0.09877047102288283,518
458,0.0364232063293457,0.008859425986018014,0.009553352991739908,0.0004078290088309179,0.1,poly,30,MinMaxScaler(),8,0.01,2.0,3.0,"{'Classifier__SVC__C': 0.1, 'Classifier__SVC__coef0': 2, 'Classifier__SVC__degree': 3, 'Classifier__SVC__gamma': 0.01, 'Classifier__SVC__kernel': 'poly', 'PCA__n_components': 30, 'Scaler': MinMaxScaler(), 'Selector__max_features': 8}",0.3142857142857143,0.10476190476190476,0.10476190476190476,0.17460317460317462,0.09877047102288283,518
459,0.03730940818786621,0.003979499533514288,0.009883244832356771,0.00047221728653269984,0.1,poly,30,MinMaxScaler(),12,0.01,2.0,3.0,"{'Classifier__SVC__C': 0.1, 'Classifier__SVC__coef0': 2, 'Classifier__SVC__degree': 3, 'Classifier__SVC__gamma': 0.01, 'Classifier__SVC__kernel': 'poly', 'PCA__n_components': 30, 'Scaler': MinMaxScaler(), 'Selector__max_features': 12}",0.3142857142857143,0.10476190476190476,0.10476190476190476,0.17460317460317462,0.09877047102288283,518
460,0.040429115295410156,0.012737535624080875,0.013079484303792318,0.003578262183480675,0.1,poly,30,MinMaxScaler(),16,0.01,2.0,3.0,"{'Classifier__SVC__C': 0.1, 'Classifier__SVC__coef0': 2, 'Classifier__SVC__degree': 3, 'Classifier__SVC__gamma': 0.01, 'Classifier__SVC__kernel': 'poly', 'PCA__n_components': 30, 'Scaler': MinMaxScaler(), 'Selector__max_features': 16}",0.3142857142857143,0.10476190476190476,0.10476190476190476,0.17460317460317462,0.09877047102288283,518
461,0.040146191914876304,0.007031569415835542,0.01305826505025228,0.0035731536209555816,0.1,poly,30,MinMaxScaler(),20,0.01,2.0,3.0,"{'Classifier__SVC__C': 0.1, 'Classifier__SVC__coef0': 2, 'Classifier__SVC__degree': 3, 'Classifier__SVC__gamma': 0.01, 'Classifier__SVC__kernel': 'poly', 'PCA__n_components': 30, 'Scaler': MinMaxScaler(), 'Selector__max_features': 20}",0.3142857142857143,0.10476190476190476,0.10476190476190476,0.17460317460317462,0.09877047102288283,518
462,0.036591529846191406,0.008014317250366226,0.01005880037943522,0.0010974133851814393,0.1,poly,40,MinMaxScaler(),4,0.01,2.0,3.0,"{'Classifier__SVC__C': 0.1, 'Classifier__SVC__coef0': 2, 'Classifier__SVC__degree': 3, 'Classifier__SVC__gamma': 0.01, 'Classifier__SVC__kernel': 'poly', 'PCA__n_components': 40, 'Scaler': MinMaxScaler(), 'Selector__max_features': 4}",0.3142857142857143,0.10476190476190476,0.10476190476190476,0.17460317460317462,0.09877047102288283,518
463,0.04583509763081869,0.012132214050039282,0.011233091354370117,0.0008477067715509708,0.1,poly,40,MinMaxScaler(),8,0.01,2.0,3.0,"{'Classifier__SVC__C': 0.1, 'Classifier__SVC__coef0': 2, 'Classifier__SVC__degree': 3, 'Classifier__SVC__gamma': 0.01, 'Classifier__SVC__kernel': 'poly', 'PCA__n_components': 40, 'Scaler': MinMaxScaler(), 'Selector__max_features': 8}",0.3142857142857143,0.10476190476190476,0.10476190476190476,0.17460317460317462,0.09877047102288283,518
464,0.03758049011230469,0.005932633628195114,0.011579434076944986,0.0024969597202844983,0.1,poly,40,MinMaxScaler(),12,0.01,2.0,3.0,"{'Classifier__SVC__C': 0.1, 'Classifier__SVC__coef0': 2, 'Classifier__SVC__degree': 3, 'Classifier__SVC__gamma': 0.01, 'Classifier__SVC__kernel': 'poly', 'PCA__n_components': 40, 'Scaler': MinMaxScaler(), 'Selector__max_features': 12}",0.3142857142857143,0.10476190476190476,0.10476190476190476,0.17460317460317462,0.09877047102288283,518
465,0.04684710502624512,0.01119154758090031,0.009717623392740885,0.0004735090353550287,0.1,poly,40,MinMaxScaler(),16,0.01,2.0,3.0,"{'Classifier__SVC__C': 0.1, 'Classifier__SVC__coef0': 2, 'Classifier__SVC__degree': 3, 'Classifier__SVC__gamma': 0.01, 'Classifier__SVC__kernel': 'poly', 'PCA__n_components': 40, 'Scaler': MinMaxScaler(), 'Selector__max_features': 16}",0.3142857142857143,0.10476190476190476,0.10476190476190476,0.17460317460317462,0.09877047102288283,518
466,0.04518842697143555,0.0072510869961339075,0.011270284652709961,0.0013425018166097046,0.1,poly,40,MinMaxScaler(),20,0.01,2.0,3.0,"{'Classifier__SVC__C': 0.1, 'Classifier__SVC__coef0': 2, 'Classifier__SVC__degree': 3, 'Classifier__SVC__gamma': 0.01, 'Classifier__SVC__kernel': 'poly', 'PCA__n_components': 40, 'Scaler': MinMaxScaler(), 'Selector__max_features': 20}",0.3142857142857143,0.10476190476190476,0.10476190476190476,0.17460317460317462,0.09877047102288283,518
467,0.04351290067036947,0.008376789101552637,0.008897701899210611,0.00021136228004739008,0.1,poly,30,MinMaxScaler(),4,0.001,2.0,5.0,"{'Classifier__SVC__C': 0.1, 'Classifier__SVC__coef0': 2, 'Classifier__SVC__degree': 5, 'Classifier__SVC__gamma': 0.001, 'Classifier__SVC__kernel': 'poly', 'PCA__n_components': 30, 'Scaler': MinMaxScaler(), 'Selector__max_features': 4}",0.3142857142857143,0.10476190476190476,0.10476190476190476,0.17460317460317462,0.09877047102288283,518
468,0.03800821304321289,0.00283739556642574,0.011272271474202475,0.0008819381430977222,0.1,poly,30,MinMaxScaler(),8,0.001,2.0,5.0,"{'Classifier__SVC__C': 0.1, 'Classifier__SVC__coef0': 2, 'Classifier__SVC__degree': 5, 'Classifier__SVC__gamma': 0.001, 'Classifier__SVC__kernel': 'poly', 'PCA__n_components': 30, 'Scaler': MinMaxScaler(), 'Selector__max_features': 8}",0.3142857142857143,0.10476190476190476,0.10476190476190476,0.17460317460317462,0.09877047102288283,518
469,0.041139682133992515,0.0005444181044705138,0.01007223129272461,1.8382469293357102e-05,0.1,poly,30,MinMaxScaler(),12,0.001,2.0,5.0,"{'Classifier__SVC__C': 0.1, 'Classifier__SVC__coef0': 2, 'Classifier__SVC__degree': 5, 'Classifier__SVC__gamma': 0.001, 'Classifier__SVC__kernel': 'poly', 'PCA__n_components': 30, 'Scaler': MinMaxScaler(), 'Selector__max_features': 12}",0.3142857142857143,0.10476190476190476,0.10476190476190476,0.17460317460317462,0.09877047102288283,518
470,0.040509303410847984,0.0010771325593483625,0.011433760325113932,0.0016858177699266988,0.1,poly,30,MinMaxScaler(),16,0.001,2.0,5.0,"{'Classifier__SVC__C': 0.1, 'Classifier__SVC__coef0': 2, 'Classifier__SVC__degree': 5, 'Classifier__SVC__gamma': 0.001, 'Classifier__SVC__kernel': 'poly', 'PCA__n_components': 30, 'Scaler': MinMaxScaler(), 'Selector__max_features': 16}",0.3142857142857143,0.10476190476190476,0.10476190476190476,0.17460317460317462,0.09877047102288283,518
471,0.03907148043314616,0.0014007395454698544,0.009740511576334635,0.001029228168495472,0.1,poly,30,MinMaxScaler(),20,0.001,2.0,5.0,"{'Classifier__SVC__C': 0.1, 'Classifier__SVC__coef0': 2, 'Classifier__SVC__degree': 5, 'Classifier__SVC__gamma': 0.001, 'Classifier__SVC__kernel': 'poly', 'PCA__n_components': 30, 'Scaler': MinMaxScaler(), 'Selector__max_features': 20}",0.3142857142857143,0.10476190476190476,0.10476190476190476,0.17460317460317462,0.09877047102288283,518
472,0.043161233266194664,0.003974893225443134,0.010738690694173178,0.0010327727116023356,0.1,poly,40,MinMaxScaler(),4,0.001,2.0,5.0,"{'Classifier__SVC__C': 0.1, 'Classifier__SVC__coef0': 2, 'Classifier__SVC__degree': 5, 'Classifier__SVC__gamma': 0.001, 'Classifier__SVC__kernel': 'poly', 'PCA__n_components': 40, 'Scaler': MinMaxScaler(), 'Selector__max_features': 4}",0.3142857142857143,0.10476190476190476,0.10476190476190476,0.17460317460317462,0.09877047102288283,518
473,0.03856142361958822,0.000659633630669607,0.00940100351969401,0.0008863497130285696,0.1,poly,40,MinMaxScaler(),8,0.001,2.0,5.0,"{'Classifier__SVC__C': 0.1, 'Classifier__SVC__coef0': 2, 'Classifier__SVC__degree': 5, 'Classifier__SVC__gamma': 0.001, 'Classifier__SVC__kernel': 'poly', 'PCA__n_components': 40, 'Scaler': MinMaxScaler(), 'Selector__max_features': 8}",0.3142857142857143,0.10476190476190476,0.10476190476190476,0.17460317460317462,0.09877047102288283,518
474,0.036592324574788414,0.0012059443380543404,0.010103464126586914,0.00041065471498953225,0.1,poly,40,MinMaxScaler(),12,0.001,2.0,5.0,"{'Classifier__SVC__C': 0.1, 'Classifier__SVC__coef0': 2, 'Classifier__SVC__degree': 5, 'Classifier__SVC__gamma': 0.001, 'Classifier__SVC__kernel': 'poly', 'PCA__n_components': 40, 'Scaler': MinMaxScaler(), 'Selector__max_features': 12}",0.3142857142857143,0.10476190476190476,0.10476190476190476,0.17460317460317462,0.09877047102288283,518
475,0.04026420911153158,0.00437356899361459,0.010207891464233398,0.0006308435161149196,0.1,poly,40,MinMaxScaler(),16,0.001,2.0,5.0,"{'Classifier__SVC__C': 0.1, 'Classifier__SVC__coef0': 2, 'Classifier__SVC__degree': 5, 'Classifier__SVC__gamma': 0.001, 'Classifier__SVC__kernel': 'poly', 'PCA__n_components': 40, 'Scaler': MinMaxScaler(), 'Selector__max_features': 16}",0.3142857142857143,0.10476190476190476,0.10476190476190476,0.17460317460317462,0.09877047102288283,518
476,0.03753455479939779,0.00305502825782476,0.009549140930175781,0.0003997535243895294,0.1,poly,40,MinMaxScaler(),20,0.001,2.0,5.0,"{'Classifier__SVC__C': 0.1, 'Classifier__SVC__coef0': 2, 'Classifier__SVC__degree': 5, 'Classifier__SVC__gamma': 0.001, 'Classifier__SVC__kernel': 'poly', 'PCA__n_components': 40, 'Scaler': MinMaxScaler(), 'Selector__max_features': 20}",0.3142857142857143,0.10476190476190476,0.10476190476190476,0.17460317460317462,0.09877047102288283,518
477,0.07009100914001465,0.029191433039394993,0.0216219425201416,0.01892147853141361,0.1,poly,30,MinMaxScaler(),4,0.01,2.0,5.0,"{'Classifier__SVC__C': 0.1, 'Classifier__SVC__coef0': 2, 'Classifier__SVC__degree': 5, 'Classifier__SVC__gamma': 0.01, 'Classifier__SVC__kernel': 'poly', 'PCA__n_components': 30, 'Scaler': MinMaxScaler(), 'Selector__max_features': 4}",0.3142857142857143,0.10476190476190476,0.10476190476190476,0.17460317460317462,0.09877047102288283,518
478,0.06117788950602213,0.032201379541332016,0.026176055272420246,0.023312796356947742,0.1,poly,30,MinMaxScaler(),8,0.01,2.0,5.0,"{'Classifier__SVC__C': 0.1, 'Classifier__SVC__coef0': 2, 'Classifier__SVC__degree': 5, 'Classifier__SVC__gamma': 0.01, 'Classifier__SVC__kernel': 'poly', 'PCA__n_components': 30, 'Scaler': MinMaxScaler(), 'Selector__max_features': 8}",0.2857142857142857,0.10476190476190476,0.18095238095238095,0.19047619047619047,0.07417981870189157,457
479,0.04763976732889811,0.012660986775511527,0.023302396138509113,0.01772947760965356,0.1,poly,30,MinMaxScaler(),12,0.01,2.0,5.0,"{'Classifier__SVC__C': 0.1, 'Classifier__SVC__coef0': 2, 'Classifier__SVC__degree': 5, 'Classifier__SVC__gamma': 0.01, 'Classifier__SVC__kernel': 'poly', 'PCA__n_components': 30, 'Scaler': MinMaxScaler(), 'Selector__max_features': 12}",0.10476190476190476,0.09523809523809523,0.2,0.13333333333333333,0.047300521986512196,732
480,0.07851886749267578,0.01336340190604527,0.020945151646931965,0.008222913312995144,0.1,poly,30,MinMaxScaler(),16,0.01,2.0,5.0,"{'Classifier__SVC__C': 0.1, 'Classifier__SVC__coef0': 2, 'Classifier__SVC__degree': 5, 'Classifier__SVC__gamma': 0.01, 'Classifier__SVC__kernel': 'poly', 'PCA__n_components': 30, 'Scaler': MinMaxScaler(), 'Selector__max_features': 16}",0.12380952380952381,0.08571428571428572,0.2,0.1365079365079365,0.04751310967331989,727
481,0.06947787602742513,0.023080398030325213,0.01247557004292806,0.0011678804460710046,0.1,poly,30,MinMaxScaler(),20,0.01,2.0,5.0,"{'Classifier__SVC__C': 0.1, 'Classifier__SVC__coef0': 2, 'Classifier__SVC__degree': 5, 'Classifier__SVC__gamma': 0.01, 'Classifier__SVC__kernel': 'poly', 'PCA__n_components': 30, 'Scaler': MinMaxScaler(), 'Selector__max_features': 20}",0.12380952380952381,0.08571428571428572,0.2,0.1365079365079365,0.04751310967331989,727
482,0.08581105868021648,0.033481660754094686,0.008387883504231771,0.003712846709163874,0.1,poly,40,MinMaxScaler(),4,0.01,2.0,5.0,"{'Classifier__SVC__C': 0.1, 'Classifier__SVC__coef0': 2, 'Classifier__SVC__degree': 5, 'Classifier__SVC__gamma': 0.01, 'Classifier__SVC__kernel': 'poly', 'PCA__n_components': 40, 'Scaler': MinMaxScaler(), 'Selector__max_features': 4}",0.3142857142857143,0.10476190476190476,0.10476190476190476,0.17460317460317462,0.09877047102288283,518
483,0.07036074002583821,0.029161630073733666,0.010751088460286459,0.0022902284054902196,0.1,poly,40,MinMaxScaler(),8,0.01,2.0,5.0,"{'Classifier__SVC__C': 0.1, 'Classifier__SVC__coef0': 2, 'Classifier__SVC__degree': 5, 'Classifier__SVC__gamma': 0.01, 'Classifier__SVC__kernel': 'poly', 'PCA__n_components': 40, 'Scaler': MinMaxScaler(), 'Selector__max_features': 8}",0.3142857142857143,0.10476190476190476,0.10476190476190476,0.17460317460317462,0.09877047102288283,518
484,0.08566149075826009,0.027623227828914965,0.008182922999064127,0.0008567593304183394,0.1,poly,40,MinMaxScaler(),12,0.01,2.0,5.0,"{'Classifier__SVC__C': 0.1, 'Classifier__SVC__coef0': 2, 'Classifier__SVC__degree': 5, 'Classifier__SVC__gamma': 0.01, 'Classifier__SVC__kernel': 'poly', 'PCA__n_components': 40, 'Scaler': MinMaxScaler(), 'Selector__max_features': 12}",0.3142857142857143,0.09523809523809523,0.2,0.2031746031746032,0.08945398605463728,389
485,0.07272768020629883,0.023732837825062556,0.008711576461791992,0.0015938806929369628,0.1,poly,40,MinMaxScaler(),16,0.01,2.0,5.0,"{'Classifier__SVC__C': 0.1, 'Classifier__SVC__coef0': 2, 'Classifier__SVC__degree': 5, 'Classifier__SVC__gamma': 0.01, 'Classifier__SVC__kernel': 'poly', 'PCA__n_components': 40, 'Scaler': MinMaxScaler(), 'Selector__max_features': 16}",0.13333333333333333,0.08571428571428572,0.1619047619047619,0.12698412698412698,0.03142696805273545,738
486,0.09166590372721355,0.017343647525843216,0.009428580602010092,0.0008833421833556008,0.1,poly,40,MinMaxScaler(),20,0.01,2.0,5.0,"{'Classifier__SVC__C': 0.1, 'Classifier__SVC__coef0': 2, 'Classifier__SVC__degree': 5, 'Classifier__SVC__gamma': 0.01, 'Classifier__SVC__kernel': 'poly', 'PCA__n_components': 40, 'Scaler': MinMaxScaler(), 'Selector__max_features': 20}",0.12380952380952381,0.08571428571428572,0.17142857142857143,0.12698412698412698,0.03506463814980083,738
487,0.062235116958618164,0.02752199275344965,0.00871570905049642,0.0006705037052334631,0.1,poly,30,MinMaxScaler(),4,0.001,4.0,3.0,"{'Classifier__SVC__C': 0.1, 'Classifier__SVC__coef0': 4, 'Classifier__SVC__degree': 3, 'Classifier__SVC__gamma': 0.001, 'Classifier__SVC__kernel': 'poly', 'PCA__n_components': 30, 'Scaler': MinMaxScaler(), 'Selector__max_features': 4}",0.3142857142857143,0.10476190476190476,0.10476190476190476,0.17460317460317462,0.09877047102288283,518
488,0.08361434936523438,0.02910773634908335,0.009999593098958334,0.0004592834406594503,0.1,poly,30,MinMaxScaler(),8,0.001,4.0,3.0,"{'Classifier__SVC__C': 0.1, 'Classifier__SVC__coef0': 4, 'Classifier__SVC__degree': 3, 'Classifier__SVC__gamma': 0.001, 'Classifier__SVC__kernel': 'poly', 'PCA__n_components': 30, 'Scaler': MinMaxScaler(), 'Selector__max_features': 8}",0.3142857142857143,0.10476190476190476,0.10476190476190476,0.17460317460317462,0.09877047102288283,518
489,0.08058881759643555,0.016633998421365488,0.010048627853393555,0.0010989002419971778,0.1,poly,30,MinMaxScaler(),12,0.001,4.0,3.0,"{'Classifier__SVC__C': 0.1, 'Classifier__SVC__coef0': 4, 'Classifier__SVC__degree': 3, 'Classifier__SVC__gamma': 0.001, 'Classifier__SVC__kernel': 'poly', 'PCA__n_components': 30, 'Scaler': MinMaxScaler(), 'Selector__max_features': 12}",0.3142857142857143,0.10476190476190476,0.10476190476190476,0.17460317460317462,0.09877047102288283,518
490,0.08830809593200684,0.024504599513466313,0.0098114013671875,0.0005407864218259611,0.1,poly,30,MinMaxScaler(),16,0.001,4.0,3.0,"{'Classifier__SVC__C': 0.1, 'Classifier__SVC__coef0': 4, 'Classifier__SVC__degree': 3, 'Classifier__SVC__gamma': 0.001, 'Classifier__SVC__kernel': 'poly', 'PCA__n_components': 30, 'Scaler': MinMaxScaler(), 'Selector__max_features': 16}",0.3142857142857143,0.10476190476190476,0.10476190476190476,0.17460317460317462,0.09877047102288283,518
491,0.06435227394104004,0.03616481697648378,0.010836362838745117,0.0023390028992843178,0.1,poly,30,MinMaxScaler(),20,0.001,4.0,3.0,"{'Classifier__SVC__C': 0.1, 'Classifier__SVC__coef0': 4, 'Classifier__SVC__degree': 3, 'Classifier__SVC__gamma': 0.001, 'Classifier__SVC__kernel': 'poly', 'PCA__n_components': 30, 'Scaler': MinMaxScaler(), 'Selector__max_features': 20}",0.3142857142857143,0.10476190476190476,0.10476190476190476,0.17460317460317462,0.09877047102288283,518
492,0.07474923133850098,0.015668383686052886,0.009366671244303385,0.0006324166650833073,0.1,poly,40,MinMaxScaler(),4,0.001,4.0,3.0,"{'Classifier__SVC__C': 0.1, 'Classifier__SVC__coef0': 4, 'Classifier__SVC__degree': 3, 'Classifier__SVC__gamma': 0.001, 'Classifier__SVC__kernel': 'poly', 'PCA__n_components': 40, 'Scaler': MinMaxScaler(), 'Selector__max_features': 4}",0.3142857142857143,0.10476190476190476,0.10476190476190476,0.17460317460317462,0.09877047102288283,518
493,0.05448142687479655,0.02663598690005629,0.009305953979492188,0.0009291818576048405,0.1,poly,40,MinMaxScaler(),8,0.001,4.0,3.0,"{'Classifier__SVC__C': 0.1, 'Classifier__SVC__coef0': 4, 'Classifier__SVC__degree': 3, 'Classifier__SVC__gamma': 0.001, 'Classifier__SVC__kernel': 'poly', 'PCA__n_components': 40, 'Scaler': MinMaxScaler(), 'Selector__max_features': 8}",0.3142857142857143,0.10476190476190476,0.10476190476190476,0.17460317460317462,0.09877047102288283,518
494,0.055994669596354164,0.009374940867486178,0.009398698806762695,9.676994739454024e-05,0.1,poly,40,MinMaxScaler(),12,0.001,4.0,3.0,"{'Classifier__SVC__C': 0.1, 'Classifier__SVC__coef0': 4, 'Classifier__SVC__degree': 3, 'Classifier__SVC__gamma': 0.001, 'Classifier__SVC__kernel': 'poly', 'PCA__n_components': 40, 'Scaler': MinMaxScaler(), 'Selector__max_features': 12}",0.3142857142857143,0.10476190476190476,0.10476190476190476,0.17460317460317462,0.09877047102288283,518
495,0.04514106114705404,0.0012006930129197827,0.010284821192423502,0.0010684065005370884,0.1,poly,40,MinMaxScaler(),16,0.001,4.0,3.0,"{'Classifier__SVC__C': 0.1, 'Classifier__SVC__coef0': 4, 'Classifier__SVC__degree': 3, 'Classifier__SVC__gamma': 0.001, 'Classifier__SVC__kernel': 'poly', 'PCA__n_components': 40, 'Scaler': MinMaxScaler(), 'Selector__max_features': 16}",0.3142857142857143,0.10476190476190476,0.10476190476190476,0.17460317460317462,0.09877047102288283,518
496,0.03506946563720703,0.005770611725125311,0.00964665412902832,0.00016303240723112542,0.1,poly,40,MinMaxScaler(),20,0.001,4.0,3.0,"{'Classifier__SVC__C': 0.1, 'Classifier__SVC__coef0': 4, 'Classifier__SVC__degree': 3, 'Classifier__SVC__gamma': 0.001, 'Classifier__SVC__kernel': 'poly', 'PCA__n_components': 40, 'Scaler': MinMaxScaler(), 'Selector__max_features': 20}",0.3142857142857143,0.10476190476190476,0.10476190476190476,0.17460317460317462,0.09877047102288283,518
497,0.03849172592163086,0.004313051276242907,0.010060707728068033,0.00230673874414934,0.1,poly,30,MinMaxScaler(),4,0.01,4.0,3.0,"{'Classifier__SVC__C': 0.1, 'Classifier__SVC__coef0': 4, 'Classifier__SVC__degree': 3, 'Classifier__SVC__gamma': 0.01, 'Classifier__SVC__kernel': 'poly', 'PCA__n_components': 30, 'Scaler': MinMaxScaler(), 'Selector__max_features': 4}",0.3142857142857143,0.10476190476190476,0.10476190476190476,0.17460317460317462,0.09877047102288283,518
498,0.0405271053314209,0.0037695036024137756,0.01082142194112142,0.002335406425498535,0.1,poly,30,MinMaxScaler(),8,0.01,4.0,3.0,"{'Classifier__SVC__C': 0.1, 'Classifier__SVC__coef0': 4, 'Classifier__SVC__degree': 3, 'Classifier__SVC__gamma': 0.01, 'Classifier__SVC__kernel': 'poly', 'PCA__n_components': 30, 'Scaler': MinMaxScaler(), 'Selector__max_features': 8}",0.3142857142857143,0.10476190476190476,0.10476190476190476,0.17460317460317462,0.09877047102288283,518
499,0.039047559102376304,0.00960702180922381,0.00954135258992513,0.0007075089534792174,0.1,poly,30,MinMaxScaler(),12,0.01,4.0,3.0,"{'Classifier__SVC__C': 0.1, 'Classifier__SVC__coef0': 4, 'Classifier__SVC__degree': 3, 'Classifier__SVC__gamma': 0.01, 'Classifier__SVC__kernel': 'poly', 'PCA__n_components': 30, 'Scaler': MinMaxScaler(), 'Selector__max_features': 12}",0.23809523809523808,0.09523809523809523,0.10476190476190476,0.14603174603174604,0.06521472566404488,717
500,0.03477231661478678,0.0032258924877786484,0.00987537701924642,0.0008566685629021753,0.1,poly,30,MinMaxScaler(),16,0.01,4.0,3.0,"{'Classifier__SVC__C': 0.1, 'Classifier__SVC__coef0': 4, 'Classifier__SVC__degree': 3, 'Classifier__SVC__gamma': 0.01, 'Classifier__SVC__kernel': 'poly', 'PCA__n_components': 30, 'Scaler': MinMaxScaler(), 'Selector__max_features': 16}",0.24761904761904763,0.10476190476190476,0.10476190476190476,0.1523809523809524,0.06734350297014738,704
501,0.034728050231933594,0.001722236240450897,0.008214553197224935,0.0008480761297488933,0.1,poly,30,MinMaxScaler(),20,0.01,4.0,3.0,"{'Classifier__SVC__C': 0.1, 'Classifier__SVC__coef0': 4, 'Classifier__SVC__degree': 3, 'Classifier__SVC__gamma': 0.01, 'Classifier__SVC__kernel': 'poly', 'PCA__n_components': 30, 'Scaler': MinMaxScaler(), 'Selector__max_features': 20}",0.24761904761904763,0.10476190476190476,0.10476190476190476,0.1523809523809524,0.06734350297014738,704
502,0.03501065572102865,0.004099365334420807,0.011346737543741861,0.0015016737798033528,0.1,poly,40,MinMaxScaler(),4,0.01,4.0,3.0,"{'Classifier__SVC__C': 0.1, 'Classifier__SVC__coef0': 4, 'Classifier__SVC__degree': 3, 'Classifier__SVC__gamma': 0.01, 'Classifier__SVC__kernel': 'poly', 'PCA__n_components': 40, 'Scaler': MinMaxScaler(), 'Selector__max_features': 4}",0.3142857142857143,0.10476190476190476,0.10476190476190476,0.17460317460317462,0.09877047102288283,518
503,0.045882066090901695,0.014306733559477793,0.013162533442179361,0.001717550348198781,0.1,poly,40,MinMaxScaler(),8,0.01,4.0,3.0,"{'Classifier__SVC__C': 0.1, 'Classifier__SVC__coef0': 4, 'Classifier__SVC__degree': 3, 'Classifier__SVC__gamma': 0.01, 'Classifier__SVC__kernel': 'poly', 'PCA__n_components': 40, 'Scaler': MinMaxScaler(), 'Selector__max_features': 8}",0.3142857142857143,0.10476190476190476,0.10476190476190476,0.17460317460317462,0.09877047102288283,518
504,0.042879581451416016,0.013710575113553062,0.010370254516601562,0.0006269433425570025,0.1,poly,40,MinMaxScaler(),12,0.01,4.0,3.0,"{'Classifier__SVC__C': 0.1, 'Classifier__SVC__coef0': 4, 'Classifier__SVC__degree': 3, 'Classifier__SVC__gamma': 0.01, 'Classifier__SVC__kernel': 'poly', 'PCA__n_components': 40, 'Scaler': MinMaxScaler(), 'Selector__max_features': 12}",0.3142857142857143,0.10476190476190476,0.10476190476190476,0.17460317460317462,0.09877047102288283,518
505,0.04399720827738444,0.0026679279218169327,0.009709993998209635,0.0006157080088297652,0.1,poly,40,MinMaxScaler(),16,0.01,4.0,3.0,"{'Classifier__SVC__C': 0.1, 'Classifier__SVC__coef0': 4, 'Classifier__SVC__degree': 3, 'Classifier__SVC__gamma': 0.01, 'Classifier__SVC__kernel': 'poly', 'PCA__n_components': 40, 'Scaler': MinMaxScaler(), 'Selector__max_features': 16}",0.22857142857142856,0.09523809523809523,0.11428571428571428,0.146031746031746,0.058880117431718754,720
506,0.03769969940185547,0.004829248464797096,0.010023196538289389,0.0007103845858353985,0.1,poly,40,MinMaxScaler(),20,0.01,4.0,3.0,"{'Classifier__SVC__C': 0.1, 'Classifier__SVC__coef0': 4, 'Classifier__SVC__degree': 3, 'Classifier__SVC__gamma': 0.01, 'Classifier__SVC__kernel': 'poly', 'PCA__n_components': 40, 'Scaler': MinMaxScaler(), 'Selector__max_features': 20}",0.21904761904761905,0.09523809523809523,0.11428571428571428,0.14285714285714285,0.05443310539518174,721
507,0.0436863899230957,0.009548849553685575,0.01016084353129069,0.0019434029055644057,0.1,poly,30,MinMaxScaler(),4,0.001,4.0,5.0,"{'Classifier__SVC__C': 0.1, 'Classifier__SVC__coef0': 4, 'Classifier__SVC__degree': 5, 'Classifier__SVC__gamma': 0.001, 'Classifier__SVC__kernel': 'poly', 'PCA__n_components': 30, 'Scaler': MinMaxScaler(), 'Selector__max_features': 4}",0.3142857142857143,0.10476190476190476,0.10476190476190476,0.17460317460317462,0.09877047102288283,518
508,0.03782248497009277,0.0041725296288285686,0.010555267333984375,0.0007059522460255437,0.1,poly,30,MinMaxScaler(),8,0.001,4.0,5.0,"{'Classifier__SVC__C': 0.1, 'Classifier__SVC__coef0': 4, 'Classifier__SVC__degree': 5, 'Classifier__SVC__gamma': 0.001, 'Classifier__SVC__kernel': 'poly', 'PCA__n_components': 30, 'Scaler': MinMaxScaler(), 'Selector__max_features': 8}",0.22857142857142856,0.10476190476190476,0.22857142857142856,0.1873015873015873,0.0583643692407944,483
509,0.04249342282613119,0.0065466509034822875,0.011996825536092123,0.0025233076422090904,0.1,poly,30,MinMaxScaler(),12,0.001,4.0,5.0,"{'Classifier__SVC__C': 0.1, 'Classifier__SVC__coef0': 4, 'Classifier__SVC__degree': 5, 'Classifier__SVC__gamma': 0.001, 'Classifier__SVC__kernel': 'poly', 'PCA__n_components': 30, 'Scaler': MinMaxScaler(), 'Selector__max_features': 12}",0.11428571428571428,0.10476190476190476,0.26666666666666666,0.1619047619047619,0.07417981870189157,666
510,0.03564127286275228,0.00040858750916918465,0.010746002197265625,0.0023911356800465043,0.1,poly,30,MinMaxScaler(),16,0.001,4.0,5.0,"{'Classifier__SVC__C': 0.1, 'Classifier__SVC__coef0': 4, 'Classifier__SVC__degree': 5, 'Classifier__SVC__gamma': 0.001, 'Classifier__SVC__kernel': 'poly', 'PCA__n_components': 30, 'Scaler': MinMaxScaler(), 'Selector__max_features': 16}",0.13333333333333333,0.11428571428571428,0.26666666666666666,0.1714285714285714,0.06779097302877023,647
511,0.03945485750834147,0.0034082451622964153,0.012295246124267578,0.0023510809040053963,0.1,poly,30,MinMaxScaler(),20,0.001,4.0,5.0,"{'Classifier__SVC__C': 0.1, 'Classifier__SVC__coef0': 4, 'Classifier__SVC__degree': 5, 'Classifier__SVC__gamma': 0.001, 'Classifier__SVC__kernel': 'poly', 'PCA__n_components': 30, 'Scaler': MinMaxScaler(), 'Selector__max_features': 20}",0.13333333333333333,0.11428571428571428,0.26666666666666666,0.1714285714285714,0.06779097302877023,647
512,0.04310687383015951,0.007688384572025357,0.010415871938069662,0.001947484646881339,0.1,poly,40,MinMaxScaler(),4,0.001,4.0,5.0,"{'Classifier__SVC__C': 0.1, 'Classifier__SVC__coef0': 4, 'Classifier__SVC__degree': 5, 'Classifier__SVC__gamma': 0.001, 'Classifier__SVC__kernel': 'poly', 'PCA__n_components': 40, 'Scaler': MinMaxScaler(), 'Selector__max_features': 4}",0.3142857142857143,0.10476190476190476,0.10476190476190476,0.17460317460317462,0.09877047102288283,518
513,0.04631511370340983,0.008477616635090623,0.009537061055501303,0.0003688054316200375,0.1,poly,40,MinMaxScaler(),8,0.001,4.0,5.0,"{'Classifier__SVC__C': 0.1, 'Classifier__SVC__coef0': 4, 'Classifier__SVC__degree': 5, 'Classifier__SVC__gamma': 0.001, 'Classifier__SVC__kernel': 'poly', 'PCA__n_components': 40, 'Scaler': MinMaxScaler(), 'Selector__max_features': 8}",0.3142857142857143,0.10476190476190476,0.10476190476190476,0.17460317460317462,0.09877047102288283,518
514,0.03753360112508138,0.001341713757527422,0.011530558268229166,0.0016346600517392965,0.1,poly,40,MinMaxScaler(),12,0.001,4.0,5.0,"{'Classifier__SVC__C': 0.1, 'Classifier__SVC__coef0': 4, 'Classifier__SVC__degree': 5, 'Classifier__SVC__gamma': 0.001, 'Classifier__SVC__kernel': 'poly', 'PCA__n_components': 40, 'Scaler': MinMaxScaler(), 'Selector__max_features': 12}",0.23809523809523808,0.08571428571428572,0.23809523809523808,0.1873015873015873,0.07183306983482388,483
515,0.043450117111206055,0.004566704918478562,0.009928146998087565,0.000444116468977309,0.1,poly,40,MinMaxScaler(),16,0.001,4.0,5.0,"{'Classifier__SVC__C': 0.1, 'Classifier__SVC__coef0': 4, 'Classifier__SVC__degree': 5, 'Classifier__SVC__gamma': 0.001, 'Classifier__SVC__kernel': 'poly', 'PCA__n_components': 40, 'Scaler': MinMaxScaler(), 'Selector__max_features': 16}",0.14285714285714285,0.10476190476190476,0.2,0.1492063492063492,0.03913913652678716,712
516,0.03984387715657552,0.0032194971769284896,0.010640382766723633,0.0027130393046777865,0.1,poly,40,MinMaxScaler(),20,0.001,4.0,5.0,"{'Classifier__SVC__C': 0.1, 'Classifier__SVC__coef0': 4, 'Classifier__SVC__degree': 5, 'Classifier__SVC__gamma': 0.001, 'Classifier__SVC__kernel': 'poly', 'PCA__n_components': 40, 'Scaler': MinMaxScaler(), 'Selector__max_features': 20}",0.1523809523809524,0.11428571428571428,0.2571428571428571,0.17460317460317457,0.06040094473155697,633
517,0.039831956227620445,0.0034099608846062737,0.009789864222208658,0.0008180139788946768,0.1,poly,30,MinMaxScaler(),4,0.01,4.0,5.0,"{'Classifier__SVC__C': 0.1, 'Classifier__SVC__coef0': 4, 'Classifier__SVC__degree': 5, 'Classifier__SVC__gamma': 0.01, 'Classifier__SVC__kernel': 'poly', 'PCA__n_components': 30, 'Scaler': MinMaxScaler(), 'Selector__max_features': 4}",0.1523809523809524,0.1523809523809524,0.1619047619047619,0.15555555555555556,0.004489566864676489,698
518,0.04277658462524414,0.003838748072234737,0.009044170379638672,0.0004084584610741062,0.1,poly,30,MinMaxScaler(),8,0.01,4.0,5.0,"{'Classifier__SVC__C': 0.1, 'Classifier__SVC__coef0': 4, 'Classifier__SVC__degree': 5, 'Classifier__SVC__gamma': 0.01, 'Classifier__SVC__kernel': 'poly', 'PCA__n_components': 30, 'Scaler': MinMaxScaler(), 'Selector__max_features': 8}",0.2571428571428571,0.12380952380952381,0.2761904761904762,0.21904761904761905,0.06779097302877023,304
519,0.036894003550211586,0.002056669238121495,0.0102079709370931,0.0004744813395145105,0.1,poly,30,MinMaxScaler(),12,0.01,4.0,5.0,"{'Classifier__SVC__C': 0.1, 'Classifier__SVC__coef0': 4, 'Classifier__SVC__degree': 5, 'Classifier__SVC__gamma': 0.01, 'Classifier__SVC__kernel': 'poly', 'PCA__n_components': 30, 'Scaler': MinMaxScaler(), 'Selector__max_features': 12}",0.24761904761904763,0.24761904761904763,0.3619047619047619,0.28571428571428575,0.0538748023761179,31
520,0.0360719362894694,0.002017823811245525,0.010373433430989584,0.000844475091995935,0.1,poly,30,MinMaxScaler(),16,0.01,4.0,5.0,"{'Classifier__SVC__C': 0.1, 'Classifier__SVC__coef0': 4, 'Classifier__SVC__degree': 5, 'Classifier__SVC__gamma': 0.01, 'Classifier__SVC__kernel': 'poly', 'PCA__n_components': 30, 'Scaler': MinMaxScaler(), 'Selector__max_features': 16}",0.23809523809523808,0.22857142857142856,0.3333333333333333,0.26666666666666666,0.04730052198651219,55
521,0.04301587740580241,0.003152097343004375,0.010985851287841797,0.0012870927568531985,0.1,poly,30,MinMaxScaler(),20,0.01,4.0,5.0,"{'Classifier__SVC__C': 0.1, 'Classifier__SVC__coef0': 4, 'Classifier__SVC__degree': 5, 'Classifier__SVC__gamma': 0.01, 'Classifier__SVC__kernel': 'poly', 'PCA__n_components': 30, 'Scaler': MinMaxScaler(), 'Selector__max_features': 20}",0.23809523809523808,0.22857142857142856,0.3333333333333333,0.26666666666666666,0.04730052198651219,55
522,0.041109720865885414,0.0033283049723503533,0.011243979136149088,0.0015673663905245456,0.1,poly,40,MinMaxScaler(),4,0.01,4.0,5.0,"{'Classifier__SVC__C': 0.1, 'Classifier__SVC__coef0': 4, 'Classifier__SVC__degree': 5, 'Classifier__SVC__gamma': 0.01, 'Classifier__SVC__kernel': 'poly', 'PCA__n_components': 40, 'Scaler': MinMaxScaler(), 'Selector__max_features': 4}",0.12380952380952381,0.1619047619047619,0.1619047619047619,0.1492063492063492,0.017958267458705972,712
523,0.03658525149027506,0.002801603245774176,0.010233004887898764,0.0013320865894374044,0.1,poly,40,MinMaxScaler(),8,0.01,4.0,5.0,"{'Classifier__SVC__C': 0.1, 'Classifier__SVC__coef0': 4, 'Classifier__SVC__degree': 5, 'Classifier__SVC__gamma': 0.01, 'Classifier__SVC__kernel': 'poly', 'PCA__n_components': 40, 'Scaler': MinMaxScaler(), 'Selector__max_features': 8}",0.1619047619047619,0.12380952380952381,0.21904761904761905,0.16825396825396824,0.039139136526787154,656
524,0.03471891085306803,0.0015524187119203374,0.009766737620035807,0.0018773699665849987,0.1,poly,40,MinMaxScaler(),12,0.01,4.0,5.0,"{'Classifier__SVC__C': 0.1, 'Classifier__SVC__coef0': 4, 'Classifier__SVC__degree': 5, 'Classifier__SVC__gamma': 0.01, 'Classifier__SVC__kernel': 'poly', 'PCA__n_components': 40, 'Scaler': MinMaxScaler(), 'Selector__max_features': 12}",0.23809523809523808,0.2571428571428571,0.29523809523809524,0.2634920634920635,0.023756554836659952,101
525,0.033212900161743164,0.0016451586947792102,0.012354771296183268,0.0043199194144053,0.1,poly,40,MinMaxScaler(),16,0.01,4.0,5.0,"{'Classifier__SVC__C': 0.1, 'Classifier__SVC__coef0': 4, 'Classifier__SVC__degree': 5, 'Classifier__SVC__gamma': 0.01, 'Classifier__SVC__kernel': 'poly', 'PCA__n_components': 40, 'Scaler': MinMaxScaler(), 'Selector__max_features': 16}",0.21904761904761905,0.2761904761904762,0.3238095238095238,0.273015873015873,0.04282773829597474,50
526,0.03281116485595703,0.002699557908709032,0.00957330067952474,0.00043453207408459155,0.1,poly,40,MinMaxScaler(),20,0.01,4.0,5.0,"{'Classifier__SVC__C': 0.1, 'Classifier__SVC__coef0': 4, 'Classifier__SVC__degree': 5, 'Classifier__SVC__gamma': 0.01, 'Classifier__SVC__kernel': 'poly', 'PCA__n_components': 40, 'Scaler': MinMaxScaler(), 'Selector__max_features': 20}",0.18095238095238095,0.23809523809523808,0.3238095238095238,0.24761904761904763,0.05870870479018074,201
527,0.03709101676940918,0.0036243808864430825,0.009543736775716146,0.0007146981591487337,0.1,poly,30,MinMaxScaler(),4,0.001,6.0,3.0,"{'Classifier__SVC__C': 0.1, 'Classifier__SVC__coef0': 6, 'Classifier__SVC__degree': 3, 'Classifier__SVC__gamma': 0.001, 'Classifier__SVC__kernel': 'poly', 'PCA__n_components': 30, 'Scaler': MinMaxScaler(), 'Selector__max_features': 4}",0.3142857142857143,0.10476190476190476,0.10476190476190476,0.17460317460317462,0.09877047102288283,518
528,0.03753534952799479,0.007427681393990102,0.010482549667358398,0.002399899010617143,0.1,poly,30,MinMaxScaler(),8,0.001,6.0,3.0,"{'Classifier__SVC__C': 0.1, 'Classifier__SVC__coef0': 6, 'Classifier__SVC__degree': 3, 'Classifier__SVC__gamma': 0.001, 'Classifier__SVC__kernel': 'poly', 'PCA__n_components': 30, 'Scaler': MinMaxScaler(), 'Selector__max_features': 8}",0.3142857142857143,0.10476190476190476,0.10476190476190476,0.17460317460317462,0.09877047102288283,518
529,0.0427405039469401,0.007470057327584343,0.009378512700398764,0.00046271620085160196,0.1,poly,30,MinMaxScaler(),12,0.001,6.0,3.0,"{'Classifier__SVC__C': 0.1, 'Classifier__SVC__coef0': 6, 'Classifier__SVC__degree': 3, 'Classifier__SVC__gamma': 0.001, 'Classifier__SVC__kernel': 'poly', 'PCA__n_components': 30, 'Scaler': MinMaxScaler(), 'Selector__max_features': 12}",0.3142857142857143,0.10476190476190476,0.10476190476190476,0.17460317460317462,0.09877047102288283,518
530,0.03675945599873861,0.007408667643631461,0.010757684707641602,0.0005350530804130698,0.1,poly,30,MinMaxScaler(),16,0.001,6.0,3.0,"{'Classifier__SVC__C': 0.1, 'Classifier__SVC__coef0': 6, 'Classifier__SVC__degree': 3, 'Classifier__SVC__gamma': 0.001, 'Classifier__SVC__kernel': 'poly', 'PCA__n_components': 30, 'Scaler': MinMaxScaler(), 'Selector__max_features': 16}",0.3142857142857143,0.10476190476190476,0.10476190476190476,0.17460317460317462,0.09877047102288283,518
531,0.04188911120096842,0.007237449533356169,0.009488185246785482,0.00041904077297709734,0.1,poly,30,MinMaxScaler(),20,0.001,6.0,3.0,"{'Classifier__SVC__C': 0.1, 'Classifier__SVC__coef0': 6, 'Classifier__SVC__degree': 3, 'Classifier__SVC__gamma': 0.001, 'Classifier__SVC__kernel': 'poly', 'PCA__n_components': 30, 'Scaler': MinMaxScaler(), 'Selector__max_features': 20}",0.3142857142857143,0.10476190476190476,0.10476190476190476,0.17460317460317462,0.09877047102288283,518
532,0.03689742088317871,0.0034342931433727236,0.009439865748087565,0.0004839118546202037,0.1,poly,40,MinMaxScaler(),4,0.001,6.0,3.0,"{'Classifier__SVC__C': 0.1, 'Classifier__SVC__coef0': 6, 'Classifier__SVC__degree': 3, 'Classifier__SVC__gamma': 0.001, 'Classifier__SVC__kernel': 'poly', 'PCA__n_components': 40, 'Scaler': MinMaxScaler(), 'Selector__max_features': 4}",0.3142857142857143,0.10476190476190476,0.10476190476190476,0.17460317460317462,0.09877047102288283,518
533,0.03753129641215006,0.004529229459087704,0.010169506072998047,0.0005466376342456716,0.1,poly,40,MinMaxScaler(),8,0.001,6.0,3.0,"{'Classifier__SVC__C': 0.1, 'Classifier__SVC__coef0': 6, 'Classifier__SVC__degree': 3, 'Classifier__SVC__gamma': 0.001, 'Classifier__SVC__kernel': 'poly', 'PCA__n_components': 40, 'Scaler': MinMaxScaler(), 'Selector__max_features': 8}",0.3142857142857143,0.10476190476190476,0.10476190476190476,0.17460317460317462,0.09877047102288283,518
534,0.03930163383483887,0.007578651762767603,0.010595877965291342,0.00046218626188746626,0.1,poly,40,MinMaxScaler(),12,0.001,6.0,3.0,"{'Classifier__SVC__C': 0.1, 'Classifier__SVC__coef0': 6, 'Classifier__SVC__degree': 3, 'Classifier__SVC__gamma': 0.001, 'Classifier__SVC__kernel': 'poly', 'PCA__n_components': 40, 'Scaler': MinMaxScaler(), 'Selector__max_features': 12}",0.3142857142857143,0.10476190476190476,0.10476190476190476,0.17460317460317462,0.09877047102288283,518
535,0.04891268412272135,0.013214052552625706,0.01099721590677897,0.0009647107161093142,0.1,poly,40,MinMaxScaler(),16,0.001,6.0,3.0,"{'Classifier__SVC__C': 0.1, 'Classifier__SVC__coef0': 6, 'Classifier__SVC__degree': 3, 'Classifier__SVC__gamma': 0.001, 'Classifier__SVC__kernel': 'poly', 'PCA__n_components': 40, 'Scaler': MinMaxScaler(), 'Selector__max_features': 16}",0.3142857142857143,0.10476190476190476,0.10476190476190476,0.17460317460317462,0.09877047102288283,518
536,0.04180455207824707,0.013226280502497911,0.011742750803629557,0.001680303628027371,0.1,poly,40,MinMaxScaler(),20,0.001,6.0,3.0,"{'Classifier__SVC__C': 0.1, 'Classifier__SVC__coef0': 6, 'Classifier__SVC__degree': 3, 'Classifier__SVC__gamma': 0.001, 'Classifier__SVC__kernel': 'poly', 'PCA__n_components': 40, 'Scaler': MinMaxScaler(), 'Selector__max_features': 20}",0.3142857142857143,0.10476190476190476,0.10476190476190476,0.17460317460317462,0.09877047102288283,518
537,0.03734119733174642,0.0038475287567951207,0.009591976801554361,0.0007630468663790755,0.1,poly,30,MinMaxScaler(),4,0.01,6.0,3.0,"{'Classifier__SVC__C': 0.1, 'Classifier__SVC__coef0': 6, 'Classifier__SVC__degree': 3, 'Classifier__SVC__gamma': 0.01, 'Classifier__SVC__kernel': 'poly', 'PCA__n_components': 30, 'Scaler': MinMaxScaler(), 'Selector__max_features': 4}",0.3142857142857143,0.10476190476190476,0.10476190476190476,0.17460317460317462,0.09877047102288283,518
538,0.03677964210510254,0.003413480226213307,0.010719219843546549,0.0006311296711043793,0.1,poly,30,MinMaxScaler(),8,0.01,6.0,3.0,"{'Classifier__SVC__C': 0.1, 'Classifier__SVC__coef0': 6, 'Classifier__SVC__degree': 3, 'Classifier__SVC__gamma': 0.01, 'Classifier__SVC__kernel': 'poly', 'PCA__n_components': 30, 'Scaler': MinMaxScaler(), 'Selector__max_features': 8}",0.26666666666666666,0.10476190476190476,0.2761904761904762,0.21587301587301588,0.07866356630707218,320
539,0.0425717830657959,0.0022434939063157733,0.010449806849161783,0.0006415480354896031,0.1,poly,30,MinMaxScaler(),12,0.01,6.0,3.0,"{'Classifier__SVC__C': 0.1, 'Classifier__SVC__coef0': 6, 'Classifier__SVC__degree': 3, 'Classifier__SVC__gamma': 0.01, 'Classifier__SVC__kernel': 'poly', 'PCA__n_components': 30, 'Scaler': MinMaxScaler(), 'Selector__max_features': 12}",0.11428571428571428,0.11428571428571428,0.3047619047619048,0.17777777777777778,0.08979133729352985,512
540,0.038430213928222656,0.002095085742446686,0.011755704879760742,0.0006063591811291677,0.1,poly,30,MinMaxScaler(),16,0.01,6.0,3.0,"{'Classifier__SVC__C': 0.1, 'Classifier__SVC__coef0': 6, 'Classifier__SVC__degree': 3, 'Classifier__SVC__gamma': 0.01, 'Classifier__SVC__kernel': 'poly', 'PCA__n_components': 30, 'Scaler': MinMaxScaler(), 'Selector__max_features': 16}",0.11428571428571428,0.10476190476190476,0.3047619047619048,0.17460317460317462,0.09211821033998038,518
541,0.041596174240112305,0.003564970597451518,0.009606599807739258,0.000379320337848491,0.1,poly,30,MinMaxScaler(),20,0.01,6.0,3.0,"{'Classifier__SVC__C': 0.1, 'Classifier__SVC__coef0': 6, 'Classifier__SVC__degree': 3, 'Classifier__SVC__gamma': 0.01, 'Classifier__SVC__kernel': 'poly', 'PCA__n_components': 30, 'Scaler': MinMaxScaler(), 'Selector__max_features': 20}",0.11428571428571428,0.10476190476190476,0.3047619047619048,0.17460317460317462,0.09211821033998038,518
542,0.03706812858581543,0.0011970071114820284,0.009941418965657553,0.0008143393644706474,0.1,poly,40,MinMaxScaler(),4,0.01,6.0,3.0,"{'Classifier__SVC__C': 0.1, 'Classifier__SVC__coef0': 6, 'Classifier__SVC__degree': 3, 'Classifier__SVC__gamma': 0.01, 'Classifier__SVC__kernel': 'poly', 'PCA__n_components': 40, 'Scaler': MinMaxScaler(), 'Selector__max_features': 4}",0.3142857142857143,0.10476190476190476,0.10476190476190476,0.17460317460317462,0.09877047102288283,518
543,0.03654774030049642,0.0005670003637337175,0.009828964869181315,0.00015566236050023528,0.1,poly,40,MinMaxScaler(),8,0.01,6.0,3.0,"{'Classifier__SVC__C': 0.1, 'Classifier__SVC__coef0': 6, 'Classifier__SVC__degree': 3, 'Classifier__SVC__gamma': 0.01, 'Classifier__SVC__kernel': 'poly', 'PCA__n_components': 40, 'Scaler': MinMaxScaler(), 'Selector__max_features': 8}",0.3142857142857143,0.10476190476190476,0.10476190476190476,0.17460317460317462,0.09877047102288283,518
544,0.04111011823018392,0.0044584935795936205,0.010246674219767252,0.0005903000181198809,0.1,poly,40,MinMaxScaler(),12,0.01,6.0,3.0,"{'Classifier__SVC__C': 0.1, 'Classifier__SVC__coef0': 6, 'Classifier__SVC__degree': 3, 'Classifier__SVC__gamma': 0.01, 'Classifier__SVC__kernel': 'poly', 'PCA__n_components': 40, 'Scaler': MinMaxScaler(), 'Selector__max_features': 12}",0.26666666666666666,0.08571428571428572,0.29523809523809524,0.21587301587301586,0.092772312356841,335
545,0.03704460461934408,0.0046936285401326236,0.011225461959838867,0.0017148512936248394,0.1,poly,40,MinMaxScaler(),16,0.01,6.0,3.0,"{'Classifier__SVC__C': 0.1, 'Classifier__SVC__coef0': 6, 'Classifier__SVC__degree': 3, 'Classifier__SVC__gamma': 0.01, 'Classifier__SVC__kernel': 'poly', 'PCA__n_components': 40, 'Scaler': MinMaxScaler(), 'Selector__max_features': 16}",0.09523809523809523,0.12380952380952381,0.22857142857142856,0.1492063492063492,0.057318952651643766,712
546,0.03761498133341471,0.0036702616893699194,0.010713020960489908,0.0008480927967957527,0.1,poly,40,MinMaxScaler(),20,0.01,6.0,3.0,"{'Classifier__SVC__C': 0.1, 'Classifier__SVC__coef0': 6, 'Classifier__SVC__degree': 3, 'Classifier__SVC__gamma': 0.01, 'Classifier__SVC__kernel': 'poly', 'PCA__n_components': 40, 'Scaler': MinMaxScaler(), 'Selector__max_features': 20}",0.11428571428571428,0.11428571428571428,0.23809523809523808,0.15555555555555556,0.0583643692407944,698
547,0.05284269650777181,0.01850006402276633,0.009598255157470703,0.001912384725951044,0.1,poly,30,MinMaxScaler(),4,0.001,6.0,5.0,"{'Classifier__SVC__C': 0.1, 'Classifier__SVC__coef0': 6, 'Classifier__SVC__degree': 5, 'Classifier__SVC__gamma': 0.001, 'Classifier__SVC__kernel': 'poly', 'PCA__n_components': 30, 'Scaler': MinMaxScaler(), 'Selector__max_features': 4}",0.09523809523809523,0.08571428571428572,0.06666666666666667,0.08253968253968254,0.011878277418329971,747
548,0.04783097902933756,0.020423859911047827,0.008896112442016602,0.002038753790281643,0.1,poly,30,MinMaxScaler(),8,0.001,6.0,5.0,"{'Classifier__SVC__C': 0.1, 'Classifier__SVC__coef0': 6, 'Classifier__SVC__degree': 5, 'Classifier__SVC__gamma': 0.001, 'Classifier__SVC__kernel': 'poly', 'PCA__n_components': 30, 'Scaler': MinMaxScaler(), 'Selector__max_features': 8}",0.20952380952380953,0.14285714285714285,0.20952380952380953,0.1873015873015873,0.031426968052735454,483
549,0.05896711349487305,0.01803366759393984,0.008230209350585938,0.0012339595352002573,0.1,poly,30,MinMaxScaler(),12,0.001,6.0,5.0,"{'Classifier__SVC__C': 0.1, 'Classifier__SVC__coef0': 6, 'Classifier__SVC__degree': 5, 'Classifier__SVC__gamma': 0.001, 'Classifier__SVC__kernel': 'poly', 'PCA__n_components': 30, 'Scaler': MinMaxScaler(), 'Selector__max_features': 12}",0.2,0.22857142857142856,0.3142857142857143,0.24761904761904763,0.048562090605645564,201
550,0.04373359680175781,0.019619663084121938,0.024601062138875324,0.015046749443051944,0.1,poly,30,MinMaxScaler(),16,0.001,6.0,5.0,"{'Classifier__SVC__C': 0.1, 'Classifier__SVC__coef0': 6, 'Classifier__SVC__degree': 5, 'Classifier__SVC__gamma': 0.001, 'Classifier__SVC__kernel': 'poly', 'PCA__n_components': 30, 'Scaler': MinMaxScaler(), 'Selector__max_features': 16}",0.18095238095238095,0.2571428571428571,0.34285714285714286,0.26031746031746034,0.06613544970158623,122
551,0.04860997200012207,0.006614171086060579,0.009884516398111979,0.0020716922111497526,0.1,poly,30,MinMaxScaler(),20,0.001,6.0,5.0,"{'Classifier__SVC__C': 0.1, 'Classifier__SVC__coef0': 6, 'Classifier__SVC__degree': 5, 'Classifier__SVC__gamma': 0.001, 'Classifier__SVC__kernel': 'poly', 'PCA__n_components': 30, 'Scaler': MinMaxScaler(), 'Selector__max_features': 20}",0.18095238095238095,0.2571428571428571,0.34285714285714286,0.26031746031746034,0.06613544970158623,122
552,0.04097461700439453,0.0038458133616376,0.009383757909138998,0.0004696345880886427,0.1,poly,40,MinMaxScaler(),4,0.001,6.0,5.0,"{'Classifier__SVC__C': 0.1, 'Classifier__SVC__coef0': 6, 'Classifier__SVC__degree': 5, 'Classifier__SVC__gamma': 0.001, 'Classifier__SVC__kernel': 'poly', 'PCA__n_components': 40, 'Scaler': MinMaxScaler(), 'Selector__max_features': 4}",0.17142857142857143,0.11428571428571428,0.06666666666666667,0.11746031746031745,0.042827738295974735,746
553,0.04355335235595703,0.010670431966383696,0.009711186091105143,0.0004684483340411804,0.1,poly,40,MinMaxScaler(),8,0.001,6.0,5.0,"{'Classifier__SVC__C': 0.1, 'Classifier__SVC__coef0': 6, 'Classifier__SVC__degree': 5, 'Classifier__SVC__gamma': 0.001, 'Classifier__SVC__kernel': 'poly', 'PCA__n_components': 40, 'Scaler': MinMaxScaler(), 'Selector__max_features': 8}",0.12380952380952381,0.14285714285714285,0.10476190476190476,0.12380952380952381,0.015552315827194777,740
554,0.031287193298339844,0.0072480379193037335,0.010214487711588541,0.0023702263686566512,0.1,poly,40,MinMaxScaler(),12,0.001,6.0,5.0,"{'Classifier__SVC__C': 0.1, 'Classifier__SVC__coef0': 6, 'Classifier__SVC__degree': 5, 'Classifier__SVC__gamma': 0.001, 'Classifier__SVC__kernel': 'poly', 'PCA__n_components': 40, 'Scaler': MinMaxScaler(), 'Selector__max_features': 12}",0.2,0.21904761904761905,0.24761904761904763,0.22222222222222224,0.019569568263393577,271
555,0.039431254069010414,0.010829802443638915,0.010004679361979166,0.0003632596011600422,0.1,poly,40,MinMaxScaler(),16,0.001,6.0,5.0,"{'Classifier__SVC__C': 0.1, 'Classifier__SVC__coef0': 6, 'Classifier__SVC__degree': 5, 'Classifier__SVC__gamma': 0.001, 'Classifier__SVC__kernel': 'poly', 'PCA__n_components': 40, 'Scaler': MinMaxScaler(), 'Selector__max_features': 16}",0.18095238095238095,0.23809523809523808,0.3047619047619048,0.24126984126984127,0.050594849049235655,237
556,0.03366875648498535,0.009998704273279512,0.010141293207804361,0.0005066341262733914,0.1,poly,40,MinMaxScaler(),20,0.001,6.0,5.0,"{'Classifier__SVC__C': 0.1, 'Classifier__SVC__coef0': 6, 'Classifier__SVC__degree': 5, 'Classifier__SVC__gamma': 0.001, 'Classifier__SVC__kernel': 'poly', 'PCA__n_components': 40, 'Scaler': MinMaxScaler(), 'Selector__max_features': 20}",0.19047619047619047,0.23809523809523808,0.3142857142857143,0.24761904761904763,0.0509916774736794,201
557,0.037291526794433594,0.0067873299609740026,0.010523557662963867,6.6440546520123e-05,0.1,poly,30,MinMaxScaler(),4,0.01,6.0,5.0,"{'Classifier__SVC__C': 0.1, 'Classifier__SVC__coef0': 6, 'Classifier__SVC__degree': 5, 'Classifier__SVC__gamma': 0.01, 'Classifier__SVC__kernel': 'poly', 'PCA__n_components': 30, 'Scaler': MinMaxScaler(), 'Selector__max_features': 4}",0.2761904761904762,0.22857142857142856,0.2,0.2349206349206349,0.031426968052735454,260
558,0.03408257166544596,0.006769038185532954,0.011999686559041342,0.0013782415073511037,0.1,poly,30,MinMaxScaler(),8,0.01,6.0,5.0,"{'Classifier__SVC__C': 0.1, 'Classifier__SVC__coef0': 6, 'Classifier__SVC__degree': 5, 'Classifier__SVC__gamma': 0.01, 'Classifier__SVC__kernel': 'poly', 'PCA__n_components': 30, 'Scaler': MinMaxScaler(), 'Selector__max_features': 8}",0.20952380952380953,0.21904761904761905,0.21904761904761905,0.21587301587301588,0.00448956686467649,320
559,0.0433652400970459,0.009383560506440607,0.010701815287272135,0.00040624288699838096,0.1,poly,30,MinMaxScaler(),12,0.01,6.0,5.0,"{'Classifier__SVC__C': 0.1, 'Classifier__SVC__coef0': 6, 'Classifier__SVC__degree': 5, 'Classifier__SVC__gamma': 0.01, 'Classifier__SVC__kernel': 'poly', 'PCA__n_components': 30, 'Scaler': MinMaxScaler(), 'Selector__max_features': 12}",0.2571428571428571,0.2571428571428571,0.3047619047619048,0.273015873015873,0.022447834323382487,50
560,0.036122401555379234,0.004863072912775252,0.012344598770141602,0.001988096158901847,0.1,poly,30,MinMaxScaler(),16,0.01,6.0,5.0,"{'Classifier__SVC__C': 0.1, 'Classifier__SVC__coef0': 6, 'Classifier__SVC__degree': 5, 'Classifier__SVC__gamma': 0.01, 'Classifier__SVC__kernel': 'poly', 'PCA__n_components': 30, 'Scaler': MinMaxScaler(), 'Selector__max_features': 16}",0.2571428571428571,0.26666666666666666,0.3523809523809524,0.2920634920634921,0.04282773829597475,24
561,0.03943173090616862,0.0038390624108889087,0.010186513264973959,0.0005956073521150499,0.1,poly,30,MinMaxScaler(),20,0.01,6.0,5.0,"{'Classifier__SVC__C': 0.1, 'Classifier__SVC__coef0': 6, 'Classifier__SVC__degree': 5, 'Classifier__SVC__gamma': 0.01, 'Classifier__SVC__kernel': 'poly', 'PCA__n_components': 30, 'Scaler': MinMaxScaler(), 'Selector__max_features': 20}",0.2571428571428571,0.26666666666666666,0.3523809523809524,0.2920634920634921,0.04282773829597475,24
562,0.03723041216532389,0.0007660268198612952,0.011082967122395834,0.0010350063358741913,0.1,poly,40,MinMaxScaler(),4,0.01,6.0,5.0,"{'Classifier__SVC__C': 0.1, 'Classifier__SVC__coef0': 6, 'Classifier__SVC__degree': 5, 'Classifier__SVC__gamma': 0.01, 'Classifier__SVC__kernel': 'poly', 'PCA__n_components': 40, 'Scaler': MinMaxScaler(), 'Selector__max_features': 4}",0.18095238095238095,0.21904761904761905,0.2,0.20000000000000004,0.015552315827194784,408
563,0.03816612561543783,0.0006853817842438271,0.010653257369995117,7.81586383383703e-05,0.1,poly,40,MinMaxScaler(),8,0.01,6.0,5.0,"{'Classifier__SVC__C': 0.1, 'Classifier__SVC__coef0': 6, 'Classifier__SVC__degree': 5, 'Classifier__SVC__gamma': 0.01, 'Classifier__SVC__kernel': 'poly', 'PCA__n_components': 40, 'Scaler': MinMaxScaler(), 'Selector__max_features': 8}",0.2,0.21904761904761905,0.18095238095238095,0.19999999999999998,0.015552315827194784,416
564,0.03691911697387695,0.0007396948616116136,0.011422316233317057,0.0012439873655216446,0.1,poly,40,MinMaxScaler(),12,0.01,6.0,5.0,"{'Classifier__SVC__C': 0.1, 'Classifier__SVC__coef0': 6, 'Classifier__SVC__degree': 5, 'Classifier__SVC__gamma': 0.01, 'Classifier__SVC__kernel': 'poly', 'PCA__n_components': 40, 'Scaler': MinMaxScaler(), 'Selector__max_features': 12}",0.2571428571428571,0.24761904761904763,0.2761904761904762,0.26031746031746034,0.01187827741832998,122
565,0.0382380485534668,0.0022842475912484145,0.009913047154744467,0.00046248846788285355,0.1,poly,40,MinMaxScaler(),16,0.01,6.0,5.0,"{'Classifier__SVC__C': 0.1, 'Classifier__SVC__coef0': 6, 'Classifier__SVC__degree': 5, 'Classifier__SVC__gamma': 0.01, 'Classifier__SVC__kernel': 'poly', 'PCA__n_components': 40, 'Scaler': MinMaxScaler(), 'Selector__max_features': 16}",0.22857142857142856,0.24761904761904763,0.3047619047619048,0.26031746031746034,0.0323747270704304,122
566,0.04506675402323405,0.007035856678716407,0.010322888692220053,0.0005379419308972654,0.1,poly,40,MinMaxScaler(),20,0.01,6.0,5.0,"{'Classifier__SVC__C': 0.1, 'Classifier__SVC__coef0': 6, 'Classifier__SVC__degree': 5, 'Classifier__SVC__gamma': 0.01, 'Classifier__SVC__kernel': 'poly', 'PCA__n_components': 40, 'Scaler': MinMaxScaler(), 'Selector__max_features': 20}",0.21904761904761905,0.2761904761904762,0.3047619047619048,0.26666666666666666,0.03563483225498993,55
567,0.03944238026936849,0.005628888648880071,0.011412779490152994,0.0026338646877030877,0.001,poly,15,MinMaxScaler(),4,0.001,2.0,3.0,"{'Classifier__SVC__C': 0.001, 'Classifier__SVC__coef0': 2, 'Classifier__SVC__degree': 3, 'Classifier__SVC__gamma': 0.001, 'Classifier__SVC__kernel': 'poly', 'PCA__n_components': 15, 'Scaler': MinMaxScaler(), 'Selector__max_features': 4}",0.19047619047619047,0.20952380952380953,0.0761904761904762,0.15873015873015875,0.058880117431718754,691
568,0.035189310709635414,0.0010326462778532611,0.00917506217956543,0.00100037698902237,0.001,poly,15,MinMaxScaler(),8,0.001,2.0,3.0,"{'Classifier__SVC__C': 0.001, 'Classifier__SVC__coef0': 2, 'Classifier__SVC__degree': 3, 'Classifier__SVC__gamma': 0.001, 'Classifier__SVC__kernel': 'poly', 'PCA__n_components': 15, 'Scaler': MinMaxScaler(), 'Selector__max_features': 8}",0.26666666666666666,0.2761904761904762,0.0761904761904762,0.20634920634920637,0.09211821033998037,356
569,0.04931489626566569,0.020623569310167292,0.009535471598307291,0.0007200226703037154,0.001,poly,15,MinMaxScaler(),12,0.001,2.0,3.0,"{'Classifier__SVC__C': 0.001, 'Classifier__SVC__coef0': 2, 'Classifier__SVC__degree': 3, 'Classifier__SVC__gamma': 0.001, 'Classifier__SVC__kernel': 'poly', 'PCA__n_components': 15, 'Scaler': MinMaxScaler(), 'Selector__max_features': 12}",0.26666666666666666,0.2761904761904762,0.0761904761904762,0.20634920634920637,0.09211821033998037,356
570,0.046039978663126625,0.01689713296281456,0.010732650756835938,0.0017238641427982154,0.001,poly,15,MinMaxScaler(),4,0.01,2.0,3.0,"{'Classifier__SVC__C': 0.001, 'Classifier__SVC__coef0': 2, 'Classifier__SVC__degree': 3, 'Classifier__SVC__gamma': 0.01, 'Classifier__SVC__kernel': 'poly', 'PCA__n_components': 15, 'Scaler': MinMaxScaler(), 'Selector__max_features': 4}",0.2,0.20952380952380953,0.0761904761904762,0.1619047619047619,0.06073373482447299,666
571,0.059263388315836586,0.019329293958511996,0.0097198486328125,0.000954387179814902,0.001,poly,15,MinMaxScaler(),8,0.01,2.0,3.0,"{'Classifier__SVC__C': 0.001, 'Classifier__SVC__coef0': 2, 'Classifier__SVC__degree': 3, 'Classifier__SVC__gamma': 0.01, 'Classifier__SVC__kernel': 'poly', 'PCA__n_components': 15, 'Scaler': MinMaxScaler(), 'Selector__max_features': 8}",0.26666666666666666,0.2761904761904762,0.0761904761904762,0.20634920634920637,0.09211821033998037,356
572,0.05140423774719238,0.02275922695531747,0.009904702504475912,0.0011820516698053906,0.001,poly,15,MinMaxScaler(),12,0.01,2.0,3.0,"{'Classifier__SVC__C': 0.001, 'Classifier__SVC__coef0': 2, 'Classifier__SVC__degree': 3, 'Classifier__SVC__gamma': 0.01, 'Classifier__SVC__kernel': 'poly', 'PCA__n_components': 15, 'Scaler': MinMaxScaler(), 'Selector__max_features': 12}",0.26666666666666666,0.2761904761904762,0.0761904761904762,0.20634920634920637,0.09211821033998037,356
573,0.051654418309529625,0.008832258668621163,0.013470729192097982,0.005975253704885068,0.001,poly,15,MinMaxScaler(),4,0.001,2.0,5.0,"{'Classifier__SVC__C': 0.001, 'Classifier__SVC__coef0': 2, 'Classifier__SVC__degree': 5, 'Classifier__SVC__gamma': 0.001, 'Classifier__SVC__kernel': 'poly', 'PCA__n_components': 15, 'Scaler': MinMaxScaler(), 'Selector__max_features': 4}",0.2,0.20952380952380953,0.0761904761904762,0.1619047619047619,0.06073373482447299,666
574,0.046904802322387695,0.018087994966069217,0.014311075210571289,0.008175884093463792,0.001,poly,15,MinMaxScaler(),8,0.001,2.0,5.0,"{'Classifier__SVC__C': 0.001, 'Classifier__SVC__coef0': 2, 'Classifier__SVC__degree': 5, 'Classifier__SVC__gamma': 0.001, 'Classifier__SVC__kernel': 'poly', 'PCA__n_components': 15, 'Scaler': MinMaxScaler(), 'Selector__max_features': 8}",0.26666666666666666,0.2761904761904762,0.0761904761904762,0.20634920634920637,0.09211821033998037,356
575,0.047174692153930664,0.004334483917655751,0.01577305793762207,0.008777707743480226,0.001,poly,15,MinMaxScaler(),12,0.001,2.0,5.0,"{'Classifier__SVC__C': 0.001, 'Classifier__SVC__coef0': 2, 'Classifier__SVC__degree': 5, 'Classifier__SVC__gamma': 0.001, 'Classifier__SVC__kernel': 'poly', 'PCA__n_components': 15, 'Scaler': MinMaxScaler(), 'Selector__max_features': 12}",0.26666666666666666,0.2761904761904762,0.0761904761904762,0.20634920634920637,0.09211821033998037,356
576,0.04611070950826009,0.008498559931157789,0.02041014035542806,0.01140953649897966,0.001,poly,15,MinMaxScaler(),4,0.01,2.0,5.0,"{'Classifier__SVC__C': 0.001, 'Classifier__SVC__coef0': 2, 'Classifier__SVC__degree': 5, 'Classifier__SVC__gamma': 0.01, 'Classifier__SVC__kernel': 'poly', 'PCA__n_components': 15, 'Scaler': MinMaxScaler(), 'Selector__max_features': 4}",0.2,0.20952380952380953,0.0761904761904762,0.1619047619047619,0.06073373482447299,666
577,0.04706311225891113,0.015118134908475706,0.01157069206237793,0.0034990314297101022,0.001,poly,15,MinMaxScaler(),8,0.01,2.0,5.0,"{'Classifier__SVC__C': 0.001, 'Classifier__SVC__coef0': 2, 'Classifier__SVC__degree': 5, 'Classifier__SVC__gamma': 0.01, 'Classifier__SVC__kernel': 'poly', 'PCA__n_components': 15, 'Scaler': MinMaxScaler(), 'Selector__max_features': 8}",0.26666666666666666,0.2761904761904762,0.0761904761904762,0.20634920634920637,0.09211821033998037,356
578,0.05800255139668783,0.016499398733173246,0.011347055435180664,0.003010844184716472,0.001,poly,15,MinMaxScaler(),12,0.01,2.0,5.0,"{'Classifier__SVC__C': 0.001, 'Classifier__SVC__coef0': 2, 'Classifier__SVC__degree': 5, 'Classifier__SVC__gamma': 0.01, 'Classifier__SVC__kernel': 'poly', 'PCA__n_components': 15, 'Scaler': MinMaxScaler(), 'Selector__max_features': 12}",0.26666666666666666,0.2761904761904762,0.0761904761904762,0.20634920634920637,0.09211821033998037,356
579,0.043423096338907875,0.015504200878882827,0.008975585301717123,0.0007608796749549178,0.001,poly,15,MinMaxScaler(),4,0.001,4.0,3.0,"{'Classifier__SVC__C': 0.001, 'Classifier__SVC__coef0': 4, 'Classifier__SVC__degree': 3, 'Classifier__SVC__gamma': 0.001, 'Classifier__SVC__kernel': 'poly', 'PCA__n_components': 15, 'Scaler': MinMaxScaler(), 'Selector__max_features': 4}",0.19047619047619047,0.20952380952380953,0.0761904761904762,0.15873015873015875,0.058880117431718754,691
580,0.032108306884765625,0.000821417852954045,0.009649356206258139,0.0004683970026949373,0.001,poly,15,MinMaxScaler(),8,0.001,4.0,3.0,"{'Classifier__SVC__C': 0.001, 'Classifier__SVC__coef0': 4, 'Classifier__SVC__degree': 3, 'Classifier__SVC__gamma': 0.001, 'Classifier__SVC__kernel': 'poly', 'PCA__n_components': 15, 'Scaler': MinMaxScaler(), 'Selector__max_features': 8}",0.26666666666666666,0.2761904761904762,0.0761904761904762,0.20634920634920637,0.09211821033998037,356
581,0.035617987314860024,0.0019822804149353308,0.00982197125752767,0.0011183482432073695,0.001,poly,15,MinMaxScaler(),12,0.001,4.0,3.0,"{'Classifier__SVC__C': 0.001, 'Classifier__SVC__coef0': 4, 'Classifier__SVC__degree': 3, 'Classifier__SVC__gamma': 0.001, 'Classifier__SVC__kernel': 'poly', 'PCA__n_components': 15, 'Scaler': MinMaxScaler(), 'Selector__max_features': 12}",0.26666666666666666,0.2761904761904762,0.0761904761904762,0.20634920634920637,0.09211821033998037,356
582,0.03282388051350912,0.0024849921138429547,0.00877539316813151,0.0003819284231053273,0.001,poly,15,MinMaxScaler(),4,0.01,4.0,3.0,"{'Classifier__SVC__C': 0.001, 'Classifier__SVC__coef0': 4, 'Classifier__SVC__degree': 3, 'Classifier__SVC__gamma': 0.01, 'Classifier__SVC__kernel': 'poly', 'PCA__n_components': 15, 'Scaler': MinMaxScaler(), 'Selector__max_features': 4}",0.2,0.20952380952380953,0.0761904761904762,0.1619047619047619,0.06073373482447299,666
583,0.04892412821451823,0.008553676205156324,0.01458303133646647,0.0054135819451814424,0.001,poly,15,MinMaxScaler(),8,0.01,4.0,3.0,"{'Classifier__SVC__C': 0.001, 'Classifier__SVC__coef0': 4, 'Classifier__SVC__degree': 3, 'Classifier__SVC__gamma': 0.01, 'Classifier__SVC__kernel': 'poly', 'PCA__n_components': 15, 'Scaler': MinMaxScaler(), 'Selector__max_features': 8}",0.26666666666666666,0.2761904761904762,0.0761904761904762,0.20634920634920637,0.09211821033998037,356
584,0.03659184773763021,0.0021156246452014773,0.01691158612569173,0.009745084565888512,0.001,poly,15,MinMaxScaler(),12,0.01,4.0,3.0,"{'Classifier__SVC__C': 0.001, 'Classifier__SVC__coef0': 4, 'Classifier__SVC__degree': 3, 'Classifier__SVC__gamma': 0.01, 'Classifier__SVC__kernel': 'poly', 'PCA__n_components': 15, 'Scaler': MinMaxScaler(), 'Selector__max_features': 12}",0.26666666666666666,0.2761904761904762,0.0761904761904762,0.20634920634920637,0.09211821033998037,356
585,0.042586167653401695,0.00435657527565521,0.012811660766601562,0.002669784258529863,0.001,poly,15,MinMaxScaler(),4,0.001,4.0,5.0,"{'Classifier__SVC__C': 0.001, 'Classifier__SVC__coef0': 4, 'Classifier__SVC__degree': 5, 'Classifier__SVC__gamma': 0.001, 'Classifier__SVC__kernel': 'poly', 'PCA__n_components': 15, 'Scaler': MinMaxScaler(), 'Selector__max_features': 4}",0.19047619047619047,0.20952380952380953,0.0761904761904762,0.15873015873015875,0.058880117431718754,691
586,0.042987982432047524,0.009994192892988864,0.009205818176269531,0.0008524869811815458,0.001,poly,15,MinMaxScaler(),8,0.001,4.0,5.0,"{'Classifier__SVC__C': 0.001, 'Classifier__SVC__coef0': 4, 'Classifier__SVC__degree': 5, 'Classifier__SVC__gamma': 0.001, 'Classifier__SVC__kernel': 'poly', 'PCA__n_components': 15, 'Scaler': MinMaxScaler(), 'Selector__max_features': 8}",0.26666666666666666,0.2761904761904762,0.0761904761904762,0.20634920634920637,0.09211821033998037,356
587,0.04335681597391764,0.005368435147954388,0.011294047037760416,0.001430713193411055,0.001,poly,15,MinMaxScaler(),12,0.001,4.0,5.0,"{'Classifier__SVC__C': 0.001, 'Classifier__SVC__coef0': 4, 'Classifier__SVC__degree': 5, 'Classifier__SVC__gamma': 0.001, 'Classifier__SVC__kernel': 'poly', 'PCA__n_components': 15, 'Scaler': MinMaxScaler(), 'Selector__max_features': 12}",0.26666666666666666,0.2761904761904762,0.0761904761904762,0.20634920634920637,0.09211821033998037,356
588,0.04438082377115885,0.010375715048086417,0.01099538803100586,0.0025533543521179232,0.001,poly,15,MinMaxScaler(),4,0.01,4.0,5.0,"{'Classifier__SVC__C': 0.001, 'Classifier__SVC__coef0': 4, 'Classifier__SVC__degree': 5, 'Classifier__SVC__gamma': 0.01, 'Classifier__SVC__kernel': 'poly', 'PCA__n_components': 15, 'Scaler': MinMaxScaler(), 'Selector__max_features': 4}",0.2,0.20952380952380953,0.0761904761904762,0.1619047619047619,0.06073373482447299,666
589,0.04561638832092285,0.006923079968593524,0.010377248128255209,0.00023270681993402818,0.001,poly,15,MinMaxScaler(),8,0.01,4.0,5.0,"{'Classifier__SVC__C': 0.001, 'Classifier__SVC__coef0': 4, 'Classifier__SVC__degree': 5, 'Classifier__SVC__gamma': 0.01, 'Classifier__SVC__kernel': 'poly', 'PCA__n_components': 15, 'Scaler': MinMaxScaler(), 'Selector__max_features': 8}",0.26666666666666666,0.2761904761904762,0.0761904761904762,0.20634920634920637,0.09211821033998037,356
590,0.03963096936543783,0.0038649021774559964,0.01005395253499349,0.00043255291074370214,0.001,poly,15,MinMaxScaler(),12,0.01,4.0,5.0,"{'Classifier__SVC__C': 0.001, 'Classifier__SVC__coef0': 4, 'Classifier__SVC__degree': 5, 'Classifier__SVC__gamma': 0.01, 'Classifier__SVC__kernel': 'poly', 'PCA__n_components': 15, 'Scaler': MinMaxScaler(), 'Selector__max_features': 12}",0.26666666666666666,0.2761904761904762,0.0761904761904762,0.20634920634920637,0.09211821033998037,356
591,0.041065057118733726,0.005059694561966638,0.009387016296386719,0.0008627812225423058,0.001,poly,15,MinMaxScaler(),4,0.001,6.0,3.0,"{'Classifier__SVC__C': 0.001, 'Classifier__SVC__coef0': 6, 'Classifier__SVC__degree': 3, 'Classifier__SVC__gamma': 0.001, 'Classifier__SVC__kernel': 'poly', 'PCA__n_components': 15, 'Scaler': MinMaxScaler(), 'Selector__max_features': 4}",0.19047619047619047,0.20952380952380953,0.0761904761904762,0.15873015873015875,0.058880117431718754,691
592,0.038779099782307945,0.005190648166413646,0.010404427846272787,0.0006239688380813798,0.001,poly,15,MinMaxScaler(),8,0.001,6.0,3.0,"{'Classifier__SVC__C': 0.001, 'Classifier__SVC__coef0': 6, 'Classifier__SVC__degree': 3, 'Classifier__SVC__gamma': 0.001, 'Classifier__SVC__kernel': 'poly', 'PCA__n_components': 15, 'Scaler': MinMaxScaler(), 'Selector__max_features': 8}",0.26666666666666666,0.2761904761904762,0.0761904761904762,0.20634920634920637,0.09211821033998037,356
593,0.045142014821370445,0.008634909714768938,0.010886669158935547,0.0012090883550722015,0.001,poly,15,MinMaxScaler(),12,0.001,6.0,3.0,"{'Classifier__SVC__C': 0.001, 'Classifier__SVC__coef0': 6, 'Classifier__SVC__degree': 3, 'Classifier__SVC__gamma': 0.001, 'Classifier__SVC__kernel': 'poly', 'PCA__n_components': 15, 'Scaler': MinMaxScaler(), 'Selector__max_features': 12}",0.26666666666666666,0.2761904761904762,0.0761904761904762,0.20634920634920637,0.09211821033998037,356
594,0.03844571113586426,0.0025957097560928206,0.011578003565470377,0.001416761655684626,0.001,poly,15,MinMaxScaler(),4,0.01,6.0,3.0,"{'Classifier__SVC__C': 0.001, 'Classifier__SVC__coef0': 6, 'Classifier__SVC__degree': 3, 'Classifier__SVC__gamma': 0.01, 'Classifier__SVC__kernel': 'poly', 'PCA__n_components': 15, 'Scaler': MinMaxScaler(), 'Selector__max_features': 4}",0.2,0.20952380952380953,0.0761904761904762,0.1619047619047619,0.06073373482447299,666
595,0.04589962959289551,0.005969470442819639,0.011362234751383463,0.0018786696835895206,0.001,poly,15,MinMaxScaler(),8,0.01,6.0,3.0,"{'Classifier__SVC__C': 0.001, 'Classifier__SVC__coef0': 6, 'Classifier__SVC__degree': 3, 'Classifier__SVC__gamma': 0.01, 'Classifier__SVC__kernel': 'poly', 'PCA__n_components': 15, 'Scaler': MinMaxScaler(), 'Selector__max_features': 8}",0.26666666666666666,0.2761904761904762,0.0761904761904762,0.20634920634920637,0.09211821033998037,356
596,0.037444512049357094,0.004008941562081565,0.0105744997660319,0.0008157572737821978,0.001,poly,15,MinMaxScaler(),12,0.01,6.0,3.0,"{'Classifier__SVC__C': 0.001, 'Classifier__SVC__coef0': 6, 'Classifier__SVC__degree': 3, 'Classifier__SVC__gamma': 0.01, 'Classifier__SVC__kernel': 'poly', 'PCA__n_components': 15, 'Scaler': MinMaxScaler(), 'Selector__max_features': 12}",0.26666666666666666,0.2761904761904762,0.0761904761904762,0.20634920634920637,0.09211821033998037,356
597,0.03961372375488281,0.003963788390258398,0.010661999384562174,0.000152639332351997,0.001,poly,15,MinMaxScaler(),4,0.001,6.0,5.0,"{'Classifier__SVC__C': 0.001, 'Classifier__SVC__coef0': 6, 'Classifier__SVC__degree': 5, 'Classifier__SVC__gamma': 0.001, 'Classifier__SVC__kernel': 'poly', 'PCA__n_components': 15, 'Scaler': MinMaxScaler(), 'Selector__max_features': 4}",0.19047619047619047,0.20952380952380953,0.0761904761904762,0.15873015873015875,0.058880117431718754,691
598,0.043473402659098305,0.00305914512067827,0.011713425318400065,0.0012219186149982938,0.001,poly,15,MinMaxScaler(),8,0.001,6.0,5.0,"{'Classifier__SVC__C': 0.001, 'Classifier__SVC__coef0': 6, 'Classifier__SVC__degree': 5, 'Classifier__SVC__gamma': 0.001, 'Classifier__SVC__kernel': 'poly', 'PCA__n_components': 15, 'Scaler': MinMaxScaler(), 'Selector__max_features': 8}",0.26666666666666666,0.2761904761904762,0.0761904761904762,0.20634920634920637,0.09211821033998037,356
599,0.04369743665059408,0.011644991997038981,0.009353081385294596,0.0009998132948888124,0.001,poly,15,MinMaxScaler(),12,0.001,6.0,5.0,"{'Classifier__SVC__C': 0.001, 'Classifier__SVC__coef0': 6, 'Classifier__SVC__degree': 5, 'Classifier__SVC__gamma': 0.001, 'Classifier__SVC__kernel': 'poly', 'PCA__n_components': 15, 'Scaler': MinMaxScaler(), 'Selector__max_features': 12}",0.26666666666666666,0.2761904761904762,0.0761904761904762,0.20634920634920637,0.09211821033998037,356
600,0.04024632771809896,0.004002680449865214,0.011006991068522135,0.0024888678607324216,0.001,poly,15,MinMaxScaler(),4,0.01,6.0,5.0,"{'Classifier__SVC__C': 0.001, 'Classifier__SVC__coef0': 6, 'Classifier__SVC__degree': 5, 'Classifier__SVC__gamma': 0.01, 'Classifier__SVC__kernel': 'poly', 'PCA__n_components': 15, 'Scaler': MinMaxScaler(), 'Selector__max_features': 4}",0.22857142857142856,0.1523809523809524,0.13333333333333333,0.1714285714285714,0.04114755998989117,647
601,0.04288895924886068,0.0017009005494444084,0.009210507074991861,0.0006331619540623518,0.001,poly,15,MinMaxScaler(),8,0.01,6.0,5.0,"{'Classifier__SVC__C': 0.001, 'Classifier__SVC__coef0': 6, 'Classifier__SVC__degree': 5, 'Classifier__SVC__gamma': 0.01, 'Classifier__SVC__kernel': 'poly', 'PCA__n_components': 15, 'Scaler': MinMaxScaler(), 'Selector__max_features': 8}",0.29523809523809524,0.2,0.13333333333333333,0.20952380952380953,0.06643952233795666,348
602,0.040364344914754234,0.0016638009675687974,0.011206785837809244,0.0018455008389355796,0.001,poly,15,MinMaxScaler(),12,0.01,6.0,5.0,"{'Classifier__SVC__C': 0.001, 'Classifier__SVC__coef0': 6, 'Classifier__SVC__degree': 5, 'Classifier__SVC__gamma': 0.01, 'Classifier__SVC__kernel': 'poly', 'PCA__n_components': 15, 'Scaler': MinMaxScaler(), 'Selector__max_features': 12}",0.29523809523809524,0.2,0.13333333333333333,0.20952380952380953,0.06643952233795666,348
603,0.03885698318481445,0.0017267293051890324,0.00970784823099772,0.0016598041244831334,0.01,poly,15,MinMaxScaler(),4,0.001,2.0,3.0,"{'Classifier__SVC__C': 0.01, 'Classifier__SVC__coef0': 2, 'Classifier__SVC__degree': 3, 'Classifier__SVC__gamma': 0.001, 'Classifier__SVC__kernel': 'poly', 'PCA__n_components': 15, 'Scaler': MinMaxScaler(), 'Selector__max_features': 4}",0.19047619047619047,0.13333333333333333,0.3238095238095238,0.21587301587301586,0.07980828628556531,335
604,0.03820554415384928,0.003993523286133755,0.011183023452758789,0.0027142273334648864,0.01,poly,15,MinMaxScaler(),8,0.001,2.0,3.0,"{'Classifier__SVC__C': 0.01, 'Classifier__SVC__coef0': 2, 'Classifier__SVC__degree': 3, 'Classifier__SVC__gamma': 0.001, 'Classifier__SVC__kernel': 'poly', 'PCA__n_components': 15, 'Scaler': MinMaxScaler(), 'Selector__max_features': 8}",0.26666666666666666,0.19047619047619047,0.3238095238095238,0.26031746031746034,0.05461793820344526,122
605,0.03582119941711426,0.0024554649325055225,0.00902088483174642,3.057857054406854e-05,0.01,poly,15,MinMaxScaler(),12,0.001,2.0,3.0,"{'Classifier__SVC__C': 0.01, 'Classifier__SVC__coef0': 2, 'Classifier__SVC__degree': 3, 'Classifier__SVC__gamma': 0.001, 'Classifier__SVC__kernel': 'poly', 'PCA__n_components': 15, 'Scaler': MinMaxScaler(), 'Selector__max_features': 12}",0.26666666666666666,0.19047619047619047,0.3238095238095238,0.26031746031746034,0.05461793820344526,122
606,0.032294909159342446,0.001830104433260473,0.010868310928344727,0.002304396325321219,0.01,poly,15,MinMaxScaler(),4,0.01,2.0,3.0,"{'Classifier__SVC__C': 0.01, 'Classifier__SVC__coef0': 2, 'Classifier__SVC__degree': 3, 'Classifier__SVC__gamma': 0.01, 'Classifier__SVC__kernel': 'poly', 'PCA__n_components': 15, 'Scaler': MinMaxScaler(), 'Selector__max_features': 4}",0.2,0.13333333333333333,0.3238095238095238,0.21904761904761907,0.07891938345813368,277
607,0.03933938344319662,0.006333949673470156,0.011135260264078775,0.0015669011509567897,0.01,poly,15,MinMaxScaler(),8,0.01,2.0,3.0,"{'Classifier__SVC__C': 0.01, 'Classifier__SVC__coef0': 2, 'Classifier__SVC__degree': 3, 'Classifier__SVC__gamma': 0.01, 'Classifier__SVC__kernel': 'poly', 'PCA__n_components': 15, 'Scaler': MinMaxScaler(), 'Selector__max_features': 8}",0.26666666666666666,0.19047619047619047,0.3238095238095238,0.26031746031746034,0.05461793820344526,122
608,0.040417989095052086,0.01490242386787579,0.011720975240071615,0.003402712513140908,0.01,poly,15,MinMaxScaler(),12,0.01,2.0,3.0,"{'Classifier__SVC__C': 0.01, 'Classifier__SVC__coef0': 2, 'Classifier__SVC__degree': 3, 'Classifier__SVC__gamma': 0.01, 'Classifier__SVC__kernel': 'poly', 'PCA__n_components': 15, 'Scaler': MinMaxScaler(), 'Selector__max_features': 12}",0.26666666666666666,0.19047619047619047,0.3238095238095238,0.26031746031746034,0.05461793820344526,122
609,0.04627267519632975,0.010843490563696979,0.013477484385172525,0.0006809746980906494,0.01,poly,15,MinMaxScaler(),4,0.001,2.0,5.0,"{'Classifier__SVC__C': 0.01, 'Classifier__SVC__coef0': 2, 'Classifier__SVC__degree': 5, 'Classifier__SVC__gamma': 0.001, 'Classifier__SVC__kernel': 'poly', 'PCA__n_components': 15, 'Scaler': MinMaxScaler(), 'Selector__max_features': 4}",0.2,0.13333333333333333,0.3238095238095238,0.21904761904761907,0.07891938345813368,277
610,0.0350182851155599,0.006231729046198573,0.01795641581217448,0.00499889474957088,0.01,poly,15,MinMaxScaler(),8,0.001,2.0,5.0,"{'Classifier__SVC__C': 0.01, 'Classifier__SVC__coef0': 2, 'Classifier__SVC__degree': 5, 'Classifier__SVC__gamma': 0.001, 'Classifier__SVC__kernel': 'poly', 'PCA__n_components': 15, 'Scaler': MinMaxScaler(), 'Selector__max_features': 8}",0.26666666666666666,0.19047619047619047,0.3238095238095238,0.26031746031746034,0.05461793820344526,122
611,0.04007601737976074,0.006645643489458577,0.010087013244628906,0.0012932061531474223,0.01,poly,15,MinMaxScaler(),12,0.001,2.0,5.0,"{'Classifier__SVC__C': 0.01, 'Classifier__SVC__coef0': 2, 'Classifier__SVC__degree': 5, 'Classifier__SVC__gamma': 0.001, 'Classifier__SVC__kernel': 'poly', 'PCA__n_components': 15, 'Scaler': MinMaxScaler(), 'Selector__max_features': 12}",0.26666666666666666,0.19047619047619047,0.3238095238095238,0.26031746031746034,0.05461793820344526,122
612,0.03654376665751139,0.007670256830992886,0.013748566309611002,0.00560240463976945,0.01,poly,15,MinMaxScaler(),4,0.01,2.0,5.0,"{'Classifier__SVC__C': 0.01, 'Classifier__SVC__coef0': 2, 'Classifier__SVC__degree': 5, 'Classifier__SVC__gamma': 0.01, 'Classifier__SVC__kernel': 'poly', 'PCA__n_components': 15, 'Scaler': MinMaxScaler(), 'Selector__max_features': 4}",0.2,0.13333333333333333,0.3238095238095238,0.21904761904761907,0.07891938345813368,277
613,0.047202746073404946,0.01691178082069682,0.01261154810587565,0.002525646908617765,0.01,poly,15,MinMaxScaler(),8,0.01,2.0,5.0,"{'Classifier__SVC__C': 0.01, 'Classifier__SVC__coef0': 2, 'Classifier__SVC__degree': 5, 'Classifier__SVC__gamma': 0.01, 'Classifier__SVC__kernel': 'poly', 'PCA__n_components': 15, 'Scaler': MinMaxScaler(), 'Selector__max_features': 8}",0.26666666666666666,0.19047619047619047,0.3238095238095238,0.26031746031746034,0.05461793820344526,122
614,0.03398521741231283,0.005199011538817947,0.01227100690205892,0.003041640147819575,0.01,poly,15,MinMaxScaler(),12,0.01,2.0,5.0,"{'Classifier__SVC__C': 0.01, 'Classifier__SVC__coef0': 2, 'Classifier__SVC__degree': 5, 'Classifier__SVC__gamma': 0.01, 'Classifier__SVC__kernel': 'poly', 'PCA__n_components': 15, 'Scaler': MinMaxScaler(), 'Selector__max_features': 12}",0.26666666666666666,0.19047619047619047,0.3238095238095238,0.26031746031746034,0.05461793820344526,122
615,0.04363600413004557,0.006752761024353951,0.011641740798950195,0.002591329284192716,0.01,poly,15,MinMaxScaler(),4,0.001,4.0,3.0,"{'Classifier__SVC__C': 0.01, 'Classifier__SVC__coef0': 4, 'Classifier__SVC__degree': 3, 'Classifier__SVC__gamma': 0.001, 'Classifier__SVC__kernel': 'poly', 'PCA__n_components': 15, 'Scaler': MinMaxScaler(), 'Selector__max_features': 4}",0.19047619047619047,0.13333333333333333,0.3238095238095238,0.21587301587301586,0.07980828628556531,335
616,0.03802696863810221,0.008397057145962356,0.01081379254659017,0.0023736780223763162,0.01,poly,15,MinMaxScaler(),8,0.001,4.0,3.0,"{'Classifier__SVC__C': 0.01, 'Classifier__SVC__coef0': 4, 'Classifier__SVC__degree': 3, 'Classifier__SVC__gamma': 0.001, 'Classifier__SVC__kernel': 'poly', 'PCA__n_components': 15, 'Scaler': MinMaxScaler(), 'Selector__max_features': 8}",0.26666666666666666,0.19047619047619047,0.3238095238095238,0.26031746031746034,0.05461793820344526,122
617,0.044139862060546875,0.008518116609490773,0.009619315465291342,0.0007708964150598225,0.01,poly,15,MinMaxScaler(),12,0.001,4.0,3.0,"{'Classifier__SVC__C': 0.01, 'Classifier__SVC__coef0': 4, 'Classifier__SVC__degree': 3, 'Classifier__SVC__gamma': 0.001, 'Classifier__SVC__kernel': 'poly', 'PCA__n_components': 15, 'Scaler': MinMaxScaler(), 'Selector__max_features': 12}",0.26666666666666666,0.19047619047619047,0.3238095238095238,0.26031746031746034,0.05461793820344526,122
618,0.03820959726969401,0.005069757244587363,0.01062933603922526,0.0007421142872590759,0.01,poly,15,MinMaxScaler(),4,0.01,4.0,3.0,"{'Classifier__SVC__C': 0.01, 'Classifier__SVC__coef0': 4, 'Classifier__SVC__degree': 3, 'Classifier__SVC__gamma': 0.01, 'Classifier__SVC__kernel': 'poly', 'PCA__n_components': 15, 'Scaler': MinMaxScaler(), 'Selector__max_features': 4}",0.2,0.13333333333333333,0.3238095238095238,0.21904761904761907,0.07891938345813368,277
619,0.04362678527832031,0.006749629471869917,0.010866085688273111,0.001713148537247691,0.01,poly,15,MinMaxScaler(),8,0.01,4.0,3.0,"{'Classifier__SVC__C': 0.01, 'Classifier__SVC__coef0': 4, 'Classifier__SVC__degree': 3, 'Classifier__SVC__gamma': 0.01, 'Classifier__SVC__kernel': 'poly', 'PCA__n_components': 15, 'Scaler': MinMaxScaler(), 'Selector__max_features': 8}",0.26666666666666666,0.19047619047619047,0.3238095238095238,0.26031746031746034,0.05461793820344526,122
620,0.03938126564025879,0.007441841358474622,0.009622971216837565,0.0004229292622479117,0.01,poly,15,MinMaxScaler(),12,0.01,4.0,3.0,"{'Classifier__SVC__C': 0.01, 'Classifier__SVC__coef0': 4, 'Classifier__SVC__degree': 3, 'Classifier__SVC__gamma': 0.01, 'Classifier__SVC__kernel': 'poly', 'PCA__n_components': 15, 'Scaler': MinMaxScaler(), 'Selector__max_features': 12}",0.26666666666666666,0.19047619047619047,0.3238095238095238,0.26031746031746034,0.05461793820344526,122
621,0.04653080304463705,0.007683423424131515,0.009593884150187174,0.0011610671856644868,0.01,poly,15,MinMaxScaler(),4,0.001,4.0,5.0,"{'Classifier__SVC__C': 0.01, 'Classifier__SVC__coef0': 4, 'Classifier__SVC__degree': 5, 'Classifier__SVC__gamma': 0.001, 'Classifier__SVC__kernel': 'poly', 'PCA__n_components': 15, 'Scaler': MinMaxScaler(), 'Selector__max_features': 4}",0.19047619047619047,0.13333333333333333,0.3238095238095238,0.21587301587301586,0.07980828628556531,335
622,0.04131929079691569,0.007526895416944271,0.009991168975830078,0.0006935489782013576,0.01,poly,15,MinMaxScaler(),8,0.001,4.0,5.0,"{'Classifier__SVC__C': 0.01, 'Classifier__SVC__coef0': 4, 'Classifier__SVC__degree': 5, 'Classifier__SVC__gamma': 0.001, 'Classifier__SVC__kernel': 'poly', 'PCA__n_components': 15, 'Scaler': MinMaxScaler(), 'Selector__max_features': 8}",0.26666666666666666,0.19047619047619047,0.3238095238095238,0.26031746031746034,0.05461793820344526,122
623,0.04867998758951823,0.008977269343280365,0.009628534317016602,0.0015542346920652745,0.01,poly,15,MinMaxScaler(),12,0.001,4.0,5.0,"{'Classifier__SVC__C': 0.01, 'Classifier__SVC__coef0': 4, 'Classifier__SVC__degree': 5, 'Classifier__SVC__gamma': 0.001, 'Classifier__SVC__kernel': 'poly', 'PCA__n_components': 15, 'Scaler': MinMaxScaler(), 'Selector__max_features': 12}",0.26666666666666666,0.19047619047619047,0.3238095238095238,0.26031746031746034,0.05461793820344526,122
624,0.03958606719970703,0.0036563456491423957,0.010010162989298502,0.0013579626069621462,0.01,poly,15,MinMaxScaler(),4,0.01,4.0,5.0,"{'Classifier__SVC__C': 0.01, 'Classifier__SVC__coef0': 4, 'Classifier__SVC__degree': 5, 'Classifier__SVC__gamma': 0.01, 'Classifier__SVC__kernel': 'poly', 'PCA__n_components': 15, 'Scaler': MinMaxScaler(), 'Selector__max_features': 4}",0.12380952380952381,0.08571428571428572,0.2761904761904762,0.1619047619047619,0.08229511997978235,666
625,0.041103521982828774,0.004995616085922715,0.010575294494628906,0.0018229305675732188,0.01,poly,15,MinMaxScaler(),8,0.01,4.0,5.0,"{'Classifier__SVC__C': 0.01, 'Classifier__SVC__coef0': 4, 'Classifier__SVC__degree': 5, 'Classifier__SVC__gamma': 0.01, 'Classifier__SVC__kernel': 'poly', 'PCA__n_components': 15, 'Scaler': MinMaxScaler(), 'Selector__max_features': 8}",0.11428571428571428,0.08571428571428572,0.19047619047619047,0.13015873015873017,0.04421710564185434,734
626,0.03994210561116537,0.002651265229722074,0.011476357777913412,0.0024044318256940295,0.01,poly,15,MinMaxScaler(),12,0.01,4.0,5.0,"{'Classifier__SVC__C': 0.01, 'Classifier__SVC__coef0': 4, 'Classifier__SVC__degree': 5, 'Classifier__SVC__gamma': 0.01, 'Classifier__SVC__kernel': 'poly', 'PCA__n_components': 15, 'Scaler': MinMaxScaler(), 'Selector__max_features': 12}",0.11428571428571428,0.08571428571428572,0.19047619047619047,0.13015873015873017,0.04421710564185434,734
627,0.04392536481221517,0.011400662352577341,0.010390917460123697,0.0013247824312476167,0.01,poly,15,MinMaxScaler(),4,0.001,6.0,3.0,"{'Classifier__SVC__C': 0.01, 'Classifier__SVC__coef0': 6, 'Classifier__SVC__degree': 3, 'Classifier__SVC__gamma': 0.001, 'Classifier__SVC__kernel': 'poly', 'PCA__n_components': 15, 'Scaler': MinMaxScaler(), 'Selector__max_features': 4}",0.19047619047619047,0.13333333333333333,0.3238095238095238,0.21587301587301586,0.07980828628556531,335
628,0.03846661249796549,0.004157703985942545,0.009978294372558594,0.00041775956243998166,0.01,poly,15,MinMaxScaler(),8,0.001,6.0,3.0,"{'Classifier__SVC__C': 0.01, 'Classifier__SVC__coef0': 6, 'Classifier__SVC__degree': 3, 'Classifier__SVC__gamma': 0.001, 'Classifier__SVC__kernel': 'poly', 'PCA__n_components': 15, 'Scaler': MinMaxScaler(), 'Selector__max_features': 8}",0.26666666666666666,0.19047619047619047,0.3238095238095238,0.26031746031746034,0.05461793820344526,122
629,0.034180402755737305,0.0008715699136764412,0.011418024698893229,0.0026507729548222755,0.01,poly,15,MinMaxScaler(),12,0.001,6.0,3.0,"{'Classifier__SVC__C': 0.01, 'Classifier__SVC__coef0': 6, 'Classifier__SVC__degree': 3, 'Classifier__SVC__gamma': 0.001, 'Classifier__SVC__kernel': 'poly', 'PCA__n_components': 15, 'Scaler': MinMaxScaler(), 'Selector__max_features': 12}",0.26666666666666666,0.19047619047619047,0.3238095238095238,0.26031746031746034,0.05461793820344526,122
630,0.034447034200032554,0.0013489747271204116,0.010005474090576172,0.00038295159998977246,0.01,poly,15,MinMaxScaler(),4,0.01,6.0,3.0,"{'Classifier__SVC__C': 0.01, 'Classifier__SVC__coef0': 6, 'Classifier__SVC__degree': 3, 'Classifier__SVC__gamma': 0.01, 'Classifier__SVC__kernel': 'poly', 'PCA__n_components': 15, 'Scaler': MinMaxScaler(), 'Selector__max_features': 4}",0.2,0.13333333333333333,0.3238095238095238,0.21904761904761907,0.07891938345813368,277
631,0.03708259264628092,0.002892838212042051,0.019100268681844074,0.01455271518637953,0.01,poly,15,MinMaxScaler(),8,0.01,6.0,3.0,"{'Classifier__SVC__C': 0.01, 'Classifier__SVC__coef0': 6, 'Classifier__SVC__degree': 3, 'Classifier__SVC__gamma': 0.01, 'Classifier__SVC__kernel': 'poly', 'PCA__n_components': 15, 'Scaler': MinMaxScaler(), 'Selector__max_features': 8}",0.26666666666666666,0.19047619047619047,0.3238095238095238,0.26031746031746034,0.05461793820344526,122
632,0.04765510559082031,0.01815739007772028,0.010223150253295898,0.0006219477555232816,0.01,poly,15,MinMaxScaler(),12,0.01,6.0,3.0,"{'Classifier__SVC__C': 0.01, 'Classifier__SVC__coef0': 6, 'Classifier__SVC__degree': 3, 'Classifier__SVC__gamma': 0.01, 'Classifier__SVC__kernel': 'poly', 'PCA__n_components': 15, 'Scaler': MinMaxScaler(), 'Selector__max_features': 12}",0.26666666666666666,0.19047619047619047,0.3238095238095238,0.26031746031746034,0.05461793820344526,122
633,0.056231021881103516,0.01626293524253594,0.00870219866434733,0.0010462473065530682,0.01,poly,15,MinMaxScaler(),4,0.001,6.0,5.0,"{'Classifier__SVC__C': 0.01, 'Classifier__SVC__coef0': 6, 'Classifier__SVC__degree': 5, 'Classifier__SVC__gamma': 0.001, 'Classifier__SVC__kernel': 'poly', 'PCA__n_components': 15, 'Scaler': MinMaxScaler(), 'Selector__max_features': 4}",0.19047619047619047,0.08571428571428572,0.26666666666666666,0.18095238095238098,0.07417981870189157,502
634,0.039675235748291016,0.008680580006700057,0.010400533676147461,0.002282421300222403,0.01,poly,15,MinMaxScaler(),8,0.001,6.0,5.0,"{'Classifier__SVC__C': 0.01, 'Classifier__SVC__coef0': 6, 'Classifier__SVC__degree': 5, 'Classifier__SVC__gamma': 0.001, 'Classifier__SVC__kernel': 'poly', 'PCA__n_components': 15, 'Scaler': MinMaxScaler(), 'Selector__max_features': 8}",0.29523809523809524,0.05714285714285714,0.29523809523809524,0.21587301587301588,0.11223917161691231,320
635,0.06207680702209473,0.02040793457341763,0.009219646453857422,0.0006287219534961187,0.01,poly,15,MinMaxScaler(),12,0.001,6.0,5.0,"{'Classifier__SVC__C': 0.01, 'Classifier__SVC__coef0': 6, 'Classifier__SVC__degree': 5, 'Classifier__SVC__gamma': 0.001, 'Classifier__SVC__kernel': 'poly', 'PCA__n_components': 15, 'Scaler': MinMaxScaler(), 'Selector__max_features': 12}",0.29523809523809524,0.05714285714285714,0.29523809523809524,0.21587301587301588,0.11223917161691231,320
636,0.04514908790588379,0.014992964376095095,0.011676867802937826,0.0015131180394856083,0.01,poly,15,MinMaxScaler(),4,0.01,6.0,5.0,"{'Classifier__SVC__C': 0.01, 'Classifier__SVC__coef0': 6, 'Classifier__SVC__degree': 5, 'Classifier__SVC__gamma': 0.01, 'Classifier__SVC__kernel': 'poly', 'PCA__n_components': 15, 'Scaler': MinMaxScaler(), 'Selector__max_features': 4}",0.1619047619047619,0.12380952380952381,0.17142857142857143,0.15238095238095237,0.020573779994945588,707
637,0.058576742808024086,0.017242787117933898,0.014549573262532553,0.0048028760652567,0.01,poly,15,MinMaxScaler(),8,0.01,6.0,5.0,"{'Classifier__SVC__C': 0.01, 'Classifier__SVC__coef0': 6, 'Classifier__SVC__degree': 5, 'Classifier__SVC__gamma': 0.01, 'Classifier__SVC__kernel': 'poly', 'PCA__n_components': 15, 'Scaler': MinMaxScaler(), 'Selector__max_features': 8}",0.18095238095238095,0.1619047619047619,0.22857142857142856,0.19047619047619047,0.028037336083580458,457
638,0.043116092681884766,0.012077839961832645,0.017931620279947918,0.0077313543408822185,0.01,poly,15,MinMaxScaler(),12,0.01,6.0,5.0,"{'Classifier__SVC__C': 0.01, 'Classifier__SVC__coef0': 6, 'Classifier__SVC__degree': 5, 'Classifier__SVC__gamma': 0.01, 'Classifier__SVC__kernel': 'poly', 'PCA__n_components': 15, 'Scaler': MinMaxScaler(), 'Selector__max_features': 12}",0.18095238095238095,0.1619047619047619,0.22857142857142856,0.19047619047619047,0.028037336083580458,457
639,0.03772894541422526,0.0018355450825700119,0.01890087127685547,0.013909151197011473,0.1,poly,15,MinMaxScaler(),4,0.001,2.0,3.0,"{'Classifier__SVC__C': 0.1, 'Classifier__SVC__coef0': 2, 'Classifier__SVC__degree': 3, 'Classifier__SVC__gamma': 0.001, 'Classifier__SVC__kernel': 'poly', 'PCA__n_components': 15, 'Scaler': MinMaxScaler(), 'Selector__max_features': 4}",0.3142857142857143,0.10476190476190476,0.10476190476190476,0.17460317460317462,0.09877047102288283,518
640,0.05172435442606608,0.018097161370187,0.019269704818725586,0.015154414301981767,0.1,poly,15,MinMaxScaler(),8,0.001,2.0,3.0,"{'Classifier__SVC__C': 0.1, 'Classifier__SVC__coef0': 2, 'Classifier__SVC__degree': 3, 'Classifier__SVC__gamma': 0.001, 'Classifier__SVC__kernel': 'poly', 'PCA__n_components': 15, 'Scaler': MinMaxScaler(), 'Selector__max_features': 8}",0.3142857142857143,0.10476190476190476,0.10476190476190476,0.17460317460317462,0.09877047102288283,518
641,0.03700613975524902,0.00337872345955103,0.01895459493001302,0.012261885232405985,0.1,poly,15,MinMaxScaler(),12,0.001,2.0,3.0,"{'Classifier__SVC__C': 0.1, 'Classifier__SVC__coef0': 2, 'Classifier__SVC__degree': 3, 'Classifier__SVC__gamma': 0.001, 'Classifier__SVC__kernel': 'poly', 'PCA__n_components': 15, 'Scaler': MinMaxScaler(), 'Selector__max_features': 12}",0.3142857142857143,0.10476190476190476,0.10476190476190476,0.17460317460317462,0.09877047102288283,518
642,0.0445253054300944,0.014320638845787485,0.022631247838338215,0.01207441114015391,0.1,poly,15,MinMaxScaler(),4,0.01,2.0,3.0,"{'Classifier__SVC__C': 0.1, 'Classifier__SVC__coef0': 2, 'Classifier__SVC__degree': 3, 'Classifier__SVC__gamma': 0.01, 'Classifier__SVC__kernel': 'poly', 'PCA__n_components': 15, 'Scaler': MinMaxScaler(), 'Selector__max_features': 4}",0.3142857142857143,0.10476190476190476,0.10476190476190476,0.17460317460317462,0.09877047102288283,518
643,0.03935424486796061,0.004787535405879248,0.02029267946879069,0.014092308929765212,0.1,poly,15,MinMaxScaler(),8,0.01,2.0,3.0,"{'Classifier__SVC__C': 0.1, 'Classifier__SVC__coef0': 2, 'Classifier__SVC__degree': 3, 'Classifier__SVC__gamma': 0.01, 'Classifier__SVC__kernel': 'poly', 'PCA__n_components': 15, 'Scaler': MinMaxScaler(), 'Selector__max_features': 8}",0.3142857142857143,0.10476190476190476,0.10476190476190476,0.17460317460317462,0.09877047102288283,518
644,0.06261738141377766,0.007885716356888095,0.009752750396728516,0.001252741983414355,0.1,poly,15,MinMaxScaler(),12,0.01,2.0,3.0,"{'Classifier__SVC__C': 0.1, 'Classifier__SVC__coef0': 2, 'Classifier__SVC__degree': 3, 'Classifier__SVC__gamma': 0.01, 'Classifier__SVC__kernel': 'poly', 'PCA__n_components': 15, 'Scaler': MinMaxScaler(), 'Selector__max_features': 12}",0.3142857142857143,0.10476190476190476,0.10476190476190476,0.17460317460317462,0.09877047102288283,518
645,0.0561219851175944,0.015434769024595542,0.008895556131998697,0.00088328076949328,0.1,poly,15,MinMaxScaler(),4,0.001,2.0,5.0,"{'Classifier__SVC__C': 0.1, 'Classifier__SVC__coef0': 2, 'Classifier__SVC__degree': 5, 'Classifier__SVC__gamma': 0.001, 'Classifier__SVC__kernel': 'poly', 'PCA__n_components': 15, 'Scaler': MinMaxScaler(), 'Selector__max_features': 4}",0.3142857142857143,0.10476190476190476,0.10476190476190476,0.17460317460317462,0.09877047102288283,518
646,0.06256945927937825,0.006207442418298659,0.009069124857584635,0.0014346473211162287,0.1,poly,15,MinMaxScaler(),8,0.001,2.0,5.0,"{'Classifier__SVC__C': 0.1, 'Classifier__SVC__coef0': 2, 'Classifier__SVC__degree': 5, 'Classifier__SVC__gamma': 0.001, 'Classifier__SVC__kernel': 'poly', 'PCA__n_components': 15, 'Scaler': MinMaxScaler(), 'Selector__max_features': 8}",0.3142857142857143,0.10476190476190476,0.10476190476190476,0.17460317460317462,0.09877047102288283,518
647,0.048385302225748696,0.012947191673272136,0.00904377301534017,0.0008179020467434618,0.1,poly,15,MinMaxScaler(),12,0.001,2.0,5.0,"{'Classifier__SVC__C': 0.1, 'Classifier__SVC__coef0': 2, 'Classifier__SVC__degree': 5, 'Classifier__SVC__gamma': 0.001, 'Classifier__SVC__kernel': 'poly', 'PCA__n_components': 15, 'Scaler': MinMaxScaler(), 'Selector__max_features': 12}",0.3142857142857143,0.10476190476190476,0.10476190476190476,0.17460317460317462,0.09877047102288283,518
648,0.05635841687520345,0.009664356934953915,0.00941165288289388,0.00045287136144752125,0.1,poly,15,MinMaxScaler(),4,0.01,2.0,5.0,"{'Classifier__SVC__C': 0.1, 'Classifier__SVC__coef0': 2, 'Classifier__SVC__degree': 5, 'Classifier__SVC__gamma': 0.01, 'Classifier__SVC__kernel': 'poly', 'PCA__n_components': 15, 'Scaler': MinMaxScaler(), 'Selector__max_features': 4}",0.3142857142857143,0.09523809523809523,0.14285714285714285,0.18412698412698414,0.0940668723176448,494
649,0.054108778635660805,0.0107934867346464,0.009047587712605795,0.00043054198580041623,0.1,poly,15,MinMaxScaler(),8,0.01,2.0,5.0,"{'Classifier__SVC__C': 0.1, 'Classifier__SVC__coef0': 2, 'Classifier__SVC__degree': 5, 'Classifier__SVC__gamma': 0.01, 'Classifier__SVC__kernel': 'poly', 'PCA__n_components': 15, 'Scaler': MinMaxScaler(), 'Selector__max_features': 8}",0.11428571428571428,0.09523809523809523,0.20952380952380953,0.13968253968253966,0.04999370078737658,724
650,0.05981326103210449,0.013945549464904776,0.009617964426676432,0.00042065724107450493,0.1,poly,15,MinMaxScaler(),12,0.01,2.0,5.0,"{'Classifier__SVC__C': 0.1, 'Classifier__SVC__coef0': 2, 'Classifier__SVC__degree': 5, 'Classifier__SVC__gamma': 0.01, 'Classifier__SVC__kernel': 'poly', 'PCA__n_components': 15, 'Scaler': MinMaxScaler(), 'Selector__max_features': 12}",0.11428571428571428,0.09523809523809523,0.20952380952380953,0.13968253968253966,0.04999370078737658,724
651,0.04654955863952637,0.014765330885071152,0.009780486424763998,0.0012709091994900351,0.1,poly,15,MinMaxScaler(),4,0.001,4.0,3.0,"{'Classifier__SVC__C': 0.1, 'Classifier__SVC__coef0': 4, 'Classifier__SVC__degree': 3, 'Classifier__SVC__gamma': 0.001, 'Classifier__SVC__kernel': 'poly', 'PCA__n_components': 15, 'Scaler': MinMaxScaler(), 'Selector__max_features': 4}",0.3142857142857143,0.10476190476190476,0.10476190476190476,0.17460317460317462,0.09877047102288283,518
652,0.04757094383239746,0.011548205151915056,0.010245084762573242,0.0009439244776405315,0.1,poly,15,MinMaxScaler(),8,0.001,4.0,3.0,"{'Classifier__SVC__C': 0.1, 'Classifier__SVC__coef0': 4, 'Classifier__SVC__degree': 3, 'Classifier__SVC__gamma': 0.001, 'Classifier__SVC__kernel': 'poly', 'PCA__n_components': 15, 'Scaler': MinMaxScaler(), 'Selector__max_features': 8}",0.3142857142857143,0.10476190476190476,0.10476190476190476,0.17460317460317462,0.09877047102288283,518
653,0.03523119290669759,0.002487242985457104,0.008606274922688803,0.0004126329450208649,0.1,poly,15,MinMaxScaler(),12,0.001,4.0,3.0,"{'Classifier__SVC__C': 0.1, 'Classifier__SVC__coef0': 4, 'Classifier__SVC__degree': 3, 'Classifier__SVC__gamma': 0.001, 'Classifier__SVC__kernel': 'poly', 'PCA__n_components': 15, 'Scaler': MinMaxScaler(), 'Selector__max_features': 12}",0.3142857142857143,0.10476190476190476,0.10476190476190476,0.17460317460317462,0.09877047102288283,518
654,0.03452563285827637,0.0006368495715003088,0.009406248728434244,0.0002408137282256327,0.1,poly,15,MinMaxScaler(),4,0.01,4.0,3.0,"{'Classifier__SVC__C': 0.1, 'Classifier__SVC__coef0': 4, 'Classifier__SVC__degree': 3, 'Classifier__SVC__gamma': 0.01, 'Classifier__SVC__kernel': 'poly', 'PCA__n_components': 15, 'Scaler': MinMaxScaler(), 'Selector__max_features': 4}",0.3142857142857143,0.09523809523809523,0.11428571428571428,0.17460317460317462,0.09907610497985546,518
655,0.03383318583170573,0.0007574149709344752,0.009885231653849283,0.00048733730880845056,0.1,poly,15,MinMaxScaler(),8,0.01,4.0,3.0,"{'Classifier__SVC__C': 0.1, 'Classifier__SVC__coef0': 4, 'Classifier__SVC__degree': 3, 'Classifier__SVC__gamma': 0.01, 'Classifier__SVC__kernel': 'poly', 'PCA__n_components': 15, 'Scaler': MinMaxScaler(), 'Selector__max_features': 8}",0.23809523809523808,0.09523809523809523,0.12380952380952381,0.15238095238095237,0.06172133998483676,707
656,0.0329591433207194,0.0007728982274255035,0.009324789047241211,0.0005396788031655898,0.1,poly,15,MinMaxScaler(),12,0.01,4.0,3.0,"{'Classifier__SVC__C': 0.1, 'Classifier__SVC__coef0': 4, 'Classifier__SVC__degree': 3, 'Classifier__SVC__gamma': 0.01, 'Classifier__SVC__kernel': 'poly', 'PCA__n_components': 15, 'Scaler': MinMaxScaler(), 'Selector__max_features': 12}",0.23809523809523808,0.09523809523809523,0.12380952380952381,0.15238095238095237,0.06172133998483676,707
657,0.03557030359903971,0.0047324423169488455,0.011120160420735678,0.0030223421946218975,0.1,poly,15,MinMaxScaler(),4,0.001,4.0,5.0,"{'Classifier__SVC__C': 0.1, 'Classifier__SVC__coef0': 4, 'Classifier__SVC__degree': 5, 'Classifier__SVC__gamma': 0.001, 'Classifier__SVC__kernel': 'poly', 'PCA__n_components': 15, 'Scaler': MinMaxScaler(), 'Selector__max_features': 4}",0.23809523809523808,0.11428571428571428,0.24761904761904763,0.19999999999999998,0.06073373482447299,416
658,0.03606367111206055,0.004021318602773682,0.010401407877604166,0.0012376037889585063,0.1,poly,15,MinMaxScaler(),8,0.001,4.0,5.0,"{'Classifier__SVC__C': 0.1, 'Classifier__SVC__coef0': 4, 'Classifier__SVC__degree': 5, 'Classifier__SVC__gamma': 0.001, 'Classifier__SVC__kernel': 'poly', 'PCA__n_components': 15, 'Scaler': MinMaxScaler(), 'Selector__max_features': 8}",0.10476190476190476,0.11428571428571428,0.17142857142857143,0.13015873015873017,0.02944005871585938,734
659,0.047338644663492836,0.01138627634807172,0.02113493283589681,0.01467920533693218,0.1,poly,15,MinMaxScaler(),12,0.001,4.0,5.0,"{'Classifier__SVC__C': 0.1, 'Classifier__SVC__coef0': 4, 'Classifier__SVC__degree': 5, 'Classifier__SVC__gamma': 0.001, 'Classifier__SVC__kernel': 'poly', 'PCA__n_components': 15, 'Scaler': MinMaxScaler(), 'Selector__max_features': 12}",0.10476190476190476,0.11428571428571428,0.17142857142857143,0.13015873015873017,0.02944005871585938,734
660,0.03542510668436686,0.005604114644853286,0.01046299934387207,0.0008811126458165765,0.1,poly,15,MinMaxScaler(),4,0.01,4.0,5.0,"{'Classifier__SVC__C': 0.1, 'Classifier__SVC__coef0': 4, 'Classifier__SVC__degree': 5, 'Classifier__SVC__gamma': 0.01, 'Classifier__SVC__kernel': 'poly', 'PCA__n_components': 15, 'Scaler': MinMaxScaler(), 'Selector__max_features': 4}",0.18095238095238095,0.1619047619047619,0.20952380952380953,0.18412698412698414,0.019569568263393577,494
661,0.04451235135396322,0.011349557735015926,0.015380144119262695,0.0075474258756490775,0.1,poly,15,MinMaxScaler(),8,0.01,4.0,5.0,"{'Classifier__SVC__C': 0.1, 'Classifier__SVC__coef0': 4, 'Classifier__SVC__degree': 5, 'Classifier__SVC__gamma': 0.01, 'Classifier__SVC__kernel': 'poly', 'PCA__n_components': 15, 'Scaler': MinMaxScaler(), 'Selector__max_features': 8}",0.19047619047619047,0.1523809523809524,0.2857142857142857,0.20952380952380953,0.056074672167160916,348
662,0.034279425938924156,0.00564667863644663,0.009881337483723959,0.00023422408612454177,0.1,poly,15,MinMaxScaler(),12,0.01,4.0,5.0,"{'Classifier__SVC__C': 0.1, 'Classifier__SVC__coef0': 4, 'Classifier__SVC__degree': 5, 'Classifier__SVC__gamma': 0.01, 'Classifier__SVC__kernel': 'poly', 'PCA__n_components': 15, 'Scaler': MinMaxScaler(), 'Selector__max_features': 12}",0.19047619047619047,0.1523809523809524,0.2857142857142857,0.20952380952380953,0.056074672167160916,348
663,0.04172968864440918,0.008180944340250131,0.02453780174255371,0.008422774615557549,0.1,poly,15,MinMaxScaler(),4,0.001,6.0,3.0,"{'Classifier__SVC__C': 0.1, 'Classifier__SVC__coef0': 6, 'Classifier__SVC__degree': 3, 'Classifier__SVC__gamma': 0.001, 'Classifier__SVC__kernel': 'poly', 'PCA__n_components': 15, 'Scaler': MinMaxScaler(), 'Selector__max_features': 4}",0.3142857142857143,0.10476190476190476,0.10476190476190476,0.17460317460317462,0.09877047102288283,518
664,0.035202741622924805,0.003798679533695073,0.017656962076822918,0.008693881775121787,0.1,poly,15,MinMaxScaler(),8,0.001,6.0,3.0,"{'Classifier__SVC__C': 0.1, 'Classifier__SVC__coef0': 6, 'Classifier__SVC__degree': 3, 'Classifier__SVC__gamma': 0.001, 'Classifier__SVC__kernel': 'poly', 'PCA__n_components': 15, 'Scaler': MinMaxScaler(), 'Selector__max_features': 8}",0.3142857142857143,0.10476190476190476,0.10476190476190476,0.17460317460317462,0.09877047102288283,518
665,0.03819147745768229,0.006558143916172796,0.016196568806966145,0.007772125197390688,0.1,poly,15,MinMaxScaler(),12,0.001,6.0,3.0,"{'Classifier__SVC__C': 0.1, 'Classifier__SVC__coef0': 6, 'Classifier__SVC__degree': 3, 'Classifier__SVC__gamma': 0.001, 'Classifier__SVC__kernel': 'poly', 'PCA__n_components': 15, 'Scaler': MinMaxScaler(), 'Selector__max_features': 12}",0.3142857142857143,0.10476190476190476,0.10476190476190476,0.17460317460317462,0.09877047102288283,518
666,0.05561105410257975,0.03344090058824422,0.009240547815958658,0.0018271217345808674,0.1,poly,15,MinMaxScaler(),4,0.01,6.0,3.0,"{'Classifier__SVC__C': 0.1, 'Classifier__SVC__coef0': 6, 'Classifier__SVC__degree': 3, 'Classifier__SVC__gamma': 0.01, 'Classifier__SVC__kernel': 'poly', 'PCA__n_components': 15, 'Scaler': MinMaxScaler(), 'Selector__max_features': 4}",0.2761904761904762,0.12380952380952381,0.21904761904761905,0.20634920634920637,0.0628539361054709,356
667,0.045534769694010414,0.010634120473093513,0.02214821179707845,0.007732439038866963,0.1,poly,15,MinMaxScaler(),8,0.01,6.0,3.0,"{'Classifier__SVC__C': 0.1, 'Classifier__SVC__coef0': 6, 'Classifier__SVC__degree': 3, 'Classifier__SVC__gamma': 0.01, 'Classifier__SVC__kernel': 'poly', 'PCA__n_components': 15, 'Scaler': MinMaxScaler(), 'Selector__max_features': 8}",0.08571428571428572,0.08571428571428572,0.2,0.12380952380952381,0.053874802376117914,740
668,0.0445098876953125,0.008950474442750506,0.017838239669799805,0.010009126257311712,0.1,poly,15,MinMaxScaler(),12,0.01,6.0,3.0,"{'Classifier__SVC__C': 0.1, 'Classifier__SVC__coef0': 6, 'Classifier__SVC__degree': 3, 'Classifier__SVC__gamma': 0.01, 'Classifier__SVC__kernel': 'poly', 'PCA__n_components': 15, 'Scaler': MinMaxScaler(), 'Selector__max_features': 12}",0.08571428571428572,0.08571428571428572,0.2,0.12380952380952381,0.053874802376117914,740
669,0.06462494532267253,0.02109207683787216,0.009847164154052734,0.0022982763620530175,0.1,poly,15,MinMaxScaler(),4,0.001,6.0,5.0,"{'Classifier__SVC__C': 0.1, 'Classifier__SVC__coef0': 6, 'Classifier__SVC__degree': 5, 'Classifier__SVC__gamma': 0.001, 'Classifier__SVC__kernel': 'poly', 'PCA__n_components': 15, 'Scaler': MinMaxScaler(), 'Selector__max_features': 4}",0.1619047619047619,0.12380952380952381,0.17142857142857143,0.15238095238095237,0.020573779994945588,707
670,0.04183387756347656,0.008522461887816224,0.016670942306518555,0.010193676540700093,0.1,poly,15,MinMaxScaler(),8,0.001,6.0,5.0,"{'Classifier__SVC__C': 0.1, 'Classifier__SVC__coef0': 6, 'Classifier__SVC__degree': 5, 'Classifier__SVC__gamma': 0.001, 'Classifier__SVC__kernel': 'poly', 'PCA__n_components': 15, 'Scaler': MinMaxScaler(), 'Selector__max_features': 8}",0.18095238095238095,0.1619047619047619,0.22857142857142856,0.19047619047619047,0.028037336083580458,457
671,0.06675195693969727,0.021924609547789606,0.008049964904785156,0.002558614594585004,0.1,poly,15,MinMaxScaler(),12,0.001,6.0,5.0,"{'Classifier__SVC__C': 0.1, 'Classifier__SVC__coef0': 6, 'Classifier__SVC__degree': 5, 'Classifier__SVC__gamma': 0.001, 'Classifier__SVC__kernel': 'poly', 'PCA__n_components': 15, 'Scaler': MinMaxScaler(), 'Selector__max_features': 12}",0.18095238095238095,0.1619047619047619,0.22857142857142856,0.19047619047619047,0.028037336083580458,457
672,0.04924146334330241,0.01815843827195143,0.00882562001546224,0.0009403009588904099,0.1,poly,15,MinMaxScaler(),4,0.01,6.0,5.0,"{'Classifier__SVC__C': 0.1, 'Classifier__SVC__coef0': 6, 'Classifier__SVC__degree': 5, 'Classifier__SVC__gamma': 0.01, 'Classifier__SVC__kernel': 'poly', 'PCA__n_components': 15, 'Scaler': MinMaxScaler(), 'Selector__max_features': 4}",0.18095238095238095,0.22857142857142856,0.21904761904761905,0.20952380952380953,0.020573779994945588,348
673,0.06239024798075358,0.020531833351329232,0.008179585138956705,0.0019947277403025857,0.1,poly,15,MinMaxScaler(),8,0.01,6.0,5.0,"{'Classifier__SVC__C': 0.1, 'Classifier__SVC__coef0': 6, 'Classifier__SVC__degree': 5, 'Classifier__SVC__gamma': 0.01, 'Classifier__SVC__kernel': 'poly', 'PCA__n_components': 15, 'Scaler': MinMaxScaler(), 'Selector__max_features': 8}",0.2,0.17142857142857143,0.3047619047619048,0.2253968253968254,0.05731895265164378,269
674,0.05282775561014811,0.011765562139659815,0.008949041366577148,0.0012247458367713074,0.1,poly,15,MinMaxScaler(),12,0.01,6.0,5.0,"{'Classifier__SVC__C': 0.1, 'Classifier__SVC__coef0': 6, 'Classifier__SVC__degree': 5, 'Classifier__SVC__gamma': 0.01, 'Classifier__SVC__kernel': 'poly', 'PCA__n_components': 15, 'Scaler': MinMaxScaler(), 'Selector__max_features': 12}",0.2,0.17142857142857143,0.3047619047619048,0.2253968253968254,0.05731895265164378,269
675,0.0594786802927653,0.014318576942505037,0.00817577044169108,0.0013290306230435251,0.001,poly,10,MinMaxScaler(),4,0.001,2.0,3.0,"{'Classifier__SVC__C': 0.001, 'Classifier__SVC__coef0': 2, 'Classifier__SVC__degree': 3, 'Classifier__SVC__gamma': 0.001, 'Classifier__SVC__kernel': 'poly', 'PCA__n_components': 10, 'Scaler': MinMaxScaler(), 'Selector__max_features': 4}",0.21904761904761905,0.22857142857142856,0.0761904761904762,0.17460317460317457,0.06969682031777824,633
676,0.04797840118408203,0.015048420299182831,0.01083827018737793,0.0024148177812965566,0.001,poly,10,MinMaxScaler(),8,0.001,2.0,3.0,"{'Classifier__SVC__C': 0.001, 'Classifier__SVC__coef0': 2, 'Classifier__SVC__degree': 3, 'Classifier__SVC__gamma': 0.001, 'Classifier__SVC__kernel': 'poly', 'PCA__n_components': 10, 'Scaler': MinMaxScaler(), 'Selector__max_features': 8}",0.21904761904761905,0.3238095238095238,0.0761904761904762,0.20634920634920637,0.10148804675013194,356
677,0.05427424112955729,0.012460227627062307,0.008283456166585287,0.0022397788097177442,0.001,poly,10,MinMaxScaler(),4,0.01,2.0,3.0,"{'Classifier__SVC__C': 0.001, 'Classifier__SVC__coef0': 2, 'Classifier__SVC__degree': 3, 'Classifier__SVC__gamma': 0.01, 'Classifier__SVC__kernel': 'poly', 'PCA__n_components': 10, 'Scaler': MinMaxScaler(), 'Selector__max_features': 4}",0.21904761904761905,0.22857142857142856,0.0761904761904762,0.17460317460317457,0.06969682031777824,633
678,0.057761033376057945,0.023324760428691325,0.010838985443115234,0.004894797556513265,0.001,poly,10,MinMaxScaler(),8,0.01,2.0,3.0,"{'Classifier__SVC__C': 0.001, 'Classifier__SVC__coef0': 2, 'Classifier__SVC__degree': 3, 'Classifier__SVC__gamma': 0.01, 'Classifier__SVC__kernel': 'poly', 'PCA__n_components': 10, 'Scaler': MinMaxScaler(), 'Selector__max_features': 8}",0.21904761904761905,0.3238095238095238,0.0761904761904762,0.20634920634920637,0.10148804675013194,356
679,0.03447953859965006,0.009318393646141648,0.00859816869099935,0.0003239976812267388,0.001,poly,10,MinMaxScaler(),4,0.001,2.0,5.0,"{'Classifier__SVC__C': 0.001, 'Classifier__SVC__coef0': 2, 'Classifier__SVC__degree': 5, 'Classifier__SVC__gamma': 0.001, 'Classifier__SVC__kernel': 'poly', 'PCA__n_components': 10, 'Scaler': MinMaxScaler(), 'Selector__max_features': 4}",0.21904761904761905,0.22857142857142856,0.0761904761904762,0.17460317460317457,0.06969682031777824,633
680,0.029201428095499676,0.0030600203562237143,0.008805592854817709,0.000914037678287656,0.001,poly,10,MinMaxScaler(),8,0.001,2.0,5.0,"{'Classifier__SVC__C': 0.001, 'Classifier__SVC__coef0': 2, 'Classifier__SVC__degree': 5, 'Classifier__SVC__gamma': 0.001, 'Classifier__SVC__kernel': 'poly', 'PCA__n_components': 10, 'Scaler': MinMaxScaler(), 'Selector__max_features': 8}",0.21904761904761905,0.3238095238095238,0.0761904761904762,0.20634920634920637,0.10148804675013194,356
681,0.027495940526326496,0.0010383528362189476,0.009812513987223307,0.0006313275454361303,0.001,poly,10,MinMaxScaler(),4,0.01,2.0,5.0,"{'Classifier__SVC__C': 0.001, 'Classifier__SVC__coef0': 2, 'Classifier__SVC__degree': 5, 'Classifier__SVC__gamma': 0.01, 'Classifier__SVC__kernel': 'poly', 'PCA__n_components': 10, 'Scaler': MinMaxScaler(), 'Selector__max_features': 4}",0.22857142857142856,0.22857142857142856,0.0761904761904762,0.17777777777777778,0.07183306983482388,512
682,0.0316473642985026,0.0043953171527409615,0.00867772102355957,0.0010766394360873502,0.001,poly,10,MinMaxScaler(),8,0.01,2.0,5.0,"{'Classifier__SVC__C': 0.001, 'Classifier__SVC__coef0': 2, 'Classifier__SVC__degree': 5, 'Classifier__SVC__gamma': 0.01, 'Classifier__SVC__kernel': 'poly', 'PCA__n_components': 10, 'Scaler': MinMaxScaler(), 'Selector__max_features': 8}",0.22857142857142856,0.3238095238095238,0.0761904761904762,0.20952380952380953,0.1019833549473588,348
683,0.0425412654876709,0.010056704183565857,0.010482072830200195,0.001053623593624906,0.001,poly,10,MinMaxScaler(),4,0.001,4.0,3.0,"{'Classifier__SVC__C': 0.001, 'Classifier__SVC__coef0': 4, 'Classifier__SVC__degree': 3, 'Classifier__SVC__gamma': 0.001, 'Classifier__SVC__kernel': 'poly', 'PCA__n_components': 10, 'Scaler': MinMaxScaler(), 'Selector__max_features': 4}",0.21904761904761905,0.22857142857142856,0.0761904761904762,0.17460317460317457,0.06969682031777824,633
684,0.03848942120869955,0.013457698188920985,0.010234673817952475,0.0015152614260622154,0.001,poly,10,MinMaxScaler(),8,0.001,4.0,3.0,"{'Classifier__SVC__C': 0.001, 'Classifier__SVC__coef0': 4, 'Classifier__SVC__degree': 3, 'Classifier__SVC__gamma': 0.001, 'Classifier__SVC__kernel': 'poly', 'PCA__n_components': 10, 'Scaler': MinMaxScaler(), 'Selector__max_features': 8}",0.21904761904761905,0.3238095238095238,0.0761904761904762,0.20634920634920637,0.10148804675013194,356
685,0.039136012395222984,0.008284066943660915,0.01113454500834147,0.00030036207728315013,0.001,poly,10,MinMaxScaler(),4,0.01,4.0,3.0,"{'Classifier__SVC__C': 0.001, 'Classifier__SVC__coef0': 4, 'Classifier__SVC__degree': 3, 'Classifier__SVC__gamma': 0.01, 'Classifier__SVC__kernel': 'poly', 'PCA__n_components': 10, 'Scaler': MinMaxScaler(), 'Selector__max_features': 4}",0.21904761904761905,0.22857142857142856,0.0761904761904762,0.17460317460317457,0.06969682031777824,633
686,0.0339201291402181,0.007111991964547532,0.012975772221883139,0.0037780771091822634,0.001,poly,10,MinMaxScaler(),8,0.01,4.0,3.0,"{'Classifier__SVC__C': 0.001, 'Classifier__SVC__coef0': 4, 'Classifier__SVC__degree': 3, 'Classifier__SVC__gamma': 0.01, 'Classifier__SVC__kernel': 'poly', 'PCA__n_components': 10, 'Scaler': MinMaxScaler(), 'Selector__max_features': 8}",0.21904761904761905,0.3238095238095238,0.0761904761904762,0.20634920634920637,0.10148804675013194,356
687,0.03933874766031901,0.006669937974099553,0.009876489639282227,0.0006174796638408142,0.001,poly,10,MinMaxScaler(),4,0.001,4.0,5.0,"{'Classifier__SVC__C': 0.001, 'Classifier__SVC__coef0': 4, 'Classifier__SVC__degree': 5, 'Classifier__SVC__gamma': 0.001, 'Classifier__SVC__kernel': 'poly', 'PCA__n_components': 10, 'Scaler': MinMaxScaler(), 'Selector__max_features': 4}",0.21904761904761905,0.22857142857142856,0.0761904761904762,0.17460317460317457,0.06969682031777824,633
688,0.0346375306447347,0.005521943846359377,0.011033932367960611,0.002126468680158745,0.001,poly,10,MinMaxScaler(),8,0.001,4.0,5.0,"{'Classifier__SVC__C': 0.001, 'Classifier__SVC__coef0': 4, 'Classifier__SVC__degree': 5, 'Classifier__SVC__gamma': 0.001, 'Classifier__SVC__kernel': 'poly', 'PCA__n_components': 10, 'Scaler': MinMaxScaler(), 'Selector__max_features': 8}",0.21904761904761905,0.3238095238095238,0.0761904761904762,0.20634920634920637,0.10148804675013194,356
689,0.038137197494506836,0.0032762347206702403,0.011292854944864908,0.00127909500981921,0.001,poly,10,MinMaxScaler(),4,0.01,4.0,5.0,"{'Classifier__SVC__C': 0.001, 'Classifier__SVC__coef0': 4, 'Classifier__SVC__degree': 5, 'Classifier__SVC__gamma': 0.01, 'Classifier__SVC__kernel': 'poly', 'PCA__n_components': 10, 'Scaler': MinMaxScaler(), 'Selector__max_features': 4}",0.21904761904761905,0.22857142857142856,0.0761904761904762,0.17460317460317457,0.06969682031777824,633
690,0.0350341002146403,0.0023990371391569266,0.011195659637451172,0.0009072886963551727,0.001,poly,10,MinMaxScaler(),8,0.01,4.0,5.0,"{'Classifier__SVC__C': 0.001, 'Classifier__SVC__coef0': 4, 'Classifier__SVC__degree': 5, 'Classifier__SVC__gamma': 0.01, 'Classifier__SVC__kernel': 'poly', 'PCA__n_components': 10, 'Scaler': MinMaxScaler(), 'Selector__max_features': 8}",0.21904761904761905,0.3238095238095238,0.0761904761904762,0.20634920634920637,0.10148804675013194,356
691,0.03937800725301107,0.004770425248303313,0.009548823038736979,0.0007094720100239366,0.001,poly,10,MinMaxScaler(),4,0.001,6.0,3.0,"{'Classifier__SVC__C': 0.001, 'Classifier__SVC__coef0': 6, 'Classifier__SVC__degree': 3, 'Classifier__SVC__gamma': 0.001, 'Classifier__SVC__kernel': 'poly', 'PCA__n_components': 10, 'Scaler': MinMaxScaler(), 'Selector__max_features': 4}",0.21904761904761905,0.22857142857142856,0.0761904761904762,0.17460317460317457,0.06969682031777824,633
692,0.0360105037689209,0.0006377863213342729,0.011241674423217773,0.002372699111541458,0.001,poly,10,MinMaxScaler(),8,0.001,6.0,3.0,"{'Classifier__SVC__C': 0.001, 'Classifier__SVC__coef0': 6, 'Classifier__SVC__degree': 3, 'Classifier__SVC__gamma': 0.001, 'Classifier__SVC__kernel': 'poly', 'PCA__n_components': 10, 'Scaler': MinMaxScaler(), 'Selector__max_features': 8}",0.21904761904761905,0.3238095238095238,0.0761904761904762,0.20634920634920637,0.10148804675013194,356
693,0.03784791628519694,0.00187330847361071,0.009402036666870117,0.0008439333622180066,0.001,poly,10,MinMaxScaler(),4,0.01,6.0,3.0,"{'Classifier__SVC__C': 0.001, 'Classifier__SVC__coef0': 6, 'Classifier__SVC__degree': 3, 'Classifier__SVC__gamma': 0.01, 'Classifier__SVC__kernel': 'poly', 'PCA__n_components': 10, 'Scaler': MinMaxScaler(), 'Selector__max_features': 4}",0.21904761904761905,0.22857142857142856,0.0761904761904762,0.17460317460317457,0.06969682031777824,633
694,0.035995165506998696,0.0019327559850016638,0.009893973668416342,0.0014491206674833823,0.001,poly,10,MinMaxScaler(),8,0.01,6.0,3.0,"{'Classifier__SVC__C': 0.001, 'Classifier__SVC__coef0': 6, 'Classifier__SVC__degree': 3, 'Classifier__SVC__gamma': 0.01, 'Classifier__SVC__kernel': 'poly', 'PCA__n_components': 10, 'Scaler': MinMaxScaler(), 'Selector__max_features': 8}",0.21904761904761905,0.3238095238095238,0.0761904761904762,0.20634920634920637,0.10148804675013194,356
695,0.038113911946614586,0.004479284888051466,0.010786692301432291,0.003056501339930303,0.001,poly,10,MinMaxScaler(),4,0.001,6.0,5.0,"{'Classifier__SVC__C': 0.001, 'Classifier__SVC__coef0': 6, 'Classifier__SVC__degree': 5, 'Classifier__SVC__gamma': 0.001, 'Classifier__SVC__kernel': 'poly', 'PCA__n_components': 10, 'Scaler': MinMaxScaler(), 'Selector__max_features': 4}",0.21904761904761905,0.22857142857142856,0.0761904761904762,0.17460317460317457,0.06969682031777824,633
696,0.03836496671040853,0.0030340294267467566,0.010275681813557943,0.002045955779825219,0.001,poly,10,MinMaxScaler(),8,0.001,6.0,5.0,"{'Classifier__SVC__C': 0.001, 'Classifier__SVC__coef0': 6, 'Classifier__SVC__degree': 5, 'Classifier__SVC__gamma': 0.001, 'Classifier__SVC__kernel': 'poly', 'PCA__n_components': 10, 'Scaler': MinMaxScaler(), 'Selector__max_features': 8}",0.21904761904761905,0.3238095238095238,0.0761904761904762,0.20634920634920637,0.10148804675013194,356
697,0.035967508951822914,0.0040100531107467524,0.009463230768839518,0.0009627462344558871,0.001,poly,10,MinMaxScaler(),4,0.01,6.0,5.0,"{'Classifier__SVC__C': 0.001, 'Classifier__SVC__coef0': 6, 'Classifier__SVC__degree': 5, 'Classifier__SVC__gamma': 0.01, 'Classifier__SVC__kernel': 'poly', 'PCA__n_components': 10, 'Scaler': MinMaxScaler(), 'Selector__max_features': 4}",0.18095238095238095,0.10476190476190476,0.14285714285714285,0.14285714285714285,0.03110463165438956,721
698,0.03231167793273926,0.0019230069423872126,0.009531418482462565,0.0016084227718940454,0.001,poly,10,MinMaxScaler(),8,0.01,6.0,5.0,"{'Classifier__SVC__C': 0.001, 'Classifier__SVC__coef0': 6, 'Classifier__SVC__degree': 5, 'Classifier__SVC__gamma': 0.01, 'Classifier__SVC__kernel': 'poly', 'PCA__n_components': 10, 'Scaler': MinMaxScaler(), 'Selector__max_features': 8}",0.18095238095238095,0.19047619047619047,0.14285714285714285,0.1714285714285714,0.020573779994945588,647
699,0.03254246711730957,0.0007932226137741226,0.008783976236979166,0.0008916371279142042,0.01,poly,10,MinMaxScaler(),4,0.001,2.0,3.0,"{'Classifier__SVC__C': 0.01, 'Classifier__SVC__coef0': 2, 'Classifier__SVC__degree': 3, 'Classifier__SVC__gamma': 0.001, 'Classifier__SVC__kernel': 'poly', 'PCA__n_components': 10, 'Scaler': MinMaxScaler(), 'Selector__max_features': 4}",0.21904761904761905,0.20952380952380953,0.3238095238095238,0.2507936507936508,0.051776210889841565,181
700,0.0353697935740153,0.0037676377741645696,0.011550347010294596,0.0032151823566368646,0.01,poly,10,MinMaxScaler(),8,0.001,2.0,3.0,"{'Classifier__SVC__C': 0.01, 'Classifier__SVC__coef0': 2, 'Classifier__SVC__degree': 3, 'Classifier__SVC__gamma': 0.001, 'Classifier__SVC__kernel': 'poly', 'PCA__n_components': 10, 'Scaler': MinMaxScaler(), 'Selector__max_features': 8}",0.21904761904761905,0.23809523809523808,0.3238095238095238,0.26031746031746034,0.04556412728383279,122
701,0.0475773811340332,0.01145104644145562,0.011541207631429037,0.0014681956943823295,0.01,poly,10,MinMaxScaler(),4,0.01,2.0,3.0,"{'Classifier__SVC__C': 0.01, 'Classifier__SVC__coef0': 2, 'Classifier__SVC__degree': 3, 'Classifier__SVC__gamma': 0.01, 'Classifier__SVC__kernel': 'poly', 'PCA__n_components': 10, 'Scaler': MinMaxScaler(), 'Selector__max_features': 4}",0.21904761904761905,0.20952380952380953,0.3238095238095238,0.2507936507936508,0.051776210889841565,181
702,0.04167366027832031,0.01568368528720384,0.010708252588907877,0.0009404554221525949,0.01,poly,10,MinMaxScaler(),8,0.01,2.0,3.0,"{'Classifier__SVC__C': 0.01, 'Classifier__SVC__coef0': 2, 'Classifier__SVC__degree': 3, 'Classifier__SVC__gamma': 0.01, 'Classifier__SVC__kernel': 'poly', 'PCA__n_components': 10, 'Scaler': MinMaxScaler(), 'Selector__max_features': 8}",0.21904761904761905,0.23809523809523808,0.3238095238095238,0.26031746031746034,0.04556412728383279,122
703,0.05360039075215658,0.01593480911680969,0.011220614115397135,0.0016486955948383604,0.01,poly,10,MinMaxScaler(),4,0.001,2.0,5.0,"{'Classifier__SVC__C': 0.01, 'Classifier__SVC__coef0': 2, 'Classifier__SVC__degree': 5, 'Classifier__SVC__gamma': 0.001, 'Classifier__SVC__kernel': 'poly', 'PCA__n_components': 10, 'Scaler': MinMaxScaler(), 'Selector__max_features': 4}",0.21904761904761905,0.20952380952380953,0.3238095238095238,0.2507936507936508,0.051776210889841565,181
704,0.03510332107543945,0.0029596883570251233,0.009073575337727865,0.0023443415665495328,0.01,poly,10,MinMaxScaler(),8,0.001,2.0,5.0,"{'Classifier__SVC__C': 0.01, 'Classifier__SVC__coef0': 2, 'Classifier__SVC__degree': 5, 'Classifier__SVC__gamma': 0.001, 'Classifier__SVC__kernel': 'poly', 'PCA__n_components': 10, 'Scaler': MinMaxScaler(), 'Selector__max_features': 8}",0.21904761904761905,0.23809523809523808,0.3238095238095238,0.26031746031746034,0.04556412728383279,122
705,0.05041050910949707,0.01224692847956837,0.009382088979085287,0.0004753903984890654,0.01,poly,10,MinMaxScaler(),4,0.01,2.0,5.0,"{'Classifier__SVC__C': 0.01, 'Classifier__SVC__coef0': 2, 'Classifier__SVC__degree': 5, 'Classifier__SVC__gamma': 0.01, 'Classifier__SVC__kernel': 'poly', 'PCA__n_components': 10, 'Scaler': MinMaxScaler(), 'Selector__max_features': 4}",0.22857142857142856,0.20952380952380953,0.3238095238095238,0.25396825396825395,0.04999370078737658,175
706,0.03552563985188802,0.0023584839072524916,0.010846138000488281,0.0016442645932196484,0.01,poly,10,MinMaxScaler(),8,0.01,2.0,5.0,"{'Classifier__SVC__C': 0.01, 'Classifier__SVC__coef0': 2, 'Classifier__SVC__degree': 5, 'Classifier__SVC__gamma': 0.01, 'Classifier__SVC__kernel': 'poly', 'PCA__n_components': 10, 'Scaler': MinMaxScaler(), 'Selector__max_features': 8}",0.22857142857142856,0.23809523809523808,0.3238095238095238,0.2634920634920635,0.04282773829597475,101
707,0.042464097340901695,0.00858522010337641,0.009997924168904623,0.0008304461553568965,0.01,poly,10,MinMaxScaler(),4,0.001,4.0,3.0,"{'Classifier__SVC__C': 0.01, 'Classifier__SVC__coef0': 4, 'Classifier__SVC__degree': 3, 'Classifier__SVC__gamma': 0.001, 'Classifier__SVC__kernel': 'poly', 'PCA__n_components': 10, 'Scaler': MinMaxScaler(), 'Selector__max_features': 4}",0.21904761904761905,0.20952380952380953,0.3238095238095238,0.2507936507936508,0.051776210889841565,181
708,0.03484590848286947,0.005297496422611427,0.011657158533732096,0.001295752961983414,0.01,poly,10,MinMaxScaler(),8,0.001,4.0,3.0,"{'Classifier__SVC__C': 0.01, 'Classifier__SVC__coef0': 4, 'Classifier__SVC__degree': 3, 'Classifier__SVC__gamma': 0.001, 'Classifier__SVC__kernel': 'poly', 'PCA__n_components': 10, 'Scaler': MinMaxScaler(), 'Selector__max_features': 8}",0.21904761904761905,0.23809523809523808,0.3238095238095238,0.26031746031746034,0.04556412728383279,122
709,0.04069654146830241,0.004340420573534602,0.010435342788696289,0.00044261256057473973,0.01,poly,10,MinMaxScaler(),4,0.01,4.0,3.0,"{'Classifier__SVC__C': 0.01, 'Classifier__SVC__coef0': 4, 'Classifier__SVC__degree': 3, 'Classifier__SVC__gamma': 0.01, 'Classifier__SVC__kernel': 'poly', 'PCA__n_components': 10, 'Scaler': MinMaxScaler(), 'Selector__max_features': 4}",0.21904761904761905,0.20952380952380953,0.3238095238095238,0.2507936507936508,0.051776210889841565,181
710,0.04211831092834473,0.00947843033805254,0.009499708811442057,0.0008811397051151292,0.01,poly,10,MinMaxScaler(),8,0.01,4.0,3.0,"{'Classifier__SVC__C': 0.01, 'Classifier__SVC__coef0': 4, 'Classifier__SVC__degree': 3, 'Classifier__SVC__gamma': 0.01, 'Classifier__SVC__kernel': 'poly', 'PCA__n_components': 10, 'Scaler': MinMaxScaler(), 'Selector__max_features': 8}",0.21904761904761905,0.23809523809523808,0.3238095238095238,0.26031746031746034,0.04556412728383279,122
711,0.04474171002705892,0.0040241389985829525,0.009129842122395834,0.0006887209819249711,0.01,poly,10,MinMaxScaler(),4,0.001,4.0,5.0,"{'Classifier__SVC__C': 0.01, 'Classifier__SVC__coef0': 4, 'Classifier__SVC__degree': 5, 'Classifier__SVC__gamma': 0.001, 'Classifier__SVC__kernel': 'poly', 'PCA__n_components': 10, 'Scaler': MinMaxScaler(), 'Selector__max_features': 4}",0.21904761904761905,0.20952380952380953,0.3238095238095238,0.2507936507936508,0.051776210889841565,181
712,0.03780317306518555,0.0038197270304720296,0.010820945103963217,0.0003905148018813128,0.01,poly,10,MinMaxScaler(),8,0.001,4.0,5.0,"{'Classifier__SVC__C': 0.01, 'Classifier__SVC__coef0': 4, 'Classifier__SVC__degree': 5, 'Classifier__SVC__gamma': 0.001, 'Classifier__SVC__kernel': 'poly', 'PCA__n_components': 10, 'Scaler': MinMaxScaler(), 'Selector__max_features': 8}",0.21904761904761905,0.23809523809523808,0.3238095238095238,0.26031746031746034,0.04556412728383279,122
713,0.03973515828450521,0.0035932306035349262,0.009531339009602865,0.0002134040590433954,0.01,poly,10,MinMaxScaler(),4,0.01,4.0,5.0,"{'Classifier__SVC__C': 0.01, 'Classifier__SVC__coef0': 4, 'Classifier__SVC__degree': 5, 'Classifier__SVC__gamma': 0.01, 'Classifier__SVC__kernel': 'poly', 'PCA__n_components': 10, 'Scaler': MinMaxScaler(), 'Selector__max_features': 4}",0.12380952380952381,0.11428571428571428,0.24761904761904763,0.1619047619047619,0.06073373482447299,666
714,0.03920586903889974,0.0009563487289672669,0.009629408518473307,6.320036383108975e-05,0.01,poly,10,MinMaxScaler(),8,0.01,4.0,5.0,"{'Classifier__SVC__C': 0.01, 'Classifier__SVC__coef0': 4, 'Classifier__SVC__degree': 5, 'Classifier__SVC__gamma': 0.01, 'Classifier__SVC__kernel': 'poly', 'PCA__n_components': 10, 'Scaler': MinMaxScaler(), 'Selector__max_features': 8}",0.12380952380952381,0.13333333333333333,0.2857142857142857,0.18095238095238095,0.07417981870189157,507
715,0.03629652659098307,0.0012522878667650453,0.01002033551534017,0.0005138302732511657,0.01,poly,10,MinMaxScaler(),4,0.001,6.0,3.0,"{'Classifier__SVC__C': 0.01, 'Classifier__SVC__coef0': 6, 'Classifier__SVC__degree': 3, 'Classifier__SVC__gamma': 0.001, 'Classifier__SVC__kernel': 'poly', 'PCA__n_components': 10, 'Scaler': MinMaxScaler(), 'Selector__max_features': 4}",0.21904761904761905,0.20952380952380953,0.3238095238095238,0.2507936507936508,0.051776210889841565,181
716,0.034391323725382485,0.0010971213112433425,0.012720266977945963,0.004881404371349916,0.01,poly,10,MinMaxScaler(),8,0.001,6.0,3.0,"{'Classifier__SVC__C': 0.01, 'Classifier__SVC__coef0': 6, 'Classifier__SVC__degree': 3, 'Classifier__SVC__gamma': 0.001, 'Classifier__SVC__kernel': 'poly', 'PCA__n_components': 10, 'Scaler': MinMaxScaler(), 'Selector__max_features': 8}",0.21904761904761905,0.23809523809523808,0.3238095238095238,0.26031746031746034,0.04556412728383279,122
717,0.03744983673095703,0.0030572719973313467,0.009642680486043295,0.0001417431816707971,0.01,poly,10,MinMaxScaler(),4,0.01,6.0,3.0,"{'Classifier__SVC__C': 0.01, 'Classifier__SVC__coef0': 6, 'Classifier__SVC__degree': 3, 'Classifier__SVC__gamma': 0.01, 'Classifier__SVC__kernel': 'poly', 'PCA__n_components': 10, 'Scaler': MinMaxScaler(), 'Selector__max_features': 4}",0.21904761904761905,0.20952380952380953,0.3238095238095238,0.2507936507936508,0.051776210889841565,181
718,0.0431976318359375,0.010341345579830918,0.011564811070760092,0.0014813551190391643,0.01,poly,10,MinMaxScaler(),8,0.01,6.0,3.0,"{'Classifier__SVC__C': 0.01, 'Classifier__SVC__coef0': 6, 'Classifier__SVC__degree': 3, 'Classifier__SVC__gamma': 0.01, 'Classifier__SVC__kernel': 'poly', 'PCA__n_components': 10, 'Scaler': MinMaxScaler(), 'Selector__max_features': 8}",0.21904761904761905,0.23809523809523808,0.3238095238095238,0.26031746031746034,0.04556412728383279,122
719,0.05170973141988119,0.011948740481536782,0.02342502276102702,0.02068833683848042,0.01,poly,10,MinMaxScaler(),4,0.001,6.0,5.0,"{'Classifier__SVC__C': 0.01, 'Classifier__SVC__coef0': 6, 'Classifier__SVC__degree': 5, 'Classifier__SVC__gamma': 0.001, 'Classifier__SVC__kernel': 'poly', 'PCA__n_components': 10, 'Scaler': MinMaxScaler(), 'Selector__max_features': 4}",0.12380952380952381,0.13333333333333333,0.3238095238095238,0.19365079365079363,0.09211821033998038,441
720,0.04267636934916178,0.0056947039196334395,0.01506368319193522,0.0024569317363465006,0.01,poly,10,MinMaxScaler(),8,0.001,6.0,5.0,"{'Classifier__SVC__C': 0.01, 'Classifier__SVC__coef0': 6, 'Classifier__SVC__degree': 5, 'Classifier__SVC__gamma': 0.001, 'Classifier__SVC__kernel': 'poly', 'PCA__n_components': 10, 'Scaler': MinMaxScaler(), 'Selector__max_features': 8}",0.12380952380952381,0.13333333333333333,0.3142857142857143,0.19047619047619047,0.08763284915455404,457
721,0.03863199551900228,0.004146243274107916,0.009900490442911783,0.0016650824169101872,0.01,poly,10,MinMaxScaler(),4,0.01,6.0,5.0,"{'Classifier__SVC__C': 0.01, 'Classifier__SVC__coef0': 6, 'Classifier__SVC__degree': 5, 'Classifier__SVC__gamma': 0.01, 'Classifier__SVC__kernel': 'poly', 'PCA__n_components': 10, 'Scaler': MinMaxScaler(), 'Selector__max_features': 4}",0.10476190476190476,0.13333333333333333,0.24761904761904763,0.1619047619047619,0.06172133998483677,666
722,0.0424195925394694,0.005461809563049884,0.012567281723022461,0.002888838780248764,0.01,poly,10,MinMaxScaler(),8,0.01,6.0,5.0,"{'Classifier__SVC__C': 0.01, 'Classifier__SVC__coef0': 6, 'Classifier__SVC__degree': 5, 'Classifier__SVC__gamma': 0.01, 'Classifier__SVC__kernel': 'poly', 'PCA__n_components': 10, 'Scaler': MinMaxScaler(), 'Selector__max_features': 8}",0.10476190476190476,0.18095238095238095,0.26666666666666666,0.18412698412698414,0.06613544970158622,494
723,0.06837685902913411,0.04524546187038614,0.010920206705729166,0.0008580232596082805,0.1,poly,10,MinMaxScaler(),4,0.001,2.0,3.0,"{'Classifier__SVC__C': 0.1, 'Classifier__SVC__coef0': 2, 'Classifier__SVC__degree': 3, 'Classifier__SVC__gamma': 0.001, 'Classifier__SVC__kernel': 'poly', 'PCA__n_components': 10, 'Scaler': MinMaxScaler(), 'Selector__max_features': 4}",0.3142857142857143,0.10476190476190476,0.10476190476190476,0.17460317460317462,0.09877047102288283,518
724,0.04977973302205404,0.008431546990923904,0.02857653299967448,0.022522009342365222,0.1,poly,10,MinMaxScaler(),8,0.001,2.0,3.0,"{'Classifier__SVC__C': 0.1, 'Classifier__SVC__coef0': 2, 'Classifier__SVC__degree': 3, 'Classifier__SVC__gamma': 0.001, 'Classifier__SVC__kernel': 'poly', 'PCA__n_components': 10, 'Scaler': MinMaxScaler(), 'Selector__max_features': 8}",0.3142857142857143,0.10476190476190476,0.10476190476190476,0.17460317460317462,0.09877047102288283,518
725,0.04387537638346354,0.0006392495000249552,0.03104845682779948,0.016115673184296957,0.1,poly,10,MinMaxScaler(),4,0.01,2.0,3.0,"{'Classifier__SVC__C': 0.1, 'Classifier__SVC__coef0': 2, 'Classifier__SVC__degree': 3, 'Classifier__SVC__gamma': 0.01, 'Classifier__SVC__kernel': 'poly', 'PCA__n_components': 10, 'Scaler': MinMaxScaler(), 'Selector__max_features': 4}",0.3142857142857143,0.10476190476190476,0.10476190476190476,0.17460317460317462,0.09877047102288283,518
726,0.040027777353922524,0.002794004236124023,0.01002963383992513,0.00039117043696175463,0.1,poly,10,MinMaxScaler(),8,0.01,2.0,3.0,"{'Classifier__SVC__C': 0.1, 'Classifier__SVC__coef0': 2, 'Classifier__SVC__degree': 3, 'Classifier__SVC__gamma': 0.01, 'Classifier__SVC__kernel': 'poly', 'PCA__n_components': 10, 'Scaler': MinMaxScaler(), 'Selector__max_features': 8}",0.3142857142857143,0.10476190476190476,0.10476190476190476,0.17460317460317462,0.09877047102288283,518
727,0.05779639879862467,0.01673372521479101,0.03363617261250814,0.016425093534486488,0.1,poly,10,MinMaxScaler(),4,0.001,2.0,5.0,"{'Classifier__SVC__C': 0.1, 'Classifier__SVC__coef0': 2, 'Classifier__SVC__degree': 5, 'Classifier__SVC__gamma': 0.001, 'Classifier__SVC__kernel': 'poly', 'PCA__n_components': 10, 'Scaler': MinMaxScaler(), 'Selector__max_features': 4}",0.3142857142857143,0.10476190476190476,0.10476190476190476,0.17460317460317462,0.09877047102288283,518
728,0.0698564847310384,0.03728215677117187,0.011571248372395834,0.0046251904673084605,0.1,poly,10,MinMaxScaler(),8,0.001,2.0,5.0,"{'Classifier__SVC__C': 0.1, 'Classifier__SVC__coef0': 2, 'Classifier__SVC__degree': 5, 'Classifier__SVC__gamma': 0.001, 'Classifier__SVC__kernel': 'poly', 'PCA__n_components': 10, 'Scaler': MinMaxScaler(), 'Selector__max_features': 8}",0.3142857142857143,0.10476190476190476,0.10476190476190476,0.17460317460317462,0.09877047102288283,518
729,0.10122084617614746,0.037651467528457445,0.009380578994750977,0.0008499291183026819,0.1,poly,10,MinMaxScaler(),4,0.01,2.0,5.0,"{'Classifier__SVC__C': 0.1, 'Classifier__SVC__coef0': 2, 'Classifier__SVC__degree': 5, 'Classifier__SVC__gamma': 0.01, 'Classifier__SVC__kernel': 'poly', 'PCA__n_components': 10, 'Scaler': MinMaxScaler(), 'Selector__max_features': 4}",0.09523809523809523,0.10476190476190476,0.1523809523809524,0.11746031746031747,0.024996850393688295,745
730,0.056073665618896484,0.017675731214237954,0.03141911824544271,0.01676348014311665,0.1,poly,10,MinMaxScaler(),8,0.01,2.0,5.0,"{'Classifier__SVC__C': 0.1, 'Classifier__SVC__coef0': 2, 'Classifier__SVC__degree': 5, 'Classifier__SVC__gamma': 0.01, 'Classifier__SVC__kernel': 'poly', 'PCA__n_components': 10, 'Scaler': MinMaxScaler(), 'Selector__max_features': 8}",0.09523809523809523,0.13333333333333333,0.21904761904761905,0.1492063492063492,0.05177621088984155,712
731,0.0684949556986491,0.028874088865956028,0.01665608088175456,0.009798873601820978,0.1,poly,10,MinMaxScaler(),4,0.001,4.0,3.0,"{'Classifier__SVC__C': 0.1, 'Classifier__SVC__coef0': 4, 'Classifier__SVC__degree': 3, 'Classifier__SVC__gamma': 0.001, 'Classifier__SVC__kernel': 'poly', 'PCA__n_components': 10, 'Scaler': MinMaxScaler(), 'Selector__max_features': 4}",0.3142857142857143,0.10476190476190476,0.10476190476190476,0.17460317460317462,0.09877047102288283,518
732,0.0778055191040039,0.03589236176116409,0.02355202039082845,0.01706102121507555,0.1,poly,10,MinMaxScaler(),8,0.001,4.0,3.0,"{'Classifier__SVC__C': 0.1, 'Classifier__SVC__coef0': 4, 'Classifier__SVC__degree': 3, 'Classifier__SVC__gamma': 0.001, 'Classifier__SVC__kernel': 'poly', 'PCA__n_components': 10, 'Scaler': MinMaxScaler(), 'Selector__max_features': 8}",0.3142857142857143,0.10476190476190476,0.10476190476190476,0.17460317460317462,0.09877047102288283,518
733,0.04834334055582682,0.016244006365013962,0.02492666244506836,0.02175927054758177,0.1,poly,10,MinMaxScaler(),4,0.01,4.0,3.0,"{'Classifier__SVC__C': 0.1, 'Classifier__SVC__coef0': 4, 'Classifier__SVC__degree': 3, 'Classifier__SVC__gamma': 0.01, 'Classifier__SVC__kernel': 'poly', 'PCA__n_components': 10, 'Scaler': MinMaxScaler(), 'Selector__max_features': 4}",0.19047619047619047,0.08571428571428572,0.12380952380952381,0.13333333333333333,0.043295814911066204,732
734,0.0956578254699707,0.04059730352642656,0.007695913314819336,0.0012370674782197688,0.1,poly,10,MinMaxScaler(),8,0.01,4.0,3.0,"{'Classifier__SVC__C': 0.1, 'Classifier__SVC__coef0': 4, 'Classifier__SVC__degree': 3, 'Classifier__SVC__gamma': 0.01, 'Classifier__SVC__kernel': 'poly', 'PCA__n_components': 10, 'Scaler': MinMaxScaler(), 'Selector__max_features': 8}",0.19047619047619047,0.1619047619047619,0.12380952380952381,0.15873015873015872,0.02730896910172262,696
735,0.06463281313578288,0.043250642108469114,0.008765141169230143,0.00019360414000916317,0.1,poly,10,MinMaxScaler(),4,0.001,4.0,5.0,"{'Classifier__SVC__C': 0.1, 'Classifier__SVC__coef0': 4, 'Classifier__SVC__degree': 5, 'Classifier__SVC__gamma': 0.001, 'Classifier__SVC__kernel': 'poly', 'PCA__n_components': 10, 'Scaler': MinMaxScaler(), 'Selector__max_features': 4}",0.09523809523809523,0.12380952380952381,0.21904761904761905,0.14603174603174604,0.05293121270010497,717
736,0.09377415974934895,0.04165917877819514,0.00910480817159017,0.002174792162461583,0.1,poly,10,MinMaxScaler(),8,0.001,4.0,5.0,"{'Classifier__SVC__C': 0.1, 'Classifier__SVC__coef0': 4, 'Classifier__SVC__degree': 5, 'Classifier__SVC__gamma': 0.001, 'Classifier__SVC__kernel': 'poly', 'PCA__n_components': 10, 'Scaler': MinMaxScaler(), 'Selector__max_features': 8}",0.09523809523809523,0.09523809523809523,0.26666666666666666,0.15238095238095237,0.08081220356417686,707
737,0.06107807159423828,0.042543048890680696,0.009552319844563803,0.0010660157320075288,0.1,poly,10,MinMaxScaler(),4,0.01,4.0,5.0,"{'Classifier__SVC__C': 0.1, 'Classifier__SVC__coef0': 4, 'Classifier__SVC__degree': 5, 'Classifier__SVC__gamma': 0.01, 'Classifier__SVC__kernel': 'poly', 'PCA__n_components': 10, 'Scaler': MinMaxScaler(), 'Selector__max_features': 4}",0.1619047619047619,0.1619047619047619,0.2571428571428571,0.19365079365079363,0.044895668646764905,441
738,0.0890971024831136,0.03833497514788106,0.00958553949991862,0.0018453387770713166,0.1,poly,10,MinMaxScaler(),8,0.01,4.0,5.0,"{'Classifier__SVC__C': 0.1, 'Classifier__SVC__coef0': 4, 'Classifier__SVC__degree': 5, 'Classifier__SVC__gamma': 0.01, 'Classifier__SVC__kernel': 'poly', 'PCA__n_components': 10, 'Scaler': MinMaxScaler(), 'Selector__max_features': 8}",0.1619047619047619,0.1523809523809524,0.2761904761904762,0.19682539682539682,0.056254111576728105,433
739,0.0595549742380778,0.03935004020365814,0.009453217188517252,0.001972372741833471,0.1,poly,10,MinMaxScaler(),4,0.001,6.0,3.0,"{'Classifier__SVC__C': 0.1, 'Classifier__SVC__coef0': 6, 'Classifier__SVC__degree': 3, 'Classifier__SVC__gamma': 0.001, 'Classifier__SVC__kernel': 'poly', 'PCA__n_components': 10, 'Scaler': MinMaxScaler(), 'Selector__max_features': 4}",0.3142857142857143,0.10476190476190476,0.10476190476190476,0.17460317460317462,0.09877047102288283,518
740,0.08608253796895345,0.03884566818648789,0.01047841707865397,0.0017414439492877565,0.1,poly,10,MinMaxScaler(),8,0.001,6.0,3.0,"{'Classifier__SVC__C': 0.1, 'Classifier__SVC__coef0': 6, 'Classifier__SVC__degree': 3, 'Classifier__SVC__gamma': 0.001, 'Classifier__SVC__kernel': 'poly', 'PCA__n_components': 10, 'Scaler': MinMaxScaler(), 'Selector__max_features': 8}",0.3142857142857143,0.10476190476190476,0.10476190476190476,0.17460317460317462,0.09877047102288283,518
741,0.05938577651977539,0.03981817572067498,0.010118961334228516,0.0021614599455072776,0.1,poly,10,MinMaxScaler(),4,0.01,6.0,3.0,"{'Classifier__SVC__C': 0.1, 'Classifier__SVC__coef0': 6, 'Classifier__SVC__degree': 3, 'Classifier__SVC__gamma': 0.01, 'Classifier__SVC__kernel': 'poly', 'PCA__n_components': 10, 'Scaler': MinMaxScaler(), 'Selector__max_features': 4}",0.09523809523809523,0.11428571428571428,0.22857142857142856,0.14603174603174604,0.058880117431718754,717
742,0.09070650736490886,0.042248748846375216,0.009240865707397461,0.0013781893563277433,0.1,poly,10,MinMaxScaler(),8,0.01,6.0,3.0,"{'Classifier__SVC__C': 0.1, 'Classifier__SVC__coef0': 6, 'Classifier__SVC__degree': 3, 'Classifier__SVC__gamma': 0.01, 'Classifier__SVC__kernel': 'poly', 'PCA__n_components': 10, 'Scaler': MinMaxScaler(), 'Selector__max_features': 8}",0.09523809523809523,0.10476190476190476,0.26666666666666666,0.15555555555555556,0.07866356630707218,698
743,0.05358346303304037,0.031913274969744235,0.009278059005737305,0.0022840198492956624,0.1,poly,10,MinMaxScaler(),4,0.001,6.0,5.0,"{'Classifier__SVC__C': 0.1, 'Classifier__SVC__coef0': 6, 'Classifier__SVC__degree': 5, 'Classifier__SVC__gamma': 0.001, 'Classifier__SVC__kernel': 'poly', 'PCA__n_components': 10, 'Scaler': MinMaxScaler(), 'Selector__max_features': 4}",0.11428571428571428,0.13333333333333333,0.24761904761904763,0.16507936507936508,0.05888011743171876,661
744,0.07351748148600261,0.03401233027009461,0.009643236796061197,0.00038546714512752655,0.1,poly,10,MinMaxScaler(),8,0.001,6.0,5.0,"{'Classifier__SVC__C': 0.1, 'Classifier__SVC__coef0': 6, 'Classifier__SVC__degree': 5, 'Classifier__SVC__gamma': 0.001, 'Classifier__SVC__kernel': 'poly', 'PCA__n_components': 10, 'Scaler': MinMaxScaler(), 'Selector__max_features': 8}",0.11428571428571428,0.17142857142857143,0.26666666666666666,0.18412698412698414,0.0628539361054709,494
745,0.03839564323425293,0.008708479411455175,0.008704185485839844,0.00023569168874238607,0.1,poly,10,MinMaxScaler(),4,0.01,6.0,5.0,"{'Classifier__SVC__C': 0.1, 'Classifier__SVC__coef0': 6, 'Classifier__SVC__degree': 5, 'Classifier__SVC__gamma': 0.01, 'Classifier__SVC__kernel': 'poly', 'PCA__n_components': 10, 'Scaler': MinMaxScaler(), 'Selector__max_features': 4}",0.12380952380952381,0.1619047619047619,0.26666666666666666,0.18412698412698414,0.06040094473155698,494
746,0.039063215255737305,0.008403592469100342,0.008835713068644205,0.0006463020755028016,0.1,poly,10,MinMaxScaler(),8,0.01,6.0,5.0,"{'Classifier__SVC__C': 0.1, 'Classifier__SVC__coef0': 6, 'Classifier__SVC__degree': 5, 'Classifier__SVC__gamma': 0.01, 'Classifier__SVC__kernel': 'poly', 'PCA__n_components': 10, 'Scaler': MinMaxScaler(), 'Selector__max_features': 8}",0.12380952380952381,0.1523809523809524,0.3333333333333333,0.2031746031746032,0.092772312356841,389
