,source(s),Oversampling,First parameters,First features,Second parameters,Second features,Accuracy,Precision,Recall
0,Instrumental,False,"{'memory': None, 'steps': [('Imputer', SimpleImputer()), ('Scaler', StandardScaler()), ('Selector', SelectFromModel(estimator=LinearSVC(), max_features=10)), ('Classifier', Pipeline(steps=[('SVC',
                 OneVsRestClassifier(estimator=SVC(C=0.1, cache_size=500,
                                                   class_weight='balanced',
                                                   coef0=2, degree=5, gamma=0.1,
                                                   kernel='poly',
                                                   max_iter=1000000,
                                                   probability=True,
                                                   random_state=42)))]))], 'transform_input': None, 'verbose': False, 'Imputer': SimpleImputer(), 'Scaler': StandardScaler(), 'Selector': SelectFromModel(estimator=LinearSVC(), max_features=10), 'Classifier': Pipeline(steps=[('SVC',
                 OneVsRestClassifier(estimator=SVC(C=0.1, cache_size=500,
                                                   class_weight='balanced',
                                                   coef0=2, degree=5, gamma=0.1,
                                                   kernel='poly',
                                                   max_iter=1000000,
                                                   probability=True,
                                                   random_state=42)))]), 'Imputer__add_indicator': False, 'Imputer__copy': True, 'Imputer__fill_value': None, 'Imputer__keep_empty_features': False, 'Imputer__missing_values': nan, 'Imputer__strategy': 'mean', 'Scaler__copy': True, 'Scaler__with_mean': True, 'Scaler__with_std': True, 'Selector__estimator__C': 1.0, 'Selector__estimator__class_weight': None, 'Selector__estimator__dual': 'auto', 'Selector__estimator__fit_intercept': True, 'Selector__estimator__intercept_scaling': 1, 'Selector__estimator__loss': 'squared_hinge', 'Selector__estimator__max_iter': 1000, 'Selector__estimator__multi_class': 'ovr', 'Selector__estimator__penalty': 'l2', 'Selector__estimator__random_state': None, 'Selector__estimator__tol': 0.0001, 'Selector__estimator__verbose': 0, 'Selector__estimator': LinearSVC(), 'Selector__importance_getter': 'auto', 'Selector__max_features': 10, 'Selector__norm_order': 1, 'Selector__prefit': False, 'Selector__threshold': None, 'Classifier__memory': None, 'Classifier__steps': [('SVC', OneVsRestClassifier(estimator=SVC(C=0.1, cache_size=500,
                                  class_weight='balanced', coef0=2, degree=5,
                                  gamma=0.1, kernel='poly', max_iter=1000000,
                                  probability=True, random_state=42)))], 'Classifier__transform_input': None, 'Classifier__verbose': False, 'Classifier__SVC': OneVsRestClassifier(estimator=SVC(C=0.1, cache_size=500,
                                  class_weight='balanced', coef0=2, degree=5,
                                  gamma=0.1, kernel='poly', max_iter=1000000,
                                  probability=True, random_state=42)), 'Classifier__SVC__estimator__C': 0.1, 'Classifier__SVC__estimator__break_ties': False, 'Classifier__SVC__estimator__cache_size': 500, 'Classifier__SVC__estimator__class_weight': 'balanced', 'Classifier__SVC__estimator__coef0': 2, 'Classifier__SVC__estimator__decision_function_shape': 'ovr', 'Classifier__SVC__estimator__degree': 5, 'Classifier__SVC__estimator__gamma': 0.1, 'Classifier__SVC__estimator__kernel': 'poly', 'Classifier__SVC__estimator__max_iter': 1000000, 'Classifier__SVC__estimator__probability': True, 'Classifier__SVC__estimator__random_state': 42, 'Classifier__SVC__estimator__shrinking': True, 'Classifier__SVC__estimator__tol': 0.001, 'Classifier__SVC__estimator__verbose': False, 'Classifier__SVC__estimator': SVC(C=0.1, cache_size=500, class_weight='balanced', coef0=2, degree=5,
    gamma=0.1, kernel='poly', max_iter=1000000, probability=True,
    random_state=42), 'Classifier__SVC__n_jobs': None, 'Classifier__SVC__verbose': 0}","['MFCC Overall Standard Deviation 4' 'MFCC Overall Standard Deviation 13'
 'LPC Overall Standard Deviation 7' 'LPC Overall Standard Deviation 9'
 'Compactness Overall Average'
 'Fraction Of Low Energy Windows Overall Average' 'MFCC Overall Average 6'
 'MFCC Overall Average 10' 'MFCC Overall Average 12'
 'MFCC Overall Average 13']",,,0.7142857142857143,0.6666666666666666,0.7
1,Instrumental,False,"{'memory': None, 'steps': [('Imputer', SimpleImputer()), ('Scaler', StandardScaler()), ('Selector', SelectFromModel(estimator=LinearSVC(), max_features=8)), ('Classifier', Pipeline(steps=[('SVC',
                 OneVsRestClassifier(estimator=SVC(C=0.1, cache_size=500,
                                                   class_weight='balanced',
                                                   coef0=2, degree=5, gamma=0.1,
                                                   kernel='poly',
                                                   max_iter=1000000,
                                                   probability=True,
                                                   random_state=42)))]))], 'transform_input': None, 'verbose': False, 'Imputer': SimpleImputer(), 'Scaler': StandardScaler(), 'Selector': SelectFromModel(estimator=LinearSVC(), max_features=8), 'Classifier': Pipeline(steps=[('SVC',
                 OneVsRestClassifier(estimator=SVC(C=0.1, cache_size=500,
                                                   class_weight='balanced',
                                                   coef0=2, degree=5, gamma=0.1,
                                                   kernel='poly',
                                                   max_iter=1000000,
                                                   probability=True,
                                                   random_state=42)))]), 'Imputer__add_indicator': False, 'Imputer__copy': True, 'Imputer__fill_value': None, 'Imputer__keep_empty_features': False, 'Imputer__missing_values': nan, 'Imputer__strategy': 'mean', 'Scaler__copy': True, 'Scaler__with_mean': True, 'Scaler__with_std': True, 'Selector__estimator__C': 1.0, 'Selector__estimator__class_weight': None, 'Selector__estimator__dual': 'auto', 'Selector__estimator__fit_intercept': True, 'Selector__estimator__intercept_scaling': 1, 'Selector__estimator__loss': 'squared_hinge', 'Selector__estimator__max_iter': 1000, 'Selector__estimator__multi_class': 'ovr', 'Selector__estimator__penalty': 'l2', 'Selector__estimator__random_state': None, 'Selector__estimator__tol': 0.0001, 'Selector__estimator__verbose': 0, 'Selector__estimator': LinearSVC(), 'Selector__importance_getter': 'auto', 'Selector__max_features': 8, 'Selector__norm_order': 1, 'Selector__prefit': False, 'Selector__threshold': None, 'Classifier__memory': None, 'Classifier__steps': [('SVC', OneVsRestClassifier(estimator=SVC(C=0.1, cache_size=500,
                                  class_weight='balanced', coef0=2, degree=5,
                                  gamma=0.1, kernel='poly', max_iter=1000000,
                                  probability=True, random_state=42)))], 'Classifier__transform_input': None, 'Classifier__verbose': False, 'Classifier__SVC': OneVsRestClassifier(estimator=SVC(C=0.1, cache_size=500,
                                  class_weight='balanced', coef0=2, degree=5,
                                  gamma=0.1, kernel='poly', max_iter=1000000,
                                  probability=True, random_state=42)), 'Classifier__SVC__estimator__C': 0.1, 'Classifier__SVC__estimator__break_ties': False, 'Classifier__SVC__estimator__cache_size': 500, 'Classifier__SVC__estimator__class_weight': 'balanced', 'Classifier__SVC__estimator__coef0': 2, 'Classifier__SVC__estimator__decision_function_shape': 'ovr', 'Classifier__SVC__estimator__degree': 5, 'Classifier__SVC__estimator__gamma': 0.1, 'Classifier__SVC__estimator__kernel': 'poly', 'Classifier__SVC__estimator__max_iter': 1000000, 'Classifier__SVC__estimator__probability': True, 'Classifier__SVC__estimator__random_state': 42, 'Classifier__SVC__estimator__shrinking': True, 'Classifier__SVC__estimator__tol': 0.001, 'Classifier__SVC__estimator__verbose': False, 'Classifier__SVC__estimator': SVC(C=0.1, cache_size=500, class_weight='balanced', coef0=2, degree=5,
    gamma=0.1, kernel='poly', max_iter=1000000, probability=True,
    random_state=42), 'Classifier__SVC__n_jobs': None, 'Classifier__SVC__verbose': 0}","['MFCC Overall Standard Deviation 4' 'LPC Overall Standard Deviation 7'
 'LPC Overall Standard Deviation 9' 'Compactness Overall Average'
 'Fraction Of Low Energy Windows Overall Average' 'MFCC Overall Average 6'
 'MFCC Overall Average 10' 'MFCC Overall Average 12']",,,0.7142857142857143,0.6666666666666666,0.7
2,Instrumental,False,"{'memory': None, 'steps': [('Imputer', SimpleImputer()), ('Scaler', StandardScaler()), ('Selector', SelectFromModel(estimator=LinearSVC(), max_features=16)), ('Classifier', Pipeline(steps=[('SVC',
                 OneVsRestClassifier(estimator=SVC(C=0.0001, cache_size=500,
                                                   class_weight='balanced',
                                                   coef0=6, degree=5, gamma=0.1,
                                                   kernel='poly',
                                                   max_iter=1000000,
                                                   probability=True,
                                                   random_state=42)))]))], 'transform_input': None, 'verbose': False, 'Imputer': SimpleImputer(), 'Scaler': StandardScaler(), 'Selector': SelectFromModel(estimator=LinearSVC(), max_features=16), 'Classifier': Pipeline(steps=[('SVC',
                 OneVsRestClassifier(estimator=SVC(C=0.0001, cache_size=500,
                                                   class_weight='balanced',
                                                   coef0=6, degree=5, gamma=0.1,
                                                   kernel='poly',
                                                   max_iter=1000000,
                                                   probability=True,
                                                   random_state=42)))]), 'Imputer__add_indicator': False, 'Imputer__copy': True, 'Imputer__fill_value': None, 'Imputer__keep_empty_features': False, 'Imputer__missing_values': nan, 'Imputer__strategy': 'mean', 'Scaler__copy': True, 'Scaler__with_mean': True, 'Scaler__with_std': True, 'Selector__estimator__C': 1.0, 'Selector__estimator__class_weight': None, 'Selector__estimator__dual': 'auto', 'Selector__estimator__fit_intercept': True, 'Selector__estimator__intercept_scaling': 1, 'Selector__estimator__loss': 'squared_hinge', 'Selector__estimator__max_iter': 1000, 'Selector__estimator__multi_class': 'ovr', 'Selector__estimator__penalty': 'l2', 'Selector__estimator__random_state': None, 'Selector__estimator__tol': 0.0001, 'Selector__estimator__verbose': 0, 'Selector__estimator': LinearSVC(), 'Selector__importance_getter': 'auto', 'Selector__max_features': 16, 'Selector__norm_order': 1, 'Selector__prefit': False, 'Selector__threshold': None, 'Classifier__memory': None, 'Classifier__steps': [('SVC', OneVsRestClassifier(estimator=SVC(C=0.0001, cache_size=500,
                                  class_weight='balanced', coef0=6, degree=5,
                                  gamma=0.1, kernel='poly', max_iter=1000000,
                                  probability=True, random_state=42)))], 'Classifier__transform_input': None, 'Classifier__verbose': False, 'Classifier__SVC': OneVsRestClassifier(estimator=SVC(C=0.0001, cache_size=500,
                                  class_weight='balanced', coef0=6, degree=5,
                                  gamma=0.1, kernel='poly', max_iter=1000000,
                                  probability=True, random_state=42)), 'Classifier__SVC__estimator__C': 0.0001, 'Classifier__SVC__estimator__break_ties': False, 'Classifier__SVC__estimator__cache_size': 500, 'Classifier__SVC__estimator__class_weight': 'balanced', 'Classifier__SVC__estimator__coef0': 6, 'Classifier__SVC__estimator__decision_function_shape': 'ovr', 'Classifier__SVC__estimator__degree': 5, 'Classifier__SVC__estimator__gamma': 0.1, 'Classifier__SVC__estimator__kernel': 'poly', 'Classifier__SVC__estimator__max_iter': 1000000, 'Classifier__SVC__estimator__probability': True, 'Classifier__SVC__estimator__random_state': 42, 'Classifier__SVC__estimator__shrinking': True, 'Classifier__SVC__estimator__tol': 0.001, 'Classifier__SVC__estimator__verbose': False, 'Classifier__SVC__estimator': SVC(C=0.0001, cache_size=500, class_weight='balanced', coef0=6, degree=5,
    gamma=0.1, kernel='poly', max_iter=1000000, probability=True,
    random_state=42), 'Classifier__SVC__n_jobs': None, 'Classifier__SVC__verbose': 0}","['MFCC Overall Standard Deviation 4' 'MFCC Overall Standard Deviation 5'
 'MFCC Overall Standard Deviation 13' 'LPC Overall Standard Deviation 7'
 'LPC Overall Standard Deviation 9' 'Compactness Overall Average'
 'Fraction Of Low Energy Windows Overall Average' 'MFCC Overall Average 3'
 'MFCC Overall Average 6' 'MFCC Overall Average 10'
 'MFCC Overall Average 12' 'MFCC Overall Average 13'
 'LPC Overall Average 3' 'Chroma feature 0' 'Chroma feature 2'
 'Chroma feature 6']",,,0.7142857142857143,0.6666666666666666,0.8333333333333334
3,Instrumental,False,"{'memory': None, 'steps': [('Imputer', SimpleImputer()), ('Scaler', StandardScaler()), ('Selector', SelectFromModel(estimator=LinearSVC(), max_features=10)), ('Classifier', Pipeline(steps=[('SVC',
                 OneVsRestClassifier(estimator=SVC(C=0.01, cache_size=500,
                                                   class_weight='balanced',
                                                   coef0=2, degree=5, gamma=0.1,
                                                   kernel='poly',
                                                   max_iter=1000000,
                                                   probability=True,
                                                   random_state=42)))]))], 'transform_input': None, 'verbose': False, 'Imputer': SimpleImputer(), 'Scaler': StandardScaler(), 'Selector': SelectFromModel(estimator=LinearSVC(), max_features=10), 'Classifier': Pipeline(steps=[('SVC',
                 OneVsRestClassifier(estimator=SVC(C=0.01, cache_size=500,
                                                   class_weight='balanced',
                                                   coef0=2, degree=5, gamma=0.1,
                                                   kernel='poly',
                                                   max_iter=1000000,
                                                   probability=True,
                                                   random_state=42)))]), 'Imputer__add_indicator': False, 'Imputer__copy': True, 'Imputer__fill_value': None, 'Imputer__keep_empty_features': False, 'Imputer__missing_values': nan, 'Imputer__strategy': 'mean', 'Scaler__copy': True, 'Scaler__with_mean': True, 'Scaler__with_std': True, 'Selector__estimator__C': 1.0, 'Selector__estimator__class_weight': None, 'Selector__estimator__dual': 'auto', 'Selector__estimator__fit_intercept': True, 'Selector__estimator__intercept_scaling': 1, 'Selector__estimator__loss': 'squared_hinge', 'Selector__estimator__max_iter': 1000, 'Selector__estimator__multi_class': 'ovr', 'Selector__estimator__penalty': 'l2', 'Selector__estimator__random_state': None, 'Selector__estimator__tol': 0.0001, 'Selector__estimator__verbose': 0, 'Selector__estimator': LinearSVC(), 'Selector__importance_getter': 'auto', 'Selector__max_features': 10, 'Selector__norm_order': 1, 'Selector__prefit': False, 'Selector__threshold': None, 'Classifier__memory': None, 'Classifier__steps': [('SVC', OneVsRestClassifier(estimator=SVC(C=0.01, cache_size=500,
                                  class_weight='balanced', coef0=2, degree=5,
                                  gamma=0.1, kernel='poly', max_iter=1000000,
                                  probability=True, random_state=42)))], 'Classifier__transform_input': None, 'Classifier__verbose': False, 'Classifier__SVC': OneVsRestClassifier(estimator=SVC(C=0.01, cache_size=500,
                                  class_weight='balanced', coef0=2, degree=5,
                                  gamma=0.1, kernel='poly', max_iter=1000000,
                                  probability=True, random_state=42)), 'Classifier__SVC__estimator__C': 0.01, 'Classifier__SVC__estimator__break_ties': False, 'Classifier__SVC__estimator__cache_size': 500, 'Classifier__SVC__estimator__class_weight': 'balanced', 'Classifier__SVC__estimator__coef0': 2, 'Classifier__SVC__estimator__decision_function_shape': 'ovr', 'Classifier__SVC__estimator__degree': 5, 'Classifier__SVC__estimator__gamma': 0.1, 'Classifier__SVC__estimator__kernel': 'poly', 'Classifier__SVC__estimator__max_iter': 1000000, 'Classifier__SVC__estimator__probability': True, 'Classifier__SVC__estimator__random_state': 42, 'Classifier__SVC__estimator__shrinking': True, 'Classifier__SVC__estimator__tol': 0.001, 'Classifier__SVC__estimator__verbose': False, 'Classifier__SVC__estimator': SVC(C=0.01, cache_size=500, class_weight='balanced', coef0=2, degree=5,
    gamma=0.1, kernel='poly', max_iter=1000000, probability=True,
    random_state=42), 'Classifier__SVC__n_jobs': None, 'Classifier__SVC__verbose': 0}","['MFCC Overall Standard Deviation 4' 'MFCC Overall Standard Deviation 13'
 'LPC Overall Standard Deviation 7' 'LPC Overall Standard Deviation 9'
 'Compactness Overall Average'
 'Fraction Of Low Energy Windows Overall Average' 'MFCC Overall Average 6'
 'MFCC Overall Average 10' 'MFCC Overall Average 12'
 'MFCC Overall Average 13']",,,0.7142857142857143,0.6666666666666666,0.7
4,Instrumental,False,"{'memory': None, 'steps': [('Imputer', SimpleImputer()), ('Scaler', StandardScaler()), ('Selector', SelectFromModel(estimator=LinearSVC(), max_features=10)), ('Classifier', Pipeline(steps=[('SVC',
                 OneVsRestClassifier(estimator=SVC(C=0.01, cache_size=500,
                                                   class_weight='balanced',
                                                   coef0=4, degree=5, gamma=0.1,
                                                   kernel='poly',
                                                   max_iter=1000000,
                                                   probability=True,
                                                   random_state=42)))]))], 'transform_input': None, 'verbose': False, 'Imputer': SimpleImputer(), 'Scaler': StandardScaler(), 'Selector': SelectFromModel(estimator=LinearSVC(), max_features=10), 'Classifier': Pipeline(steps=[('SVC',
                 OneVsRestClassifier(estimator=SVC(C=0.01, cache_size=500,
                                                   class_weight='balanced',
                                                   coef0=4, degree=5, gamma=0.1,
                                                   kernel='poly',
                                                   max_iter=1000000,
                                                   probability=True,
                                                   random_state=42)))]), 'Imputer__add_indicator': False, 'Imputer__copy': True, 'Imputer__fill_value': None, 'Imputer__keep_empty_features': False, 'Imputer__missing_values': nan, 'Imputer__strategy': 'mean', 'Scaler__copy': True, 'Scaler__with_mean': True, 'Scaler__with_std': True, 'Selector__estimator__C': 1.0, 'Selector__estimator__class_weight': None, 'Selector__estimator__dual': 'auto', 'Selector__estimator__fit_intercept': True, 'Selector__estimator__intercept_scaling': 1, 'Selector__estimator__loss': 'squared_hinge', 'Selector__estimator__max_iter': 1000, 'Selector__estimator__multi_class': 'ovr', 'Selector__estimator__penalty': 'l2', 'Selector__estimator__random_state': None, 'Selector__estimator__tol': 0.0001, 'Selector__estimator__verbose': 0, 'Selector__estimator': LinearSVC(), 'Selector__importance_getter': 'auto', 'Selector__max_features': 10, 'Selector__norm_order': 1, 'Selector__prefit': False, 'Selector__threshold': None, 'Classifier__memory': None, 'Classifier__steps': [('SVC', OneVsRestClassifier(estimator=SVC(C=0.01, cache_size=500,
                                  class_weight='balanced', coef0=4, degree=5,
                                  gamma=0.1, kernel='poly', max_iter=1000000,
                                  probability=True, random_state=42)))], 'Classifier__transform_input': None, 'Classifier__verbose': False, 'Classifier__SVC': OneVsRestClassifier(estimator=SVC(C=0.01, cache_size=500,
                                  class_weight='balanced', coef0=4, degree=5,
                                  gamma=0.1, kernel='poly', max_iter=1000000,
                                  probability=True, random_state=42)), 'Classifier__SVC__estimator__C': 0.01, 'Classifier__SVC__estimator__break_ties': False, 'Classifier__SVC__estimator__cache_size': 500, 'Classifier__SVC__estimator__class_weight': 'balanced', 'Classifier__SVC__estimator__coef0': 4, 'Classifier__SVC__estimator__decision_function_shape': 'ovr', 'Classifier__SVC__estimator__degree': 5, 'Classifier__SVC__estimator__gamma': 0.1, 'Classifier__SVC__estimator__kernel': 'poly', 'Classifier__SVC__estimator__max_iter': 1000000, 'Classifier__SVC__estimator__probability': True, 'Classifier__SVC__estimator__random_state': 42, 'Classifier__SVC__estimator__shrinking': True, 'Classifier__SVC__estimator__tol': 0.001, 'Classifier__SVC__estimator__verbose': False, 'Classifier__SVC__estimator': SVC(C=0.01, cache_size=500, class_weight='balanced', coef0=4, degree=5,
    gamma=0.1, kernel='poly', max_iter=1000000, probability=True,
    random_state=42), 'Classifier__SVC__n_jobs': None, 'Classifier__SVC__verbose': 0}","['MFCC Overall Standard Deviation 4' 'MFCC Overall Standard Deviation 13'
 'LPC Overall Standard Deviation 7' 'LPC Overall Standard Deviation 9'
 'Compactness Overall Average'
 'Fraction Of Low Energy Windows Overall Average' 'MFCC Overall Average 6'
 'MFCC Overall Average 10' 'MFCC Overall Average 12'
 'MFCC Overall Average 13']",,,0.7142857142857143,0.6666666666666666,0.7
5,Instrumental,False,"{'memory': None, 'steps': [('Imputer', SimpleImputer()), ('Scaler', StandardScaler()), ('Selector', SelectFromModel(estimator=LinearSVC(), max_features=8)), ('Classifier', Pipeline(steps=[('SVC',
                 OneVsRestClassifier(estimator=SVC(C=10, cache_size=500,
                                                   class_weight='balanced',
                                                   coef0=4, degree=5, gamma=0.1,
                                                   max_iter=1000000,
                                                   probability=True,
                                                   random_state=42)))]))], 'transform_input': None, 'verbose': False, 'Imputer': SimpleImputer(), 'Scaler': StandardScaler(), 'Selector': SelectFromModel(estimator=LinearSVC(), max_features=8), 'Classifier': Pipeline(steps=[('SVC',
                 OneVsRestClassifier(estimator=SVC(C=10, cache_size=500,
                                                   class_weight='balanced',
                                                   coef0=4, degree=5, gamma=0.1,
                                                   max_iter=1000000,
                                                   probability=True,
                                                   random_state=42)))]), 'Imputer__add_indicator': False, 'Imputer__copy': True, 'Imputer__fill_value': None, 'Imputer__keep_empty_features': False, 'Imputer__missing_values': nan, 'Imputer__strategy': 'mean', 'Scaler__copy': True, 'Scaler__with_mean': True, 'Scaler__with_std': True, 'Selector__estimator__C': 1.0, 'Selector__estimator__class_weight': None, 'Selector__estimator__dual': 'auto', 'Selector__estimator__fit_intercept': True, 'Selector__estimator__intercept_scaling': 1, 'Selector__estimator__loss': 'squared_hinge', 'Selector__estimator__max_iter': 1000, 'Selector__estimator__multi_class': 'ovr', 'Selector__estimator__penalty': 'l2', 'Selector__estimator__random_state': None, 'Selector__estimator__tol': 0.0001, 'Selector__estimator__verbose': 0, 'Selector__estimator': LinearSVC(), 'Selector__importance_getter': 'auto', 'Selector__max_features': 8, 'Selector__norm_order': 1, 'Selector__prefit': False, 'Selector__threshold': None, 'Classifier__memory': None, 'Classifier__steps': [('SVC', OneVsRestClassifier(estimator=SVC(C=10, cache_size=500, class_weight='balanced',
                                  coef0=4, degree=5, gamma=0.1,
                                  max_iter=1000000, probability=True,
                                  random_state=42)))], 'Classifier__transform_input': None, 'Classifier__verbose': False, 'Classifier__SVC': OneVsRestClassifier(estimator=SVC(C=10, cache_size=500, class_weight='balanced',
                                  coef0=4, degree=5, gamma=0.1,
                                  max_iter=1000000, probability=True,
                                  random_state=42)), 'Classifier__SVC__estimator__C': 10, 'Classifier__SVC__estimator__break_ties': False, 'Classifier__SVC__estimator__cache_size': 500, 'Classifier__SVC__estimator__class_weight': 'balanced', 'Classifier__SVC__estimator__coef0': 4, 'Classifier__SVC__estimator__decision_function_shape': 'ovr', 'Classifier__SVC__estimator__degree': 5, 'Classifier__SVC__estimator__gamma': 0.1, 'Classifier__SVC__estimator__kernel': 'rbf', 'Classifier__SVC__estimator__max_iter': 1000000, 'Classifier__SVC__estimator__probability': True, 'Classifier__SVC__estimator__random_state': 42, 'Classifier__SVC__estimator__shrinking': True, 'Classifier__SVC__estimator__tol': 0.001, 'Classifier__SVC__estimator__verbose': False, 'Classifier__SVC__estimator': SVC(C=10, cache_size=500, class_weight='balanced', coef0=4, degree=5, gamma=0.1,
    max_iter=1000000, probability=True, random_state=42), 'Classifier__SVC__n_jobs': None, 'Classifier__SVC__verbose': 0}","['MFCC Overall Standard Deviation 4' 'LPC Overall Standard Deviation 7'
 'LPC Overall Standard Deviation 9' 'Compactness Overall Average'
 'Fraction Of Low Energy Windows Overall Average' 'MFCC Overall Average 6'
 'MFCC Overall Average 10' 'MFCC Overall Average 12']",,,0.7142857142857143,0.6666666666666666,0.7
6,Instrumental,False,"{'memory': None, 'steps': [('Imputer', SimpleImputer()), ('Scaler', StandardScaler()), ('Selector', SelectFromModel(estimator=LinearSVC(), max_features=16)), ('Classifier', Pipeline(steps=[('SVC',
                 OneVsRestClassifier(estimator=SVC(C=0.01, cache_size=500,
                                                   class_weight='balanced',
                                                   coef0=4, gamma=0.1,
                                                   kernel='poly',
                                                   max_iter=1000000,
                                                   probability=True,
                                                   random_state=42)))]))], 'transform_input': None, 'verbose': False, 'Imputer': SimpleImputer(), 'Scaler': StandardScaler(), 'Selector': SelectFromModel(estimator=LinearSVC(), max_features=16), 'Classifier': Pipeline(steps=[('SVC',
                 OneVsRestClassifier(estimator=SVC(C=0.01, cache_size=500,
                                                   class_weight='balanced',
                                                   coef0=4, gamma=0.1,
                                                   kernel='poly',
                                                   max_iter=1000000,
                                                   probability=True,
                                                   random_state=42)))]), 'Imputer__add_indicator': False, 'Imputer__copy': True, 'Imputer__fill_value': None, 'Imputer__keep_empty_features': False, 'Imputer__missing_values': nan, 'Imputer__strategy': 'mean', 'Scaler__copy': True, 'Scaler__with_mean': True, 'Scaler__with_std': True, 'Selector__estimator__C': 1.0, 'Selector__estimator__class_weight': None, 'Selector__estimator__dual': 'auto', 'Selector__estimator__fit_intercept': True, 'Selector__estimator__intercept_scaling': 1, 'Selector__estimator__loss': 'squared_hinge', 'Selector__estimator__max_iter': 1000, 'Selector__estimator__multi_class': 'ovr', 'Selector__estimator__penalty': 'l2', 'Selector__estimator__random_state': None, 'Selector__estimator__tol': 0.0001, 'Selector__estimator__verbose': 0, 'Selector__estimator': LinearSVC(), 'Selector__importance_getter': 'auto', 'Selector__max_features': 16, 'Selector__norm_order': 1, 'Selector__prefit': False, 'Selector__threshold': None, 'Classifier__memory': None, 'Classifier__steps': [('SVC', OneVsRestClassifier(estimator=SVC(C=0.01, cache_size=500,
                                  class_weight='balanced', coef0=4, gamma=0.1,
                                  kernel='poly', max_iter=1000000,
                                  probability=True, random_state=42)))], 'Classifier__transform_input': None, 'Classifier__verbose': False, 'Classifier__SVC': OneVsRestClassifier(estimator=SVC(C=0.01, cache_size=500,
                                  class_weight='balanced', coef0=4, gamma=0.1,
                                  kernel='poly', max_iter=1000000,
                                  probability=True, random_state=42)), 'Classifier__SVC__estimator__C': 0.01, 'Classifier__SVC__estimator__break_ties': False, 'Classifier__SVC__estimator__cache_size': 500, 'Classifier__SVC__estimator__class_weight': 'balanced', 'Classifier__SVC__estimator__coef0': 4, 'Classifier__SVC__estimator__decision_function_shape': 'ovr', 'Classifier__SVC__estimator__degree': 3, 'Classifier__SVC__estimator__gamma': 0.1, 'Classifier__SVC__estimator__kernel': 'poly', 'Classifier__SVC__estimator__max_iter': 1000000, 'Classifier__SVC__estimator__probability': True, 'Classifier__SVC__estimator__random_state': 42, 'Classifier__SVC__estimator__shrinking': True, 'Classifier__SVC__estimator__tol': 0.001, 'Classifier__SVC__estimator__verbose': False, 'Classifier__SVC__estimator': SVC(C=0.01, cache_size=500, class_weight='balanced', coef0=4, gamma=0.1,
    kernel='poly', max_iter=1000000, probability=True, random_state=42), 'Classifier__SVC__n_jobs': None, 'Classifier__SVC__verbose': 0}","['MFCC Overall Standard Deviation 4' 'MFCC Overall Standard Deviation 5'
 'MFCC Overall Standard Deviation 13' 'LPC Overall Standard Deviation 7'
 'LPC Overall Standard Deviation 9' 'Compactness Overall Average'
 'Fraction Of Low Energy Windows Overall Average' 'MFCC Overall Average 3'
 'MFCC Overall Average 6' 'MFCC Overall Average 10'
 'MFCC Overall Average 12' 'MFCC Overall Average 13'
 'LPC Overall Average 3' 'Chroma feature 0' 'Chroma feature 2'
 'Chroma feature 6']",,,0.7142857142857143,0.6666666666666666,0.8333333333333334
7,Instrumental,False,"{'memory': None, 'steps': [('Imputer', SimpleImputer()), ('Scaler', StandardScaler()), ('Selector', SelectFromModel(estimator=LinearSVC(), max_features=10)), ('Classifier', Pipeline(steps=[('SVC',
                 OneVsRestClassifier(estimator=SVC(C=0.1, cache_size=500,
                                                   class_weight='balanced',
                                                   coef0=4, gamma=0.1,
                                                   kernel='poly',
                                                   max_iter=1000000,
                                                   probability=True,
                                                   random_state=42)))]))], 'transform_input': None, 'verbose': False, 'Imputer': SimpleImputer(), 'Scaler': StandardScaler(), 'Selector': SelectFromModel(estimator=LinearSVC(), max_features=10), 'Classifier': Pipeline(steps=[('SVC',
                 OneVsRestClassifier(estimator=SVC(C=0.1, cache_size=500,
                                                   class_weight='balanced',
                                                   coef0=4, gamma=0.1,
                                                   kernel='poly',
                                                   max_iter=1000000,
                                                   probability=True,
                                                   random_state=42)))]), 'Imputer__add_indicator': False, 'Imputer__copy': True, 'Imputer__fill_value': None, 'Imputer__keep_empty_features': False, 'Imputer__missing_values': nan, 'Imputer__strategy': 'mean', 'Scaler__copy': True, 'Scaler__with_mean': True, 'Scaler__with_std': True, 'Selector__estimator__C': 1.0, 'Selector__estimator__class_weight': None, 'Selector__estimator__dual': 'auto', 'Selector__estimator__fit_intercept': True, 'Selector__estimator__intercept_scaling': 1, 'Selector__estimator__loss': 'squared_hinge', 'Selector__estimator__max_iter': 1000, 'Selector__estimator__multi_class': 'ovr', 'Selector__estimator__penalty': 'l2', 'Selector__estimator__random_state': None, 'Selector__estimator__tol': 0.0001, 'Selector__estimator__verbose': 0, 'Selector__estimator': LinearSVC(), 'Selector__importance_getter': 'auto', 'Selector__max_features': 10, 'Selector__norm_order': 1, 'Selector__prefit': False, 'Selector__threshold': None, 'Classifier__memory': None, 'Classifier__steps': [('SVC', OneVsRestClassifier(estimator=SVC(C=0.1, cache_size=500,
                                  class_weight='balanced', coef0=4, gamma=0.1,
                                  kernel='poly', max_iter=1000000,
                                  probability=True, random_state=42)))], 'Classifier__transform_input': None, 'Classifier__verbose': False, 'Classifier__SVC': OneVsRestClassifier(estimator=SVC(C=0.1, cache_size=500,
                                  class_weight='balanced', coef0=4, gamma=0.1,
                                  kernel='poly', max_iter=1000000,
                                  probability=True, random_state=42)), 'Classifier__SVC__estimator__C': 0.1, 'Classifier__SVC__estimator__break_ties': False, 'Classifier__SVC__estimator__cache_size': 500, 'Classifier__SVC__estimator__class_weight': 'balanced', 'Classifier__SVC__estimator__coef0': 4, 'Classifier__SVC__estimator__decision_function_shape': 'ovr', 'Classifier__SVC__estimator__degree': 3, 'Classifier__SVC__estimator__gamma': 0.1, 'Classifier__SVC__estimator__kernel': 'poly', 'Classifier__SVC__estimator__max_iter': 1000000, 'Classifier__SVC__estimator__probability': True, 'Classifier__SVC__estimator__random_state': 42, 'Classifier__SVC__estimator__shrinking': True, 'Classifier__SVC__estimator__tol': 0.001, 'Classifier__SVC__estimator__verbose': False, 'Classifier__SVC__estimator': SVC(C=0.1, cache_size=500, class_weight='balanced', coef0=4, gamma=0.1,
    kernel='poly', max_iter=1000000, probability=True, random_state=42), 'Classifier__SVC__n_jobs': None, 'Classifier__SVC__verbose': 0}","['MFCC Overall Standard Deviation 4' 'MFCC Overall Standard Deviation 13'
 'LPC Overall Standard Deviation 7' 'LPC Overall Standard Deviation 9'
 'Compactness Overall Average'
 'Fraction Of Low Energy Windows Overall Average' 'MFCC Overall Average 6'
 'MFCC Overall Average 10' 'MFCC Overall Average 12'
 'MFCC Overall Average 13']",,,0.5714285714285714,0.5,0.6
8,Instrumental,False,"{'memory': None, 'steps': [('Imputer', SimpleImputer()), ('Scaler', StandardScaler()), ('Selector', SelectFromModel(estimator=LinearSVC(), max_features=8)), ('Classifier', Pipeline(steps=[('SVC',
                 OneVsRestClassifier(estimator=SVC(C=0.001, cache_size=500,
                                                   class_weight='balanced',
                                                   coef0=6, degree=5, gamma=0.1,
                                                   kernel='poly',
                                                   max_iter=1000000,
                                                   probability=True,
                                                   random_state=42)))]))], 'transform_input': None, 'verbose': False, 'Imputer': SimpleImputer(), 'Scaler': StandardScaler(), 'Selector': SelectFromModel(estimator=LinearSVC(), max_features=8), 'Classifier': Pipeline(steps=[('SVC',
                 OneVsRestClassifier(estimator=SVC(C=0.001, cache_size=500,
                                                   class_weight='balanced',
                                                   coef0=6, degree=5, gamma=0.1,
                                                   kernel='poly',
                                                   max_iter=1000000,
                                                   probability=True,
                                                   random_state=42)))]), 'Imputer__add_indicator': False, 'Imputer__copy': True, 'Imputer__fill_value': None, 'Imputer__keep_empty_features': False, 'Imputer__missing_values': nan, 'Imputer__strategy': 'mean', 'Scaler__copy': True, 'Scaler__with_mean': True, 'Scaler__with_std': True, 'Selector__estimator__C': 1.0, 'Selector__estimator__class_weight': None, 'Selector__estimator__dual': 'auto', 'Selector__estimator__fit_intercept': True, 'Selector__estimator__intercept_scaling': 1, 'Selector__estimator__loss': 'squared_hinge', 'Selector__estimator__max_iter': 1000, 'Selector__estimator__multi_class': 'ovr', 'Selector__estimator__penalty': 'l2', 'Selector__estimator__random_state': None, 'Selector__estimator__tol': 0.0001, 'Selector__estimator__verbose': 0, 'Selector__estimator': LinearSVC(), 'Selector__importance_getter': 'auto', 'Selector__max_features': 8, 'Selector__norm_order': 1, 'Selector__prefit': False, 'Selector__threshold': None, 'Classifier__memory': None, 'Classifier__steps': [('SVC', OneVsRestClassifier(estimator=SVC(C=0.001, cache_size=500,
                                  class_weight='balanced', coef0=6, degree=5,
                                  gamma=0.1, kernel='poly', max_iter=1000000,
                                  probability=True, random_state=42)))], 'Classifier__transform_input': None, 'Classifier__verbose': False, 'Classifier__SVC': OneVsRestClassifier(estimator=SVC(C=0.001, cache_size=500,
                                  class_weight='balanced', coef0=6, degree=5,
                                  gamma=0.1, kernel='poly', max_iter=1000000,
                                  probability=True, random_state=42)), 'Classifier__SVC__estimator__C': 0.001, 'Classifier__SVC__estimator__break_ties': False, 'Classifier__SVC__estimator__cache_size': 500, 'Classifier__SVC__estimator__class_weight': 'balanced', 'Classifier__SVC__estimator__coef0': 6, 'Classifier__SVC__estimator__decision_function_shape': 'ovr', 'Classifier__SVC__estimator__degree': 5, 'Classifier__SVC__estimator__gamma': 0.1, 'Classifier__SVC__estimator__kernel': 'poly', 'Classifier__SVC__estimator__max_iter': 1000000, 'Classifier__SVC__estimator__probability': True, 'Classifier__SVC__estimator__random_state': 42, 'Classifier__SVC__estimator__shrinking': True, 'Classifier__SVC__estimator__tol': 0.001, 'Classifier__SVC__estimator__verbose': False, 'Classifier__SVC__estimator': SVC(C=0.001, cache_size=500, class_weight='balanced', coef0=6, degree=5,
    gamma=0.1, kernel='poly', max_iter=1000000, probability=True,
    random_state=42), 'Classifier__SVC__n_jobs': None, 'Classifier__SVC__verbose': 0}","['MFCC Overall Standard Deviation 4' 'LPC Overall Standard Deviation 7'
 'LPC Overall Standard Deviation 9' 'Compactness Overall Average'
 'Fraction Of Low Energy Windows Overall Average' 'MFCC Overall Average 6'
 'MFCC Overall Average 10' 'MFCC Overall Average 12']",,,0.7142857142857143,0.6666666666666666,0.7
9,Instrumental,False,"{'memory': None, 'steps': [('Imputer', SimpleImputer()), ('Scaler', StandardScaler()), ('Selector', SelectFromModel(estimator=LinearSVC(), max_features=20)), ('Classifier', Pipeline(steps=[('SVC',
                 OneVsRestClassifier(estimator=SVC(C=10000, cache_size=500,
                                                   class_weight='balanced',
                                                   coef0=6, degree=5, gamma=0.1,
                                                   max_iter=1000000,
                                                   probability=True,
                                                   random_state=42)))]))], 'transform_input': None, 'verbose': False, 'Imputer': SimpleImputer(), 'Scaler': StandardScaler(), 'Selector': SelectFromModel(estimator=LinearSVC(), max_features=20), 'Classifier': Pipeline(steps=[('SVC',
                 OneVsRestClassifier(estimator=SVC(C=10000, cache_size=500,
                                                   class_weight='balanced',
                                                   coef0=6, degree=5, gamma=0.1,
                                                   max_iter=1000000,
                                                   probability=True,
                                                   random_state=42)))]), 'Imputer__add_indicator': False, 'Imputer__copy': True, 'Imputer__fill_value': None, 'Imputer__keep_empty_features': False, 'Imputer__missing_values': nan, 'Imputer__strategy': 'mean', 'Scaler__copy': True, 'Scaler__with_mean': True, 'Scaler__with_std': True, 'Selector__estimator__C': 1.0, 'Selector__estimator__class_weight': None, 'Selector__estimator__dual': 'auto', 'Selector__estimator__fit_intercept': True, 'Selector__estimator__intercept_scaling': 1, 'Selector__estimator__loss': 'squared_hinge', 'Selector__estimator__max_iter': 1000, 'Selector__estimator__multi_class': 'ovr', 'Selector__estimator__penalty': 'l2', 'Selector__estimator__random_state': None, 'Selector__estimator__tol': 0.0001, 'Selector__estimator__verbose': 0, 'Selector__estimator': LinearSVC(), 'Selector__importance_getter': 'auto', 'Selector__max_features': 20, 'Selector__norm_order': 1, 'Selector__prefit': False, 'Selector__threshold': None, 'Classifier__memory': None, 'Classifier__steps': [('SVC', OneVsRestClassifier(estimator=SVC(C=10000, cache_size=500,
                                  class_weight='balanced', coef0=6, degree=5,
                                  gamma=0.1, max_iter=1000000, probability=True,
                                  random_state=42)))], 'Classifier__transform_input': None, 'Classifier__verbose': False, 'Classifier__SVC': OneVsRestClassifier(estimator=SVC(C=10000, cache_size=500,
                                  class_weight='balanced', coef0=6, degree=5,
                                  gamma=0.1, max_iter=1000000, probability=True,
                                  random_state=42)), 'Classifier__SVC__estimator__C': 10000, 'Classifier__SVC__estimator__break_ties': False, 'Classifier__SVC__estimator__cache_size': 500, 'Classifier__SVC__estimator__class_weight': 'balanced', 'Classifier__SVC__estimator__coef0': 6, 'Classifier__SVC__estimator__decision_function_shape': 'ovr', 'Classifier__SVC__estimator__degree': 5, 'Classifier__SVC__estimator__gamma': 0.1, 'Classifier__SVC__estimator__kernel': 'rbf', 'Classifier__SVC__estimator__max_iter': 1000000, 'Classifier__SVC__estimator__probability': True, 'Classifier__SVC__estimator__random_state': 42, 'Classifier__SVC__estimator__shrinking': True, 'Classifier__SVC__estimator__tol': 0.001, 'Classifier__SVC__estimator__verbose': False, 'Classifier__SVC__estimator': SVC(C=10000, cache_size=500, class_weight='balanced', coef0=6, degree=5,
    gamma=0.1, max_iter=1000000, probability=True, random_state=42), 'Classifier__SVC__n_jobs': None, 'Classifier__SVC__verbose': 0}","['MFCC Overall Standard Deviation 4' 'MFCC Overall Standard Deviation 5'
 'MFCC Overall Standard Deviation 13' 'LPC Overall Standard Deviation 7'
 'LPC Overall Standard Deviation 9' 'Compactness Overall Average'
 'Fraction Of Low Energy Windows Overall Average' 'MFCC Overall Average 3'
 'MFCC Overall Average 5' 'MFCC Overall Average 6'
 'MFCC Overall Average 8' 'MFCC Overall Average 10'
 'MFCC Overall Average 12' 'MFCC Overall Average 13'
 'LPC Overall Average 3' 'LPC Overall Average 8' 'Chroma feature 0'
 'Chroma feature 2' 'Chroma feature 4' 'Chroma feature 6']",,,0.7142857142857143,0.6666666666666666,0.7
10,Instrumental,False,"{'memory': None, 'steps': [('Imputer', SimpleImputer()), ('Scaler', StandardScaler()), ('Selector', SelectFromModel(estimator=LinearSVC(), max_features=12)), ('Classifier', Pipeline(steps=[('SVC',
                 OneVsRestClassifier(estimator=SVC(C=0.01, cache_size=500,
                                                   class_weight='balanced',
                                                   coef0=2, degree=5, gamma=0.1,
                                                   kernel='poly',
                                                   max_iter=1000000,
                                                   probability=True,
                                                   random_state=42)))]))], 'transform_input': None, 'verbose': False, 'Imputer': SimpleImputer(), 'Scaler': StandardScaler(), 'Selector': SelectFromModel(estimator=LinearSVC(), max_features=12), 'Classifier': Pipeline(steps=[('SVC',
                 OneVsRestClassifier(estimator=SVC(C=0.01, cache_size=500,
                                                   class_weight='balanced',
                                                   coef0=2, degree=5, gamma=0.1,
                                                   kernel='poly',
                                                   max_iter=1000000,
                                                   probability=True,
                                                   random_state=42)))]), 'Imputer__add_indicator': False, 'Imputer__copy': True, 'Imputer__fill_value': None, 'Imputer__keep_empty_features': False, 'Imputer__missing_values': nan, 'Imputer__strategy': 'mean', 'Scaler__copy': True, 'Scaler__with_mean': True, 'Scaler__with_std': True, 'Selector__estimator__C': 1.0, 'Selector__estimator__class_weight': None, 'Selector__estimator__dual': 'auto', 'Selector__estimator__fit_intercept': True, 'Selector__estimator__intercept_scaling': 1, 'Selector__estimator__loss': 'squared_hinge', 'Selector__estimator__max_iter': 1000, 'Selector__estimator__multi_class': 'ovr', 'Selector__estimator__penalty': 'l2', 'Selector__estimator__random_state': None, 'Selector__estimator__tol': 0.0001, 'Selector__estimator__verbose': 0, 'Selector__estimator': LinearSVC(), 'Selector__importance_getter': 'auto', 'Selector__max_features': 12, 'Selector__norm_order': 1, 'Selector__prefit': False, 'Selector__threshold': None, 'Classifier__memory': None, 'Classifier__steps': [('SVC', OneVsRestClassifier(estimator=SVC(C=0.01, cache_size=500,
                                  class_weight='balanced', coef0=2, degree=5,
                                  gamma=0.1, kernel='poly', max_iter=1000000,
                                  probability=True, random_state=42)))], 'Classifier__transform_input': None, 'Classifier__verbose': False, 'Classifier__SVC': OneVsRestClassifier(estimator=SVC(C=0.01, cache_size=500,
                                  class_weight='balanced', coef0=2, degree=5,
                                  gamma=0.1, kernel='poly', max_iter=1000000,
                                  probability=True, random_state=42)), 'Classifier__SVC__estimator__C': 0.01, 'Classifier__SVC__estimator__break_ties': False, 'Classifier__SVC__estimator__cache_size': 500, 'Classifier__SVC__estimator__class_weight': 'balanced', 'Classifier__SVC__estimator__coef0': 2, 'Classifier__SVC__estimator__decision_function_shape': 'ovr', 'Classifier__SVC__estimator__degree': 5, 'Classifier__SVC__estimator__gamma': 0.1, 'Classifier__SVC__estimator__kernel': 'poly', 'Classifier__SVC__estimator__max_iter': 1000000, 'Classifier__SVC__estimator__probability': True, 'Classifier__SVC__estimator__random_state': 42, 'Classifier__SVC__estimator__shrinking': True, 'Classifier__SVC__estimator__tol': 0.001, 'Classifier__SVC__estimator__verbose': False, 'Classifier__SVC__estimator': SVC(C=0.01, cache_size=500, class_weight='balanced', coef0=2, degree=5,
    gamma=0.1, kernel='poly', max_iter=1000000, probability=True,
    random_state=42), 'Classifier__SVC__n_jobs': None, 'Classifier__SVC__verbose': 0}","['MFCC Overall Standard Deviation 4' 'MFCC Overall Standard Deviation 5'
 'MFCC Overall Standard Deviation 13' 'LPC Overall Standard Deviation 7'
 'LPC Overall Standard Deviation 9' 'Compactness Overall Average'
 'Fraction Of Low Energy Windows Overall Average' 'MFCC Overall Average 6'
 'MFCC Overall Average 10' 'MFCC Overall Average 12'
 'MFCC Overall Average 13' 'LPC Overall Average 3']",,,0.7142857142857143,0.6666666666666666,0.7
11,Instrumental,False,"{'memory': None, 'steps': [('Imputer', SimpleImputer()), ('Scaler', StandardScaler()), ('Selector', SelectFromModel(estimator=LinearSVC(), max_features=14)), ('Classifier', Pipeline(steps=[('SVC',
                 OneVsRestClassifier(estimator=SVC(C=0.01, cache_size=500,
                                                   class_weight='balanced',
                                                   coef0=2, degree=5, gamma=0.1,
                                                   kernel='poly',
                                                   max_iter=1000000,
                                                   probability=True,
                                                   random_state=42)))]))], 'transform_input': None, 'verbose': False, 'Imputer': SimpleImputer(), 'Scaler': StandardScaler(), 'Selector': SelectFromModel(estimator=LinearSVC(), max_features=14), 'Classifier': Pipeline(steps=[('SVC',
                 OneVsRestClassifier(estimator=SVC(C=0.01, cache_size=500,
                                                   class_weight='balanced',
                                                   coef0=2, degree=5, gamma=0.1,
                                                   kernel='poly',
                                                   max_iter=1000000,
                                                   probability=True,
                                                   random_state=42)))]), 'Imputer__add_indicator': False, 'Imputer__copy': True, 'Imputer__fill_value': None, 'Imputer__keep_empty_features': False, 'Imputer__missing_values': nan, 'Imputer__strategy': 'mean', 'Scaler__copy': True, 'Scaler__with_mean': True, 'Scaler__with_std': True, 'Selector__estimator__C': 1.0, 'Selector__estimator__class_weight': None, 'Selector__estimator__dual': 'auto', 'Selector__estimator__fit_intercept': True, 'Selector__estimator__intercept_scaling': 1, 'Selector__estimator__loss': 'squared_hinge', 'Selector__estimator__max_iter': 1000, 'Selector__estimator__multi_class': 'ovr', 'Selector__estimator__penalty': 'l2', 'Selector__estimator__random_state': None, 'Selector__estimator__tol': 0.0001, 'Selector__estimator__verbose': 0, 'Selector__estimator': LinearSVC(), 'Selector__importance_getter': 'auto', 'Selector__max_features': 14, 'Selector__norm_order': 1, 'Selector__prefit': False, 'Selector__threshold': None, 'Classifier__memory': None, 'Classifier__steps': [('SVC', OneVsRestClassifier(estimator=SVC(C=0.01, cache_size=500,
                                  class_weight='balanced', coef0=2, degree=5,
                                  gamma=0.1, kernel='poly', max_iter=1000000,
                                  probability=True, random_state=42)))], 'Classifier__transform_input': None, 'Classifier__verbose': False, 'Classifier__SVC': OneVsRestClassifier(estimator=SVC(C=0.01, cache_size=500,
                                  class_weight='balanced', coef0=2, degree=5,
                                  gamma=0.1, kernel='poly', max_iter=1000000,
                                  probability=True, random_state=42)), 'Classifier__SVC__estimator__C': 0.01, 'Classifier__SVC__estimator__break_ties': False, 'Classifier__SVC__estimator__cache_size': 500, 'Classifier__SVC__estimator__class_weight': 'balanced', 'Classifier__SVC__estimator__coef0': 2, 'Classifier__SVC__estimator__decision_function_shape': 'ovr', 'Classifier__SVC__estimator__degree': 5, 'Classifier__SVC__estimator__gamma': 0.1, 'Classifier__SVC__estimator__kernel': 'poly', 'Classifier__SVC__estimator__max_iter': 1000000, 'Classifier__SVC__estimator__probability': True, 'Classifier__SVC__estimator__random_state': 42, 'Classifier__SVC__estimator__shrinking': True, 'Classifier__SVC__estimator__tol': 0.001, 'Classifier__SVC__estimator__verbose': False, 'Classifier__SVC__estimator': SVC(C=0.01, cache_size=500, class_weight='balanced', coef0=2, degree=5,
    gamma=0.1, kernel='poly', max_iter=1000000, probability=True,
    random_state=42), 'Classifier__SVC__n_jobs': None, 'Classifier__SVC__verbose': 0}","['MFCC Overall Standard Deviation 4' 'MFCC Overall Standard Deviation 5'
 'MFCC Overall Standard Deviation 13' 'LPC Overall Standard Deviation 7'
 'LPC Overall Standard Deviation 9' 'Compactness Overall Average'
 'Fraction Of Low Energy Windows Overall Average' 'MFCC Overall Average 3'
 'MFCC Overall Average 6' 'MFCC Overall Average 10'
 'MFCC Overall Average 12' 'MFCC Overall Average 13'
 'LPC Overall Average 3' 'Chroma feature 0']",,,0.7142857142857143,0.6666666666666666,0.8333333333333334
12,Instrumental,False,"{'memory': None, 'steps': [('Imputer', SimpleImputer()), ('Scaler', StandardScaler()), ('Selector', SelectFromModel(estimator=LinearSVC(), max_features=16)), ('Classifier', Pipeline(steps=[('SVC',
                 OneVsRestClassifier(estimator=SVC(C=0.1, cache_size=500,
                                                   class_weight='balanced',
                                                   coef0=2, gamma=0.1,
                                                   kernel='poly',
                                                   max_iter=1000000,
                                                   probability=True,
                                                   random_state=42)))]))], 'transform_input': None, 'verbose': False, 'Imputer': SimpleImputer(), 'Scaler': StandardScaler(), 'Selector': SelectFromModel(estimator=LinearSVC(), max_features=16), 'Classifier': Pipeline(steps=[('SVC',
                 OneVsRestClassifier(estimator=SVC(C=0.1, cache_size=500,
                                                   class_weight='balanced',
                                                   coef0=2, gamma=0.1,
                                                   kernel='poly',
                                                   max_iter=1000000,
                                                   probability=True,
                                                   random_state=42)))]), 'Imputer__add_indicator': False, 'Imputer__copy': True, 'Imputer__fill_value': None, 'Imputer__keep_empty_features': False, 'Imputer__missing_values': nan, 'Imputer__strategy': 'mean', 'Scaler__copy': True, 'Scaler__with_mean': True, 'Scaler__with_std': True, 'Selector__estimator__C': 1.0, 'Selector__estimator__class_weight': None, 'Selector__estimator__dual': 'auto', 'Selector__estimator__fit_intercept': True, 'Selector__estimator__intercept_scaling': 1, 'Selector__estimator__loss': 'squared_hinge', 'Selector__estimator__max_iter': 1000, 'Selector__estimator__multi_class': 'ovr', 'Selector__estimator__penalty': 'l2', 'Selector__estimator__random_state': None, 'Selector__estimator__tol': 0.0001, 'Selector__estimator__verbose': 0, 'Selector__estimator': LinearSVC(), 'Selector__importance_getter': 'auto', 'Selector__max_features': 16, 'Selector__norm_order': 1, 'Selector__prefit': False, 'Selector__threshold': None, 'Classifier__memory': None, 'Classifier__steps': [('SVC', OneVsRestClassifier(estimator=SVC(C=0.1, cache_size=500,
                                  class_weight='balanced', coef0=2, gamma=0.1,
                                  kernel='poly', max_iter=1000000,
                                  probability=True, random_state=42)))], 'Classifier__transform_input': None, 'Classifier__verbose': False, 'Classifier__SVC': OneVsRestClassifier(estimator=SVC(C=0.1, cache_size=500,
                                  class_weight='balanced', coef0=2, gamma=0.1,
                                  kernel='poly', max_iter=1000000,
                                  probability=True, random_state=42)), 'Classifier__SVC__estimator__C': 0.1, 'Classifier__SVC__estimator__break_ties': False, 'Classifier__SVC__estimator__cache_size': 500, 'Classifier__SVC__estimator__class_weight': 'balanced', 'Classifier__SVC__estimator__coef0': 2, 'Classifier__SVC__estimator__decision_function_shape': 'ovr', 'Classifier__SVC__estimator__degree': 3, 'Classifier__SVC__estimator__gamma': 0.1, 'Classifier__SVC__estimator__kernel': 'poly', 'Classifier__SVC__estimator__max_iter': 1000000, 'Classifier__SVC__estimator__probability': True, 'Classifier__SVC__estimator__random_state': 42, 'Classifier__SVC__estimator__shrinking': True, 'Classifier__SVC__estimator__tol': 0.001, 'Classifier__SVC__estimator__verbose': False, 'Classifier__SVC__estimator': SVC(C=0.1, cache_size=500, class_weight='balanced', coef0=2, gamma=0.1,
    kernel='poly', max_iter=1000000, probability=True, random_state=42), 'Classifier__SVC__n_jobs': None, 'Classifier__SVC__verbose': 0}","['MFCC Overall Standard Deviation 4' 'MFCC Overall Standard Deviation 5'
 'MFCC Overall Standard Deviation 13' 'LPC Overall Standard Deviation 7'
 'LPC Overall Standard Deviation 9' 'Compactness Overall Average'
 'Fraction Of Low Energy Windows Overall Average' 'MFCC Overall Average 3'
 'MFCC Overall Average 6' 'MFCC Overall Average 10'
 'MFCC Overall Average 12' 'MFCC Overall Average 13'
 'LPC Overall Average 3' 'Chroma feature 0' 'Chroma feature 2'
 'Chroma feature 6']",,,0.7142857142857143,0.6666666666666666,0.8333333333333334
13,Instrumental,False,"{'memory': None, 'steps': [('Imputer', SimpleImputer()), ('Scaler', StandardScaler()), ('Selector', SelectFromModel(estimator=LinearSVC(), max_features=10)), ('Classifier', Pipeline(steps=[('SVC',
                 OneVsRestClassifier(estimator=SVC(C=0.001, cache_size=500,
                                                   class_weight='balanced',
                                                   coef0=6, degree=5, gamma=0.1,
                                                   kernel='poly',
                                                   max_iter=1000000,
                                                   probability=True,
                                                   random_state=42)))]))], 'transform_input': None, 'verbose': False, 'Imputer': SimpleImputer(), 'Scaler': StandardScaler(), 'Selector': SelectFromModel(estimator=LinearSVC(), max_features=10), 'Classifier': Pipeline(steps=[('SVC',
                 OneVsRestClassifier(estimator=SVC(C=0.001, cache_size=500,
                                                   class_weight='balanced',
                                                   coef0=6, degree=5, gamma=0.1,
                                                   kernel='poly',
                                                   max_iter=1000000,
                                                   probability=True,
                                                   random_state=42)))]), 'Imputer__add_indicator': False, 'Imputer__copy': True, 'Imputer__fill_value': None, 'Imputer__keep_empty_features': False, 'Imputer__missing_values': nan, 'Imputer__strategy': 'mean', 'Scaler__copy': True, 'Scaler__with_mean': True, 'Scaler__with_std': True, 'Selector__estimator__C': 1.0, 'Selector__estimator__class_weight': None, 'Selector__estimator__dual': 'auto', 'Selector__estimator__fit_intercept': True, 'Selector__estimator__intercept_scaling': 1, 'Selector__estimator__loss': 'squared_hinge', 'Selector__estimator__max_iter': 1000, 'Selector__estimator__multi_class': 'ovr', 'Selector__estimator__penalty': 'l2', 'Selector__estimator__random_state': None, 'Selector__estimator__tol': 0.0001, 'Selector__estimator__verbose': 0, 'Selector__estimator': LinearSVC(), 'Selector__importance_getter': 'auto', 'Selector__max_features': 10, 'Selector__norm_order': 1, 'Selector__prefit': False, 'Selector__threshold': None, 'Classifier__memory': None, 'Classifier__steps': [('SVC', OneVsRestClassifier(estimator=SVC(C=0.001, cache_size=500,
                                  class_weight='balanced', coef0=6, degree=5,
                                  gamma=0.1, kernel='poly', max_iter=1000000,
                                  probability=True, random_state=42)))], 'Classifier__transform_input': None, 'Classifier__verbose': False, 'Classifier__SVC': OneVsRestClassifier(estimator=SVC(C=0.001, cache_size=500,
                                  class_weight='balanced', coef0=6, degree=5,
                                  gamma=0.1, kernel='poly', max_iter=1000000,
                                  probability=True, random_state=42)), 'Classifier__SVC__estimator__C': 0.001, 'Classifier__SVC__estimator__break_ties': False, 'Classifier__SVC__estimator__cache_size': 500, 'Classifier__SVC__estimator__class_weight': 'balanced', 'Classifier__SVC__estimator__coef0': 6, 'Classifier__SVC__estimator__decision_function_shape': 'ovr', 'Classifier__SVC__estimator__degree': 5, 'Classifier__SVC__estimator__gamma': 0.1, 'Classifier__SVC__estimator__kernel': 'poly', 'Classifier__SVC__estimator__max_iter': 1000000, 'Classifier__SVC__estimator__probability': True, 'Classifier__SVC__estimator__random_state': 42, 'Classifier__SVC__estimator__shrinking': True, 'Classifier__SVC__estimator__tol': 0.001, 'Classifier__SVC__estimator__verbose': False, 'Classifier__SVC__estimator': SVC(C=0.001, cache_size=500, class_weight='balanced', coef0=6, degree=5,
    gamma=0.1, kernel='poly', max_iter=1000000, probability=True,
    random_state=42), 'Classifier__SVC__n_jobs': None, 'Classifier__SVC__verbose': 0}","['MFCC Overall Standard Deviation 4' 'MFCC Overall Standard Deviation 13'
 'LPC Overall Standard Deviation 7' 'LPC Overall Standard Deviation 9'
 'Compactness Overall Average'
 'Fraction Of Low Energy Windows Overall Average' 'MFCC Overall Average 6'
 'MFCC Overall Average 10' 'MFCC Overall Average 12'
 'MFCC Overall Average 13']",,,0.5714285714285714,0.5,0.6
14,Instrumental,False,"{'memory': None, 'steps': [('Imputer', SimpleImputer()), ('Scaler', StandardScaler()), ('Selector', SelectFromModel(estimator=LinearSVC(), max_features=20)), ('Classifier', Pipeline(steps=[('SVC',
                 OneVsRestClassifier(estimator=SVC(C=1000, cache_size=500,
                                                   class_weight='balanced',
                                                   coef0=6, degree=5, gamma=0.1,
                                                   max_iter=1000000,
                                                   probability=True,
                                                   random_state=42)))]))], 'transform_input': None, 'verbose': False, 'Imputer': SimpleImputer(), 'Scaler': StandardScaler(), 'Selector': SelectFromModel(estimator=LinearSVC(), max_features=20), 'Classifier': Pipeline(steps=[('SVC',
                 OneVsRestClassifier(estimator=SVC(C=1000, cache_size=500,
                                                   class_weight='balanced',
                                                   coef0=6, degree=5, gamma=0.1,
                                                   max_iter=1000000,
                                                   probability=True,
                                                   random_state=42)))]), 'Imputer__add_indicator': False, 'Imputer__copy': True, 'Imputer__fill_value': None, 'Imputer__keep_empty_features': False, 'Imputer__missing_values': nan, 'Imputer__strategy': 'mean', 'Scaler__copy': True, 'Scaler__with_mean': True, 'Scaler__with_std': True, 'Selector__estimator__C': 1.0, 'Selector__estimator__class_weight': None, 'Selector__estimator__dual': 'auto', 'Selector__estimator__fit_intercept': True, 'Selector__estimator__intercept_scaling': 1, 'Selector__estimator__loss': 'squared_hinge', 'Selector__estimator__max_iter': 1000, 'Selector__estimator__multi_class': 'ovr', 'Selector__estimator__penalty': 'l2', 'Selector__estimator__random_state': None, 'Selector__estimator__tol': 0.0001, 'Selector__estimator__verbose': 0, 'Selector__estimator': LinearSVC(), 'Selector__importance_getter': 'auto', 'Selector__max_features': 20, 'Selector__norm_order': 1, 'Selector__prefit': False, 'Selector__threshold': None, 'Classifier__memory': None, 'Classifier__steps': [('SVC', OneVsRestClassifier(estimator=SVC(C=1000, cache_size=500,
                                  class_weight='balanced', coef0=6, degree=5,
                                  gamma=0.1, max_iter=1000000, probability=True,
                                  random_state=42)))], 'Classifier__transform_input': None, 'Classifier__verbose': False, 'Classifier__SVC': OneVsRestClassifier(estimator=SVC(C=1000, cache_size=500,
                                  class_weight='balanced', coef0=6, degree=5,
                                  gamma=0.1, max_iter=1000000, probability=True,
                                  random_state=42)), 'Classifier__SVC__estimator__C': 1000, 'Classifier__SVC__estimator__break_ties': False, 'Classifier__SVC__estimator__cache_size': 500, 'Classifier__SVC__estimator__class_weight': 'balanced', 'Classifier__SVC__estimator__coef0': 6, 'Classifier__SVC__estimator__decision_function_shape': 'ovr', 'Classifier__SVC__estimator__degree': 5, 'Classifier__SVC__estimator__gamma': 0.1, 'Classifier__SVC__estimator__kernel': 'rbf', 'Classifier__SVC__estimator__max_iter': 1000000, 'Classifier__SVC__estimator__probability': True, 'Classifier__SVC__estimator__random_state': 42, 'Classifier__SVC__estimator__shrinking': True, 'Classifier__SVC__estimator__tol': 0.001, 'Classifier__SVC__estimator__verbose': False, 'Classifier__SVC__estimator': SVC(C=1000, cache_size=500, class_weight='balanced', coef0=6, degree=5,
    gamma=0.1, max_iter=1000000, probability=True, random_state=42), 'Classifier__SVC__n_jobs': None, 'Classifier__SVC__verbose': 0}","['MFCC Overall Standard Deviation 4' 'MFCC Overall Standard Deviation 5'
 'MFCC Overall Standard Deviation 13' 'LPC Overall Standard Deviation 7'
 'LPC Overall Standard Deviation 9' 'Compactness Overall Average'
 'Fraction Of Low Energy Windows Overall Average' 'MFCC Overall Average 3'
 'MFCC Overall Average 5' 'MFCC Overall Average 6'
 'MFCC Overall Average 8' 'MFCC Overall Average 10'
 'MFCC Overall Average 12' 'MFCC Overall Average 13'
 'LPC Overall Average 3' 'LPC Overall Average 8' 'Chroma feature 0'
 'Chroma feature 2' 'Chroma feature 4' 'Chroma feature 6']",,,0.7142857142857143,0.6666666666666666,0.7
15,Instrumental,False,"{'memory': None, 'steps': [('Imputer', SimpleImputer()), ('Scaler', StandardScaler()), ('Selector', SelectFromModel(estimator=LinearSVC(), max_features=18)), ('Classifier', Pipeline(steps=[('SVC',
                 OneVsRestClassifier(estimator=SVC(C=0.1, cache_size=500,
                                                   class_weight='balanced',
                                                   coef0=2, degree=5, gamma=0.1,
                                                   kernel='poly',
                                                   max_iter=1000000,
                                                   probability=True,
                                                   random_state=42)))]))], 'transform_input': None, 'verbose': False, 'Imputer': SimpleImputer(), 'Scaler': StandardScaler(), 'Selector': SelectFromModel(estimator=LinearSVC(), max_features=18), 'Classifier': Pipeline(steps=[('SVC',
                 OneVsRestClassifier(estimator=SVC(C=0.1, cache_size=500,
                                                   class_weight='balanced',
                                                   coef0=2, degree=5, gamma=0.1,
                                                   kernel='poly',
                                                   max_iter=1000000,
                                                   probability=True,
                                                   random_state=42)))]), 'Imputer__add_indicator': False, 'Imputer__copy': True, 'Imputer__fill_value': None, 'Imputer__keep_empty_features': False, 'Imputer__missing_values': nan, 'Imputer__strategy': 'mean', 'Scaler__copy': True, 'Scaler__with_mean': True, 'Scaler__with_std': True, 'Selector__estimator__C': 1.0, 'Selector__estimator__class_weight': None, 'Selector__estimator__dual': 'auto', 'Selector__estimator__fit_intercept': True, 'Selector__estimator__intercept_scaling': 1, 'Selector__estimator__loss': 'squared_hinge', 'Selector__estimator__max_iter': 1000, 'Selector__estimator__multi_class': 'ovr', 'Selector__estimator__penalty': 'l2', 'Selector__estimator__random_state': None, 'Selector__estimator__tol': 0.0001, 'Selector__estimator__verbose': 0, 'Selector__estimator': LinearSVC(), 'Selector__importance_getter': 'auto', 'Selector__max_features': 18, 'Selector__norm_order': 1, 'Selector__prefit': False, 'Selector__threshold': None, 'Classifier__memory': None, 'Classifier__steps': [('SVC', OneVsRestClassifier(estimator=SVC(C=0.1, cache_size=500,
                                  class_weight='balanced', coef0=2, degree=5,
                                  gamma=0.1, kernel='poly', max_iter=1000000,
                                  probability=True, random_state=42)))], 'Classifier__transform_input': None, 'Classifier__verbose': False, 'Classifier__SVC': OneVsRestClassifier(estimator=SVC(C=0.1, cache_size=500,
                                  class_weight='balanced', coef0=2, degree=5,
                                  gamma=0.1, kernel='poly', max_iter=1000000,
                                  probability=True, random_state=42)), 'Classifier__SVC__estimator__C': 0.1, 'Classifier__SVC__estimator__break_ties': False, 'Classifier__SVC__estimator__cache_size': 500, 'Classifier__SVC__estimator__class_weight': 'balanced', 'Classifier__SVC__estimator__coef0': 2, 'Classifier__SVC__estimator__decision_function_shape': 'ovr', 'Classifier__SVC__estimator__degree': 5, 'Classifier__SVC__estimator__gamma': 0.1, 'Classifier__SVC__estimator__kernel': 'poly', 'Classifier__SVC__estimator__max_iter': 1000000, 'Classifier__SVC__estimator__probability': True, 'Classifier__SVC__estimator__random_state': 42, 'Classifier__SVC__estimator__shrinking': True, 'Classifier__SVC__estimator__tol': 0.001, 'Classifier__SVC__estimator__verbose': False, 'Classifier__SVC__estimator': SVC(C=0.1, cache_size=500, class_weight='balanced', coef0=2, degree=5,
    gamma=0.1, kernel='poly', max_iter=1000000, probability=True,
    random_state=42), 'Classifier__SVC__n_jobs': None, 'Classifier__SVC__verbose': 0}","['MFCC Overall Standard Deviation 4' 'MFCC Overall Standard Deviation 5'
 'MFCC Overall Standard Deviation 13' 'LPC Overall Standard Deviation 7'
 'LPC Overall Standard Deviation 9' 'Compactness Overall Average'
 'Fraction Of Low Energy Windows Overall Average' 'MFCC Overall Average 3'
 'MFCC Overall Average 5' 'MFCC Overall Average 6'
 'MFCC Overall Average 8' 'MFCC Overall Average 10'
 'MFCC Overall Average 12' 'MFCC Overall Average 13'
 'LPC Overall Average 3' 'Chroma feature 0' 'Chroma feature 2'
 'Chroma feature 6']",,,0.7142857142857143,0.6666666666666666,0.7
16,Instrumental,False,"{'memory': None, 'steps': [('Imputer', SimpleImputer()), ('Scaler', StandardScaler()), ('Selector', SelectFromModel(estimator=LinearSVC(), max_features=20)), ('Classifier', Pipeline(steps=[('SVC',
                 OneVsRestClassifier(estimator=SVC(C=10, cache_size=500,
                                                   class_weight='balanced',
                                                   coef0=2, degree=5, gamma=0.1,
                                                   max_iter=1000000,
                                                   probability=True,
                                                   random_state=42)))]))], 'transform_input': None, 'verbose': False, 'Imputer': SimpleImputer(), 'Scaler': StandardScaler(), 'Selector': SelectFromModel(estimator=LinearSVC(), max_features=20), 'Classifier': Pipeline(steps=[('SVC',
                 OneVsRestClassifier(estimator=SVC(C=10, cache_size=500,
                                                   class_weight='balanced',
                                                   coef0=2, degree=5, gamma=0.1,
                                                   max_iter=1000000,
                                                   probability=True,
                                                   random_state=42)))]), 'Imputer__add_indicator': False, 'Imputer__copy': True, 'Imputer__fill_value': None, 'Imputer__keep_empty_features': False, 'Imputer__missing_values': nan, 'Imputer__strategy': 'mean', 'Scaler__copy': True, 'Scaler__with_mean': True, 'Scaler__with_std': True, 'Selector__estimator__C': 1.0, 'Selector__estimator__class_weight': None, 'Selector__estimator__dual': 'auto', 'Selector__estimator__fit_intercept': True, 'Selector__estimator__intercept_scaling': 1, 'Selector__estimator__loss': 'squared_hinge', 'Selector__estimator__max_iter': 1000, 'Selector__estimator__multi_class': 'ovr', 'Selector__estimator__penalty': 'l2', 'Selector__estimator__random_state': None, 'Selector__estimator__tol': 0.0001, 'Selector__estimator__verbose': 0, 'Selector__estimator': LinearSVC(), 'Selector__importance_getter': 'auto', 'Selector__max_features': 20, 'Selector__norm_order': 1, 'Selector__prefit': False, 'Selector__threshold': None, 'Classifier__memory': None, 'Classifier__steps': [('SVC', OneVsRestClassifier(estimator=SVC(C=10, cache_size=500, class_weight='balanced',
                                  coef0=2, degree=5, gamma=0.1,
                                  max_iter=1000000, probability=True,
                                  random_state=42)))], 'Classifier__transform_input': None, 'Classifier__verbose': False, 'Classifier__SVC': OneVsRestClassifier(estimator=SVC(C=10, cache_size=500, class_weight='balanced',
                                  coef0=2, degree=5, gamma=0.1,
                                  max_iter=1000000, probability=True,
                                  random_state=42)), 'Classifier__SVC__estimator__C': 10, 'Classifier__SVC__estimator__break_ties': False, 'Classifier__SVC__estimator__cache_size': 500, 'Classifier__SVC__estimator__class_weight': 'balanced', 'Classifier__SVC__estimator__coef0': 2, 'Classifier__SVC__estimator__decision_function_shape': 'ovr', 'Classifier__SVC__estimator__degree': 5, 'Classifier__SVC__estimator__gamma': 0.1, 'Classifier__SVC__estimator__kernel': 'rbf', 'Classifier__SVC__estimator__max_iter': 1000000, 'Classifier__SVC__estimator__probability': True, 'Classifier__SVC__estimator__random_state': 42, 'Classifier__SVC__estimator__shrinking': True, 'Classifier__SVC__estimator__tol': 0.001, 'Classifier__SVC__estimator__verbose': False, 'Classifier__SVC__estimator': SVC(C=10, cache_size=500, class_weight='balanced', coef0=2, degree=5, gamma=0.1,
    max_iter=1000000, probability=True, random_state=42), 'Classifier__SVC__n_jobs': None, 'Classifier__SVC__verbose': 0}","['MFCC Overall Standard Deviation 4' 'MFCC Overall Standard Deviation 5'
 'MFCC Overall Standard Deviation 13' 'LPC Overall Standard Deviation 7'
 'LPC Overall Standard Deviation 9' 'Compactness Overall Average'
 'Fraction Of Low Energy Windows Overall Average' 'MFCC Overall Average 3'
 'MFCC Overall Average 5' 'MFCC Overall Average 6'
 'MFCC Overall Average 8' 'MFCC Overall Average 10'
 'MFCC Overall Average 12' 'MFCC Overall Average 13'
 'LPC Overall Average 3' 'LPC Overall Average 8' 'Chroma feature 0'
 'Chroma feature 2' 'Chroma feature 4' 'Chroma feature 6']",,,0.7142857142857143,0.6666666666666666,0.7
17,Instrumental,False,"{'memory': None, 'steps': [('Imputer', SimpleImputer()), ('Scaler', StandardScaler()), ('Selector', SelectFromModel(estimator=LinearSVC(), max_features=16)), ('Classifier', Pipeline(steps=[('SVC',
                 OneVsRestClassifier(estimator=SVC(C=0.1, cache_size=500,
                                                   class_weight='balanced',
                                                   coef0=4, degree=5, gamma=0.1,
                                                   kernel='poly',
                                                   max_iter=1000000,
                                                   probability=True,
                                                   random_state=42)))]))], 'transform_input': None, 'verbose': False, 'Imputer': SimpleImputer(), 'Scaler': StandardScaler(), 'Selector': SelectFromModel(estimator=LinearSVC(), max_features=16), 'Classifier': Pipeline(steps=[('SVC',
                 OneVsRestClassifier(estimator=SVC(C=0.1, cache_size=500,
                                                   class_weight='balanced',
                                                   coef0=4, degree=5, gamma=0.1,
                                                   kernel='poly',
                                                   max_iter=1000000,
                                                   probability=True,
                                                   random_state=42)))]), 'Imputer__add_indicator': False, 'Imputer__copy': True, 'Imputer__fill_value': None, 'Imputer__keep_empty_features': False, 'Imputer__missing_values': nan, 'Imputer__strategy': 'mean', 'Scaler__copy': True, 'Scaler__with_mean': True, 'Scaler__with_std': True, 'Selector__estimator__C': 1.0, 'Selector__estimator__class_weight': None, 'Selector__estimator__dual': 'auto', 'Selector__estimator__fit_intercept': True, 'Selector__estimator__intercept_scaling': 1, 'Selector__estimator__loss': 'squared_hinge', 'Selector__estimator__max_iter': 1000, 'Selector__estimator__multi_class': 'ovr', 'Selector__estimator__penalty': 'l2', 'Selector__estimator__random_state': None, 'Selector__estimator__tol': 0.0001, 'Selector__estimator__verbose': 0, 'Selector__estimator': LinearSVC(), 'Selector__importance_getter': 'auto', 'Selector__max_features': 16, 'Selector__norm_order': 1, 'Selector__prefit': False, 'Selector__threshold': None, 'Classifier__memory': None, 'Classifier__steps': [('SVC', OneVsRestClassifier(estimator=SVC(C=0.1, cache_size=500,
                                  class_weight='balanced', coef0=4, degree=5,
                                  gamma=0.1, kernel='poly', max_iter=1000000,
                                  probability=True, random_state=42)))], 'Classifier__transform_input': None, 'Classifier__verbose': False, 'Classifier__SVC': OneVsRestClassifier(estimator=SVC(C=0.1, cache_size=500,
                                  class_weight='balanced', coef0=4, degree=5,
                                  gamma=0.1, kernel='poly', max_iter=1000000,
                                  probability=True, random_state=42)), 'Classifier__SVC__estimator__C': 0.1, 'Classifier__SVC__estimator__break_ties': False, 'Classifier__SVC__estimator__cache_size': 500, 'Classifier__SVC__estimator__class_weight': 'balanced', 'Classifier__SVC__estimator__coef0': 4, 'Classifier__SVC__estimator__decision_function_shape': 'ovr', 'Classifier__SVC__estimator__degree': 5, 'Classifier__SVC__estimator__gamma': 0.1, 'Classifier__SVC__estimator__kernel': 'poly', 'Classifier__SVC__estimator__max_iter': 1000000, 'Classifier__SVC__estimator__probability': True, 'Classifier__SVC__estimator__random_state': 42, 'Classifier__SVC__estimator__shrinking': True, 'Classifier__SVC__estimator__tol': 0.001, 'Classifier__SVC__estimator__verbose': False, 'Classifier__SVC__estimator': SVC(C=0.1, cache_size=500, class_weight='balanced', coef0=4, degree=5,
    gamma=0.1, kernel='poly', max_iter=1000000, probability=True,
    random_state=42), 'Classifier__SVC__n_jobs': None, 'Classifier__SVC__verbose': 0}","['MFCC Overall Standard Deviation 4' 'MFCC Overall Standard Deviation 5'
 'MFCC Overall Standard Deviation 13' 'LPC Overall Standard Deviation 7'
 'LPC Overall Standard Deviation 9' 'Compactness Overall Average'
 'Fraction Of Low Energy Windows Overall Average' 'MFCC Overall Average 3'
 'MFCC Overall Average 6' 'MFCC Overall Average 10'
 'MFCC Overall Average 12' 'MFCC Overall Average 13'
 'LPC Overall Average 3' 'Chroma feature 0' 'Chroma feature 2'
 'Chroma feature 6']",,,0.7142857142857143,0.6666666666666666,0.8333333333333334
18,Instrumental,False,"{'memory': None, 'steps': [('Imputer', SimpleImputer()), ('Scaler', StandardScaler()), ('Selector', SelectFromModel(estimator=LinearSVC(), max_features=16)), ('Classifier', Pipeline(steps=[('SVC',
                 OneVsRestClassifier(estimator=SVC(C=0.01, cache_size=500,
                                                   class_weight='balanced',
                                                   coef0=4, degree=5, gamma=0.1,
                                                   kernel='poly',
                                                   max_iter=1000000,
                                                   probability=True,
                                                   random_state=42)))]))], 'transform_input': None, 'verbose': False, 'Imputer': SimpleImputer(), 'Scaler': StandardScaler(), 'Selector': SelectFromModel(estimator=LinearSVC(), max_features=16), 'Classifier': Pipeline(steps=[('SVC',
                 OneVsRestClassifier(estimator=SVC(C=0.01, cache_size=500,
                                                   class_weight='balanced',
                                                   coef0=4, degree=5, gamma=0.1,
                                                   kernel='poly',
                                                   max_iter=1000000,
                                                   probability=True,
                                                   random_state=42)))]), 'Imputer__add_indicator': False, 'Imputer__copy': True, 'Imputer__fill_value': None, 'Imputer__keep_empty_features': False, 'Imputer__missing_values': nan, 'Imputer__strategy': 'mean', 'Scaler__copy': True, 'Scaler__with_mean': True, 'Scaler__with_std': True, 'Selector__estimator__C': 1.0, 'Selector__estimator__class_weight': None, 'Selector__estimator__dual': 'auto', 'Selector__estimator__fit_intercept': True, 'Selector__estimator__intercept_scaling': 1, 'Selector__estimator__loss': 'squared_hinge', 'Selector__estimator__max_iter': 1000, 'Selector__estimator__multi_class': 'ovr', 'Selector__estimator__penalty': 'l2', 'Selector__estimator__random_state': None, 'Selector__estimator__tol': 0.0001, 'Selector__estimator__verbose': 0, 'Selector__estimator': LinearSVC(), 'Selector__importance_getter': 'auto', 'Selector__max_features': 16, 'Selector__norm_order': 1, 'Selector__prefit': False, 'Selector__threshold': None, 'Classifier__memory': None, 'Classifier__steps': [('SVC', OneVsRestClassifier(estimator=SVC(C=0.01, cache_size=500,
                                  class_weight='balanced', coef0=4, degree=5,
                                  gamma=0.1, kernel='poly', max_iter=1000000,
                                  probability=True, random_state=42)))], 'Classifier__transform_input': None, 'Classifier__verbose': False, 'Classifier__SVC': OneVsRestClassifier(estimator=SVC(C=0.01, cache_size=500,
                                  class_weight='balanced', coef0=4, degree=5,
                                  gamma=0.1, kernel='poly', max_iter=1000000,
                                  probability=True, random_state=42)), 'Classifier__SVC__estimator__C': 0.01, 'Classifier__SVC__estimator__break_ties': False, 'Classifier__SVC__estimator__cache_size': 500, 'Classifier__SVC__estimator__class_weight': 'balanced', 'Classifier__SVC__estimator__coef0': 4, 'Classifier__SVC__estimator__decision_function_shape': 'ovr', 'Classifier__SVC__estimator__degree': 5, 'Classifier__SVC__estimator__gamma': 0.1, 'Classifier__SVC__estimator__kernel': 'poly', 'Classifier__SVC__estimator__max_iter': 1000000, 'Classifier__SVC__estimator__probability': True, 'Classifier__SVC__estimator__random_state': 42, 'Classifier__SVC__estimator__shrinking': True, 'Classifier__SVC__estimator__tol': 0.001, 'Classifier__SVC__estimator__verbose': False, 'Classifier__SVC__estimator': SVC(C=0.01, cache_size=500, class_weight='balanced', coef0=4, degree=5,
    gamma=0.1, kernel='poly', max_iter=1000000, probability=True,
    random_state=42), 'Classifier__SVC__n_jobs': None, 'Classifier__SVC__verbose': 0}","['MFCC Overall Standard Deviation 4' 'MFCC Overall Standard Deviation 5'
 'MFCC Overall Standard Deviation 13' 'LPC Overall Standard Deviation 7'
 'LPC Overall Standard Deviation 9' 'Compactness Overall Average'
 'Fraction Of Low Energy Windows Overall Average' 'MFCC Overall Average 3'
 'MFCC Overall Average 6' 'MFCC Overall Average 10'
 'MFCC Overall Average 12' 'MFCC Overall Average 13'
 'LPC Overall Average 3' 'Chroma feature 0' 'Chroma feature 2'
 'Chroma feature 6']",,,0.7142857142857143,0.6666666666666666,0.8333333333333334
19,Instrumental,False,"{'memory': None, 'steps': [('Imputer', SimpleImputer()), ('Scaler', StandardScaler()), ('Selector', SelectFromModel(estimator=LinearSVC(), max_features=8)), ('Classifier', Pipeline(steps=[('SVC',
                 OneVsRestClassifier(estimator=SVC(C=0.01, cache_size=500,
                                                   class_weight='balanced',
                                                   coef0=4, degree=5, gamma=0.1,
                                                   kernel='poly',
                                                   max_iter=1000000,
                                                   probability=True,
                                                   random_state=42)))]))], 'transform_input': None, 'verbose': False, 'Imputer': SimpleImputer(), 'Scaler': StandardScaler(), 'Selector': SelectFromModel(estimator=LinearSVC(), max_features=8), 'Classifier': Pipeline(steps=[('SVC',
                 OneVsRestClassifier(estimator=SVC(C=0.01, cache_size=500,
                                                   class_weight='balanced',
                                                   coef0=4, degree=5, gamma=0.1,
                                                   kernel='poly',
                                                   max_iter=1000000,
                                                   probability=True,
                                                   random_state=42)))]), 'Imputer__add_indicator': False, 'Imputer__copy': True, 'Imputer__fill_value': None, 'Imputer__keep_empty_features': False, 'Imputer__missing_values': nan, 'Imputer__strategy': 'mean', 'Scaler__copy': True, 'Scaler__with_mean': True, 'Scaler__with_std': True, 'Selector__estimator__C': 1.0, 'Selector__estimator__class_weight': None, 'Selector__estimator__dual': 'auto', 'Selector__estimator__fit_intercept': True, 'Selector__estimator__intercept_scaling': 1, 'Selector__estimator__loss': 'squared_hinge', 'Selector__estimator__max_iter': 1000, 'Selector__estimator__multi_class': 'ovr', 'Selector__estimator__penalty': 'l2', 'Selector__estimator__random_state': None, 'Selector__estimator__tol': 0.0001, 'Selector__estimator__verbose': 0, 'Selector__estimator': LinearSVC(), 'Selector__importance_getter': 'auto', 'Selector__max_features': 8, 'Selector__norm_order': 1, 'Selector__prefit': False, 'Selector__threshold': None, 'Classifier__memory': None, 'Classifier__steps': [('SVC', OneVsRestClassifier(estimator=SVC(C=0.01, cache_size=500,
                                  class_weight='balanced', coef0=4, degree=5,
                                  gamma=0.1, kernel='poly', max_iter=1000000,
                                  probability=True, random_state=42)))], 'Classifier__transform_input': None, 'Classifier__verbose': False, 'Classifier__SVC': OneVsRestClassifier(estimator=SVC(C=0.01, cache_size=500,
                                  class_weight='balanced', coef0=4, degree=5,
                                  gamma=0.1, kernel='poly', max_iter=1000000,
                                  probability=True, random_state=42)), 'Classifier__SVC__estimator__C': 0.01, 'Classifier__SVC__estimator__break_ties': False, 'Classifier__SVC__estimator__cache_size': 500, 'Classifier__SVC__estimator__class_weight': 'balanced', 'Classifier__SVC__estimator__coef0': 4, 'Classifier__SVC__estimator__decision_function_shape': 'ovr', 'Classifier__SVC__estimator__degree': 5, 'Classifier__SVC__estimator__gamma': 0.1, 'Classifier__SVC__estimator__kernel': 'poly', 'Classifier__SVC__estimator__max_iter': 1000000, 'Classifier__SVC__estimator__probability': True, 'Classifier__SVC__estimator__random_state': 42, 'Classifier__SVC__estimator__shrinking': True, 'Classifier__SVC__estimator__tol': 0.001, 'Classifier__SVC__estimator__verbose': False, 'Classifier__SVC__estimator': SVC(C=0.01, cache_size=500, class_weight='balanced', coef0=4, degree=5,
    gamma=0.1, kernel='poly', max_iter=1000000, probability=True,
    random_state=42), 'Classifier__SVC__n_jobs': None, 'Classifier__SVC__verbose': 0}","['MFCC Overall Standard Deviation 4' 'LPC Overall Standard Deviation 7'
 'LPC Overall Standard Deviation 9' 'Compactness Overall Average'
 'Fraction Of Low Energy Windows Overall Average' 'MFCC Overall Average 6'
 'MFCC Overall Average 10' 'MFCC Overall Average 12']",,,0.7142857142857143,0.6666666666666666,0.7
20,Mixed,False,"{'memory': None, 'steps': [('Imputer', SimpleImputer()), ('Scaler', StandardScaler()), ('Selector', SelectFromModel(estimator=LinearSVC(), max_features=18)), ('Classifier', Pipeline(steps=[('SVC',
                 OneVsRestClassifier(estimator=SVC(C=10, cache_size=500,
                                                   class_weight='balanced',
                                                   coef0=4, degree=5,
                                                   gamma=0.01, max_iter=1000000,
                                                   probability=True,
                                                   random_state=42)))]))], 'transform_input': None, 'verbose': False, 'Imputer': SimpleImputer(), 'Scaler': StandardScaler(), 'Selector': SelectFromModel(estimator=LinearSVC(), max_features=18), 'Classifier': Pipeline(steps=[('SVC',
                 OneVsRestClassifier(estimator=SVC(C=10, cache_size=500,
                                                   class_weight='balanced',
                                                   coef0=4, degree=5,
                                                   gamma=0.01, max_iter=1000000,
                                                   probability=True,
                                                   random_state=42)))]), 'Imputer__add_indicator': False, 'Imputer__copy': True, 'Imputer__fill_value': None, 'Imputer__keep_empty_features': False, 'Imputer__missing_values': nan, 'Imputer__strategy': 'mean', 'Scaler__copy': True, 'Scaler__with_mean': True, 'Scaler__with_std': True, 'Selector__estimator__C': 1.0, 'Selector__estimator__class_weight': None, 'Selector__estimator__dual': 'auto', 'Selector__estimator__fit_intercept': True, 'Selector__estimator__intercept_scaling': 1, 'Selector__estimator__loss': 'squared_hinge', 'Selector__estimator__max_iter': 1000, 'Selector__estimator__multi_class': 'ovr', 'Selector__estimator__penalty': 'l2', 'Selector__estimator__random_state': None, 'Selector__estimator__tol': 0.0001, 'Selector__estimator__verbose': 0, 'Selector__estimator': LinearSVC(), 'Selector__importance_getter': 'auto', 'Selector__max_features': 18, 'Selector__norm_order': 1, 'Selector__prefit': False, 'Selector__threshold': None, 'Classifier__memory': None, 'Classifier__steps': [('SVC', OneVsRestClassifier(estimator=SVC(C=10, cache_size=500, class_weight='balanced',
                                  coef0=4, degree=5, gamma=0.01,
                                  max_iter=1000000, probability=True,
                                  random_state=42)))], 'Classifier__transform_input': None, 'Classifier__verbose': False, 'Classifier__SVC': OneVsRestClassifier(estimator=SVC(C=10, cache_size=500, class_weight='balanced',
                                  coef0=4, degree=5, gamma=0.01,
                                  max_iter=1000000, probability=True,
                                  random_state=42)), 'Classifier__SVC__estimator__C': 10, 'Classifier__SVC__estimator__break_ties': False, 'Classifier__SVC__estimator__cache_size': 500, 'Classifier__SVC__estimator__class_weight': 'balanced', 'Classifier__SVC__estimator__coef0': 4, 'Classifier__SVC__estimator__decision_function_shape': 'ovr', 'Classifier__SVC__estimator__degree': 5, 'Classifier__SVC__estimator__gamma': 0.01, 'Classifier__SVC__estimator__kernel': 'rbf', 'Classifier__SVC__estimator__max_iter': 1000000, 'Classifier__SVC__estimator__probability': True, 'Classifier__SVC__estimator__random_state': 42, 'Classifier__SVC__estimator__shrinking': True, 'Classifier__SVC__estimator__tol': 0.001, 'Classifier__SVC__estimator__verbose': False, 'Classifier__SVC__estimator': SVC(C=10, cache_size=500, class_weight='balanced', coef0=4, degree=5,
    gamma=0.01, max_iter=1000000, probability=True, random_state=42), 'Classifier__SVC__n_jobs': None, 'Classifier__SVC__verbose': 0}","['MFCC Overall Standard Deviation 6' 'MFCC Overall Standard Deviation 10'
 'MFCC Overall Standard Deviation 12' 'MFCC Overall Standard Deviation 13'
 'LPC Overall Standard Deviation 8' 'LPC Overall Standard Deviation 9'
 'Method of Moments Overall Standard Deviation 2'
 'Compactness Overall Average' 'MFCC Overall Average 3'
 'MFCC Overall Average 6' 'MFCC Overall Average 7'
 'MFCC Overall Average 9' 'MFCC Overall Average 10'
 'LPC Overall Average 2' 'LPC Overall Average 4' 'LPC Overall Average 9'
 'Chroma feature 0' 'Chroma feature 7']",,,1.0,1.0,1.0
21,Mixed,False,"{'memory': None, 'steps': [('Imputer', SimpleImputer()), ('Scaler', StandardScaler()), ('Selector', SelectFromModel(estimator=LinearSVC(), max_features=20)), ('Classifier', Pipeline(steps=[('SVC',
                 OneVsRestClassifier(estimator=SVC(C=10, cache_size=500,
                                                   class_weight='balanced',
                                                   coef0=4, degree=5,
                                                   gamma=0.01, max_iter=1000000,
                                                   probability=True,
                                                   random_state=42)))]))], 'transform_input': None, 'verbose': False, 'Imputer': SimpleImputer(), 'Scaler': StandardScaler(), 'Selector': SelectFromModel(estimator=LinearSVC(), max_features=20), 'Classifier': Pipeline(steps=[('SVC',
                 OneVsRestClassifier(estimator=SVC(C=10, cache_size=500,
                                                   class_weight='balanced',
                                                   coef0=4, degree=5,
                                                   gamma=0.01, max_iter=1000000,
                                                   probability=True,
                                                   random_state=42)))]), 'Imputer__add_indicator': False, 'Imputer__copy': True, 'Imputer__fill_value': None, 'Imputer__keep_empty_features': False, 'Imputer__missing_values': nan, 'Imputer__strategy': 'mean', 'Scaler__copy': True, 'Scaler__with_mean': True, 'Scaler__with_std': True, 'Selector__estimator__C': 1.0, 'Selector__estimator__class_weight': None, 'Selector__estimator__dual': 'auto', 'Selector__estimator__fit_intercept': True, 'Selector__estimator__intercept_scaling': 1, 'Selector__estimator__loss': 'squared_hinge', 'Selector__estimator__max_iter': 1000, 'Selector__estimator__multi_class': 'ovr', 'Selector__estimator__penalty': 'l2', 'Selector__estimator__random_state': None, 'Selector__estimator__tol': 0.0001, 'Selector__estimator__verbose': 0, 'Selector__estimator': LinearSVC(), 'Selector__importance_getter': 'auto', 'Selector__max_features': 20, 'Selector__norm_order': 1, 'Selector__prefit': False, 'Selector__threshold': None, 'Classifier__memory': None, 'Classifier__steps': [('SVC', OneVsRestClassifier(estimator=SVC(C=10, cache_size=500, class_weight='balanced',
                                  coef0=4, degree=5, gamma=0.01,
                                  max_iter=1000000, probability=True,
                                  random_state=42)))], 'Classifier__transform_input': None, 'Classifier__verbose': False, 'Classifier__SVC': OneVsRestClassifier(estimator=SVC(C=10, cache_size=500, class_weight='balanced',
                                  coef0=4, degree=5, gamma=0.01,
                                  max_iter=1000000, probability=True,
                                  random_state=42)), 'Classifier__SVC__estimator__C': 10, 'Classifier__SVC__estimator__break_ties': False, 'Classifier__SVC__estimator__cache_size': 500, 'Classifier__SVC__estimator__class_weight': 'balanced', 'Classifier__SVC__estimator__coef0': 4, 'Classifier__SVC__estimator__decision_function_shape': 'ovr', 'Classifier__SVC__estimator__degree': 5, 'Classifier__SVC__estimator__gamma': 0.01, 'Classifier__SVC__estimator__kernel': 'rbf', 'Classifier__SVC__estimator__max_iter': 1000000, 'Classifier__SVC__estimator__probability': True, 'Classifier__SVC__estimator__random_state': 42, 'Classifier__SVC__estimator__shrinking': True, 'Classifier__SVC__estimator__tol': 0.001, 'Classifier__SVC__estimator__verbose': False, 'Classifier__SVC__estimator': SVC(C=10, cache_size=500, class_weight='balanced', coef0=4, degree=5,
    gamma=0.01, max_iter=1000000, probability=True, random_state=42), 'Classifier__SVC__n_jobs': None, 'Classifier__SVC__verbose': 0}","['MFCC Overall Standard Deviation 6' 'MFCC Overall Standard Deviation 9'
 'MFCC Overall Standard Deviation 10' 'MFCC Overall Standard Deviation 12'
 'MFCC Overall Standard Deviation 13' 'LPC Overall Standard Deviation 8'
 'LPC Overall Standard Deviation 9'
 'Method of Moments Overall Standard Deviation 1'
 'Method of Moments Overall Standard Deviation 2'
 'Compactness Overall Average' 'MFCC Overall Average 3'
 'MFCC Overall Average 6' 'MFCC Overall Average 7'
 'MFCC Overall Average 9' 'MFCC Overall Average 10'
 'LPC Overall Average 2' 'LPC Overall Average 4' 'LPC Overall Average 9'
 'Chroma feature 0' 'Chroma feature 7']",,,1.0,1.0,1.0
22,Mixed,False,"{'memory': None, 'steps': [('Imputer', SimpleImputer()), ('Scaler', StandardScaler()), ('Selector', SelectFromModel(estimator=LinearSVC(), max_features=24)), ('Classifier', Pipeline(steps=[('SVC',
                 OneVsRestClassifier(estimator=SVC(C=10, cache_size=500,
                                                   class_weight='balanced',
                                                   coef0=4, degree=5,
                                                   gamma=0.001,
                                                   max_iter=1000000,
                                                   probability=True,
                                                   random_state=42)))]))], 'transform_input': None, 'verbose': False, 'Imputer': SimpleImputer(), 'Scaler': StandardScaler(), 'Selector': SelectFromModel(estimator=LinearSVC(), max_features=24), 'Classifier': Pipeline(steps=[('SVC',
                 OneVsRestClassifier(estimator=SVC(C=10, cache_size=500,
                                                   class_weight='balanced',
                                                   coef0=4, degree=5,
                                                   gamma=0.001,
                                                   max_iter=1000000,
                                                   probability=True,
                                                   random_state=42)))]), 'Imputer__add_indicator': False, 'Imputer__copy': True, 'Imputer__fill_value': None, 'Imputer__keep_empty_features': False, 'Imputer__missing_values': nan, 'Imputer__strategy': 'mean', 'Scaler__copy': True, 'Scaler__with_mean': True, 'Scaler__with_std': True, 'Selector__estimator__C': 1.0, 'Selector__estimator__class_weight': None, 'Selector__estimator__dual': 'auto', 'Selector__estimator__fit_intercept': True, 'Selector__estimator__intercept_scaling': 1, 'Selector__estimator__loss': 'squared_hinge', 'Selector__estimator__max_iter': 1000, 'Selector__estimator__multi_class': 'ovr', 'Selector__estimator__penalty': 'l2', 'Selector__estimator__random_state': None, 'Selector__estimator__tol': 0.0001, 'Selector__estimator__verbose': 0, 'Selector__estimator': LinearSVC(), 'Selector__importance_getter': 'auto', 'Selector__max_features': 24, 'Selector__norm_order': 1, 'Selector__prefit': False, 'Selector__threshold': None, 'Classifier__memory': None, 'Classifier__steps': [('SVC', OneVsRestClassifier(estimator=SVC(C=10, cache_size=500, class_weight='balanced',
                                  coef0=4, degree=5, gamma=0.001,
                                  max_iter=1000000, probability=True,
                                  random_state=42)))], 'Classifier__transform_input': None, 'Classifier__verbose': False, 'Classifier__SVC': OneVsRestClassifier(estimator=SVC(C=10, cache_size=500, class_weight='balanced',
                                  coef0=4, degree=5, gamma=0.001,
                                  max_iter=1000000, probability=True,
                                  random_state=42)), 'Classifier__SVC__estimator__C': 10, 'Classifier__SVC__estimator__break_ties': False, 'Classifier__SVC__estimator__cache_size': 500, 'Classifier__SVC__estimator__class_weight': 'balanced', 'Classifier__SVC__estimator__coef0': 4, 'Classifier__SVC__estimator__decision_function_shape': 'ovr', 'Classifier__SVC__estimator__degree': 5, 'Classifier__SVC__estimator__gamma': 0.001, 'Classifier__SVC__estimator__kernel': 'rbf', 'Classifier__SVC__estimator__max_iter': 1000000, 'Classifier__SVC__estimator__probability': True, 'Classifier__SVC__estimator__random_state': 42, 'Classifier__SVC__estimator__shrinking': True, 'Classifier__SVC__estimator__tol': 0.001, 'Classifier__SVC__estimator__verbose': False, 'Classifier__SVC__estimator': SVC(C=10, cache_size=500, class_weight='balanced', coef0=4, degree=5,
    gamma=0.001, max_iter=1000000, probability=True, random_state=42), 'Classifier__SVC__n_jobs': None, 'Classifier__SVC__verbose': 0}","['MFCC Overall Standard Deviation 6' 'MFCC Overall Standard Deviation 9'
 'MFCC Overall Standard Deviation 10' 'MFCC Overall Standard Deviation 12'
 'MFCC Overall Standard Deviation 13' 'LPC Overall Standard Deviation 8'
 'LPC Overall Standard Deviation 9'
 'Method of Moments Overall Standard Deviation 1'
 'Method of Moments Overall Standard Deviation 2'
 'Compactness Overall Average' 'MFCC Overall Average 3'
 'MFCC Overall Average 6' 'MFCC Overall Average 7'
 'MFCC Overall Average 8' 'MFCC Overall Average 9'
 'MFCC Overall Average 10' 'MFCC Overall Average 11'
 'MFCC Overall Average 12' 'LPC Overall Average 2' 'LPC Overall Average 4'
 'LPC Overall Average 9' 'Chroma feature 0' 'Chroma feature 7'
 'Chroma feature 8']",,,1.0,1.0,1.0
23,Mixed,False,"{'memory': None, 'steps': [('Imputer', SimpleImputer()), ('Scaler', StandardScaler()), ('Selector', SelectFromModel(estimator=LinearSVC(), max_features=24)), ('Classifier', Pipeline(steps=[('SVC',
                 OneVsRestClassifier(estimator=SVC(C=100, cache_size=500,
                                                   class_weight='balanced',
                                                   coef0=4, degree=5,
                                                   gamma=0.0001,
                                                   max_iter=1000000,
                                                   probability=True,
                                                   random_state=42)))]))], 'transform_input': None, 'verbose': False, 'Imputer': SimpleImputer(), 'Scaler': StandardScaler(), 'Selector': SelectFromModel(estimator=LinearSVC(), max_features=24), 'Classifier': Pipeline(steps=[('SVC',
                 OneVsRestClassifier(estimator=SVC(C=100, cache_size=500,
                                                   class_weight='balanced',
                                                   coef0=4, degree=5,
                                                   gamma=0.0001,
                                                   max_iter=1000000,
                                                   probability=True,
                                                   random_state=42)))]), 'Imputer__add_indicator': False, 'Imputer__copy': True, 'Imputer__fill_value': None, 'Imputer__keep_empty_features': False, 'Imputer__missing_values': nan, 'Imputer__strategy': 'mean', 'Scaler__copy': True, 'Scaler__with_mean': True, 'Scaler__with_std': True, 'Selector__estimator__C': 1.0, 'Selector__estimator__class_weight': None, 'Selector__estimator__dual': 'auto', 'Selector__estimator__fit_intercept': True, 'Selector__estimator__intercept_scaling': 1, 'Selector__estimator__loss': 'squared_hinge', 'Selector__estimator__max_iter': 1000, 'Selector__estimator__multi_class': 'ovr', 'Selector__estimator__penalty': 'l2', 'Selector__estimator__random_state': None, 'Selector__estimator__tol': 0.0001, 'Selector__estimator__verbose': 0, 'Selector__estimator': LinearSVC(), 'Selector__importance_getter': 'auto', 'Selector__max_features': 24, 'Selector__norm_order': 1, 'Selector__prefit': False, 'Selector__threshold': None, 'Classifier__memory': None, 'Classifier__steps': [('SVC', OneVsRestClassifier(estimator=SVC(C=100, cache_size=500,
                                  class_weight='balanced', coef0=4, degree=5,
                                  gamma=0.0001, max_iter=1000000,
                                  probability=True, random_state=42)))], 'Classifier__transform_input': None, 'Classifier__verbose': False, 'Classifier__SVC': OneVsRestClassifier(estimator=SVC(C=100, cache_size=500,
                                  class_weight='balanced', coef0=4, degree=5,
                                  gamma=0.0001, max_iter=1000000,
                                  probability=True, random_state=42)), 'Classifier__SVC__estimator__C': 100, 'Classifier__SVC__estimator__break_ties': False, 'Classifier__SVC__estimator__cache_size': 500, 'Classifier__SVC__estimator__class_weight': 'balanced', 'Classifier__SVC__estimator__coef0': 4, 'Classifier__SVC__estimator__decision_function_shape': 'ovr', 'Classifier__SVC__estimator__degree': 5, 'Classifier__SVC__estimator__gamma': 0.0001, 'Classifier__SVC__estimator__kernel': 'rbf', 'Classifier__SVC__estimator__max_iter': 1000000, 'Classifier__SVC__estimator__probability': True, 'Classifier__SVC__estimator__random_state': 42, 'Classifier__SVC__estimator__shrinking': True, 'Classifier__SVC__estimator__tol': 0.001, 'Classifier__SVC__estimator__verbose': False, 'Classifier__SVC__estimator': SVC(C=100, cache_size=500, class_weight='balanced', coef0=4, degree=5,
    gamma=0.0001, max_iter=1000000, probability=True, random_state=42), 'Classifier__SVC__n_jobs': None, 'Classifier__SVC__verbose': 0}","['MFCC Overall Standard Deviation 6' 'MFCC Overall Standard Deviation 9'
 'MFCC Overall Standard Deviation 10' 'MFCC Overall Standard Deviation 12'
 'MFCC Overall Standard Deviation 13' 'LPC Overall Standard Deviation 8'
 'LPC Overall Standard Deviation 9'
 'Method of Moments Overall Standard Deviation 1'
 'Method of Moments Overall Standard Deviation 2'
 'Compactness Overall Average' 'MFCC Overall Average 3'
 'MFCC Overall Average 6' 'MFCC Overall Average 7'
 'MFCC Overall Average 8' 'MFCC Overall Average 9'
 'MFCC Overall Average 10' 'MFCC Overall Average 11'
 'MFCC Overall Average 12' 'LPC Overall Average 2' 'LPC Overall Average 4'
 'LPC Overall Average 9' 'Chroma feature 0' 'Chroma feature 7'
 'Chroma feature 8']",,,1.0,1.0,1.0
24,Mixed,False,"{'memory': None, 'steps': [('Imputer', SimpleImputer()), ('Scaler', MinMaxScaler()), ('Selector', SelectFromModel(estimator=LinearSVC(), max_features=20)), ('Classifier', Pipeline(steps=[('SVC',
                 OneVsRestClassifier(estimator=SVC(C=10000, cache_size=500,
                                                   class_weight='balanced',
                                                   coef0=4, degree=5, gamma=0.1,
                                                   max_iter=1000000,
                                                   probability=True,
                                                   random_state=42)))]))], 'transform_input': None, 'verbose': False, 'Imputer': SimpleImputer(), 'Scaler': MinMaxScaler(), 'Selector': SelectFromModel(estimator=LinearSVC(), max_features=20), 'Classifier': Pipeline(steps=[('SVC',
                 OneVsRestClassifier(estimator=SVC(C=10000, cache_size=500,
                                                   class_weight='balanced',
                                                   coef0=4, degree=5, gamma=0.1,
                                                   max_iter=1000000,
                                                   probability=True,
                                                   random_state=42)))]), 'Imputer__add_indicator': False, 'Imputer__copy': True, 'Imputer__fill_value': None, 'Imputer__keep_empty_features': False, 'Imputer__missing_values': nan, 'Imputer__strategy': 'mean', 'Scaler__clip': False, 'Scaler__copy': True, 'Scaler__feature_range': (0, 1), 'Selector__estimator__C': 1.0, 'Selector__estimator__class_weight': None, 'Selector__estimator__dual': 'auto', 'Selector__estimator__fit_intercept': True, 'Selector__estimator__intercept_scaling': 1, 'Selector__estimator__loss': 'squared_hinge', 'Selector__estimator__max_iter': 1000, 'Selector__estimator__multi_class': 'ovr', 'Selector__estimator__penalty': 'l2', 'Selector__estimator__random_state': None, 'Selector__estimator__tol': 0.0001, 'Selector__estimator__verbose': 0, 'Selector__estimator': LinearSVC(), 'Selector__importance_getter': 'auto', 'Selector__max_features': 20, 'Selector__norm_order': 1, 'Selector__prefit': False, 'Selector__threshold': None, 'Classifier__memory': None, 'Classifier__steps': [('SVC', OneVsRestClassifier(estimator=SVC(C=10000, cache_size=500,
                                  class_weight='balanced', coef0=4, degree=5,
                                  gamma=0.1, max_iter=1000000, probability=True,
                                  random_state=42)))], 'Classifier__transform_input': None, 'Classifier__verbose': False, 'Classifier__SVC': OneVsRestClassifier(estimator=SVC(C=10000, cache_size=500,
                                  class_weight='balanced', coef0=4, degree=5,
                                  gamma=0.1, max_iter=1000000, probability=True,
                                  random_state=42)), 'Classifier__SVC__estimator__C': 10000, 'Classifier__SVC__estimator__break_ties': False, 'Classifier__SVC__estimator__cache_size': 500, 'Classifier__SVC__estimator__class_weight': 'balanced', 'Classifier__SVC__estimator__coef0': 4, 'Classifier__SVC__estimator__decision_function_shape': 'ovr', 'Classifier__SVC__estimator__degree': 5, 'Classifier__SVC__estimator__gamma': 0.1, 'Classifier__SVC__estimator__kernel': 'rbf', 'Classifier__SVC__estimator__max_iter': 1000000, 'Classifier__SVC__estimator__probability': True, 'Classifier__SVC__estimator__random_state': 42, 'Classifier__SVC__estimator__shrinking': True, 'Classifier__SVC__estimator__tol': 0.001, 'Classifier__SVC__estimator__verbose': False, 'Classifier__SVC__estimator': SVC(C=10000, cache_size=500, class_weight='balanced', coef0=4, degree=5,
    gamma=0.1, max_iter=1000000, probability=True, random_state=42), 'Classifier__SVC__n_jobs': None, 'Classifier__SVC__verbose': 0}","['MFCC Overall Standard Deviation 4' 'MFCC Overall Standard Deviation 12'
 'MFCC Overall Standard Deviation 13' 'LPC Overall Standard Deviation 7'
 'LPC Overall Standard Deviation 8' 'LPC Overall Standard Deviation 9'
 'Compactness Overall Average'
 'Fraction Of Low Energy Windows Overall Average' 'MFCC Overall Average 3'
 'MFCC Overall Average 6' 'MFCC Overall Average 9'
 'MFCC Overall Average 10' 'MFCC Overall Average 13'
 'LPC Overall Average 2' 'LPC Overall Average 4' 'LPC Overall Average 9'
 'Chroma feature 0' 'Chroma feature 1' 'Chroma feature 6'
 'Chroma feature 7']",,,1.0,1.0,1.0
25,Mixed,False,"{'memory': None, 'steps': [('Imputer', SimpleImputer()), ('Scaler', StandardScaler()), ('Selector', SelectFromModel(estimator=LinearSVC(), max_features=20)), ('Classifier', Pipeline(steps=[('SVC',
                 OneVsRestClassifier(estimator=SVC(C=10000, cache_size=500,
                                                   class_weight='balanced',
                                                   coef0=4, degree=5,
                                                   gamma=0.01, max_iter=1000000,
                                                   probability=True,
                                                   random_state=42)))]))], 'transform_input': None, 'verbose': False, 'Imputer': SimpleImputer(), 'Scaler': StandardScaler(), 'Selector': SelectFromModel(estimator=LinearSVC(), max_features=20), 'Classifier': Pipeline(steps=[('SVC',
                 OneVsRestClassifier(estimator=SVC(C=10000, cache_size=500,
                                                   class_weight='balanced',
                                                   coef0=4, degree=5,
                                                   gamma=0.01, max_iter=1000000,
                                                   probability=True,
                                                   random_state=42)))]), 'Imputer__add_indicator': False, 'Imputer__copy': True, 'Imputer__fill_value': None, 'Imputer__keep_empty_features': False, 'Imputer__missing_values': nan, 'Imputer__strategy': 'mean', 'Scaler__copy': True, 'Scaler__with_mean': True, 'Scaler__with_std': True, 'Selector__estimator__C': 1.0, 'Selector__estimator__class_weight': None, 'Selector__estimator__dual': 'auto', 'Selector__estimator__fit_intercept': True, 'Selector__estimator__intercept_scaling': 1, 'Selector__estimator__loss': 'squared_hinge', 'Selector__estimator__max_iter': 1000, 'Selector__estimator__multi_class': 'ovr', 'Selector__estimator__penalty': 'l2', 'Selector__estimator__random_state': None, 'Selector__estimator__tol': 0.0001, 'Selector__estimator__verbose': 0, 'Selector__estimator': LinearSVC(), 'Selector__importance_getter': 'auto', 'Selector__max_features': 20, 'Selector__norm_order': 1, 'Selector__prefit': False, 'Selector__threshold': None, 'Classifier__memory': None, 'Classifier__steps': [('SVC', OneVsRestClassifier(estimator=SVC(C=10000, cache_size=500,
                                  class_weight='balanced', coef0=4, degree=5,
                                  gamma=0.01, max_iter=1000000,
                                  probability=True, random_state=42)))], 'Classifier__transform_input': None, 'Classifier__verbose': False, 'Classifier__SVC': OneVsRestClassifier(estimator=SVC(C=10000, cache_size=500,
                                  class_weight='balanced', coef0=4, degree=5,
                                  gamma=0.01, max_iter=1000000,
                                  probability=True, random_state=42)), 'Classifier__SVC__estimator__C': 10000, 'Classifier__SVC__estimator__break_ties': False, 'Classifier__SVC__estimator__cache_size': 500, 'Classifier__SVC__estimator__class_weight': 'balanced', 'Classifier__SVC__estimator__coef0': 4, 'Classifier__SVC__estimator__decision_function_shape': 'ovr', 'Classifier__SVC__estimator__degree': 5, 'Classifier__SVC__estimator__gamma': 0.01, 'Classifier__SVC__estimator__kernel': 'rbf', 'Classifier__SVC__estimator__max_iter': 1000000, 'Classifier__SVC__estimator__probability': True, 'Classifier__SVC__estimator__random_state': 42, 'Classifier__SVC__estimator__shrinking': True, 'Classifier__SVC__estimator__tol': 0.001, 'Classifier__SVC__estimator__verbose': False, 'Classifier__SVC__estimator': SVC(C=10000, cache_size=500, class_weight='balanced', coef0=4, degree=5,
    gamma=0.01, max_iter=1000000, probability=True, random_state=42), 'Classifier__SVC__n_jobs': None, 'Classifier__SVC__verbose': 0}","['MFCC Overall Standard Deviation 6' 'MFCC Overall Standard Deviation 9'
 'MFCC Overall Standard Deviation 10' 'MFCC Overall Standard Deviation 12'
 'MFCC Overall Standard Deviation 13' 'LPC Overall Standard Deviation 8'
 'LPC Overall Standard Deviation 9'
 'Method of Moments Overall Standard Deviation 1'
 'Method of Moments Overall Standard Deviation 2'
 'Compactness Overall Average' 'MFCC Overall Average 3'
 'MFCC Overall Average 6' 'MFCC Overall Average 7'
 'MFCC Overall Average 9' 'MFCC Overall Average 10'
 'LPC Overall Average 2' 'LPC Overall Average 4' 'LPC Overall Average 9'
 'Chroma feature 0' 'Chroma feature 7']",,,1.0,1.0,1.0
26,Mixed,False,"{'memory': None, 'steps': [('Imputer', SimpleImputer()), ('Scaler', MinMaxScaler()), ('Selector', SelectFromModel(estimator=LinearSVC(), max_features=20)), ('Classifier', Pipeline(steps=[('SVC',
                 OneVsRestClassifier(estimator=SVC(C=1000, cache_size=500,
                                                   class_weight='balanced',
                                                   coef0=4, degree=5, gamma=0.1,
                                                   max_iter=1000000,
                                                   probability=True,
                                                   random_state=42)))]))], 'transform_input': None, 'verbose': False, 'Imputer': SimpleImputer(), 'Scaler': MinMaxScaler(), 'Selector': SelectFromModel(estimator=LinearSVC(), max_features=20), 'Classifier': Pipeline(steps=[('SVC',
                 OneVsRestClassifier(estimator=SVC(C=1000, cache_size=500,
                                                   class_weight='balanced',
                                                   coef0=4, degree=5, gamma=0.1,
                                                   max_iter=1000000,
                                                   probability=True,
                                                   random_state=42)))]), 'Imputer__add_indicator': False, 'Imputer__copy': True, 'Imputer__fill_value': None, 'Imputer__keep_empty_features': False, 'Imputer__missing_values': nan, 'Imputer__strategy': 'mean', 'Scaler__clip': False, 'Scaler__copy': True, 'Scaler__feature_range': (0, 1), 'Selector__estimator__C': 1.0, 'Selector__estimator__class_weight': None, 'Selector__estimator__dual': 'auto', 'Selector__estimator__fit_intercept': True, 'Selector__estimator__intercept_scaling': 1, 'Selector__estimator__loss': 'squared_hinge', 'Selector__estimator__max_iter': 1000, 'Selector__estimator__multi_class': 'ovr', 'Selector__estimator__penalty': 'l2', 'Selector__estimator__random_state': None, 'Selector__estimator__tol': 0.0001, 'Selector__estimator__verbose': 0, 'Selector__estimator': LinearSVC(), 'Selector__importance_getter': 'auto', 'Selector__max_features': 20, 'Selector__norm_order': 1, 'Selector__prefit': False, 'Selector__threshold': None, 'Classifier__memory': None, 'Classifier__steps': [('SVC', OneVsRestClassifier(estimator=SVC(C=1000, cache_size=500,
                                  class_weight='balanced', coef0=4, degree=5,
                                  gamma=0.1, max_iter=1000000, probability=True,
                                  random_state=42)))], 'Classifier__transform_input': None, 'Classifier__verbose': False, 'Classifier__SVC': OneVsRestClassifier(estimator=SVC(C=1000, cache_size=500,
                                  class_weight='balanced', coef0=4, degree=5,
                                  gamma=0.1, max_iter=1000000, probability=True,
                                  random_state=42)), 'Classifier__SVC__estimator__C': 1000, 'Classifier__SVC__estimator__break_ties': False, 'Classifier__SVC__estimator__cache_size': 500, 'Classifier__SVC__estimator__class_weight': 'balanced', 'Classifier__SVC__estimator__coef0': 4, 'Classifier__SVC__estimator__decision_function_shape': 'ovr', 'Classifier__SVC__estimator__degree': 5, 'Classifier__SVC__estimator__gamma': 0.1, 'Classifier__SVC__estimator__kernel': 'rbf', 'Classifier__SVC__estimator__max_iter': 1000000, 'Classifier__SVC__estimator__probability': True, 'Classifier__SVC__estimator__random_state': 42, 'Classifier__SVC__estimator__shrinking': True, 'Classifier__SVC__estimator__tol': 0.001, 'Classifier__SVC__estimator__verbose': False, 'Classifier__SVC__estimator': SVC(C=1000, cache_size=500, class_weight='balanced', coef0=4, degree=5,
    gamma=0.1, max_iter=1000000, probability=True, random_state=42), 'Classifier__SVC__n_jobs': None, 'Classifier__SVC__verbose': 0}","['MFCC Overall Standard Deviation 4' 'MFCC Overall Standard Deviation 12'
 'MFCC Overall Standard Deviation 13' 'LPC Overall Standard Deviation 7'
 'LPC Overall Standard Deviation 8' 'LPC Overall Standard Deviation 9'
 'Compactness Overall Average'
 'Fraction Of Low Energy Windows Overall Average' 'MFCC Overall Average 3'
 'MFCC Overall Average 6' 'MFCC Overall Average 9'
 'MFCC Overall Average 10' 'MFCC Overall Average 13'
 'LPC Overall Average 2' 'LPC Overall Average 4' 'LPC Overall Average 9'
 'Chroma feature 0' 'Chroma feature 1' 'Chroma feature 6'
 'Chroma feature 7']",,,1.0,1.0,1.0
27,Mixed,False,"{'memory': None, 'steps': [('Imputer', SimpleImputer()), ('Scaler', StandardScaler()), ('Selector', SelectFromModel(estimator=LinearSVC(), max_features=20)), ('Classifier', Pipeline(steps=[('SVC',
                 OneVsRestClassifier(estimator=SVC(C=1000, cache_size=500,
                                                   class_weight='balanced',
                                                   coef0=4, degree=5,
                                                   gamma=0.01, max_iter=1000000,
                                                   probability=True,
                                                   random_state=42)))]))], 'transform_input': None, 'verbose': False, 'Imputer': SimpleImputer(), 'Scaler': StandardScaler(), 'Selector': SelectFromModel(estimator=LinearSVC(), max_features=20), 'Classifier': Pipeline(steps=[('SVC',
                 OneVsRestClassifier(estimator=SVC(C=1000, cache_size=500,
                                                   class_weight='balanced',
                                                   coef0=4, degree=5,
                                                   gamma=0.01, max_iter=1000000,
                                                   probability=True,
                                                   random_state=42)))]), 'Imputer__add_indicator': False, 'Imputer__copy': True, 'Imputer__fill_value': None, 'Imputer__keep_empty_features': False, 'Imputer__missing_values': nan, 'Imputer__strategy': 'mean', 'Scaler__copy': True, 'Scaler__with_mean': True, 'Scaler__with_std': True, 'Selector__estimator__C': 1.0, 'Selector__estimator__class_weight': None, 'Selector__estimator__dual': 'auto', 'Selector__estimator__fit_intercept': True, 'Selector__estimator__intercept_scaling': 1, 'Selector__estimator__loss': 'squared_hinge', 'Selector__estimator__max_iter': 1000, 'Selector__estimator__multi_class': 'ovr', 'Selector__estimator__penalty': 'l2', 'Selector__estimator__random_state': None, 'Selector__estimator__tol': 0.0001, 'Selector__estimator__verbose': 0, 'Selector__estimator': LinearSVC(), 'Selector__importance_getter': 'auto', 'Selector__max_features': 20, 'Selector__norm_order': 1, 'Selector__prefit': False, 'Selector__threshold': None, 'Classifier__memory': None, 'Classifier__steps': [('SVC', OneVsRestClassifier(estimator=SVC(C=1000, cache_size=500,
                                  class_weight='balanced', coef0=4, degree=5,
                                  gamma=0.01, max_iter=1000000,
                                  probability=True, random_state=42)))], 'Classifier__transform_input': None, 'Classifier__verbose': False, 'Classifier__SVC': OneVsRestClassifier(estimator=SVC(C=1000, cache_size=500,
                                  class_weight='balanced', coef0=4, degree=5,
                                  gamma=0.01, max_iter=1000000,
                                  probability=True, random_state=42)), 'Classifier__SVC__estimator__C': 1000, 'Classifier__SVC__estimator__break_ties': False, 'Classifier__SVC__estimator__cache_size': 500, 'Classifier__SVC__estimator__class_weight': 'balanced', 'Classifier__SVC__estimator__coef0': 4, 'Classifier__SVC__estimator__decision_function_shape': 'ovr', 'Classifier__SVC__estimator__degree': 5, 'Classifier__SVC__estimator__gamma': 0.01, 'Classifier__SVC__estimator__kernel': 'rbf', 'Classifier__SVC__estimator__max_iter': 1000000, 'Classifier__SVC__estimator__probability': True, 'Classifier__SVC__estimator__random_state': 42, 'Classifier__SVC__estimator__shrinking': True, 'Classifier__SVC__estimator__tol': 0.001, 'Classifier__SVC__estimator__verbose': False, 'Classifier__SVC__estimator': SVC(C=1000, cache_size=500, class_weight='balanced', coef0=4, degree=5,
    gamma=0.01, max_iter=1000000, probability=True, random_state=42), 'Classifier__SVC__n_jobs': None, 'Classifier__SVC__verbose': 0}","['MFCC Overall Standard Deviation 6' 'MFCC Overall Standard Deviation 9'
 'MFCC Overall Standard Deviation 10' 'MFCC Overall Standard Deviation 12'
 'MFCC Overall Standard Deviation 13' 'LPC Overall Standard Deviation 8'
 'LPC Overall Standard Deviation 9'
 'Method of Moments Overall Standard Deviation 1'
 'Method of Moments Overall Standard Deviation 2'
 'Compactness Overall Average' 'MFCC Overall Average 3'
 'MFCC Overall Average 6' 'MFCC Overall Average 7'
 'MFCC Overall Average 9' 'MFCC Overall Average 10'
 'LPC Overall Average 2' 'LPC Overall Average 4' 'LPC Overall Average 9'
 'Chroma feature 0' 'Chroma feature 7']",,,1.0,1.0,1.0
28,Mixed,False,"{'memory': None, 'steps': [('Imputer', SimpleImputer()), ('Scaler', MinMaxScaler()), ('Selector', SelectFromModel(estimator=LinearSVC(), max_features=20)), ('Classifier', Pipeline(steps=[('SVC',
                 OneVsRestClassifier(estimator=SVC(C=100, cache_size=500,
                                                   class_weight='balanced',
                                                   coef0=4, degree=5, gamma=0.1,
                                                   max_iter=1000000,
                                                   probability=True,
                                                   random_state=42)))]))], 'transform_input': None, 'verbose': False, 'Imputer': SimpleImputer(), 'Scaler': MinMaxScaler(), 'Selector': SelectFromModel(estimator=LinearSVC(), max_features=20), 'Classifier': Pipeline(steps=[('SVC',
                 OneVsRestClassifier(estimator=SVC(C=100, cache_size=500,
                                                   class_weight='balanced',
                                                   coef0=4, degree=5, gamma=0.1,
                                                   max_iter=1000000,
                                                   probability=True,
                                                   random_state=42)))]), 'Imputer__add_indicator': False, 'Imputer__copy': True, 'Imputer__fill_value': None, 'Imputer__keep_empty_features': False, 'Imputer__missing_values': nan, 'Imputer__strategy': 'mean', 'Scaler__clip': False, 'Scaler__copy': True, 'Scaler__feature_range': (0, 1), 'Selector__estimator__C': 1.0, 'Selector__estimator__class_weight': None, 'Selector__estimator__dual': 'auto', 'Selector__estimator__fit_intercept': True, 'Selector__estimator__intercept_scaling': 1, 'Selector__estimator__loss': 'squared_hinge', 'Selector__estimator__max_iter': 1000, 'Selector__estimator__multi_class': 'ovr', 'Selector__estimator__penalty': 'l2', 'Selector__estimator__random_state': None, 'Selector__estimator__tol': 0.0001, 'Selector__estimator__verbose': 0, 'Selector__estimator': LinearSVC(), 'Selector__importance_getter': 'auto', 'Selector__max_features': 20, 'Selector__norm_order': 1, 'Selector__prefit': False, 'Selector__threshold': None, 'Classifier__memory': None, 'Classifier__steps': [('SVC', OneVsRestClassifier(estimator=SVC(C=100, cache_size=500,
                                  class_weight='balanced', coef0=4, degree=5,
                                  gamma=0.1, max_iter=1000000, probability=True,
                                  random_state=42)))], 'Classifier__transform_input': None, 'Classifier__verbose': False, 'Classifier__SVC': OneVsRestClassifier(estimator=SVC(C=100, cache_size=500,
                                  class_weight='balanced', coef0=4, degree=5,
                                  gamma=0.1, max_iter=1000000, probability=True,
                                  random_state=42)), 'Classifier__SVC__estimator__C': 100, 'Classifier__SVC__estimator__break_ties': False, 'Classifier__SVC__estimator__cache_size': 500, 'Classifier__SVC__estimator__class_weight': 'balanced', 'Classifier__SVC__estimator__coef0': 4, 'Classifier__SVC__estimator__decision_function_shape': 'ovr', 'Classifier__SVC__estimator__degree': 5, 'Classifier__SVC__estimator__gamma': 0.1, 'Classifier__SVC__estimator__kernel': 'rbf', 'Classifier__SVC__estimator__max_iter': 1000000, 'Classifier__SVC__estimator__probability': True, 'Classifier__SVC__estimator__random_state': 42, 'Classifier__SVC__estimator__shrinking': True, 'Classifier__SVC__estimator__tol': 0.001, 'Classifier__SVC__estimator__verbose': False, 'Classifier__SVC__estimator': SVC(C=100, cache_size=500, class_weight='balanced', coef0=4, degree=5,
    gamma=0.1, max_iter=1000000, probability=True, random_state=42), 'Classifier__SVC__n_jobs': None, 'Classifier__SVC__verbose': 0}","['MFCC Overall Standard Deviation 4' 'MFCC Overall Standard Deviation 12'
 'MFCC Overall Standard Deviation 13' 'LPC Overall Standard Deviation 7'
 'LPC Overall Standard Deviation 8' 'LPC Overall Standard Deviation 9'
 'Compactness Overall Average'
 'Fraction Of Low Energy Windows Overall Average' 'MFCC Overall Average 3'
 'MFCC Overall Average 6' 'MFCC Overall Average 9'
 'MFCC Overall Average 10' 'MFCC Overall Average 13'
 'LPC Overall Average 2' 'LPC Overall Average 4' 'LPC Overall Average 9'
 'Chroma feature 0' 'Chroma feature 1' 'Chroma feature 6'
 'Chroma feature 7']",,,1.0,1.0,1.0
29,Mixed,False,"{'memory': None, 'steps': [('Imputer', SimpleImputer()), ('Scaler', StandardScaler()), ('Selector', SelectFromModel(estimator=LinearSVC(), max_features=20)), ('Classifier', Pipeline(steps=[('SVC',
                 OneVsRestClassifier(estimator=SVC(C=100, cache_size=500,
                                                   class_weight='balanced',
                                                   coef0=4, degree=5,
                                                   gamma=0.01, max_iter=1000000,
                                                   probability=True,
                                                   random_state=42)))]))], 'transform_input': None, 'verbose': False, 'Imputer': SimpleImputer(), 'Scaler': StandardScaler(), 'Selector': SelectFromModel(estimator=LinearSVC(), max_features=20), 'Classifier': Pipeline(steps=[('SVC',
                 OneVsRestClassifier(estimator=SVC(C=100, cache_size=500,
                                                   class_weight='balanced',
                                                   coef0=4, degree=5,
                                                   gamma=0.01, max_iter=1000000,
                                                   probability=True,
                                                   random_state=42)))]), 'Imputer__add_indicator': False, 'Imputer__copy': True, 'Imputer__fill_value': None, 'Imputer__keep_empty_features': False, 'Imputer__missing_values': nan, 'Imputer__strategy': 'mean', 'Scaler__copy': True, 'Scaler__with_mean': True, 'Scaler__with_std': True, 'Selector__estimator__C': 1.0, 'Selector__estimator__class_weight': None, 'Selector__estimator__dual': 'auto', 'Selector__estimator__fit_intercept': True, 'Selector__estimator__intercept_scaling': 1, 'Selector__estimator__loss': 'squared_hinge', 'Selector__estimator__max_iter': 1000, 'Selector__estimator__multi_class': 'ovr', 'Selector__estimator__penalty': 'l2', 'Selector__estimator__random_state': None, 'Selector__estimator__tol': 0.0001, 'Selector__estimator__verbose': 0, 'Selector__estimator': LinearSVC(), 'Selector__importance_getter': 'auto', 'Selector__max_features': 20, 'Selector__norm_order': 1, 'Selector__prefit': False, 'Selector__threshold': None, 'Classifier__memory': None, 'Classifier__steps': [('SVC', OneVsRestClassifier(estimator=SVC(C=100, cache_size=500,
                                  class_weight='balanced', coef0=4, degree=5,
                                  gamma=0.01, max_iter=1000000,
                                  probability=True, random_state=42)))], 'Classifier__transform_input': None, 'Classifier__verbose': False, 'Classifier__SVC': OneVsRestClassifier(estimator=SVC(C=100, cache_size=500,
                                  class_weight='balanced', coef0=4, degree=5,
                                  gamma=0.01, max_iter=1000000,
                                  probability=True, random_state=42)), 'Classifier__SVC__estimator__C': 100, 'Classifier__SVC__estimator__break_ties': False, 'Classifier__SVC__estimator__cache_size': 500, 'Classifier__SVC__estimator__class_weight': 'balanced', 'Classifier__SVC__estimator__coef0': 4, 'Classifier__SVC__estimator__decision_function_shape': 'ovr', 'Classifier__SVC__estimator__degree': 5, 'Classifier__SVC__estimator__gamma': 0.01, 'Classifier__SVC__estimator__kernel': 'rbf', 'Classifier__SVC__estimator__max_iter': 1000000, 'Classifier__SVC__estimator__probability': True, 'Classifier__SVC__estimator__random_state': 42, 'Classifier__SVC__estimator__shrinking': True, 'Classifier__SVC__estimator__tol': 0.001, 'Classifier__SVC__estimator__verbose': False, 'Classifier__SVC__estimator': SVC(C=100, cache_size=500, class_weight='balanced', coef0=4, degree=5,
    gamma=0.01, max_iter=1000000, probability=True, random_state=42), 'Classifier__SVC__n_jobs': None, 'Classifier__SVC__verbose': 0}","['MFCC Overall Standard Deviation 6' 'MFCC Overall Standard Deviation 9'
 'MFCC Overall Standard Deviation 10' 'MFCC Overall Standard Deviation 12'
 'MFCC Overall Standard Deviation 13' 'LPC Overall Standard Deviation 8'
 'LPC Overall Standard Deviation 9'
 'Method of Moments Overall Standard Deviation 1'
 'Method of Moments Overall Standard Deviation 2'
 'Compactness Overall Average' 'MFCC Overall Average 3'
 'MFCC Overall Average 6' 'MFCC Overall Average 7'
 'MFCC Overall Average 9' 'MFCC Overall Average 10'
 'LPC Overall Average 2' 'LPC Overall Average 4' 'LPC Overall Average 9'
 'Chroma feature 0' 'Chroma feature 7']",,,1.0,1.0,1.0
30,Mixed,False,"{'memory': None, 'steps': [('Imputer', SimpleImputer()), ('Scaler', StandardScaler()), ('Selector', SelectFromModel(estimator=LinearSVC(), max_features=18)), ('Classifier', Pipeline(steps=[('SVC',
                 OneVsRestClassifier(estimator=SVC(C=0.1, cache_size=500,
                                                   class_weight='balanced',
                                                   coef0=4, gamma=0.01,
                                                   kernel='poly',
                                                   max_iter=1000000,
                                                   probability=True,
                                                   random_state=42)))]))], 'transform_input': None, 'verbose': False, 'Imputer': SimpleImputer(), 'Scaler': StandardScaler(), 'Selector': SelectFromModel(estimator=LinearSVC(), max_features=18), 'Classifier': Pipeline(steps=[('SVC',
                 OneVsRestClassifier(estimator=SVC(C=0.1, cache_size=500,
                                                   class_weight='balanced',
                                                   coef0=4, gamma=0.01,
                                                   kernel='poly',
                                                   max_iter=1000000,
                                                   probability=True,
                                                   random_state=42)))]), 'Imputer__add_indicator': False, 'Imputer__copy': True, 'Imputer__fill_value': None, 'Imputer__keep_empty_features': False, 'Imputer__missing_values': nan, 'Imputer__strategy': 'mean', 'Scaler__copy': True, 'Scaler__with_mean': True, 'Scaler__with_std': True, 'Selector__estimator__C': 1.0, 'Selector__estimator__class_weight': None, 'Selector__estimator__dual': 'auto', 'Selector__estimator__fit_intercept': True, 'Selector__estimator__intercept_scaling': 1, 'Selector__estimator__loss': 'squared_hinge', 'Selector__estimator__max_iter': 1000, 'Selector__estimator__multi_class': 'ovr', 'Selector__estimator__penalty': 'l2', 'Selector__estimator__random_state': None, 'Selector__estimator__tol': 0.0001, 'Selector__estimator__verbose': 0, 'Selector__estimator': LinearSVC(), 'Selector__importance_getter': 'auto', 'Selector__max_features': 18, 'Selector__norm_order': 1, 'Selector__prefit': False, 'Selector__threshold': None, 'Classifier__memory': None, 'Classifier__steps': [('SVC', OneVsRestClassifier(estimator=SVC(C=0.1, cache_size=500,
                                  class_weight='balanced', coef0=4, gamma=0.01,
                                  kernel='poly', max_iter=1000000,
                                  probability=True, random_state=42)))], 'Classifier__transform_input': None, 'Classifier__verbose': False, 'Classifier__SVC': OneVsRestClassifier(estimator=SVC(C=0.1, cache_size=500,
                                  class_weight='balanced', coef0=4, gamma=0.01,
                                  kernel='poly', max_iter=1000000,
                                  probability=True, random_state=42)), 'Classifier__SVC__estimator__C': 0.1, 'Classifier__SVC__estimator__break_ties': False, 'Classifier__SVC__estimator__cache_size': 500, 'Classifier__SVC__estimator__class_weight': 'balanced', 'Classifier__SVC__estimator__coef0': 4, 'Classifier__SVC__estimator__decision_function_shape': 'ovr', 'Classifier__SVC__estimator__degree': 3, 'Classifier__SVC__estimator__gamma': 0.01, 'Classifier__SVC__estimator__kernel': 'poly', 'Classifier__SVC__estimator__max_iter': 1000000, 'Classifier__SVC__estimator__probability': True, 'Classifier__SVC__estimator__random_state': 42, 'Classifier__SVC__estimator__shrinking': True, 'Classifier__SVC__estimator__tol': 0.001, 'Classifier__SVC__estimator__verbose': False, 'Classifier__SVC__estimator': SVC(C=0.1, cache_size=500, class_weight='balanced', coef0=4, gamma=0.01,
    kernel='poly', max_iter=1000000, probability=True, random_state=42), 'Classifier__SVC__n_jobs': None, 'Classifier__SVC__verbose': 0}","['MFCC Overall Standard Deviation 6' 'MFCC Overall Standard Deviation 10'
 'MFCC Overall Standard Deviation 12' 'MFCC Overall Standard Deviation 13'
 'LPC Overall Standard Deviation 8' 'LPC Overall Standard Deviation 9'
 'Method of Moments Overall Standard Deviation 2'
 'Compactness Overall Average' 'MFCC Overall Average 3'
 'MFCC Overall Average 6' 'MFCC Overall Average 7'
 'MFCC Overall Average 9' 'MFCC Overall Average 10'
 'LPC Overall Average 2' 'LPC Overall Average 4' 'LPC Overall Average 9'
 'Chroma feature 0' 'Chroma feature 7']",,,1.0,1.0,1.0
31,Mixed,False,"{'memory': None, 'steps': [('Imputer', SimpleImputer()), ('Scaler', MinMaxScaler()), ('Selector', SelectFromModel(estimator=LinearSVC(), max_features=20)), ('Classifier', Pipeline(steps=[('SVC',
                 OneVsRestClassifier(estimator=SVC(C=10, cache_size=500,
                                                   class_weight='balanced',
                                                   coef0=4, gamma=0.1,
                                                   max_iter=1000000,
                                                   probability=True,
                                                   random_state=42)))]))], 'transform_input': None, 'verbose': False, 'Imputer': SimpleImputer(), 'Scaler': MinMaxScaler(), 'Selector': SelectFromModel(estimator=LinearSVC(), max_features=20), 'Classifier': Pipeline(steps=[('SVC',
                 OneVsRestClassifier(estimator=SVC(C=10, cache_size=500,
                                                   class_weight='balanced',
                                                   coef0=4, gamma=0.1,
                                                   max_iter=1000000,
                                                   probability=True,
                                                   random_state=42)))]), 'Imputer__add_indicator': False, 'Imputer__copy': True, 'Imputer__fill_value': None, 'Imputer__keep_empty_features': False, 'Imputer__missing_values': nan, 'Imputer__strategy': 'mean', 'Scaler__clip': False, 'Scaler__copy': True, 'Scaler__feature_range': (0, 1), 'Selector__estimator__C': 1.0, 'Selector__estimator__class_weight': None, 'Selector__estimator__dual': 'auto', 'Selector__estimator__fit_intercept': True, 'Selector__estimator__intercept_scaling': 1, 'Selector__estimator__loss': 'squared_hinge', 'Selector__estimator__max_iter': 1000, 'Selector__estimator__multi_class': 'ovr', 'Selector__estimator__penalty': 'l2', 'Selector__estimator__random_state': None, 'Selector__estimator__tol': 0.0001, 'Selector__estimator__verbose': 0, 'Selector__estimator': LinearSVC(), 'Selector__importance_getter': 'auto', 'Selector__max_features': 20, 'Selector__norm_order': 1, 'Selector__prefit': False, 'Selector__threshold': None, 'Classifier__memory': None, 'Classifier__steps': [('SVC', OneVsRestClassifier(estimator=SVC(C=10, cache_size=500, class_weight='balanced',
                                  coef0=4, gamma=0.1, max_iter=1000000,
                                  probability=True, random_state=42)))], 'Classifier__transform_input': None, 'Classifier__verbose': False, 'Classifier__SVC': OneVsRestClassifier(estimator=SVC(C=10, cache_size=500, class_weight='balanced',
                                  coef0=4, gamma=0.1, max_iter=1000000,
                                  probability=True, random_state=42)), 'Classifier__SVC__estimator__C': 10, 'Classifier__SVC__estimator__break_ties': False, 'Classifier__SVC__estimator__cache_size': 500, 'Classifier__SVC__estimator__class_weight': 'balanced', 'Classifier__SVC__estimator__coef0': 4, 'Classifier__SVC__estimator__decision_function_shape': 'ovr', 'Classifier__SVC__estimator__degree': 3, 'Classifier__SVC__estimator__gamma': 0.1, 'Classifier__SVC__estimator__kernel': 'rbf', 'Classifier__SVC__estimator__max_iter': 1000000, 'Classifier__SVC__estimator__probability': True, 'Classifier__SVC__estimator__random_state': 42, 'Classifier__SVC__estimator__shrinking': True, 'Classifier__SVC__estimator__tol': 0.001, 'Classifier__SVC__estimator__verbose': False, 'Classifier__SVC__estimator': SVC(C=10, cache_size=500, class_weight='balanced', coef0=4, gamma=0.1,
    max_iter=1000000, probability=True, random_state=42), 'Classifier__SVC__n_jobs': None, 'Classifier__SVC__verbose': 0}","['MFCC Overall Standard Deviation 4' 'MFCC Overall Standard Deviation 12'
 'MFCC Overall Standard Deviation 13' 'LPC Overall Standard Deviation 7'
 'LPC Overall Standard Deviation 8' 'LPC Overall Standard Deviation 9'
 'Compactness Overall Average'
 'Fraction Of Low Energy Windows Overall Average' 'MFCC Overall Average 3'
 'MFCC Overall Average 6' 'MFCC Overall Average 9'
 'MFCC Overall Average 10' 'MFCC Overall Average 13'
 'LPC Overall Average 2' 'LPC Overall Average 4' 'LPC Overall Average 9'
 'Chroma feature 0' 'Chroma feature 1' 'Chroma feature 6'
 'Chroma feature 7']",,,1.0,1.0,1.0
32,Mixed,False,"{'memory': None, 'steps': [('Imputer', SimpleImputer()), ('Scaler', StandardScaler()), ('Selector', SelectFromModel(estimator=LinearSVC(), max_features=18)), ('Classifier', Pipeline(steps=[('SVC',
                 OneVsRestClassifier(estimator=SVC(C=0.01, cache_size=500,
                                                   class_weight='balanced',
                                                   coef0=4, degree=5,
                                                   gamma=0.01, kernel='poly',
                                                   max_iter=1000000,
                                                   probability=True,
                                                   random_state=42)))]))], 'transform_input': None, 'verbose': False, 'Imputer': SimpleImputer(), 'Scaler': StandardScaler(), 'Selector': SelectFromModel(estimator=LinearSVC(), max_features=18), 'Classifier': Pipeline(steps=[('SVC',
                 OneVsRestClassifier(estimator=SVC(C=0.01, cache_size=500,
                                                   class_weight='balanced',
                                                   coef0=4, degree=5,
                                                   gamma=0.01, kernel='poly',
                                                   max_iter=1000000,
                                                   probability=True,
                                                   random_state=42)))]), 'Imputer__add_indicator': False, 'Imputer__copy': True, 'Imputer__fill_value': None, 'Imputer__keep_empty_features': False, 'Imputer__missing_values': nan, 'Imputer__strategy': 'mean', 'Scaler__copy': True, 'Scaler__with_mean': True, 'Scaler__with_std': True, 'Selector__estimator__C': 1.0, 'Selector__estimator__class_weight': None, 'Selector__estimator__dual': 'auto', 'Selector__estimator__fit_intercept': True, 'Selector__estimator__intercept_scaling': 1, 'Selector__estimator__loss': 'squared_hinge', 'Selector__estimator__max_iter': 1000, 'Selector__estimator__multi_class': 'ovr', 'Selector__estimator__penalty': 'l2', 'Selector__estimator__random_state': None, 'Selector__estimator__tol': 0.0001, 'Selector__estimator__verbose': 0, 'Selector__estimator': LinearSVC(), 'Selector__importance_getter': 'auto', 'Selector__max_features': 18, 'Selector__norm_order': 1, 'Selector__prefit': False, 'Selector__threshold': None, 'Classifier__memory': None, 'Classifier__steps': [('SVC', OneVsRestClassifier(estimator=SVC(C=0.01, cache_size=500,
                                  class_weight='balanced', coef0=4, degree=5,
                                  gamma=0.01, kernel='poly', max_iter=1000000,
                                  probability=True, random_state=42)))], 'Classifier__transform_input': None, 'Classifier__verbose': False, 'Classifier__SVC': OneVsRestClassifier(estimator=SVC(C=0.01, cache_size=500,
                                  class_weight='balanced', coef0=4, degree=5,
                                  gamma=0.01, kernel='poly', max_iter=1000000,
                                  probability=True, random_state=42)), 'Classifier__SVC__estimator__C': 0.01, 'Classifier__SVC__estimator__break_ties': False, 'Classifier__SVC__estimator__cache_size': 500, 'Classifier__SVC__estimator__class_weight': 'balanced', 'Classifier__SVC__estimator__coef0': 4, 'Classifier__SVC__estimator__decision_function_shape': 'ovr', 'Classifier__SVC__estimator__degree': 5, 'Classifier__SVC__estimator__gamma': 0.01, 'Classifier__SVC__estimator__kernel': 'poly', 'Classifier__SVC__estimator__max_iter': 1000000, 'Classifier__SVC__estimator__probability': True, 'Classifier__SVC__estimator__random_state': 42, 'Classifier__SVC__estimator__shrinking': True, 'Classifier__SVC__estimator__tol': 0.001, 'Classifier__SVC__estimator__verbose': False, 'Classifier__SVC__estimator': SVC(C=0.01, cache_size=500, class_weight='balanced', coef0=4, degree=5,
    gamma=0.01, kernel='poly', max_iter=1000000, probability=True,
    random_state=42), 'Classifier__SVC__n_jobs': None, 'Classifier__SVC__verbose': 0}","['MFCC Overall Standard Deviation 6' 'MFCC Overall Standard Deviation 10'
 'MFCC Overall Standard Deviation 12' 'MFCC Overall Standard Deviation 13'
 'LPC Overall Standard Deviation 8' 'LPC Overall Standard Deviation 9'
 'Method of Moments Overall Standard Deviation 2'
 'Compactness Overall Average' 'MFCC Overall Average 3'
 'MFCC Overall Average 6' 'MFCC Overall Average 7'
 'MFCC Overall Average 9' 'MFCC Overall Average 10'
 'LPC Overall Average 2' 'LPC Overall Average 4' 'LPC Overall Average 9'
 'Chroma feature 0' 'Chroma feature 7']",,,1.0,1.0,1.0
33,Mixed,False,"{'memory': None, 'steps': [('Imputer', SimpleImputer()), ('Scaler', StandardScaler()), ('Selector', SelectFromModel(estimator=LinearSVC(), max_features=24)), ('Classifier', Pipeline(steps=[('SVC',
                 OneVsRestClassifier(estimator=SVC(C=100, cache_size=500,
                                                   class_weight='balanced',
                                                   coef0=4, degree=5,
                                                   gamma=0.01, max_iter=1000000,
                                                   probability=True,
                                                   random_state=42)))]))], 'transform_input': None, 'verbose': False, 'Imputer': SimpleImputer(), 'Scaler': StandardScaler(), 'Selector': SelectFromModel(estimator=LinearSVC(), max_features=24), 'Classifier': Pipeline(steps=[('SVC',
                 OneVsRestClassifier(estimator=SVC(C=100, cache_size=500,
                                                   class_weight='balanced',
                                                   coef0=4, degree=5,
                                                   gamma=0.01, max_iter=1000000,
                                                   probability=True,
                                                   random_state=42)))]), 'Imputer__add_indicator': False, 'Imputer__copy': True, 'Imputer__fill_value': None, 'Imputer__keep_empty_features': False, 'Imputer__missing_values': nan, 'Imputer__strategy': 'mean', 'Scaler__copy': True, 'Scaler__with_mean': True, 'Scaler__with_std': True, 'Selector__estimator__C': 1.0, 'Selector__estimator__class_weight': None, 'Selector__estimator__dual': 'auto', 'Selector__estimator__fit_intercept': True, 'Selector__estimator__intercept_scaling': 1, 'Selector__estimator__loss': 'squared_hinge', 'Selector__estimator__max_iter': 1000, 'Selector__estimator__multi_class': 'ovr', 'Selector__estimator__penalty': 'l2', 'Selector__estimator__random_state': None, 'Selector__estimator__tol': 0.0001, 'Selector__estimator__verbose': 0, 'Selector__estimator': LinearSVC(), 'Selector__importance_getter': 'auto', 'Selector__max_features': 24, 'Selector__norm_order': 1, 'Selector__prefit': False, 'Selector__threshold': None, 'Classifier__memory': None, 'Classifier__steps': [('SVC', OneVsRestClassifier(estimator=SVC(C=100, cache_size=500,
                                  class_weight='balanced', coef0=4, degree=5,
                                  gamma=0.01, max_iter=1000000,
                                  probability=True, random_state=42)))], 'Classifier__transform_input': None, 'Classifier__verbose': False, 'Classifier__SVC': OneVsRestClassifier(estimator=SVC(C=100, cache_size=500,
                                  class_weight='balanced', coef0=4, degree=5,
                                  gamma=0.01, max_iter=1000000,
                                  probability=True, random_state=42)), 'Classifier__SVC__estimator__C': 100, 'Classifier__SVC__estimator__break_ties': False, 'Classifier__SVC__estimator__cache_size': 500, 'Classifier__SVC__estimator__class_weight': 'balanced', 'Classifier__SVC__estimator__coef0': 4, 'Classifier__SVC__estimator__decision_function_shape': 'ovr', 'Classifier__SVC__estimator__degree': 5, 'Classifier__SVC__estimator__gamma': 0.01, 'Classifier__SVC__estimator__kernel': 'rbf', 'Classifier__SVC__estimator__max_iter': 1000000, 'Classifier__SVC__estimator__probability': True, 'Classifier__SVC__estimator__random_state': 42, 'Classifier__SVC__estimator__shrinking': True, 'Classifier__SVC__estimator__tol': 0.001, 'Classifier__SVC__estimator__verbose': False, 'Classifier__SVC__estimator': SVC(C=100, cache_size=500, class_weight='balanced', coef0=4, degree=5,
    gamma=0.01, max_iter=1000000, probability=True, random_state=42), 'Classifier__SVC__n_jobs': None, 'Classifier__SVC__verbose': 0}","['MFCC Overall Standard Deviation 6' 'MFCC Overall Standard Deviation 9'
 'MFCC Overall Standard Deviation 10' 'MFCC Overall Standard Deviation 12'
 'MFCC Overall Standard Deviation 13' 'LPC Overall Standard Deviation 8'
 'LPC Overall Standard Deviation 9'
 'Method of Moments Overall Standard Deviation 1'
 'Method of Moments Overall Standard Deviation 2'
 'Compactness Overall Average' 'MFCC Overall Average 3'
 'MFCC Overall Average 6' 'MFCC Overall Average 7'
 'MFCC Overall Average 8' 'MFCC Overall Average 9'
 'MFCC Overall Average 10' 'MFCC Overall Average 11'
 'MFCC Overall Average 12' 'LPC Overall Average 2' 'LPC Overall Average 4'
 'LPC Overall Average 9' 'Chroma feature 0' 'Chroma feature 7'
 'Chroma feature 8']",,,1.0,1.0,1.0
34,Mixed,False,"{'memory': None, 'steps': [('Imputer', SimpleImputer()), ('Scaler', StandardScaler()), ('Selector', SelectFromModel(estimator=LinearSVC(), max_features=18)), ('Classifier', Pipeline(steps=[('SVC',
                 OneVsRestClassifier(estimator=SVC(C=1000, cache_size=500,
                                                   class_weight='balanced',
                                                   coef0=4, degree=5,
                                                   gamma=0.01, max_iter=1000000,
                                                   probability=True,
                                                   random_state=42)))]))], 'transform_input': None, 'verbose': False, 'Imputer': SimpleImputer(), 'Scaler': StandardScaler(), 'Selector': SelectFromModel(estimator=LinearSVC(), max_features=18), 'Classifier': Pipeline(steps=[('SVC',
                 OneVsRestClassifier(estimator=SVC(C=1000, cache_size=500,
                                                   class_weight='balanced',
                                                   coef0=4, degree=5,
                                                   gamma=0.01, max_iter=1000000,
                                                   probability=True,
                                                   random_state=42)))]), 'Imputer__add_indicator': False, 'Imputer__copy': True, 'Imputer__fill_value': None, 'Imputer__keep_empty_features': False, 'Imputer__missing_values': nan, 'Imputer__strategy': 'mean', 'Scaler__copy': True, 'Scaler__with_mean': True, 'Scaler__with_std': True, 'Selector__estimator__C': 1.0, 'Selector__estimator__class_weight': None, 'Selector__estimator__dual': 'auto', 'Selector__estimator__fit_intercept': True, 'Selector__estimator__intercept_scaling': 1, 'Selector__estimator__loss': 'squared_hinge', 'Selector__estimator__max_iter': 1000, 'Selector__estimator__multi_class': 'ovr', 'Selector__estimator__penalty': 'l2', 'Selector__estimator__random_state': None, 'Selector__estimator__tol': 0.0001, 'Selector__estimator__verbose': 0, 'Selector__estimator': LinearSVC(), 'Selector__importance_getter': 'auto', 'Selector__max_features': 18, 'Selector__norm_order': 1, 'Selector__prefit': False, 'Selector__threshold': None, 'Classifier__memory': None, 'Classifier__steps': [('SVC', OneVsRestClassifier(estimator=SVC(C=1000, cache_size=500,
                                  class_weight='balanced', coef0=4, degree=5,
                                  gamma=0.01, max_iter=1000000,
                                  probability=True, random_state=42)))], 'Classifier__transform_input': None, 'Classifier__verbose': False, 'Classifier__SVC': OneVsRestClassifier(estimator=SVC(C=1000, cache_size=500,
                                  class_weight='balanced', coef0=4, degree=5,
                                  gamma=0.01, max_iter=1000000,
                                  probability=True, random_state=42)), 'Classifier__SVC__estimator__C': 1000, 'Classifier__SVC__estimator__break_ties': False, 'Classifier__SVC__estimator__cache_size': 500, 'Classifier__SVC__estimator__class_weight': 'balanced', 'Classifier__SVC__estimator__coef0': 4, 'Classifier__SVC__estimator__decision_function_shape': 'ovr', 'Classifier__SVC__estimator__degree': 5, 'Classifier__SVC__estimator__gamma': 0.01, 'Classifier__SVC__estimator__kernel': 'rbf', 'Classifier__SVC__estimator__max_iter': 1000000, 'Classifier__SVC__estimator__probability': True, 'Classifier__SVC__estimator__random_state': 42, 'Classifier__SVC__estimator__shrinking': True, 'Classifier__SVC__estimator__tol': 0.001, 'Classifier__SVC__estimator__verbose': False, 'Classifier__SVC__estimator': SVC(C=1000, cache_size=500, class_weight='balanced', coef0=4, degree=5,
    gamma=0.01, max_iter=1000000, probability=True, random_state=42), 'Classifier__SVC__n_jobs': None, 'Classifier__SVC__verbose': 0}","['MFCC Overall Standard Deviation 6' 'MFCC Overall Standard Deviation 10'
 'MFCC Overall Standard Deviation 12' 'MFCC Overall Standard Deviation 13'
 'LPC Overall Standard Deviation 8' 'LPC Overall Standard Deviation 9'
 'Method of Moments Overall Standard Deviation 2'
 'Compactness Overall Average' 'MFCC Overall Average 3'
 'MFCC Overall Average 6' 'MFCC Overall Average 7'
 'MFCC Overall Average 9' 'MFCC Overall Average 10'
 'LPC Overall Average 2' 'LPC Overall Average 4' 'LPC Overall Average 9'
 'Chroma feature 0' 'Chroma feature 7']",,,1.0,1.0,1.0
35,Mixed,False,"{'memory': None, 'steps': [('Imputer', SimpleImputer()), ('Scaler', StandardScaler()), ('Selector', SelectFromModel(estimator=LinearSVC(), max_features=24)), ('Classifier', Pipeline(steps=[('SVC',
                 OneVsRestClassifier(estimator=SVC(C=1000, cache_size=500,
                                                   class_weight='balanced',
                                                   coef0=4, degree=5,
                                                   gamma=0.01, max_iter=1000000,
                                                   probability=True,
                                                   random_state=42)))]))], 'transform_input': None, 'verbose': False, 'Imputer': SimpleImputer(), 'Scaler': StandardScaler(), 'Selector': SelectFromModel(estimator=LinearSVC(), max_features=24), 'Classifier': Pipeline(steps=[('SVC',
                 OneVsRestClassifier(estimator=SVC(C=1000, cache_size=500,
                                                   class_weight='balanced',
                                                   coef0=4, degree=5,
                                                   gamma=0.01, max_iter=1000000,
                                                   probability=True,
                                                   random_state=42)))]), 'Imputer__add_indicator': False, 'Imputer__copy': True, 'Imputer__fill_value': None, 'Imputer__keep_empty_features': False, 'Imputer__missing_values': nan, 'Imputer__strategy': 'mean', 'Scaler__copy': True, 'Scaler__with_mean': True, 'Scaler__with_std': True, 'Selector__estimator__C': 1.0, 'Selector__estimator__class_weight': None, 'Selector__estimator__dual': 'auto', 'Selector__estimator__fit_intercept': True, 'Selector__estimator__intercept_scaling': 1, 'Selector__estimator__loss': 'squared_hinge', 'Selector__estimator__max_iter': 1000, 'Selector__estimator__multi_class': 'ovr', 'Selector__estimator__penalty': 'l2', 'Selector__estimator__random_state': None, 'Selector__estimator__tol': 0.0001, 'Selector__estimator__verbose': 0, 'Selector__estimator': LinearSVC(), 'Selector__importance_getter': 'auto', 'Selector__max_features': 24, 'Selector__norm_order': 1, 'Selector__prefit': False, 'Selector__threshold': None, 'Classifier__memory': None, 'Classifier__steps': [('SVC', OneVsRestClassifier(estimator=SVC(C=1000, cache_size=500,
                                  class_weight='balanced', coef0=4, degree=5,
                                  gamma=0.01, max_iter=1000000,
                                  probability=True, random_state=42)))], 'Classifier__transform_input': None, 'Classifier__verbose': False, 'Classifier__SVC': OneVsRestClassifier(estimator=SVC(C=1000, cache_size=500,
                                  class_weight='balanced', coef0=4, degree=5,
                                  gamma=0.01, max_iter=1000000,
                                  probability=True, random_state=42)), 'Classifier__SVC__estimator__C': 1000, 'Classifier__SVC__estimator__break_ties': False, 'Classifier__SVC__estimator__cache_size': 500, 'Classifier__SVC__estimator__class_weight': 'balanced', 'Classifier__SVC__estimator__coef0': 4, 'Classifier__SVC__estimator__decision_function_shape': 'ovr', 'Classifier__SVC__estimator__degree': 5, 'Classifier__SVC__estimator__gamma': 0.01, 'Classifier__SVC__estimator__kernel': 'rbf', 'Classifier__SVC__estimator__max_iter': 1000000, 'Classifier__SVC__estimator__probability': True, 'Classifier__SVC__estimator__random_state': 42, 'Classifier__SVC__estimator__shrinking': True, 'Classifier__SVC__estimator__tol': 0.001, 'Classifier__SVC__estimator__verbose': False, 'Classifier__SVC__estimator': SVC(C=1000, cache_size=500, class_weight='balanced', coef0=4, degree=5,
    gamma=0.01, max_iter=1000000, probability=True, random_state=42), 'Classifier__SVC__n_jobs': None, 'Classifier__SVC__verbose': 0}","['MFCC Overall Standard Deviation 6' 'MFCC Overall Standard Deviation 9'
 'MFCC Overall Standard Deviation 10' 'MFCC Overall Standard Deviation 12'
 'MFCC Overall Standard Deviation 13' 'LPC Overall Standard Deviation 8'
 'LPC Overall Standard Deviation 9'
 'Method of Moments Overall Standard Deviation 1'
 'Method of Moments Overall Standard Deviation 2'
 'Compactness Overall Average' 'MFCC Overall Average 3'
 'MFCC Overall Average 6' 'MFCC Overall Average 7'
 'MFCC Overall Average 8' 'MFCC Overall Average 9'
 'MFCC Overall Average 10' 'MFCC Overall Average 11'
 'MFCC Overall Average 12' 'LPC Overall Average 2' 'LPC Overall Average 4'
 'LPC Overall Average 9' 'Chroma feature 0' 'Chroma feature 7'
 'Chroma feature 8']",,,1.0,1.0,1.0
36,Mixed,False,"{'memory': None, 'steps': [('Imputer', SimpleImputer()), ('Scaler', StandardScaler()), ('Selector', SelectFromModel(estimator=LinearSVC(), max_features=18)), ('Classifier', Pipeline(steps=[('SVC',
                 OneVsRestClassifier(estimator=SVC(C=0.1, cache_size=500,
                                                   class_weight='balanced',
                                                   coef0=4, degree=5,
                                                   gamma=0.001, kernel='poly',
                                                   max_iter=1000000,
                                                   probability=True,
                                                   random_state=42)))]))], 'transform_input': None, 'verbose': False, 'Imputer': SimpleImputer(), 'Scaler': StandardScaler(), 'Selector': SelectFromModel(estimator=LinearSVC(), max_features=18), 'Classifier': Pipeline(steps=[('SVC',
                 OneVsRestClassifier(estimator=SVC(C=0.1, cache_size=500,
                                                   class_weight='balanced',
                                                   coef0=4, degree=5,
                                                   gamma=0.001, kernel='poly',
                                                   max_iter=1000000,
                                                   probability=True,
                                                   random_state=42)))]), 'Imputer__add_indicator': False, 'Imputer__copy': True, 'Imputer__fill_value': None, 'Imputer__keep_empty_features': False, 'Imputer__missing_values': nan, 'Imputer__strategy': 'mean', 'Scaler__copy': True, 'Scaler__with_mean': True, 'Scaler__with_std': True, 'Selector__estimator__C': 1.0, 'Selector__estimator__class_weight': None, 'Selector__estimator__dual': 'auto', 'Selector__estimator__fit_intercept': True, 'Selector__estimator__intercept_scaling': 1, 'Selector__estimator__loss': 'squared_hinge', 'Selector__estimator__max_iter': 1000, 'Selector__estimator__multi_class': 'ovr', 'Selector__estimator__penalty': 'l2', 'Selector__estimator__random_state': None, 'Selector__estimator__tol': 0.0001, 'Selector__estimator__verbose': 0, 'Selector__estimator': LinearSVC(), 'Selector__importance_getter': 'auto', 'Selector__max_features': 18, 'Selector__norm_order': 1, 'Selector__prefit': False, 'Selector__threshold': None, 'Classifier__memory': None, 'Classifier__steps': [('SVC', OneVsRestClassifier(estimator=SVC(C=0.1, cache_size=500,
                                  class_weight='balanced', coef0=4, degree=5,
                                  gamma=0.001, kernel='poly', max_iter=1000000,
                                  probability=True, random_state=42)))], 'Classifier__transform_input': None, 'Classifier__verbose': False, 'Classifier__SVC': OneVsRestClassifier(estimator=SVC(C=0.1, cache_size=500,
                                  class_weight='balanced', coef0=4, degree=5,
                                  gamma=0.001, kernel='poly', max_iter=1000000,
                                  probability=True, random_state=42)), 'Classifier__SVC__estimator__C': 0.1, 'Classifier__SVC__estimator__break_ties': False, 'Classifier__SVC__estimator__cache_size': 500, 'Classifier__SVC__estimator__class_weight': 'balanced', 'Classifier__SVC__estimator__coef0': 4, 'Classifier__SVC__estimator__decision_function_shape': 'ovr', 'Classifier__SVC__estimator__degree': 5, 'Classifier__SVC__estimator__gamma': 0.001, 'Classifier__SVC__estimator__kernel': 'poly', 'Classifier__SVC__estimator__max_iter': 1000000, 'Classifier__SVC__estimator__probability': True, 'Classifier__SVC__estimator__random_state': 42, 'Classifier__SVC__estimator__shrinking': True, 'Classifier__SVC__estimator__tol': 0.001, 'Classifier__SVC__estimator__verbose': False, 'Classifier__SVC__estimator': SVC(C=0.1, cache_size=500, class_weight='balanced', coef0=4, degree=5,
    gamma=0.001, kernel='poly', max_iter=1000000, probability=True,
    random_state=42), 'Classifier__SVC__n_jobs': None, 'Classifier__SVC__verbose': 0}","['MFCC Overall Standard Deviation 6' 'MFCC Overall Standard Deviation 10'
 'MFCC Overall Standard Deviation 12' 'MFCC Overall Standard Deviation 13'
 'LPC Overall Standard Deviation 8' 'LPC Overall Standard Deviation 9'
 'Method of Moments Overall Standard Deviation 2'
 'Compactness Overall Average' 'MFCC Overall Average 3'
 'MFCC Overall Average 6' 'MFCC Overall Average 7'
 'MFCC Overall Average 9' 'MFCC Overall Average 10'
 'LPC Overall Average 2' 'LPC Overall Average 4' 'LPC Overall Average 9'
 'Chroma feature 0' 'Chroma feature 7']",,,1.0,1.0,1.0
37,Mixed,False,"{'memory': None, 'steps': [('Imputer', SimpleImputer()), ('Scaler', StandardScaler()), ('Selector', SelectFromModel(estimator=LinearSVC(), max_features=24)), ('Classifier', Pipeline(steps=[('SVC',
                 OneVsRestClassifier(estimator=SVC(C=10, cache_size=500,
                                                   class_weight='balanced',
                                                   coef0=4, degree=5,
                                                   gamma=0.01, max_iter=1000000,
                                                   probability=True,
                                                   random_state=42)))]))], 'transform_input': None, 'verbose': False, 'Imputer': SimpleImputer(), 'Scaler': StandardScaler(), 'Selector': SelectFromModel(estimator=LinearSVC(), max_features=24), 'Classifier': Pipeline(steps=[('SVC',
                 OneVsRestClassifier(estimator=SVC(C=10, cache_size=500,
                                                   class_weight='balanced',
                                                   coef0=4, degree=5,
                                                   gamma=0.01, max_iter=1000000,
                                                   probability=True,
                                                   random_state=42)))]), 'Imputer__add_indicator': False, 'Imputer__copy': True, 'Imputer__fill_value': None, 'Imputer__keep_empty_features': False, 'Imputer__missing_values': nan, 'Imputer__strategy': 'mean', 'Scaler__copy': True, 'Scaler__with_mean': True, 'Scaler__with_std': True, 'Selector__estimator__C': 1.0, 'Selector__estimator__class_weight': None, 'Selector__estimator__dual': 'auto', 'Selector__estimator__fit_intercept': True, 'Selector__estimator__intercept_scaling': 1, 'Selector__estimator__loss': 'squared_hinge', 'Selector__estimator__max_iter': 1000, 'Selector__estimator__multi_class': 'ovr', 'Selector__estimator__penalty': 'l2', 'Selector__estimator__random_state': None, 'Selector__estimator__tol': 0.0001, 'Selector__estimator__verbose': 0, 'Selector__estimator': LinearSVC(), 'Selector__importance_getter': 'auto', 'Selector__max_features': 24, 'Selector__norm_order': 1, 'Selector__prefit': False, 'Selector__threshold': None, 'Classifier__memory': None, 'Classifier__steps': [('SVC', OneVsRestClassifier(estimator=SVC(C=10, cache_size=500, class_weight='balanced',
                                  coef0=4, degree=5, gamma=0.01,
                                  max_iter=1000000, probability=True,
                                  random_state=42)))], 'Classifier__transform_input': None, 'Classifier__verbose': False, 'Classifier__SVC': OneVsRestClassifier(estimator=SVC(C=10, cache_size=500, class_weight='balanced',
                                  coef0=4, degree=5, gamma=0.01,
                                  max_iter=1000000, probability=True,
                                  random_state=42)), 'Classifier__SVC__estimator__C': 10, 'Classifier__SVC__estimator__break_ties': False, 'Classifier__SVC__estimator__cache_size': 500, 'Classifier__SVC__estimator__class_weight': 'balanced', 'Classifier__SVC__estimator__coef0': 4, 'Classifier__SVC__estimator__decision_function_shape': 'ovr', 'Classifier__SVC__estimator__degree': 5, 'Classifier__SVC__estimator__gamma': 0.01, 'Classifier__SVC__estimator__kernel': 'rbf', 'Classifier__SVC__estimator__max_iter': 1000000, 'Classifier__SVC__estimator__probability': True, 'Classifier__SVC__estimator__random_state': 42, 'Classifier__SVC__estimator__shrinking': True, 'Classifier__SVC__estimator__tol': 0.001, 'Classifier__SVC__estimator__verbose': False, 'Classifier__SVC__estimator': SVC(C=10, cache_size=500, class_weight='balanced', coef0=4, degree=5,
    gamma=0.01, max_iter=1000000, probability=True, random_state=42), 'Classifier__SVC__n_jobs': None, 'Classifier__SVC__verbose': 0}","['MFCC Overall Standard Deviation 6' 'MFCC Overall Standard Deviation 9'
 'MFCC Overall Standard Deviation 10' 'MFCC Overall Standard Deviation 12'
 'MFCC Overall Standard Deviation 13' 'LPC Overall Standard Deviation 8'
 'LPC Overall Standard Deviation 9'
 'Method of Moments Overall Standard Deviation 1'
 'Method of Moments Overall Standard Deviation 2'
 'Compactness Overall Average' 'MFCC Overall Average 3'
 'MFCC Overall Average 6' 'MFCC Overall Average 7'
 'MFCC Overall Average 8' 'MFCC Overall Average 9'
 'MFCC Overall Average 10' 'MFCC Overall Average 11'
 'MFCC Overall Average 12' 'LPC Overall Average 2' 'LPC Overall Average 4'
 'LPC Overall Average 9' 'Chroma feature 0' 'Chroma feature 7'
 'Chroma feature 8']",,,1.0,1.0,1.0
38,Mixed,False,"{'memory': None, 'steps': [('Imputer', SimpleImputer()), ('Scaler', StandardScaler()), ('Selector', SelectFromModel(estimator=LinearSVC(), max_features=18)), ('Classifier', Pipeline(steps=[('SVC',
                 OneVsRestClassifier(estimator=SVC(C=100, cache_size=500,
                                                   class_weight='balanced',
                                                   coef0=4, degree=5,
                                                   gamma=0.01, max_iter=1000000,
                                                   probability=True,
                                                   random_state=42)))]))], 'transform_input': None, 'verbose': False, 'Imputer': SimpleImputer(), 'Scaler': StandardScaler(), 'Selector': SelectFromModel(estimator=LinearSVC(), max_features=18), 'Classifier': Pipeline(steps=[('SVC',
                 OneVsRestClassifier(estimator=SVC(C=100, cache_size=500,
                                                   class_weight='balanced',
                                                   coef0=4, degree=5,
                                                   gamma=0.01, max_iter=1000000,
                                                   probability=True,
                                                   random_state=42)))]), 'Imputer__add_indicator': False, 'Imputer__copy': True, 'Imputer__fill_value': None, 'Imputer__keep_empty_features': False, 'Imputer__missing_values': nan, 'Imputer__strategy': 'mean', 'Scaler__copy': True, 'Scaler__with_mean': True, 'Scaler__with_std': True, 'Selector__estimator__C': 1.0, 'Selector__estimator__class_weight': None, 'Selector__estimator__dual': 'auto', 'Selector__estimator__fit_intercept': True, 'Selector__estimator__intercept_scaling': 1, 'Selector__estimator__loss': 'squared_hinge', 'Selector__estimator__max_iter': 1000, 'Selector__estimator__multi_class': 'ovr', 'Selector__estimator__penalty': 'l2', 'Selector__estimator__random_state': None, 'Selector__estimator__tol': 0.0001, 'Selector__estimator__verbose': 0, 'Selector__estimator': LinearSVC(), 'Selector__importance_getter': 'auto', 'Selector__max_features': 18, 'Selector__norm_order': 1, 'Selector__prefit': False, 'Selector__threshold': None, 'Classifier__memory': None, 'Classifier__steps': [('SVC', OneVsRestClassifier(estimator=SVC(C=100, cache_size=500,
                                  class_weight='balanced', coef0=4, degree=5,
                                  gamma=0.01, max_iter=1000000,
                                  probability=True, random_state=42)))], 'Classifier__transform_input': None, 'Classifier__verbose': False, 'Classifier__SVC': OneVsRestClassifier(estimator=SVC(C=100, cache_size=500,
                                  class_weight='balanced', coef0=4, degree=5,
                                  gamma=0.01, max_iter=1000000,
                                  probability=True, random_state=42)), 'Classifier__SVC__estimator__C': 100, 'Classifier__SVC__estimator__break_ties': False, 'Classifier__SVC__estimator__cache_size': 500, 'Classifier__SVC__estimator__class_weight': 'balanced', 'Classifier__SVC__estimator__coef0': 4, 'Classifier__SVC__estimator__decision_function_shape': 'ovr', 'Classifier__SVC__estimator__degree': 5, 'Classifier__SVC__estimator__gamma': 0.01, 'Classifier__SVC__estimator__kernel': 'rbf', 'Classifier__SVC__estimator__max_iter': 1000000, 'Classifier__SVC__estimator__probability': True, 'Classifier__SVC__estimator__random_state': 42, 'Classifier__SVC__estimator__shrinking': True, 'Classifier__SVC__estimator__tol': 0.001, 'Classifier__SVC__estimator__verbose': False, 'Classifier__SVC__estimator': SVC(C=100, cache_size=500, class_weight='balanced', coef0=4, degree=5,
    gamma=0.01, max_iter=1000000, probability=True, random_state=42), 'Classifier__SVC__n_jobs': None, 'Classifier__SVC__verbose': 0}","['MFCC Overall Standard Deviation 6' 'MFCC Overall Standard Deviation 10'
 'MFCC Overall Standard Deviation 12' 'MFCC Overall Standard Deviation 13'
 'LPC Overall Standard Deviation 8' 'LPC Overall Standard Deviation 9'
 'Method of Moments Overall Standard Deviation 2'
 'Compactness Overall Average' 'MFCC Overall Average 3'
 'MFCC Overall Average 6' 'MFCC Overall Average 7'
 'MFCC Overall Average 9' 'MFCC Overall Average 10'
 'LPC Overall Average 2' 'LPC Overall Average 4' 'LPC Overall Average 9'
 'Chroma feature 0' 'Chroma feature 7']",,,1.0,1.0,1.0
39,Mixed,False,"{'memory': None, 'steps': [('Imputer', SimpleImputer()), ('Scaler', MinMaxScaler()), ('Selector', SelectFromModel(estimator=LinearSVC(), max_features=20)), ('Classifier', Pipeline(steps=[('SVC',
                 OneVsRestClassifier(estimator=SVC(C=0.01, cache_size=500,
                                                   class_weight='balanced',
                                                   coef0=6, degree=5,
                                                   gamma=0.01, kernel='poly',
                                                   max_iter=1000000,
                                                   probability=True,
                                                   random_state=42)))]))], 'transform_input': None, 'verbose': False, 'Imputer': SimpleImputer(), 'Scaler': MinMaxScaler(), 'Selector': SelectFromModel(estimator=LinearSVC(), max_features=20), 'Classifier': Pipeline(steps=[('SVC',
                 OneVsRestClassifier(estimator=SVC(C=0.01, cache_size=500,
                                                   class_weight='balanced',
                                                   coef0=6, degree=5,
                                                   gamma=0.01, kernel='poly',
                                                   max_iter=1000000,
                                                   probability=True,
                                                   random_state=42)))]), 'Imputer__add_indicator': False, 'Imputer__copy': True, 'Imputer__fill_value': None, 'Imputer__keep_empty_features': False, 'Imputer__missing_values': nan, 'Imputer__strategy': 'mean', 'Scaler__clip': False, 'Scaler__copy': True, 'Scaler__feature_range': (0, 1), 'Selector__estimator__C': 1.0, 'Selector__estimator__class_weight': None, 'Selector__estimator__dual': 'auto', 'Selector__estimator__fit_intercept': True, 'Selector__estimator__intercept_scaling': 1, 'Selector__estimator__loss': 'squared_hinge', 'Selector__estimator__max_iter': 1000, 'Selector__estimator__multi_class': 'ovr', 'Selector__estimator__penalty': 'l2', 'Selector__estimator__random_state': None, 'Selector__estimator__tol': 0.0001, 'Selector__estimator__verbose': 0, 'Selector__estimator': LinearSVC(), 'Selector__importance_getter': 'auto', 'Selector__max_features': 20, 'Selector__norm_order': 1, 'Selector__prefit': False, 'Selector__threshold': None, 'Classifier__memory': None, 'Classifier__steps': [('SVC', OneVsRestClassifier(estimator=SVC(C=0.01, cache_size=500,
                                  class_weight='balanced', coef0=6, degree=5,
                                  gamma=0.01, kernel='poly', max_iter=1000000,
                                  probability=True, random_state=42)))], 'Classifier__transform_input': None, 'Classifier__verbose': False, 'Classifier__SVC': OneVsRestClassifier(estimator=SVC(C=0.01, cache_size=500,
                                  class_weight='balanced', coef0=6, degree=5,
                                  gamma=0.01, kernel='poly', max_iter=1000000,
                                  probability=True, random_state=42)), 'Classifier__SVC__estimator__C': 0.01, 'Classifier__SVC__estimator__break_ties': False, 'Classifier__SVC__estimator__cache_size': 500, 'Classifier__SVC__estimator__class_weight': 'balanced', 'Classifier__SVC__estimator__coef0': 6, 'Classifier__SVC__estimator__decision_function_shape': 'ovr', 'Classifier__SVC__estimator__degree': 5, 'Classifier__SVC__estimator__gamma': 0.01, 'Classifier__SVC__estimator__kernel': 'poly', 'Classifier__SVC__estimator__max_iter': 1000000, 'Classifier__SVC__estimator__probability': True, 'Classifier__SVC__estimator__random_state': 42, 'Classifier__SVC__estimator__shrinking': True, 'Classifier__SVC__estimator__tol': 0.001, 'Classifier__SVC__estimator__verbose': False, 'Classifier__SVC__estimator': SVC(C=0.01, cache_size=500, class_weight='balanced', coef0=6, degree=5,
    gamma=0.01, kernel='poly', max_iter=1000000, probability=True,
    random_state=42), 'Classifier__SVC__n_jobs': None, 'Classifier__SVC__verbose': 0}","['MFCC Overall Standard Deviation 4' 'MFCC Overall Standard Deviation 12'
 'MFCC Overall Standard Deviation 13' 'LPC Overall Standard Deviation 7'
 'LPC Overall Standard Deviation 8' 'LPC Overall Standard Deviation 9'
 'Compactness Overall Average'
 'Fraction Of Low Energy Windows Overall Average' 'MFCC Overall Average 3'
 'MFCC Overall Average 6' 'MFCC Overall Average 9'
 'MFCC Overall Average 10' 'MFCC Overall Average 13'
 'LPC Overall Average 2' 'LPC Overall Average 4' 'LPC Overall Average 9'
 'Chroma feature 0' 'Chroma feature 1' 'Chroma feature 6'
 'Chroma feature 7']",,,1.0,1.0,1.0
40,Vocals,False,"{'memory': None, 'steps': [('Imputer', SimpleImputer()), ('Scaler', StandardScaler()), ('Selector', SelectFromModel(estimator=LinearSVC(), max_features=18)), ('Classifier', Pipeline(steps=[('SVC',
                 OneVsRestClassifier(estimator=SVC(C=1, cache_size=500,
                                                   class_weight='balanced',
                                                   coef0=6, degree=5,
                                                   gamma=0.01, kernel='linear',
                                                   max_iter=1000000,
                                                   probability=True,
                                                   random_state=42)))]))], 'transform_input': None, 'verbose': False, 'Imputer': SimpleImputer(), 'Scaler': StandardScaler(), 'Selector': SelectFromModel(estimator=LinearSVC(), max_features=18), 'Classifier': Pipeline(steps=[('SVC',
                 OneVsRestClassifier(estimator=SVC(C=1, cache_size=500,
                                                   class_weight='balanced',
                                                   coef0=6, degree=5,
                                                   gamma=0.01, kernel='linear',
                                                   max_iter=1000000,
                                                   probability=True,
                                                   random_state=42)))]), 'Imputer__add_indicator': False, 'Imputer__copy': True, 'Imputer__fill_value': None, 'Imputer__keep_empty_features': False, 'Imputer__missing_values': nan, 'Imputer__strategy': 'mean', 'Scaler__copy': True, 'Scaler__with_mean': True, 'Scaler__with_std': True, 'Selector__estimator__C': 1.0, 'Selector__estimator__class_weight': None, 'Selector__estimator__dual': 'auto', 'Selector__estimator__fit_intercept': True, 'Selector__estimator__intercept_scaling': 1, 'Selector__estimator__loss': 'squared_hinge', 'Selector__estimator__max_iter': 1000, 'Selector__estimator__multi_class': 'ovr', 'Selector__estimator__penalty': 'l2', 'Selector__estimator__random_state': None, 'Selector__estimator__tol': 0.0001, 'Selector__estimator__verbose': 0, 'Selector__estimator': LinearSVC(), 'Selector__importance_getter': 'auto', 'Selector__max_features': 18, 'Selector__norm_order': 1, 'Selector__prefit': False, 'Selector__threshold': None, 'Classifier__memory': None, 'Classifier__steps': [('SVC', OneVsRestClassifier(estimator=SVC(C=1, cache_size=500, class_weight='balanced',
                                  coef0=6, degree=5, gamma=0.01,
                                  kernel='linear', max_iter=1000000,
                                  probability=True, random_state=42)))], 'Classifier__transform_input': None, 'Classifier__verbose': False, 'Classifier__SVC': OneVsRestClassifier(estimator=SVC(C=1, cache_size=500, class_weight='balanced',
                                  coef0=6, degree=5, gamma=0.01,
                                  kernel='linear', max_iter=1000000,
                                  probability=True, random_state=42)), 'Classifier__SVC__estimator__C': 1, 'Classifier__SVC__estimator__break_ties': False, 'Classifier__SVC__estimator__cache_size': 500, 'Classifier__SVC__estimator__class_weight': 'balanced', 'Classifier__SVC__estimator__coef0': 6, 'Classifier__SVC__estimator__decision_function_shape': 'ovr', 'Classifier__SVC__estimator__degree': 5, 'Classifier__SVC__estimator__gamma': 0.01, 'Classifier__SVC__estimator__kernel': 'linear', 'Classifier__SVC__estimator__max_iter': 1000000, 'Classifier__SVC__estimator__probability': True, 'Classifier__SVC__estimator__random_state': 42, 'Classifier__SVC__estimator__shrinking': True, 'Classifier__SVC__estimator__tol': 0.001, 'Classifier__SVC__estimator__verbose': False, 'Classifier__SVC__estimator': SVC(C=1, cache_size=500, class_weight='balanced', coef0=6, degree=5, gamma=0.01,
    kernel='linear', max_iter=1000000, probability=True, random_state=42), 'Classifier__SVC__n_jobs': None, 'Classifier__SVC__verbose': 0}","['Spectral Rolloff Point Overall Standard Deviation'
 'Compactness Overall Standard Deviation'
 'Spectral Variability Overall Standard Deviation'
 'Root Mean Square Overall Standard Deviation'
 'Fraction Of Low Energy Windows Overall Standard Deviation'
 'MFCC Overall Standard Deviation 2' 'MFCC Overall Standard Deviation 4'
 'MFCC Overall Standard Deviation 5' 'MFCC Overall Standard Deviation 10'
 'MFCC Overall Standard Deviation 13' 'LPC Overall Standard Deviation 1'
 'LPC Overall Standard Deviation 5' 'LPC Overall Standard Deviation 6'
 'Method of Moments Overall Standard Deviation 4' 'MFCC Overall Average 7'
 'MFCC Overall Average 8' 'LPC Overall Average 9' 'Chroma feature 6']",,,0.5,0.3333333333333333,0.3333333333333333
41,Vocals,False,"{'memory': None, 'steps': [('Imputer', SimpleImputer()), ('Scaler', StandardScaler()), ('Selector', SelectFromModel(estimator=LinearSVC(), max_features=20)), ('Classifier', Pipeline(steps=[('SVC',
                 OneVsRestClassifier(estimator=SVC(C=0.01, cache_size=500,
                                                   class_weight='balanced',
                                                   coef0=6, degree=5,
                                                   gamma=0.01, kernel='poly',
                                                   max_iter=1000000,
                                                   probability=True,
                                                   random_state=42)))]))], 'transform_input': None, 'verbose': False, 'Imputer': SimpleImputer(), 'Scaler': StandardScaler(), 'Selector': SelectFromModel(estimator=LinearSVC(), max_features=20), 'Classifier': Pipeline(steps=[('SVC',
                 OneVsRestClassifier(estimator=SVC(C=0.01, cache_size=500,
                                                   class_weight='balanced',
                                                   coef0=6, degree=5,
                                                   gamma=0.01, kernel='poly',
                                                   max_iter=1000000,
                                                   probability=True,
                                                   random_state=42)))]), 'Imputer__add_indicator': False, 'Imputer__copy': True, 'Imputer__fill_value': None, 'Imputer__keep_empty_features': False, 'Imputer__missing_values': nan, 'Imputer__strategy': 'mean', 'Scaler__copy': True, 'Scaler__with_mean': True, 'Scaler__with_std': True, 'Selector__estimator__C': 1.0, 'Selector__estimator__class_weight': None, 'Selector__estimator__dual': 'auto', 'Selector__estimator__fit_intercept': True, 'Selector__estimator__intercept_scaling': 1, 'Selector__estimator__loss': 'squared_hinge', 'Selector__estimator__max_iter': 1000, 'Selector__estimator__multi_class': 'ovr', 'Selector__estimator__penalty': 'l2', 'Selector__estimator__random_state': None, 'Selector__estimator__tol': 0.0001, 'Selector__estimator__verbose': 0, 'Selector__estimator': LinearSVC(), 'Selector__importance_getter': 'auto', 'Selector__max_features': 20, 'Selector__norm_order': 1, 'Selector__prefit': False, 'Selector__threshold': None, 'Classifier__memory': None, 'Classifier__steps': [('SVC', OneVsRestClassifier(estimator=SVC(C=0.01, cache_size=500,
                                  class_weight='balanced', coef0=6, degree=5,
                                  gamma=0.01, kernel='poly', max_iter=1000000,
                                  probability=True, random_state=42)))], 'Classifier__transform_input': None, 'Classifier__verbose': False, 'Classifier__SVC': OneVsRestClassifier(estimator=SVC(C=0.01, cache_size=500,
                                  class_weight='balanced', coef0=6, degree=5,
                                  gamma=0.01, kernel='poly', max_iter=1000000,
                                  probability=True, random_state=42)), 'Classifier__SVC__estimator__C': 0.01, 'Classifier__SVC__estimator__break_ties': False, 'Classifier__SVC__estimator__cache_size': 500, 'Classifier__SVC__estimator__class_weight': 'balanced', 'Classifier__SVC__estimator__coef0': 6, 'Classifier__SVC__estimator__decision_function_shape': 'ovr', 'Classifier__SVC__estimator__degree': 5, 'Classifier__SVC__estimator__gamma': 0.01, 'Classifier__SVC__estimator__kernel': 'poly', 'Classifier__SVC__estimator__max_iter': 1000000, 'Classifier__SVC__estimator__probability': True, 'Classifier__SVC__estimator__random_state': 42, 'Classifier__SVC__estimator__shrinking': True, 'Classifier__SVC__estimator__tol': 0.001, 'Classifier__SVC__estimator__verbose': False, 'Classifier__SVC__estimator': SVC(C=0.01, cache_size=500, class_weight='balanced', coef0=6, degree=5,
    gamma=0.01, kernel='poly', max_iter=1000000, probability=True,
    random_state=42), 'Classifier__SVC__n_jobs': None, 'Classifier__SVC__verbose': 0}","['Spectral Rolloff Point Overall Standard Deviation'
 'Compactness Overall Standard Deviation'
 'Spectral Variability Overall Standard Deviation'
 'Root Mean Square Overall Standard Deviation'
 'Fraction Of Low Energy Windows Overall Standard Deviation'
 'MFCC Overall Standard Deviation 2' 'MFCC Overall Standard Deviation 4'
 'MFCC Overall Standard Deviation 5' 'MFCC Overall Standard Deviation 10'
 'MFCC Overall Standard Deviation 13' 'LPC Overall Standard Deviation 1'
 'LPC Overall Standard Deviation 5' 'LPC Overall Standard Deviation 6'
 'Method of Moments Overall Standard Deviation 2'
 'Method of Moments Overall Standard Deviation 4' 'MFCC Overall Average 7'
 'MFCC Overall Average 8' 'LPC Overall Average 8' 'LPC Overall Average 9'
 'Chroma feature 6']",,,0.75,0.6666666666666666,0.6666666666666666
42,Vocals,False,"{'memory': None, 'steps': [('Imputer', SimpleImputer()), ('Scaler', StandardScaler()), ('Selector', SelectFromModel(estimator=LinearSVC(), max_features=20)), ('Classifier', Pipeline(steps=[('SVC',
                 OneVsRestClassifier(estimator=SVC(C=1000, cache_size=500,
                                                   class_weight='balanced',
                                                   coef0=6, degree=5,
                                                   gamma=0.01, kernel='linear',
                                                   max_iter=1000000,
                                                   probability=True,
                                                   random_state=42)))]))], 'transform_input': None, 'verbose': False, 'Imputer': SimpleImputer(), 'Scaler': StandardScaler(), 'Selector': SelectFromModel(estimator=LinearSVC(), max_features=20), 'Classifier': Pipeline(steps=[('SVC',
                 OneVsRestClassifier(estimator=SVC(C=1000, cache_size=500,
                                                   class_weight='balanced',
                                                   coef0=6, degree=5,
                                                   gamma=0.01, kernel='linear',
                                                   max_iter=1000000,
                                                   probability=True,
                                                   random_state=42)))]), 'Imputer__add_indicator': False, 'Imputer__copy': True, 'Imputer__fill_value': None, 'Imputer__keep_empty_features': False, 'Imputer__missing_values': nan, 'Imputer__strategy': 'mean', 'Scaler__copy': True, 'Scaler__with_mean': True, 'Scaler__with_std': True, 'Selector__estimator__C': 1.0, 'Selector__estimator__class_weight': None, 'Selector__estimator__dual': 'auto', 'Selector__estimator__fit_intercept': True, 'Selector__estimator__intercept_scaling': 1, 'Selector__estimator__loss': 'squared_hinge', 'Selector__estimator__max_iter': 1000, 'Selector__estimator__multi_class': 'ovr', 'Selector__estimator__penalty': 'l2', 'Selector__estimator__random_state': None, 'Selector__estimator__tol': 0.0001, 'Selector__estimator__verbose': 0, 'Selector__estimator': LinearSVC(), 'Selector__importance_getter': 'auto', 'Selector__max_features': 20, 'Selector__norm_order': 1, 'Selector__prefit': False, 'Selector__threshold': None, 'Classifier__memory': None, 'Classifier__steps': [('SVC', OneVsRestClassifier(estimator=SVC(C=1000, cache_size=500,
                                  class_weight='balanced', coef0=6, degree=5,
                                  gamma=0.01, kernel='linear', max_iter=1000000,
                                  probability=True, random_state=42)))], 'Classifier__transform_input': None, 'Classifier__verbose': False, 'Classifier__SVC': OneVsRestClassifier(estimator=SVC(C=1000, cache_size=500,
                                  class_weight='balanced', coef0=6, degree=5,
                                  gamma=0.01, kernel='linear', max_iter=1000000,
                                  probability=True, random_state=42)), 'Classifier__SVC__estimator__C': 1000, 'Classifier__SVC__estimator__break_ties': False, 'Classifier__SVC__estimator__cache_size': 500, 'Classifier__SVC__estimator__class_weight': 'balanced', 'Classifier__SVC__estimator__coef0': 6, 'Classifier__SVC__estimator__decision_function_shape': 'ovr', 'Classifier__SVC__estimator__degree': 5, 'Classifier__SVC__estimator__gamma': 0.01, 'Classifier__SVC__estimator__kernel': 'linear', 'Classifier__SVC__estimator__max_iter': 1000000, 'Classifier__SVC__estimator__probability': True, 'Classifier__SVC__estimator__random_state': 42, 'Classifier__SVC__estimator__shrinking': True, 'Classifier__SVC__estimator__tol': 0.001, 'Classifier__SVC__estimator__verbose': False, 'Classifier__SVC__estimator': SVC(C=1000, cache_size=500, class_weight='balanced', coef0=6, degree=5,
    gamma=0.01, kernel='linear', max_iter=1000000, probability=True,
    random_state=42), 'Classifier__SVC__n_jobs': None, 'Classifier__SVC__verbose': 0}","['Spectral Rolloff Point Overall Standard Deviation'
 'Compactness Overall Standard Deviation'
 'Spectral Variability Overall Standard Deviation'
 'Root Mean Square Overall Standard Deviation'
 'Fraction Of Low Energy Windows Overall Standard Deviation'
 'MFCC Overall Standard Deviation 2' 'MFCC Overall Standard Deviation 4'
 'MFCC Overall Standard Deviation 5' 'MFCC Overall Standard Deviation 10'
 'MFCC Overall Standard Deviation 13' 'LPC Overall Standard Deviation 1'
 'LPC Overall Standard Deviation 5' 'LPC Overall Standard Deviation 6'
 'Method of Moments Overall Standard Deviation 2'
 'Method of Moments Overall Standard Deviation 4' 'MFCC Overall Average 7'
 'MFCC Overall Average 8' 'LPC Overall Average 8' 'LPC Overall Average 9'
 'Chroma feature 6']",,,0.5,0.3333333333333333,0.3333333333333333
43,Vocals,False,"{'memory': None, 'steps': [('Imputer', SimpleImputer()), ('Scaler', StandardScaler()), ('Selector', SelectFromModel(estimator=LinearSVC(), max_features=18)), ('Classifier', Pipeline(steps=[('SVC',
                 OneVsRestClassifier(estimator=SVC(C=0.1, cache_size=500,
                                                   class_weight='balanced',
                                                   coef0=6, degree=5,
                                                   gamma=0.001, kernel='poly',
                                                   max_iter=1000000,
                                                   probability=True,
                                                   random_state=42)))]))], 'transform_input': None, 'verbose': False, 'Imputer': SimpleImputer(), 'Scaler': StandardScaler(), 'Selector': SelectFromModel(estimator=LinearSVC(), max_features=18), 'Classifier': Pipeline(steps=[('SVC',
                 OneVsRestClassifier(estimator=SVC(C=0.1, cache_size=500,
                                                   class_weight='balanced',
                                                   coef0=6, degree=5,
                                                   gamma=0.001, kernel='poly',
                                                   max_iter=1000000,
                                                   probability=True,
                                                   random_state=42)))]), 'Imputer__add_indicator': False, 'Imputer__copy': True, 'Imputer__fill_value': None, 'Imputer__keep_empty_features': False, 'Imputer__missing_values': nan, 'Imputer__strategy': 'mean', 'Scaler__copy': True, 'Scaler__with_mean': True, 'Scaler__with_std': True, 'Selector__estimator__C': 1.0, 'Selector__estimator__class_weight': None, 'Selector__estimator__dual': 'auto', 'Selector__estimator__fit_intercept': True, 'Selector__estimator__intercept_scaling': 1, 'Selector__estimator__loss': 'squared_hinge', 'Selector__estimator__max_iter': 1000, 'Selector__estimator__multi_class': 'ovr', 'Selector__estimator__penalty': 'l2', 'Selector__estimator__random_state': None, 'Selector__estimator__tol': 0.0001, 'Selector__estimator__verbose': 0, 'Selector__estimator': LinearSVC(), 'Selector__importance_getter': 'auto', 'Selector__max_features': 18, 'Selector__norm_order': 1, 'Selector__prefit': False, 'Selector__threshold': None, 'Classifier__memory': None, 'Classifier__steps': [('SVC', OneVsRestClassifier(estimator=SVC(C=0.1, cache_size=500,
                                  class_weight='balanced', coef0=6, degree=5,
                                  gamma=0.001, kernel='poly', max_iter=1000000,
                                  probability=True, random_state=42)))], 'Classifier__transform_input': None, 'Classifier__verbose': False, 'Classifier__SVC': OneVsRestClassifier(estimator=SVC(C=0.1, cache_size=500,
                                  class_weight='balanced', coef0=6, degree=5,
                                  gamma=0.001, kernel='poly', max_iter=1000000,
                                  probability=True, random_state=42)), 'Classifier__SVC__estimator__C': 0.1, 'Classifier__SVC__estimator__break_ties': False, 'Classifier__SVC__estimator__cache_size': 500, 'Classifier__SVC__estimator__class_weight': 'balanced', 'Classifier__SVC__estimator__coef0': 6, 'Classifier__SVC__estimator__decision_function_shape': 'ovr', 'Classifier__SVC__estimator__degree': 5, 'Classifier__SVC__estimator__gamma': 0.001, 'Classifier__SVC__estimator__kernel': 'poly', 'Classifier__SVC__estimator__max_iter': 1000000, 'Classifier__SVC__estimator__probability': True, 'Classifier__SVC__estimator__random_state': 42, 'Classifier__SVC__estimator__shrinking': True, 'Classifier__SVC__estimator__tol': 0.001, 'Classifier__SVC__estimator__verbose': False, 'Classifier__SVC__estimator': SVC(C=0.1, cache_size=500, class_weight='balanced', coef0=6, degree=5,
    gamma=0.001, kernel='poly', max_iter=1000000, probability=True,
    random_state=42), 'Classifier__SVC__n_jobs': None, 'Classifier__SVC__verbose': 0}","['Spectral Rolloff Point Overall Standard Deviation'
 'Compactness Overall Standard Deviation'
 'Spectral Variability Overall Standard Deviation'
 'Root Mean Square Overall Standard Deviation'
 'Fraction Of Low Energy Windows Overall Standard Deviation'
 'MFCC Overall Standard Deviation 2' 'MFCC Overall Standard Deviation 4'
 'MFCC Overall Standard Deviation 5' 'MFCC Overall Standard Deviation 10'
 'MFCC Overall Standard Deviation 13' 'LPC Overall Standard Deviation 1'
 'LPC Overall Standard Deviation 5' 'LPC Overall Standard Deviation 6'
 'Method of Moments Overall Standard Deviation 4' 'MFCC Overall Average 7'
 'MFCC Overall Average 8' 'LPC Overall Average 9' 'Chroma feature 6']",,,0.75,0.6666666666666666,0.6666666666666666
44,Vocals,False,"{'memory': None, 'steps': [('Imputer', SimpleImputer()), ('Scaler', MinMaxScaler()), ('Selector', SelectFromModel(estimator=LinearSVC(), max_features=24)), ('Classifier', Pipeline(steps=[('SVC',
                 OneVsRestClassifier(estimator=SVC(C=0.01, cache_size=500,
                                                   class_weight='balanced',
                                                   coef0=4, degree=5, gamma=0.1,
                                                   kernel='poly',
                                                   max_iter=1000000,
                                                   probability=True,
                                                   random_state=42)))]))], 'transform_input': None, 'verbose': False, 'Imputer': SimpleImputer(), 'Scaler': MinMaxScaler(), 'Selector': SelectFromModel(estimator=LinearSVC(), max_features=24), 'Classifier': Pipeline(steps=[('SVC',
                 OneVsRestClassifier(estimator=SVC(C=0.01, cache_size=500,
                                                   class_weight='balanced',
                                                   coef0=4, degree=5, gamma=0.1,
                                                   kernel='poly',
                                                   max_iter=1000000,
                                                   probability=True,
                                                   random_state=42)))]), 'Imputer__add_indicator': False, 'Imputer__copy': True, 'Imputer__fill_value': None, 'Imputer__keep_empty_features': False, 'Imputer__missing_values': nan, 'Imputer__strategy': 'mean', 'Scaler__clip': False, 'Scaler__copy': True, 'Scaler__feature_range': (0, 1), 'Selector__estimator__C': 1.0, 'Selector__estimator__class_weight': None, 'Selector__estimator__dual': 'auto', 'Selector__estimator__fit_intercept': True, 'Selector__estimator__intercept_scaling': 1, 'Selector__estimator__loss': 'squared_hinge', 'Selector__estimator__max_iter': 1000, 'Selector__estimator__multi_class': 'ovr', 'Selector__estimator__penalty': 'l2', 'Selector__estimator__random_state': None, 'Selector__estimator__tol': 0.0001, 'Selector__estimator__verbose': 0, 'Selector__estimator': LinearSVC(), 'Selector__importance_getter': 'auto', 'Selector__max_features': 24, 'Selector__norm_order': 1, 'Selector__prefit': False, 'Selector__threshold': None, 'Classifier__memory': None, 'Classifier__steps': [('SVC', OneVsRestClassifier(estimator=SVC(C=0.01, cache_size=500,
                                  class_weight='balanced', coef0=4, degree=5,
                                  gamma=0.1, kernel='poly', max_iter=1000000,
                                  probability=True, random_state=42)))], 'Classifier__transform_input': None, 'Classifier__verbose': False, 'Classifier__SVC': OneVsRestClassifier(estimator=SVC(C=0.01, cache_size=500,
                                  class_weight='balanced', coef0=4, degree=5,
                                  gamma=0.1, kernel='poly', max_iter=1000000,
                                  probability=True, random_state=42)), 'Classifier__SVC__estimator__C': 0.01, 'Classifier__SVC__estimator__break_ties': False, 'Classifier__SVC__estimator__cache_size': 500, 'Classifier__SVC__estimator__class_weight': 'balanced', 'Classifier__SVC__estimator__coef0': 4, 'Classifier__SVC__estimator__decision_function_shape': 'ovr', 'Classifier__SVC__estimator__degree': 5, 'Classifier__SVC__estimator__gamma': 0.1, 'Classifier__SVC__estimator__kernel': 'poly', 'Classifier__SVC__estimator__max_iter': 1000000, 'Classifier__SVC__estimator__probability': True, 'Classifier__SVC__estimator__random_state': 42, 'Classifier__SVC__estimator__shrinking': True, 'Classifier__SVC__estimator__tol': 0.001, 'Classifier__SVC__estimator__verbose': False, 'Classifier__SVC__estimator': SVC(C=0.01, cache_size=500, class_weight='balanced', coef0=4, degree=5,
    gamma=0.1, kernel='poly', max_iter=1000000, probability=True,
    random_state=42), 'Classifier__SVC__n_jobs': None, 'Classifier__SVC__verbose': 0}","['Spectral Centroid Overall Standard Deviation'
 'Spectral Rolloff Point Overall Standard Deviation'
 'Spectral Flux Overall Standard Deviation'
 'Compactness Overall Standard Deviation'
 'Fraction Of Low Energy Windows Overall Standard Deviation'
 'MFCC Overall Standard Deviation 1' 'MFCC Overall Standard Deviation 2'
 'MFCC Overall Standard Deviation 4' 'MFCC Overall Standard Deviation 5'
 'MFCC Overall Standard Deviation 10' 'MFCC Overall Standard Deviation 13'
 'LPC Overall Standard Deviation 6'
 'Method of Moments Overall Standard Deviation 1'
 'Method of Moments Overall Standard Deviation 4'
 'Fraction Of Low Energy Windows Overall Average' 'MFCC Overall Average 5'
 'MFCC Overall Average 6' 'MFCC Overall Average 7'
 'MFCC Overall Average 10' 'MFCC Overall Average 13'
 'LPC Overall Average 7' 'LPC Overall Average 8' 'LPC Overall Average 9'
 'Chroma feature 6']",,,0.75,0.6666666666666666,0.6666666666666666
45,Vocals,False,"{'memory': None, 'steps': [('Imputer', SimpleImputer()), ('Scaler', StandardScaler()), ('Selector', SelectFromModel(estimator=LinearSVC(), max_features=16)), ('Classifier', Pipeline(steps=[('SVC',
                 OneVsRestClassifier(estimator=SVC(C=10000, cache_size=500,
                                                   class_weight='balanced',
                                                   coef0=4, degree=5,
                                                   gamma=0.01, max_iter=1000000,
                                                   probability=True,
                                                   random_state=42)))]))], 'transform_input': None, 'verbose': False, 'Imputer': SimpleImputer(), 'Scaler': StandardScaler(), 'Selector': SelectFromModel(estimator=LinearSVC(), max_features=16), 'Classifier': Pipeline(steps=[('SVC',
                 OneVsRestClassifier(estimator=SVC(C=10000, cache_size=500,
                                                   class_weight='balanced',
                                                   coef0=4, degree=5,
                                                   gamma=0.01, max_iter=1000000,
                                                   probability=True,
                                                   random_state=42)))]), 'Imputer__add_indicator': False, 'Imputer__copy': True, 'Imputer__fill_value': None, 'Imputer__keep_empty_features': False, 'Imputer__missing_values': nan, 'Imputer__strategy': 'mean', 'Scaler__copy': True, 'Scaler__with_mean': True, 'Scaler__with_std': True, 'Selector__estimator__C': 1.0, 'Selector__estimator__class_weight': None, 'Selector__estimator__dual': 'auto', 'Selector__estimator__fit_intercept': True, 'Selector__estimator__intercept_scaling': 1, 'Selector__estimator__loss': 'squared_hinge', 'Selector__estimator__max_iter': 1000, 'Selector__estimator__multi_class': 'ovr', 'Selector__estimator__penalty': 'l2', 'Selector__estimator__random_state': None, 'Selector__estimator__tol': 0.0001, 'Selector__estimator__verbose': 0, 'Selector__estimator': LinearSVC(), 'Selector__importance_getter': 'auto', 'Selector__max_features': 16, 'Selector__norm_order': 1, 'Selector__prefit': False, 'Selector__threshold': None, 'Classifier__memory': None, 'Classifier__steps': [('SVC', OneVsRestClassifier(estimator=SVC(C=10000, cache_size=500,
                                  class_weight='balanced', coef0=4, degree=5,
                                  gamma=0.01, max_iter=1000000,
                                  probability=True, random_state=42)))], 'Classifier__transform_input': None, 'Classifier__verbose': False, 'Classifier__SVC': OneVsRestClassifier(estimator=SVC(C=10000, cache_size=500,
                                  class_weight='balanced', coef0=4, degree=5,
                                  gamma=0.01, max_iter=1000000,
                                  probability=True, random_state=42)), 'Classifier__SVC__estimator__C': 10000, 'Classifier__SVC__estimator__break_ties': False, 'Classifier__SVC__estimator__cache_size': 500, 'Classifier__SVC__estimator__class_weight': 'balanced', 'Classifier__SVC__estimator__coef0': 4, 'Classifier__SVC__estimator__decision_function_shape': 'ovr', 'Classifier__SVC__estimator__degree': 5, 'Classifier__SVC__estimator__gamma': 0.01, 'Classifier__SVC__estimator__kernel': 'rbf', 'Classifier__SVC__estimator__max_iter': 1000000, 'Classifier__SVC__estimator__probability': True, 'Classifier__SVC__estimator__random_state': 42, 'Classifier__SVC__estimator__shrinking': True, 'Classifier__SVC__estimator__tol': 0.001, 'Classifier__SVC__estimator__verbose': False, 'Classifier__SVC__estimator': SVC(C=10000, cache_size=500, class_weight='balanced', coef0=4, degree=5,
    gamma=0.01, max_iter=1000000, probability=True, random_state=42), 'Classifier__SVC__n_jobs': None, 'Classifier__SVC__verbose': 0}","['Spectral Rolloff Point Overall Standard Deviation'
 'Compactness Overall Standard Deviation'
 'Spectral Variability Overall Standard Deviation'
 'Root Mean Square Overall Standard Deviation'
 'Fraction Of Low Energy Windows Overall Standard Deviation'
 'MFCC Overall Standard Deviation 2' 'MFCC Overall Standard Deviation 4'
 'MFCC Overall Standard Deviation 5' 'MFCC Overall Standard Deviation 10'
 'MFCC Overall Standard Deviation 13' 'LPC Overall Standard Deviation 1'
 'LPC Overall Standard Deviation 5' 'LPC Overall Standard Deviation 6'
 'Method of Moments Overall Standard Deviation 4' 'MFCC Overall Average 7'
 'LPC Overall Average 9']",,,0.75,0.6666666666666666,0.6666666666666666
46,Vocals,False,"{'memory': None, 'steps': [('Imputer', SimpleImputer()), ('Scaler', MinMaxScaler()), ('Selector', SelectFromModel(estimator=LinearSVC(), max_features=24)), ('Classifier', Pipeline(steps=[('SVC',
                 OneVsRestClassifier(estimator=SVC(C=10000, cache_size=500,
                                                   class_weight='balanced',
                                                   coef0=4, degree=5, gamma=0.1,
                                                   max_iter=1000000,
                                                   probability=True,
                                                   random_state=42)))]))], 'transform_input': None, 'verbose': False, 'Imputer': SimpleImputer(), 'Scaler': MinMaxScaler(), 'Selector': SelectFromModel(estimator=LinearSVC(), max_features=24), 'Classifier': Pipeline(steps=[('SVC',
                 OneVsRestClassifier(estimator=SVC(C=10000, cache_size=500,
                                                   class_weight='balanced',
                                                   coef0=4, degree=5, gamma=0.1,
                                                   max_iter=1000000,
                                                   probability=True,
                                                   random_state=42)))]), 'Imputer__add_indicator': False, 'Imputer__copy': True, 'Imputer__fill_value': None, 'Imputer__keep_empty_features': False, 'Imputer__missing_values': nan, 'Imputer__strategy': 'mean', 'Scaler__clip': False, 'Scaler__copy': True, 'Scaler__feature_range': (0, 1), 'Selector__estimator__C': 1.0, 'Selector__estimator__class_weight': None, 'Selector__estimator__dual': 'auto', 'Selector__estimator__fit_intercept': True, 'Selector__estimator__intercept_scaling': 1, 'Selector__estimator__loss': 'squared_hinge', 'Selector__estimator__max_iter': 1000, 'Selector__estimator__multi_class': 'ovr', 'Selector__estimator__penalty': 'l2', 'Selector__estimator__random_state': None, 'Selector__estimator__tol': 0.0001, 'Selector__estimator__verbose': 0, 'Selector__estimator': LinearSVC(), 'Selector__importance_getter': 'auto', 'Selector__max_features': 24, 'Selector__norm_order': 1, 'Selector__prefit': False, 'Selector__threshold': None, 'Classifier__memory': None, 'Classifier__steps': [('SVC', OneVsRestClassifier(estimator=SVC(C=10000, cache_size=500,
                                  class_weight='balanced', coef0=4, degree=5,
                                  gamma=0.1, max_iter=1000000, probability=True,
                                  random_state=42)))], 'Classifier__transform_input': None, 'Classifier__verbose': False, 'Classifier__SVC': OneVsRestClassifier(estimator=SVC(C=10000, cache_size=500,
                                  class_weight='balanced', coef0=4, degree=5,
                                  gamma=0.1, max_iter=1000000, probability=True,
                                  random_state=42)), 'Classifier__SVC__estimator__C': 10000, 'Classifier__SVC__estimator__break_ties': False, 'Classifier__SVC__estimator__cache_size': 500, 'Classifier__SVC__estimator__class_weight': 'balanced', 'Classifier__SVC__estimator__coef0': 4, 'Classifier__SVC__estimator__decision_function_shape': 'ovr', 'Classifier__SVC__estimator__degree': 5, 'Classifier__SVC__estimator__gamma': 0.1, 'Classifier__SVC__estimator__kernel': 'rbf', 'Classifier__SVC__estimator__max_iter': 1000000, 'Classifier__SVC__estimator__probability': True, 'Classifier__SVC__estimator__random_state': 42, 'Classifier__SVC__estimator__shrinking': True, 'Classifier__SVC__estimator__tol': 0.001, 'Classifier__SVC__estimator__verbose': False, 'Classifier__SVC__estimator': SVC(C=10000, cache_size=500, class_weight='balanced', coef0=4, degree=5,
    gamma=0.1, max_iter=1000000, probability=True, random_state=42), 'Classifier__SVC__n_jobs': None, 'Classifier__SVC__verbose': 0}","['Spectral Centroid Overall Standard Deviation'
 'Spectral Rolloff Point Overall Standard Deviation'
 'Spectral Flux Overall Standard Deviation'
 'Compactness Overall Standard Deviation'
 'Fraction Of Low Energy Windows Overall Standard Deviation'
 'MFCC Overall Standard Deviation 1' 'MFCC Overall Standard Deviation 2'
 'MFCC Overall Standard Deviation 4' 'MFCC Overall Standard Deviation 5'
 'MFCC Overall Standard Deviation 10' 'MFCC Overall Standard Deviation 13'
 'LPC Overall Standard Deviation 6'
 'Method of Moments Overall Standard Deviation 1'
 'Method of Moments Overall Standard Deviation 4'
 'Fraction Of Low Energy Windows Overall Average' 'MFCC Overall Average 5'
 'MFCC Overall Average 6' 'MFCC Overall Average 7'
 'MFCC Overall Average 10' 'MFCC Overall Average 13'
 'LPC Overall Average 7' 'LPC Overall Average 8' 'LPC Overall Average 9'
 'Chroma feature 6']",,,0.75,0.6666666666666666,0.6666666666666666
47,Vocals,False,"{'memory': None, 'steps': [('Imputer', SimpleImputer()), ('Scaler', StandardScaler()), ('Selector', SelectFromModel(estimator=LinearSVC(), max_features=18)), ('Classifier', Pipeline(steps=[('SVC',
                 OneVsRestClassifier(estimator=SVC(C=10000, cache_size=500,
                                                   class_weight='balanced',
                                                   coef0=4, degree=5,
                                                   gamma=0.01, max_iter=1000000,
                                                   probability=True,
                                                   random_state=42)))]))], 'transform_input': None, 'verbose': False, 'Imputer': SimpleImputer(), 'Scaler': StandardScaler(), 'Selector': SelectFromModel(estimator=LinearSVC(), max_features=18), 'Classifier': Pipeline(steps=[('SVC',
                 OneVsRestClassifier(estimator=SVC(C=10000, cache_size=500,
                                                   class_weight='balanced',
                                                   coef0=4, degree=5,
                                                   gamma=0.01, max_iter=1000000,
                                                   probability=True,
                                                   random_state=42)))]), 'Imputer__add_indicator': False, 'Imputer__copy': True, 'Imputer__fill_value': None, 'Imputer__keep_empty_features': False, 'Imputer__missing_values': nan, 'Imputer__strategy': 'mean', 'Scaler__copy': True, 'Scaler__with_mean': True, 'Scaler__with_std': True, 'Selector__estimator__C': 1.0, 'Selector__estimator__class_weight': None, 'Selector__estimator__dual': 'auto', 'Selector__estimator__fit_intercept': True, 'Selector__estimator__intercept_scaling': 1, 'Selector__estimator__loss': 'squared_hinge', 'Selector__estimator__max_iter': 1000, 'Selector__estimator__multi_class': 'ovr', 'Selector__estimator__penalty': 'l2', 'Selector__estimator__random_state': None, 'Selector__estimator__tol': 0.0001, 'Selector__estimator__verbose': 0, 'Selector__estimator': LinearSVC(), 'Selector__importance_getter': 'auto', 'Selector__max_features': 18, 'Selector__norm_order': 1, 'Selector__prefit': False, 'Selector__threshold': None, 'Classifier__memory': None, 'Classifier__steps': [('SVC', OneVsRestClassifier(estimator=SVC(C=10000, cache_size=500,
                                  class_weight='balanced', coef0=4, degree=5,
                                  gamma=0.01, max_iter=1000000,
                                  probability=True, random_state=42)))], 'Classifier__transform_input': None, 'Classifier__verbose': False, 'Classifier__SVC': OneVsRestClassifier(estimator=SVC(C=10000, cache_size=500,
                                  class_weight='balanced', coef0=4, degree=5,
                                  gamma=0.01, max_iter=1000000,
                                  probability=True, random_state=42)), 'Classifier__SVC__estimator__C': 10000, 'Classifier__SVC__estimator__break_ties': False, 'Classifier__SVC__estimator__cache_size': 500, 'Classifier__SVC__estimator__class_weight': 'balanced', 'Classifier__SVC__estimator__coef0': 4, 'Classifier__SVC__estimator__decision_function_shape': 'ovr', 'Classifier__SVC__estimator__degree': 5, 'Classifier__SVC__estimator__gamma': 0.01, 'Classifier__SVC__estimator__kernel': 'rbf', 'Classifier__SVC__estimator__max_iter': 1000000, 'Classifier__SVC__estimator__probability': True, 'Classifier__SVC__estimator__random_state': 42, 'Classifier__SVC__estimator__shrinking': True, 'Classifier__SVC__estimator__tol': 0.001, 'Classifier__SVC__estimator__verbose': False, 'Classifier__SVC__estimator': SVC(C=10000, cache_size=500, class_weight='balanced', coef0=4, degree=5,
    gamma=0.01, max_iter=1000000, probability=True, random_state=42), 'Classifier__SVC__n_jobs': None, 'Classifier__SVC__verbose': 0}","['Spectral Rolloff Point Overall Standard Deviation'
 'Compactness Overall Standard Deviation'
 'Spectral Variability Overall Standard Deviation'
 'Root Mean Square Overall Standard Deviation'
 'Fraction Of Low Energy Windows Overall Standard Deviation'
 'MFCC Overall Standard Deviation 2' 'MFCC Overall Standard Deviation 4'
 'MFCC Overall Standard Deviation 5' 'MFCC Overall Standard Deviation 10'
 'MFCC Overall Standard Deviation 13' 'LPC Overall Standard Deviation 1'
 'LPC Overall Standard Deviation 5' 'LPC Overall Standard Deviation 6'
 'Method of Moments Overall Standard Deviation 4' 'MFCC Overall Average 7'
 'MFCC Overall Average 8' 'LPC Overall Average 9' 'Chroma feature 6']",,,0.75,0.6666666666666666,0.6666666666666666
48,Vocals,False,"{'memory': None, 'steps': [('Imputer', SimpleImputer()), ('Scaler', StandardScaler()), ('Selector', SelectFromModel(estimator=LinearSVC(), max_features=20)), ('Classifier', Pipeline(steps=[('SVC',
                 OneVsRestClassifier(estimator=SVC(C=100, cache_size=500,
                                                   class_weight='balanced',
                                                   coef0=4, degree=5,
                                                   gamma=0.01, kernel='linear',
                                                   max_iter=1000000,
                                                   probability=True,
                                                   random_state=42)))]))], 'transform_input': None, 'verbose': False, 'Imputer': SimpleImputer(), 'Scaler': StandardScaler(), 'Selector': SelectFromModel(estimator=LinearSVC(), max_features=20), 'Classifier': Pipeline(steps=[('SVC',
                 OneVsRestClassifier(estimator=SVC(C=100, cache_size=500,
                                                   class_weight='balanced',
                                                   coef0=4, degree=5,
                                                   gamma=0.01, kernel='linear',
                                                   max_iter=1000000,
                                                   probability=True,
                                                   random_state=42)))]), 'Imputer__add_indicator': False, 'Imputer__copy': True, 'Imputer__fill_value': None, 'Imputer__keep_empty_features': False, 'Imputer__missing_values': nan, 'Imputer__strategy': 'mean', 'Scaler__copy': True, 'Scaler__with_mean': True, 'Scaler__with_std': True, 'Selector__estimator__C': 1.0, 'Selector__estimator__class_weight': None, 'Selector__estimator__dual': 'auto', 'Selector__estimator__fit_intercept': True, 'Selector__estimator__intercept_scaling': 1, 'Selector__estimator__loss': 'squared_hinge', 'Selector__estimator__max_iter': 1000, 'Selector__estimator__multi_class': 'ovr', 'Selector__estimator__penalty': 'l2', 'Selector__estimator__random_state': None, 'Selector__estimator__tol': 0.0001, 'Selector__estimator__verbose': 0, 'Selector__estimator': LinearSVC(), 'Selector__importance_getter': 'auto', 'Selector__max_features': 20, 'Selector__norm_order': 1, 'Selector__prefit': False, 'Selector__threshold': None, 'Classifier__memory': None, 'Classifier__steps': [('SVC', OneVsRestClassifier(estimator=SVC(C=100, cache_size=500,
                                  class_weight='balanced', coef0=4, degree=5,
                                  gamma=0.01, kernel='linear', max_iter=1000000,
                                  probability=True, random_state=42)))], 'Classifier__transform_input': None, 'Classifier__verbose': False, 'Classifier__SVC': OneVsRestClassifier(estimator=SVC(C=100, cache_size=500,
                                  class_weight='balanced', coef0=4, degree=5,
                                  gamma=0.01, kernel='linear', max_iter=1000000,
                                  probability=True, random_state=42)), 'Classifier__SVC__estimator__C': 100, 'Classifier__SVC__estimator__break_ties': False, 'Classifier__SVC__estimator__cache_size': 500, 'Classifier__SVC__estimator__class_weight': 'balanced', 'Classifier__SVC__estimator__coef0': 4, 'Classifier__SVC__estimator__decision_function_shape': 'ovr', 'Classifier__SVC__estimator__degree': 5, 'Classifier__SVC__estimator__gamma': 0.01, 'Classifier__SVC__estimator__kernel': 'linear', 'Classifier__SVC__estimator__max_iter': 1000000, 'Classifier__SVC__estimator__probability': True, 'Classifier__SVC__estimator__random_state': 42, 'Classifier__SVC__estimator__shrinking': True, 'Classifier__SVC__estimator__tol': 0.001, 'Classifier__SVC__estimator__verbose': False, 'Classifier__SVC__estimator': SVC(C=100, cache_size=500, class_weight='balanced', coef0=4, degree=5,
    gamma=0.01, kernel='linear', max_iter=1000000, probability=True,
    random_state=42), 'Classifier__SVC__n_jobs': None, 'Classifier__SVC__verbose': 0}","['Spectral Rolloff Point Overall Standard Deviation'
 'Compactness Overall Standard Deviation'
 'Spectral Variability Overall Standard Deviation'
 'Root Mean Square Overall Standard Deviation'
 'Fraction Of Low Energy Windows Overall Standard Deviation'
 'MFCC Overall Standard Deviation 2' 'MFCC Overall Standard Deviation 4'
 'MFCC Overall Standard Deviation 5' 'MFCC Overall Standard Deviation 10'
 'MFCC Overall Standard Deviation 13' 'LPC Overall Standard Deviation 1'
 'LPC Overall Standard Deviation 5' 'LPC Overall Standard Deviation 6'
 'Method of Moments Overall Standard Deviation 2'
 'Method of Moments Overall Standard Deviation 4' 'MFCC Overall Average 7'
 'MFCC Overall Average 8' 'LPC Overall Average 8' 'LPC Overall Average 9'
 'Chroma feature 6']",,,0.5,0.3333333333333333,0.3333333333333333
49,Vocals,False,"{'memory': None, 'steps': [('Imputer', SimpleImputer()), ('Scaler', StandardScaler()), ('Selector', SelectFromModel(estimator=LinearSVC(), max_features=18)), ('Classifier', Pipeline(steps=[('SVC',
                 OneVsRestClassifier(estimator=SVC(C=100, cache_size=500,
                                                   class_weight='balanced',
                                                   coef0=4, degree=5,
                                                   gamma=0.01, max_iter=1000000,
                                                   probability=True,
                                                   random_state=42)))]))], 'transform_input': None, 'verbose': False, 'Imputer': SimpleImputer(), 'Scaler': StandardScaler(), 'Selector': SelectFromModel(estimator=LinearSVC(), max_features=18), 'Classifier': Pipeline(steps=[('SVC',
                 OneVsRestClassifier(estimator=SVC(C=100, cache_size=500,
                                                   class_weight='balanced',
                                                   coef0=4, degree=5,
                                                   gamma=0.01, max_iter=1000000,
                                                   probability=True,
                                                   random_state=42)))]), 'Imputer__add_indicator': False, 'Imputer__copy': True, 'Imputer__fill_value': None, 'Imputer__keep_empty_features': False, 'Imputer__missing_values': nan, 'Imputer__strategy': 'mean', 'Scaler__copy': True, 'Scaler__with_mean': True, 'Scaler__with_std': True, 'Selector__estimator__C': 1.0, 'Selector__estimator__class_weight': None, 'Selector__estimator__dual': 'auto', 'Selector__estimator__fit_intercept': True, 'Selector__estimator__intercept_scaling': 1, 'Selector__estimator__loss': 'squared_hinge', 'Selector__estimator__max_iter': 1000, 'Selector__estimator__multi_class': 'ovr', 'Selector__estimator__penalty': 'l2', 'Selector__estimator__random_state': None, 'Selector__estimator__tol': 0.0001, 'Selector__estimator__verbose': 0, 'Selector__estimator': LinearSVC(), 'Selector__importance_getter': 'auto', 'Selector__max_features': 18, 'Selector__norm_order': 1, 'Selector__prefit': False, 'Selector__threshold': None, 'Classifier__memory': None, 'Classifier__steps': [('SVC', OneVsRestClassifier(estimator=SVC(C=100, cache_size=500,
                                  class_weight='balanced', coef0=4, degree=5,
                                  gamma=0.01, max_iter=1000000,
                                  probability=True, random_state=42)))], 'Classifier__transform_input': None, 'Classifier__verbose': False, 'Classifier__SVC': OneVsRestClassifier(estimator=SVC(C=100, cache_size=500,
                                  class_weight='balanced', coef0=4, degree=5,
                                  gamma=0.01, max_iter=1000000,
                                  probability=True, random_state=42)), 'Classifier__SVC__estimator__C': 100, 'Classifier__SVC__estimator__break_ties': False, 'Classifier__SVC__estimator__cache_size': 500, 'Classifier__SVC__estimator__class_weight': 'balanced', 'Classifier__SVC__estimator__coef0': 4, 'Classifier__SVC__estimator__decision_function_shape': 'ovr', 'Classifier__SVC__estimator__degree': 5, 'Classifier__SVC__estimator__gamma': 0.01, 'Classifier__SVC__estimator__kernel': 'rbf', 'Classifier__SVC__estimator__max_iter': 1000000, 'Classifier__SVC__estimator__probability': True, 'Classifier__SVC__estimator__random_state': 42, 'Classifier__SVC__estimator__shrinking': True, 'Classifier__SVC__estimator__tol': 0.001, 'Classifier__SVC__estimator__verbose': False, 'Classifier__SVC__estimator': SVC(C=100, cache_size=500, class_weight='balanced', coef0=4, degree=5,
    gamma=0.01, max_iter=1000000, probability=True, random_state=42), 'Classifier__SVC__n_jobs': None, 'Classifier__SVC__verbose': 0}","['Spectral Rolloff Point Overall Standard Deviation'
 'Compactness Overall Standard Deviation'
 'Spectral Variability Overall Standard Deviation'
 'Root Mean Square Overall Standard Deviation'
 'Fraction Of Low Energy Windows Overall Standard Deviation'
 'MFCC Overall Standard Deviation 2' 'MFCC Overall Standard Deviation 4'
 'MFCC Overall Standard Deviation 5' 'MFCC Overall Standard Deviation 10'
 'MFCC Overall Standard Deviation 13' 'LPC Overall Standard Deviation 1'
 'LPC Overall Standard Deviation 5' 'LPC Overall Standard Deviation 6'
 'Method of Moments Overall Standard Deviation 4' 'MFCC Overall Average 7'
 'MFCC Overall Average 8' 'LPC Overall Average 9' 'Chroma feature 6']",,,0.75,0.6666666666666666,0.6666666666666666
50,Vocals,False,"{'memory': None, 'steps': [('Imputer', SimpleImputer()), ('Scaler', StandardScaler()), ('Selector', SelectFromModel(estimator=LinearSVC(), max_features=16)), ('Classifier', Pipeline(steps=[('SVC',
                 OneVsRestClassifier(estimator=SVC(C=0.1, cache_size=500,
                                                   class_weight='balanced',
                                                   coef0=6, degree=5,
                                                   gamma=0.001, kernel='poly',
                                                   max_iter=1000000,
                                                   probability=True,
                                                   random_state=42)))]))], 'transform_input': None, 'verbose': False, 'Imputer': SimpleImputer(), 'Scaler': StandardScaler(), 'Selector': SelectFromModel(estimator=LinearSVC(), max_features=16), 'Classifier': Pipeline(steps=[('SVC',
                 OneVsRestClassifier(estimator=SVC(C=0.1, cache_size=500,
                                                   class_weight='balanced',
                                                   coef0=6, degree=5,
                                                   gamma=0.001, kernel='poly',
                                                   max_iter=1000000,
                                                   probability=True,
                                                   random_state=42)))]), 'Imputer__add_indicator': False, 'Imputer__copy': True, 'Imputer__fill_value': None, 'Imputer__keep_empty_features': False, 'Imputer__missing_values': nan, 'Imputer__strategy': 'mean', 'Scaler__copy': True, 'Scaler__with_mean': True, 'Scaler__with_std': True, 'Selector__estimator__C': 1.0, 'Selector__estimator__class_weight': None, 'Selector__estimator__dual': 'auto', 'Selector__estimator__fit_intercept': True, 'Selector__estimator__intercept_scaling': 1, 'Selector__estimator__loss': 'squared_hinge', 'Selector__estimator__max_iter': 1000, 'Selector__estimator__multi_class': 'ovr', 'Selector__estimator__penalty': 'l2', 'Selector__estimator__random_state': None, 'Selector__estimator__tol': 0.0001, 'Selector__estimator__verbose': 0, 'Selector__estimator': LinearSVC(), 'Selector__importance_getter': 'auto', 'Selector__max_features': 16, 'Selector__norm_order': 1, 'Selector__prefit': False, 'Selector__threshold': None, 'Classifier__memory': None, 'Classifier__steps': [('SVC', OneVsRestClassifier(estimator=SVC(C=0.1, cache_size=500,
                                  class_weight='balanced', coef0=6, degree=5,
                                  gamma=0.001, kernel='poly', max_iter=1000000,
                                  probability=True, random_state=42)))], 'Classifier__transform_input': None, 'Classifier__verbose': False, 'Classifier__SVC': OneVsRestClassifier(estimator=SVC(C=0.1, cache_size=500,
                                  class_weight='balanced', coef0=6, degree=5,
                                  gamma=0.001, kernel='poly', max_iter=1000000,
                                  probability=True, random_state=42)), 'Classifier__SVC__estimator__C': 0.1, 'Classifier__SVC__estimator__break_ties': False, 'Classifier__SVC__estimator__cache_size': 500, 'Classifier__SVC__estimator__class_weight': 'balanced', 'Classifier__SVC__estimator__coef0': 6, 'Classifier__SVC__estimator__decision_function_shape': 'ovr', 'Classifier__SVC__estimator__degree': 5, 'Classifier__SVC__estimator__gamma': 0.001, 'Classifier__SVC__estimator__kernel': 'poly', 'Classifier__SVC__estimator__max_iter': 1000000, 'Classifier__SVC__estimator__probability': True, 'Classifier__SVC__estimator__random_state': 42, 'Classifier__SVC__estimator__shrinking': True, 'Classifier__SVC__estimator__tol': 0.001, 'Classifier__SVC__estimator__verbose': False, 'Classifier__SVC__estimator': SVC(C=0.1, cache_size=500, class_weight='balanced', coef0=6, degree=5,
    gamma=0.001, kernel='poly', max_iter=1000000, probability=True,
    random_state=42), 'Classifier__SVC__n_jobs': None, 'Classifier__SVC__verbose': 0}","['Spectral Rolloff Point Overall Standard Deviation'
 'Compactness Overall Standard Deviation'
 'Spectral Variability Overall Standard Deviation'
 'Root Mean Square Overall Standard Deviation'
 'Fraction Of Low Energy Windows Overall Standard Deviation'
 'MFCC Overall Standard Deviation 2' 'MFCC Overall Standard Deviation 4'
 'MFCC Overall Standard Deviation 5' 'MFCC Overall Standard Deviation 10'
 'MFCC Overall Standard Deviation 13' 'LPC Overall Standard Deviation 1'
 'LPC Overall Standard Deviation 5' 'LPC Overall Standard Deviation 6'
 'Method of Moments Overall Standard Deviation 4' 'MFCC Overall Average 7'
 'LPC Overall Average 9']",,,0.5,0.3333333333333333,0.3333333333333333
51,Vocals,False,"{'memory': None, 'steps': [('Imputer', SimpleImputer()), ('Scaler', MinMaxScaler()), ('Selector', SelectFromModel(estimator=LinearSVC(), max_features=24)), ('Classifier', Pipeline(steps=[('SVC',
                 OneVsRestClassifier(estimator=SVC(C=100, cache_size=500,
                                                   class_weight='balanced',
                                                   coef0=6, degree=5, gamma=0.1,
                                                   max_iter=1000000,
                                                   probability=True,
                                                   random_state=42)))]))], 'transform_input': None, 'verbose': False, 'Imputer': SimpleImputer(), 'Scaler': MinMaxScaler(), 'Selector': SelectFromModel(estimator=LinearSVC(), max_features=24), 'Classifier': Pipeline(steps=[('SVC',
                 OneVsRestClassifier(estimator=SVC(C=100, cache_size=500,
                                                   class_weight='balanced',
                                                   coef0=6, degree=5, gamma=0.1,
                                                   max_iter=1000000,
                                                   probability=True,
                                                   random_state=42)))]), 'Imputer__add_indicator': False, 'Imputer__copy': True, 'Imputer__fill_value': None, 'Imputer__keep_empty_features': False, 'Imputer__missing_values': nan, 'Imputer__strategy': 'mean', 'Scaler__clip': False, 'Scaler__copy': True, 'Scaler__feature_range': (0, 1), 'Selector__estimator__C': 1.0, 'Selector__estimator__class_weight': None, 'Selector__estimator__dual': 'auto', 'Selector__estimator__fit_intercept': True, 'Selector__estimator__intercept_scaling': 1, 'Selector__estimator__loss': 'squared_hinge', 'Selector__estimator__max_iter': 1000, 'Selector__estimator__multi_class': 'ovr', 'Selector__estimator__penalty': 'l2', 'Selector__estimator__random_state': None, 'Selector__estimator__tol': 0.0001, 'Selector__estimator__verbose': 0, 'Selector__estimator': LinearSVC(), 'Selector__importance_getter': 'auto', 'Selector__max_features': 24, 'Selector__norm_order': 1, 'Selector__prefit': False, 'Selector__threshold': None, 'Classifier__memory': None, 'Classifier__steps': [('SVC', OneVsRestClassifier(estimator=SVC(C=100, cache_size=500,
                                  class_weight='balanced', coef0=6, degree=5,
                                  gamma=0.1, max_iter=1000000, probability=True,
                                  random_state=42)))], 'Classifier__transform_input': None, 'Classifier__verbose': False, 'Classifier__SVC': OneVsRestClassifier(estimator=SVC(C=100, cache_size=500,
                                  class_weight='balanced', coef0=6, degree=5,
                                  gamma=0.1, max_iter=1000000, probability=True,
                                  random_state=42)), 'Classifier__SVC__estimator__C': 100, 'Classifier__SVC__estimator__break_ties': False, 'Classifier__SVC__estimator__cache_size': 500, 'Classifier__SVC__estimator__class_weight': 'balanced', 'Classifier__SVC__estimator__coef0': 6, 'Classifier__SVC__estimator__decision_function_shape': 'ovr', 'Classifier__SVC__estimator__degree': 5, 'Classifier__SVC__estimator__gamma': 0.1, 'Classifier__SVC__estimator__kernel': 'rbf', 'Classifier__SVC__estimator__max_iter': 1000000, 'Classifier__SVC__estimator__probability': True, 'Classifier__SVC__estimator__random_state': 42, 'Classifier__SVC__estimator__shrinking': True, 'Classifier__SVC__estimator__tol': 0.001, 'Classifier__SVC__estimator__verbose': False, 'Classifier__SVC__estimator': SVC(C=100, cache_size=500, class_weight='balanced', coef0=6, degree=5,
    gamma=0.1, max_iter=1000000, probability=True, random_state=42), 'Classifier__SVC__n_jobs': None, 'Classifier__SVC__verbose': 0}","['Spectral Centroid Overall Standard Deviation'
 'Spectral Rolloff Point Overall Standard Deviation'
 'Spectral Flux Overall Standard Deviation'
 'Compactness Overall Standard Deviation'
 'Fraction Of Low Energy Windows Overall Standard Deviation'
 'MFCC Overall Standard Deviation 1' 'MFCC Overall Standard Deviation 2'
 'MFCC Overall Standard Deviation 4' 'MFCC Overall Standard Deviation 5'
 'MFCC Overall Standard Deviation 10' 'MFCC Overall Standard Deviation 13'
 'LPC Overall Standard Deviation 6'
 'Method of Moments Overall Standard Deviation 1'
 'Method of Moments Overall Standard Deviation 4'
 'Fraction Of Low Energy Windows Overall Average' 'MFCC Overall Average 5'
 'MFCC Overall Average 6' 'MFCC Overall Average 7'
 'MFCC Overall Average 10' 'MFCC Overall Average 13'
 'LPC Overall Average 7' 'LPC Overall Average 8' 'LPC Overall Average 9'
 'Chroma feature 6']",,,0.5,0.3333333333333333,0.3333333333333333
52,Vocals,False,"{'memory': None, 'steps': [('Imputer', SimpleImputer()), ('Scaler', MinMaxScaler()), ('Selector', SelectFromModel(estimator=LinearSVC(), max_features=24)), ('Classifier', Pipeline(steps=[('SVC',
                 OneVsRestClassifier(estimator=SVC(C=1000, cache_size=500,
                                                   class_weight='balanced',
                                                   coef0=6, degree=5, gamma=0.1,
                                                   max_iter=1000000,
                                                   probability=True,
                                                   random_state=42)))]))], 'transform_input': None, 'verbose': False, 'Imputer': SimpleImputer(), 'Scaler': MinMaxScaler(), 'Selector': SelectFromModel(estimator=LinearSVC(), max_features=24), 'Classifier': Pipeline(steps=[('SVC',
                 OneVsRestClassifier(estimator=SVC(C=1000, cache_size=500,
                                                   class_weight='balanced',
                                                   coef0=6, degree=5, gamma=0.1,
                                                   max_iter=1000000,
                                                   probability=True,
                                                   random_state=42)))]), 'Imputer__add_indicator': False, 'Imputer__copy': True, 'Imputer__fill_value': None, 'Imputer__keep_empty_features': False, 'Imputer__missing_values': nan, 'Imputer__strategy': 'mean', 'Scaler__clip': False, 'Scaler__copy': True, 'Scaler__feature_range': (0, 1), 'Selector__estimator__C': 1.0, 'Selector__estimator__class_weight': None, 'Selector__estimator__dual': 'auto', 'Selector__estimator__fit_intercept': True, 'Selector__estimator__intercept_scaling': 1, 'Selector__estimator__loss': 'squared_hinge', 'Selector__estimator__max_iter': 1000, 'Selector__estimator__multi_class': 'ovr', 'Selector__estimator__penalty': 'l2', 'Selector__estimator__random_state': None, 'Selector__estimator__tol': 0.0001, 'Selector__estimator__verbose': 0, 'Selector__estimator': LinearSVC(), 'Selector__importance_getter': 'auto', 'Selector__max_features': 24, 'Selector__norm_order': 1, 'Selector__prefit': False, 'Selector__threshold': None, 'Classifier__memory': None, 'Classifier__steps': [('SVC', OneVsRestClassifier(estimator=SVC(C=1000, cache_size=500,
                                  class_weight='balanced', coef0=6, degree=5,
                                  gamma=0.1, max_iter=1000000, probability=True,
                                  random_state=42)))], 'Classifier__transform_input': None, 'Classifier__verbose': False, 'Classifier__SVC': OneVsRestClassifier(estimator=SVC(C=1000, cache_size=500,
                                  class_weight='balanced', coef0=6, degree=5,
                                  gamma=0.1, max_iter=1000000, probability=True,
                                  random_state=42)), 'Classifier__SVC__estimator__C': 1000, 'Classifier__SVC__estimator__break_ties': False, 'Classifier__SVC__estimator__cache_size': 500, 'Classifier__SVC__estimator__class_weight': 'balanced', 'Classifier__SVC__estimator__coef0': 6, 'Classifier__SVC__estimator__decision_function_shape': 'ovr', 'Classifier__SVC__estimator__degree': 5, 'Classifier__SVC__estimator__gamma': 0.1, 'Classifier__SVC__estimator__kernel': 'rbf', 'Classifier__SVC__estimator__max_iter': 1000000, 'Classifier__SVC__estimator__probability': True, 'Classifier__SVC__estimator__random_state': 42, 'Classifier__SVC__estimator__shrinking': True, 'Classifier__SVC__estimator__tol': 0.001, 'Classifier__SVC__estimator__verbose': False, 'Classifier__SVC__estimator': SVC(C=1000, cache_size=500, class_weight='balanced', coef0=6, degree=5,
    gamma=0.1, max_iter=1000000, probability=True, random_state=42), 'Classifier__SVC__n_jobs': None, 'Classifier__SVC__verbose': 0}","['Spectral Centroid Overall Standard Deviation'
 'Spectral Rolloff Point Overall Standard Deviation'
 'Spectral Flux Overall Standard Deviation'
 'Compactness Overall Standard Deviation'
 'Fraction Of Low Energy Windows Overall Standard Deviation'
 'MFCC Overall Standard Deviation 1' 'MFCC Overall Standard Deviation 2'
 'MFCC Overall Standard Deviation 4' 'MFCC Overall Standard Deviation 5'
 'MFCC Overall Standard Deviation 10' 'MFCC Overall Standard Deviation 13'
 'LPC Overall Standard Deviation 6'
 'Method of Moments Overall Standard Deviation 1'
 'Method of Moments Overall Standard Deviation 4'
 'Fraction Of Low Energy Windows Overall Average' 'MFCC Overall Average 5'
 'MFCC Overall Average 6' 'MFCC Overall Average 7'
 'MFCC Overall Average 10' 'MFCC Overall Average 13'
 'LPC Overall Average 7' 'LPC Overall Average 8' 'LPC Overall Average 9'
 'Chroma feature 6']",,,0.75,0.6666666666666666,0.6666666666666666
53,Vocals,False,"{'memory': None, 'steps': [('Imputer', SimpleImputer()), ('Scaler', StandardScaler()), ('Selector', SelectFromModel(estimator=LinearSVC(), max_features=18)), ('Classifier', Pipeline(steps=[('SVC',
                 OneVsRestClassifier(estimator=SVC(C=1000, cache_size=500,
                                                   class_weight='balanced',
                                                   coef0=6, degree=5,
                                                   gamma=0.01, max_iter=1000000,
                                                   probability=True,
                                                   random_state=42)))]))], 'transform_input': None, 'verbose': False, 'Imputer': SimpleImputer(), 'Scaler': StandardScaler(), 'Selector': SelectFromModel(estimator=LinearSVC(), max_features=18), 'Classifier': Pipeline(steps=[('SVC',
                 OneVsRestClassifier(estimator=SVC(C=1000, cache_size=500,
                                                   class_weight='balanced',
                                                   coef0=6, degree=5,
                                                   gamma=0.01, max_iter=1000000,
                                                   probability=True,
                                                   random_state=42)))]), 'Imputer__add_indicator': False, 'Imputer__copy': True, 'Imputer__fill_value': None, 'Imputer__keep_empty_features': False, 'Imputer__missing_values': nan, 'Imputer__strategy': 'mean', 'Scaler__copy': True, 'Scaler__with_mean': True, 'Scaler__with_std': True, 'Selector__estimator__C': 1.0, 'Selector__estimator__class_weight': None, 'Selector__estimator__dual': 'auto', 'Selector__estimator__fit_intercept': True, 'Selector__estimator__intercept_scaling': 1, 'Selector__estimator__loss': 'squared_hinge', 'Selector__estimator__max_iter': 1000, 'Selector__estimator__multi_class': 'ovr', 'Selector__estimator__penalty': 'l2', 'Selector__estimator__random_state': None, 'Selector__estimator__tol': 0.0001, 'Selector__estimator__verbose': 0, 'Selector__estimator': LinearSVC(), 'Selector__importance_getter': 'auto', 'Selector__max_features': 18, 'Selector__norm_order': 1, 'Selector__prefit': False, 'Selector__threshold': None, 'Classifier__memory': None, 'Classifier__steps': [('SVC', OneVsRestClassifier(estimator=SVC(C=1000, cache_size=500,
                                  class_weight='balanced', coef0=6, degree=5,
                                  gamma=0.01, max_iter=1000000,
                                  probability=True, random_state=42)))], 'Classifier__transform_input': None, 'Classifier__verbose': False, 'Classifier__SVC': OneVsRestClassifier(estimator=SVC(C=1000, cache_size=500,
                                  class_weight='balanced', coef0=6, degree=5,
                                  gamma=0.01, max_iter=1000000,
                                  probability=True, random_state=42)), 'Classifier__SVC__estimator__C': 1000, 'Classifier__SVC__estimator__break_ties': False, 'Classifier__SVC__estimator__cache_size': 500, 'Classifier__SVC__estimator__class_weight': 'balanced', 'Classifier__SVC__estimator__coef0': 6, 'Classifier__SVC__estimator__decision_function_shape': 'ovr', 'Classifier__SVC__estimator__degree': 5, 'Classifier__SVC__estimator__gamma': 0.01, 'Classifier__SVC__estimator__kernel': 'rbf', 'Classifier__SVC__estimator__max_iter': 1000000, 'Classifier__SVC__estimator__probability': True, 'Classifier__SVC__estimator__random_state': 42, 'Classifier__SVC__estimator__shrinking': True, 'Classifier__SVC__estimator__tol': 0.001, 'Classifier__SVC__estimator__verbose': False, 'Classifier__SVC__estimator': SVC(C=1000, cache_size=500, class_weight='balanced', coef0=6, degree=5,
    gamma=0.01, max_iter=1000000, probability=True, random_state=42), 'Classifier__SVC__n_jobs': None, 'Classifier__SVC__verbose': 0}","['Spectral Rolloff Point Overall Standard Deviation'
 'Compactness Overall Standard Deviation'
 'Spectral Variability Overall Standard Deviation'
 'Root Mean Square Overall Standard Deviation'
 'Fraction Of Low Energy Windows Overall Standard Deviation'
 'MFCC Overall Standard Deviation 2' 'MFCC Overall Standard Deviation 4'
 'MFCC Overall Standard Deviation 5' 'MFCC Overall Standard Deviation 10'
 'MFCC Overall Standard Deviation 13' 'LPC Overall Standard Deviation 1'
 'LPC Overall Standard Deviation 5' 'LPC Overall Standard Deviation 6'
 'Method of Moments Overall Standard Deviation 4' 'MFCC Overall Average 7'
 'MFCC Overall Average 8' 'LPC Overall Average 9' 'Chroma feature 6']",,,0.75,0.6666666666666666,0.6666666666666666
54,Vocals,False,"{'memory': None, 'steps': [('Imputer', SimpleImputer()), ('Scaler', StandardScaler()), ('Selector', SelectFromModel(estimator=LinearSVC(), max_features=16)), ('Classifier', Pipeline(steps=[('SVC',
                 OneVsRestClassifier(estimator=SVC(C=1000, cache_size=500,
                                                   class_weight='balanced',
                                                   coef0=6, degree=5,
                                                   gamma=0.01, max_iter=1000000,
                                                   probability=True,
                                                   random_state=42)))]))], 'transform_input': None, 'verbose': False, 'Imputer': SimpleImputer(), 'Scaler': StandardScaler(), 'Selector': SelectFromModel(estimator=LinearSVC(), max_features=16), 'Classifier': Pipeline(steps=[('SVC',
                 OneVsRestClassifier(estimator=SVC(C=1000, cache_size=500,
                                                   class_weight='balanced',
                                                   coef0=6, degree=5,
                                                   gamma=0.01, max_iter=1000000,
                                                   probability=True,
                                                   random_state=42)))]), 'Imputer__add_indicator': False, 'Imputer__copy': True, 'Imputer__fill_value': None, 'Imputer__keep_empty_features': False, 'Imputer__missing_values': nan, 'Imputer__strategy': 'mean', 'Scaler__copy': True, 'Scaler__with_mean': True, 'Scaler__with_std': True, 'Selector__estimator__C': 1.0, 'Selector__estimator__class_weight': None, 'Selector__estimator__dual': 'auto', 'Selector__estimator__fit_intercept': True, 'Selector__estimator__intercept_scaling': 1, 'Selector__estimator__loss': 'squared_hinge', 'Selector__estimator__max_iter': 1000, 'Selector__estimator__multi_class': 'ovr', 'Selector__estimator__penalty': 'l2', 'Selector__estimator__random_state': None, 'Selector__estimator__tol': 0.0001, 'Selector__estimator__verbose': 0, 'Selector__estimator': LinearSVC(), 'Selector__importance_getter': 'auto', 'Selector__max_features': 16, 'Selector__norm_order': 1, 'Selector__prefit': False, 'Selector__threshold': None, 'Classifier__memory': None, 'Classifier__steps': [('SVC', OneVsRestClassifier(estimator=SVC(C=1000, cache_size=500,
                                  class_weight='balanced', coef0=6, degree=5,
                                  gamma=0.01, max_iter=1000000,
                                  probability=True, random_state=42)))], 'Classifier__transform_input': None, 'Classifier__verbose': False, 'Classifier__SVC': OneVsRestClassifier(estimator=SVC(C=1000, cache_size=500,
                                  class_weight='balanced', coef0=6, degree=5,
                                  gamma=0.01, max_iter=1000000,
                                  probability=True, random_state=42)), 'Classifier__SVC__estimator__C': 1000, 'Classifier__SVC__estimator__break_ties': False, 'Classifier__SVC__estimator__cache_size': 500, 'Classifier__SVC__estimator__class_weight': 'balanced', 'Classifier__SVC__estimator__coef0': 6, 'Classifier__SVC__estimator__decision_function_shape': 'ovr', 'Classifier__SVC__estimator__degree': 5, 'Classifier__SVC__estimator__gamma': 0.01, 'Classifier__SVC__estimator__kernel': 'rbf', 'Classifier__SVC__estimator__max_iter': 1000000, 'Classifier__SVC__estimator__probability': True, 'Classifier__SVC__estimator__random_state': 42, 'Classifier__SVC__estimator__shrinking': True, 'Classifier__SVC__estimator__tol': 0.001, 'Classifier__SVC__estimator__verbose': False, 'Classifier__SVC__estimator': SVC(C=1000, cache_size=500, class_weight='balanced', coef0=6, degree=5,
    gamma=0.01, max_iter=1000000, probability=True, random_state=42), 'Classifier__SVC__n_jobs': None, 'Classifier__SVC__verbose': 0}","['Spectral Rolloff Point Overall Standard Deviation'
 'Compactness Overall Standard Deviation'
 'Spectral Variability Overall Standard Deviation'
 'Root Mean Square Overall Standard Deviation'
 'Fraction Of Low Energy Windows Overall Standard Deviation'
 'MFCC Overall Standard Deviation 2' 'MFCC Overall Standard Deviation 4'
 'MFCC Overall Standard Deviation 5' 'MFCC Overall Standard Deviation 10'
 'MFCC Overall Standard Deviation 13' 'LPC Overall Standard Deviation 1'
 'LPC Overall Standard Deviation 5' 'LPC Overall Standard Deviation 6'
 'Method of Moments Overall Standard Deviation 4' 'MFCC Overall Average 7'
 'LPC Overall Average 9']",,,0.75,0.6666666666666666,0.6666666666666666
55,Vocals,False,"{'memory': None, 'steps': [('Imputer', SimpleImputer()), ('Scaler', StandardScaler()), ('Selector', SelectFromModel(estimator=LinearSVC(), max_features=14)), ('Classifier', Pipeline(steps=[('SVC',
                 OneVsRestClassifier(estimator=SVC(C=0.1, cache_size=500,
                                                   class_weight='balanced',
                                                   coef0=6, degree=5,
                                                   gamma=0.001, kernel='poly',
                                                   max_iter=1000000,
                                                   probability=True,
                                                   random_state=42)))]))], 'transform_input': None, 'verbose': False, 'Imputer': SimpleImputer(), 'Scaler': StandardScaler(), 'Selector': SelectFromModel(estimator=LinearSVC(), max_features=14), 'Classifier': Pipeline(steps=[('SVC',
                 OneVsRestClassifier(estimator=SVC(C=0.1, cache_size=500,
                                                   class_weight='balanced',
                                                   coef0=6, degree=5,
                                                   gamma=0.001, kernel='poly',
                                                   max_iter=1000000,
                                                   probability=True,
                                                   random_state=42)))]), 'Imputer__add_indicator': False, 'Imputer__copy': True, 'Imputer__fill_value': None, 'Imputer__keep_empty_features': False, 'Imputer__missing_values': nan, 'Imputer__strategy': 'mean', 'Scaler__copy': True, 'Scaler__with_mean': True, 'Scaler__with_std': True, 'Selector__estimator__C': 1.0, 'Selector__estimator__class_weight': None, 'Selector__estimator__dual': 'auto', 'Selector__estimator__fit_intercept': True, 'Selector__estimator__intercept_scaling': 1, 'Selector__estimator__loss': 'squared_hinge', 'Selector__estimator__max_iter': 1000, 'Selector__estimator__multi_class': 'ovr', 'Selector__estimator__penalty': 'l2', 'Selector__estimator__random_state': None, 'Selector__estimator__tol': 0.0001, 'Selector__estimator__verbose': 0, 'Selector__estimator': LinearSVC(), 'Selector__importance_getter': 'auto', 'Selector__max_features': 14, 'Selector__norm_order': 1, 'Selector__prefit': False, 'Selector__threshold': None, 'Classifier__memory': None, 'Classifier__steps': [('SVC', OneVsRestClassifier(estimator=SVC(C=0.1, cache_size=500,
                                  class_weight='balanced', coef0=6, degree=5,
                                  gamma=0.001, kernel='poly', max_iter=1000000,
                                  probability=True, random_state=42)))], 'Classifier__transform_input': None, 'Classifier__verbose': False, 'Classifier__SVC': OneVsRestClassifier(estimator=SVC(C=0.1, cache_size=500,
                                  class_weight='balanced', coef0=6, degree=5,
                                  gamma=0.001, kernel='poly', max_iter=1000000,
                                  probability=True, random_state=42)), 'Classifier__SVC__estimator__C': 0.1, 'Classifier__SVC__estimator__break_ties': False, 'Classifier__SVC__estimator__cache_size': 500, 'Classifier__SVC__estimator__class_weight': 'balanced', 'Classifier__SVC__estimator__coef0': 6, 'Classifier__SVC__estimator__decision_function_shape': 'ovr', 'Classifier__SVC__estimator__degree': 5, 'Classifier__SVC__estimator__gamma': 0.001, 'Classifier__SVC__estimator__kernel': 'poly', 'Classifier__SVC__estimator__max_iter': 1000000, 'Classifier__SVC__estimator__probability': True, 'Classifier__SVC__estimator__random_state': 42, 'Classifier__SVC__estimator__shrinking': True, 'Classifier__SVC__estimator__tol': 0.001, 'Classifier__SVC__estimator__verbose': False, 'Classifier__SVC__estimator': SVC(C=0.1, cache_size=500, class_weight='balanced', coef0=6, degree=5,
    gamma=0.001, kernel='poly', max_iter=1000000, probability=True,
    random_state=42), 'Classifier__SVC__n_jobs': None, 'Classifier__SVC__verbose': 0}","['Spectral Rolloff Point Overall Standard Deviation'
 'Compactness Overall Standard Deviation'
 'Root Mean Square Overall Standard Deviation'
 'Fraction Of Low Energy Windows Overall Standard Deviation'
 'MFCC Overall Standard Deviation 2' 'MFCC Overall Standard Deviation 4'
 'MFCC Overall Standard Deviation 5' 'MFCC Overall Standard Deviation 10'
 'MFCC Overall Standard Deviation 13' 'LPC Overall Standard Deviation 1'
 'LPC Overall Standard Deviation 5' 'LPC Overall Standard Deviation 6'
 'Method of Moments Overall Standard Deviation 4' 'LPC Overall Average 9']",,,0.5,0.3333333333333333,0.3333333333333333
56,Vocals,False,"{'memory': None, 'steps': [('Imputer', SimpleImputer()), ('Scaler', StandardScaler()), ('Selector', SelectFromModel(estimator=LinearSVC(), max_features=20)), ('Classifier', Pipeline(steps=[('SVC',
                 OneVsRestClassifier(estimator=SVC(C=1, cache_size=500,
                                                   class_weight='balanced',
                                                   coef0=6, degree=5,
                                                   gamma=0.001, kernel='linear',
                                                   max_iter=1000000,
                                                   probability=True,
                                                   random_state=42)))]))], 'transform_input': None, 'verbose': False, 'Imputer': SimpleImputer(), 'Scaler': StandardScaler(), 'Selector': SelectFromModel(estimator=LinearSVC(), max_features=20), 'Classifier': Pipeline(steps=[('SVC',
                 OneVsRestClassifier(estimator=SVC(C=1, cache_size=500,
                                                   class_weight='balanced',
                                                   coef0=6, degree=5,
                                                   gamma=0.001, kernel='linear',
                                                   max_iter=1000000,
                                                   probability=True,
                                                   random_state=42)))]), 'Imputer__add_indicator': False, 'Imputer__copy': True, 'Imputer__fill_value': None, 'Imputer__keep_empty_features': False, 'Imputer__missing_values': nan, 'Imputer__strategy': 'mean', 'Scaler__copy': True, 'Scaler__with_mean': True, 'Scaler__with_std': True, 'Selector__estimator__C': 1.0, 'Selector__estimator__class_weight': None, 'Selector__estimator__dual': 'auto', 'Selector__estimator__fit_intercept': True, 'Selector__estimator__intercept_scaling': 1, 'Selector__estimator__loss': 'squared_hinge', 'Selector__estimator__max_iter': 1000, 'Selector__estimator__multi_class': 'ovr', 'Selector__estimator__penalty': 'l2', 'Selector__estimator__random_state': None, 'Selector__estimator__tol': 0.0001, 'Selector__estimator__verbose': 0, 'Selector__estimator': LinearSVC(), 'Selector__importance_getter': 'auto', 'Selector__max_features': 20, 'Selector__norm_order': 1, 'Selector__prefit': False, 'Selector__threshold': None, 'Classifier__memory': None, 'Classifier__steps': [('SVC', OneVsRestClassifier(estimator=SVC(C=1, cache_size=500, class_weight='balanced',
                                  coef0=6, degree=5, gamma=0.001,
                                  kernel='linear', max_iter=1000000,
                                  probability=True, random_state=42)))], 'Classifier__transform_input': None, 'Classifier__verbose': False, 'Classifier__SVC': OneVsRestClassifier(estimator=SVC(C=1, cache_size=500, class_weight='balanced',
                                  coef0=6, degree=5, gamma=0.001,
                                  kernel='linear', max_iter=1000000,
                                  probability=True, random_state=42)), 'Classifier__SVC__estimator__C': 1, 'Classifier__SVC__estimator__break_ties': False, 'Classifier__SVC__estimator__cache_size': 500, 'Classifier__SVC__estimator__class_weight': 'balanced', 'Classifier__SVC__estimator__coef0': 6, 'Classifier__SVC__estimator__decision_function_shape': 'ovr', 'Classifier__SVC__estimator__degree': 5, 'Classifier__SVC__estimator__gamma': 0.001, 'Classifier__SVC__estimator__kernel': 'linear', 'Classifier__SVC__estimator__max_iter': 1000000, 'Classifier__SVC__estimator__probability': True, 'Classifier__SVC__estimator__random_state': 42, 'Classifier__SVC__estimator__shrinking': True, 'Classifier__SVC__estimator__tol': 0.001, 'Classifier__SVC__estimator__verbose': False, 'Classifier__SVC__estimator': SVC(C=1, cache_size=500, class_weight='balanced', coef0=6, degree=5,
    gamma=0.001, kernel='linear', max_iter=1000000, probability=True,
    random_state=42), 'Classifier__SVC__n_jobs': None, 'Classifier__SVC__verbose': 0}","['Spectral Rolloff Point Overall Standard Deviation'
 'Compactness Overall Standard Deviation'
 'Spectral Variability Overall Standard Deviation'
 'Root Mean Square Overall Standard Deviation'
 'Fraction Of Low Energy Windows Overall Standard Deviation'
 'MFCC Overall Standard Deviation 2' 'MFCC Overall Standard Deviation 4'
 'MFCC Overall Standard Deviation 5' 'MFCC Overall Standard Deviation 10'
 'MFCC Overall Standard Deviation 13' 'LPC Overall Standard Deviation 1'
 'LPC Overall Standard Deviation 5' 'LPC Overall Standard Deviation 6'
 'Method of Moments Overall Standard Deviation 2'
 'Method of Moments Overall Standard Deviation 4' 'MFCC Overall Average 7'
 'MFCC Overall Average 8' 'LPC Overall Average 8' 'LPC Overall Average 9'
 'Chroma feature 6']",,,0.75,0.6666666666666666,0.6666666666666666
57,Vocals,False,"{'memory': None, 'steps': [('Imputer', SimpleImputer()), ('Scaler', StandardScaler()), ('Selector', SelectFromModel(estimator=LinearSVC(), max_features=20)), ('Classifier', Pipeline(steps=[('SVC',
                 OneVsRestClassifier(estimator=SVC(C=10, cache_size=500,
                                                   class_weight='balanced',
                                                   coef0=6, degree=5,
                                                   gamma=0.001, kernel='linear',
                                                   max_iter=1000000,
                                                   probability=True,
                                                   random_state=42)))]))], 'transform_input': None, 'verbose': False, 'Imputer': SimpleImputer(), 'Scaler': StandardScaler(), 'Selector': SelectFromModel(estimator=LinearSVC(), max_features=20), 'Classifier': Pipeline(steps=[('SVC',
                 OneVsRestClassifier(estimator=SVC(C=10, cache_size=500,
                                                   class_weight='balanced',
                                                   coef0=6, degree=5,
                                                   gamma=0.001, kernel='linear',
                                                   max_iter=1000000,
                                                   probability=True,
                                                   random_state=42)))]), 'Imputer__add_indicator': False, 'Imputer__copy': True, 'Imputer__fill_value': None, 'Imputer__keep_empty_features': False, 'Imputer__missing_values': nan, 'Imputer__strategy': 'mean', 'Scaler__copy': True, 'Scaler__with_mean': True, 'Scaler__with_std': True, 'Selector__estimator__C': 1.0, 'Selector__estimator__class_weight': None, 'Selector__estimator__dual': 'auto', 'Selector__estimator__fit_intercept': True, 'Selector__estimator__intercept_scaling': 1, 'Selector__estimator__loss': 'squared_hinge', 'Selector__estimator__max_iter': 1000, 'Selector__estimator__multi_class': 'ovr', 'Selector__estimator__penalty': 'l2', 'Selector__estimator__random_state': None, 'Selector__estimator__tol': 0.0001, 'Selector__estimator__verbose': 0, 'Selector__estimator': LinearSVC(), 'Selector__importance_getter': 'auto', 'Selector__max_features': 20, 'Selector__norm_order': 1, 'Selector__prefit': False, 'Selector__threshold': None, 'Classifier__memory': None, 'Classifier__steps': [('SVC', OneVsRestClassifier(estimator=SVC(C=10, cache_size=500, class_weight='balanced',
                                  coef0=6, degree=5, gamma=0.001,
                                  kernel='linear', max_iter=1000000,
                                  probability=True, random_state=42)))], 'Classifier__transform_input': None, 'Classifier__verbose': False, 'Classifier__SVC': OneVsRestClassifier(estimator=SVC(C=10, cache_size=500, class_weight='balanced',
                                  coef0=6, degree=5, gamma=0.001,
                                  kernel='linear', max_iter=1000000,
                                  probability=True, random_state=42)), 'Classifier__SVC__estimator__C': 10, 'Classifier__SVC__estimator__break_ties': False, 'Classifier__SVC__estimator__cache_size': 500, 'Classifier__SVC__estimator__class_weight': 'balanced', 'Classifier__SVC__estimator__coef0': 6, 'Classifier__SVC__estimator__decision_function_shape': 'ovr', 'Classifier__SVC__estimator__degree': 5, 'Classifier__SVC__estimator__gamma': 0.001, 'Classifier__SVC__estimator__kernel': 'linear', 'Classifier__SVC__estimator__max_iter': 1000000, 'Classifier__SVC__estimator__probability': True, 'Classifier__SVC__estimator__random_state': 42, 'Classifier__SVC__estimator__shrinking': True, 'Classifier__SVC__estimator__tol': 0.001, 'Classifier__SVC__estimator__verbose': False, 'Classifier__SVC__estimator': SVC(C=10, cache_size=500, class_weight='balanced', coef0=6, degree=5,
    gamma=0.001, kernel='linear', max_iter=1000000, probability=True,
    random_state=42), 'Classifier__SVC__n_jobs': None, 'Classifier__SVC__verbose': 0}","['Spectral Rolloff Point Overall Standard Deviation'
 'Compactness Overall Standard Deviation'
 'Spectral Variability Overall Standard Deviation'
 'Root Mean Square Overall Standard Deviation'
 'Fraction Of Low Energy Windows Overall Standard Deviation'
 'MFCC Overall Standard Deviation 2' 'MFCC Overall Standard Deviation 4'
 'MFCC Overall Standard Deviation 5' 'MFCC Overall Standard Deviation 10'
 'MFCC Overall Standard Deviation 13' 'LPC Overall Standard Deviation 1'
 'LPC Overall Standard Deviation 5' 'LPC Overall Standard Deviation 6'
 'Method of Moments Overall Standard Deviation 2'
 'Method of Moments Overall Standard Deviation 4' 'MFCC Overall Average 7'
 'MFCC Overall Average 8' 'LPC Overall Average 8' 'LPC Overall Average 9'
 'Chroma feature 6']",,,0.5,0.3333333333333333,0.3333333333333333
58,Vocals,False,"{'memory': None, 'steps': [('Imputer', SimpleImputer()), ('Scaler', StandardScaler()), ('Selector', SelectFromModel(estimator=LinearSVC(), max_features=14)), ('Classifier', Pipeline(steps=[('SVC',
                 OneVsRestClassifier(estimator=SVC(C=1, cache_size=500,
                                                   class_weight='balanced',
                                                   coef0=6, degree=5,
                                                   gamma=0.001, kernel='linear',
                                                   max_iter=1000000,
                                                   probability=True,
                                                   random_state=42)))]))], 'transform_input': None, 'verbose': False, 'Imputer': SimpleImputer(), 'Scaler': StandardScaler(), 'Selector': SelectFromModel(estimator=LinearSVC(), max_features=14), 'Classifier': Pipeline(steps=[('SVC',
                 OneVsRestClassifier(estimator=SVC(C=1, cache_size=500,
                                                   class_weight='balanced',
                                                   coef0=6, degree=5,
                                                   gamma=0.001, kernel='linear',
                                                   max_iter=1000000,
                                                   probability=True,
                                                   random_state=42)))]), 'Imputer__add_indicator': False, 'Imputer__copy': True, 'Imputer__fill_value': None, 'Imputer__keep_empty_features': False, 'Imputer__missing_values': nan, 'Imputer__strategy': 'mean', 'Scaler__copy': True, 'Scaler__with_mean': True, 'Scaler__with_std': True, 'Selector__estimator__C': 1.0, 'Selector__estimator__class_weight': None, 'Selector__estimator__dual': 'auto', 'Selector__estimator__fit_intercept': True, 'Selector__estimator__intercept_scaling': 1, 'Selector__estimator__loss': 'squared_hinge', 'Selector__estimator__max_iter': 1000, 'Selector__estimator__multi_class': 'ovr', 'Selector__estimator__penalty': 'l2', 'Selector__estimator__random_state': None, 'Selector__estimator__tol': 0.0001, 'Selector__estimator__verbose': 0, 'Selector__estimator': LinearSVC(), 'Selector__importance_getter': 'auto', 'Selector__max_features': 14, 'Selector__norm_order': 1, 'Selector__prefit': False, 'Selector__threshold': None, 'Classifier__memory': None, 'Classifier__steps': [('SVC', OneVsRestClassifier(estimator=SVC(C=1, cache_size=500, class_weight='balanced',
                                  coef0=6, degree=5, gamma=0.001,
                                  kernel='linear', max_iter=1000000,
                                  probability=True, random_state=42)))], 'Classifier__transform_input': None, 'Classifier__verbose': False, 'Classifier__SVC': OneVsRestClassifier(estimator=SVC(C=1, cache_size=500, class_weight='balanced',
                                  coef0=6, degree=5, gamma=0.001,
                                  kernel='linear', max_iter=1000000,
                                  probability=True, random_state=42)), 'Classifier__SVC__estimator__C': 1, 'Classifier__SVC__estimator__break_ties': False, 'Classifier__SVC__estimator__cache_size': 500, 'Classifier__SVC__estimator__class_weight': 'balanced', 'Classifier__SVC__estimator__coef0': 6, 'Classifier__SVC__estimator__decision_function_shape': 'ovr', 'Classifier__SVC__estimator__degree': 5, 'Classifier__SVC__estimator__gamma': 0.001, 'Classifier__SVC__estimator__kernel': 'linear', 'Classifier__SVC__estimator__max_iter': 1000000, 'Classifier__SVC__estimator__probability': True, 'Classifier__SVC__estimator__random_state': 42, 'Classifier__SVC__estimator__shrinking': True, 'Classifier__SVC__estimator__tol': 0.001, 'Classifier__SVC__estimator__verbose': False, 'Classifier__SVC__estimator': SVC(C=1, cache_size=500, class_weight='balanced', coef0=6, degree=5,
    gamma=0.001, kernel='linear', max_iter=1000000, probability=True,
    random_state=42), 'Classifier__SVC__n_jobs': None, 'Classifier__SVC__verbose': 0}","['Spectral Rolloff Point Overall Standard Deviation'
 'Compactness Overall Standard Deviation'
 'Root Mean Square Overall Standard Deviation'
 'Fraction Of Low Energy Windows Overall Standard Deviation'
 'MFCC Overall Standard Deviation 2' 'MFCC Overall Standard Deviation 4'
 'MFCC Overall Standard Deviation 5' 'MFCC Overall Standard Deviation 10'
 'MFCC Overall Standard Deviation 13' 'LPC Overall Standard Deviation 1'
 'LPC Overall Standard Deviation 5' 'LPC Overall Standard Deviation 6'
 'Method of Moments Overall Standard Deviation 4' 'LPC Overall Average 9']",,,0.5,0.3333333333333333,0.3333333333333333
59,Vocals,False,"{'memory': None, 'steps': [('Imputer', SimpleImputer()), ('Scaler', StandardScaler()), ('Selector', SelectFromModel(estimator=LinearSVC(), max_features=20)), ('Classifier', Pipeline(steps=[('SVC',
                 OneVsRestClassifier(estimator=SVC(C=1000, cache_size=500,
                                                   class_weight='balanced',
                                                   coef0=6, degree=5,
                                                   gamma=0.01, max_iter=1000000,
                                                   probability=True,
                                                   random_state=42)))]))], 'transform_input': None, 'verbose': False, 'Imputer': SimpleImputer(), 'Scaler': StandardScaler(), 'Selector': SelectFromModel(estimator=LinearSVC(), max_features=20), 'Classifier': Pipeline(steps=[('SVC',
                 OneVsRestClassifier(estimator=SVC(C=1000, cache_size=500,
                                                   class_weight='balanced',
                                                   coef0=6, degree=5,
                                                   gamma=0.01, max_iter=1000000,
                                                   probability=True,
                                                   random_state=42)))]), 'Imputer__add_indicator': False, 'Imputer__copy': True, 'Imputer__fill_value': None, 'Imputer__keep_empty_features': False, 'Imputer__missing_values': nan, 'Imputer__strategy': 'mean', 'Scaler__copy': True, 'Scaler__with_mean': True, 'Scaler__with_std': True, 'Selector__estimator__C': 1.0, 'Selector__estimator__class_weight': None, 'Selector__estimator__dual': 'auto', 'Selector__estimator__fit_intercept': True, 'Selector__estimator__intercept_scaling': 1, 'Selector__estimator__loss': 'squared_hinge', 'Selector__estimator__max_iter': 1000, 'Selector__estimator__multi_class': 'ovr', 'Selector__estimator__penalty': 'l2', 'Selector__estimator__random_state': None, 'Selector__estimator__tol': 0.0001, 'Selector__estimator__verbose': 0, 'Selector__estimator': LinearSVC(), 'Selector__importance_getter': 'auto', 'Selector__max_features': 20, 'Selector__norm_order': 1, 'Selector__prefit': False, 'Selector__threshold': None, 'Classifier__memory': None, 'Classifier__steps': [('SVC', OneVsRestClassifier(estimator=SVC(C=1000, cache_size=500,
                                  class_weight='balanced', coef0=6, degree=5,
                                  gamma=0.01, max_iter=1000000,
                                  probability=True, random_state=42)))], 'Classifier__transform_input': None, 'Classifier__verbose': False, 'Classifier__SVC': OneVsRestClassifier(estimator=SVC(C=1000, cache_size=500,
                                  class_weight='balanced', coef0=6, degree=5,
                                  gamma=0.01, max_iter=1000000,
                                  probability=True, random_state=42)), 'Classifier__SVC__estimator__C': 1000, 'Classifier__SVC__estimator__break_ties': False, 'Classifier__SVC__estimator__cache_size': 500, 'Classifier__SVC__estimator__class_weight': 'balanced', 'Classifier__SVC__estimator__coef0': 6, 'Classifier__SVC__estimator__decision_function_shape': 'ovr', 'Classifier__SVC__estimator__degree': 5, 'Classifier__SVC__estimator__gamma': 0.01, 'Classifier__SVC__estimator__kernel': 'rbf', 'Classifier__SVC__estimator__max_iter': 1000000, 'Classifier__SVC__estimator__probability': True, 'Classifier__SVC__estimator__random_state': 42, 'Classifier__SVC__estimator__shrinking': True, 'Classifier__SVC__estimator__tol': 0.001, 'Classifier__SVC__estimator__verbose': False, 'Classifier__SVC__estimator': SVC(C=1000, cache_size=500, class_weight='balanced', coef0=6, degree=5,
    gamma=0.01, max_iter=1000000, probability=True, random_state=42), 'Classifier__SVC__n_jobs': None, 'Classifier__SVC__verbose': 0}","['Spectral Rolloff Point Overall Standard Deviation'
 'Compactness Overall Standard Deviation'
 'Spectral Variability Overall Standard Deviation'
 'Root Mean Square Overall Standard Deviation'
 'Fraction Of Low Energy Windows Overall Standard Deviation'
 'MFCC Overall Standard Deviation 2' 'MFCC Overall Standard Deviation 4'
 'MFCC Overall Standard Deviation 5' 'MFCC Overall Standard Deviation 10'
 'MFCC Overall Standard Deviation 13' 'LPC Overall Standard Deviation 1'
 'LPC Overall Standard Deviation 5' 'LPC Overall Standard Deviation 6'
 'Method of Moments Overall Standard Deviation 2'
 'Method of Moments Overall Standard Deviation 4' 'MFCC Overall Average 7'
 'MFCC Overall Average 8' 'LPC Overall Average 8' 'LPC Overall Average 9'
 'Chroma feature 6']",,,0.75,0.6666666666666666,0.6666666666666666
