,source(s),Oversampling,First parameters,First features,Second parameters,Second features,Accuracy,Precision,Recall
0,Bass,False,"{'memory': None, 'steps': [('Imputer', SimpleImputer()), ('Scaler', MinMaxScaler()), ('PCA', PCA(n_components=40, random_state=42)), ('Selector', SelectFromModel(estimator=LinearSVC(), max_features=20)), ('Classifier', Pipeline(steps=[('SVC',
                 SVC(C=1000, cache_size=500, class_weight='balanced', gamma=0.1,
                     max_iter=1000000, probability=True, random_state=42))]))], 'transform_input': None, 'verbose': False, 'Imputer': SimpleImputer(), 'Scaler': MinMaxScaler(), 'PCA': PCA(n_components=40, random_state=42), 'Selector': SelectFromModel(estimator=LinearSVC(), max_features=20), 'Classifier': Pipeline(steps=[('SVC',
                 SVC(C=1000, cache_size=500, class_weight='balanced', gamma=0.1,
                     max_iter=1000000, probability=True, random_state=42))]), 'Imputer__add_indicator': False, 'Imputer__copy': True, 'Imputer__fill_value': None, 'Imputer__keep_empty_features': False, 'Imputer__missing_values': nan, 'Imputer__strategy': 'mean', 'Scaler__clip': False, 'Scaler__copy': True, 'Scaler__feature_range': (0, 1), 'PCA__copy': True, 'PCA__iterated_power': 'auto', 'PCA__n_components': 40, 'PCA__n_oversamples': 10, 'PCA__power_iteration_normalizer': 'auto', 'PCA__random_state': 42, 'PCA__svd_solver': 'auto', 'PCA__tol': 0.0, 'PCA__whiten': False, 'Selector__estimator__C': 1.0, 'Selector__estimator__class_weight': None, 'Selector__estimator__dual': 'auto', 'Selector__estimator__fit_intercept': True, 'Selector__estimator__intercept_scaling': 1, 'Selector__estimator__loss': 'squared_hinge', 'Selector__estimator__max_iter': 1000, 'Selector__estimator__multi_class': 'ovr', 'Selector__estimator__penalty': 'l2', 'Selector__estimator__random_state': None, 'Selector__estimator__tol': 0.0001, 'Selector__estimator__verbose': 0, 'Selector__estimator': LinearSVC(), 'Selector__importance_getter': 'auto', 'Selector__max_features': 20, 'Selector__norm_order': 1, 'Selector__prefit': False, 'Selector__threshold': None, 'Classifier__memory': None, 'Classifier__steps': [('SVC', SVC(C=1000, cache_size=500, class_weight='balanced', gamma=0.1,
    max_iter=1000000, probability=True, random_state=42))], 'Classifier__transform_input': None, 'Classifier__verbose': False, 'Classifier__SVC': SVC(C=1000, cache_size=500, class_weight='balanced', gamma=0.1,
    max_iter=1000000, probability=True, random_state=42), 'Classifier__SVC__C': 1000, 'Classifier__SVC__break_ties': False, 'Classifier__SVC__cache_size': 500, 'Classifier__SVC__class_weight': 'balanced', 'Classifier__SVC__coef0': 0.0, 'Classifier__SVC__decision_function_shape': 'ovr', 'Classifier__SVC__degree': 3, 'Classifier__SVC__gamma': 0.1, 'Classifier__SVC__kernel': 'rbf', 'Classifier__SVC__max_iter': 1000000, 'Classifier__SVC__probability': True, 'Classifier__SVC__random_state': 42, 'Classifier__SVC__shrinking': True, 'Classifier__SVC__tol': 0.001, 'Classifier__SVC__verbose': False}","['x10' 'x12' 'x13' 'x14' 'x15' 'x16' 'x20' 'x21' 'x22' 'x24' 'x26' 'x27'
 'x28' 'x29' 'x30' 'x32' 'x33' 'x34' 'x35' 'x39']",,,0.0,0.0,0.0
1,Bass,False,"{'memory': None, 'steps': [('Imputer', SimpleImputer()), ('Scaler', MinMaxScaler()), ('PCA', PCA(n_components=30, random_state=42)), ('Selector', SelectFromModel(estimator=LinearSVC(), max_features=16)), ('Classifier', Pipeline(steps=[('SVC',
                 SVC(C=1000, cache_size=500, class_weight='balanced', gamma=0.1,
                     max_iter=1000000, probability=True, random_state=42))]))], 'transform_input': None, 'verbose': False, 'Imputer': SimpleImputer(), 'Scaler': MinMaxScaler(), 'PCA': PCA(n_components=30, random_state=42), 'Selector': SelectFromModel(estimator=LinearSVC(), max_features=16), 'Classifier': Pipeline(steps=[('SVC',
                 SVC(C=1000, cache_size=500, class_weight='balanced', gamma=0.1,
                     max_iter=1000000, probability=True, random_state=42))]), 'Imputer__add_indicator': False, 'Imputer__copy': True, 'Imputer__fill_value': None, 'Imputer__keep_empty_features': False, 'Imputer__missing_values': nan, 'Imputer__strategy': 'mean', 'Scaler__clip': False, 'Scaler__copy': True, 'Scaler__feature_range': (0, 1), 'PCA__copy': True, 'PCA__iterated_power': 'auto', 'PCA__n_components': 30, 'PCA__n_oversamples': 10, 'PCA__power_iteration_normalizer': 'auto', 'PCA__random_state': 42, 'PCA__svd_solver': 'auto', 'PCA__tol': 0.0, 'PCA__whiten': False, 'Selector__estimator__C': 1.0, 'Selector__estimator__class_weight': None, 'Selector__estimator__dual': 'auto', 'Selector__estimator__fit_intercept': True, 'Selector__estimator__intercept_scaling': 1, 'Selector__estimator__loss': 'squared_hinge', 'Selector__estimator__max_iter': 1000, 'Selector__estimator__multi_class': 'ovr', 'Selector__estimator__penalty': 'l2', 'Selector__estimator__random_state': None, 'Selector__estimator__tol': 0.0001, 'Selector__estimator__verbose': 0, 'Selector__estimator': LinearSVC(), 'Selector__importance_getter': 'auto', 'Selector__max_features': 16, 'Selector__norm_order': 1, 'Selector__prefit': False, 'Selector__threshold': None, 'Classifier__memory': None, 'Classifier__steps': [('SVC', SVC(C=1000, cache_size=500, class_weight='balanced', gamma=0.1,
    max_iter=1000000, probability=True, random_state=42))], 'Classifier__transform_input': None, 'Classifier__verbose': False, 'Classifier__SVC': SVC(C=1000, cache_size=500, class_weight='balanced', gamma=0.1,
    max_iter=1000000, probability=True, random_state=42), 'Classifier__SVC__C': 1000, 'Classifier__SVC__break_ties': False, 'Classifier__SVC__cache_size': 500, 'Classifier__SVC__class_weight': 'balanced', 'Classifier__SVC__coef0': 0.0, 'Classifier__SVC__decision_function_shape': 'ovr', 'Classifier__SVC__degree': 3, 'Classifier__SVC__gamma': 0.1, 'Classifier__SVC__kernel': 'rbf', 'Classifier__SVC__max_iter': 1000000, 'Classifier__SVC__probability': True, 'Classifier__SVC__random_state': 42, 'Classifier__SVC__shrinking': True, 'Classifier__SVC__tol': 0.001, 'Classifier__SVC__verbose': False}",['x10' 'x12' 'x13' 'x14' 'x15' 'x20' 'x22' 'x24' 'x26' 'x27' 'x28' 'x29'],,,0.0,0.0,0.0
2,Bass,False,"{'memory': None, 'steps': [('Imputer', SimpleImputer()), ('Scaler', MinMaxScaler()), ('PCA', PCA(n_components=30, random_state=42)), ('Selector', SelectFromModel(estimator=LinearSVC(), max_features=20)), ('Classifier', Pipeline(steps=[('SVC',
                 SVC(C=1000, cache_size=500, class_weight='balanced', gamma=0.1,
                     max_iter=1000000, probability=True, random_state=42))]))], 'transform_input': None, 'verbose': False, 'Imputer': SimpleImputer(), 'Scaler': MinMaxScaler(), 'PCA': PCA(n_components=30, random_state=42), 'Selector': SelectFromModel(estimator=LinearSVC(), max_features=20), 'Classifier': Pipeline(steps=[('SVC',
                 SVC(C=1000, cache_size=500, class_weight='balanced', gamma=0.1,
                     max_iter=1000000, probability=True, random_state=42))]), 'Imputer__add_indicator': False, 'Imputer__copy': True, 'Imputer__fill_value': None, 'Imputer__keep_empty_features': False, 'Imputer__missing_values': nan, 'Imputer__strategy': 'mean', 'Scaler__clip': False, 'Scaler__copy': True, 'Scaler__feature_range': (0, 1), 'PCA__copy': True, 'PCA__iterated_power': 'auto', 'PCA__n_components': 30, 'PCA__n_oversamples': 10, 'PCA__power_iteration_normalizer': 'auto', 'PCA__random_state': 42, 'PCA__svd_solver': 'auto', 'PCA__tol': 0.0, 'PCA__whiten': False, 'Selector__estimator__C': 1.0, 'Selector__estimator__class_weight': None, 'Selector__estimator__dual': 'auto', 'Selector__estimator__fit_intercept': True, 'Selector__estimator__intercept_scaling': 1, 'Selector__estimator__loss': 'squared_hinge', 'Selector__estimator__max_iter': 1000, 'Selector__estimator__multi_class': 'ovr', 'Selector__estimator__penalty': 'l2', 'Selector__estimator__random_state': None, 'Selector__estimator__tol': 0.0001, 'Selector__estimator__verbose': 0, 'Selector__estimator': LinearSVC(), 'Selector__importance_getter': 'auto', 'Selector__max_features': 20, 'Selector__norm_order': 1, 'Selector__prefit': False, 'Selector__threshold': None, 'Classifier__memory': None, 'Classifier__steps': [('SVC', SVC(C=1000, cache_size=500, class_weight='balanced', gamma=0.1,
    max_iter=1000000, probability=True, random_state=42))], 'Classifier__transform_input': None, 'Classifier__verbose': False, 'Classifier__SVC': SVC(C=1000, cache_size=500, class_weight='balanced', gamma=0.1,
    max_iter=1000000, probability=True, random_state=42), 'Classifier__SVC__C': 1000, 'Classifier__SVC__break_ties': False, 'Classifier__SVC__cache_size': 500, 'Classifier__SVC__class_weight': 'balanced', 'Classifier__SVC__coef0': 0.0, 'Classifier__SVC__decision_function_shape': 'ovr', 'Classifier__SVC__degree': 3, 'Classifier__SVC__gamma': 0.1, 'Classifier__SVC__kernel': 'rbf', 'Classifier__SVC__max_iter': 1000000, 'Classifier__SVC__probability': True, 'Classifier__SVC__random_state': 42, 'Classifier__SVC__shrinking': True, 'Classifier__SVC__tol': 0.001, 'Classifier__SVC__verbose': False}",['x10' 'x12' 'x13' 'x14' 'x15' 'x20' 'x22' 'x24' 'x26' 'x27' 'x28' 'x29'],,,0.0,0.0,0.0
3,Bass,False,"{'memory': None, 'steps': [('Imputer', SimpleImputer()), ('Scaler', MinMaxScaler()), ('PCA', PCA(n_components=40, random_state=42)), ('Selector', SelectFromModel(estimator=LinearSVC(), max_features=16)), ('Classifier', Pipeline(steps=[('SVC',
                 SVC(C=1000, cache_size=500, class_weight='balanced', gamma=0.1,
                     max_iter=1000000, probability=True, random_state=42))]))], 'transform_input': None, 'verbose': False, 'Imputer': SimpleImputer(), 'Scaler': MinMaxScaler(), 'PCA': PCA(n_components=40, random_state=42), 'Selector': SelectFromModel(estimator=LinearSVC(), max_features=16), 'Classifier': Pipeline(steps=[('SVC',
                 SVC(C=1000, cache_size=500, class_weight='balanced', gamma=0.1,
                     max_iter=1000000, probability=True, random_state=42))]), 'Imputer__add_indicator': False, 'Imputer__copy': True, 'Imputer__fill_value': None, 'Imputer__keep_empty_features': False, 'Imputer__missing_values': nan, 'Imputer__strategy': 'mean', 'Scaler__clip': False, 'Scaler__copy': True, 'Scaler__feature_range': (0, 1), 'PCA__copy': True, 'PCA__iterated_power': 'auto', 'PCA__n_components': 40, 'PCA__n_oversamples': 10, 'PCA__power_iteration_normalizer': 'auto', 'PCA__random_state': 42, 'PCA__svd_solver': 'auto', 'PCA__tol': 0.0, 'PCA__whiten': False, 'Selector__estimator__C': 1.0, 'Selector__estimator__class_weight': None, 'Selector__estimator__dual': 'auto', 'Selector__estimator__fit_intercept': True, 'Selector__estimator__intercept_scaling': 1, 'Selector__estimator__loss': 'squared_hinge', 'Selector__estimator__max_iter': 1000, 'Selector__estimator__multi_class': 'ovr', 'Selector__estimator__penalty': 'l2', 'Selector__estimator__random_state': None, 'Selector__estimator__tol': 0.0001, 'Selector__estimator__verbose': 0, 'Selector__estimator': LinearSVC(), 'Selector__importance_getter': 'auto', 'Selector__max_features': 16, 'Selector__norm_order': 1, 'Selector__prefit': False, 'Selector__threshold': None, 'Classifier__memory': None, 'Classifier__steps': [('SVC', SVC(C=1000, cache_size=500, class_weight='balanced', gamma=0.1,
    max_iter=1000000, probability=True, random_state=42))], 'Classifier__transform_input': None, 'Classifier__verbose': False, 'Classifier__SVC': SVC(C=1000, cache_size=500, class_weight='balanced', gamma=0.1,
    max_iter=1000000, probability=True, random_state=42), 'Classifier__SVC__C': 1000, 'Classifier__SVC__break_ties': False, 'Classifier__SVC__cache_size': 500, 'Classifier__SVC__class_weight': 'balanced', 'Classifier__SVC__coef0': 0.0, 'Classifier__SVC__decision_function_shape': 'ovr', 'Classifier__SVC__degree': 3, 'Classifier__SVC__gamma': 0.1, 'Classifier__SVC__kernel': 'rbf', 'Classifier__SVC__max_iter': 1000000, 'Classifier__SVC__probability': True, 'Classifier__SVC__random_state': 42, 'Classifier__SVC__shrinking': True, 'Classifier__SVC__tol': 0.001, 'Classifier__SVC__verbose': False}","['x10' 'x12' 'x13' 'x14' 'x15' 'x20' 'x21' 'x22' 'x24' 'x26' 'x27' 'x28'
 'x30' 'x32' 'x34' 'x39']",,,0.0,0.0,0.0
4,Bass,False,"{'memory': None, 'steps': [('Imputer', SimpleImputer()), ('Scaler', MinMaxScaler()), ('PCA', PCA(n_components=30, random_state=42)), ('Selector', SelectFromModel(estimator=LinearSVC(), max_features=16)), ('Classifier', Pipeline(steps=[('SVC',
                 SVC(C=1000, cache_size=500, class_weight='balanced', gamma=0.1,
                     kernel='linear', max_iter=1000000, probability=True,
                     random_state=42))]))], 'transform_input': None, 'verbose': False, 'Imputer': SimpleImputer(), 'Scaler': MinMaxScaler(), 'PCA': PCA(n_components=30, random_state=42), 'Selector': SelectFromModel(estimator=LinearSVC(), max_features=16), 'Classifier': Pipeline(steps=[('SVC',
                 SVC(C=1000, cache_size=500, class_weight='balanced', gamma=0.1,
                     kernel='linear', max_iter=1000000, probability=True,
                     random_state=42))]), 'Imputer__add_indicator': False, 'Imputer__copy': True, 'Imputer__fill_value': None, 'Imputer__keep_empty_features': False, 'Imputer__missing_values': nan, 'Imputer__strategy': 'mean', 'Scaler__clip': False, 'Scaler__copy': True, 'Scaler__feature_range': (0, 1), 'PCA__copy': True, 'PCA__iterated_power': 'auto', 'PCA__n_components': 30, 'PCA__n_oversamples': 10, 'PCA__power_iteration_normalizer': 'auto', 'PCA__random_state': 42, 'PCA__svd_solver': 'auto', 'PCA__tol': 0.0, 'PCA__whiten': False, 'Selector__estimator__C': 1.0, 'Selector__estimator__class_weight': None, 'Selector__estimator__dual': 'auto', 'Selector__estimator__fit_intercept': True, 'Selector__estimator__intercept_scaling': 1, 'Selector__estimator__loss': 'squared_hinge', 'Selector__estimator__max_iter': 1000, 'Selector__estimator__multi_class': 'ovr', 'Selector__estimator__penalty': 'l2', 'Selector__estimator__random_state': None, 'Selector__estimator__tol': 0.0001, 'Selector__estimator__verbose': 0, 'Selector__estimator': LinearSVC(), 'Selector__importance_getter': 'auto', 'Selector__max_features': 16, 'Selector__norm_order': 1, 'Selector__prefit': False, 'Selector__threshold': None, 'Classifier__memory': None, 'Classifier__steps': [('SVC', SVC(C=1000, cache_size=500, class_weight='balanced', gamma=0.1, kernel='linear',
    max_iter=1000000, probability=True, random_state=42))], 'Classifier__transform_input': None, 'Classifier__verbose': False, 'Classifier__SVC': SVC(C=1000, cache_size=500, class_weight='balanced', gamma=0.1, kernel='linear',
    max_iter=1000000, probability=True, random_state=42), 'Classifier__SVC__C': 1000, 'Classifier__SVC__break_ties': False, 'Classifier__SVC__cache_size': 500, 'Classifier__SVC__class_weight': 'balanced', 'Classifier__SVC__coef0': 0.0, 'Classifier__SVC__decision_function_shape': 'ovr', 'Classifier__SVC__degree': 3, 'Classifier__SVC__gamma': 0.1, 'Classifier__SVC__kernel': 'linear', 'Classifier__SVC__max_iter': 1000000, 'Classifier__SVC__probability': True, 'Classifier__SVC__random_state': 42, 'Classifier__SVC__shrinking': True, 'Classifier__SVC__tol': 0.001, 'Classifier__SVC__verbose': False}",['x10' 'x12' 'x13' 'x14' 'x15' 'x20' 'x22' 'x24' 'x26' 'x27' 'x28' 'x29'],,,0.0,0.0,0.0
5,Bass,False,"{'memory': None, 'steps': [('Imputer', SimpleImputer()), ('Scaler', MinMaxScaler()), ('PCA', PCA(n_components=30, random_state=42)), ('Selector', SelectFromModel(estimator=LinearSVC(), max_features=12)), ('Classifier', Pipeline(steps=[('SVC',
                 SVC(C=1000, cache_size=500, class_weight='balanced', gamma=0.1,
                     max_iter=1000000, probability=True, random_state=42))]))], 'transform_input': None, 'verbose': False, 'Imputer': SimpleImputer(), 'Scaler': MinMaxScaler(), 'PCA': PCA(n_components=30, random_state=42), 'Selector': SelectFromModel(estimator=LinearSVC(), max_features=12), 'Classifier': Pipeline(steps=[('SVC',
                 SVC(C=1000, cache_size=500, class_weight='balanced', gamma=0.1,
                     max_iter=1000000, probability=True, random_state=42))]), 'Imputer__add_indicator': False, 'Imputer__copy': True, 'Imputer__fill_value': None, 'Imputer__keep_empty_features': False, 'Imputer__missing_values': nan, 'Imputer__strategy': 'mean', 'Scaler__clip': False, 'Scaler__copy': True, 'Scaler__feature_range': (0, 1), 'PCA__copy': True, 'PCA__iterated_power': 'auto', 'PCA__n_components': 30, 'PCA__n_oversamples': 10, 'PCA__power_iteration_normalizer': 'auto', 'PCA__random_state': 42, 'PCA__svd_solver': 'auto', 'PCA__tol': 0.0, 'PCA__whiten': False, 'Selector__estimator__C': 1.0, 'Selector__estimator__class_weight': None, 'Selector__estimator__dual': 'auto', 'Selector__estimator__fit_intercept': True, 'Selector__estimator__intercept_scaling': 1, 'Selector__estimator__loss': 'squared_hinge', 'Selector__estimator__max_iter': 1000, 'Selector__estimator__multi_class': 'ovr', 'Selector__estimator__penalty': 'l2', 'Selector__estimator__random_state': None, 'Selector__estimator__tol': 0.0001, 'Selector__estimator__verbose': 0, 'Selector__estimator': LinearSVC(), 'Selector__importance_getter': 'auto', 'Selector__max_features': 12, 'Selector__norm_order': 1, 'Selector__prefit': False, 'Selector__threshold': None, 'Classifier__memory': None, 'Classifier__steps': [('SVC', SVC(C=1000, cache_size=500, class_weight='balanced', gamma=0.1,
    max_iter=1000000, probability=True, random_state=42))], 'Classifier__transform_input': None, 'Classifier__verbose': False, 'Classifier__SVC': SVC(C=1000, cache_size=500, class_weight='balanced', gamma=0.1,
    max_iter=1000000, probability=True, random_state=42), 'Classifier__SVC__C': 1000, 'Classifier__SVC__break_ties': False, 'Classifier__SVC__cache_size': 500, 'Classifier__SVC__class_weight': 'balanced', 'Classifier__SVC__coef0': 0.0, 'Classifier__SVC__decision_function_shape': 'ovr', 'Classifier__SVC__degree': 3, 'Classifier__SVC__gamma': 0.1, 'Classifier__SVC__kernel': 'rbf', 'Classifier__SVC__max_iter': 1000000, 'Classifier__SVC__probability': True, 'Classifier__SVC__random_state': 42, 'Classifier__SVC__shrinking': True, 'Classifier__SVC__tol': 0.001, 'Classifier__SVC__verbose': False}",['x10' 'x12' 'x13' 'x14' 'x15' 'x20' 'x22' 'x24' 'x26' 'x27' 'x28' 'x29'],,,0.0,0.0,0.0
6,Bass,False,"{'memory': None, 'steps': [('Imputer', SimpleImputer()), ('Scaler', MinMaxScaler()), ('PCA', PCA(n_components=40, random_state=42)), ('Selector', SelectFromModel(estimator=LinearSVC(), max_features=20)), ('Classifier', Pipeline(steps=[('SVC',
                 SVC(C=100, cache_size=500, class_weight='balanced', gamma=0.1,
                     max_iter=1000000, probability=True, random_state=42))]))], 'transform_input': None, 'verbose': False, 'Imputer': SimpleImputer(), 'Scaler': MinMaxScaler(), 'PCA': PCA(n_components=40, random_state=42), 'Selector': SelectFromModel(estimator=LinearSVC(), max_features=20), 'Classifier': Pipeline(steps=[('SVC',
                 SVC(C=100, cache_size=500, class_weight='balanced', gamma=0.1,
                     max_iter=1000000, probability=True, random_state=42))]), 'Imputer__add_indicator': False, 'Imputer__copy': True, 'Imputer__fill_value': None, 'Imputer__keep_empty_features': False, 'Imputer__missing_values': nan, 'Imputer__strategy': 'mean', 'Scaler__clip': False, 'Scaler__copy': True, 'Scaler__feature_range': (0, 1), 'PCA__copy': True, 'PCA__iterated_power': 'auto', 'PCA__n_components': 40, 'PCA__n_oversamples': 10, 'PCA__power_iteration_normalizer': 'auto', 'PCA__random_state': 42, 'PCA__svd_solver': 'auto', 'PCA__tol': 0.0, 'PCA__whiten': False, 'Selector__estimator__C': 1.0, 'Selector__estimator__class_weight': None, 'Selector__estimator__dual': 'auto', 'Selector__estimator__fit_intercept': True, 'Selector__estimator__intercept_scaling': 1, 'Selector__estimator__loss': 'squared_hinge', 'Selector__estimator__max_iter': 1000, 'Selector__estimator__multi_class': 'ovr', 'Selector__estimator__penalty': 'l2', 'Selector__estimator__random_state': None, 'Selector__estimator__tol': 0.0001, 'Selector__estimator__verbose': 0, 'Selector__estimator': LinearSVC(), 'Selector__importance_getter': 'auto', 'Selector__max_features': 20, 'Selector__norm_order': 1, 'Selector__prefit': False, 'Selector__threshold': None, 'Classifier__memory': None, 'Classifier__steps': [('SVC', SVC(C=100, cache_size=500, class_weight='balanced', gamma=0.1, max_iter=1000000,
    probability=True, random_state=42))], 'Classifier__transform_input': None, 'Classifier__verbose': False, 'Classifier__SVC': SVC(C=100, cache_size=500, class_weight='balanced', gamma=0.1, max_iter=1000000,
    probability=True, random_state=42), 'Classifier__SVC__C': 100, 'Classifier__SVC__break_ties': False, 'Classifier__SVC__cache_size': 500, 'Classifier__SVC__class_weight': 'balanced', 'Classifier__SVC__coef0': 0.0, 'Classifier__SVC__decision_function_shape': 'ovr', 'Classifier__SVC__degree': 3, 'Classifier__SVC__gamma': 0.1, 'Classifier__SVC__kernel': 'rbf', 'Classifier__SVC__max_iter': 1000000, 'Classifier__SVC__probability': True, 'Classifier__SVC__random_state': 42, 'Classifier__SVC__shrinking': True, 'Classifier__SVC__tol': 0.001, 'Classifier__SVC__verbose': False}","['x10' 'x12' 'x13' 'x14' 'x15' 'x16' 'x20' 'x21' 'x22' 'x24' 'x26' 'x27'
 'x28' 'x29' 'x30' 'x32' 'x33' 'x34' 'x35' 'x39']",,,0.0,0.0,0.0
7,Bass,False,"{'memory': None, 'steps': [('Imputer', SimpleImputer()), ('Scaler', MinMaxScaler()), ('PCA', PCA(n_components=40, random_state=42)), ('Selector', SelectFromModel(estimator=LinearSVC(), max_features=16)), ('Classifier', Pipeline(steps=[('SVC',
                 SVC(C=0.1, cache_size=500, class_weight='balanced', coef0=6,
                     degree=5, gamma=0.01, kernel='poly', max_iter=1000000,
                     probability=True, random_state=42))]))], 'transform_input': None, 'verbose': False, 'Imputer': SimpleImputer(), 'Scaler': MinMaxScaler(), 'PCA': PCA(n_components=40, random_state=42), 'Selector': SelectFromModel(estimator=LinearSVC(), max_features=16), 'Classifier': Pipeline(steps=[('SVC',
                 SVC(C=0.1, cache_size=500, class_weight='balanced', coef0=6,
                     degree=5, gamma=0.01, kernel='poly', max_iter=1000000,
                     probability=True, random_state=42))]), 'Imputer__add_indicator': False, 'Imputer__copy': True, 'Imputer__fill_value': None, 'Imputer__keep_empty_features': False, 'Imputer__missing_values': nan, 'Imputer__strategy': 'mean', 'Scaler__clip': False, 'Scaler__copy': True, 'Scaler__feature_range': (0, 1), 'PCA__copy': True, 'PCA__iterated_power': 'auto', 'PCA__n_components': 40, 'PCA__n_oversamples': 10, 'PCA__power_iteration_normalizer': 'auto', 'PCA__random_state': 42, 'PCA__svd_solver': 'auto', 'PCA__tol': 0.0, 'PCA__whiten': False, 'Selector__estimator__C': 1.0, 'Selector__estimator__class_weight': None, 'Selector__estimator__dual': 'auto', 'Selector__estimator__fit_intercept': True, 'Selector__estimator__intercept_scaling': 1, 'Selector__estimator__loss': 'squared_hinge', 'Selector__estimator__max_iter': 1000, 'Selector__estimator__multi_class': 'ovr', 'Selector__estimator__penalty': 'l2', 'Selector__estimator__random_state': None, 'Selector__estimator__tol': 0.0001, 'Selector__estimator__verbose': 0, 'Selector__estimator': LinearSVC(), 'Selector__importance_getter': 'auto', 'Selector__max_features': 16, 'Selector__norm_order': 1, 'Selector__prefit': False, 'Selector__threshold': None, 'Classifier__memory': None, 'Classifier__steps': [('SVC', SVC(C=0.1, cache_size=500, class_weight='balanced', coef0=6, degree=5,
    gamma=0.01, kernel='poly', max_iter=1000000, probability=True,
    random_state=42))], 'Classifier__transform_input': None, 'Classifier__verbose': False, 'Classifier__SVC': SVC(C=0.1, cache_size=500, class_weight='balanced', coef0=6, degree=5,
    gamma=0.01, kernel='poly', max_iter=1000000, probability=True,
    random_state=42), 'Classifier__SVC__C': 0.1, 'Classifier__SVC__break_ties': False, 'Classifier__SVC__cache_size': 500, 'Classifier__SVC__class_weight': 'balanced', 'Classifier__SVC__coef0': 6, 'Classifier__SVC__decision_function_shape': 'ovr', 'Classifier__SVC__degree': 5, 'Classifier__SVC__gamma': 0.01, 'Classifier__SVC__kernel': 'poly', 'Classifier__SVC__max_iter': 1000000, 'Classifier__SVC__probability': True, 'Classifier__SVC__random_state': 42, 'Classifier__SVC__shrinking': True, 'Classifier__SVC__tol': 0.001, 'Classifier__SVC__verbose': False}","['x10' 'x12' 'x13' 'x14' 'x15' 'x20' 'x21' 'x22' 'x24' 'x26' 'x27' 'x28'
 'x30' 'x32' 'x34' 'x39']",,,0.0,0.0,0.0
8,Bass,False,"{'memory': None, 'steps': [('Imputer', SimpleImputer()), ('Scaler', MinMaxScaler()), ('PCA', PCA(n_components=30, random_state=42)), ('Selector', SelectFromModel(estimator=LinearSVC(), max_features=12)), ('Classifier', Pipeline(steps=[('SVC',
                 SVC(C=1000, cache_size=500, class_weight='balanced', coef0=6,
                     degree=5, gamma=0.01, kernel='linear', max_iter=1000000,
                     probability=True, random_state=42))]))], 'transform_input': None, 'verbose': False, 'Imputer': SimpleImputer(), 'Scaler': MinMaxScaler(), 'PCA': PCA(n_components=30, random_state=42), 'Selector': SelectFromModel(estimator=LinearSVC(), max_features=12), 'Classifier': Pipeline(steps=[('SVC',
                 SVC(C=1000, cache_size=500, class_weight='balanced', coef0=6,
                     degree=5, gamma=0.01, kernel='linear', max_iter=1000000,
                     probability=True, random_state=42))]), 'Imputer__add_indicator': False, 'Imputer__copy': True, 'Imputer__fill_value': None, 'Imputer__keep_empty_features': False, 'Imputer__missing_values': nan, 'Imputer__strategy': 'mean', 'Scaler__clip': False, 'Scaler__copy': True, 'Scaler__feature_range': (0, 1), 'PCA__copy': True, 'PCA__iterated_power': 'auto', 'PCA__n_components': 30, 'PCA__n_oversamples': 10, 'PCA__power_iteration_normalizer': 'auto', 'PCA__random_state': 42, 'PCA__svd_solver': 'auto', 'PCA__tol': 0.0, 'PCA__whiten': False, 'Selector__estimator__C': 1.0, 'Selector__estimator__class_weight': None, 'Selector__estimator__dual': 'auto', 'Selector__estimator__fit_intercept': True, 'Selector__estimator__intercept_scaling': 1, 'Selector__estimator__loss': 'squared_hinge', 'Selector__estimator__max_iter': 1000, 'Selector__estimator__multi_class': 'ovr', 'Selector__estimator__penalty': 'l2', 'Selector__estimator__random_state': None, 'Selector__estimator__tol': 0.0001, 'Selector__estimator__verbose': 0, 'Selector__estimator': LinearSVC(), 'Selector__importance_getter': 'auto', 'Selector__max_features': 12, 'Selector__norm_order': 1, 'Selector__prefit': False, 'Selector__threshold': None, 'Classifier__memory': None, 'Classifier__steps': [('SVC', SVC(C=1000, cache_size=500, class_weight='balanced', coef0=6, degree=5,
    gamma=0.01, kernel='linear', max_iter=1000000, probability=True,
    random_state=42))], 'Classifier__transform_input': None, 'Classifier__verbose': False, 'Classifier__SVC': SVC(C=1000, cache_size=500, class_weight='balanced', coef0=6, degree=5,
    gamma=0.01, kernel='linear', max_iter=1000000, probability=True,
    random_state=42), 'Classifier__SVC__C': 1000, 'Classifier__SVC__break_ties': False, 'Classifier__SVC__cache_size': 500, 'Classifier__SVC__class_weight': 'balanced', 'Classifier__SVC__coef0': 6, 'Classifier__SVC__decision_function_shape': 'ovr', 'Classifier__SVC__degree': 5, 'Classifier__SVC__gamma': 0.01, 'Classifier__SVC__kernel': 'linear', 'Classifier__SVC__max_iter': 1000000, 'Classifier__SVC__probability': True, 'Classifier__SVC__random_state': 42, 'Classifier__SVC__shrinking': True, 'Classifier__SVC__tol': 0.001, 'Classifier__SVC__verbose': False}",['x10' 'x12' 'x13' 'x14' 'x15' 'x20' 'x22' 'x24' 'x26' 'x27' 'x28' 'x29'],,,0.0,0.0,0.0
9,Bass,False,"{'memory': None, 'steps': [('Imputer', SimpleImputer()), ('Scaler', MinMaxScaler()), ('PCA', PCA(n_components=30, random_state=42)), ('Selector', SelectFromModel(estimator=LinearSVC(), max_features=16)), ('Classifier', Pipeline(steps=[('SVC',
                 SVC(C=100, cache_size=500, class_weight='balanced', coef0=6,
                     degree=5, gamma=0.1, max_iter=1000000, probability=True,
                     random_state=42))]))], 'transform_input': None, 'verbose': False, 'Imputer': SimpleImputer(), 'Scaler': MinMaxScaler(), 'PCA': PCA(n_components=30, random_state=42), 'Selector': SelectFromModel(estimator=LinearSVC(), max_features=16), 'Classifier': Pipeline(steps=[('SVC',
                 SVC(C=100, cache_size=500, class_weight='balanced', coef0=6,
                     degree=5, gamma=0.1, max_iter=1000000, probability=True,
                     random_state=42))]), 'Imputer__add_indicator': False, 'Imputer__copy': True, 'Imputer__fill_value': None, 'Imputer__keep_empty_features': False, 'Imputer__missing_values': nan, 'Imputer__strategy': 'mean', 'Scaler__clip': False, 'Scaler__copy': True, 'Scaler__feature_range': (0, 1), 'PCA__copy': True, 'PCA__iterated_power': 'auto', 'PCA__n_components': 30, 'PCA__n_oversamples': 10, 'PCA__power_iteration_normalizer': 'auto', 'PCA__random_state': 42, 'PCA__svd_solver': 'auto', 'PCA__tol': 0.0, 'PCA__whiten': False, 'Selector__estimator__C': 1.0, 'Selector__estimator__class_weight': None, 'Selector__estimator__dual': 'auto', 'Selector__estimator__fit_intercept': True, 'Selector__estimator__intercept_scaling': 1, 'Selector__estimator__loss': 'squared_hinge', 'Selector__estimator__max_iter': 1000, 'Selector__estimator__multi_class': 'ovr', 'Selector__estimator__penalty': 'l2', 'Selector__estimator__random_state': None, 'Selector__estimator__tol': 0.0001, 'Selector__estimator__verbose': 0, 'Selector__estimator': LinearSVC(), 'Selector__importance_getter': 'auto', 'Selector__max_features': 16, 'Selector__norm_order': 1, 'Selector__prefit': False, 'Selector__threshold': None, 'Classifier__memory': None, 'Classifier__steps': [('SVC', SVC(C=100, cache_size=500, class_weight='balanced', coef0=6, degree=5,
    gamma=0.1, max_iter=1000000, probability=True, random_state=42))], 'Classifier__transform_input': None, 'Classifier__verbose': False, 'Classifier__SVC': SVC(C=100, cache_size=500, class_weight='balanced', coef0=6, degree=5,
    gamma=0.1, max_iter=1000000, probability=True, random_state=42), 'Classifier__SVC__C': 100, 'Classifier__SVC__break_ties': False, 'Classifier__SVC__cache_size': 500, 'Classifier__SVC__class_weight': 'balanced', 'Classifier__SVC__coef0': 6, 'Classifier__SVC__decision_function_shape': 'ovr', 'Classifier__SVC__degree': 5, 'Classifier__SVC__gamma': 0.1, 'Classifier__SVC__kernel': 'rbf', 'Classifier__SVC__max_iter': 1000000, 'Classifier__SVC__probability': True, 'Classifier__SVC__random_state': 42, 'Classifier__SVC__shrinking': True, 'Classifier__SVC__tol': 0.001, 'Classifier__SVC__verbose': False}",['x10' 'x12' 'x13' 'x14' 'x15' 'x20' 'x22' 'x24' 'x26' 'x27' 'x28' 'x29'],,,0.0,0.0,0.0
10,Bass,False,"{'memory': None, 'steps': [('Imputer', SimpleImputer()), ('Scaler', MinMaxScaler()), ('PCA', PCA(n_components=30, random_state=42)), ('Selector', SelectFromModel(estimator=LinearSVC(), max_features=20)), ('Classifier', Pipeline(steps=[('SVC',
                 SVC(C=100, cache_size=500, class_weight='balanced', coef0=6,
                     degree=5, gamma=0.1, max_iter=1000000, probability=True,
                     random_state=42))]))], 'transform_input': None, 'verbose': False, 'Imputer': SimpleImputer(), 'Scaler': MinMaxScaler(), 'PCA': PCA(n_components=30, random_state=42), 'Selector': SelectFromModel(estimator=LinearSVC(), max_features=20), 'Classifier': Pipeline(steps=[('SVC',
                 SVC(C=100, cache_size=500, class_weight='balanced', coef0=6,
                     degree=5, gamma=0.1, max_iter=1000000, probability=True,
                     random_state=42))]), 'Imputer__add_indicator': False, 'Imputer__copy': True, 'Imputer__fill_value': None, 'Imputer__keep_empty_features': False, 'Imputer__missing_values': nan, 'Imputer__strategy': 'mean', 'Scaler__clip': False, 'Scaler__copy': True, 'Scaler__feature_range': (0, 1), 'PCA__copy': True, 'PCA__iterated_power': 'auto', 'PCA__n_components': 30, 'PCA__n_oversamples': 10, 'PCA__power_iteration_normalizer': 'auto', 'PCA__random_state': 42, 'PCA__svd_solver': 'auto', 'PCA__tol': 0.0, 'PCA__whiten': False, 'Selector__estimator__C': 1.0, 'Selector__estimator__class_weight': None, 'Selector__estimator__dual': 'auto', 'Selector__estimator__fit_intercept': True, 'Selector__estimator__intercept_scaling': 1, 'Selector__estimator__loss': 'squared_hinge', 'Selector__estimator__max_iter': 1000, 'Selector__estimator__multi_class': 'ovr', 'Selector__estimator__penalty': 'l2', 'Selector__estimator__random_state': None, 'Selector__estimator__tol': 0.0001, 'Selector__estimator__verbose': 0, 'Selector__estimator': LinearSVC(), 'Selector__importance_getter': 'auto', 'Selector__max_features': 20, 'Selector__norm_order': 1, 'Selector__prefit': False, 'Selector__threshold': None, 'Classifier__memory': None, 'Classifier__steps': [('SVC', SVC(C=100, cache_size=500, class_weight='balanced', coef0=6, degree=5,
    gamma=0.1, max_iter=1000000, probability=True, random_state=42))], 'Classifier__transform_input': None, 'Classifier__verbose': False, 'Classifier__SVC': SVC(C=100, cache_size=500, class_weight='balanced', coef0=6, degree=5,
    gamma=0.1, max_iter=1000000, probability=True, random_state=42), 'Classifier__SVC__C': 100, 'Classifier__SVC__break_ties': False, 'Classifier__SVC__cache_size': 500, 'Classifier__SVC__class_weight': 'balanced', 'Classifier__SVC__coef0': 6, 'Classifier__SVC__decision_function_shape': 'ovr', 'Classifier__SVC__degree': 5, 'Classifier__SVC__gamma': 0.1, 'Classifier__SVC__kernel': 'rbf', 'Classifier__SVC__max_iter': 1000000, 'Classifier__SVC__probability': True, 'Classifier__SVC__random_state': 42, 'Classifier__SVC__shrinking': True, 'Classifier__SVC__tol': 0.001, 'Classifier__SVC__verbose': False}",['x10' 'x12' 'x13' 'x14' 'x15' 'x20' 'x22' 'x24' 'x26' 'x27' 'x28' 'x29'],,,0.0,0.0,0.0
11,Bass,False,"{'memory': None, 'steps': [('Imputer', SimpleImputer()), ('Scaler', MinMaxScaler()), ('PCA', PCA(n_components=30, random_state=42)), ('Selector', SelectFromModel(estimator=LinearSVC(), max_features=16)), ('Classifier', Pipeline(steps=[('SVC',
                 SVC(C=100, cache_size=500, class_weight='balanced', coef0=6,
                     degree=5, gamma=0.1, kernel='linear', max_iter=1000000,
                     probability=True, random_state=42))]))], 'transform_input': None, 'verbose': False, 'Imputer': SimpleImputer(), 'Scaler': MinMaxScaler(), 'PCA': PCA(n_components=30, random_state=42), 'Selector': SelectFromModel(estimator=LinearSVC(), max_features=16), 'Classifier': Pipeline(steps=[('SVC',
                 SVC(C=100, cache_size=500, class_weight='balanced', coef0=6,
                     degree=5, gamma=0.1, kernel='linear', max_iter=1000000,
                     probability=True, random_state=42))]), 'Imputer__add_indicator': False, 'Imputer__copy': True, 'Imputer__fill_value': None, 'Imputer__keep_empty_features': False, 'Imputer__missing_values': nan, 'Imputer__strategy': 'mean', 'Scaler__clip': False, 'Scaler__copy': True, 'Scaler__feature_range': (0, 1), 'PCA__copy': True, 'PCA__iterated_power': 'auto', 'PCA__n_components': 30, 'PCA__n_oversamples': 10, 'PCA__power_iteration_normalizer': 'auto', 'PCA__random_state': 42, 'PCA__svd_solver': 'auto', 'PCA__tol': 0.0, 'PCA__whiten': False, 'Selector__estimator__C': 1.0, 'Selector__estimator__class_weight': None, 'Selector__estimator__dual': 'auto', 'Selector__estimator__fit_intercept': True, 'Selector__estimator__intercept_scaling': 1, 'Selector__estimator__loss': 'squared_hinge', 'Selector__estimator__max_iter': 1000, 'Selector__estimator__multi_class': 'ovr', 'Selector__estimator__penalty': 'l2', 'Selector__estimator__random_state': None, 'Selector__estimator__tol': 0.0001, 'Selector__estimator__verbose': 0, 'Selector__estimator': LinearSVC(), 'Selector__importance_getter': 'auto', 'Selector__max_features': 16, 'Selector__norm_order': 1, 'Selector__prefit': False, 'Selector__threshold': None, 'Classifier__memory': None, 'Classifier__steps': [('SVC', SVC(C=100, cache_size=500, class_weight='balanced', coef0=6, degree=5,
    gamma=0.1, kernel='linear', max_iter=1000000, probability=True,
    random_state=42))], 'Classifier__transform_input': None, 'Classifier__verbose': False, 'Classifier__SVC': SVC(C=100, cache_size=500, class_weight='balanced', coef0=6, degree=5,
    gamma=0.1, kernel='linear', max_iter=1000000, probability=True,
    random_state=42), 'Classifier__SVC__C': 100, 'Classifier__SVC__break_ties': False, 'Classifier__SVC__cache_size': 500, 'Classifier__SVC__class_weight': 'balanced', 'Classifier__SVC__coef0': 6, 'Classifier__SVC__decision_function_shape': 'ovr', 'Classifier__SVC__degree': 5, 'Classifier__SVC__gamma': 0.1, 'Classifier__SVC__kernel': 'linear', 'Classifier__SVC__max_iter': 1000000, 'Classifier__SVC__probability': True, 'Classifier__SVC__random_state': 42, 'Classifier__SVC__shrinking': True, 'Classifier__SVC__tol': 0.001, 'Classifier__SVC__verbose': False}",['x10' 'x12' 'x13' 'x14' 'x15' 'x20' 'x22' 'x24' 'x26' 'x27' 'x28' 'x29'],,,0.0,0.0,0.0
12,Bass,False,"{'memory': None, 'steps': [('Imputer', SimpleImputer()), ('Scaler', MinMaxScaler()), ('PCA', PCA(n_components=20, random_state=42)), ('Selector', SelectFromModel(estimator=LinearSVC(), max_features=12)), ('Classifier', Pipeline(steps=[('SVC',
                 SVC(C=1000, cache_size=500, class_weight='balanced', coef0=6,
                     degree=5, gamma=0.1, kernel='linear', max_iter=1000000,
                     probability=True, random_state=42))]))], 'transform_input': None, 'verbose': False, 'Imputer': SimpleImputer(), 'Scaler': MinMaxScaler(), 'PCA': PCA(n_components=20, random_state=42), 'Selector': SelectFromModel(estimator=LinearSVC(), max_features=12), 'Classifier': Pipeline(steps=[('SVC',
                 SVC(C=1000, cache_size=500, class_weight='balanced', coef0=6,
                     degree=5, gamma=0.1, kernel='linear', max_iter=1000000,
                     probability=True, random_state=42))]), 'Imputer__add_indicator': False, 'Imputer__copy': True, 'Imputer__fill_value': None, 'Imputer__keep_empty_features': False, 'Imputer__missing_values': nan, 'Imputer__strategy': 'mean', 'Scaler__clip': False, 'Scaler__copy': True, 'Scaler__feature_range': (0, 1), 'PCA__copy': True, 'PCA__iterated_power': 'auto', 'PCA__n_components': 20, 'PCA__n_oversamples': 10, 'PCA__power_iteration_normalizer': 'auto', 'PCA__random_state': 42, 'PCA__svd_solver': 'auto', 'PCA__tol': 0.0, 'PCA__whiten': False, 'Selector__estimator__C': 1.0, 'Selector__estimator__class_weight': None, 'Selector__estimator__dual': 'auto', 'Selector__estimator__fit_intercept': True, 'Selector__estimator__intercept_scaling': 1, 'Selector__estimator__loss': 'squared_hinge', 'Selector__estimator__max_iter': 1000, 'Selector__estimator__multi_class': 'ovr', 'Selector__estimator__penalty': 'l2', 'Selector__estimator__random_state': None, 'Selector__estimator__tol': 0.0001, 'Selector__estimator__verbose': 0, 'Selector__estimator': LinearSVC(), 'Selector__importance_getter': 'auto', 'Selector__max_features': 12, 'Selector__norm_order': 1, 'Selector__prefit': False, 'Selector__threshold': None, 'Classifier__memory': None, 'Classifier__steps': [('SVC', SVC(C=1000, cache_size=500, class_weight='balanced', coef0=6, degree=5,
    gamma=0.1, kernel='linear', max_iter=1000000, probability=True,
    random_state=42))], 'Classifier__transform_input': None, 'Classifier__verbose': False, 'Classifier__SVC': SVC(C=1000, cache_size=500, class_weight='balanced', coef0=6, degree=5,
    gamma=0.1, kernel='linear', max_iter=1000000, probability=True,
    random_state=42), 'Classifier__SVC__C': 1000, 'Classifier__SVC__break_ties': False, 'Classifier__SVC__cache_size': 500, 'Classifier__SVC__class_weight': 'balanced', 'Classifier__SVC__coef0': 6, 'Classifier__SVC__decision_function_shape': 'ovr', 'Classifier__SVC__degree': 5, 'Classifier__SVC__gamma': 0.1, 'Classifier__SVC__kernel': 'linear', 'Classifier__SVC__max_iter': 1000000, 'Classifier__SVC__probability': True, 'Classifier__SVC__random_state': 42, 'Classifier__SVC__shrinking': True, 'Classifier__SVC__tol': 0.001, 'Classifier__SVC__verbose': False}",['x5' 'x7' 'x9' 'x10' 'x12' 'x13' 'x14' 'x15' 'x16'],,,0.0,0.0,0.0
13,Bass,False,"{'memory': None, 'steps': [('Imputer', SimpleImputer()), ('Scaler', MinMaxScaler()), ('PCA', PCA(n_components=20, random_state=42)), ('Selector', SelectFromModel(estimator=LinearSVC(), max_features=16)), ('Classifier', Pipeline(steps=[('SVC',
                 SVC(C=1000, cache_size=500, class_weight='balanced', coef0=6,
                     degree=5, gamma=0.1, kernel='linear', max_iter=1000000,
                     probability=True, random_state=42))]))], 'transform_input': None, 'verbose': False, 'Imputer': SimpleImputer(), 'Scaler': MinMaxScaler(), 'PCA': PCA(n_components=20, random_state=42), 'Selector': SelectFromModel(estimator=LinearSVC(), max_features=16), 'Classifier': Pipeline(steps=[('SVC',
                 SVC(C=1000, cache_size=500, class_weight='balanced', coef0=6,
                     degree=5, gamma=0.1, kernel='linear', max_iter=1000000,
                     probability=True, random_state=42))]), 'Imputer__add_indicator': False, 'Imputer__copy': True, 'Imputer__fill_value': None, 'Imputer__keep_empty_features': False, 'Imputer__missing_values': nan, 'Imputer__strategy': 'mean', 'Scaler__clip': False, 'Scaler__copy': True, 'Scaler__feature_range': (0, 1), 'PCA__copy': True, 'PCA__iterated_power': 'auto', 'PCA__n_components': 20, 'PCA__n_oversamples': 10, 'PCA__power_iteration_normalizer': 'auto', 'PCA__random_state': 42, 'PCA__svd_solver': 'auto', 'PCA__tol': 0.0, 'PCA__whiten': False, 'Selector__estimator__C': 1.0, 'Selector__estimator__class_weight': None, 'Selector__estimator__dual': 'auto', 'Selector__estimator__fit_intercept': True, 'Selector__estimator__intercept_scaling': 1, 'Selector__estimator__loss': 'squared_hinge', 'Selector__estimator__max_iter': 1000, 'Selector__estimator__multi_class': 'ovr', 'Selector__estimator__penalty': 'l2', 'Selector__estimator__random_state': None, 'Selector__estimator__tol': 0.0001, 'Selector__estimator__verbose': 0, 'Selector__estimator': LinearSVC(), 'Selector__importance_getter': 'auto', 'Selector__max_features': 16, 'Selector__norm_order': 1, 'Selector__prefit': False, 'Selector__threshold': None, 'Classifier__memory': None, 'Classifier__steps': [('SVC', SVC(C=1000, cache_size=500, class_weight='balanced', coef0=6, degree=5,
    gamma=0.1, kernel='linear', max_iter=1000000, probability=True,
    random_state=42))], 'Classifier__transform_input': None, 'Classifier__verbose': False, 'Classifier__SVC': SVC(C=1000, cache_size=500, class_weight='balanced', coef0=6, degree=5,
    gamma=0.1, kernel='linear', max_iter=1000000, probability=True,
    random_state=42), 'Classifier__SVC__C': 1000, 'Classifier__SVC__break_ties': False, 'Classifier__SVC__cache_size': 500, 'Classifier__SVC__class_weight': 'balanced', 'Classifier__SVC__coef0': 6, 'Classifier__SVC__decision_function_shape': 'ovr', 'Classifier__SVC__degree': 5, 'Classifier__SVC__gamma': 0.1, 'Classifier__SVC__kernel': 'linear', 'Classifier__SVC__max_iter': 1000000, 'Classifier__SVC__probability': True, 'Classifier__SVC__random_state': 42, 'Classifier__SVC__shrinking': True, 'Classifier__SVC__tol': 0.001, 'Classifier__SVC__verbose': False}",['x5' 'x7' 'x9' 'x10' 'x12' 'x13' 'x14' 'x15' 'x16'],,,0.0,0.0,0.0
14,Bass,False,"{'memory': None, 'steps': [('Imputer', SimpleImputer()), ('Scaler', MinMaxScaler()), ('PCA', PCA(n_components=40, random_state=42)), ('Selector', SelectFromModel(estimator=LinearSVC(), max_features=16)), ('Classifier', Pipeline(steps=[('SVC',
                 SVC(C=100, cache_size=500, class_weight='balanced', coef0=6,
                     degree=5, gamma=0.1, max_iter=1000000, probability=True,
                     random_state=42))]))], 'transform_input': None, 'verbose': False, 'Imputer': SimpleImputer(), 'Scaler': MinMaxScaler(), 'PCA': PCA(n_components=40, random_state=42), 'Selector': SelectFromModel(estimator=LinearSVC(), max_features=16), 'Classifier': Pipeline(steps=[('SVC',
                 SVC(C=100, cache_size=500, class_weight='balanced', coef0=6,
                     degree=5, gamma=0.1, max_iter=1000000, probability=True,
                     random_state=42))]), 'Imputer__add_indicator': False, 'Imputer__copy': True, 'Imputer__fill_value': None, 'Imputer__keep_empty_features': False, 'Imputer__missing_values': nan, 'Imputer__strategy': 'mean', 'Scaler__clip': False, 'Scaler__copy': True, 'Scaler__feature_range': (0, 1), 'PCA__copy': True, 'PCA__iterated_power': 'auto', 'PCA__n_components': 40, 'PCA__n_oversamples': 10, 'PCA__power_iteration_normalizer': 'auto', 'PCA__random_state': 42, 'PCA__svd_solver': 'auto', 'PCA__tol': 0.0, 'PCA__whiten': False, 'Selector__estimator__C': 1.0, 'Selector__estimator__class_weight': None, 'Selector__estimator__dual': 'auto', 'Selector__estimator__fit_intercept': True, 'Selector__estimator__intercept_scaling': 1, 'Selector__estimator__loss': 'squared_hinge', 'Selector__estimator__max_iter': 1000, 'Selector__estimator__multi_class': 'ovr', 'Selector__estimator__penalty': 'l2', 'Selector__estimator__random_state': None, 'Selector__estimator__tol': 0.0001, 'Selector__estimator__verbose': 0, 'Selector__estimator': LinearSVC(), 'Selector__importance_getter': 'auto', 'Selector__max_features': 16, 'Selector__norm_order': 1, 'Selector__prefit': False, 'Selector__threshold': None, 'Classifier__memory': None, 'Classifier__steps': [('SVC', SVC(C=100, cache_size=500, class_weight='balanced', coef0=6, degree=5,
    gamma=0.1, max_iter=1000000, probability=True, random_state=42))], 'Classifier__transform_input': None, 'Classifier__verbose': False, 'Classifier__SVC': SVC(C=100, cache_size=500, class_weight='balanced', coef0=6, degree=5,
    gamma=0.1, max_iter=1000000, probability=True, random_state=42), 'Classifier__SVC__C': 100, 'Classifier__SVC__break_ties': False, 'Classifier__SVC__cache_size': 500, 'Classifier__SVC__class_weight': 'balanced', 'Classifier__SVC__coef0': 6, 'Classifier__SVC__decision_function_shape': 'ovr', 'Classifier__SVC__degree': 5, 'Classifier__SVC__gamma': 0.1, 'Classifier__SVC__kernel': 'rbf', 'Classifier__SVC__max_iter': 1000000, 'Classifier__SVC__probability': True, 'Classifier__SVC__random_state': 42, 'Classifier__SVC__shrinking': True, 'Classifier__SVC__tol': 0.001, 'Classifier__SVC__verbose': False}","['x10' 'x12' 'x13' 'x14' 'x15' 'x20' 'x21' 'x22' 'x24' 'x26' 'x27' 'x28'
 'x30' 'x32' 'x34' 'x39']",,,0.0,0.0,0.0
15,Bass,False,"{'memory': None, 'steps': [('Imputer', SimpleImputer()), ('Scaler', MinMaxScaler()), ('PCA', PCA(n_components=30, random_state=42)), ('Selector', SelectFromModel(estimator=LinearSVC(), max_features=12)), ('Classifier', Pipeline(steps=[('SVC',
                 SVC(C=100, cache_size=500, class_weight='balanced', coef0=6,
                     degree=5, gamma=0.1, kernel='linear', max_iter=1000000,
                     probability=True, random_state=42))]))], 'transform_input': None, 'verbose': False, 'Imputer': SimpleImputer(), 'Scaler': MinMaxScaler(), 'PCA': PCA(n_components=30, random_state=42), 'Selector': SelectFromModel(estimator=LinearSVC(), max_features=12), 'Classifier': Pipeline(steps=[('SVC',
                 SVC(C=100, cache_size=500, class_weight='balanced', coef0=6,
                     degree=5, gamma=0.1, kernel='linear', max_iter=1000000,
                     probability=True, random_state=42))]), 'Imputer__add_indicator': False, 'Imputer__copy': True, 'Imputer__fill_value': None, 'Imputer__keep_empty_features': False, 'Imputer__missing_values': nan, 'Imputer__strategy': 'mean', 'Scaler__clip': False, 'Scaler__copy': True, 'Scaler__feature_range': (0, 1), 'PCA__copy': True, 'PCA__iterated_power': 'auto', 'PCA__n_components': 30, 'PCA__n_oversamples': 10, 'PCA__power_iteration_normalizer': 'auto', 'PCA__random_state': 42, 'PCA__svd_solver': 'auto', 'PCA__tol': 0.0, 'PCA__whiten': False, 'Selector__estimator__C': 1.0, 'Selector__estimator__class_weight': None, 'Selector__estimator__dual': 'auto', 'Selector__estimator__fit_intercept': True, 'Selector__estimator__intercept_scaling': 1, 'Selector__estimator__loss': 'squared_hinge', 'Selector__estimator__max_iter': 1000, 'Selector__estimator__multi_class': 'ovr', 'Selector__estimator__penalty': 'l2', 'Selector__estimator__random_state': None, 'Selector__estimator__tol': 0.0001, 'Selector__estimator__verbose': 0, 'Selector__estimator': LinearSVC(), 'Selector__importance_getter': 'auto', 'Selector__max_features': 12, 'Selector__norm_order': 1, 'Selector__prefit': False, 'Selector__threshold': None, 'Classifier__memory': None, 'Classifier__steps': [('SVC', SVC(C=100, cache_size=500, class_weight='balanced', coef0=6, degree=5,
    gamma=0.1, kernel='linear', max_iter=1000000, probability=True,
    random_state=42))], 'Classifier__transform_input': None, 'Classifier__verbose': False, 'Classifier__SVC': SVC(C=100, cache_size=500, class_weight='balanced', coef0=6, degree=5,
    gamma=0.1, kernel='linear', max_iter=1000000, probability=True,
    random_state=42), 'Classifier__SVC__C': 100, 'Classifier__SVC__break_ties': False, 'Classifier__SVC__cache_size': 500, 'Classifier__SVC__class_weight': 'balanced', 'Classifier__SVC__coef0': 6, 'Classifier__SVC__decision_function_shape': 'ovr', 'Classifier__SVC__degree': 5, 'Classifier__SVC__gamma': 0.1, 'Classifier__SVC__kernel': 'linear', 'Classifier__SVC__max_iter': 1000000, 'Classifier__SVC__probability': True, 'Classifier__SVC__random_state': 42, 'Classifier__SVC__shrinking': True, 'Classifier__SVC__tol': 0.001, 'Classifier__SVC__verbose': False}",['x10' 'x12' 'x13' 'x14' 'x15' 'x20' 'x22' 'x24' 'x26' 'x27' 'x28' 'x29'],,,0.0,0.0,0.0
16,Bass,False,"{'memory': None, 'steps': [('Imputer', SimpleImputer()), ('Scaler', MinMaxScaler()), ('PCA', PCA(n_components=40, random_state=42)), ('Selector', SelectFromModel(estimator=LinearSVC(), max_features=16)), ('Classifier', Pipeline(steps=[('SVC',
                 SVC(C=10, cache_size=500, class_weight='balanced', coef0=6,
                     degree=5, gamma=0.1, kernel='linear', max_iter=1000000,
                     probability=True, random_state=42))]))], 'transform_input': None, 'verbose': False, 'Imputer': SimpleImputer(), 'Scaler': MinMaxScaler(), 'PCA': PCA(n_components=40, random_state=42), 'Selector': SelectFromModel(estimator=LinearSVC(), max_features=16), 'Classifier': Pipeline(steps=[('SVC',
                 SVC(C=10, cache_size=500, class_weight='balanced', coef0=6,
                     degree=5, gamma=0.1, kernel='linear', max_iter=1000000,
                     probability=True, random_state=42))]), 'Imputer__add_indicator': False, 'Imputer__copy': True, 'Imputer__fill_value': None, 'Imputer__keep_empty_features': False, 'Imputer__missing_values': nan, 'Imputer__strategy': 'mean', 'Scaler__clip': False, 'Scaler__copy': True, 'Scaler__feature_range': (0, 1), 'PCA__copy': True, 'PCA__iterated_power': 'auto', 'PCA__n_components': 40, 'PCA__n_oversamples': 10, 'PCA__power_iteration_normalizer': 'auto', 'PCA__random_state': 42, 'PCA__svd_solver': 'auto', 'PCA__tol': 0.0, 'PCA__whiten': False, 'Selector__estimator__C': 1.0, 'Selector__estimator__class_weight': None, 'Selector__estimator__dual': 'auto', 'Selector__estimator__fit_intercept': True, 'Selector__estimator__intercept_scaling': 1, 'Selector__estimator__loss': 'squared_hinge', 'Selector__estimator__max_iter': 1000, 'Selector__estimator__multi_class': 'ovr', 'Selector__estimator__penalty': 'l2', 'Selector__estimator__random_state': None, 'Selector__estimator__tol': 0.0001, 'Selector__estimator__verbose': 0, 'Selector__estimator': LinearSVC(), 'Selector__importance_getter': 'auto', 'Selector__max_features': 16, 'Selector__norm_order': 1, 'Selector__prefit': False, 'Selector__threshold': None, 'Classifier__memory': None, 'Classifier__steps': [('SVC', SVC(C=10, cache_size=500, class_weight='balanced', coef0=6, degree=5, gamma=0.1,
    kernel='linear', max_iter=1000000, probability=True, random_state=42))], 'Classifier__transform_input': None, 'Classifier__verbose': False, 'Classifier__SVC': SVC(C=10, cache_size=500, class_weight='balanced', coef0=6, degree=5, gamma=0.1,
    kernel='linear', max_iter=1000000, probability=True, random_state=42), 'Classifier__SVC__C': 10, 'Classifier__SVC__break_ties': False, 'Classifier__SVC__cache_size': 500, 'Classifier__SVC__class_weight': 'balanced', 'Classifier__SVC__coef0': 6, 'Classifier__SVC__decision_function_shape': 'ovr', 'Classifier__SVC__degree': 5, 'Classifier__SVC__gamma': 0.1, 'Classifier__SVC__kernel': 'linear', 'Classifier__SVC__max_iter': 1000000, 'Classifier__SVC__probability': True, 'Classifier__SVC__random_state': 42, 'Classifier__SVC__shrinking': True, 'Classifier__SVC__tol': 0.001, 'Classifier__SVC__verbose': False}","['x10' 'x12' 'x13' 'x14' 'x15' 'x20' 'x21' 'x22' 'x24' 'x26' 'x27' 'x28'
 'x30' 'x32' 'x34' 'x39']",,,0.0,0.0,0.0
17,Bass,False,"{'memory': None, 'steps': [('Imputer', SimpleImputer()), ('Scaler', MinMaxScaler()), ('PCA', PCA(n_components=30, random_state=42)), ('Selector', SelectFromModel(estimator=LinearSVC(), max_features=12)), ('Classifier', Pipeline(steps=[('SVC',
                 SVC(C=100, cache_size=500, class_weight='balanced', coef0=6,
                     degree=5, gamma=0.1, max_iter=1000000, probability=True,
                     random_state=42))]))], 'transform_input': None, 'verbose': False, 'Imputer': SimpleImputer(), 'Scaler': MinMaxScaler(), 'PCA': PCA(n_components=30, random_state=42), 'Selector': SelectFromModel(estimator=LinearSVC(), max_features=12), 'Classifier': Pipeline(steps=[('SVC',
                 SVC(C=100, cache_size=500, class_weight='balanced', coef0=6,
                     degree=5, gamma=0.1, max_iter=1000000, probability=True,
                     random_state=42))]), 'Imputer__add_indicator': False, 'Imputer__copy': True, 'Imputer__fill_value': None, 'Imputer__keep_empty_features': False, 'Imputer__missing_values': nan, 'Imputer__strategy': 'mean', 'Scaler__clip': False, 'Scaler__copy': True, 'Scaler__feature_range': (0, 1), 'PCA__copy': True, 'PCA__iterated_power': 'auto', 'PCA__n_components': 30, 'PCA__n_oversamples': 10, 'PCA__power_iteration_normalizer': 'auto', 'PCA__random_state': 42, 'PCA__svd_solver': 'auto', 'PCA__tol': 0.0, 'PCA__whiten': False, 'Selector__estimator__C': 1.0, 'Selector__estimator__class_weight': None, 'Selector__estimator__dual': 'auto', 'Selector__estimator__fit_intercept': True, 'Selector__estimator__intercept_scaling': 1, 'Selector__estimator__loss': 'squared_hinge', 'Selector__estimator__max_iter': 1000, 'Selector__estimator__multi_class': 'ovr', 'Selector__estimator__penalty': 'l2', 'Selector__estimator__random_state': None, 'Selector__estimator__tol': 0.0001, 'Selector__estimator__verbose': 0, 'Selector__estimator': LinearSVC(), 'Selector__importance_getter': 'auto', 'Selector__max_features': 12, 'Selector__norm_order': 1, 'Selector__prefit': False, 'Selector__threshold': None, 'Classifier__memory': None, 'Classifier__steps': [('SVC', SVC(C=100, cache_size=500, class_weight='balanced', coef0=6, degree=5,
    gamma=0.1, max_iter=1000000, probability=True, random_state=42))], 'Classifier__transform_input': None, 'Classifier__verbose': False, 'Classifier__SVC': SVC(C=100, cache_size=500, class_weight='balanced', coef0=6, degree=5,
    gamma=0.1, max_iter=1000000, probability=True, random_state=42), 'Classifier__SVC__C': 100, 'Classifier__SVC__break_ties': False, 'Classifier__SVC__cache_size': 500, 'Classifier__SVC__class_weight': 'balanced', 'Classifier__SVC__coef0': 6, 'Classifier__SVC__decision_function_shape': 'ovr', 'Classifier__SVC__degree': 5, 'Classifier__SVC__gamma': 0.1, 'Classifier__SVC__kernel': 'rbf', 'Classifier__SVC__max_iter': 1000000, 'Classifier__SVC__probability': True, 'Classifier__SVC__random_state': 42, 'Classifier__SVC__shrinking': True, 'Classifier__SVC__tol': 0.001, 'Classifier__SVC__verbose': False}",['x10' 'x12' 'x13' 'x14' 'x15' 'x20' 'x22' 'x24' 'x26' 'x27' 'x28' 'x29'],,,0.0,0.0,0.0
18,Bass,False,"{'memory': None, 'steps': [('Imputer', SimpleImputer()), ('Scaler', MinMaxScaler()), ('PCA', PCA(n_components=40, random_state=42)), ('Selector', SelectFromModel(estimator=LinearSVC(), max_features=20)), ('Classifier', Pipeline(steps=[('SVC',
                 SVC(C=0.1, cache_size=500, class_weight='balanced', coef0=6,
                     degree=5, gamma=0.01, kernel='poly', max_iter=1000000,
                     probability=True, random_state=42))]))], 'transform_input': None, 'verbose': False, 'Imputer': SimpleImputer(), 'Scaler': MinMaxScaler(), 'PCA': PCA(n_components=40, random_state=42), 'Selector': SelectFromModel(estimator=LinearSVC(), max_features=20), 'Classifier': Pipeline(steps=[('SVC',
                 SVC(C=0.1, cache_size=500, class_weight='balanced', coef0=6,
                     degree=5, gamma=0.01, kernel='poly', max_iter=1000000,
                     probability=True, random_state=42))]), 'Imputer__add_indicator': False, 'Imputer__copy': True, 'Imputer__fill_value': None, 'Imputer__keep_empty_features': False, 'Imputer__missing_values': nan, 'Imputer__strategy': 'mean', 'Scaler__clip': False, 'Scaler__copy': True, 'Scaler__feature_range': (0, 1), 'PCA__copy': True, 'PCA__iterated_power': 'auto', 'PCA__n_components': 40, 'PCA__n_oversamples': 10, 'PCA__power_iteration_normalizer': 'auto', 'PCA__random_state': 42, 'PCA__svd_solver': 'auto', 'PCA__tol': 0.0, 'PCA__whiten': False, 'Selector__estimator__C': 1.0, 'Selector__estimator__class_weight': None, 'Selector__estimator__dual': 'auto', 'Selector__estimator__fit_intercept': True, 'Selector__estimator__intercept_scaling': 1, 'Selector__estimator__loss': 'squared_hinge', 'Selector__estimator__max_iter': 1000, 'Selector__estimator__multi_class': 'ovr', 'Selector__estimator__penalty': 'l2', 'Selector__estimator__random_state': None, 'Selector__estimator__tol': 0.0001, 'Selector__estimator__verbose': 0, 'Selector__estimator': LinearSVC(), 'Selector__importance_getter': 'auto', 'Selector__max_features': 20, 'Selector__norm_order': 1, 'Selector__prefit': False, 'Selector__threshold': None, 'Classifier__memory': None, 'Classifier__steps': [('SVC', SVC(C=0.1, cache_size=500, class_weight='balanced', coef0=6, degree=5,
    gamma=0.01, kernel='poly', max_iter=1000000, probability=True,
    random_state=42))], 'Classifier__transform_input': None, 'Classifier__verbose': False, 'Classifier__SVC': SVC(C=0.1, cache_size=500, class_weight='balanced', coef0=6, degree=5,
    gamma=0.01, kernel='poly', max_iter=1000000, probability=True,
    random_state=42), 'Classifier__SVC__C': 0.1, 'Classifier__SVC__break_ties': False, 'Classifier__SVC__cache_size': 500, 'Classifier__SVC__class_weight': 'balanced', 'Classifier__SVC__coef0': 6, 'Classifier__SVC__decision_function_shape': 'ovr', 'Classifier__SVC__degree': 5, 'Classifier__SVC__gamma': 0.01, 'Classifier__SVC__kernel': 'poly', 'Classifier__SVC__max_iter': 1000000, 'Classifier__SVC__probability': True, 'Classifier__SVC__random_state': 42, 'Classifier__SVC__shrinking': True, 'Classifier__SVC__tol': 0.001, 'Classifier__SVC__verbose': False}","['x10' 'x12' 'x13' 'x14' 'x15' 'x16' 'x20' 'x21' 'x22' 'x24' 'x26' 'x27'
 'x28' 'x29' 'x30' 'x32' 'x33' 'x34' 'x35' 'x39']",,,0.0,0.0,0.0
19,Bass,False,"{'memory': None, 'steps': [('Imputer', SimpleImputer()), ('Scaler', MinMaxScaler()), ('PCA', PCA(n_components=30, random_state=42)), ('Selector', SelectFromModel(estimator=LinearSVC(), max_features=20)), ('Classifier', Pipeline(steps=[('SVC',
                 SVC(C=0.1, cache_size=500, class_weight='balanced', coef0=6,
                     degree=5, gamma=0.01, kernel='poly', max_iter=1000000,
                     probability=True, random_state=42))]))], 'transform_input': None, 'verbose': False, 'Imputer': SimpleImputer(), 'Scaler': MinMaxScaler(), 'PCA': PCA(n_components=30, random_state=42), 'Selector': SelectFromModel(estimator=LinearSVC(), max_features=20), 'Classifier': Pipeline(steps=[('SVC',
                 SVC(C=0.1, cache_size=500, class_weight='balanced', coef0=6,
                     degree=5, gamma=0.01, kernel='poly', max_iter=1000000,
                     probability=True, random_state=42))]), 'Imputer__add_indicator': False, 'Imputer__copy': True, 'Imputer__fill_value': None, 'Imputer__keep_empty_features': False, 'Imputer__missing_values': nan, 'Imputer__strategy': 'mean', 'Scaler__clip': False, 'Scaler__copy': True, 'Scaler__feature_range': (0, 1), 'PCA__copy': True, 'PCA__iterated_power': 'auto', 'PCA__n_components': 30, 'PCA__n_oversamples': 10, 'PCA__power_iteration_normalizer': 'auto', 'PCA__random_state': 42, 'PCA__svd_solver': 'auto', 'PCA__tol': 0.0, 'PCA__whiten': False, 'Selector__estimator__C': 1.0, 'Selector__estimator__class_weight': None, 'Selector__estimator__dual': 'auto', 'Selector__estimator__fit_intercept': True, 'Selector__estimator__intercept_scaling': 1, 'Selector__estimator__loss': 'squared_hinge', 'Selector__estimator__max_iter': 1000, 'Selector__estimator__multi_class': 'ovr', 'Selector__estimator__penalty': 'l2', 'Selector__estimator__random_state': None, 'Selector__estimator__tol': 0.0001, 'Selector__estimator__verbose': 0, 'Selector__estimator': LinearSVC(), 'Selector__importance_getter': 'auto', 'Selector__max_features': 20, 'Selector__norm_order': 1, 'Selector__prefit': False, 'Selector__threshold': None, 'Classifier__memory': None, 'Classifier__steps': [('SVC', SVC(C=0.1, cache_size=500, class_weight='balanced', coef0=6, degree=5,
    gamma=0.01, kernel='poly', max_iter=1000000, probability=True,
    random_state=42))], 'Classifier__transform_input': None, 'Classifier__verbose': False, 'Classifier__SVC': SVC(C=0.1, cache_size=500, class_weight='balanced', coef0=6, degree=5,
    gamma=0.01, kernel='poly', max_iter=1000000, probability=True,
    random_state=42), 'Classifier__SVC__C': 0.1, 'Classifier__SVC__break_ties': False, 'Classifier__SVC__cache_size': 500, 'Classifier__SVC__class_weight': 'balanced', 'Classifier__SVC__coef0': 6, 'Classifier__SVC__decision_function_shape': 'ovr', 'Classifier__SVC__degree': 5, 'Classifier__SVC__gamma': 0.01, 'Classifier__SVC__kernel': 'poly', 'Classifier__SVC__max_iter': 1000000, 'Classifier__SVC__probability': True, 'Classifier__SVC__random_state': 42, 'Classifier__SVC__shrinking': True, 'Classifier__SVC__tol': 0.001, 'Classifier__SVC__verbose': False}",['x10' 'x12' 'x13' 'x14' 'x15' 'x20' 'x22' 'x24' 'x26' 'x27' 'x28' 'x29'],,,0.0,0.0,0.0
20,Drums,False,"{'memory': None, 'steps': [('Imputer', SimpleImputer()), ('Scaler', MinMaxScaler()), ('PCA', PCA(n_components=10, random_state=42)), ('Selector', SelectFromModel(estimator=LinearSVC(), max_features=8)), ('Classifier', Pipeline(steps=[('SVC',
                 SVC(C=1000, cache_size=500, class_weight='balanced', coef0=6,
                     degree=5, gamma=0.1, max_iter=1000000, probability=True,
                     random_state=42))]))], 'transform_input': None, 'verbose': False, 'Imputer': SimpleImputer(), 'Scaler': MinMaxScaler(), 'PCA': PCA(n_components=10, random_state=42), 'Selector': SelectFromModel(estimator=LinearSVC(), max_features=8), 'Classifier': Pipeline(steps=[('SVC',
                 SVC(C=1000, cache_size=500, class_weight='balanced', coef0=6,
                     degree=5, gamma=0.1, max_iter=1000000, probability=True,
                     random_state=42))]), 'Imputer__add_indicator': False, 'Imputer__copy': True, 'Imputer__fill_value': None, 'Imputer__keep_empty_features': False, 'Imputer__missing_values': nan, 'Imputer__strategy': 'mean', 'Scaler__clip': False, 'Scaler__copy': True, 'Scaler__feature_range': (0, 1), 'PCA__copy': True, 'PCA__iterated_power': 'auto', 'PCA__n_components': 10, 'PCA__n_oversamples': 10, 'PCA__power_iteration_normalizer': 'auto', 'PCA__random_state': 42, 'PCA__svd_solver': 'auto', 'PCA__tol': 0.0, 'PCA__whiten': False, 'Selector__estimator__C': 1.0, 'Selector__estimator__class_weight': None, 'Selector__estimator__dual': 'auto', 'Selector__estimator__fit_intercept': True, 'Selector__estimator__intercept_scaling': 1, 'Selector__estimator__loss': 'squared_hinge', 'Selector__estimator__max_iter': 1000, 'Selector__estimator__multi_class': 'ovr', 'Selector__estimator__penalty': 'l2', 'Selector__estimator__random_state': None, 'Selector__estimator__tol': 0.0001, 'Selector__estimator__verbose': 0, 'Selector__estimator': LinearSVC(), 'Selector__importance_getter': 'auto', 'Selector__max_features': 8, 'Selector__norm_order': 1, 'Selector__prefit': False, 'Selector__threshold': None, 'Classifier__memory': None, 'Classifier__steps': [('SVC', SVC(C=1000, cache_size=500, class_weight='balanced', coef0=6, degree=5,
    gamma=0.1, max_iter=1000000, probability=True, random_state=42))], 'Classifier__transform_input': None, 'Classifier__verbose': False, 'Classifier__SVC': SVC(C=1000, cache_size=500, class_weight='balanced', coef0=6, degree=5,
    gamma=0.1, max_iter=1000000, probability=True, random_state=42), 'Classifier__SVC__C': 1000, 'Classifier__SVC__break_ties': False, 'Classifier__SVC__cache_size': 500, 'Classifier__SVC__class_weight': 'balanced', 'Classifier__SVC__coef0': 6, 'Classifier__SVC__decision_function_shape': 'ovr', 'Classifier__SVC__degree': 5, 'Classifier__SVC__gamma': 0.1, 'Classifier__SVC__kernel': 'rbf', 'Classifier__SVC__max_iter': 1000000, 'Classifier__SVC__probability': True, 'Classifier__SVC__random_state': 42, 'Classifier__SVC__shrinking': True, 'Classifier__SVC__tol': 0.001, 'Classifier__SVC__verbose': False}",['x3' 'x4' 'x7' 'x8' 'x9'],,,0.0,0.0,0.0
21,Drums,False,"{'memory': None, 'steps': [('Imputer', SimpleImputer()), ('Scaler', MinMaxScaler()), ('PCA', PCA(n_components=20, random_state=42)), ('Selector', SelectFromModel(estimator=LinearSVC(), max_features=16)), ('Classifier', Pipeline(steps=[('SVC',
                 SVC(C=1000, cache_size=500, class_weight='balanced', coef0=6,
                     degree=5, gamma=0.1, kernel='linear', max_iter=1000000,
                     probability=True, random_state=42))]))], 'transform_input': None, 'verbose': False, 'Imputer': SimpleImputer(), 'Scaler': MinMaxScaler(), 'PCA': PCA(n_components=20, random_state=42), 'Selector': SelectFromModel(estimator=LinearSVC(), max_features=16), 'Classifier': Pipeline(steps=[('SVC',
                 SVC(C=1000, cache_size=500, class_weight='balanced', coef0=6,
                     degree=5, gamma=0.1, kernel='linear', max_iter=1000000,
                     probability=True, random_state=42))]), 'Imputer__add_indicator': False, 'Imputer__copy': True, 'Imputer__fill_value': None, 'Imputer__keep_empty_features': False, 'Imputer__missing_values': nan, 'Imputer__strategy': 'mean', 'Scaler__clip': False, 'Scaler__copy': True, 'Scaler__feature_range': (0, 1), 'PCA__copy': True, 'PCA__iterated_power': 'auto', 'PCA__n_components': 20, 'PCA__n_oversamples': 10, 'PCA__power_iteration_normalizer': 'auto', 'PCA__random_state': 42, 'PCA__svd_solver': 'auto', 'PCA__tol': 0.0, 'PCA__whiten': False, 'Selector__estimator__C': 1.0, 'Selector__estimator__class_weight': None, 'Selector__estimator__dual': 'auto', 'Selector__estimator__fit_intercept': True, 'Selector__estimator__intercept_scaling': 1, 'Selector__estimator__loss': 'squared_hinge', 'Selector__estimator__max_iter': 1000, 'Selector__estimator__multi_class': 'ovr', 'Selector__estimator__penalty': 'l2', 'Selector__estimator__random_state': None, 'Selector__estimator__tol': 0.0001, 'Selector__estimator__verbose': 0, 'Selector__estimator': LinearSVC(), 'Selector__importance_getter': 'auto', 'Selector__max_features': 16, 'Selector__norm_order': 1, 'Selector__prefit': False, 'Selector__threshold': None, 'Classifier__memory': None, 'Classifier__steps': [('SVC', SVC(C=1000, cache_size=500, class_weight='balanced', coef0=6, degree=5,
    gamma=0.1, kernel='linear', max_iter=1000000, probability=True,
    random_state=42))], 'Classifier__transform_input': None, 'Classifier__verbose': False, 'Classifier__SVC': SVC(C=1000, cache_size=500, class_weight='balanced', coef0=6, degree=5,
    gamma=0.1, kernel='linear', max_iter=1000000, probability=True,
    random_state=42), 'Classifier__SVC__C': 1000, 'Classifier__SVC__break_ties': False, 'Classifier__SVC__cache_size': 500, 'Classifier__SVC__class_weight': 'balanced', 'Classifier__SVC__coef0': 6, 'Classifier__SVC__decision_function_shape': 'ovr', 'Classifier__SVC__degree': 5, 'Classifier__SVC__gamma': 0.1, 'Classifier__SVC__kernel': 'linear', 'Classifier__SVC__max_iter': 1000000, 'Classifier__SVC__probability': True, 'Classifier__SVC__random_state': 42, 'Classifier__SVC__shrinking': True, 'Classifier__SVC__tol': 0.001, 'Classifier__SVC__verbose': False}",['x8' 'x9' 'x11' 'x12' 'x14' 'x16' 'x17' 'x18' 'x19'],,,0.0,0.0,0.0
22,Drums,False,"{'memory': None, 'steps': [('Imputer', SimpleImputer()), ('Scaler', MinMaxScaler()), ('PCA', PCA(n_components=20, random_state=42)), ('Selector', SelectFromModel(estimator=LinearSVC(), max_features=12)), ('Classifier', Pipeline(steps=[('SVC',
                 SVC(C=1000, cache_size=500, class_weight='balanced', coef0=6,
                     degree=5, gamma=0.1, kernel='linear', max_iter=1000000,
                     probability=True, random_state=42))]))], 'transform_input': None, 'verbose': False, 'Imputer': SimpleImputer(), 'Scaler': MinMaxScaler(), 'PCA': PCA(n_components=20, random_state=42), 'Selector': SelectFromModel(estimator=LinearSVC(), max_features=12), 'Classifier': Pipeline(steps=[('SVC',
                 SVC(C=1000, cache_size=500, class_weight='balanced', coef0=6,
                     degree=5, gamma=0.1, kernel='linear', max_iter=1000000,
                     probability=True, random_state=42))]), 'Imputer__add_indicator': False, 'Imputer__copy': True, 'Imputer__fill_value': None, 'Imputer__keep_empty_features': False, 'Imputer__missing_values': nan, 'Imputer__strategy': 'mean', 'Scaler__clip': False, 'Scaler__copy': True, 'Scaler__feature_range': (0, 1), 'PCA__copy': True, 'PCA__iterated_power': 'auto', 'PCA__n_components': 20, 'PCA__n_oversamples': 10, 'PCA__power_iteration_normalizer': 'auto', 'PCA__random_state': 42, 'PCA__svd_solver': 'auto', 'PCA__tol': 0.0, 'PCA__whiten': False, 'Selector__estimator__C': 1.0, 'Selector__estimator__class_weight': None, 'Selector__estimator__dual': 'auto', 'Selector__estimator__fit_intercept': True, 'Selector__estimator__intercept_scaling': 1, 'Selector__estimator__loss': 'squared_hinge', 'Selector__estimator__max_iter': 1000, 'Selector__estimator__multi_class': 'ovr', 'Selector__estimator__penalty': 'l2', 'Selector__estimator__random_state': None, 'Selector__estimator__tol': 0.0001, 'Selector__estimator__verbose': 0, 'Selector__estimator': LinearSVC(), 'Selector__importance_getter': 'auto', 'Selector__max_features': 12, 'Selector__norm_order': 1, 'Selector__prefit': False, 'Selector__threshold': None, 'Classifier__memory': None, 'Classifier__steps': [('SVC', SVC(C=1000, cache_size=500, class_weight='balanced', coef0=6, degree=5,
    gamma=0.1, kernel='linear', max_iter=1000000, probability=True,
    random_state=42))], 'Classifier__transform_input': None, 'Classifier__verbose': False, 'Classifier__SVC': SVC(C=1000, cache_size=500, class_weight='balanced', coef0=6, degree=5,
    gamma=0.1, kernel='linear', max_iter=1000000, probability=True,
    random_state=42), 'Classifier__SVC__C': 1000, 'Classifier__SVC__break_ties': False, 'Classifier__SVC__cache_size': 500, 'Classifier__SVC__class_weight': 'balanced', 'Classifier__SVC__coef0': 6, 'Classifier__SVC__decision_function_shape': 'ovr', 'Classifier__SVC__degree': 5, 'Classifier__SVC__gamma': 0.1, 'Classifier__SVC__kernel': 'linear', 'Classifier__SVC__max_iter': 1000000, 'Classifier__SVC__probability': True, 'Classifier__SVC__random_state': 42, 'Classifier__SVC__shrinking': True, 'Classifier__SVC__tol': 0.001, 'Classifier__SVC__verbose': False}",['x8' 'x9' 'x11' 'x12' 'x14' 'x16' 'x17' 'x18' 'x19'],,,0.0,0.0,0.0
23,Drums,False,"{'memory': None, 'steps': [('Imputer', SimpleImputer()), ('Scaler', MinMaxScaler()), ('PCA', PCA(n_components=30, random_state=42)), ('Selector', SelectFromModel(estimator=LinearSVC(), max_features=16)), ('Classifier', Pipeline(steps=[('SVC',
                 SVC(C=10, cache_size=500, class_weight='balanced', coef0=6,
                     degree=5, gamma=0.1, max_iter=1000000, probability=True,
                     random_state=42))]))], 'transform_input': None, 'verbose': False, 'Imputer': SimpleImputer(), 'Scaler': MinMaxScaler(), 'PCA': PCA(n_components=30, random_state=42), 'Selector': SelectFromModel(estimator=LinearSVC(), max_features=16), 'Classifier': Pipeline(steps=[('SVC',
                 SVC(C=10, cache_size=500, class_weight='balanced', coef0=6,
                     degree=5, gamma=0.1, max_iter=1000000, probability=True,
                     random_state=42))]), 'Imputer__add_indicator': False, 'Imputer__copy': True, 'Imputer__fill_value': None, 'Imputer__keep_empty_features': False, 'Imputer__missing_values': nan, 'Imputer__strategy': 'mean', 'Scaler__clip': False, 'Scaler__copy': True, 'Scaler__feature_range': (0, 1), 'PCA__copy': True, 'PCA__iterated_power': 'auto', 'PCA__n_components': 30, 'PCA__n_oversamples': 10, 'PCA__power_iteration_normalizer': 'auto', 'PCA__random_state': 42, 'PCA__svd_solver': 'auto', 'PCA__tol': 0.0, 'PCA__whiten': False, 'Selector__estimator__C': 1.0, 'Selector__estimator__class_weight': None, 'Selector__estimator__dual': 'auto', 'Selector__estimator__fit_intercept': True, 'Selector__estimator__intercept_scaling': 1, 'Selector__estimator__loss': 'squared_hinge', 'Selector__estimator__max_iter': 1000, 'Selector__estimator__multi_class': 'ovr', 'Selector__estimator__penalty': 'l2', 'Selector__estimator__random_state': None, 'Selector__estimator__tol': 0.0001, 'Selector__estimator__verbose': 0, 'Selector__estimator': LinearSVC(), 'Selector__importance_getter': 'auto', 'Selector__max_features': 16, 'Selector__norm_order': 1, 'Selector__prefit': False, 'Selector__threshold': None, 'Classifier__memory': None, 'Classifier__steps': [('SVC', SVC(C=10, cache_size=500, class_weight='balanced', coef0=6, degree=5, gamma=0.1,
    max_iter=1000000, probability=True, random_state=42))], 'Classifier__transform_input': None, 'Classifier__verbose': False, 'Classifier__SVC': SVC(C=10, cache_size=500, class_weight='balanced', coef0=6, degree=5, gamma=0.1,
    max_iter=1000000, probability=True, random_state=42), 'Classifier__SVC__C': 10, 'Classifier__SVC__break_ties': False, 'Classifier__SVC__cache_size': 500, 'Classifier__SVC__class_weight': 'balanced', 'Classifier__SVC__coef0': 6, 'Classifier__SVC__decision_function_shape': 'ovr', 'Classifier__SVC__degree': 5, 'Classifier__SVC__gamma': 0.1, 'Classifier__SVC__kernel': 'rbf', 'Classifier__SVC__max_iter': 1000000, 'Classifier__SVC__probability': True, 'Classifier__SVC__random_state': 42, 'Classifier__SVC__shrinking': True, 'Classifier__SVC__tol': 0.001, 'Classifier__SVC__verbose': False}","['x9' 'x11' 'x12' 'x14' 'x16' 'x17' 'x18' 'x19' 'x20' 'x22' 'x23' 'x24'
 'x25' 'x26' 'x28' 'x29']",,,0.0,0.0,0.0
24,Drums,False,"{'memory': None, 'steps': [('Imputer', SimpleImputer()), ('Scaler', MinMaxScaler()), ('PCA', PCA(n_components=20, random_state=42)), ('Selector', SelectFromModel(estimator=LinearSVC(), max_features=16)), ('Classifier', Pipeline(steps=[('SVC',
                 SVC(C=100, cache_size=500, class_weight='balanced', coef0=6,
                     degree=5, gamma=0.1, kernel='linear', max_iter=1000000,
                     probability=True, random_state=42))]))], 'transform_input': None, 'verbose': False, 'Imputer': SimpleImputer(), 'Scaler': MinMaxScaler(), 'PCA': PCA(n_components=20, random_state=42), 'Selector': SelectFromModel(estimator=LinearSVC(), max_features=16), 'Classifier': Pipeline(steps=[('SVC',
                 SVC(C=100, cache_size=500, class_weight='balanced', coef0=6,
                     degree=5, gamma=0.1, kernel='linear', max_iter=1000000,
                     probability=True, random_state=42))]), 'Imputer__add_indicator': False, 'Imputer__copy': True, 'Imputer__fill_value': None, 'Imputer__keep_empty_features': False, 'Imputer__missing_values': nan, 'Imputer__strategy': 'mean', 'Scaler__clip': False, 'Scaler__copy': True, 'Scaler__feature_range': (0, 1), 'PCA__copy': True, 'PCA__iterated_power': 'auto', 'PCA__n_components': 20, 'PCA__n_oversamples': 10, 'PCA__power_iteration_normalizer': 'auto', 'PCA__random_state': 42, 'PCA__svd_solver': 'auto', 'PCA__tol': 0.0, 'PCA__whiten': False, 'Selector__estimator__C': 1.0, 'Selector__estimator__class_weight': None, 'Selector__estimator__dual': 'auto', 'Selector__estimator__fit_intercept': True, 'Selector__estimator__intercept_scaling': 1, 'Selector__estimator__loss': 'squared_hinge', 'Selector__estimator__max_iter': 1000, 'Selector__estimator__multi_class': 'ovr', 'Selector__estimator__penalty': 'l2', 'Selector__estimator__random_state': None, 'Selector__estimator__tol': 0.0001, 'Selector__estimator__verbose': 0, 'Selector__estimator': LinearSVC(), 'Selector__importance_getter': 'auto', 'Selector__max_features': 16, 'Selector__norm_order': 1, 'Selector__prefit': False, 'Selector__threshold': None, 'Classifier__memory': None, 'Classifier__steps': [('SVC', SVC(C=100, cache_size=500, class_weight='balanced', coef0=6, degree=5,
    gamma=0.1, kernel='linear', max_iter=1000000, probability=True,
    random_state=42))], 'Classifier__transform_input': None, 'Classifier__verbose': False, 'Classifier__SVC': SVC(C=100, cache_size=500, class_weight='balanced', coef0=6, degree=5,
    gamma=0.1, kernel='linear', max_iter=1000000, probability=True,
    random_state=42), 'Classifier__SVC__C': 100, 'Classifier__SVC__break_ties': False, 'Classifier__SVC__cache_size': 500, 'Classifier__SVC__class_weight': 'balanced', 'Classifier__SVC__coef0': 6, 'Classifier__SVC__decision_function_shape': 'ovr', 'Classifier__SVC__degree': 5, 'Classifier__SVC__gamma': 0.1, 'Classifier__SVC__kernel': 'linear', 'Classifier__SVC__max_iter': 1000000, 'Classifier__SVC__probability': True, 'Classifier__SVC__random_state': 42, 'Classifier__SVC__shrinking': True, 'Classifier__SVC__tol': 0.001, 'Classifier__SVC__verbose': False}",['x8' 'x9' 'x11' 'x12' 'x14' 'x16' 'x17' 'x18' 'x19'],,,0.0,0.0,0.0
25,Drums,False,"{'memory': None, 'steps': [('Imputer', SimpleImputer()), ('Scaler', MinMaxScaler()), ('PCA', PCA(n_components=20, random_state=42)), ('Selector', SelectFromModel(estimator=LinearSVC(), max_features=12)), ('Classifier', Pipeline(steps=[('SVC',
                 SVC(C=100, cache_size=500, class_weight='balanced', coef0=6,
                     degree=5, gamma=0.1, kernel='linear', max_iter=1000000,
                     probability=True, random_state=42))]))], 'transform_input': None, 'verbose': False, 'Imputer': SimpleImputer(), 'Scaler': MinMaxScaler(), 'PCA': PCA(n_components=20, random_state=42), 'Selector': SelectFromModel(estimator=LinearSVC(), max_features=12), 'Classifier': Pipeline(steps=[('SVC',
                 SVC(C=100, cache_size=500, class_weight='balanced', coef0=6,
                     degree=5, gamma=0.1, kernel='linear', max_iter=1000000,
                     probability=True, random_state=42))]), 'Imputer__add_indicator': False, 'Imputer__copy': True, 'Imputer__fill_value': None, 'Imputer__keep_empty_features': False, 'Imputer__missing_values': nan, 'Imputer__strategy': 'mean', 'Scaler__clip': False, 'Scaler__copy': True, 'Scaler__feature_range': (0, 1), 'PCA__copy': True, 'PCA__iterated_power': 'auto', 'PCA__n_components': 20, 'PCA__n_oversamples': 10, 'PCA__power_iteration_normalizer': 'auto', 'PCA__random_state': 42, 'PCA__svd_solver': 'auto', 'PCA__tol': 0.0, 'PCA__whiten': False, 'Selector__estimator__C': 1.0, 'Selector__estimator__class_weight': None, 'Selector__estimator__dual': 'auto', 'Selector__estimator__fit_intercept': True, 'Selector__estimator__intercept_scaling': 1, 'Selector__estimator__loss': 'squared_hinge', 'Selector__estimator__max_iter': 1000, 'Selector__estimator__multi_class': 'ovr', 'Selector__estimator__penalty': 'l2', 'Selector__estimator__random_state': None, 'Selector__estimator__tol': 0.0001, 'Selector__estimator__verbose': 0, 'Selector__estimator': LinearSVC(), 'Selector__importance_getter': 'auto', 'Selector__max_features': 12, 'Selector__norm_order': 1, 'Selector__prefit': False, 'Selector__threshold': None, 'Classifier__memory': None, 'Classifier__steps': [('SVC', SVC(C=100, cache_size=500, class_weight='balanced', coef0=6, degree=5,
    gamma=0.1, kernel='linear', max_iter=1000000, probability=True,
    random_state=42))], 'Classifier__transform_input': None, 'Classifier__verbose': False, 'Classifier__SVC': SVC(C=100, cache_size=500, class_weight='balanced', coef0=6, degree=5,
    gamma=0.1, kernel='linear', max_iter=1000000, probability=True,
    random_state=42), 'Classifier__SVC__C': 100, 'Classifier__SVC__break_ties': False, 'Classifier__SVC__cache_size': 500, 'Classifier__SVC__class_weight': 'balanced', 'Classifier__SVC__coef0': 6, 'Classifier__SVC__decision_function_shape': 'ovr', 'Classifier__SVC__degree': 5, 'Classifier__SVC__gamma': 0.1, 'Classifier__SVC__kernel': 'linear', 'Classifier__SVC__max_iter': 1000000, 'Classifier__SVC__probability': True, 'Classifier__SVC__random_state': 42, 'Classifier__SVC__shrinking': True, 'Classifier__SVC__tol': 0.001, 'Classifier__SVC__verbose': False}",['x8' 'x9' 'x11' 'x12' 'x14' 'x16' 'x17' 'x18' 'x19'],,,0.0,0.0,0.0
26,Drums,False,"{'memory': None, 'steps': [('Imputer', SimpleImputer()), ('Scaler', MinMaxScaler()), ('PCA', PCA(n_components=30, random_state=42)), ('Selector', SelectFromModel(estimator=LinearSVC(), max_features=20)), ('Classifier', Pipeline(steps=[('SVC',
                 SVC(C=1000, cache_size=500, class_weight='balanced', coef0=6,
                     degree=5, gamma=0.1, max_iter=1000000, probability=True,
                     random_state=42))]))], 'transform_input': None, 'verbose': False, 'Imputer': SimpleImputer(), 'Scaler': MinMaxScaler(), 'PCA': PCA(n_components=30, random_state=42), 'Selector': SelectFromModel(estimator=LinearSVC(), max_features=20), 'Classifier': Pipeline(steps=[('SVC',
                 SVC(C=1000, cache_size=500, class_weight='balanced', coef0=6,
                     degree=5, gamma=0.1, max_iter=1000000, probability=True,
                     random_state=42))]), 'Imputer__add_indicator': False, 'Imputer__copy': True, 'Imputer__fill_value': None, 'Imputer__keep_empty_features': False, 'Imputer__missing_values': nan, 'Imputer__strategy': 'mean', 'Scaler__clip': False, 'Scaler__copy': True, 'Scaler__feature_range': (0, 1), 'PCA__copy': True, 'PCA__iterated_power': 'auto', 'PCA__n_components': 30, 'PCA__n_oversamples': 10, 'PCA__power_iteration_normalizer': 'auto', 'PCA__random_state': 42, 'PCA__svd_solver': 'auto', 'PCA__tol': 0.0, 'PCA__whiten': False, 'Selector__estimator__C': 1.0, 'Selector__estimator__class_weight': None, 'Selector__estimator__dual': 'auto', 'Selector__estimator__fit_intercept': True, 'Selector__estimator__intercept_scaling': 1, 'Selector__estimator__loss': 'squared_hinge', 'Selector__estimator__max_iter': 1000, 'Selector__estimator__multi_class': 'ovr', 'Selector__estimator__penalty': 'l2', 'Selector__estimator__random_state': None, 'Selector__estimator__tol': 0.0001, 'Selector__estimator__verbose': 0, 'Selector__estimator': LinearSVC(), 'Selector__importance_getter': 'auto', 'Selector__max_features': 20, 'Selector__norm_order': 1, 'Selector__prefit': False, 'Selector__threshold': None, 'Classifier__memory': None, 'Classifier__steps': [('SVC', SVC(C=1000, cache_size=500, class_weight='balanced', coef0=6, degree=5,
    gamma=0.1, max_iter=1000000, probability=True, random_state=42))], 'Classifier__transform_input': None, 'Classifier__verbose': False, 'Classifier__SVC': SVC(C=1000, cache_size=500, class_weight='balanced', coef0=6, degree=5,
    gamma=0.1, max_iter=1000000, probability=True, random_state=42), 'Classifier__SVC__C': 1000, 'Classifier__SVC__break_ties': False, 'Classifier__SVC__cache_size': 500, 'Classifier__SVC__class_weight': 'balanced', 'Classifier__SVC__coef0': 6, 'Classifier__SVC__decision_function_shape': 'ovr', 'Classifier__SVC__degree': 5, 'Classifier__SVC__gamma': 0.1, 'Classifier__SVC__kernel': 'rbf', 'Classifier__SVC__max_iter': 1000000, 'Classifier__SVC__probability': True, 'Classifier__SVC__random_state': 42, 'Classifier__SVC__shrinking': True, 'Classifier__SVC__tol': 0.001, 'Classifier__SVC__verbose': False}","['x9' 'x11' 'x12' 'x14' 'x16' 'x17' 'x18' 'x19' 'x20' 'x22' 'x23' 'x24'
 'x25' 'x26' 'x28' 'x29']",,,0.0,0.0,0.0
27,Drums,False,"{'memory': None, 'steps': [('Imputer', SimpleImputer()), ('Scaler', MinMaxScaler()), ('PCA', PCA(n_components=15, random_state=42)), ('Selector', SelectFromModel(estimator=LinearSVC(), max_features=8)), ('Classifier', Pipeline(steps=[('SVC',
                 SVC(C=1000, cache_size=500, class_weight='balanced', coef0=6,
                     degree=5, gamma=0.1, max_iter=1000000, probability=True,
                     random_state=42))]))], 'transform_input': None, 'verbose': False, 'Imputer': SimpleImputer(), 'Scaler': MinMaxScaler(), 'PCA': PCA(n_components=15, random_state=42), 'Selector': SelectFromModel(estimator=LinearSVC(), max_features=8), 'Classifier': Pipeline(steps=[('SVC',
                 SVC(C=1000, cache_size=500, class_weight='balanced', coef0=6,
                     degree=5, gamma=0.1, max_iter=1000000, probability=True,
                     random_state=42))]), 'Imputer__add_indicator': False, 'Imputer__copy': True, 'Imputer__fill_value': None, 'Imputer__keep_empty_features': False, 'Imputer__missing_values': nan, 'Imputer__strategy': 'mean', 'Scaler__clip': False, 'Scaler__copy': True, 'Scaler__feature_range': (0, 1), 'PCA__copy': True, 'PCA__iterated_power': 'auto', 'PCA__n_components': 15, 'PCA__n_oversamples': 10, 'PCA__power_iteration_normalizer': 'auto', 'PCA__random_state': 42, 'PCA__svd_solver': 'auto', 'PCA__tol': 0.0, 'PCA__whiten': False, 'Selector__estimator__C': 1.0, 'Selector__estimator__class_weight': None, 'Selector__estimator__dual': 'auto', 'Selector__estimator__fit_intercept': True, 'Selector__estimator__intercept_scaling': 1, 'Selector__estimator__loss': 'squared_hinge', 'Selector__estimator__max_iter': 1000, 'Selector__estimator__multi_class': 'ovr', 'Selector__estimator__penalty': 'l2', 'Selector__estimator__random_state': None, 'Selector__estimator__tol': 0.0001, 'Selector__estimator__verbose': 0, 'Selector__estimator': LinearSVC(), 'Selector__importance_getter': 'auto', 'Selector__max_features': 8, 'Selector__norm_order': 1, 'Selector__prefit': False, 'Selector__threshold': None, 'Classifier__memory': None, 'Classifier__steps': [('SVC', SVC(C=1000, cache_size=500, class_weight='balanced', coef0=6, degree=5,
    gamma=0.1, max_iter=1000000, probability=True, random_state=42))], 'Classifier__transform_input': None, 'Classifier__verbose': False, 'Classifier__SVC': SVC(C=1000, cache_size=500, class_weight='balanced', coef0=6, degree=5,
    gamma=0.1, max_iter=1000000, probability=True, random_state=42), 'Classifier__SVC__C': 1000, 'Classifier__SVC__break_ties': False, 'Classifier__SVC__cache_size': 500, 'Classifier__SVC__class_weight': 'balanced', 'Classifier__SVC__coef0': 6, 'Classifier__SVC__decision_function_shape': 'ovr', 'Classifier__SVC__degree': 5, 'Classifier__SVC__gamma': 0.1, 'Classifier__SVC__kernel': 'rbf', 'Classifier__SVC__max_iter': 1000000, 'Classifier__SVC__probability': True, 'Classifier__SVC__random_state': 42, 'Classifier__SVC__shrinking': True, 'Classifier__SVC__tol': 0.001, 'Classifier__SVC__verbose': False}",['x3' 'x7' 'x8' 'x10' 'x11' 'x12' 'x14'],,,0.0,0.0,0.0
28,Drums,False,"{'memory': None, 'steps': [('Imputer', SimpleImputer()), ('Scaler', MinMaxScaler()), ('PCA', PCA(n_components=15, random_state=42)), ('Selector', SelectFromModel(estimator=LinearSVC(), max_features=12)), ('Classifier', Pipeline(steps=[('SVC',
                 SVC(C=1000, cache_size=500, class_weight='balanced', coef0=6,
                     degree=5, gamma=0.1, max_iter=1000000, probability=True,
                     random_state=42))]))], 'transform_input': None, 'verbose': False, 'Imputer': SimpleImputer(), 'Scaler': MinMaxScaler(), 'PCA': PCA(n_components=15, random_state=42), 'Selector': SelectFromModel(estimator=LinearSVC(), max_features=12), 'Classifier': Pipeline(steps=[('SVC',
                 SVC(C=1000, cache_size=500, class_weight='balanced', coef0=6,
                     degree=5, gamma=0.1, max_iter=1000000, probability=True,
                     random_state=42))]), 'Imputer__add_indicator': False, 'Imputer__copy': True, 'Imputer__fill_value': None, 'Imputer__keep_empty_features': False, 'Imputer__missing_values': nan, 'Imputer__strategy': 'mean', 'Scaler__clip': False, 'Scaler__copy': True, 'Scaler__feature_range': (0, 1), 'PCA__copy': True, 'PCA__iterated_power': 'auto', 'PCA__n_components': 15, 'PCA__n_oversamples': 10, 'PCA__power_iteration_normalizer': 'auto', 'PCA__random_state': 42, 'PCA__svd_solver': 'auto', 'PCA__tol': 0.0, 'PCA__whiten': False, 'Selector__estimator__C': 1.0, 'Selector__estimator__class_weight': None, 'Selector__estimator__dual': 'auto', 'Selector__estimator__fit_intercept': True, 'Selector__estimator__intercept_scaling': 1, 'Selector__estimator__loss': 'squared_hinge', 'Selector__estimator__max_iter': 1000, 'Selector__estimator__multi_class': 'ovr', 'Selector__estimator__penalty': 'l2', 'Selector__estimator__random_state': None, 'Selector__estimator__tol': 0.0001, 'Selector__estimator__verbose': 0, 'Selector__estimator': LinearSVC(), 'Selector__importance_getter': 'auto', 'Selector__max_features': 12, 'Selector__norm_order': 1, 'Selector__prefit': False, 'Selector__threshold': None, 'Classifier__memory': None, 'Classifier__steps': [('SVC', SVC(C=1000, cache_size=500, class_weight='balanced', coef0=6, degree=5,
    gamma=0.1, max_iter=1000000, probability=True, random_state=42))], 'Classifier__transform_input': None, 'Classifier__verbose': False, 'Classifier__SVC': SVC(C=1000, cache_size=500, class_weight='balanced', coef0=6, degree=5,
    gamma=0.1, max_iter=1000000, probability=True, random_state=42), 'Classifier__SVC__C': 1000, 'Classifier__SVC__break_ties': False, 'Classifier__SVC__cache_size': 500, 'Classifier__SVC__class_weight': 'balanced', 'Classifier__SVC__coef0': 6, 'Classifier__SVC__decision_function_shape': 'ovr', 'Classifier__SVC__degree': 5, 'Classifier__SVC__gamma': 0.1, 'Classifier__SVC__kernel': 'rbf', 'Classifier__SVC__max_iter': 1000000, 'Classifier__SVC__probability': True, 'Classifier__SVC__random_state': 42, 'Classifier__SVC__shrinking': True, 'Classifier__SVC__tol': 0.001, 'Classifier__SVC__verbose': False}",['x3' 'x7' 'x8' 'x10' 'x11' 'x12' 'x14'],,,0.0,0.0,0.0
29,Drums,False,"{'memory': None, 'steps': [('Imputer', SimpleImputer()), ('Scaler', MinMaxScaler()), ('PCA', PCA(n_components=30, random_state=42)), ('Selector', SelectFromModel(estimator=LinearSVC(), max_features=20)), ('Classifier', Pipeline(steps=[('SVC',
                 SVC(C=10, cache_size=500, class_weight='balanced', coef0=6,
                     degree=5, gamma=0.1, max_iter=1000000, probability=True,
                     random_state=42))]))], 'transform_input': None, 'verbose': False, 'Imputer': SimpleImputer(), 'Scaler': MinMaxScaler(), 'PCA': PCA(n_components=30, random_state=42), 'Selector': SelectFromModel(estimator=LinearSVC(), max_features=20), 'Classifier': Pipeline(steps=[('SVC',
                 SVC(C=10, cache_size=500, class_weight='balanced', coef0=6,
                     degree=5, gamma=0.1, max_iter=1000000, probability=True,
                     random_state=42))]), 'Imputer__add_indicator': False, 'Imputer__copy': True, 'Imputer__fill_value': None, 'Imputer__keep_empty_features': False, 'Imputer__missing_values': nan, 'Imputer__strategy': 'mean', 'Scaler__clip': False, 'Scaler__copy': True, 'Scaler__feature_range': (0, 1), 'PCA__copy': True, 'PCA__iterated_power': 'auto', 'PCA__n_components': 30, 'PCA__n_oversamples': 10, 'PCA__power_iteration_normalizer': 'auto', 'PCA__random_state': 42, 'PCA__svd_solver': 'auto', 'PCA__tol': 0.0, 'PCA__whiten': False, 'Selector__estimator__C': 1.0, 'Selector__estimator__class_weight': None, 'Selector__estimator__dual': 'auto', 'Selector__estimator__fit_intercept': True, 'Selector__estimator__intercept_scaling': 1, 'Selector__estimator__loss': 'squared_hinge', 'Selector__estimator__max_iter': 1000, 'Selector__estimator__multi_class': 'ovr', 'Selector__estimator__penalty': 'l2', 'Selector__estimator__random_state': None, 'Selector__estimator__tol': 0.0001, 'Selector__estimator__verbose': 0, 'Selector__estimator': LinearSVC(), 'Selector__importance_getter': 'auto', 'Selector__max_features': 20, 'Selector__norm_order': 1, 'Selector__prefit': False, 'Selector__threshold': None, 'Classifier__memory': None, 'Classifier__steps': [('SVC', SVC(C=10, cache_size=500, class_weight='balanced', coef0=6, degree=5, gamma=0.1,
    max_iter=1000000, probability=True, random_state=42))], 'Classifier__transform_input': None, 'Classifier__verbose': False, 'Classifier__SVC': SVC(C=10, cache_size=500, class_weight='balanced', coef0=6, degree=5, gamma=0.1,
    max_iter=1000000, probability=True, random_state=42), 'Classifier__SVC__C': 10, 'Classifier__SVC__break_ties': False, 'Classifier__SVC__cache_size': 500, 'Classifier__SVC__class_weight': 'balanced', 'Classifier__SVC__coef0': 6, 'Classifier__SVC__decision_function_shape': 'ovr', 'Classifier__SVC__degree': 5, 'Classifier__SVC__gamma': 0.1, 'Classifier__SVC__kernel': 'rbf', 'Classifier__SVC__max_iter': 1000000, 'Classifier__SVC__probability': True, 'Classifier__SVC__random_state': 42, 'Classifier__SVC__shrinking': True, 'Classifier__SVC__tol': 0.001, 'Classifier__SVC__verbose': False}","['x9' 'x11' 'x12' 'x14' 'x16' 'x17' 'x18' 'x19' 'x20' 'x22' 'x23' 'x24'
 'x25' 'x26' 'x28' 'x29']",,,0.0,0.0,0.0
30,Drums,False,"{'memory': None, 'steps': [('Imputer', SimpleImputer()), ('Scaler', MinMaxScaler()), ('PCA', PCA(n_components=30, random_state=42)), ('Selector', SelectFromModel(estimator=LinearSVC(), max_features=20)), ('Classifier', Pipeline(steps=[('SVC',
                 SVC(C=0.1, cache_size=500, class_weight='balanced', coef0=6,
                     degree=5, gamma=0.01, kernel='poly', max_iter=1000000,
                     probability=True, random_state=42))]))], 'transform_input': None, 'verbose': False, 'Imputer': SimpleImputer(), 'Scaler': MinMaxScaler(), 'PCA': PCA(n_components=30, random_state=42), 'Selector': SelectFromModel(estimator=LinearSVC(), max_features=20), 'Classifier': Pipeline(steps=[('SVC',
                 SVC(C=0.1, cache_size=500, class_weight='balanced', coef0=6,
                     degree=5, gamma=0.01, kernel='poly', max_iter=1000000,
                     probability=True, random_state=42))]), 'Imputer__add_indicator': False, 'Imputer__copy': True, 'Imputer__fill_value': None, 'Imputer__keep_empty_features': False, 'Imputer__missing_values': nan, 'Imputer__strategy': 'mean', 'Scaler__clip': False, 'Scaler__copy': True, 'Scaler__feature_range': (0, 1), 'PCA__copy': True, 'PCA__iterated_power': 'auto', 'PCA__n_components': 30, 'PCA__n_oversamples': 10, 'PCA__power_iteration_normalizer': 'auto', 'PCA__random_state': 42, 'PCA__svd_solver': 'auto', 'PCA__tol': 0.0, 'PCA__whiten': False, 'Selector__estimator__C': 1.0, 'Selector__estimator__class_weight': None, 'Selector__estimator__dual': 'auto', 'Selector__estimator__fit_intercept': True, 'Selector__estimator__intercept_scaling': 1, 'Selector__estimator__loss': 'squared_hinge', 'Selector__estimator__max_iter': 1000, 'Selector__estimator__multi_class': 'ovr', 'Selector__estimator__penalty': 'l2', 'Selector__estimator__random_state': None, 'Selector__estimator__tol': 0.0001, 'Selector__estimator__verbose': 0, 'Selector__estimator': LinearSVC(), 'Selector__importance_getter': 'auto', 'Selector__max_features': 20, 'Selector__norm_order': 1, 'Selector__prefit': False, 'Selector__threshold': None, 'Classifier__memory': None, 'Classifier__steps': [('SVC', SVC(C=0.1, cache_size=500, class_weight='balanced', coef0=6, degree=5,
    gamma=0.01, kernel='poly', max_iter=1000000, probability=True,
    random_state=42))], 'Classifier__transform_input': None, 'Classifier__verbose': False, 'Classifier__SVC': SVC(C=0.1, cache_size=500, class_weight='balanced', coef0=6, degree=5,
    gamma=0.01, kernel='poly', max_iter=1000000, probability=True,
    random_state=42), 'Classifier__SVC__C': 0.1, 'Classifier__SVC__break_ties': False, 'Classifier__SVC__cache_size': 500, 'Classifier__SVC__class_weight': 'balanced', 'Classifier__SVC__coef0': 6, 'Classifier__SVC__decision_function_shape': 'ovr', 'Classifier__SVC__degree': 5, 'Classifier__SVC__gamma': 0.01, 'Classifier__SVC__kernel': 'poly', 'Classifier__SVC__max_iter': 1000000, 'Classifier__SVC__probability': True, 'Classifier__SVC__random_state': 42, 'Classifier__SVC__shrinking': True, 'Classifier__SVC__tol': 0.001, 'Classifier__SVC__verbose': False}","['x9' 'x11' 'x12' 'x14' 'x16' 'x17' 'x18' 'x19' 'x20' 'x22' 'x23' 'x24'
 'x25' 'x26' 'x28' 'x29']",,,0.0,0.0,0.0
31,Drums,False,"{'memory': None, 'steps': [('Imputer', SimpleImputer()), ('Scaler', MinMaxScaler()), ('PCA', PCA(n_components=10, random_state=42)), ('Selector', SelectFromModel(estimator=LinearSVC(), max_features=4)), ('Classifier', Pipeline(steps=[('SVC',
                 SVC(C=0.01, cache_size=500, class_weight='balanced', coef0=4,
                     degree=5, gamma=0.001, kernel='poly', max_iter=1000000,
                     probability=True, random_state=42))]))], 'transform_input': None, 'verbose': False, 'Imputer': SimpleImputer(), 'Scaler': MinMaxScaler(), 'PCA': PCA(n_components=10, random_state=42), 'Selector': SelectFromModel(estimator=LinearSVC(), max_features=4), 'Classifier': Pipeline(steps=[('SVC',
                 SVC(C=0.01, cache_size=500, class_weight='balanced', coef0=4,
                     degree=5, gamma=0.001, kernel='poly', max_iter=1000000,
                     probability=True, random_state=42))]), 'Imputer__add_indicator': False, 'Imputer__copy': True, 'Imputer__fill_value': None, 'Imputer__keep_empty_features': False, 'Imputer__missing_values': nan, 'Imputer__strategy': 'mean', 'Scaler__clip': False, 'Scaler__copy': True, 'Scaler__feature_range': (0, 1), 'PCA__copy': True, 'PCA__iterated_power': 'auto', 'PCA__n_components': 10, 'PCA__n_oversamples': 10, 'PCA__power_iteration_normalizer': 'auto', 'PCA__random_state': 42, 'PCA__svd_solver': 'auto', 'PCA__tol': 0.0, 'PCA__whiten': False, 'Selector__estimator__C': 1.0, 'Selector__estimator__class_weight': None, 'Selector__estimator__dual': 'auto', 'Selector__estimator__fit_intercept': True, 'Selector__estimator__intercept_scaling': 1, 'Selector__estimator__loss': 'squared_hinge', 'Selector__estimator__max_iter': 1000, 'Selector__estimator__multi_class': 'ovr', 'Selector__estimator__penalty': 'l2', 'Selector__estimator__random_state': None, 'Selector__estimator__tol': 0.0001, 'Selector__estimator__verbose': 0, 'Selector__estimator': LinearSVC(), 'Selector__importance_getter': 'auto', 'Selector__max_features': 4, 'Selector__norm_order': 1, 'Selector__prefit': False, 'Selector__threshold': None, 'Classifier__memory': None, 'Classifier__steps': [('SVC', SVC(C=0.01, cache_size=500, class_weight='balanced', coef0=4, degree=5,
    gamma=0.001, kernel='poly', max_iter=1000000, probability=True,
    random_state=42))], 'Classifier__transform_input': None, 'Classifier__verbose': False, 'Classifier__SVC': SVC(C=0.01, cache_size=500, class_weight='balanced', coef0=4, degree=5,
    gamma=0.001, kernel='poly', max_iter=1000000, probability=True,
    random_state=42), 'Classifier__SVC__C': 0.01, 'Classifier__SVC__break_ties': False, 'Classifier__SVC__cache_size': 500, 'Classifier__SVC__class_weight': 'balanced', 'Classifier__SVC__coef0': 4, 'Classifier__SVC__decision_function_shape': 'ovr', 'Classifier__SVC__degree': 5, 'Classifier__SVC__gamma': 0.001, 'Classifier__SVC__kernel': 'poly', 'Classifier__SVC__max_iter': 1000000, 'Classifier__SVC__probability': True, 'Classifier__SVC__random_state': 42, 'Classifier__SVC__shrinking': True, 'Classifier__SVC__tol': 0.001, 'Classifier__SVC__verbose': False}",['x3' 'x4' 'x8' 'x9'],,,0.0,0.0,0.0
32,Drums,False,"{'memory': None, 'steps': [('Imputer', SimpleImputer()), ('Scaler', MinMaxScaler()), ('PCA', PCA(n_components=30, random_state=42)), ('Selector', SelectFromModel(estimator=LinearSVC(), max_features=20)), ('Classifier', Pipeline(steps=[('SVC',
                 SVC(C=100, cache_size=500, class_weight='balanced', coef0=4,
                     degree=5, gamma=0.1, max_iter=1000000, probability=True,
                     random_state=42))]))], 'transform_input': None, 'verbose': False, 'Imputer': SimpleImputer(), 'Scaler': MinMaxScaler(), 'PCA': PCA(n_components=30, random_state=42), 'Selector': SelectFromModel(estimator=LinearSVC(), max_features=20), 'Classifier': Pipeline(steps=[('SVC',
                 SVC(C=100, cache_size=500, class_weight='balanced', coef0=4,
                     degree=5, gamma=0.1, max_iter=1000000, probability=True,
                     random_state=42))]), 'Imputer__add_indicator': False, 'Imputer__copy': True, 'Imputer__fill_value': None, 'Imputer__keep_empty_features': False, 'Imputer__missing_values': nan, 'Imputer__strategy': 'mean', 'Scaler__clip': False, 'Scaler__copy': True, 'Scaler__feature_range': (0, 1), 'PCA__copy': True, 'PCA__iterated_power': 'auto', 'PCA__n_components': 30, 'PCA__n_oversamples': 10, 'PCA__power_iteration_normalizer': 'auto', 'PCA__random_state': 42, 'PCA__svd_solver': 'auto', 'PCA__tol': 0.0, 'PCA__whiten': False, 'Selector__estimator__C': 1.0, 'Selector__estimator__class_weight': None, 'Selector__estimator__dual': 'auto', 'Selector__estimator__fit_intercept': True, 'Selector__estimator__intercept_scaling': 1, 'Selector__estimator__loss': 'squared_hinge', 'Selector__estimator__max_iter': 1000, 'Selector__estimator__multi_class': 'ovr', 'Selector__estimator__penalty': 'l2', 'Selector__estimator__random_state': None, 'Selector__estimator__tol': 0.0001, 'Selector__estimator__verbose': 0, 'Selector__estimator': LinearSVC(), 'Selector__importance_getter': 'auto', 'Selector__max_features': 20, 'Selector__norm_order': 1, 'Selector__prefit': False, 'Selector__threshold': None, 'Classifier__memory': None, 'Classifier__steps': [('SVC', SVC(C=100, cache_size=500, class_weight='balanced', coef0=4, degree=5,
    gamma=0.1, max_iter=1000000, probability=True, random_state=42))], 'Classifier__transform_input': None, 'Classifier__verbose': False, 'Classifier__SVC': SVC(C=100, cache_size=500, class_weight='balanced', coef0=4, degree=5,
    gamma=0.1, max_iter=1000000, probability=True, random_state=42), 'Classifier__SVC__C': 100, 'Classifier__SVC__break_ties': False, 'Classifier__SVC__cache_size': 500, 'Classifier__SVC__class_weight': 'balanced', 'Classifier__SVC__coef0': 4, 'Classifier__SVC__decision_function_shape': 'ovr', 'Classifier__SVC__degree': 5, 'Classifier__SVC__gamma': 0.1, 'Classifier__SVC__kernel': 'rbf', 'Classifier__SVC__max_iter': 1000000, 'Classifier__SVC__probability': True, 'Classifier__SVC__random_state': 42, 'Classifier__SVC__shrinking': True, 'Classifier__SVC__tol': 0.001, 'Classifier__SVC__verbose': False}","['x9' 'x11' 'x12' 'x14' 'x16' 'x17' 'x18' 'x19' 'x20' 'x22' 'x23' 'x24'
 'x25' 'x26' 'x28' 'x29']",,,0.0,0.0,0.0
33,Drums,False,"{'memory': None, 'steps': [('Imputer', SimpleImputer()), ('Scaler', MinMaxScaler()), ('PCA', PCA(n_components=30, random_state=42)), ('Selector', SelectFromModel(estimator=LinearSVC(), max_features=12)), ('Classifier', Pipeline(steps=[('SVC',
                 SVC(C=100, cache_size=500, class_weight='balanced', coef0=4,
                     degree=5, gamma=0.1, max_iter=1000000, probability=True,
                     random_state=42))]))], 'transform_input': None, 'verbose': False, 'Imputer': SimpleImputer(), 'Scaler': MinMaxScaler(), 'PCA': PCA(n_components=30, random_state=42), 'Selector': SelectFromModel(estimator=LinearSVC(), max_features=12), 'Classifier': Pipeline(steps=[('SVC',
                 SVC(C=100, cache_size=500, class_weight='balanced', coef0=4,
                     degree=5, gamma=0.1, max_iter=1000000, probability=True,
                     random_state=42))]), 'Imputer__add_indicator': False, 'Imputer__copy': True, 'Imputer__fill_value': None, 'Imputer__keep_empty_features': False, 'Imputer__missing_values': nan, 'Imputer__strategy': 'mean', 'Scaler__clip': False, 'Scaler__copy': True, 'Scaler__feature_range': (0, 1), 'PCA__copy': True, 'PCA__iterated_power': 'auto', 'PCA__n_components': 30, 'PCA__n_oversamples': 10, 'PCA__power_iteration_normalizer': 'auto', 'PCA__random_state': 42, 'PCA__svd_solver': 'auto', 'PCA__tol': 0.0, 'PCA__whiten': False, 'Selector__estimator__C': 1.0, 'Selector__estimator__class_weight': None, 'Selector__estimator__dual': 'auto', 'Selector__estimator__fit_intercept': True, 'Selector__estimator__intercept_scaling': 1, 'Selector__estimator__loss': 'squared_hinge', 'Selector__estimator__max_iter': 1000, 'Selector__estimator__multi_class': 'ovr', 'Selector__estimator__penalty': 'l2', 'Selector__estimator__random_state': None, 'Selector__estimator__tol': 0.0001, 'Selector__estimator__verbose': 0, 'Selector__estimator': LinearSVC(), 'Selector__importance_getter': 'auto', 'Selector__max_features': 12, 'Selector__norm_order': 1, 'Selector__prefit': False, 'Selector__threshold': None, 'Classifier__memory': None, 'Classifier__steps': [('SVC', SVC(C=100, cache_size=500, class_weight='balanced', coef0=4, degree=5,
    gamma=0.1, max_iter=1000000, probability=True, random_state=42))], 'Classifier__transform_input': None, 'Classifier__verbose': False, 'Classifier__SVC': SVC(C=100, cache_size=500, class_weight='balanced', coef0=4, degree=5,
    gamma=0.1, max_iter=1000000, probability=True, random_state=42), 'Classifier__SVC__C': 100, 'Classifier__SVC__break_ties': False, 'Classifier__SVC__cache_size': 500, 'Classifier__SVC__class_weight': 'balanced', 'Classifier__SVC__coef0': 4, 'Classifier__SVC__decision_function_shape': 'ovr', 'Classifier__SVC__degree': 5, 'Classifier__SVC__gamma': 0.1, 'Classifier__SVC__kernel': 'rbf', 'Classifier__SVC__max_iter': 1000000, 'Classifier__SVC__probability': True, 'Classifier__SVC__random_state': 42, 'Classifier__SVC__shrinking': True, 'Classifier__SVC__tol': 0.001, 'Classifier__SVC__verbose': False}",['x12' 'x14' 'x16' 'x18' 'x19' 'x22' 'x23' 'x24' 'x25' 'x26' 'x28' 'x29'],,,0.0,0.0,0.0
34,Drums,False,"{'memory': None, 'steps': [('Imputer', SimpleImputer()), ('Scaler', MinMaxScaler()), ('PCA', PCA(n_components=30, random_state=42)), ('Selector', SelectFromModel(estimator=LinearSVC(), max_features=12)), ('Classifier', Pipeline(steps=[('SVC',
                 SVC(C=1000, cache_size=500, class_weight='balanced', coef0=4,
                     degree=5, gamma=0.01, max_iter=1000000, probability=True,
                     random_state=42))]))], 'transform_input': None, 'verbose': False, 'Imputer': SimpleImputer(), 'Scaler': MinMaxScaler(), 'PCA': PCA(n_components=30, random_state=42), 'Selector': SelectFromModel(estimator=LinearSVC(), max_features=12), 'Classifier': Pipeline(steps=[('SVC',
                 SVC(C=1000, cache_size=500, class_weight='balanced', coef0=4,
                     degree=5, gamma=0.01, max_iter=1000000, probability=True,
                     random_state=42))]), 'Imputer__add_indicator': False, 'Imputer__copy': True, 'Imputer__fill_value': None, 'Imputer__keep_empty_features': False, 'Imputer__missing_values': nan, 'Imputer__strategy': 'mean', 'Scaler__clip': False, 'Scaler__copy': True, 'Scaler__feature_range': (0, 1), 'PCA__copy': True, 'PCA__iterated_power': 'auto', 'PCA__n_components': 30, 'PCA__n_oversamples': 10, 'PCA__power_iteration_normalizer': 'auto', 'PCA__random_state': 42, 'PCA__svd_solver': 'auto', 'PCA__tol': 0.0, 'PCA__whiten': False, 'Selector__estimator__C': 1.0, 'Selector__estimator__class_weight': None, 'Selector__estimator__dual': 'auto', 'Selector__estimator__fit_intercept': True, 'Selector__estimator__intercept_scaling': 1, 'Selector__estimator__loss': 'squared_hinge', 'Selector__estimator__max_iter': 1000, 'Selector__estimator__multi_class': 'ovr', 'Selector__estimator__penalty': 'l2', 'Selector__estimator__random_state': None, 'Selector__estimator__tol': 0.0001, 'Selector__estimator__verbose': 0, 'Selector__estimator': LinearSVC(), 'Selector__importance_getter': 'auto', 'Selector__max_features': 12, 'Selector__norm_order': 1, 'Selector__prefit': False, 'Selector__threshold': None, 'Classifier__memory': None, 'Classifier__steps': [('SVC', SVC(C=1000, cache_size=500, class_weight='balanced', coef0=4, degree=5,
    gamma=0.01, max_iter=1000000, probability=True, random_state=42))], 'Classifier__transform_input': None, 'Classifier__verbose': False, 'Classifier__SVC': SVC(C=1000, cache_size=500, class_weight='balanced', coef0=4, degree=5,
    gamma=0.01, max_iter=1000000, probability=True, random_state=42), 'Classifier__SVC__C': 1000, 'Classifier__SVC__break_ties': False, 'Classifier__SVC__cache_size': 500, 'Classifier__SVC__class_weight': 'balanced', 'Classifier__SVC__coef0': 4, 'Classifier__SVC__decision_function_shape': 'ovr', 'Classifier__SVC__degree': 5, 'Classifier__SVC__gamma': 0.01, 'Classifier__SVC__kernel': 'rbf', 'Classifier__SVC__max_iter': 1000000, 'Classifier__SVC__probability': True, 'Classifier__SVC__random_state': 42, 'Classifier__SVC__shrinking': True, 'Classifier__SVC__tol': 0.001, 'Classifier__SVC__verbose': False}",['x12' 'x14' 'x16' 'x18' 'x19' 'x22' 'x23' 'x24' 'x25' 'x26' 'x28' 'x29'],,,0.0,0.0,0.0
35,Drums,False,"{'memory': None, 'steps': [('Imputer', SimpleImputer()), ('Scaler', MinMaxScaler()), ('PCA', PCA(n_components=30, random_state=42)), ('Selector', SelectFromModel(estimator=LinearSVC(), max_features=20)), ('Classifier', Pipeline(steps=[('SVC',
                 SVC(C=1000, cache_size=500, class_weight='balanced', coef0=4,
                     degree=5, gamma=0.01, max_iter=1000000, probability=True,
                     random_state=42))]))], 'transform_input': None, 'verbose': False, 'Imputer': SimpleImputer(), 'Scaler': MinMaxScaler(), 'PCA': PCA(n_components=30, random_state=42), 'Selector': SelectFromModel(estimator=LinearSVC(), max_features=20), 'Classifier': Pipeline(steps=[('SVC',
                 SVC(C=1000, cache_size=500, class_weight='balanced', coef0=4,
                     degree=5, gamma=0.01, max_iter=1000000, probability=True,
                     random_state=42))]), 'Imputer__add_indicator': False, 'Imputer__copy': True, 'Imputer__fill_value': None, 'Imputer__keep_empty_features': False, 'Imputer__missing_values': nan, 'Imputer__strategy': 'mean', 'Scaler__clip': False, 'Scaler__copy': True, 'Scaler__feature_range': (0, 1), 'PCA__copy': True, 'PCA__iterated_power': 'auto', 'PCA__n_components': 30, 'PCA__n_oversamples': 10, 'PCA__power_iteration_normalizer': 'auto', 'PCA__random_state': 42, 'PCA__svd_solver': 'auto', 'PCA__tol': 0.0, 'PCA__whiten': False, 'Selector__estimator__C': 1.0, 'Selector__estimator__class_weight': None, 'Selector__estimator__dual': 'auto', 'Selector__estimator__fit_intercept': True, 'Selector__estimator__intercept_scaling': 1, 'Selector__estimator__loss': 'squared_hinge', 'Selector__estimator__max_iter': 1000, 'Selector__estimator__multi_class': 'ovr', 'Selector__estimator__penalty': 'l2', 'Selector__estimator__random_state': None, 'Selector__estimator__tol': 0.0001, 'Selector__estimator__verbose': 0, 'Selector__estimator': LinearSVC(), 'Selector__importance_getter': 'auto', 'Selector__max_features': 20, 'Selector__norm_order': 1, 'Selector__prefit': False, 'Selector__threshold': None, 'Classifier__memory': None, 'Classifier__steps': [('SVC', SVC(C=1000, cache_size=500, class_weight='balanced', coef0=4, degree=5,
    gamma=0.01, max_iter=1000000, probability=True, random_state=42))], 'Classifier__transform_input': None, 'Classifier__verbose': False, 'Classifier__SVC': SVC(C=1000, cache_size=500, class_weight='balanced', coef0=4, degree=5,
    gamma=0.01, max_iter=1000000, probability=True, random_state=42), 'Classifier__SVC__C': 1000, 'Classifier__SVC__break_ties': False, 'Classifier__SVC__cache_size': 500, 'Classifier__SVC__class_weight': 'balanced', 'Classifier__SVC__coef0': 4, 'Classifier__SVC__decision_function_shape': 'ovr', 'Classifier__SVC__degree': 5, 'Classifier__SVC__gamma': 0.01, 'Classifier__SVC__kernel': 'rbf', 'Classifier__SVC__max_iter': 1000000, 'Classifier__SVC__probability': True, 'Classifier__SVC__random_state': 42, 'Classifier__SVC__shrinking': True, 'Classifier__SVC__tol': 0.001, 'Classifier__SVC__verbose': False}","['x9' 'x11' 'x12' 'x14' 'x16' 'x17' 'x18' 'x19' 'x20' 'x22' 'x23' 'x24'
 'x25' 'x26' 'x28' 'x29']",,,0.0,0.0,0.0
36,Drums,False,"{'memory': None, 'steps': [('Imputer', SimpleImputer()), ('Scaler', MinMaxScaler()), ('PCA', PCA(n_components=30, random_state=42)), ('Selector', SelectFromModel(estimator=LinearSVC(), max_features=16)), ('Classifier', Pipeline(steps=[('SVC',
                 SVC(C=1000, cache_size=500, class_weight='balanced', coef0=4,
                     degree=5, gamma=0.01, max_iter=1000000, probability=True,
                     random_state=42))]))], 'transform_input': None, 'verbose': False, 'Imputer': SimpleImputer(), 'Scaler': MinMaxScaler(), 'PCA': PCA(n_components=30, random_state=42), 'Selector': SelectFromModel(estimator=LinearSVC(), max_features=16), 'Classifier': Pipeline(steps=[('SVC',
                 SVC(C=1000, cache_size=500, class_weight='balanced', coef0=4,
                     degree=5, gamma=0.01, max_iter=1000000, probability=True,
                     random_state=42))]), 'Imputer__add_indicator': False, 'Imputer__copy': True, 'Imputer__fill_value': None, 'Imputer__keep_empty_features': False, 'Imputer__missing_values': nan, 'Imputer__strategy': 'mean', 'Scaler__clip': False, 'Scaler__copy': True, 'Scaler__feature_range': (0, 1), 'PCA__copy': True, 'PCA__iterated_power': 'auto', 'PCA__n_components': 30, 'PCA__n_oversamples': 10, 'PCA__power_iteration_normalizer': 'auto', 'PCA__random_state': 42, 'PCA__svd_solver': 'auto', 'PCA__tol': 0.0, 'PCA__whiten': False, 'Selector__estimator__C': 1.0, 'Selector__estimator__class_weight': None, 'Selector__estimator__dual': 'auto', 'Selector__estimator__fit_intercept': True, 'Selector__estimator__intercept_scaling': 1, 'Selector__estimator__loss': 'squared_hinge', 'Selector__estimator__max_iter': 1000, 'Selector__estimator__multi_class': 'ovr', 'Selector__estimator__penalty': 'l2', 'Selector__estimator__random_state': None, 'Selector__estimator__tol': 0.0001, 'Selector__estimator__verbose': 0, 'Selector__estimator': LinearSVC(), 'Selector__importance_getter': 'auto', 'Selector__max_features': 16, 'Selector__norm_order': 1, 'Selector__prefit': False, 'Selector__threshold': None, 'Classifier__memory': None, 'Classifier__steps': [('SVC', SVC(C=1000, cache_size=500, class_weight='balanced', coef0=4, degree=5,
    gamma=0.01, max_iter=1000000, probability=True, random_state=42))], 'Classifier__transform_input': None, 'Classifier__verbose': False, 'Classifier__SVC': SVC(C=1000, cache_size=500, class_weight='balanced', coef0=4, degree=5,
    gamma=0.01, max_iter=1000000, probability=True, random_state=42), 'Classifier__SVC__C': 1000, 'Classifier__SVC__break_ties': False, 'Classifier__SVC__cache_size': 500, 'Classifier__SVC__class_weight': 'balanced', 'Classifier__SVC__coef0': 4, 'Classifier__SVC__decision_function_shape': 'ovr', 'Classifier__SVC__degree': 5, 'Classifier__SVC__gamma': 0.01, 'Classifier__SVC__kernel': 'rbf', 'Classifier__SVC__max_iter': 1000000, 'Classifier__SVC__probability': True, 'Classifier__SVC__random_state': 42, 'Classifier__SVC__shrinking': True, 'Classifier__SVC__tol': 0.001, 'Classifier__SVC__verbose': False}","['x9' 'x11' 'x12' 'x14' 'x16' 'x17' 'x18' 'x19' 'x20' 'x22' 'x23' 'x24'
 'x25' 'x26' 'x28' 'x29']",,,0.0,0.0,0.0
37,Drums,False,"{'memory': None, 'steps': [('Imputer', SimpleImputer()), ('Scaler', MinMaxScaler()), ('PCA', PCA(n_components=30, random_state=42)), ('Selector', SelectFromModel(estimator=LinearSVC(), max_features=16)), ('Classifier', Pipeline(steps=[('SVC',
                 SVC(C=100, cache_size=500, class_weight='balanced', coef0=4,
                     degree=5, gamma=0.1, max_iter=1000000, probability=True,
                     random_state=42))]))], 'transform_input': None, 'verbose': False, 'Imputer': SimpleImputer(), 'Scaler': MinMaxScaler(), 'PCA': PCA(n_components=30, random_state=42), 'Selector': SelectFromModel(estimator=LinearSVC(), max_features=16), 'Classifier': Pipeline(steps=[('SVC',
                 SVC(C=100, cache_size=500, class_weight='balanced', coef0=4,
                     degree=5, gamma=0.1, max_iter=1000000, probability=True,
                     random_state=42))]), 'Imputer__add_indicator': False, 'Imputer__copy': True, 'Imputer__fill_value': None, 'Imputer__keep_empty_features': False, 'Imputer__missing_values': nan, 'Imputer__strategy': 'mean', 'Scaler__clip': False, 'Scaler__copy': True, 'Scaler__feature_range': (0, 1), 'PCA__copy': True, 'PCA__iterated_power': 'auto', 'PCA__n_components': 30, 'PCA__n_oversamples': 10, 'PCA__power_iteration_normalizer': 'auto', 'PCA__random_state': 42, 'PCA__svd_solver': 'auto', 'PCA__tol': 0.0, 'PCA__whiten': False, 'Selector__estimator__C': 1.0, 'Selector__estimator__class_weight': None, 'Selector__estimator__dual': 'auto', 'Selector__estimator__fit_intercept': True, 'Selector__estimator__intercept_scaling': 1, 'Selector__estimator__loss': 'squared_hinge', 'Selector__estimator__max_iter': 1000, 'Selector__estimator__multi_class': 'ovr', 'Selector__estimator__penalty': 'l2', 'Selector__estimator__random_state': None, 'Selector__estimator__tol': 0.0001, 'Selector__estimator__verbose': 0, 'Selector__estimator': LinearSVC(), 'Selector__importance_getter': 'auto', 'Selector__max_features': 16, 'Selector__norm_order': 1, 'Selector__prefit': False, 'Selector__threshold': None, 'Classifier__memory': None, 'Classifier__steps': [('SVC', SVC(C=100, cache_size=500, class_weight='balanced', coef0=4, degree=5,
    gamma=0.1, max_iter=1000000, probability=True, random_state=42))], 'Classifier__transform_input': None, 'Classifier__verbose': False, 'Classifier__SVC': SVC(C=100, cache_size=500, class_weight='balanced', coef0=4, degree=5,
    gamma=0.1, max_iter=1000000, probability=True, random_state=42), 'Classifier__SVC__C': 100, 'Classifier__SVC__break_ties': False, 'Classifier__SVC__cache_size': 500, 'Classifier__SVC__class_weight': 'balanced', 'Classifier__SVC__coef0': 4, 'Classifier__SVC__decision_function_shape': 'ovr', 'Classifier__SVC__degree': 5, 'Classifier__SVC__gamma': 0.1, 'Classifier__SVC__kernel': 'rbf', 'Classifier__SVC__max_iter': 1000000, 'Classifier__SVC__probability': True, 'Classifier__SVC__random_state': 42, 'Classifier__SVC__shrinking': True, 'Classifier__SVC__tol': 0.001, 'Classifier__SVC__verbose': False}","['x9' 'x11' 'x12' 'x14' 'x16' 'x17' 'x18' 'x19' 'x20' 'x22' 'x23' 'x24'
 'x25' 'x26' 'x28' 'x29']",,,0.0,0.0,0.0
38,Drums,False,"{'memory': None, 'steps': [('Imputer', SimpleImputer()), ('Scaler', MinMaxScaler()), ('PCA', PCA(n_components=40, random_state=42)), ('Selector', SelectFromModel(estimator=LinearSVC(), max_features=20)), ('Classifier', Pipeline(steps=[('SVC',
                 SVC(C=0.1, cache_size=500, class_weight='balanced', coef0=6,
                     degree=5, gamma=0.01, kernel='poly', max_iter=1000000,
                     probability=True, random_state=42))]))], 'transform_input': None, 'verbose': False, 'Imputer': SimpleImputer(), 'Scaler': MinMaxScaler(), 'PCA': PCA(n_components=40, random_state=42), 'Selector': SelectFromModel(estimator=LinearSVC(), max_features=20), 'Classifier': Pipeline(steps=[('SVC',
                 SVC(C=0.1, cache_size=500, class_weight='balanced', coef0=6,
                     degree=5, gamma=0.01, kernel='poly', max_iter=1000000,
                     probability=True, random_state=42))]), 'Imputer__add_indicator': False, 'Imputer__copy': True, 'Imputer__fill_value': None, 'Imputer__keep_empty_features': False, 'Imputer__missing_values': nan, 'Imputer__strategy': 'mean', 'Scaler__clip': False, 'Scaler__copy': True, 'Scaler__feature_range': (0, 1), 'PCA__copy': True, 'PCA__iterated_power': 'auto', 'PCA__n_components': 40, 'PCA__n_oversamples': 10, 'PCA__power_iteration_normalizer': 'auto', 'PCA__random_state': 42, 'PCA__svd_solver': 'auto', 'PCA__tol': 0.0, 'PCA__whiten': False, 'Selector__estimator__C': 1.0, 'Selector__estimator__class_weight': None, 'Selector__estimator__dual': 'auto', 'Selector__estimator__fit_intercept': True, 'Selector__estimator__intercept_scaling': 1, 'Selector__estimator__loss': 'squared_hinge', 'Selector__estimator__max_iter': 1000, 'Selector__estimator__multi_class': 'ovr', 'Selector__estimator__penalty': 'l2', 'Selector__estimator__random_state': None, 'Selector__estimator__tol': 0.0001, 'Selector__estimator__verbose': 0, 'Selector__estimator': LinearSVC(), 'Selector__importance_getter': 'auto', 'Selector__max_features': 20, 'Selector__norm_order': 1, 'Selector__prefit': False, 'Selector__threshold': None, 'Classifier__memory': None, 'Classifier__steps': [('SVC', SVC(C=0.1, cache_size=500, class_weight='balanced', coef0=6, degree=5,
    gamma=0.01, kernel='poly', max_iter=1000000, probability=True,
    random_state=42))], 'Classifier__transform_input': None, 'Classifier__verbose': False, 'Classifier__SVC': SVC(C=0.1, cache_size=500, class_weight='balanced', coef0=6, degree=5,
    gamma=0.01, kernel='poly', max_iter=1000000, probability=True,
    random_state=42), 'Classifier__SVC__C': 0.1, 'Classifier__SVC__break_ties': False, 'Classifier__SVC__cache_size': 500, 'Classifier__SVC__class_weight': 'balanced', 'Classifier__SVC__coef0': 6, 'Classifier__SVC__decision_function_shape': 'ovr', 'Classifier__SVC__degree': 5, 'Classifier__SVC__gamma': 0.01, 'Classifier__SVC__kernel': 'poly', 'Classifier__SVC__max_iter': 1000000, 'Classifier__SVC__probability': True, 'Classifier__SVC__random_state': 42, 'Classifier__SVC__shrinking': True, 'Classifier__SVC__tol': 0.001, 'Classifier__SVC__verbose': False}","['x12' 'x14' 'x16' 'x17' 'x18' 'x19' 'x20' 'x22' 'x23' 'x24' 'x29' 'x30'
 'x31' 'x33' 'x34' 'x35' 'x36' 'x37' 'x38' 'x39']",,,0.0,0.0,0.0
39,Drums,False,"{'memory': None, 'steps': [('Imputer', SimpleImputer()), ('Scaler', MinMaxScaler()), ('PCA', PCA(n_components=40, random_state=42)), ('Selector', SelectFromModel(estimator=LinearSVC(), max_features=20)), ('Classifier', Pipeline(steps=[('SVC',
                 SVC(C=1000, cache_size=500, class_weight='balanced', coef0=6,
                     degree=5, gamma=0.1, max_iter=1000000, probability=True,
                     random_state=42))]))], 'transform_input': None, 'verbose': False, 'Imputer': SimpleImputer(), 'Scaler': MinMaxScaler(), 'PCA': PCA(n_components=40, random_state=42), 'Selector': SelectFromModel(estimator=LinearSVC(), max_features=20), 'Classifier': Pipeline(steps=[('SVC',
                 SVC(C=1000, cache_size=500, class_weight='balanced', coef0=6,
                     degree=5, gamma=0.1, max_iter=1000000, probability=True,
                     random_state=42))]), 'Imputer__add_indicator': False, 'Imputer__copy': True, 'Imputer__fill_value': None, 'Imputer__keep_empty_features': False, 'Imputer__missing_values': nan, 'Imputer__strategy': 'mean', 'Scaler__clip': False, 'Scaler__copy': True, 'Scaler__feature_range': (0, 1), 'PCA__copy': True, 'PCA__iterated_power': 'auto', 'PCA__n_components': 40, 'PCA__n_oversamples': 10, 'PCA__power_iteration_normalizer': 'auto', 'PCA__random_state': 42, 'PCA__svd_solver': 'auto', 'PCA__tol': 0.0, 'PCA__whiten': False, 'Selector__estimator__C': 1.0, 'Selector__estimator__class_weight': None, 'Selector__estimator__dual': 'auto', 'Selector__estimator__fit_intercept': True, 'Selector__estimator__intercept_scaling': 1, 'Selector__estimator__loss': 'squared_hinge', 'Selector__estimator__max_iter': 1000, 'Selector__estimator__multi_class': 'ovr', 'Selector__estimator__penalty': 'l2', 'Selector__estimator__random_state': None, 'Selector__estimator__tol': 0.0001, 'Selector__estimator__verbose': 0, 'Selector__estimator': LinearSVC(), 'Selector__importance_getter': 'auto', 'Selector__max_features': 20, 'Selector__norm_order': 1, 'Selector__prefit': False, 'Selector__threshold': None, 'Classifier__memory': None, 'Classifier__steps': [('SVC', SVC(C=1000, cache_size=500, class_weight='balanced', coef0=6, degree=5,
    gamma=0.1, max_iter=1000000, probability=True, random_state=42))], 'Classifier__transform_input': None, 'Classifier__verbose': False, 'Classifier__SVC': SVC(C=1000, cache_size=500, class_weight='balanced', coef0=6, degree=5,
    gamma=0.1, max_iter=1000000, probability=True, random_state=42), 'Classifier__SVC__C': 1000, 'Classifier__SVC__break_ties': False, 'Classifier__SVC__cache_size': 500, 'Classifier__SVC__class_weight': 'balanced', 'Classifier__SVC__coef0': 6, 'Classifier__SVC__decision_function_shape': 'ovr', 'Classifier__SVC__degree': 5, 'Classifier__SVC__gamma': 0.1, 'Classifier__SVC__kernel': 'rbf', 'Classifier__SVC__max_iter': 1000000, 'Classifier__SVC__probability': True, 'Classifier__SVC__random_state': 42, 'Classifier__SVC__shrinking': True, 'Classifier__SVC__tol': 0.001, 'Classifier__SVC__verbose': False}","['x12' 'x14' 'x16' 'x17' 'x18' 'x19' 'x20' 'x22' 'x23' 'x24' 'x29' 'x30'
 'x31' 'x33' 'x34' 'x35' 'x36' 'x37' 'x38' 'x39']",,,0.0,0.0,0.0
40,Guitar,False,"{'memory': None, 'steps': [('Imputer', SimpleImputer()), ('Scaler', MinMaxScaler()), ('PCA', PCA(n_components=40, random_state=42)), ('Selector', SelectFromModel(estimator=LinearSVC(), max_features=20)), ('Classifier', Pipeline(steps=[('SVC',
                 SVC(C=1000, cache_size=500, class_weight='balanced', coef0=6,
                     degree=5, gamma=0.1, max_iter=1000000, probability=True,
                     random_state=42))]))], 'transform_input': None, 'verbose': False, 'Imputer': SimpleImputer(), 'Scaler': MinMaxScaler(), 'PCA': PCA(n_components=40, random_state=42), 'Selector': SelectFromModel(estimator=LinearSVC(), max_features=20), 'Classifier': Pipeline(steps=[('SVC',
                 SVC(C=1000, cache_size=500, class_weight='balanced', coef0=6,
                     degree=5, gamma=0.1, max_iter=1000000, probability=True,
                     random_state=42))]), 'Imputer__add_indicator': False, 'Imputer__copy': True, 'Imputer__fill_value': None, 'Imputer__keep_empty_features': False, 'Imputer__missing_values': nan, 'Imputer__strategy': 'mean', 'Scaler__clip': False, 'Scaler__copy': True, 'Scaler__feature_range': (0, 1), 'PCA__copy': True, 'PCA__iterated_power': 'auto', 'PCA__n_components': 40, 'PCA__n_oversamples': 10, 'PCA__power_iteration_normalizer': 'auto', 'PCA__random_state': 42, 'PCA__svd_solver': 'auto', 'PCA__tol': 0.0, 'PCA__whiten': False, 'Selector__estimator__C': 1.0, 'Selector__estimator__class_weight': None, 'Selector__estimator__dual': 'auto', 'Selector__estimator__fit_intercept': True, 'Selector__estimator__intercept_scaling': 1, 'Selector__estimator__loss': 'squared_hinge', 'Selector__estimator__max_iter': 1000, 'Selector__estimator__multi_class': 'ovr', 'Selector__estimator__penalty': 'l2', 'Selector__estimator__random_state': None, 'Selector__estimator__tol': 0.0001, 'Selector__estimator__verbose': 0, 'Selector__estimator': LinearSVC(), 'Selector__importance_getter': 'auto', 'Selector__max_features': 20, 'Selector__norm_order': 1, 'Selector__prefit': False, 'Selector__threshold': None, 'Classifier__memory': None, 'Classifier__steps': [('SVC', SVC(C=1000, cache_size=500, class_weight='balanced', coef0=6, degree=5,
    gamma=0.1, max_iter=1000000, probability=True, random_state=42))], 'Classifier__transform_input': None, 'Classifier__verbose': False, 'Classifier__SVC': SVC(C=1000, cache_size=500, class_weight='balanced', coef0=6, degree=5,
    gamma=0.1, max_iter=1000000, probability=True, random_state=42), 'Classifier__SVC__C': 1000, 'Classifier__SVC__break_ties': False, 'Classifier__SVC__cache_size': 500, 'Classifier__SVC__class_weight': 'balanced', 'Classifier__SVC__coef0': 6, 'Classifier__SVC__decision_function_shape': 'ovr', 'Classifier__SVC__degree': 5, 'Classifier__SVC__gamma': 0.1, 'Classifier__SVC__kernel': 'rbf', 'Classifier__SVC__max_iter': 1000000, 'Classifier__SVC__probability': True, 'Classifier__SVC__random_state': 42, 'Classifier__SVC__shrinking': True, 'Classifier__SVC__tol': 0.001, 'Classifier__SVC__verbose': False}","['x15' 'x17' 'x18' 'x19' 'x20' 'x22' 'x25' 'x26' 'x27' 'x28' 'x29' 'x32'
 'x33' 'x34' 'x36' 'x38']",,,0.0,0.0,0.0
41,Guitar,False,"{'memory': None, 'steps': [('Imputer', SimpleImputer()), ('Scaler', MinMaxScaler()), ('PCA', PCA(n_components=30, random_state=42)), ('Selector', SelectFromModel(estimator=LinearSVC(), max_features=20)), ('Classifier', Pipeline(steps=[('SVC',
                 SVC(C=1000, cache_size=500, class_weight='balanced', coef0=6,
                     degree=5, gamma=0.1, max_iter=1000000, probability=True,
                     random_state=42))]))], 'transform_input': None, 'verbose': False, 'Imputer': SimpleImputer(), 'Scaler': MinMaxScaler(), 'PCA': PCA(n_components=30, random_state=42), 'Selector': SelectFromModel(estimator=LinearSVC(), max_features=20), 'Classifier': Pipeline(steps=[('SVC',
                 SVC(C=1000, cache_size=500, class_weight='balanced', coef0=6,
                     degree=5, gamma=0.1, max_iter=1000000, probability=True,
                     random_state=42))]), 'Imputer__add_indicator': False, 'Imputer__copy': True, 'Imputer__fill_value': None, 'Imputer__keep_empty_features': False, 'Imputer__missing_values': nan, 'Imputer__strategy': 'mean', 'Scaler__clip': False, 'Scaler__copy': True, 'Scaler__feature_range': (0, 1), 'PCA__copy': True, 'PCA__iterated_power': 'auto', 'PCA__n_components': 30, 'PCA__n_oversamples': 10, 'PCA__power_iteration_normalizer': 'auto', 'PCA__random_state': 42, 'PCA__svd_solver': 'auto', 'PCA__tol': 0.0, 'PCA__whiten': False, 'Selector__estimator__C': 1.0, 'Selector__estimator__class_weight': None, 'Selector__estimator__dual': 'auto', 'Selector__estimator__fit_intercept': True, 'Selector__estimator__intercept_scaling': 1, 'Selector__estimator__loss': 'squared_hinge', 'Selector__estimator__max_iter': 1000, 'Selector__estimator__multi_class': 'ovr', 'Selector__estimator__penalty': 'l2', 'Selector__estimator__random_state': None, 'Selector__estimator__tol': 0.0001, 'Selector__estimator__verbose': 0, 'Selector__estimator': LinearSVC(), 'Selector__importance_getter': 'auto', 'Selector__max_features': 20, 'Selector__norm_order': 1, 'Selector__prefit': False, 'Selector__threshold': None, 'Classifier__memory': None, 'Classifier__steps': [('SVC', SVC(C=1000, cache_size=500, class_weight='balanced', coef0=6, degree=5,
    gamma=0.1, max_iter=1000000, probability=True, random_state=42))], 'Classifier__transform_input': None, 'Classifier__verbose': False, 'Classifier__SVC': SVC(C=1000, cache_size=500, class_weight='balanced', coef0=6, degree=5,
    gamma=0.1, max_iter=1000000, probability=True, random_state=42), 'Classifier__SVC__C': 1000, 'Classifier__SVC__break_ties': False, 'Classifier__SVC__cache_size': 500, 'Classifier__SVC__class_weight': 'balanced', 'Classifier__SVC__coef0': 6, 'Classifier__SVC__decision_function_shape': 'ovr', 'Classifier__SVC__degree': 5, 'Classifier__SVC__gamma': 0.1, 'Classifier__SVC__kernel': 'rbf', 'Classifier__SVC__max_iter': 1000000, 'Classifier__SVC__probability': True, 'Classifier__SVC__random_state': 42, 'Classifier__SVC__shrinking': True, 'Classifier__SVC__tol': 0.001, 'Classifier__SVC__verbose': False}",['x15' 'x17' 'x18' 'x19' 'x20' 'x22' 'x23' 'x25' 'x26' 'x27' 'x28' 'x29'],,,0.0,0.0,0.0
42,Guitar,False,"{'memory': None, 'steps': [('Imputer', SimpleImputer()), ('Scaler', MinMaxScaler()), ('PCA', PCA(n_components=30, random_state=42)), ('Selector', SelectFromModel(estimator=LinearSVC(), max_features=16)), ('Classifier', Pipeline(steps=[('SVC',
                 SVC(C=1000, cache_size=500, class_weight='balanced', coef0=6,
                     degree=5, gamma=0.1, max_iter=1000000, probability=True,
                     random_state=42))]))], 'transform_input': None, 'verbose': False, 'Imputer': SimpleImputer(), 'Scaler': MinMaxScaler(), 'PCA': PCA(n_components=30, random_state=42), 'Selector': SelectFromModel(estimator=LinearSVC(), max_features=16), 'Classifier': Pipeline(steps=[('SVC',
                 SVC(C=1000, cache_size=500, class_weight='balanced', coef0=6,
                     degree=5, gamma=0.1, max_iter=1000000, probability=True,
                     random_state=42))]), 'Imputer__add_indicator': False, 'Imputer__copy': True, 'Imputer__fill_value': None, 'Imputer__keep_empty_features': False, 'Imputer__missing_values': nan, 'Imputer__strategy': 'mean', 'Scaler__clip': False, 'Scaler__copy': True, 'Scaler__feature_range': (0, 1), 'PCA__copy': True, 'PCA__iterated_power': 'auto', 'PCA__n_components': 30, 'PCA__n_oversamples': 10, 'PCA__power_iteration_normalizer': 'auto', 'PCA__random_state': 42, 'PCA__svd_solver': 'auto', 'PCA__tol': 0.0, 'PCA__whiten': False, 'Selector__estimator__C': 1.0, 'Selector__estimator__class_weight': None, 'Selector__estimator__dual': 'auto', 'Selector__estimator__fit_intercept': True, 'Selector__estimator__intercept_scaling': 1, 'Selector__estimator__loss': 'squared_hinge', 'Selector__estimator__max_iter': 1000, 'Selector__estimator__multi_class': 'ovr', 'Selector__estimator__penalty': 'l2', 'Selector__estimator__random_state': None, 'Selector__estimator__tol': 0.0001, 'Selector__estimator__verbose': 0, 'Selector__estimator': LinearSVC(), 'Selector__importance_getter': 'auto', 'Selector__max_features': 16, 'Selector__norm_order': 1, 'Selector__prefit': False, 'Selector__threshold': None, 'Classifier__memory': None, 'Classifier__steps': [('SVC', SVC(C=1000, cache_size=500, class_weight='balanced', coef0=6, degree=5,
    gamma=0.1, max_iter=1000000, probability=True, random_state=42))], 'Classifier__transform_input': None, 'Classifier__verbose': False, 'Classifier__SVC': SVC(C=1000, cache_size=500, class_weight='balanced', coef0=6, degree=5,
    gamma=0.1, max_iter=1000000, probability=True, random_state=42), 'Classifier__SVC__C': 1000, 'Classifier__SVC__break_ties': False, 'Classifier__SVC__cache_size': 500, 'Classifier__SVC__class_weight': 'balanced', 'Classifier__SVC__coef0': 6, 'Classifier__SVC__decision_function_shape': 'ovr', 'Classifier__SVC__degree': 5, 'Classifier__SVC__gamma': 0.1, 'Classifier__SVC__kernel': 'rbf', 'Classifier__SVC__max_iter': 1000000, 'Classifier__SVC__probability': True, 'Classifier__SVC__random_state': 42, 'Classifier__SVC__shrinking': True, 'Classifier__SVC__tol': 0.001, 'Classifier__SVC__verbose': False}",['x15' 'x17' 'x18' 'x19' 'x20' 'x22' 'x23' 'x25' 'x26' 'x27' 'x28' 'x29'],,,0.0,0.0,0.0
43,Guitar,False,"{'memory': None, 'steps': [('Imputer', SimpleImputer()), ('Scaler', MinMaxScaler()), ('PCA', PCA(n_components=30, random_state=42)), ('Selector', SelectFromModel(estimator=LinearSVC(), max_features=16)), ('Classifier', Pipeline(steps=[('SVC',
                 SVC(C=100, cache_size=500, class_weight='balanced', coef0=6,
                     degree=5, gamma=0.1, max_iter=1000000, probability=True,
                     random_state=42))]))], 'transform_input': None, 'verbose': False, 'Imputer': SimpleImputer(), 'Scaler': MinMaxScaler(), 'PCA': PCA(n_components=30, random_state=42), 'Selector': SelectFromModel(estimator=LinearSVC(), max_features=16), 'Classifier': Pipeline(steps=[('SVC',
                 SVC(C=100, cache_size=500, class_weight='balanced', coef0=6,
                     degree=5, gamma=0.1, max_iter=1000000, probability=True,
                     random_state=42))]), 'Imputer__add_indicator': False, 'Imputer__copy': True, 'Imputer__fill_value': None, 'Imputer__keep_empty_features': False, 'Imputer__missing_values': nan, 'Imputer__strategy': 'mean', 'Scaler__clip': False, 'Scaler__copy': True, 'Scaler__feature_range': (0, 1), 'PCA__copy': True, 'PCA__iterated_power': 'auto', 'PCA__n_components': 30, 'PCA__n_oversamples': 10, 'PCA__power_iteration_normalizer': 'auto', 'PCA__random_state': 42, 'PCA__svd_solver': 'auto', 'PCA__tol': 0.0, 'PCA__whiten': False, 'Selector__estimator__C': 1.0, 'Selector__estimator__class_weight': None, 'Selector__estimator__dual': 'auto', 'Selector__estimator__fit_intercept': True, 'Selector__estimator__intercept_scaling': 1, 'Selector__estimator__loss': 'squared_hinge', 'Selector__estimator__max_iter': 1000, 'Selector__estimator__multi_class': 'ovr', 'Selector__estimator__penalty': 'l2', 'Selector__estimator__random_state': None, 'Selector__estimator__tol': 0.0001, 'Selector__estimator__verbose': 0, 'Selector__estimator': LinearSVC(), 'Selector__importance_getter': 'auto', 'Selector__max_features': 16, 'Selector__norm_order': 1, 'Selector__prefit': False, 'Selector__threshold': None, 'Classifier__memory': None, 'Classifier__steps': [('SVC', SVC(C=100, cache_size=500, class_weight='balanced', coef0=6, degree=5,
    gamma=0.1, max_iter=1000000, probability=True, random_state=42))], 'Classifier__transform_input': None, 'Classifier__verbose': False, 'Classifier__SVC': SVC(C=100, cache_size=500, class_weight='balanced', coef0=6, degree=5,
    gamma=0.1, max_iter=1000000, probability=True, random_state=42), 'Classifier__SVC__C': 100, 'Classifier__SVC__break_ties': False, 'Classifier__SVC__cache_size': 500, 'Classifier__SVC__class_weight': 'balanced', 'Classifier__SVC__coef0': 6, 'Classifier__SVC__decision_function_shape': 'ovr', 'Classifier__SVC__degree': 5, 'Classifier__SVC__gamma': 0.1, 'Classifier__SVC__kernel': 'rbf', 'Classifier__SVC__max_iter': 1000000, 'Classifier__SVC__probability': True, 'Classifier__SVC__random_state': 42, 'Classifier__SVC__shrinking': True, 'Classifier__SVC__tol': 0.001, 'Classifier__SVC__verbose': False}",['x15' 'x17' 'x18' 'x19' 'x20' 'x22' 'x23' 'x25' 'x26' 'x27' 'x28' 'x29'],,,0.0,0.0,0.0
44,Guitar,False,"{'memory': None, 'steps': [('Imputer', SimpleImputer()), ('Scaler', MinMaxScaler()), ('PCA', PCA(n_components=30, random_state=42)), ('Selector', SelectFromModel(estimator=LinearSVC(), max_features=20)), ('Classifier', Pipeline(steps=[('SVC',
                 SVC(C=100, cache_size=500, class_weight='balanced', coef0=6,
                     degree=5, gamma=0.1, max_iter=1000000, probability=True,
                     random_state=42))]))], 'transform_input': None, 'verbose': False, 'Imputer': SimpleImputer(), 'Scaler': MinMaxScaler(), 'PCA': PCA(n_components=30, random_state=42), 'Selector': SelectFromModel(estimator=LinearSVC(), max_features=20), 'Classifier': Pipeline(steps=[('SVC',
                 SVC(C=100, cache_size=500, class_weight='balanced', coef0=6,
                     degree=5, gamma=0.1, max_iter=1000000, probability=True,
                     random_state=42))]), 'Imputer__add_indicator': False, 'Imputer__copy': True, 'Imputer__fill_value': None, 'Imputer__keep_empty_features': False, 'Imputer__missing_values': nan, 'Imputer__strategy': 'mean', 'Scaler__clip': False, 'Scaler__copy': True, 'Scaler__feature_range': (0, 1), 'PCA__copy': True, 'PCA__iterated_power': 'auto', 'PCA__n_components': 30, 'PCA__n_oversamples': 10, 'PCA__power_iteration_normalizer': 'auto', 'PCA__random_state': 42, 'PCA__svd_solver': 'auto', 'PCA__tol': 0.0, 'PCA__whiten': False, 'Selector__estimator__C': 1.0, 'Selector__estimator__class_weight': None, 'Selector__estimator__dual': 'auto', 'Selector__estimator__fit_intercept': True, 'Selector__estimator__intercept_scaling': 1, 'Selector__estimator__loss': 'squared_hinge', 'Selector__estimator__max_iter': 1000, 'Selector__estimator__multi_class': 'ovr', 'Selector__estimator__penalty': 'l2', 'Selector__estimator__random_state': None, 'Selector__estimator__tol': 0.0001, 'Selector__estimator__verbose': 0, 'Selector__estimator': LinearSVC(), 'Selector__importance_getter': 'auto', 'Selector__max_features': 20, 'Selector__norm_order': 1, 'Selector__prefit': False, 'Selector__threshold': None, 'Classifier__memory': None, 'Classifier__steps': [('SVC', SVC(C=100, cache_size=500, class_weight='balanced', coef0=6, degree=5,
    gamma=0.1, max_iter=1000000, probability=True, random_state=42))], 'Classifier__transform_input': None, 'Classifier__verbose': False, 'Classifier__SVC': SVC(C=100, cache_size=500, class_weight='balanced', coef0=6, degree=5,
    gamma=0.1, max_iter=1000000, probability=True, random_state=42), 'Classifier__SVC__C': 100, 'Classifier__SVC__break_ties': False, 'Classifier__SVC__cache_size': 500, 'Classifier__SVC__class_weight': 'balanced', 'Classifier__SVC__coef0': 6, 'Classifier__SVC__decision_function_shape': 'ovr', 'Classifier__SVC__degree': 5, 'Classifier__SVC__gamma': 0.1, 'Classifier__SVC__kernel': 'rbf', 'Classifier__SVC__max_iter': 1000000, 'Classifier__SVC__probability': True, 'Classifier__SVC__random_state': 42, 'Classifier__SVC__shrinking': True, 'Classifier__SVC__tol': 0.001, 'Classifier__SVC__verbose': False}",['x15' 'x17' 'x18' 'x19' 'x20' 'x22' 'x23' 'x25' 'x26' 'x27' 'x28' 'x29'],,,0.0,0.0,0.0
45,Guitar,False,"{'memory': None, 'steps': [('Imputer', SimpleImputer()), ('Scaler', MinMaxScaler()), ('PCA', PCA(n_components=40, random_state=42)), ('Selector', SelectFromModel(estimator=LinearSVC(), max_features=20)), ('Classifier', Pipeline(steps=[('SVC',
                 SVC(C=100, cache_size=500, class_weight='balanced', coef0=6,
                     degree=5, gamma=0.1, max_iter=1000000, probability=True,
                     random_state=42))]))], 'transform_input': None, 'verbose': False, 'Imputer': SimpleImputer(), 'Scaler': MinMaxScaler(), 'PCA': PCA(n_components=40, random_state=42), 'Selector': SelectFromModel(estimator=LinearSVC(), max_features=20), 'Classifier': Pipeline(steps=[('SVC',
                 SVC(C=100, cache_size=500, class_weight='balanced', coef0=6,
                     degree=5, gamma=0.1, max_iter=1000000, probability=True,
                     random_state=42))]), 'Imputer__add_indicator': False, 'Imputer__copy': True, 'Imputer__fill_value': None, 'Imputer__keep_empty_features': False, 'Imputer__missing_values': nan, 'Imputer__strategy': 'mean', 'Scaler__clip': False, 'Scaler__copy': True, 'Scaler__feature_range': (0, 1), 'PCA__copy': True, 'PCA__iterated_power': 'auto', 'PCA__n_components': 40, 'PCA__n_oversamples': 10, 'PCA__power_iteration_normalizer': 'auto', 'PCA__random_state': 42, 'PCA__svd_solver': 'auto', 'PCA__tol': 0.0, 'PCA__whiten': False, 'Selector__estimator__C': 1.0, 'Selector__estimator__class_weight': None, 'Selector__estimator__dual': 'auto', 'Selector__estimator__fit_intercept': True, 'Selector__estimator__intercept_scaling': 1, 'Selector__estimator__loss': 'squared_hinge', 'Selector__estimator__max_iter': 1000, 'Selector__estimator__multi_class': 'ovr', 'Selector__estimator__penalty': 'l2', 'Selector__estimator__random_state': None, 'Selector__estimator__tol': 0.0001, 'Selector__estimator__verbose': 0, 'Selector__estimator': LinearSVC(), 'Selector__importance_getter': 'auto', 'Selector__max_features': 20, 'Selector__norm_order': 1, 'Selector__prefit': False, 'Selector__threshold': None, 'Classifier__memory': None, 'Classifier__steps': [('SVC', SVC(C=100, cache_size=500, class_weight='balanced', coef0=6, degree=5,
    gamma=0.1, max_iter=1000000, probability=True, random_state=42))], 'Classifier__transform_input': None, 'Classifier__verbose': False, 'Classifier__SVC': SVC(C=100, cache_size=500, class_weight='balanced', coef0=6, degree=5,
    gamma=0.1, max_iter=1000000, probability=True, random_state=42), 'Classifier__SVC__C': 100, 'Classifier__SVC__break_ties': False, 'Classifier__SVC__cache_size': 500, 'Classifier__SVC__class_weight': 'balanced', 'Classifier__SVC__coef0': 6, 'Classifier__SVC__decision_function_shape': 'ovr', 'Classifier__SVC__degree': 5, 'Classifier__SVC__gamma': 0.1, 'Classifier__SVC__kernel': 'rbf', 'Classifier__SVC__max_iter': 1000000, 'Classifier__SVC__probability': True, 'Classifier__SVC__random_state': 42, 'Classifier__SVC__shrinking': True, 'Classifier__SVC__tol': 0.001, 'Classifier__SVC__verbose': False}","['x15' 'x17' 'x18' 'x19' 'x20' 'x22' 'x25' 'x26' 'x27' 'x28' 'x29' 'x32'
 'x33' 'x34' 'x36' 'x38']",,,0.0,0.0,0.0
46,Guitar,False,"{'memory': None, 'steps': [('Imputer', SimpleImputer()), ('Scaler', MinMaxScaler()), ('PCA', PCA(n_components=40, random_state=42)), ('Selector', SelectFromModel(estimator=LinearSVC(), max_features=16)), ('Classifier', Pipeline(steps=[('SVC',
                 SVC(C=1000, cache_size=500, class_weight='balanced', coef0=6,
                     degree=5, gamma=0.1, max_iter=1000000, probability=True,
                     random_state=42))]))], 'transform_input': None, 'verbose': False, 'Imputer': SimpleImputer(), 'Scaler': MinMaxScaler(), 'PCA': PCA(n_components=40, random_state=42), 'Selector': SelectFromModel(estimator=LinearSVC(), max_features=16), 'Classifier': Pipeline(steps=[('SVC',
                 SVC(C=1000, cache_size=500, class_weight='balanced', coef0=6,
                     degree=5, gamma=0.1, max_iter=1000000, probability=True,
                     random_state=42))]), 'Imputer__add_indicator': False, 'Imputer__copy': True, 'Imputer__fill_value': None, 'Imputer__keep_empty_features': False, 'Imputer__missing_values': nan, 'Imputer__strategy': 'mean', 'Scaler__clip': False, 'Scaler__copy': True, 'Scaler__feature_range': (0, 1), 'PCA__copy': True, 'PCA__iterated_power': 'auto', 'PCA__n_components': 40, 'PCA__n_oversamples': 10, 'PCA__power_iteration_normalizer': 'auto', 'PCA__random_state': 42, 'PCA__svd_solver': 'auto', 'PCA__tol': 0.0, 'PCA__whiten': False, 'Selector__estimator__C': 1.0, 'Selector__estimator__class_weight': None, 'Selector__estimator__dual': 'auto', 'Selector__estimator__fit_intercept': True, 'Selector__estimator__intercept_scaling': 1, 'Selector__estimator__loss': 'squared_hinge', 'Selector__estimator__max_iter': 1000, 'Selector__estimator__multi_class': 'ovr', 'Selector__estimator__penalty': 'l2', 'Selector__estimator__random_state': None, 'Selector__estimator__tol': 0.0001, 'Selector__estimator__verbose': 0, 'Selector__estimator': LinearSVC(), 'Selector__importance_getter': 'auto', 'Selector__max_features': 16, 'Selector__norm_order': 1, 'Selector__prefit': False, 'Selector__threshold': None, 'Classifier__memory': None, 'Classifier__steps': [('SVC', SVC(C=1000, cache_size=500, class_weight='balanced', coef0=6, degree=5,
    gamma=0.1, max_iter=1000000, probability=True, random_state=42))], 'Classifier__transform_input': None, 'Classifier__verbose': False, 'Classifier__SVC': SVC(C=1000, cache_size=500, class_weight='balanced', coef0=6, degree=5,
    gamma=0.1, max_iter=1000000, probability=True, random_state=42), 'Classifier__SVC__C': 1000, 'Classifier__SVC__break_ties': False, 'Classifier__SVC__cache_size': 500, 'Classifier__SVC__class_weight': 'balanced', 'Classifier__SVC__coef0': 6, 'Classifier__SVC__decision_function_shape': 'ovr', 'Classifier__SVC__degree': 5, 'Classifier__SVC__gamma': 0.1, 'Classifier__SVC__kernel': 'rbf', 'Classifier__SVC__max_iter': 1000000, 'Classifier__SVC__probability': True, 'Classifier__SVC__random_state': 42, 'Classifier__SVC__shrinking': True, 'Classifier__SVC__tol': 0.001, 'Classifier__SVC__verbose': False}","['x15' 'x17' 'x18' 'x19' 'x20' 'x22' 'x25' 'x26' 'x27' 'x28' 'x29' 'x32'
 'x33' 'x34' 'x36' 'x38']",,,0.0,0.0,0.0
47,Guitar,False,"{'memory': None, 'steps': [('Imputer', SimpleImputer()), ('Scaler', MinMaxScaler()), ('PCA', PCA(n_components=30, random_state=42)), ('Selector', SelectFromModel(estimator=LinearSVC(), max_features=16)), ('Classifier', Pipeline(steps=[('SVC',
                 SVC(C=1000, cache_size=500, class_weight='balanced', coef0=6,
                     degree=5, gamma=0.1, kernel='linear', max_iter=1000000,
                     probability=True, random_state=42))]))], 'transform_input': None, 'verbose': False, 'Imputer': SimpleImputer(), 'Scaler': MinMaxScaler(), 'PCA': PCA(n_components=30, random_state=42), 'Selector': SelectFromModel(estimator=LinearSVC(), max_features=16), 'Classifier': Pipeline(steps=[('SVC',
                 SVC(C=1000, cache_size=500, class_weight='balanced', coef0=6,
                     degree=5, gamma=0.1, kernel='linear', max_iter=1000000,
                     probability=True, random_state=42))]), 'Imputer__add_indicator': False, 'Imputer__copy': True, 'Imputer__fill_value': None, 'Imputer__keep_empty_features': False, 'Imputer__missing_values': nan, 'Imputer__strategy': 'mean', 'Scaler__clip': False, 'Scaler__copy': True, 'Scaler__feature_range': (0, 1), 'PCA__copy': True, 'PCA__iterated_power': 'auto', 'PCA__n_components': 30, 'PCA__n_oversamples': 10, 'PCA__power_iteration_normalizer': 'auto', 'PCA__random_state': 42, 'PCA__svd_solver': 'auto', 'PCA__tol': 0.0, 'PCA__whiten': False, 'Selector__estimator__C': 1.0, 'Selector__estimator__class_weight': None, 'Selector__estimator__dual': 'auto', 'Selector__estimator__fit_intercept': True, 'Selector__estimator__intercept_scaling': 1, 'Selector__estimator__loss': 'squared_hinge', 'Selector__estimator__max_iter': 1000, 'Selector__estimator__multi_class': 'ovr', 'Selector__estimator__penalty': 'l2', 'Selector__estimator__random_state': None, 'Selector__estimator__tol': 0.0001, 'Selector__estimator__verbose': 0, 'Selector__estimator': LinearSVC(), 'Selector__importance_getter': 'auto', 'Selector__max_features': 16, 'Selector__norm_order': 1, 'Selector__prefit': False, 'Selector__threshold': None, 'Classifier__memory': None, 'Classifier__steps': [('SVC', SVC(C=1000, cache_size=500, class_weight='balanced', coef0=6, degree=5,
    gamma=0.1, kernel='linear', max_iter=1000000, probability=True,
    random_state=42))], 'Classifier__transform_input': None, 'Classifier__verbose': False, 'Classifier__SVC': SVC(C=1000, cache_size=500, class_weight='balanced', coef0=6, degree=5,
    gamma=0.1, kernel='linear', max_iter=1000000, probability=True,
    random_state=42), 'Classifier__SVC__C': 1000, 'Classifier__SVC__break_ties': False, 'Classifier__SVC__cache_size': 500, 'Classifier__SVC__class_weight': 'balanced', 'Classifier__SVC__coef0': 6, 'Classifier__SVC__decision_function_shape': 'ovr', 'Classifier__SVC__degree': 5, 'Classifier__SVC__gamma': 0.1, 'Classifier__SVC__kernel': 'linear', 'Classifier__SVC__max_iter': 1000000, 'Classifier__SVC__probability': True, 'Classifier__SVC__random_state': 42, 'Classifier__SVC__shrinking': True, 'Classifier__SVC__tol': 0.001, 'Classifier__SVC__verbose': False}",['x15' 'x17' 'x18' 'x19' 'x20' 'x22' 'x23' 'x25' 'x26' 'x27' 'x28' 'x29'],,,0.0,0.0,0.0
48,Guitar,False,"{'memory': None, 'steps': [('Imputer', SimpleImputer()), ('Scaler', MinMaxScaler()), ('PCA', PCA(n_components=30, random_state=42)), ('Selector', SelectFromModel(estimator=LinearSVC(), max_features=16)), ('Classifier', Pipeline(steps=[('SVC',
                 SVC(C=100, cache_size=500, class_weight='balanced', coef0=6,
                     degree=5, gamma=0.1, kernel='linear', max_iter=1000000,
                     probability=True, random_state=42))]))], 'transform_input': None, 'verbose': False, 'Imputer': SimpleImputer(), 'Scaler': MinMaxScaler(), 'PCA': PCA(n_components=30, random_state=42), 'Selector': SelectFromModel(estimator=LinearSVC(), max_features=16), 'Classifier': Pipeline(steps=[('SVC',
                 SVC(C=100, cache_size=500, class_weight='balanced', coef0=6,
                     degree=5, gamma=0.1, kernel='linear', max_iter=1000000,
                     probability=True, random_state=42))]), 'Imputer__add_indicator': False, 'Imputer__copy': True, 'Imputer__fill_value': None, 'Imputer__keep_empty_features': False, 'Imputer__missing_values': nan, 'Imputer__strategy': 'mean', 'Scaler__clip': False, 'Scaler__copy': True, 'Scaler__feature_range': (0, 1), 'PCA__copy': True, 'PCA__iterated_power': 'auto', 'PCA__n_components': 30, 'PCA__n_oversamples': 10, 'PCA__power_iteration_normalizer': 'auto', 'PCA__random_state': 42, 'PCA__svd_solver': 'auto', 'PCA__tol': 0.0, 'PCA__whiten': False, 'Selector__estimator__C': 1.0, 'Selector__estimator__class_weight': None, 'Selector__estimator__dual': 'auto', 'Selector__estimator__fit_intercept': True, 'Selector__estimator__intercept_scaling': 1, 'Selector__estimator__loss': 'squared_hinge', 'Selector__estimator__max_iter': 1000, 'Selector__estimator__multi_class': 'ovr', 'Selector__estimator__penalty': 'l2', 'Selector__estimator__random_state': None, 'Selector__estimator__tol': 0.0001, 'Selector__estimator__verbose': 0, 'Selector__estimator': LinearSVC(), 'Selector__importance_getter': 'auto', 'Selector__max_features': 16, 'Selector__norm_order': 1, 'Selector__prefit': False, 'Selector__threshold': None, 'Classifier__memory': None, 'Classifier__steps': [('SVC', SVC(C=100, cache_size=500, class_weight='balanced', coef0=6, degree=5,
    gamma=0.1, kernel='linear', max_iter=1000000, probability=True,
    random_state=42))], 'Classifier__transform_input': None, 'Classifier__verbose': False, 'Classifier__SVC': SVC(C=100, cache_size=500, class_weight='balanced', coef0=6, degree=5,
    gamma=0.1, kernel='linear', max_iter=1000000, probability=True,
    random_state=42), 'Classifier__SVC__C': 100, 'Classifier__SVC__break_ties': False, 'Classifier__SVC__cache_size': 500, 'Classifier__SVC__class_weight': 'balanced', 'Classifier__SVC__coef0': 6, 'Classifier__SVC__decision_function_shape': 'ovr', 'Classifier__SVC__degree': 5, 'Classifier__SVC__gamma': 0.1, 'Classifier__SVC__kernel': 'linear', 'Classifier__SVC__max_iter': 1000000, 'Classifier__SVC__probability': True, 'Classifier__SVC__random_state': 42, 'Classifier__SVC__shrinking': True, 'Classifier__SVC__tol': 0.001, 'Classifier__SVC__verbose': False}",['x15' 'x17' 'x18' 'x19' 'x20' 'x22' 'x23' 'x25' 'x26' 'x27' 'x28' 'x29'],,,0.0,0.0,0.0
49,Guitar,False,"{'memory': None, 'steps': [('Imputer', SimpleImputer()), ('Scaler', MinMaxScaler()), ('PCA', PCA(n_components=40, random_state=42)), ('Selector', SelectFromModel(estimator=LinearSVC(), max_features=20)), ('Classifier', Pipeline(steps=[('SVC',
                 SVC(C=1000, cache_size=500, class_weight='balanced', coef0=6,
                     degree=5, gamma=0.01, max_iter=1000000, probability=True,
                     random_state=42))]))], 'transform_input': None, 'verbose': False, 'Imputer': SimpleImputer(), 'Scaler': MinMaxScaler(), 'PCA': PCA(n_components=40, random_state=42), 'Selector': SelectFromModel(estimator=LinearSVC(), max_features=20), 'Classifier': Pipeline(steps=[('SVC',
                 SVC(C=1000, cache_size=500, class_weight='balanced', coef0=6,
                     degree=5, gamma=0.01, max_iter=1000000, probability=True,
                     random_state=42))]), 'Imputer__add_indicator': False, 'Imputer__copy': True, 'Imputer__fill_value': None, 'Imputer__keep_empty_features': False, 'Imputer__missing_values': nan, 'Imputer__strategy': 'mean', 'Scaler__clip': False, 'Scaler__copy': True, 'Scaler__feature_range': (0, 1), 'PCA__copy': True, 'PCA__iterated_power': 'auto', 'PCA__n_components': 40, 'PCA__n_oversamples': 10, 'PCA__power_iteration_normalizer': 'auto', 'PCA__random_state': 42, 'PCA__svd_solver': 'auto', 'PCA__tol': 0.0, 'PCA__whiten': False, 'Selector__estimator__C': 1.0, 'Selector__estimator__class_weight': None, 'Selector__estimator__dual': 'auto', 'Selector__estimator__fit_intercept': True, 'Selector__estimator__intercept_scaling': 1, 'Selector__estimator__loss': 'squared_hinge', 'Selector__estimator__max_iter': 1000, 'Selector__estimator__multi_class': 'ovr', 'Selector__estimator__penalty': 'l2', 'Selector__estimator__random_state': None, 'Selector__estimator__tol': 0.0001, 'Selector__estimator__verbose': 0, 'Selector__estimator': LinearSVC(), 'Selector__importance_getter': 'auto', 'Selector__max_features': 20, 'Selector__norm_order': 1, 'Selector__prefit': False, 'Selector__threshold': None, 'Classifier__memory': None, 'Classifier__steps': [('SVC', SVC(C=1000, cache_size=500, class_weight='balanced', coef0=6, degree=5,
    gamma=0.01, max_iter=1000000, probability=True, random_state=42))], 'Classifier__transform_input': None, 'Classifier__verbose': False, 'Classifier__SVC': SVC(C=1000, cache_size=500, class_weight='balanced', coef0=6, degree=5,
    gamma=0.01, max_iter=1000000, probability=True, random_state=42), 'Classifier__SVC__C': 1000, 'Classifier__SVC__break_ties': False, 'Classifier__SVC__cache_size': 500, 'Classifier__SVC__class_weight': 'balanced', 'Classifier__SVC__coef0': 6, 'Classifier__SVC__decision_function_shape': 'ovr', 'Classifier__SVC__degree': 5, 'Classifier__SVC__gamma': 0.01, 'Classifier__SVC__kernel': 'rbf', 'Classifier__SVC__max_iter': 1000000, 'Classifier__SVC__probability': True, 'Classifier__SVC__random_state': 42, 'Classifier__SVC__shrinking': True, 'Classifier__SVC__tol': 0.001, 'Classifier__SVC__verbose': False}","['x15' 'x17' 'x18' 'x19' 'x20' 'x22' 'x25' 'x26' 'x27' 'x28' 'x29' 'x32'
 'x33' 'x34' 'x36' 'x38']",,,0.0,0.0,0.0
50,Guitar,False,"{'memory': None, 'steps': [('Imputer', SimpleImputer()), ('Scaler', MinMaxScaler()), ('PCA', PCA(n_components=40, random_state=42)), ('Selector', SelectFromModel(estimator=LinearSVC(), max_features=16)), ('Classifier', Pipeline(steps=[('SVC',
                 SVC(C=100, cache_size=500, class_weight='balanced', coef0=6,
                     degree=5, gamma=0.1, max_iter=1000000, probability=True,
                     random_state=42))]))], 'transform_input': None, 'verbose': False, 'Imputer': SimpleImputer(), 'Scaler': MinMaxScaler(), 'PCA': PCA(n_components=40, random_state=42), 'Selector': SelectFromModel(estimator=LinearSVC(), max_features=16), 'Classifier': Pipeline(steps=[('SVC',
                 SVC(C=100, cache_size=500, class_weight='balanced', coef0=6,
                     degree=5, gamma=0.1, max_iter=1000000, probability=True,
                     random_state=42))]), 'Imputer__add_indicator': False, 'Imputer__copy': True, 'Imputer__fill_value': None, 'Imputer__keep_empty_features': False, 'Imputer__missing_values': nan, 'Imputer__strategy': 'mean', 'Scaler__clip': False, 'Scaler__copy': True, 'Scaler__feature_range': (0, 1), 'PCA__copy': True, 'PCA__iterated_power': 'auto', 'PCA__n_components': 40, 'PCA__n_oversamples': 10, 'PCA__power_iteration_normalizer': 'auto', 'PCA__random_state': 42, 'PCA__svd_solver': 'auto', 'PCA__tol': 0.0, 'PCA__whiten': False, 'Selector__estimator__C': 1.0, 'Selector__estimator__class_weight': None, 'Selector__estimator__dual': 'auto', 'Selector__estimator__fit_intercept': True, 'Selector__estimator__intercept_scaling': 1, 'Selector__estimator__loss': 'squared_hinge', 'Selector__estimator__max_iter': 1000, 'Selector__estimator__multi_class': 'ovr', 'Selector__estimator__penalty': 'l2', 'Selector__estimator__random_state': None, 'Selector__estimator__tol': 0.0001, 'Selector__estimator__verbose': 0, 'Selector__estimator': LinearSVC(), 'Selector__importance_getter': 'auto', 'Selector__max_features': 16, 'Selector__norm_order': 1, 'Selector__prefit': False, 'Selector__threshold': None, 'Classifier__memory': None, 'Classifier__steps': [('SVC', SVC(C=100, cache_size=500, class_weight='balanced', coef0=6, degree=5,
    gamma=0.1, max_iter=1000000, probability=True, random_state=42))], 'Classifier__transform_input': None, 'Classifier__verbose': False, 'Classifier__SVC': SVC(C=100, cache_size=500, class_weight='balanced', coef0=6, degree=5,
    gamma=0.1, max_iter=1000000, probability=True, random_state=42), 'Classifier__SVC__C': 100, 'Classifier__SVC__break_ties': False, 'Classifier__SVC__cache_size': 500, 'Classifier__SVC__class_weight': 'balanced', 'Classifier__SVC__coef0': 6, 'Classifier__SVC__decision_function_shape': 'ovr', 'Classifier__SVC__degree': 5, 'Classifier__SVC__gamma': 0.1, 'Classifier__SVC__kernel': 'rbf', 'Classifier__SVC__max_iter': 1000000, 'Classifier__SVC__probability': True, 'Classifier__SVC__random_state': 42, 'Classifier__SVC__shrinking': True, 'Classifier__SVC__tol': 0.001, 'Classifier__SVC__verbose': False}","['x15' 'x17' 'x18' 'x19' 'x20' 'x22' 'x25' 'x26' 'x27' 'x28' 'x29' 'x32'
 'x33' 'x34' 'x36' 'x38']",,,0.0,0.0,0.0
51,Guitar,False,"{'memory': None, 'steps': [('Imputer', SimpleImputer()), ('Scaler', MinMaxScaler()), ('PCA', PCA(n_components=40, random_state=42)), ('Selector', SelectFromModel(estimator=LinearSVC(), max_features=20)), ('Classifier', Pipeline(steps=[('SVC',
                 SVC(C=0.1, cache_size=500, class_weight='balanced', coef0=6,
                     degree=5, gamma=0.01, kernel='poly', max_iter=1000000,
                     probability=True, random_state=42))]))], 'transform_input': None, 'verbose': False, 'Imputer': SimpleImputer(), 'Scaler': MinMaxScaler(), 'PCA': PCA(n_components=40, random_state=42), 'Selector': SelectFromModel(estimator=LinearSVC(), max_features=20), 'Classifier': Pipeline(steps=[('SVC',
                 SVC(C=0.1, cache_size=500, class_weight='balanced', coef0=6,
                     degree=5, gamma=0.01, kernel='poly', max_iter=1000000,
                     probability=True, random_state=42))]), 'Imputer__add_indicator': False, 'Imputer__copy': True, 'Imputer__fill_value': None, 'Imputer__keep_empty_features': False, 'Imputer__missing_values': nan, 'Imputer__strategy': 'mean', 'Scaler__clip': False, 'Scaler__copy': True, 'Scaler__feature_range': (0, 1), 'PCA__copy': True, 'PCA__iterated_power': 'auto', 'PCA__n_components': 40, 'PCA__n_oversamples': 10, 'PCA__power_iteration_normalizer': 'auto', 'PCA__random_state': 42, 'PCA__svd_solver': 'auto', 'PCA__tol': 0.0, 'PCA__whiten': False, 'Selector__estimator__C': 1.0, 'Selector__estimator__class_weight': None, 'Selector__estimator__dual': 'auto', 'Selector__estimator__fit_intercept': True, 'Selector__estimator__intercept_scaling': 1, 'Selector__estimator__loss': 'squared_hinge', 'Selector__estimator__max_iter': 1000, 'Selector__estimator__multi_class': 'ovr', 'Selector__estimator__penalty': 'l2', 'Selector__estimator__random_state': None, 'Selector__estimator__tol': 0.0001, 'Selector__estimator__verbose': 0, 'Selector__estimator': LinearSVC(), 'Selector__importance_getter': 'auto', 'Selector__max_features': 20, 'Selector__norm_order': 1, 'Selector__prefit': False, 'Selector__threshold': None, 'Classifier__memory': None, 'Classifier__steps': [('SVC', SVC(C=0.1, cache_size=500, class_weight='balanced', coef0=6, degree=5,
    gamma=0.01, kernel='poly', max_iter=1000000, probability=True,
    random_state=42))], 'Classifier__transform_input': None, 'Classifier__verbose': False, 'Classifier__SVC': SVC(C=0.1, cache_size=500, class_weight='balanced', coef0=6, degree=5,
    gamma=0.01, kernel='poly', max_iter=1000000, probability=True,
    random_state=42), 'Classifier__SVC__C': 0.1, 'Classifier__SVC__break_ties': False, 'Classifier__SVC__cache_size': 500, 'Classifier__SVC__class_weight': 'balanced', 'Classifier__SVC__coef0': 6, 'Classifier__SVC__decision_function_shape': 'ovr', 'Classifier__SVC__degree': 5, 'Classifier__SVC__gamma': 0.01, 'Classifier__SVC__kernel': 'poly', 'Classifier__SVC__max_iter': 1000000, 'Classifier__SVC__probability': True, 'Classifier__SVC__random_state': 42, 'Classifier__SVC__shrinking': True, 'Classifier__SVC__tol': 0.001, 'Classifier__SVC__verbose': False}","['x15' 'x17' 'x18' 'x19' 'x20' 'x22' 'x25' 'x26' 'x27' 'x28' 'x29' 'x32'
 'x33' 'x34' 'x36' 'x38']",,,0.0,0.0,0.0
52,Guitar,False,"{'memory': None, 'steps': [('Imputer', SimpleImputer()), ('Scaler', MinMaxScaler()), ('PCA', PCA(n_components=30, random_state=42)), ('Selector', SelectFromModel(estimator=LinearSVC(), max_features=12)), ('Classifier', Pipeline(steps=[('SVC',
                 SVC(C=1000, cache_size=500, class_weight='balanced', coef0=6,
                     degree=5, gamma=0.1, max_iter=1000000, probability=True,
                     random_state=42))]))], 'transform_input': None, 'verbose': False, 'Imputer': SimpleImputer(), 'Scaler': MinMaxScaler(), 'PCA': PCA(n_components=30, random_state=42), 'Selector': SelectFromModel(estimator=LinearSVC(), max_features=12), 'Classifier': Pipeline(steps=[('SVC',
                 SVC(C=1000, cache_size=500, class_weight='balanced', coef0=6,
                     degree=5, gamma=0.1, max_iter=1000000, probability=True,
                     random_state=42))]), 'Imputer__add_indicator': False, 'Imputer__copy': True, 'Imputer__fill_value': None, 'Imputer__keep_empty_features': False, 'Imputer__missing_values': nan, 'Imputer__strategy': 'mean', 'Scaler__clip': False, 'Scaler__copy': True, 'Scaler__feature_range': (0, 1), 'PCA__copy': True, 'PCA__iterated_power': 'auto', 'PCA__n_components': 30, 'PCA__n_oversamples': 10, 'PCA__power_iteration_normalizer': 'auto', 'PCA__random_state': 42, 'PCA__svd_solver': 'auto', 'PCA__tol': 0.0, 'PCA__whiten': False, 'Selector__estimator__C': 1.0, 'Selector__estimator__class_weight': None, 'Selector__estimator__dual': 'auto', 'Selector__estimator__fit_intercept': True, 'Selector__estimator__intercept_scaling': 1, 'Selector__estimator__loss': 'squared_hinge', 'Selector__estimator__max_iter': 1000, 'Selector__estimator__multi_class': 'ovr', 'Selector__estimator__penalty': 'l2', 'Selector__estimator__random_state': None, 'Selector__estimator__tol': 0.0001, 'Selector__estimator__verbose': 0, 'Selector__estimator': LinearSVC(), 'Selector__importance_getter': 'auto', 'Selector__max_features': 12, 'Selector__norm_order': 1, 'Selector__prefit': False, 'Selector__threshold': None, 'Classifier__memory': None, 'Classifier__steps': [('SVC', SVC(C=1000, cache_size=500, class_weight='balanced', coef0=6, degree=5,
    gamma=0.1, max_iter=1000000, probability=True, random_state=42))], 'Classifier__transform_input': None, 'Classifier__verbose': False, 'Classifier__SVC': SVC(C=1000, cache_size=500, class_weight='balanced', coef0=6, degree=5,
    gamma=0.1, max_iter=1000000, probability=True, random_state=42), 'Classifier__SVC__C': 1000, 'Classifier__SVC__break_ties': False, 'Classifier__SVC__cache_size': 500, 'Classifier__SVC__class_weight': 'balanced', 'Classifier__SVC__coef0': 6, 'Classifier__SVC__decision_function_shape': 'ovr', 'Classifier__SVC__degree': 5, 'Classifier__SVC__gamma': 0.1, 'Classifier__SVC__kernel': 'rbf', 'Classifier__SVC__max_iter': 1000000, 'Classifier__SVC__probability': True, 'Classifier__SVC__random_state': 42, 'Classifier__SVC__shrinking': True, 'Classifier__SVC__tol': 0.001, 'Classifier__SVC__verbose': False}",['x15' 'x17' 'x18' 'x19' 'x20' 'x22' 'x23' 'x25' 'x26' 'x27' 'x28' 'x29'],,,0.0,0.0,0.0
53,Guitar,False,"{'memory': None, 'steps': [('Imputer', SimpleImputer()), ('Scaler', MinMaxScaler()), ('PCA', PCA(n_components=30, random_state=42)), ('Selector', SelectFromModel(estimator=LinearSVC(), max_features=20)), ('Classifier', Pipeline(steps=[('SVC',
                 SVC(C=1000, cache_size=500, class_weight='balanced', coef0=6,
                     degree=5, gamma=0.01, max_iter=1000000, probability=True,
                     random_state=42))]))], 'transform_input': None, 'verbose': False, 'Imputer': SimpleImputer(), 'Scaler': MinMaxScaler(), 'PCA': PCA(n_components=30, random_state=42), 'Selector': SelectFromModel(estimator=LinearSVC(), max_features=20), 'Classifier': Pipeline(steps=[('SVC',
                 SVC(C=1000, cache_size=500, class_weight='balanced', coef0=6,
                     degree=5, gamma=0.01, max_iter=1000000, probability=True,
                     random_state=42))]), 'Imputer__add_indicator': False, 'Imputer__copy': True, 'Imputer__fill_value': None, 'Imputer__keep_empty_features': False, 'Imputer__missing_values': nan, 'Imputer__strategy': 'mean', 'Scaler__clip': False, 'Scaler__copy': True, 'Scaler__feature_range': (0, 1), 'PCA__copy': True, 'PCA__iterated_power': 'auto', 'PCA__n_components': 30, 'PCA__n_oversamples': 10, 'PCA__power_iteration_normalizer': 'auto', 'PCA__random_state': 42, 'PCA__svd_solver': 'auto', 'PCA__tol': 0.0, 'PCA__whiten': False, 'Selector__estimator__C': 1.0, 'Selector__estimator__class_weight': None, 'Selector__estimator__dual': 'auto', 'Selector__estimator__fit_intercept': True, 'Selector__estimator__intercept_scaling': 1, 'Selector__estimator__loss': 'squared_hinge', 'Selector__estimator__max_iter': 1000, 'Selector__estimator__multi_class': 'ovr', 'Selector__estimator__penalty': 'l2', 'Selector__estimator__random_state': None, 'Selector__estimator__tol': 0.0001, 'Selector__estimator__verbose': 0, 'Selector__estimator': LinearSVC(), 'Selector__importance_getter': 'auto', 'Selector__max_features': 20, 'Selector__norm_order': 1, 'Selector__prefit': False, 'Selector__threshold': None, 'Classifier__memory': None, 'Classifier__steps': [('SVC', SVC(C=1000, cache_size=500, class_weight='balanced', coef0=6, degree=5,
    gamma=0.01, max_iter=1000000, probability=True, random_state=42))], 'Classifier__transform_input': None, 'Classifier__verbose': False, 'Classifier__SVC': SVC(C=1000, cache_size=500, class_weight='balanced', coef0=6, degree=5,
    gamma=0.01, max_iter=1000000, probability=True, random_state=42), 'Classifier__SVC__C': 1000, 'Classifier__SVC__break_ties': False, 'Classifier__SVC__cache_size': 500, 'Classifier__SVC__class_weight': 'balanced', 'Classifier__SVC__coef0': 6, 'Classifier__SVC__decision_function_shape': 'ovr', 'Classifier__SVC__degree': 5, 'Classifier__SVC__gamma': 0.01, 'Classifier__SVC__kernel': 'rbf', 'Classifier__SVC__max_iter': 1000000, 'Classifier__SVC__probability': True, 'Classifier__SVC__random_state': 42, 'Classifier__SVC__shrinking': True, 'Classifier__SVC__tol': 0.001, 'Classifier__SVC__verbose': False}",['x15' 'x17' 'x18' 'x19' 'x20' 'x22' 'x23' 'x25' 'x26' 'x27' 'x28' 'x29'],,,0.0,0.0,0.0
54,Guitar,False,"{'memory': None, 'steps': [('Imputer', SimpleImputer()), ('Scaler', MinMaxScaler()), ('PCA', PCA(n_components=30, random_state=42)), ('Selector', SelectFromModel(estimator=LinearSVC(), max_features=16)), ('Classifier', Pipeline(steps=[('SVC',
                 SVC(C=1000, cache_size=500, class_weight='balanced', coef0=6,
                     degree=5, gamma=0.01, max_iter=1000000, probability=True,
                     random_state=42))]))], 'transform_input': None, 'verbose': False, 'Imputer': SimpleImputer(), 'Scaler': MinMaxScaler(), 'PCA': PCA(n_components=30, random_state=42), 'Selector': SelectFromModel(estimator=LinearSVC(), max_features=16), 'Classifier': Pipeline(steps=[('SVC',
                 SVC(C=1000, cache_size=500, class_weight='balanced', coef0=6,
                     degree=5, gamma=0.01, max_iter=1000000, probability=True,
                     random_state=42))]), 'Imputer__add_indicator': False, 'Imputer__copy': True, 'Imputer__fill_value': None, 'Imputer__keep_empty_features': False, 'Imputer__missing_values': nan, 'Imputer__strategy': 'mean', 'Scaler__clip': False, 'Scaler__copy': True, 'Scaler__feature_range': (0, 1), 'PCA__copy': True, 'PCA__iterated_power': 'auto', 'PCA__n_components': 30, 'PCA__n_oversamples': 10, 'PCA__power_iteration_normalizer': 'auto', 'PCA__random_state': 42, 'PCA__svd_solver': 'auto', 'PCA__tol': 0.0, 'PCA__whiten': False, 'Selector__estimator__C': 1.0, 'Selector__estimator__class_weight': None, 'Selector__estimator__dual': 'auto', 'Selector__estimator__fit_intercept': True, 'Selector__estimator__intercept_scaling': 1, 'Selector__estimator__loss': 'squared_hinge', 'Selector__estimator__max_iter': 1000, 'Selector__estimator__multi_class': 'ovr', 'Selector__estimator__penalty': 'l2', 'Selector__estimator__random_state': None, 'Selector__estimator__tol': 0.0001, 'Selector__estimator__verbose': 0, 'Selector__estimator': LinearSVC(), 'Selector__importance_getter': 'auto', 'Selector__max_features': 16, 'Selector__norm_order': 1, 'Selector__prefit': False, 'Selector__threshold': None, 'Classifier__memory': None, 'Classifier__steps': [('SVC', SVC(C=1000, cache_size=500, class_weight='balanced', coef0=6, degree=5,
    gamma=0.01, max_iter=1000000, probability=True, random_state=42))], 'Classifier__transform_input': None, 'Classifier__verbose': False, 'Classifier__SVC': SVC(C=1000, cache_size=500, class_weight='balanced', coef0=6, degree=5,
    gamma=0.01, max_iter=1000000, probability=True, random_state=42), 'Classifier__SVC__C': 1000, 'Classifier__SVC__break_ties': False, 'Classifier__SVC__cache_size': 500, 'Classifier__SVC__class_weight': 'balanced', 'Classifier__SVC__coef0': 6, 'Classifier__SVC__decision_function_shape': 'ovr', 'Classifier__SVC__degree': 5, 'Classifier__SVC__gamma': 0.01, 'Classifier__SVC__kernel': 'rbf', 'Classifier__SVC__max_iter': 1000000, 'Classifier__SVC__probability': True, 'Classifier__SVC__random_state': 42, 'Classifier__SVC__shrinking': True, 'Classifier__SVC__tol': 0.001, 'Classifier__SVC__verbose': False}",['x15' 'x17' 'x18' 'x19' 'x20' 'x22' 'x23' 'x25' 'x26' 'x27' 'x28' 'x29'],,,0.0,0.0,0.0
55,Guitar,False,"{'memory': None, 'steps': [('Imputer', SimpleImputer()), ('Scaler', MinMaxScaler()), ('PCA', PCA(n_components=40, random_state=42)), ('Selector', SelectFromModel(estimator=LinearSVC(), max_features=20)), ('Classifier', Pipeline(steps=[('SVC',
                 SVC(C=10, cache_size=500, class_weight='balanced', coef0=6,
                     degree=5, gamma=0.1, max_iter=1000000, probability=True,
                     random_state=42))]))], 'transform_input': None, 'verbose': False, 'Imputer': SimpleImputer(), 'Scaler': MinMaxScaler(), 'PCA': PCA(n_components=40, random_state=42), 'Selector': SelectFromModel(estimator=LinearSVC(), max_features=20), 'Classifier': Pipeline(steps=[('SVC',
                 SVC(C=10, cache_size=500, class_weight='balanced', coef0=6,
                     degree=5, gamma=0.1, max_iter=1000000, probability=True,
                     random_state=42))]), 'Imputer__add_indicator': False, 'Imputer__copy': True, 'Imputer__fill_value': None, 'Imputer__keep_empty_features': False, 'Imputer__missing_values': nan, 'Imputer__strategy': 'mean', 'Scaler__clip': False, 'Scaler__copy': True, 'Scaler__feature_range': (0, 1), 'PCA__copy': True, 'PCA__iterated_power': 'auto', 'PCA__n_components': 40, 'PCA__n_oversamples': 10, 'PCA__power_iteration_normalizer': 'auto', 'PCA__random_state': 42, 'PCA__svd_solver': 'auto', 'PCA__tol': 0.0, 'PCA__whiten': False, 'Selector__estimator__C': 1.0, 'Selector__estimator__class_weight': None, 'Selector__estimator__dual': 'auto', 'Selector__estimator__fit_intercept': True, 'Selector__estimator__intercept_scaling': 1, 'Selector__estimator__loss': 'squared_hinge', 'Selector__estimator__max_iter': 1000, 'Selector__estimator__multi_class': 'ovr', 'Selector__estimator__penalty': 'l2', 'Selector__estimator__random_state': None, 'Selector__estimator__tol': 0.0001, 'Selector__estimator__verbose': 0, 'Selector__estimator': LinearSVC(), 'Selector__importance_getter': 'auto', 'Selector__max_features': 20, 'Selector__norm_order': 1, 'Selector__prefit': False, 'Selector__threshold': None, 'Classifier__memory': None, 'Classifier__steps': [('SVC', SVC(C=10, cache_size=500, class_weight='balanced', coef0=6, degree=5, gamma=0.1,
    max_iter=1000000, probability=True, random_state=42))], 'Classifier__transform_input': None, 'Classifier__verbose': False, 'Classifier__SVC': SVC(C=10, cache_size=500, class_weight='balanced', coef0=6, degree=5, gamma=0.1,
    max_iter=1000000, probability=True, random_state=42), 'Classifier__SVC__C': 10, 'Classifier__SVC__break_ties': False, 'Classifier__SVC__cache_size': 500, 'Classifier__SVC__class_weight': 'balanced', 'Classifier__SVC__coef0': 6, 'Classifier__SVC__decision_function_shape': 'ovr', 'Classifier__SVC__degree': 5, 'Classifier__SVC__gamma': 0.1, 'Classifier__SVC__kernel': 'rbf', 'Classifier__SVC__max_iter': 1000000, 'Classifier__SVC__probability': True, 'Classifier__SVC__random_state': 42, 'Classifier__SVC__shrinking': True, 'Classifier__SVC__tol': 0.001, 'Classifier__SVC__verbose': False}","['x15' 'x17' 'x18' 'x19' 'x20' 'x22' 'x25' 'x26' 'x27' 'x28' 'x29' 'x32'
 'x33' 'x34' 'x36' 'x38']",,,0.0,0.0,0.0
56,Guitar,False,"{'memory': None, 'steps': [('Imputer', SimpleImputer()), ('Scaler', MinMaxScaler()), ('PCA', PCA(n_components=30, random_state=42)), ('Selector', SelectFromModel(estimator=LinearSVC(), max_features=12)), ('Classifier', Pipeline(steps=[('SVC',
                 SVC(C=100, cache_size=500, class_weight='balanced', coef0=6,
                     degree=5, gamma=0.1, kernel='linear', max_iter=1000000,
                     probability=True, random_state=42))]))], 'transform_input': None, 'verbose': False, 'Imputer': SimpleImputer(), 'Scaler': MinMaxScaler(), 'PCA': PCA(n_components=30, random_state=42), 'Selector': SelectFromModel(estimator=LinearSVC(), max_features=12), 'Classifier': Pipeline(steps=[('SVC',
                 SVC(C=100, cache_size=500, class_weight='balanced', coef0=6,
                     degree=5, gamma=0.1, kernel='linear', max_iter=1000000,
                     probability=True, random_state=42))]), 'Imputer__add_indicator': False, 'Imputer__copy': True, 'Imputer__fill_value': None, 'Imputer__keep_empty_features': False, 'Imputer__missing_values': nan, 'Imputer__strategy': 'mean', 'Scaler__clip': False, 'Scaler__copy': True, 'Scaler__feature_range': (0, 1), 'PCA__copy': True, 'PCA__iterated_power': 'auto', 'PCA__n_components': 30, 'PCA__n_oversamples': 10, 'PCA__power_iteration_normalizer': 'auto', 'PCA__random_state': 42, 'PCA__svd_solver': 'auto', 'PCA__tol': 0.0, 'PCA__whiten': False, 'Selector__estimator__C': 1.0, 'Selector__estimator__class_weight': None, 'Selector__estimator__dual': 'auto', 'Selector__estimator__fit_intercept': True, 'Selector__estimator__intercept_scaling': 1, 'Selector__estimator__loss': 'squared_hinge', 'Selector__estimator__max_iter': 1000, 'Selector__estimator__multi_class': 'ovr', 'Selector__estimator__penalty': 'l2', 'Selector__estimator__random_state': None, 'Selector__estimator__tol': 0.0001, 'Selector__estimator__verbose': 0, 'Selector__estimator': LinearSVC(), 'Selector__importance_getter': 'auto', 'Selector__max_features': 12, 'Selector__norm_order': 1, 'Selector__prefit': False, 'Selector__threshold': None, 'Classifier__memory': None, 'Classifier__steps': [('SVC', SVC(C=100, cache_size=500, class_weight='balanced', coef0=6, degree=5,
    gamma=0.1, kernel='linear', max_iter=1000000, probability=True,
    random_state=42))], 'Classifier__transform_input': None, 'Classifier__verbose': False, 'Classifier__SVC': SVC(C=100, cache_size=500, class_weight='balanced', coef0=6, degree=5,
    gamma=0.1, kernel='linear', max_iter=1000000, probability=True,
    random_state=42), 'Classifier__SVC__C': 100, 'Classifier__SVC__break_ties': False, 'Classifier__SVC__cache_size': 500, 'Classifier__SVC__class_weight': 'balanced', 'Classifier__SVC__coef0': 6, 'Classifier__SVC__decision_function_shape': 'ovr', 'Classifier__SVC__degree': 5, 'Classifier__SVC__gamma': 0.1, 'Classifier__SVC__kernel': 'linear', 'Classifier__SVC__max_iter': 1000000, 'Classifier__SVC__probability': True, 'Classifier__SVC__random_state': 42, 'Classifier__SVC__shrinking': True, 'Classifier__SVC__tol': 0.001, 'Classifier__SVC__verbose': False}",['x15' 'x17' 'x18' 'x19' 'x20' 'x22' 'x23' 'x25' 'x26' 'x27' 'x28' 'x29'],,,0.0,0.0,0.0
57,Guitar,False,"{'memory': None, 'steps': [('Imputer', SimpleImputer()), ('Scaler', MinMaxScaler()), ('PCA', PCA(n_components=40, random_state=42)), ('Selector', SelectFromModel(estimator=LinearSVC(), max_features=16)), ('Classifier', Pipeline(steps=[('SVC',
                 SVC(C=1000, cache_size=500, class_weight='balanced', coef0=6,
                     degree=5, gamma=0.01, max_iter=1000000, probability=True,
                     random_state=42))]))], 'transform_input': None, 'verbose': False, 'Imputer': SimpleImputer(), 'Scaler': MinMaxScaler(), 'PCA': PCA(n_components=40, random_state=42), 'Selector': SelectFromModel(estimator=LinearSVC(), max_features=16), 'Classifier': Pipeline(steps=[('SVC',
                 SVC(C=1000, cache_size=500, class_weight='balanced', coef0=6,
                     degree=5, gamma=0.01, max_iter=1000000, probability=True,
                     random_state=42))]), 'Imputer__add_indicator': False, 'Imputer__copy': True, 'Imputer__fill_value': None, 'Imputer__keep_empty_features': False, 'Imputer__missing_values': nan, 'Imputer__strategy': 'mean', 'Scaler__clip': False, 'Scaler__copy': True, 'Scaler__feature_range': (0, 1), 'PCA__copy': True, 'PCA__iterated_power': 'auto', 'PCA__n_components': 40, 'PCA__n_oversamples': 10, 'PCA__power_iteration_normalizer': 'auto', 'PCA__random_state': 42, 'PCA__svd_solver': 'auto', 'PCA__tol': 0.0, 'PCA__whiten': False, 'Selector__estimator__C': 1.0, 'Selector__estimator__class_weight': None, 'Selector__estimator__dual': 'auto', 'Selector__estimator__fit_intercept': True, 'Selector__estimator__intercept_scaling': 1, 'Selector__estimator__loss': 'squared_hinge', 'Selector__estimator__max_iter': 1000, 'Selector__estimator__multi_class': 'ovr', 'Selector__estimator__penalty': 'l2', 'Selector__estimator__random_state': None, 'Selector__estimator__tol': 0.0001, 'Selector__estimator__verbose': 0, 'Selector__estimator': LinearSVC(), 'Selector__importance_getter': 'auto', 'Selector__max_features': 16, 'Selector__norm_order': 1, 'Selector__prefit': False, 'Selector__threshold': None, 'Classifier__memory': None, 'Classifier__steps': [('SVC', SVC(C=1000, cache_size=500, class_weight='balanced', coef0=6, degree=5,
    gamma=0.01, max_iter=1000000, probability=True, random_state=42))], 'Classifier__transform_input': None, 'Classifier__verbose': False, 'Classifier__SVC': SVC(C=1000, cache_size=500, class_weight='balanced', coef0=6, degree=5,
    gamma=0.01, max_iter=1000000, probability=True, random_state=42), 'Classifier__SVC__C': 1000, 'Classifier__SVC__break_ties': False, 'Classifier__SVC__cache_size': 500, 'Classifier__SVC__class_weight': 'balanced', 'Classifier__SVC__coef0': 6, 'Classifier__SVC__decision_function_shape': 'ovr', 'Classifier__SVC__degree': 5, 'Classifier__SVC__gamma': 0.01, 'Classifier__SVC__kernel': 'rbf', 'Classifier__SVC__max_iter': 1000000, 'Classifier__SVC__probability': True, 'Classifier__SVC__random_state': 42, 'Classifier__SVC__shrinking': True, 'Classifier__SVC__tol': 0.001, 'Classifier__SVC__verbose': False}","['x15' 'x17' 'x18' 'x19' 'x20' 'x22' 'x25' 'x26' 'x27' 'x28' 'x29' 'x32'
 'x33' 'x34' 'x36' 'x38']",,,0.0,0.0,0.0
58,Guitar,False,"{'memory': None, 'steps': [('Imputer', SimpleImputer()), ('Scaler', MinMaxScaler()), ('PCA', PCA(n_components=10, random_state=42)), ('Selector', SelectFromModel(estimator=LinearSVC(), max_features=8)), ('Classifier', Pipeline(steps=[('SVC',
                 SVC(C=1000, cache_size=500, class_weight='balanced', coef0=6,
                     degree=5, gamma=0.1, max_iter=1000000, probability=True,
                     random_state=42))]))], 'transform_input': None, 'verbose': False, 'Imputer': SimpleImputer(), 'Scaler': MinMaxScaler(), 'PCA': PCA(n_components=10, random_state=42), 'Selector': SelectFromModel(estimator=LinearSVC(), max_features=8), 'Classifier': Pipeline(steps=[('SVC',
                 SVC(C=1000, cache_size=500, class_weight='balanced', coef0=6,
                     degree=5, gamma=0.1, max_iter=1000000, probability=True,
                     random_state=42))]), 'Imputer__add_indicator': False, 'Imputer__copy': True, 'Imputer__fill_value': None, 'Imputer__keep_empty_features': False, 'Imputer__missing_values': nan, 'Imputer__strategy': 'mean', 'Scaler__clip': False, 'Scaler__copy': True, 'Scaler__feature_range': (0, 1), 'PCA__copy': True, 'PCA__iterated_power': 'auto', 'PCA__n_components': 10, 'PCA__n_oversamples': 10, 'PCA__power_iteration_normalizer': 'auto', 'PCA__random_state': 42, 'PCA__svd_solver': 'auto', 'PCA__tol': 0.0, 'PCA__whiten': False, 'Selector__estimator__C': 1.0, 'Selector__estimator__class_weight': None, 'Selector__estimator__dual': 'auto', 'Selector__estimator__fit_intercept': True, 'Selector__estimator__intercept_scaling': 1, 'Selector__estimator__loss': 'squared_hinge', 'Selector__estimator__max_iter': 1000, 'Selector__estimator__multi_class': 'ovr', 'Selector__estimator__penalty': 'l2', 'Selector__estimator__random_state': None, 'Selector__estimator__tol': 0.0001, 'Selector__estimator__verbose': 0, 'Selector__estimator': LinearSVC(), 'Selector__importance_getter': 'auto', 'Selector__max_features': 8, 'Selector__norm_order': 1, 'Selector__prefit': False, 'Selector__threshold': None, 'Classifier__memory': None, 'Classifier__steps': [('SVC', SVC(C=1000, cache_size=500, class_weight='balanced', coef0=6, degree=5,
    gamma=0.1, max_iter=1000000, probability=True, random_state=42))], 'Classifier__transform_input': None, 'Classifier__verbose': False, 'Classifier__SVC': SVC(C=1000, cache_size=500, class_weight='balanced', coef0=6, degree=5,
    gamma=0.1, max_iter=1000000, probability=True, random_state=42), 'Classifier__SVC__C': 1000, 'Classifier__SVC__break_ties': False, 'Classifier__SVC__cache_size': 500, 'Classifier__SVC__class_weight': 'balanced', 'Classifier__SVC__coef0': 6, 'Classifier__SVC__decision_function_shape': 'ovr', 'Classifier__SVC__degree': 5, 'Classifier__SVC__gamma': 0.1, 'Classifier__SVC__kernel': 'rbf', 'Classifier__SVC__max_iter': 1000000, 'Classifier__SVC__probability': True, 'Classifier__SVC__random_state': 42, 'Classifier__SVC__shrinking': True, 'Classifier__SVC__tol': 0.001, 'Classifier__SVC__verbose': False}",['x1' 'x4' 'x6' 'x7' 'x9'],,,0.0,0.0,0.0
59,Guitar,False,"{'memory': None, 'steps': [('Imputer', SimpleImputer()), ('Scaler', MinMaxScaler()), ('PCA', PCA(n_components=15, random_state=42)), ('Selector', SelectFromModel(estimator=LinearSVC(), max_features=12)), ('Classifier', Pipeline(steps=[('SVC',
                 SVC(C=100, cache_size=500, class_weight='balanced', coef0=6,
                     degree=5, gamma=0.1, max_iter=1000000, probability=True,
                     random_state=42))]))], 'transform_input': None, 'verbose': False, 'Imputer': SimpleImputer(), 'Scaler': MinMaxScaler(), 'PCA': PCA(n_components=15, random_state=42), 'Selector': SelectFromModel(estimator=LinearSVC(), max_features=12), 'Classifier': Pipeline(steps=[('SVC',
                 SVC(C=100, cache_size=500, class_weight='balanced', coef0=6,
                     degree=5, gamma=0.1, max_iter=1000000, probability=True,
                     random_state=42))]), 'Imputer__add_indicator': False, 'Imputer__copy': True, 'Imputer__fill_value': None, 'Imputer__keep_empty_features': False, 'Imputer__missing_values': nan, 'Imputer__strategy': 'mean', 'Scaler__clip': False, 'Scaler__copy': True, 'Scaler__feature_range': (0, 1), 'PCA__copy': True, 'PCA__iterated_power': 'auto', 'PCA__n_components': 15, 'PCA__n_oversamples': 10, 'PCA__power_iteration_normalizer': 'auto', 'PCA__random_state': 42, 'PCA__svd_solver': 'auto', 'PCA__tol': 0.0, 'PCA__whiten': False, 'Selector__estimator__C': 1.0, 'Selector__estimator__class_weight': None, 'Selector__estimator__dual': 'auto', 'Selector__estimator__fit_intercept': True, 'Selector__estimator__intercept_scaling': 1, 'Selector__estimator__loss': 'squared_hinge', 'Selector__estimator__max_iter': 1000, 'Selector__estimator__multi_class': 'ovr', 'Selector__estimator__penalty': 'l2', 'Selector__estimator__random_state': None, 'Selector__estimator__tol': 0.0001, 'Selector__estimator__verbose': 0, 'Selector__estimator': LinearSVC(), 'Selector__importance_getter': 'auto', 'Selector__max_features': 12, 'Selector__norm_order': 1, 'Selector__prefit': False, 'Selector__threshold': None, 'Classifier__memory': None, 'Classifier__steps': [('SVC', SVC(C=100, cache_size=500, class_weight='balanced', coef0=6, degree=5,
    gamma=0.1, max_iter=1000000, probability=True, random_state=42))], 'Classifier__transform_input': None, 'Classifier__verbose': False, 'Classifier__SVC': SVC(C=100, cache_size=500, class_weight='balanced', coef0=6, degree=5,
    gamma=0.1, max_iter=1000000, probability=True, random_state=42), 'Classifier__SVC__C': 100, 'Classifier__SVC__break_ties': False, 'Classifier__SVC__cache_size': 500, 'Classifier__SVC__class_weight': 'balanced', 'Classifier__SVC__coef0': 6, 'Classifier__SVC__decision_function_shape': 'ovr', 'Classifier__SVC__degree': 5, 'Classifier__SVC__gamma': 0.1, 'Classifier__SVC__kernel': 'rbf', 'Classifier__SVC__max_iter': 1000000, 'Classifier__SVC__probability': True, 'Classifier__SVC__random_state': 42, 'Classifier__SVC__shrinking': True, 'Classifier__SVC__tol': 0.001, 'Classifier__SVC__verbose': False}",['x1' 'x6' 'x7' 'x9' 'x10' 'x11' 'x12' 'x13'],,,0.0,0.0,0.0
60,Mixed,False,"{'memory': None, 'steps': [('Imputer', SimpleImputer()), ('Scaler', MinMaxScaler()), ('PCA', PCA(n_components=30, random_state=42)), ('Selector', SelectFromModel(estimator=LinearSVC(), max_features=20)), ('Classifier', Pipeline(steps=[('SVC',
                 SVC(C=1000, cache_size=500, class_weight='balanced', coef0=6,
                     degree=5, gamma=0.1, max_iter=1000000, probability=True,
                     random_state=42))]))], 'transform_input': None, 'verbose': False, 'Imputer': SimpleImputer(), 'Scaler': MinMaxScaler(), 'PCA': PCA(n_components=30, random_state=42), 'Selector': SelectFromModel(estimator=LinearSVC(), max_features=20), 'Classifier': Pipeline(steps=[('SVC',
                 SVC(C=1000, cache_size=500, class_weight='balanced', coef0=6,
                     degree=5, gamma=0.1, max_iter=1000000, probability=True,
                     random_state=42))]), 'Imputer__add_indicator': False, 'Imputer__copy': True, 'Imputer__fill_value': None, 'Imputer__keep_empty_features': False, 'Imputer__missing_values': nan, 'Imputer__strategy': 'mean', 'Scaler__clip': False, 'Scaler__copy': True, 'Scaler__feature_range': (0, 1), 'PCA__copy': True, 'PCA__iterated_power': 'auto', 'PCA__n_components': 30, 'PCA__n_oversamples': 10, 'PCA__power_iteration_normalizer': 'auto', 'PCA__random_state': 42, 'PCA__svd_solver': 'auto', 'PCA__tol': 0.0, 'PCA__whiten': False, 'Selector__estimator__C': 1.0, 'Selector__estimator__class_weight': None, 'Selector__estimator__dual': 'auto', 'Selector__estimator__fit_intercept': True, 'Selector__estimator__intercept_scaling': 1, 'Selector__estimator__loss': 'squared_hinge', 'Selector__estimator__max_iter': 1000, 'Selector__estimator__multi_class': 'ovr', 'Selector__estimator__penalty': 'l2', 'Selector__estimator__random_state': None, 'Selector__estimator__tol': 0.0001, 'Selector__estimator__verbose': 0, 'Selector__estimator': LinearSVC(), 'Selector__importance_getter': 'auto', 'Selector__max_features': 20, 'Selector__norm_order': 1, 'Selector__prefit': False, 'Selector__threshold': None, 'Classifier__memory': None, 'Classifier__steps': [('SVC', SVC(C=1000, cache_size=500, class_weight='balanced', coef0=6, degree=5,
    gamma=0.1, max_iter=1000000, probability=True, random_state=42))], 'Classifier__transform_input': None, 'Classifier__verbose': False, 'Classifier__SVC': SVC(C=1000, cache_size=500, class_weight='balanced', coef0=6, degree=5,
    gamma=0.1, max_iter=1000000, probability=True, random_state=42), 'Classifier__SVC__C': 1000, 'Classifier__SVC__break_ties': False, 'Classifier__SVC__cache_size': 500, 'Classifier__SVC__class_weight': 'balanced', 'Classifier__SVC__coef0': 6, 'Classifier__SVC__decision_function_shape': 'ovr', 'Classifier__SVC__degree': 5, 'Classifier__SVC__gamma': 0.1, 'Classifier__SVC__kernel': 'rbf', 'Classifier__SVC__max_iter': 1000000, 'Classifier__SVC__probability': True, 'Classifier__SVC__random_state': 42, 'Classifier__SVC__shrinking': True, 'Classifier__SVC__tol': 0.001, 'Classifier__SVC__verbose': False}","['x8' 'x10' 'x11' 'x14' 'x15' 'x16' 'x17' 'x18' 'x20' 'x23' 'x26' 'x27'
 'x29']",,,0.0,0.0,0.0
61,Mixed,False,"{'memory': None, 'steps': [('Imputer', SimpleImputer()), ('Scaler', MinMaxScaler()), ('PCA', PCA(n_components=30, random_state=42)), ('Selector', SelectFromModel(estimator=LinearSVC(), max_features=16)), ('Classifier', Pipeline(steps=[('SVC',
                 SVC(C=1000, cache_size=500, class_weight='balanced', coef0=6,
                     degree=5, gamma=0.1, max_iter=1000000, probability=True,
                     random_state=42))]))], 'transform_input': None, 'verbose': False, 'Imputer': SimpleImputer(), 'Scaler': MinMaxScaler(), 'PCA': PCA(n_components=30, random_state=42), 'Selector': SelectFromModel(estimator=LinearSVC(), max_features=16), 'Classifier': Pipeline(steps=[('SVC',
                 SVC(C=1000, cache_size=500, class_weight='balanced', coef0=6,
                     degree=5, gamma=0.1, max_iter=1000000, probability=True,
                     random_state=42))]), 'Imputer__add_indicator': False, 'Imputer__copy': True, 'Imputer__fill_value': None, 'Imputer__keep_empty_features': False, 'Imputer__missing_values': nan, 'Imputer__strategy': 'mean', 'Scaler__clip': False, 'Scaler__copy': True, 'Scaler__feature_range': (0, 1), 'PCA__copy': True, 'PCA__iterated_power': 'auto', 'PCA__n_components': 30, 'PCA__n_oversamples': 10, 'PCA__power_iteration_normalizer': 'auto', 'PCA__random_state': 42, 'PCA__svd_solver': 'auto', 'PCA__tol': 0.0, 'PCA__whiten': False, 'Selector__estimator__C': 1.0, 'Selector__estimator__class_weight': None, 'Selector__estimator__dual': 'auto', 'Selector__estimator__fit_intercept': True, 'Selector__estimator__intercept_scaling': 1, 'Selector__estimator__loss': 'squared_hinge', 'Selector__estimator__max_iter': 1000, 'Selector__estimator__multi_class': 'ovr', 'Selector__estimator__penalty': 'l2', 'Selector__estimator__random_state': None, 'Selector__estimator__tol': 0.0001, 'Selector__estimator__verbose': 0, 'Selector__estimator': LinearSVC(), 'Selector__importance_getter': 'auto', 'Selector__max_features': 16, 'Selector__norm_order': 1, 'Selector__prefit': False, 'Selector__threshold': None, 'Classifier__memory': None, 'Classifier__steps': [('SVC', SVC(C=1000, cache_size=500, class_weight='balanced', coef0=6, degree=5,
    gamma=0.1, max_iter=1000000, probability=True, random_state=42))], 'Classifier__transform_input': None, 'Classifier__verbose': False, 'Classifier__SVC': SVC(C=1000, cache_size=500, class_weight='balanced', coef0=6, degree=5,
    gamma=0.1, max_iter=1000000, probability=True, random_state=42), 'Classifier__SVC__C': 1000, 'Classifier__SVC__break_ties': False, 'Classifier__SVC__cache_size': 500, 'Classifier__SVC__class_weight': 'balanced', 'Classifier__SVC__coef0': 6, 'Classifier__SVC__decision_function_shape': 'ovr', 'Classifier__SVC__degree': 5, 'Classifier__SVC__gamma': 0.1, 'Classifier__SVC__kernel': 'rbf', 'Classifier__SVC__max_iter': 1000000, 'Classifier__SVC__probability': True, 'Classifier__SVC__random_state': 42, 'Classifier__SVC__shrinking': True, 'Classifier__SVC__tol': 0.001, 'Classifier__SVC__verbose': False}","['x8' 'x10' 'x11' 'x14' 'x15' 'x16' 'x17' 'x18' 'x20' 'x23' 'x26' 'x27'
 'x29']",,,0.0,0.0,0.0
62,Mixed,False,"{'memory': None, 'steps': [('Imputer', SimpleImputer()), ('Scaler', MinMaxScaler()), ('PCA', PCA(n_components=40, random_state=42)), ('Selector', SelectFromModel(estimator=LinearSVC(), max_features=16)), ('Classifier', Pipeline(steps=[('SVC',
                 SVC(C=100, cache_size=500, class_weight='balanced', coef0=6,
                     degree=5, gamma=0.1, kernel='linear', max_iter=1000000,
                     probability=True, random_state=42))]))], 'transform_input': None, 'verbose': False, 'Imputer': SimpleImputer(), 'Scaler': MinMaxScaler(), 'PCA': PCA(n_components=40, random_state=42), 'Selector': SelectFromModel(estimator=LinearSVC(), max_features=16), 'Classifier': Pipeline(steps=[('SVC',
                 SVC(C=100, cache_size=500, class_weight='balanced', coef0=6,
                     degree=5, gamma=0.1, kernel='linear', max_iter=1000000,
                     probability=True, random_state=42))]), 'Imputer__add_indicator': False, 'Imputer__copy': True, 'Imputer__fill_value': None, 'Imputer__keep_empty_features': False, 'Imputer__missing_values': nan, 'Imputer__strategy': 'mean', 'Scaler__clip': False, 'Scaler__copy': True, 'Scaler__feature_range': (0, 1), 'PCA__copy': True, 'PCA__iterated_power': 'auto', 'PCA__n_components': 40, 'PCA__n_oversamples': 10, 'PCA__power_iteration_normalizer': 'auto', 'PCA__random_state': 42, 'PCA__svd_solver': 'auto', 'PCA__tol': 0.0, 'PCA__whiten': False, 'Selector__estimator__C': 1.0, 'Selector__estimator__class_weight': None, 'Selector__estimator__dual': 'auto', 'Selector__estimator__fit_intercept': True, 'Selector__estimator__intercept_scaling': 1, 'Selector__estimator__loss': 'squared_hinge', 'Selector__estimator__max_iter': 1000, 'Selector__estimator__multi_class': 'ovr', 'Selector__estimator__penalty': 'l2', 'Selector__estimator__random_state': None, 'Selector__estimator__tol': 0.0001, 'Selector__estimator__verbose': 0, 'Selector__estimator': LinearSVC(), 'Selector__importance_getter': 'auto', 'Selector__max_features': 16, 'Selector__norm_order': 1, 'Selector__prefit': False, 'Selector__threshold': None, 'Classifier__memory': None, 'Classifier__steps': [('SVC', SVC(C=100, cache_size=500, class_weight='balanced', coef0=6, degree=5,
    gamma=0.1, kernel='linear', max_iter=1000000, probability=True,
    random_state=42))], 'Classifier__transform_input': None, 'Classifier__verbose': False, 'Classifier__SVC': SVC(C=100, cache_size=500, class_weight='balanced', coef0=6, degree=5,
    gamma=0.1, kernel='linear', max_iter=1000000, probability=True,
    random_state=42), 'Classifier__SVC__C': 100, 'Classifier__SVC__break_ties': False, 'Classifier__SVC__cache_size': 500, 'Classifier__SVC__class_weight': 'balanced', 'Classifier__SVC__coef0': 6, 'Classifier__SVC__decision_function_shape': 'ovr', 'Classifier__SVC__degree': 5, 'Classifier__SVC__gamma': 0.1, 'Classifier__SVC__kernel': 'linear', 'Classifier__SVC__max_iter': 1000000, 'Classifier__SVC__probability': True, 'Classifier__SVC__random_state': 42, 'Classifier__SVC__shrinking': True, 'Classifier__SVC__tol': 0.001, 'Classifier__SVC__verbose': False}","['x8' 'x10' 'x11' 'x14' 'x15' 'x16' 'x17' 'x20' 'x23' 'x25' 'x26' 'x27'
 'x29' 'x32' 'x34' 'x37']",,,0.0,0.0,0.0
63,Mixed,False,"{'memory': None, 'steps': [('Imputer', SimpleImputer()), ('Scaler', MinMaxScaler()), ('PCA', PCA(n_components=30, random_state=42)), ('Selector', SelectFromModel(estimator=LinearSVC(), max_features=20)), ('Classifier', Pipeline(steps=[('SVC',
                 SVC(C=100, cache_size=500, class_weight='balanced', coef0=6,
                     degree=5, gamma=0.1, max_iter=1000000, probability=True,
                     random_state=42))]))], 'transform_input': None, 'verbose': False, 'Imputer': SimpleImputer(), 'Scaler': MinMaxScaler(), 'PCA': PCA(n_components=30, random_state=42), 'Selector': SelectFromModel(estimator=LinearSVC(), max_features=20), 'Classifier': Pipeline(steps=[('SVC',
                 SVC(C=100, cache_size=500, class_weight='balanced', coef0=6,
                     degree=5, gamma=0.1, max_iter=1000000, probability=True,
                     random_state=42))]), 'Imputer__add_indicator': False, 'Imputer__copy': True, 'Imputer__fill_value': None, 'Imputer__keep_empty_features': False, 'Imputer__missing_values': nan, 'Imputer__strategy': 'mean', 'Scaler__clip': False, 'Scaler__copy': True, 'Scaler__feature_range': (0, 1), 'PCA__copy': True, 'PCA__iterated_power': 'auto', 'PCA__n_components': 30, 'PCA__n_oversamples': 10, 'PCA__power_iteration_normalizer': 'auto', 'PCA__random_state': 42, 'PCA__svd_solver': 'auto', 'PCA__tol': 0.0, 'PCA__whiten': False, 'Selector__estimator__C': 1.0, 'Selector__estimator__class_weight': None, 'Selector__estimator__dual': 'auto', 'Selector__estimator__fit_intercept': True, 'Selector__estimator__intercept_scaling': 1, 'Selector__estimator__loss': 'squared_hinge', 'Selector__estimator__max_iter': 1000, 'Selector__estimator__multi_class': 'ovr', 'Selector__estimator__penalty': 'l2', 'Selector__estimator__random_state': None, 'Selector__estimator__tol': 0.0001, 'Selector__estimator__verbose': 0, 'Selector__estimator': LinearSVC(), 'Selector__importance_getter': 'auto', 'Selector__max_features': 20, 'Selector__norm_order': 1, 'Selector__prefit': False, 'Selector__threshold': None, 'Classifier__memory': None, 'Classifier__steps': [('SVC', SVC(C=100, cache_size=500, class_weight='balanced', coef0=6, degree=5,
    gamma=0.1, max_iter=1000000, probability=True, random_state=42))], 'Classifier__transform_input': None, 'Classifier__verbose': False, 'Classifier__SVC': SVC(C=100, cache_size=500, class_weight='balanced', coef0=6, degree=5,
    gamma=0.1, max_iter=1000000, probability=True, random_state=42), 'Classifier__SVC__C': 100, 'Classifier__SVC__break_ties': False, 'Classifier__SVC__cache_size': 500, 'Classifier__SVC__class_weight': 'balanced', 'Classifier__SVC__coef0': 6, 'Classifier__SVC__decision_function_shape': 'ovr', 'Classifier__SVC__degree': 5, 'Classifier__SVC__gamma': 0.1, 'Classifier__SVC__kernel': 'rbf', 'Classifier__SVC__max_iter': 1000000, 'Classifier__SVC__probability': True, 'Classifier__SVC__random_state': 42, 'Classifier__SVC__shrinking': True, 'Classifier__SVC__tol': 0.001, 'Classifier__SVC__verbose': False}","['x8' 'x10' 'x11' 'x14' 'x15' 'x16' 'x17' 'x18' 'x20' 'x23' 'x26' 'x27'
 'x29']",,,0.0,0.0,0.0
64,Mixed,False,"{'memory': None, 'steps': [('Imputer', SimpleImputer()), ('Scaler', MinMaxScaler()), ('PCA', PCA(n_components=30, random_state=42)), ('Selector', SelectFromModel(estimator=LinearSVC(), max_features=16)), ('Classifier', Pipeline(steps=[('SVC',
                 SVC(C=100, cache_size=500, class_weight='balanced', coef0=6,
                     degree=5, gamma=0.1, max_iter=1000000, probability=True,
                     random_state=42))]))], 'transform_input': None, 'verbose': False, 'Imputer': SimpleImputer(), 'Scaler': MinMaxScaler(), 'PCA': PCA(n_components=30, random_state=42), 'Selector': SelectFromModel(estimator=LinearSVC(), max_features=16), 'Classifier': Pipeline(steps=[('SVC',
                 SVC(C=100, cache_size=500, class_weight='balanced', coef0=6,
                     degree=5, gamma=0.1, max_iter=1000000, probability=True,
                     random_state=42))]), 'Imputer__add_indicator': False, 'Imputer__copy': True, 'Imputer__fill_value': None, 'Imputer__keep_empty_features': False, 'Imputer__missing_values': nan, 'Imputer__strategy': 'mean', 'Scaler__clip': False, 'Scaler__copy': True, 'Scaler__feature_range': (0, 1), 'PCA__copy': True, 'PCA__iterated_power': 'auto', 'PCA__n_components': 30, 'PCA__n_oversamples': 10, 'PCA__power_iteration_normalizer': 'auto', 'PCA__random_state': 42, 'PCA__svd_solver': 'auto', 'PCA__tol': 0.0, 'PCA__whiten': False, 'Selector__estimator__C': 1.0, 'Selector__estimator__class_weight': None, 'Selector__estimator__dual': 'auto', 'Selector__estimator__fit_intercept': True, 'Selector__estimator__intercept_scaling': 1, 'Selector__estimator__loss': 'squared_hinge', 'Selector__estimator__max_iter': 1000, 'Selector__estimator__multi_class': 'ovr', 'Selector__estimator__penalty': 'l2', 'Selector__estimator__random_state': None, 'Selector__estimator__tol': 0.0001, 'Selector__estimator__verbose': 0, 'Selector__estimator': LinearSVC(), 'Selector__importance_getter': 'auto', 'Selector__max_features': 16, 'Selector__norm_order': 1, 'Selector__prefit': False, 'Selector__threshold': None, 'Classifier__memory': None, 'Classifier__steps': [('SVC', SVC(C=100, cache_size=500, class_weight='balanced', coef0=6, degree=5,
    gamma=0.1, max_iter=1000000, probability=True, random_state=42))], 'Classifier__transform_input': None, 'Classifier__verbose': False, 'Classifier__SVC': SVC(C=100, cache_size=500, class_weight='balanced', coef0=6, degree=5,
    gamma=0.1, max_iter=1000000, probability=True, random_state=42), 'Classifier__SVC__C': 100, 'Classifier__SVC__break_ties': False, 'Classifier__SVC__cache_size': 500, 'Classifier__SVC__class_weight': 'balanced', 'Classifier__SVC__coef0': 6, 'Classifier__SVC__decision_function_shape': 'ovr', 'Classifier__SVC__degree': 5, 'Classifier__SVC__gamma': 0.1, 'Classifier__SVC__kernel': 'rbf', 'Classifier__SVC__max_iter': 1000000, 'Classifier__SVC__probability': True, 'Classifier__SVC__random_state': 42, 'Classifier__SVC__shrinking': True, 'Classifier__SVC__tol': 0.001, 'Classifier__SVC__verbose': False}","['x8' 'x10' 'x11' 'x14' 'x15' 'x16' 'x17' 'x18' 'x20' 'x23' 'x26' 'x27'
 'x29']",,,0.0,0.0,0.0
65,Mixed,False,"{'memory': None, 'steps': [('Imputer', SimpleImputer()), ('Scaler', MinMaxScaler()), ('PCA', PCA(n_components=40, random_state=42)), ('Selector', SelectFromModel(estimator=LinearSVC(), max_features=20)), ('Classifier', Pipeline(steps=[('SVC',
                 SVC(C=1000, cache_size=500, class_weight='balanced', coef0=6,
                     degree=5, gamma=0.1, max_iter=1000000, probability=True,
                     random_state=42))]))], 'transform_input': None, 'verbose': False, 'Imputer': SimpleImputer(), 'Scaler': MinMaxScaler(), 'PCA': PCA(n_components=40, random_state=42), 'Selector': SelectFromModel(estimator=LinearSVC(), max_features=20), 'Classifier': Pipeline(steps=[('SVC',
                 SVC(C=1000, cache_size=500, class_weight='balanced', coef0=6,
                     degree=5, gamma=0.1, max_iter=1000000, probability=True,
                     random_state=42))]), 'Imputer__add_indicator': False, 'Imputer__copy': True, 'Imputer__fill_value': None, 'Imputer__keep_empty_features': False, 'Imputer__missing_values': nan, 'Imputer__strategy': 'mean', 'Scaler__clip': False, 'Scaler__copy': True, 'Scaler__feature_range': (0, 1), 'PCA__copy': True, 'PCA__iterated_power': 'auto', 'PCA__n_components': 40, 'PCA__n_oversamples': 10, 'PCA__power_iteration_normalizer': 'auto', 'PCA__random_state': 42, 'PCA__svd_solver': 'auto', 'PCA__tol': 0.0, 'PCA__whiten': False, 'Selector__estimator__C': 1.0, 'Selector__estimator__class_weight': None, 'Selector__estimator__dual': 'auto', 'Selector__estimator__fit_intercept': True, 'Selector__estimator__intercept_scaling': 1, 'Selector__estimator__loss': 'squared_hinge', 'Selector__estimator__max_iter': 1000, 'Selector__estimator__multi_class': 'ovr', 'Selector__estimator__penalty': 'l2', 'Selector__estimator__random_state': None, 'Selector__estimator__tol': 0.0001, 'Selector__estimator__verbose': 0, 'Selector__estimator': LinearSVC(), 'Selector__importance_getter': 'auto', 'Selector__max_features': 20, 'Selector__norm_order': 1, 'Selector__prefit': False, 'Selector__threshold': None, 'Classifier__memory': None, 'Classifier__steps': [('SVC', SVC(C=1000, cache_size=500, class_weight='balanced', coef0=6, degree=5,
    gamma=0.1, max_iter=1000000, probability=True, random_state=42))], 'Classifier__transform_input': None, 'Classifier__verbose': False, 'Classifier__SVC': SVC(C=1000, cache_size=500, class_weight='balanced', coef0=6, degree=5,
    gamma=0.1, max_iter=1000000, probability=True, random_state=42), 'Classifier__SVC__C': 1000, 'Classifier__SVC__break_ties': False, 'Classifier__SVC__cache_size': 500, 'Classifier__SVC__class_weight': 'balanced', 'Classifier__SVC__coef0': 6, 'Classifier__SVC__decision_function_shape': 'ovr', 'Classifier__SVC__degree': 5, 'Classifier__SVC__gamma': 0.1, 'Classifier__SVC__kernel': 'rbf', 'Classifier__SVC__max_iter': 1000000, 'Classifier__SVC__probability': True, 'Classifier__SVC__random_state': 42, 'Classifier__SVC__shrinking': True, 'Classifier__SVC__tol': 0.001, 'Classifier__SVC__verbose': False}","['x6' 'x8' 'x10' 'x11' 'x14' 'x15' 'x16' 'x17' 'x18' 'x20' 'x23' 'x25'
 'x26' 'x27' 'x29' 'x31' 'x32' 'x34' 'x37' 'x38']",,,0.0,0.0,0.0
66,Mixed,False,"{'memory': None, 'steps': [('Imputer', SimpleImputer()), ('Scaler', MinMaxScaler()), ('PCA', PCA(n_components=40, random_state=42)), ('Selector', SelectFromModel(estimator=LinearSVC(), max_features=16)), ('Classifier', Pipeline(steps=[('SVC',
                 SVC(C=1000, cache_size=500, class_weight='balanced', coef0=6,
                     degree=5, gamma=0.1, max_iter=1000000, probability=True,
                     random_state=42))]))], 'transform_input': None, 'verbose': False, 'Imputer': SimpleImputer(), 'Scaler': MinMaxScaler(), 'PCA': PCA(n_components=40, random_state=42), 'Selector': SelectFromModel(estimator=LinearSVC(), max_features=16), 'Classifier': Pipeline(steps=[('SVC',
                 SVC(C=1000, cache_size=500, class_weight='balanced', coef0=6,
                     degree=5, gamma=0.1, max_iter=1000000, probability=True,
                     random_state=42))]), 'Imputer__add_indicator': False, 'Imputer__copy': True, 'Imputer__fill_value': None, 'Imputer__keep_empty_features': False, 'Imputer__missing_values': nan, 'Imputer__strategy': 'mean', 'Scaler__clip': False, 'Scaler__copy': True, 'Scaler__feature_range': (0, 1), 'PCA__copy': True, 'PCA__iterated_power': 'auto', 'PCA__n_components': 40, 'PCA__n_oversamples': 10, 'PCA__power_iteration_normalizer': 'auto', 'PCA__random_state': 42, 'PCA__svd_solver': 'auto', 'PCA__tol': 0.0, 'PCA__whiten': False, 'Selector__estimator__C': 1.0, 'Selector__estimator__class_weight': None, 'Selector__estimator__dual': 'auto', 'Selector__estimator__fit_intercept': True, 'Selector__estimator__intercept_scaling': 1, 'Selector__estimator__loss': 'squared_hinge', 'Selector__estimator__max_iter': 1000, 'Selector__estimator__multi_class': 'ovr', 'Selector__estimator__penalty': 'l2', 'Selector__estimator__random_state': None, 'Selector__estimator__tol': 0.0001, 'Selector__estimator__verbose': 0, 'Selector__estimator': LinearSVC(), 'Selector__importance_getter': 'auto', 'Selector__max_features': 16, 'Selector__norm_order': 1, 'Selector__prefit': False, 'Selector__threshold': None, 'Classifier__memory': None, 'Classifier__steps': [('SVC', SVC(C=1000, cache_size=500, class_weight='balanced', coef0=6, degree=5,
    gamma=0.1, max_iter=1000000, probability=True, random_state=42))], 'Classifier__transform_input': None, 'Classifier__verbose': False, 'Classifier__SVC': SVC(C=1000, cache_size=500, class_weight='balanced', coef0=6, degree=5,
    gamma=0.1, max_iter=1000000, probability=True, random_state=42), 'Classifier__SVC__C': 1000, 'Classifier__SVC__break_ties': False, 'Classifier__SVC__cache_size': 500, 'Classifier__SVC__class_weight': 'balanced', 'Classifier__SVC__coef0': 6, 'Classifier__SVC__decision_function_shape': 'ovr', 'Classifier__SVC__degree': 5, 'Classifier__SVC__gamma': 0.1, 'Classifier__SVC__kernel': 'rbf', 'Classifier__SVC__max_iter': 1000000, 'Classifier__SVC__probability': True, 'Classifier__SVC__random_state': 42, 'Classifier__SVC__shrinking': True, 'Classifier__SVC__tol': 0.001, 'Classifier__SVC__verbose': False}","['x8' 'x10' 'x11' 'x14' 'x15' 'x16' 'x17' 'x20' 'x23' 'x25' 'x26' 'x27'
 'x29' 'x32' 'x34' 'x37']",,,0.0,0.0,0.0
67,Mixed,False,"{'memory': None, 'steps': [('Imputer', SimpleImputer()), ('Scaler', MinMaxScaler()), ('PCA', PCA(n_components=40, random_state=42)), ('Selector', SelectFromModel(estimator=LinearSVC(), max_features=16)), ('Classifier', Pipeline(steps=[('SVC',
                 SVC(C=100, cache_size=500, class_weight='balanced', coef0=6,
                     degree=5, gamma=0.1, max_iter=1000000, probability=True,
                     random_state=42))]))], 'transform_input': None, 'verbose': False, 'Imputer': SimpleImputer(), 'Scaler': MinMaxScaler(), 'PCA': PCA(n_components=40, random_state=42), 'Selector': SelectFromModel(estimator=LinearSVC(), max_features=16), 'Classifier': Pipeline(steps=[('SVC',
                 SVC(C=100, cache_size=500, class_weight='balanced', coef0=6,
                     degree=5, gamma=0.1, max_iter=1000000, probability=True,
                     random_state=42))]), 'Imputer__add_indicator': False, 'Imputer__copy': True, 'Imputer__fill_value': None, 'Imputer__keep_empty_features': False, 'Imputer__missing_values': nan, 'Imputer__strategy': 'mean', 'Scaler__clip': False, 'Scaler__copy': True, 'Scaler__feature_range': (0, 1), 'PCA__copy': True, 'PCA__iterated_power': 'auto', 'PCA__n_components': 40, 'PCA__n_oversamples': 10, 'PCA__power_iteration_normalizer': 'auto', 'PCA__random_state': 42, 'PCA__svd_solver': 'auto', 'PCA__tol': 0.0, 'PCA__whiten': False, 'Selector__estimator__C': 1.0, 'Selector__estimator__class_weight': None, 'Selector__estimator__dual': 'auto', 'Selector__estimator__fit_intercept': True, 'Selector__estimator__intercept_scaling': 1, 'Selector__estimator__loss': 'squared_hinge', 'Selector__estimator__max_iter': 1000, 'Selector__estimator__multi_class': 'ovr', 'Selector__estimator__penalty': 'l2', 'Selector__estimator__random_state': None, 'Selector__estimator__tol': 0.0001, 'Selector__estimator__verbose': 0, 'Selector__estimator': LinearSVC(), 'Selector__importance_getter': 'auto', 'Selector__max_features': 16, 'Selector__norm_order': 1, 'Selector__prefit': False, 'Selector__threshold': None, 'Classifier__memory': None, 'Classifier__steps': [('SVC', SVC(C=100, cache_size=500, class_weight='balanced', coef0=6, degree=5,
    gamma=0.1, max_iter=1000000, probability=True, random_state=42))], 'Classifier__transform_input': None, 'Classifier__verbose': False, 'Classifier__SVC': SVC(C=100, cache_size=500, class_weight='balanced', coef0=6, degree=5,
    gamma=0.1, max_iter=1000000, probability=True, random_state=42), 'Classifier__SVC__C': 100, 'Classifier__SVC__break_ties': False, 'Classifier__SVC__cache_size': 500, 'Classifier__SVC__class_weight': 'balanced', 'Classifier__SVC__coef0': 6, 'Classifier__SVC__decision_function_shape': 'ovr', 'Classifier__SVC__degree': 5, 'Classifier__SVC__gamma': 0.1, 'Classifier__SVC__kernel': 'rbf', 'Classifier__SVC__max_iter': 1000000, 'Classifier__SVC__probability': True, 'Classifier__SVC__random_state': 42, 'Classifier__SVC__shrinking': True, 'Classifier__SVC__tol': 0.001, 'Classifier__SVC__verbose': False}","['x8' 'x10' 'x11' 'x14' 'x15' 'x16' 'x17' 'x20' 'x23' 'x25' 'x26' 'x27'
 'x29' 'x32' 'x34' 'x37']",,,0.0,0.0,0.0
68,Mixed,False,"{'memory': None, 'steps': [('Imputer', SimpleImputer()), ('Scaler', MinMaxScaler()), ('PCA', PCA(n_components=40, random_state=42)), ('Selector', SelectFromModel(estimator=LinearSVC(), max_features=20)), ('Classifier', Pipeline(steps=[('SVC',
                 SVC(C=100, cache_size=500, class_weight='balanced', coef0=6,
                     degree=5, gamma=0.1, max_iter=1000000, probability=True,
                     random_state=42))]))], 'transform_input': None, 'verbose': False, 'Imputer': SimpleImputer(), 'Scaler': MinMaxScaler(), 'PCA': PCA(n_components=40, random_state=42), 'Selector': SelectFromModel(estimator=LinearSVC(), max_features=20), 'Classifier': Pipeline(steps=[('SVC',
                 SVC(C=100, cache_size=500, class_weight='balanced', coef0=6,
                     degree=5, gamma=0.1, max_iter=1000000, probability=True,
                     random_state=42))]), 'Imputer__add_indicator': False, 'Imputer__copy': True, 'Imputer__fill_value': None, 'Imputer__keep_empty_features': False, 'Imputer__missing_values': nan, 'Imputer__strategy': 'mean', 'Scaler__clip': False, 'Scaler__copy': True, 'Scaler__feature_range': (0, 1), 'PCA__copy': True, 'PCA__iterated_power': 'auto', 'PCA__n_components': 40, 'PCA__n_oversamples': 10, 'PCA__power_iteration_normalizer': 'auto', 'PCA__random_state': 42, 'PCA__svd_solver': 'auto', 'PCA__tol': 0.0, 'PCA__whiten': False, 'Selector__estimator__C': 1.0, 'Selector__estimator__class_weight': None, 'Selector__estimator__dual': 'auto', 'Selector__estimator__fit_intercept': True, 'Selector__estimator__intercept_scaling': 1, 'Selector__estimator__loss': 'squared_hinge', 'Selector__estimator__max_iter': 1000, 'Selector__estimator__multi_class': 'ovr', 'Selector__estimator__penalty': 'l2', 'Selector__estimator__random_state': None, 'Selector__estimator__tol': 0.0001, 'Selector__estimator__verbose': 0, 'Selector__estimator': LinearSVC(), 'Selector__importance_getter': 'auto', 'Selector__max_features': 20, 'Selector__norm_order': 1, 'Selector__prefit': False, 'Selector__threshold': None, 'Classifier__memory': None, 'Classifier__steps': [('SVC', SVC(C=100, cache_size=500, class_weight='balanced', coef0=6, degree=5,
    gamma=0.1, max_iter=1000000, probability=True, random_state=42))], 'Classifier__transform_input': None, 'Classifier__verbose': False, 'Classifier__SVC': SVC(C=100, cache_size=500, class_weight='balanced', coef0=6, degree=5,
    gamma=0.1, max_iter=1000000, probability=True, random_state=42), 'Classifier__SVC__C': 100, 'Classifier__SVC__break_ties': False, 'Classifier__SVC__cache_size': 500, 'Classifier__SVC__class_weight': 'balanced', 'Classifier__SVC__coef0': 6, 'Classifier__SVC__decision_function_shape': 'ovr', 'Classifier__SVC__degree': 5, 'Classifier__SVC__gamma': 0.1, 'Classifier__SVC__kernel': 'rbf', 'Classifier__SVC__max_iter': 1000000, 'Classifier__SVC__probability': True, 'Classifier__SVC__random_state': 42, 'Classifier__SVC__shrinking': True, 'Classifier__SVC__tol': 0.001, 'Classifier__SVC__verbose': False}","['x6' 'x8' 'x10' 'x11' 'x14' 'x15' 'x16' 'x17' 'x18' 'x20' 'x23' 'x25'
 'x26' 'x27' 'x29' 'x31' 'x32' 'x34' 'x37' 'x38']",,,0.0,0.0,0.0
69,Mixed,False,"{'memory': None, 'steps': [('Imputer', SimpleImputer()), ('Scaler', MinMaxScaler()), ('PCA', PCA(n_components=30, random_state=42)), ('Selector', SelectFromModel(estimator=LinearSVC(), max_features=12)), ('Classifier', Pipeline(steps=[('SVC',
                 SVC(C=1000, cache_size=500, class_weight='balanced', coef0=6,
                     degree=5, gamma=0.1, max_iter=1000000, probability=True,
                     random_state=42))]))], 'transform_input': None, 'verbose': False, 'Imputer': SimpleImputer(), 'Scaler': MinMaxScaler(), 'PCA': PCA(n_components=30, random_state=42), 'Selector': SelectFromModel(estimator=LinearSVC(), max_features=12), 'Classifier': Pipeline(steps=[('SVC',
                 SVC(C=1000, cache_size=500, class_weight='balanced', coef0=6,
                     degree=5, gamma=0.1, max_iter=1000000, probability=True,
                     random_state=42))]), 'Imputer__add_indicator': False, 'Imputer__copy': True, 'Imputer__fill_value': None, 'Imputer__keep_empty_features': False, 'Imputer__missing_values': nan, 'Imputer__strategy': 'mean', 'Scaler__clip': False, 'Scaler__copy': True, 'Scaler__feature_range': (0, 1), 'PCA__copy': True, 'PCA__iterated_power': 'auto', 'PCA__n_components': 30, 'PCA__n_oversamples': 10, 'PCA__power_iteration_normalizer': 'auto', 'PCA__random_state': 42, 'PCA__svd_solver': 'auto', 'PCA__tol': 0.0, 'PCA__whiten': False, 'Selector__estimator__C': 1.0, 'Selector__estimator__class_weight': None, 'Selector__estimator__dual': 'auto', 'Selector__estimator__fit_intercept': True, 'Selector__estimator__intercept_scaling': 1, 'Selector__estimator__loss': 'squared_hinge', 'Selector__estimator__max_iter': 1000, 'Selector__estimator__multi_class': 'ovr', 'Selector__estimator__penalty': 'l2', 'Selector__estimator__random_state': None, 'Selector__estimator__tol': 0.0001, 'Selector__estimator__verbose': 0, 'Selector__estimator': LinearSVC(), 'Selector__importance_getter': 'auto', 'Selector__max_features': 12, 'Selector__norm_order': 1, 'Selector__prefit': False, 'Selector__threshold': None, 'Classifier__memory': None, 'Classifier__steps': [('SVC', SVC(C=1000, cache_size=500, class_weight='balanced', coef0=6, degree=5,
    gamma=0.1, max_iter=1000000, probability=True, random_state=42))], 'Classifier__transform_input': None, 'Classifier__verbose': False, 'Classifier__SVC': SVC(C=1000, cache_size=500, class_weight='balanced', coef0=6, degree=5,
    gamma=0.1, max_iter=1000000, probability=True, random_state=42), 'Classifier__SVC__C': 1000, 'Classifier__SVC__break_ties': False, 'Classifier__SVC__cache_size': 500, 'Classifier__SVC__class_weight': 'balanced', 'Classifier__SVC__coef0': 6, 'Classifier__SVC__decision_function_shape': 'ovr', 'Classifier__SVC__degree': 5, 'Classifier__SVC__gamma': 0.1, 'Classifier__SVC__kernel': 'rbf', 'Classifier__SVC__max_iter': 1000000, 'Classifier__SVC__probability': True, 'Classifier__SVC__random_state': 42, 'Classifier__SVC__shrinking': True, 'Classifier__SVC__tol': 0.001, 'Classifier__SVC__verbose': False}",['x8' 'x10' 'x11' 'x14' 'x15' 'x16' 'x17' 'x20' 'x23' 'x26' 'x27' 'x29'],,,0.0,0.0,0.0
70,Mixed,False,"{'memory': None, 'steps': [('Imputer', SimpleImputer()), ('Scaler', MinMaxScaler()), ('PCA', PCA(n_components=40, random_state=42)), ('Selector', SelectFromModel(estimator=LinearSVC(), max_features=16)), ('Classifier', Pipeline(steps=[('SVC',
                 SVC(C=1000, cache_size=500, class_weight='balanced', coef0=6,
                     degree=5, gamma=0.1, kernel='linear', max_iter=1000000,
                     probability=True, random_state=42))]))], 'transform_input': None, 'verbose': False, 'Imputer': SimpleImputer(), 'Scaler': MinMaxScaler(), 'PCA': PCA(n_components=40, random_state=42), 'Selector': SelectFromModel(estimator=LinearSVC(), max_features=16), 'Classifier': Pipeline(steps=[('SVC',
                 SVC(C=1000, cache_size=500, class_weight='balanced', coef0=6,
                     degree=5, gamma=0.1, kernel='linear', max_iter=1000000,
                     probability=True, random_state=42))]), 'Imputer__add_indicator': False, 'Imputer__copy': True, 'Imputer__fill_value': None, 'Imputer__keep_empty_features': False, 'Imputer__missing_values': nan, 'Imputer__strategy': 'mean', 'Scaler__clip': False, 'Scaler__copy': True, 'Scaler__feature_range': (0, 1), 'PCA__copy': True, 'PCA__iterated_power': 'auto', 'PCA__n_components': 40, 'PCA__n_oversamples': 10, 'PCA__power_iteration_normalizer': 'auto', 'PCA__random_state': 42, 'PCA__svd_solver': 'auto', 'PCA__tol': 0.0, 'PCA__whiten': False, 'Selector__estimator__C': 1.0, 'Selector__estimator__class_weight': None, 'Selector__estimator__dual': 'auto', 'Selector__estimator__fit_intercept': True, 'Selector__estimator__intercept_scaling': 1, 'Selector__estimator__loss': 'squared_hinge', 'Selector__estimator__max_iter': 1000, 'Selector__estimator__multi_class': 'ovr', 'Selector__estimator__penalty': 'l2', 'Selector__estimator__random_state': None, 'Selector__estimator__tol': 0.0001, 'Selector__estimator__verbose': 0, 'Selector__estimator': LinearSVC(), 'Selector__importance_getter': 'auto', 'Selector__max_features': 16, 'Selector__norm_order': 1, 'Selector__prefit': False, 'Selector__threshold': None, 'Classifier__memory': None, 'Classifier__steps': [('SVC', SVC(C=1000, cache_size=500, class_weight='balanced', coef0=6, degree=5,
    gamma=0.1, kernel='linear', max_iter=1000000, probability=True,
    random_state=42))], 'Classifier__transform_input': None, 'Classifier__verbose': False, 'Classifier__SVC': SVC(C=1000, cache_size=500, class_weight='balanced', coef0=6, degree=5,
    gamma=0.1, kernel='linear', max_iter=1000000, probability=True,
    random_state=42), 'Classifier__SVC__C': 1000, 'Classifier__SVC__break_ties': False, 'Classifier__SVC__cache_size': 500, 'Classifier__SVC__class_weight': 'balanced', 'Classifier__SVC__coef0': 6, 'Classifier__SVC__decision_function_shape': 'ovr', 'Classifier__SVC__degree': 5, 'Classifier__SVC__gamma': 0.1, 'Classifier__SVC__kernel': 'linear', 'Classifier__SVC__max_iter': 1000000, 'Classifier__SVC__probability': True, 'Classifier__SVC__random_state': 42, 'Classifier__SVC__shrinking': True, 'Classifier__SVC__tol': 0.001, 'Classifier__SVC__verbose': False}","['x8' 'x10' 'x11' 'x14' 'x15' 'x16' 'x17' 'x20' 'x23' 'x25' 'x26' 'x27'
 'x29' 'x32' 'x34' 'x37']",,,0.0,0.0,0.0
71,Mixed,False,"{'memory': None, 'steps': [('Imputer', SimpleImputer()), ('Scaler', MinMaxScaler()), ('PCA', PCA(n_components=30, random_state=42)), ('Selector', SelectFromModel(estimator=LinearSVC(), max_features=20)), ('Classifier', Pipeline(steps=[('SVC',
                 SVC(C=1000, cache_size=500, class_weight='balanced', coef0=6,
                     degree=5, gamma=0.01, max_iter=1000000, probability=True,
                     random_state=42))]))], 'transform_input': None, 'verbose': False, 'Imputer': SimpleImputer(), 'Scaler': MinMaxScaler(), 'PCA': PCA(n_components=30, random_state=42), 'Selector': SelectFromModel(estimator=LinearSVC(), max_features=20), 'Classifier': Pipeline(steps=[('SVC',
                 SVC(C=1000, cache_size=500, class_weight='balanced', coef0=6,
                     degree=5, gamma=0.01, max_iter=1000000, probability=True,
                     random_state=42))]), 'Imputer__add_indicator': False, 'Imputer__copy': True, 'Imputer__fill_value': None, 'Imputer__keep_empty_features': False, 'Imputer__missing_values': nan, 'Imputer__strategy': 'mean', 'Scaler__clip': False, 'Scaler__copy': True, 'Scaler__feature_range': (0, 1), 'PCA__copy': True, 'PCA__iterated_power': 'auto', 'PCA__n_components': 30, 'PCA__n_oversamples': 10, 'PCA__power_iteration_normalizer': 'auto', 'PCA__random_state': 42, 'PCA__svd_solver': 'auto', 'PCA__tol': 0.0, 'PCA__whiten': False, 'Selector__estimator__C': 1.0, 'Selector__estimator__class_weight': None, 'Selector__estimator__dual': 'auto', 'Selector__estimator__fit_intercept': True, 'Selector__estimator__intercept_scaling': 1, 'Selector__estimator__loss': 'squared_hinge', 'Selector__estimator__max_iter': 1000, 'Selector__estimator__multi_class': 'ovr', 'Selector__estimator__penalty': 'l2', 'Selector__estimator__random_state': None, 'Selector__estimator__tol': 0.0001, 'Selector__estimator__verbose': 0, 'Selector__estimator': LinearSVC(), 'Selector__importance_getter': 'auto', 'Selector__max_features': 20, 'Selector__norm_order': 1, 'Selector__prefit': False, 'Selector__threshold': None, 'Classifier__memory': None, 'Classifier__steps': [('SVC', SVC(C=1000, cache_size=500, class_weight='balanced', coef0=6, degree=5,
    gamma=0.01, max_iter=1000000, probability=True, random_state=42))], 'Classifier__transform_input': None, 'Classifier__verbose': False, 'Classifier__SVC': SVC(C=1000, cache_size=500, class_weight='balanced', coef0=6, degree=5,
    gamma=0.01, max_iter=1000000, probability=True, random_state=42), 'Classifier__SVC__C': 1000, 'Classifier__SVC__break_ties': False, 'Classifier__SVC__cache_size': 500, 'Classifier__SVC__class_weight': 'balanced', 'Classifier__SVC__coef0': 6, 'Classifier__SVC__decision_function_shape': 'ovr', 'Classifier__SVC__degree': 5, 'Classifier__SVC__gamma': 0.01, 'Classifier__SVC__kernel': 'rbf', 'Classifier__SVC__max_iter': 1000000, 'Classifier__SVC__probability': True, 'Classifier__SVC__random_state': 42, 'Classifier__SVC__shrinking': True, 'Classifier__SVC__tol': 0.001, 'Classifier__SVC__verbose': False}","['x8' 'x10' 'x11' 'x14' 'x15' 'x16' 'x17' 'x18' 'x20' 'x23' 'x26' 'x27'
 'x29']",,,0.0,0.0,0.0
72,Mixed,False,"{'memory': None, 'steps': [('Imputer', SimpleImputer()), ('Scaler', MinMaxScaler()), ('PCA', PCA(n_components=30, random_state=42)), ('Selector', SelectFromModel(estimator=LinearSVC(), max_features=16)), ('Classifier', Pipeline(steps=[('SVC',
                 SVC(C=1000, cache_size=500, class_weight='balanced', coef0=6,
                     degree=5, gamma=0.01, max_iter=1000000, probability=True,
                     random_state=42))]))], 'transform_input': None, 'verbose': False, 'Imputer': SimpleImputer(), 'Scaler': MinMaxScaler(), 'PCA': PCA(n_components=30, random_state=42), 'Selector': SelectFromModel(estimator=LinearSVC(), max_features=16), 'Classifier': Pipeline(steps=[('SVC',
                 SVC(C=1000, cache_size=500, class_weight='balanced', coef0=6,
                     degree=5, gamma=0.01, max_iter=1000000, probability=True,
                     random_state=42))]), 'Imputer__add_indicator': False, 'Imputer__copy': True, 'Imputer__fill_value': None, 'Imputer__keep_empty_features': False, 'Imputer__missing_values': nan, 'Imputer__strategy': 'mean', 'Scaler__clip': False, 'Scaler__copy': True, 'Scaler__feature_range': (0, 1), 'PCA__copy': True, 'PCA__iterated_power': 'auto', 'PCA__n_components': 30, 'PCA__n_oversamples': 10, 'PCA__power_iteration_normalizer': 'auto', 'PCA__random_state': 42, 'PCA__svd_solver': 'auto', 'PCA__tol': 0.0, 'PCA__whiten': False, 'Selector__estimator__C': 1.0, 'Selector__estimator__class_weight': None, 'Selector__estimator__dual': 'auto', 'Selector__estimator__fit_intercept': True, 'Selector__estimator__intercept_scaling': 1, 'Selector__estimator__loss': 'squared_hinge', 'Selector__estimator__max_iter': 1000, 'Selector__estimator__multi_class': 'ovr', 'Selector__estimator__penalty': 'l2', 'Selector__estimator__random_state': None, 'Selector__estimator__tol': 0.0001, 'Selector__estimator__verbose': 0, 'Selector__estimator': LinearSVC(), 'Selector__importance_getter': 'auto', 'Selector__max_features': 16, 'Selector__norm_order': 1, 'Selector__prefit': False, 'Selector__threshold': None, 'Classifier__memory': None, 'Classifier__steps': [('SVC', SVC(C=1000, cache_size=500, class_weight='balanced', coef0=6, degree=5,
    gamma=0.01, max_iter=1000000, probability=True, random_state=42))], 'Classifier__transform_input': None, 'Classifier__verbose': False, 'Classifier__SVC': SVC(C=1000, cache_size=500, class_weight='balanced', coef0=6, degree=5,
    gamma=0.01, max_iter=1000000, probability=True, random_state=42), 'Classifier__SVC__C': 1000, 'Classifier__SVC__break_ties': False, 'Classifier__SVC__cache_size': 500, 'Classifier__SVC__class_weight': 'balanced', 'Classifier__SVC__coef0': 6, 'Classifier__SVC__decision_function_shape': 'ovr', 'Classifier__SVC__degree': 5, 'Classifier__SVC__gamma': 0.01, 'Classifier__SVC__kernel': 'rbf', 'Classifier__SVC__max_iter': 1000000, 'Classifier__SVC__probability': True, 'Classifier__SVC__random_state': 42, 'Classifier__SVC__shrinking': True, 'Classifier__SVC__tol': 0.001, 'Classifier__SVC__verbose': False}","['x8' 'x10' 'x11' 'x14' 'x15' 'x16' 'x17' 'x18' 'x20' 'x23' 'x26' 'x27'
 'x29']",,,0.0,0.0,0.0
73,Mixed,False,"{'memory': None, 'steps': [('Imputer', SimpleImputer()), ('Scaler', MinMaxScaler()), ('PCA', PCA(n_components=40, random_state=42)), ('Selector', SelectFromModel(estimator=LinearSVC(), max_features=16)), ('Classifier', Pipeline(steps=[('SVC',
                 SVC(C=10, cache_size=500, class_weight='balanced', coef0=6,
                     degree=5, gamma=0.01, kernel='linear', max_iter=1000000,
                     probability=True, random_state=42))]))], 'transform_input': None, 'verbose': False, 'Imputer': SimpleImputer(), 'Scaler': MinMaxScaler(), 'PCA': PCA(n_components=40, random_state=42), 'Selector': SelectFromModel(estimator=LinearSVC(), max_features=16), 'Classifier': Pipeline(steps=[('SVC',
                 SVC(C=10, cache_size=500, class_weight='balanced', coef0=6,
                     degree=5, gamma=0.01, kernel='linear', max_iter=1000000,
                     probability=True, random_state=42))]), 'Imputer__add_indicator': False, 'Imputer__copy': True, 'Imputer__fill_value': None, 'Imputer__keep_empty_features': False, 'Imputer__missing_values': nan, 'Imputer__strategy': 'mean', 'Scaler__clip': False, 'Scaler__copy': True, 'Scaler__feature_range': (0, 1), 'PCA__copy': True, 'PCA__iterated_power': 'auto', 'PCA__n_components': 40, 'PCA__n_oversamples': 10, 'PCA__power_iteration_normalizer': 'auto', 'PCA__random_state': 42, 'PCA__svd_solver': 'auto', 'PCA__tol': 0.0, 'PCA__whiten': False, 'Selector__estimator__C': 1.0, 'Selector__estimator__class_weight': None, 'Selector__estimator__dual': 'auto', 'Selector__estimator__fit_intercept': True, 'Selector__estimator__intercept_scaling': 1, 'Selector__estimator__loss': 'squared_hinge', 'Selector__estimator__max_iter': 1000, 'Selector__estimator__multi_class': 'ovr', 'Selector__estimator__penalty': 'l2', 'Selector__estimator__random_state': None, 'Selector__estimator__tol': 0.0001, 'Selector__estimator__verbose': 0, 'Selector__estimator': LinearSVC(), 'Selector__importance_getter': 'auto', 'Selector__max_features': 16, 'Selector__norm_order': 1, 'Selector__prefit': False, 'Selector__threshold': None, 'Classifier__memory': None, 'Classifier__steps': [('SVC', SVC(C=10, cache_size=500, class_weight='balanced', coef0=6, degree=5,
    gamma=0.01, kernel='linear', max_iter=1000000, probability=True,
    random_state=42))], 'Classifier__transform_input': None, 'Classifier__verbose': False, 'Classifier__SVC': SVC(C=10, cache_size=500, class_weight='balanced', coef0=6, degree=5,
    gamma=0.01, kernel='linear', max_iter=1000000, probability=True,
    random_state=42), 'Classifier__SVC__C': 10, 'Classifier__SVC__break_ties': False, 'Classifier__SVC__cache_size': 500, 'Classifier__SVC__class_weight': 'balanced', 'Classifier__SVC__coef0': 6, 'Classifier__SVC__decision_function_shape': 'ovr', 'Classifier__SVC__degree': 5, 'Classifier__SVC__gamma': 0.01, 'Classifier__SVC__kernel': 'linear', 'Classifier__SVC__max_iter': 1000000, 'Classifier__SVC__probability': True, 'Classifier__SVC__random_state': 42, 'Classifier__SVC__shrinking': True, 'Classifier__SVC__tol': 0.001, 'Classifier__SVC__verbose': False}","['x8' 'x10' 'x11' 'x14' 'x15' 'x16' 'x17' 'x20' 'x23' 'x25' 'x26' 'x27'
 'x29' 'x32' 'x34' 'x37']",,,0.0,0.0,0.0
74,Mixed,False,"{'memory': None, 'steps': [('Imputer', SimpleImputer()), ('Scaler', MinMaxScaler()), ('PCA', PCA(n_components=30, random_state=42)), ('Selector', SelectFromModel(estimator=LinearSVC(), max_features=12)), ('Classifier', Pipeline(steps=[('SVC',
                 SVC(C=100, cache_size=500, class_weight='balanced', coef0=6,
                     degree=5, gamma=0.01, kernel='linear', max_iter=1000000,
                     probability=True, random_state=42))]))], 'transform_input': None, 'verbose': False, 'Imputer': SimpleImputer(), 'Scaler': MinMaxScaler(), 'PCA': PCA(n_components=30, random_state=42), 'Selector': SelectFromModel(estimator=LinearSVC(), max_features=12), 'Classifier': Pipeline(steps=[('SVC',
                 SVC(C=100, cache_size=500, class_weight='balanced', coef0=6,
                     degree=5, gamma=0.01, kernel='linear', max_iter=1000000,
                     probability=True, random_state=42))]), 'Imputer__add_indicator': False, 'Imputer__copy': True, 'Imputer__fill_value': None, 'Imputer__keep_empty_features': False, 'Imputer__missing_values': nan, 'Imputer__strategy': 'mean', 'Scaler__clip': False, 'Scaler__copy': True, 'Scaler__feature_range': (0, 1), 'PCA__copy': True, 'PCA__iterated_power': 'auto', 'PCA__n_components': 30, 'PCA__n_oversamples': 10, 'PCA__power_iteration_normalizer': 'auto', 'PCA__random_state': 42, 'PCA__svd_solver': 'auto', 'PCA__tol': 0.0, 'PCA__whiten': False, 'Selector__estimator__C': 1.0, 'Selector__estimator__class_weight': None, 'Selector__estimator__dual': 'auto', 'Selector__estimator__fit_intercept': True, 'Selector__estimator__intercept_scaling': 1, 'Selector__estimator__loss': 'squared_hinge', 'Selector__estimator__max_iter': 1000, 'Selector__estimator__multi_class': 'ovr', 'Selector__estimator__penalty': 'l2', 'Selector__estimator__random_state': None, 'Selector__estimator__tol': 0.0001, 'Selector__estimator__verbose': 0, 'Selector__estimator': LinearSVC(), 'Selector__importance_getter': 'auto', 'Selector__max_features': 12, 'Selector__norm_order': 1, 'Selector__prefit': False, 'Selector__threshold': None, 'Classifier__memory': None, 'Classifier__steps': [('SVC', SVC(C=100, cache_size=500, class_weight='balanced', coef0=6, degree=5,
    gamma=0.01, kernel='linear', max_iter=1000000, probability=True,
    random_state=42))], 'Classifier__transform_input': None, 'Classifier__verbose': False, 'Classifier__SVC': SVC(C=100, cache_size=500, class_weight='balanced', coef0=6, degree=5,
    gamma=0.01, kernel='linear', max_iter=1000000, probability=True,
    random_state=42), 'Classifier__SVC__C': 100, 'Classifier__SVC__break_ties': False, 'Classifier__SVC__cache_size': 500, 'Classifier__SVC__class_weight': 'balanced', 'Classifier__SVC__coef0': 6, 'Classifier__SVC__decision_function_shape': 'ovr', 'Classifier__SVC__degree': 5, 'Classifier__SVC__gamma': 0.01, 'Classifier__SVC__kernel': 'linear', 'Classifier__SVC__max_iter': 1000000, 'Classifier__SVC__probability': True, 'Classifier__SVC__random_state': 42, 'Classifier__SVC__shrinking': True, 'Classifier__SVC__tol': 0.001, 'Classifier__SVC__verbose': False}",['x8' 'x10' 'x11' 'x14' 'x15' 'x16' 'x17' 'x20' 'x23' 'x26' 'x27' 'x29'],,,0.0,0.0,0.0
75,Mixed,False,"{'memory': None, 'steps': [('Imputer', SimpleImputer()), ('Scaler', MinMaxScaler()), ('PCA', PCA(n_components=40, random_state=42)), ('Selector', SelectFromModel(estimator=LinearSVC(), max_features=16)), ('Classifier', Pipeline(steps=[('SVC',
                 SVC(C=1000, cache_size=500, class_weight='balanced', coef0=6,
                     degree=5, gamma=0.01, max_iter=1000000, probability=True,
                     random_state=42))]))], 'transform_input': None, 'verbose': False, 'Imputer': SimpleImputer(), 'Scaler': MinMaxScaler(), 'PCA': PCA(n_components=40, random_state=42), 'Selector': SelectFromModel(estimator=LinearSVC(), max_features=16), 'Classifier': Pipeline(steps=[('SVC',
                 SVC(C=1000, cache_size=500, class_weight='balanced', coef0=6,
                     degree=5, gamma=0.01, max_iter=1000000, probability=True,
                     random_state=42))]), 'Imputer__add_indicator': False, 'Imputer__copy': True, 'Imputer__fill_value': None, 'Imputer__keep_empty_features': False, 'Imputer__missing_values': nan, 'Imputer__strategy': 'mean', 'Scaler__clip': False, 'Scaler__copy': True, 'Scaler__feature_range': (0, 1), 'PCA__copy': True, 'PCA__iterated_power': 'auto', 'PCA__n_components': 40, 'PCA__n_oversamples': 10, 'PCA__power_iteration_normalizer': 'auto', 'PCA__random_state': 42, 'PCA__svd_solver': 'auto', 'PCA__tol': 0.0, 'PCA__whiten': False, 'Selector__estimator__C': 1.0, 'Selector__estimator__class_weight': None, 'Selector__estimator__dual': 'auto', 'Selector__estimator__fit_intercept': True, 'Selector__estimator__intercept_scaling': 1, 'Selector__estimator__loss': 'squared_hinge', 'Selector__estimator__max_iter': 1000, 'Selector__estimator__multi_class': 'ovr', 'Selector__estimator__penalty': 'l2', 'Selector__estimator__random_state': None, 'Selector__estimator__tol': 0.0001, 'Selector__estimator__verbose': 0, 'Selector__estimator': LinearSVC(), 'Selector__importance_getter': 'auto', 'Selector__max_features': 16, 'Selector__norm_order': 1, 'Selector__prefit': False, 'Selector__threshold': None, 'Classifier__memory': None, 'Classifier__steps': [('SVC', SVC(C=1000, cache_size=500, class_weight='balanced', coef0=6, degree=5,
    gamma=0.01, max_iter=1000000, probability=True, random_state=42))], 'Classifier__transform_input': None, 'Classifier__verbose': False, 'Classifier__SVC': SVC(C=1000, cache_size=500, class_weight='balanced', coef0=6, degree=5,
    gamma=0.01, max_iter=1000000, probability=True, random_state=42), 'Classifier__SVC__C': 1000, 'Classifier__SVC__break_ties': False, 'Classifier__SVC__cache_size': 500, 'Classifier__SVC__class_weight': 'balanced', 'Classifier__SVC__coef0': 6, 'Classifier__SVC__decision_function_shape': 'ovr', 'Classifier__SVC__degree': 5, 'Classifier__SVC__gamma': 0.01, 'Classifier__SVC__kernel': 'rbf', 'Classifier__SVC__max_iter': 1000000, 'Classifier__SVC__probability': True, 'Classifier__SVC__random_state': 42, 'Classifier__SVC__shrinking': True, 'Classifier__SVC__tol': 0.001, 'Classifier__SVC__verbose': False}","['x8' 'x10' 'x11' 'x14' 'x15' 'x16' 'x17' 'x20' 'x23' 'x25' 'x26' 'x27'
 'x29' 'x32' 'x34' 'x37']",,,0.0,0.0,0.0
76,Mixed,False,"{'memory': None, 'steps': [('Imputer', SimpleImputer()), ('Scaler', MinMaxScaler()), ('PCA', PCA(n_components=30, random_state=42)), ('Selector', SelectFromModel(estimator=LinearSVC(), max_features=16)), ('Classifier', Pipeline(steps=[('SVC',
                 SVC(C=100, cache_size=500, class_weight='balanced', coef0=6,
                     degree=5, gamma=0.01, kernel='linear', max_iter=1000000,
                     probability=True, random_state=42))]))], 'transform_input': None, 'verbose': False, 'Imputer': SimpleImputer(), 'Scaler': MinMaxScaler(), 'PCA': PCA(n_components=30, random_state=42), 'Selector': SelectFromModel(estimator=LinearSVC(), max_features=16), 'Classifier': Pipeline(steps=[('SVC',
                 SVC(C=100, cache_size=500, class_weight='balanced', coef0=6,
                     degree=5, gamma=0.01, kernel='linear', max_iter=1000000,
                     probability=True, random_state=42))]), 'Imputer__add_indicator': False, 'Imputer__copy': True, 'Imputer__fill_value': None, 'Imputer__keep_empty_features': False, 'Imputer__missing_values': nan, 'Imputer__strategy': 'mean', 'Scaler__clip': False, 'Scaler__copy': True, 'Scaler__feature_range': (0, 1), 'PCA__copy': True, 'PCA__iterated_power': 'auto', 'PCA__n_components': 30, 'PCA__n_oversamples': 10, 'PCA__power_iteration_normalizer': 'auto', 'PCA__random_state': 42, 'PCA__svd_solver': 'auto', 'PCA__tol': 0.0, 'PCA__whiten': False, 'Selector__estimator__C': 1.0, 'Selector__estimator__class_weight': None, 'Selector__estimator__dual': 'auto', 'Selector__estimator__fit_intercept': True, 'Selector__estimator__intercept_scaling': 1, 'Selector__estimator__loss': 'squared_hinge', 'Selector__estimator__max_iter': 1000, 'Selector__estimator__multi_class': 'ovr', 'Selector__estimator__penalty': 'l2', 'Selector__estimator__random_state': None, 'Selector__estimator__tol': 0.0001, 'Selector__estimator__verbose': 0, 'Selector__estimator': LinearSVC(), 'Selector__importance_getter': 'auto', 'Selector__max_features': 16, 'Selector__norm_order': 1, 'Selector__prefit': False, 'Selector__threshold': None, 'Classifier__memory': None, 'Classifier__steps': [('SVC', SVC(C=100, cache_size=500, class_weight='balanced', coef0=6, degree=5,
    gamma=0.01, kernel='linear', max_iter=1000000, probability=True,
    random_state=42))], 'Classifier__transform_input': None, 'Classifier__verbose': False, 'Classifier__SVC': SVC(C=100, cache_size=500, class_weight='balanced', coef0=6, degree=5,
    gamma=0.01, kernel='linear', max_iter=1000000, probability=True,
    random_state=42), 'Classifier__SVC__C': 100, 'Classifier__SVC__break_ties': False, 'Classifier__SVC__cache_size': 500, 'Classifier__SVC__class_weight': 'balanced', 'Classifier__SVC__coef0': 6, 'Classifier__SVC__decision_function_shape': 'ovr', 'Classifier__SVC__degree': 5, 'Classifier__SVC__gamma': 0.01, 'Classifier__SVC__kernel': 'linear', 'Classifier__SVC__max_iter': 1000000, 'Classifier__SVC__probability': True, 'Classifier__SVC__random_state': 42, 'Classifier__SVC__shrinking': True, 'Classifier__SVC__tol': 0.001, 'Classifier__SVC__verbose': False}","['x8' 'x10' 'x11' 'x14' 'x15' 'x16' 'x17' 'x18' 'x20' 'x23' 'x26' 'x27'
 'x29']",,,0.0,0.0,0.0
77,Mixed,False,"{'memory': None, 'steps': [('Imputer', SimpleImputer()), ('Scaler', MinMaxScaler()), ('PCA', PCA(n_components=30, random_state=42)), ('Selector', SelectFromModel(estimator=LinearSVC(), max_features=20)), ('Classifier', Pipeline(steps=[('SVC',
                 SVC(C=0.1, cache_size=500, class_weight='balanced', coef0=6,
                     degree=5, gamma=0.01, kernel='poly', max_iter=1000000,
                     probability=True, random_state=42))]))], 'transform_input': None, 'verbose': False, 'Imputer': SimpleImputer(), 'Scaler': MinMaxScaler(), 'PCA': PCA(n_components=30, random_state=42), 'Selector': SelectFromModel(estimator=LinearSVC(), max_features=20), 'Classifier': Pipeline(steps=[('SVC',
                 SVC(C=0.1, cache_size=500, class_weight='balanced', coef0=6,
                     degree=5, gamma=0.01, kernel='poly', max_iter=1000000,
                     probability=True, random_state=42))]), 'Imputer__add_indicator': False, 'Imputer__copy': True, 'Imputer__fill_value': None, 'Imputer__keep_empty_features': False, 'Imputer__missing_values': nan, 'Imputer__strategy': 'mean', 'Scaler__clip': False, 'Scaler__copy': True, 'Scaler__feature_range': (0, 1), 'PCA__copy': True, 'PCA__iterated_power': 'auto', 'PCA__n_components': 30, 'PCA__n_oversamples': 10, 'PCA__power_iteration_normalizer': 'auto', 'PCA__random_state': 42, 'PCA__svd_solver': 'auto', 'PCA__tol': 0.0, 'PCA__whiten': False, 'Selector__estimator__C': 1.0, 'Selector__estimator__class_weight': None, 'Selector__estimator__dual': 'auto', 'Selector__estimator__fit_intercept': True, 'Selector__estimator__intercept_scaling': 1, 'Selector__estimator__loss': 'squared_hinge', 'Selector__estimator__max_iter': 1000, 'Selector__estimator__multi_class': 'ovr', 'Selector__estimator__penalty': 'l2', 'Selector__estimator__random_state': None, 'Selector__estimator__tol': 0.0001, 'Selector__estimator__verbose': 0, 'Selector__estimator': LinearSVC(), 'Selector__importance_getter': 'auto', 'Selector__max_features': 20, 'Selector__norm_order': 1, 'Selector__prefit': False, 'Selector__threshold': None, 'Classifier__memory': None, 'Classifier__steps': [('SVC', SVC(C=0.1, cache_size=500, class_weight='balanced', coef0=6, degree=5,
    gamma=0.01, kernel='poly', max_iter=1000000, probability=True,
    random_state=42))], 'Classifier__transform_input': None, 'Classifier__verbose': False, 'Classifier__SVC': SVC(C=0.1, cache_size=500, class_weight='balanced', coef0=6, degree=5,
    gamma=0.01, kernel='poly', max_iter=1000000, probability=True,
    random_state=42), 'Classifier__SVC__C': 0.1, 'Classifier__SVC__break_ties': False, 'Classifier__SVC__cache_size': 500, 'Classifier__SVC__class_weight': 'balanced', 'Classifier__SVC__coef0': 6, 'Classifier__SVC__decision_function_shape': 'ovr', 'Classifier__SVC__degree': 5, 'Classifier__SVC__gamma': 0.01, 'Classifier__SVC__kernel': 'poly', 'Classifier__SVC__max_iter': 1000000, 'Classifier__SVC__probability': True, 'Classifier__SVC__random_state': 42, 'Classifier__SVC__shrinking': True, 'Classifier__SVC__tol': 0.001, 'Classifier__SVC__verbose': False}","['x8' 'x10' 'x11' 'x14' 'x15' 'x16' 'x17' 'x18' 'x20' 'x23' 'x26' 'x27'
 'x29']",,,0.0,0.0,0.0
78,Mixed,False,"{'memory': None, 'steps': [('Imputer', SimpleImputer()), ('Scaler', MinMaxScaler()), ('PCA', PCA(n_components=30, random_state=42)), ('Selector', SelectFromModel(estimator=LinearSVC(), max_features=16)), ('Classifier', Pipeline(steps=[('SVC',
                 SVC(C=0.1, cache_size=500, class_weight='balanced', coef0=6,
                     degree=5, gamma=0.01, kernel='poly', max_iter=1000000,
                     probability=True, random_state=42))]))], 'transform_input': None, 'verbose': False, 'Imputer': SimpleImputer(), 'Scaler': MinMaxScaler(), 'PCA': PCA(n_components=30, random_state=42), 'Selector': SelectFromModel(estimator=LinearSVC(), max_features=16), 'Classifier': Pipeline(steps=[('SVC',
                 SVC(C=0.1, cache_size=500, class_weight='balanced', coef0=6,
                     degree=5, gamma=0.01, kernel='poly', max_iter=1000000,
                     probability=True, random_state=42))]), 'Imputer__add_indicator': False, 'Imputer__copy': True, 'Imputer__fill_value': None, 'Imputer__keep_empty_features': False, 'Imputer__missing_values': nan, 'Imputer__strategy': 'mean', 'Scaler__clip': False, 'Scaler__copy': True, 'Scaler__feature_range': (0, 1), 'PCA__copy': True, 'PCA__iterated_power': 'auto', 'PCA__n_components': 30, 'PCA__n_oversamples': 10, 'PCA__power_iteration_normalizer': 'auto', 'PCA__random_state': 42, 'PCA__svd_solver': 'auto', 'PCA__tol': 0.0, 'PCA__whiten': False, 'Selector__estimator__C': 1.0, 'Selector__estimator__class_weight': None, 'Selector__estimator__dual': 'auto', 'Selector__estimator__fit_intercept': True, 'Selector__estimator__intercept_scaling': 1, 'Selector__estimator__loss': 'squared_hinge', 'Selector__estimator__max_iter': 1000, 'Selector__estimator__multi_class': 'ovr', 'Selector__estimator__penalty': 'l2', 'Selector__estimator__random_state': None, 'Selector__estimator__tol': 0.0001, 'Selector__estimator__verbose': 0, 'Selector__estimator': LinearSVC(), 'Selector__importance_getter': 'auto', 'Selector__max_features': 16, 'Selector__norm_order': 1, 'Selector__prefit': False, 'Selector__threshold': None, 'Classifier__memory': None, 'Classifier__steps': [('SVC', SVC(C=0.1, cache_size=500, class_weight='balanced', coef0=6, degree=5,
    gamma=0.01, kernel='poly', max_iter=1000000, probability=True,
    random_state=42))], 'Classifier__transform_input': None, 'Classifier__verbose': False, 'Classifier__SVC': SVC(C=0.1, cache_size=500, class_weight='balanced', coef0=6, degree=5,
    gamma=0.01, kernel='poly', max_iter=1000000, probability=True,
    random_state=42), 'Classifier__SVC__C': 0.1, 'Classifier__SVC__break_ties': False, 'Classifier__SVC__cache_size': 500, 'Classifier__SVC__class_weight': 'balanced', 'Classifier__SVC__coef0': 6, 'Classifier__SVC__decision_function_shape': 'ovr', 'Classifier__SVC__degree': 5, 'Classifier__SVC__gamma': 0.01, 'Classifier__SVC__kernel': 'poly', 'Classifier__SVC__max_iter': 1000000, 'Classifier__SVC__probability': True, 'Classifier__SVC__random_state': 42, 'Classifier__SVC__shrinking': True, 'Classifier__SVC__tol': 0.001, 'Classifier__SVC__verbose': False}","['x8' 'x10' 'x11' 'x14' 'x15' 'x16' 'x17' 'x18' 'x20' 'x23' 'x26' 'x27'
 'x29']",,,0.0,0.0,0.0
79,Mixed,False,"{'memory': None, 'steps': [('Imputer', SimpleImputer()), ('Scaler', MinMaxScaler()), ('PCA', PCA(n_components=30, random_state=42)), ('Selector', SelectFromModel(estimator=LinearSVC(), max_features=16)), ('Classifier', Pipeline(steps=[('SVC',
                 SVC(C=10, cache_size=500, class_weight='balanced', coef0=6,
                     degree=5, gamma=0.01, kernel='linear', max_iter=1000000,
                     probability=True, random_state=42))]))], 'transform_input': None, 'verbose': False, 'Imputer': SimpleImputer(), 'Scaler': MinMaxScaler(), 'PCA': PCA(n_components=30, random_state=42), 'Selector': SelectFromModel(estimator=LinearSVC(), max_features=16), 'Classifier': Pipeline(steps=[('SVC',
                 SVC(C=10, cache_size=500, class_weight='balanced', coef0=6,
                     degree=5, gamma=0.01, kernel='linear', max_iter=1000000,
                     probability=True, random_state=42))]), 'Imputer__add_indicator': False, 'Imputer__copy': True, 'Imputer__fill_value': None, 'Imputer__keep_empty_features': False, 'Imputer__missing_values': nan, 'Imputer__strategy': 'mean', 'Scaler__clip': False, 'Scaler__copy': True, 'Scaler__feature_range': (0, 1), 'PCA__copy': True, 'PCA__iterated_power': 'auto', 'PCA__n_components': 30, 'PCA__n_oversamples': 10, 'PCA__power_iteration_normalizer': 'auto', 'PCA__random_state': 42, 'PCA__svd_solver': 'auto', 'PCA__tol': 0.0, 'PCA__whiten': False, 'Selector__estimator__C': 1.0, 'Selector__estimator__class_weight': None, 'Selector__estimator__dual': 'auto', 'Selector__estimator__fit_intercept': True, 'Selector__estimator__intercept_scaling': 1, 'Selector__estimator__loss': 'squared_hinge', 'Selector__estimator__max_iter': 1000, 'Selector__estimator__multi_class': 'ovr', 'Selector__estimator__penalty': 'l2', 'Selector__estimator__random_state': None, 'Selector__estimator__tol': 0.0001, 'Selector__estimator__verbose': 0, 'Selector__estimator': LinearSVC(), 'Selector__importance_getter': 'auto', 'Selector__max_features': 16, 'Selector__norm_order': 1, 'Selector__prefit': False, 'Selector__threshold': None, 'Classifier__memory': None, 'Classifier__steps': [('SVC', SVC(C=10, cache_size=500, class_weight='balanced', coef0=6, degree=5,
    gamma=0.01, kernel='linear', max_iter=1000000, probability=True,
    random_state=42))], 'Classifier__transform_input': None, 'Classifier__verbose': False, 'Classifier__SVC': SVC(C=10, cache_size=500, class_weight='balanced', coef0=6, degree=5,
    gamma=0.01, kernel='linear', max_iter=1000000, probability=True,
    random_state=42), 'Classifier__SVC__C': 10, 'Classifier__SVC__break_ties': False, 'Classifier__SVC__cache_size': 500, 'Classifier__SVC__class_weight': 'balanced', 'Classifier__SVC__coef0': 6, 'Classifier__SVC__decision_function_shape': 'ovr', 'Classifier__SVC__degree': 5, 'Classifier__SVC__gamma': 0.01, 'Classifier__SVC__kernel': 'linear', 'Classifier__SVC__max_iter': 1000000, 'Classifier__SVC__probability': True, 'Classifier__SVC__random_state': 42, 'Classifier__SVC__shrinking': True, 'Classifier__SVC__tol': 0.001, 'Classifier__SVC__verbose': False}","['x8' 'x10' 'x11' 'x14' 'x15' 'x16' 'x17' 'x18' 'x20' 'x23' 'x26' 'x27'
 'x29']",,,0.0,0.0,0.0
80,Other,False,"{'memory': None, 'steps': [('Imputer', SimpleImputer()), ('Scaler', MinMaxScaler()), ('PCA', PCA(n_components=30, random_state=42)), ('Selector', SelectFromModel(estimator=LinearSVC(), max_features=12)), ('Classifier', Pipeline(steps=[('SVC',
                 SVC(C=1000, cache_size=500, class_weight='balanced', coef0=6,
                     degree=5, gamma=0.1, max_iter=1000000, probability=True,
                     random_state=42))]))], 'transform_input': None, 'verbose': False, 'Imputer': SimpleImputer(), 'Scaler': MinMaxScaler(), 'PCA': PCA(n_components=30, random_state=42), 'Selector': SelectFromModel(estimator=LinearSVC(), max_features=12), 'Classifier': Pipeline(steps=[('SVC',
                 SVC(C=1000, cache_size=500, class_weight='balanced', coef0=6,
                     degree=5, gamma=0.1, max_iter=1000000, probability=True,
                     random_state=42))]), 'Imputer__add_indicator': False, 'Imputer__copy': True, 'Imputer__fill_value': None, 'Imputer__keep_empty_features': False, 'Imputer__missing_values': nan, 'Imputer__strategy': 'mean', 'Scaler__clip': False, 'Scaler__copy': True, 'Scaler__feature_range': (0, 1), 'PCA__copy': True, 'PCA__iterated_power': 'auto', 'PCA__n_components': 30, 'PCA__n_oversamples': 10, 'PCA__power_iteration_normalizer': 'auto', 'PCA__random_state': 42, 'PCA__svd_solver': 'auto', 'PCA__tol': 0.0, 'PCA__whiten': False, 'Selector__estimator__C': 1.0, 'Selector__estimator__class_weight': None, 'Selector__estimator__dual': 'auto', 'Selector__estimator__fit_intercept': True, 'Selector__estimator__intercept_scaling': 1, 'Selector__estimator__loss': 'squared_hinge', 'Selector__estimator__max_iter': 1000, 'Selector__estimator__multi_class': 'ovr', 'Selector__estimator__penalty': 'l2', 'Selector__estimator__random_state': None, 'Selector__estimator__tol': 0.0001, 'Selector__estimator__verbose': 0, 'Selector__estimator': LinearSVC(), 'Selector__importance_getter': 'auto', 'Selector__max_features': 12, 'Selector__norm_order': 1, 'Selector__prefit': False, 'Selector__threshold': None, 'Classifier__memory': None, 'Classifier__steps': [('SVC', SVC(C=1000, cache_size=500, class_weight='balanced', coef0=6, degree=5,
    gamma=0.1, max_iter=1000000, probability=True, random_state=42))], 'Classifier__transform_input': None, 'Classifier__verbose': False, 'Classifier__SVC': SVC(C=1000, cache_size=500, class_weight='balanced', coef0=6, degree=5,
    gamma=0.1, max_iter=1000000, probability=True, random_state=42), 'Classifier__SVC__C': 1000, 'Classifier__SVC__break_ties': False, 'Classifier__SVC__cache_size': 500, 'Classifier__SVC__class_weight': 'balanced', 'Classifier__SVC__coef0': 6, 'Classifier__SVC__decision_function_shape': 'ovr', 'Classifier__SVC__degree': 5, 'Classifier__SVC__gamma': 0.1, 'Classifier__SVC__kernel': 'rbf', 'Classifier__SVC__max_iter': 1000000, 'Classifier__SVC__probability': True, 'Classifier__SVC__random_state': 42, 'Classifier__SVC__shrinking': True, 'Classifier__SVC__tol': 0.001, 'Classifier__SVC__verbose': False}",['x4' 'x12' 'x13' 'x16' 'x17' 'x19' 'x20' 'x21' 'x22' 'x23' 'x26' 'x29'],,,0.0,0.0,0.0
81,Other,False,"{'memory': None, 'steps': [('Imputer', SimpleImputer()), ('Scaler', MinMaxScaler()), ('PCA', PCA(n_components=30, random_state=42)), ('Selector', SelectFromModel(estimator=LinearSVC(), max_features=12)), ('Classifier', Pipeline(steps=[('SVC',
                 SVC(C=100, cache_size=500, class_weight='balanced', coef0=6,
                     degree=5, gamma=0.1, max_iter=1000000, probability=True,
                     random_state=42))]))], 'transform_input': None, 'verbose': False, 'Imputer': SimpleImputer(), 'Scaler': MinMaxScaler(), 'PCA': PCA(n_components=30, random_state=42), 'Selector': SelectFromModel(estimator=LinearSVC(), max_features=12), 'Classifier': Pipeline(steps=[('SVC',
                 SVC(C=100, cache_size=500, class_weight='balanced', coef0=6,
                     degree=5, gamma=0.1, max_iter=1000000, probability=True,
                     random_state=42))]), 'Imputer__add_indicator': False, 'Imputer__copy': True, 'Imputer__fill_value': None, 'Imputer__keep_empty_features': False, 'Imputer__missing_values': nan, 'Imputer__strategy': 'mean', 'Scaler__clip': False, 'Scaler__copy': True, 'Scaler__feature_range': (0, 1), 'PCA__copy': True, 'PCA__iterated_power': 'auto', 'PCA__n_components': 30, 'PCA__n_oversamples': 10, 'PCA__power_iteration_normalizer': 'auto', 'PCA__random_state': 42, 'PCA__svd_solver': 'auto', 'PCA__tol': 0.0, 'PCA__whiten': False, 'Selector__estimator__C': 1.0, 'Selector__estimator__class_weight': None, 'Selector__estimator__dual': 'auto', 'Selector__estimator__fit_intercept': True, 'Selector__estimator__intercept_scaling': 1, 'Selector__estimator__loss': 'squared_hinge', 'Selector__estimator__max_iter': 1000, 'Selector__estimator__multi_class': 'ovr', 'Selector__estimator__penalty': 'l2', 'Selector__estimator__random_state': None, 'Selector__estimator__tol': 0.0001, 'Selector__estimator__verbose': 0, 'Selector__estimator': LinearSVC(), 'Selector__importance_getter': 'auto', 'Selector__max_features': 12, 'Selector__norm_order': 1, 'Selector__prefit': False, 'Selector__threshold': None, 'Classifier__memory': None, 'Classifier__steps': [('SVC', SVC(C=100, cache_size=500, class_weight='balanced', coef0=6, degree=5,
    gamma=0.1, max_iter=1000000, probability=True, random_state=42))], 'Classifier__transform_input': None, 'Classifier__verbose': False, 'Classifier__SVC': SVC(C=100, cache_size=500, class_weight='balanced', coef0=6, degree=5,
    gamma=0.1, max_iter=1000000, probability=True, random_state=42), 'Classifier__SVC__C': 100, 'Classifier__SVC__break_ties': False, 'Classifier__SVC__cache_size': 500, 'Classifier__SVC__class_weight': 'balanced', 'Classifier__SVC__coef0': 6, 'Classifier__SVC__decision_function_shape': 'ovr', 'Classifier__SVC__degree': 5, 'Classifier__SVC__gamma': 0.1, 'Classifier__SVC__kernel': 'rbf', 'Classifier__SVC__max_iter': 1000000, 'Classifier__SVC__probability': True, 'Classifier__SVC__random_state': 42, 'Classifier__SVC__shrinking': True, 'Classifier__SVC__tol': 0.001, 'Classifier__SVC__verbose': False}",['x4' 'x12' 'x13' 'x16' 'x17' 'x19' 'x20' 'x21' 'x22' 'x23' 'x26' 'x29'],,,0.0,0.0,0.0
82,Other,False,"{'memory': None, 'steps': [('Imputer', SimpleImputer()), ('Scaler', MinMaxScaler()), ('PCA', PCA(n_components=40, random_state=42)), ('Selector', SelectFromModel(estimator=LinearSVC(), max_features=20)), ('Classifier', Pipeline(steps=[('SVC',
                 SVC(C=1000, cache_size=500, class_weight='balanced', coef0=6,
                     degree=5, gamma=0.1, max_iter=1000000, probability=True,
                     random_state=42))]))], 'transform_input': None, 'verbose': False, 'Imputer': SimpleImputer(), 'Scaler': MinMaxScaler(), 'PCA': PCA(n_components=40, random_state=42), 'Selector': SelectFromModel(estimator=LinearSVC(), max_features=20), 'Classifier': Pipeline(steps=[('SVC',
                 SVC(C=1000, cache_size=500, class_weight='balanced', coef0=6,
                     degree=5, gamma=0.1, max_iter=1000000, probability=True,
                     random_state=42))]), 'Imputer__add_indicator': False, 'Imputer__copy': True, 'Imputer__fill_value': None, 'Imputer__keep_empty_features': False, 'Imputer__missing_values': nan, 'Imputer__strategy': 'mean', 'Scaler__clip': False, 'Scaler__copy': True, 'Scaler__feature_range': (0, 1), 'PCA__copy': True, 'PCA__iterated_power': 'auto', 'PCA__n_components': 40, 'PCA__n_oversamples': 10, 'PCA__power_iteration_normalizer': 'auto', 'PCA__random_state': 42, 'PCA__svd_solver': 'auto', 'PCA__tol': 0.0, 'PCA__whiten': False, 'Selector__estimator__C': 1.0, 'Selector__estimator__class_weight': None, 'Selector__estimator__dual': 'auto', 'Selector__estimator__fit_intercept': True, 'Selector__estimator__intercept_scaling': 1, 'Selector__estimator__loss': 'squared_hinge', 'Selector__estimator__max_iter': 1000, 'Selector__estimator__multi_class': 'ovr', 'Selector__estimator__penalty': 'l2', 'Selector__estimator__random_state': None, 'Selector__estimator__tol': 0.0001, 'Selector__estimator__verbose': 0, 'Selector__estimator': LinearSVC(), 'Selector__importance_getter': 'auto', 'Selector__max_features': 20, 'Selector__norm_order': 1, 'Selector__prefit': False, 'Selector__threshold': None, 'Classifier__memory': None, 'Classifier__steps': [('SVC', SVC(C=1000, cache_size=500, class_weight='balanced', coef0=6, degree=5,
    gamma=0.1, max_iter=1000000, probability=True, random_state=42))], 'Classifier__transform_input': None, 'Classifier__verbose': False, 'Classifier__SVC': SVC(C=1000, cache_size=500, class_weight='balanced', coef0=6, degree=5,
    gamma=0.1, max_iter=1000000, probability=True, random_state=42), 'Classifier__SVC__C': 1000, 'Classifier__SVC__break_ties': False, 'Classifier__SVC__cache_size': 500, 'Classifier__SVC__class_weight': 'balanced', 'Classifier__SVC__coef0': 6, 'Classifier__SVC__decision_function_shape': 'ovr', 'Classifier__SVC__degree': 5, 'Classifier__SVC__gamma': 0.1, 'Classifier__SVC__kernel': 'rbf', 'Classifier__SVC__max_iter': 1000000, 'Classifier__SVC__probability': True, 'Classifier__SVC__random_state': 42, 'Classifier__SVC__shrinking': True, 'Classifier__SVC__tol': 0.001, 'Classifier__SVC__verbose': False}","['x4' 'x6' 'x11' 'x12' 'x13' 'x16' 'x17' 'x19' 'x20' 'x21' 'x22' 'x23'
 'x26' 'x28' 'x29' 'x31' 'x32' 'x33' 'x36' 'x37']",,,0.0,0.0,0.0
83,Other,False,"{'memory': None, 'steps': [('Imputer', SimpleImputer()), ('Scaler', MinMaxScaler()), ('PCA', PCA(n_components=30, random_state=42)), ('Selector', SelectFromModel(estimator=LinearSVC(), max_features=16)), ('Classifier', Pipeline(steps=[('SVC',
                 SVC(C=1000, cache_size=500, class_weight='balanced', coef0=6,
                     degree=5, gamma=0.1, max_iter=1000000, probability=True,
                     random_state=42))]))], 'transform_input': None, 'verbose': False, 'Imputer': SimpleImputer(), 'Scaler': MinMaxScaler(), 'PCA': PCA(n_components=30, random_state=42), 'Selector': SelectFromModel(estimator=LinearSVC(), max_features=16), 'Classifier': Pipeline(steps=[('SVC',
                 SVC(C=1000, cache_size=500, class_weight='balanced', coef0=6,
                     degree=5, gamma=0.1, max_iter=1000000, probability=True,
                     random_state=42))]), 'Imputer__add_indicator': False, 'Imputer__copy': True, 'Imputer__fill_value': None, 'Imputer__keep_empty_features': False, 'Imputer__missing_values': nan, 'Imputer__strategy': 'mean', 'Scaler__clip': False, 'Scaler__copy': True, 'Scaler__feature_range': (0, 1), 'PCA__copy': True, 'PCA__iterated_power': 'auto', 'PCA__n_components': 30, 'PCA__n_oversamples': 10, 'PCA__power_iteration_normalizer': 'auto', 'PCA__random_state': 42, 'PCA__svd_solver': 'auto', 'PCA__tol': 0.0, 'PCA__whiten': False, 'Selector__estimator__C': 1.0, 'Selector__estimator__class_weight': None, 'Selector__estimator__dual': 'auto', 'Selector__estimator__fit_intercept': True, 'Selector__estimator__intercept_scaling': 1, 'Selector__estimator__loss': 'squared_hinge', 'Selector__estimator__max_iter': 1000, 'Selector__estimator__multi_class': 'ovr', 'Selector__estimator__penalty': 'l2', 'Selector__estimator__random_state': None, 'Selector__estimator__tol': 0.0001, 'Selector__estimator__verbose': 0, 'Selector__estimator': LinearSVC(), 'Selector__importance_getter': 'auto', 'Selector__max_features': 16, 'Selector__norm_order': 1, 'Selector__prefit': False, 'Selector__threshold': None, 'Classifier__memory': None, 'Classifier__steps': [('SVC', SVC(C=1000, cache_size=500, class_weight='balanced', coef0=6, degree=5,
    gamma=0.1, max_iter=1000000, probability=True, random_state=42))], 'Classifier__transform_input': None, 'Classifier__verbose': False, 'Classifier__SVC': SVC(C=1000, cache_size=500, class_weight='balanced', coef0=6, degree=5,
    gamma=0.1, max_iter=1000000, probability=True, random_state=42), 'Classifier__SVC__C': 1000, 'Classifier__SVC__break_ties': False, 'Classifier__SVC__cache_size': 500, 'Classifier__SVC__class_weight': 'balanced', 'Classifier__SVC__coef0': 6, 'Classifier__SVC__decision_function_shape': 'ovr', 'Classifier__SVC__degree': 5, 'Classifier__SVC__gamma': 0.1, 'Classifier__SVC__kernel': 'rbf', 'Classifier__SVC__max_iter': 1000000, 'Classifier__SVC__probability': True, 'Classifier__SVC__random_state': 42, 'Classifier__SVC__shrinking': True, 'Classifier__SVC__tol': 0.001, 'Classifier__SVC__verbose': False}","['x4' 'x6' 'x11' 'x12' 'x13' 'x16' 'x17' 'x19' 'x20' 'x21' 'x22' 'x23'
 'x26' 'x28' 'x29']",,,0.0,0.0,0.0
84,Other,False,"{'memory': None, 'steps': [('Imputer', SimpleImputer()), ('Scaler', MinMaxScaler()), ('PCA', PCA(n_components=30, random_state=42)), ('Selector', SelectFromModel(estimator=LinearSVC(), max_features=20)), ('Classifier', Pipeline(steps=[('SVC',
                 SVC(C=1000, cache_size=500, class_weight='balanced', coef0=6,
                     degree=5, gamma=0.1, max_iter=1000000, probability=True,
                     random_state=42))]))], 'transform_input': None, 'verbose': False, 'Imputer': SimpleImputer(), 'Scaler': MinMaxScaler(), 'PCA': PCA(n_components=30, random_state=42), 'Selector': SelectFromModel(estimator=LinearSVC(), max_features=20), 'Classifier': Pipeline(steps=[('SVC',
                 SVC(C=1000, cache_size=500, class_weight='balanced', coef0=6,
                     degree=5, gamma=0.1, max_iter=1000000, probability=True,
                     random_state=42))]), 'Imputer__add_indicator': False, 'Imputer__copy': True, 'Imputer__fill_value': None, 'Imputer__keep_empty_features': False, 'Imputer__missing_values': nan, 'Imputer__strategy': 'mean', 'Scaler__clip': False, 'Scaler__copy': True, 'Scaler__feature_range': (0, 1), 'PCA__copy': True, 'PCA__iterated_power': 'auto', 'PCA__n_components': 30, 'PCA__n_oversamples': 10, 'PCA__power_iteration_normalizer': 'auto', 'PCA__random_state': 42, 'PCA__svd_solver': 'auto', 'PCA__tol': 0.0, 'PCA__whiten': False, 'Selector__estimator__C': 1.0, 'Selector__estimator__class_weight': None, 'Selector__estimator__dual': 'auto', 'Selector__estimator__fit_intercept': True, 'Selector__estimator__intercept_scaling': 1, 'Selector__estimator__loss': 'squared_hinge', 'Selector__estimator__max_iter': 1000, 'Selector__estimator__multi_class': 'ovr', 'Selector__estimator__penalty': 'l2', 'Selector__estimator__random_state': None, 'Selector__estimator__tol': 0.0001, 'Selector__estimator__verbose': 0, 'Selector__estimator': LinearSVC(), 'Selector__importance_getter': 'auto', 'Selector__max_features': 20, 'Selector__norm_order': 1, 'Selector__prefit': False, 'Selector__threshold': None, 'Classifier__memory': None, 'Classifier__steps': [('SVC', SVC(C=1000, cache_size=500, class_weight='balanced', coef0=6, degree=5,
    gamma=0.1, max_iter=1000000, probability=True, random_state=42))], 'Classifier__transform_input': None, 'Classifier__verbose': False, 'Classifier__SVC': SVC(C=1000, cache_size=500, class_weight='balanced', coef0=6, degree=5,
    gamma=0.1, max_iter=1000000, probability=True, random_state=42), 'Classifier__SVC__C': 1000, 'Classifier__SVC__break_ties': False, 'Classifier__SVC__cache_size': 500, 'Classifier__SVC__class_weight': 'balanced', 'Classifier__SVC__coef0': 6, 'Classifier__SVC__decision_function_shape': 'ovr', 'Classifier__SVC__degree': 5, 'Classifier__SVC__gamma': 0.1, 'Classifier__SVC__kernel': 'rbf', 'Classifier__SVC__max_iter': 1000000, 'Classifier__SVC__probability': True, 'Classifier__SVC__random_state': 42, 'Classifier__SVC__shrinking': True, 'Classifier__SVC__tol': 0.001, 'Classifier__SVC__verbose': False}","['x4' 'x6' 'x11' 'x12' 'x13' 'x16' 'x17' 'x19' 'x20' 'x21' 'x22' 'x23'
 'x26' 'x28' 'x29']",,,0.0,0.0,0.0
85,Other,False,"{'memory': None, 'steps': [('Imputer', SimpleImputer()), ('Scaler', MinMaxScaler()), ('PCA', PCA(n_components=30, random_state=42)), ('Selector', SelectFromModel(estimator=LinearSVC(), max_features=12)), ('Classifier', Pipeline(steps=[('SVC',
                 SVC(C=1000, cache_size=500, class_weight='balanced', coef0=6,
                     degree=5, gamma=0.1, kernel='linear', max_iter=1000000,
                     probability=True, random_state=42))]))], 'transform_input': None, 'verbose': False, 'Imputer': SimpleImputer(), 'Scaler': MinMaxScaler(), 'PCA': PCA(n_components=30, random_state=42), 'Selector': SelectFromModel(estimator=LinearSVC(), max_features=12), 'Classifier': Pipeline(steps=[('SVC',
                 SVC(C=1000, cache_size=500, class_weight='balanced', coef0=6,
                     degree=5, gamma=0.1, kernel='linear', max_iter=1000000,
                     probability=True, random_state=42))]), 'Imputer__add_indicator': False, 'Imputer__copy': True, 'Imputer__fill_value': None, 'Imputer__keep_empty_features': False, 'Imputer__missing_values': nan, 'Imputer__strategy': 'mean', 'Scaler__clip': False, 'Scaler__copy': True, 'Scaler__feature_range': (0, 1), 'PCA__copy': True, 'PCA__iterated_power': 'auto', 'PCA__n_components': 30, 'PCA__n_oversamples': 10, 'PCA__power_iteration_normalizer': 'auto', 'PCA__random_state': 42, 'PCA__svd_solver': 'auto', 'PCA__tol': 0.0, 'PCA__whiten': False, 'Selector__estimator__C': 1.0, 'Selector__estimator__class_weight': None, 'Selector__estimator__dual': 'auto', 'Selector__estimator__fit_intercept': True, 'Selector__estimator__intercept_scaling': 1, 'Selector__estimator__loss': 'squared_hinge', 'Selector__estimator__max_iter': 1000, 'Selector__estimator__multi_class': 'ovr', 'Selector__estimator__penalty': 'l2', 'Selector__estimator__random_state': None, 'Selector__estimator__tol': 0.0001, 'Selector__estimator__verbose': 0, 'Selector__estimator': LinearSVC(), 'Selector__importance_getter': 'auto', 'Selector__max_features': 12, 'Selector__norm_order': 1, 'Selector__prefit': False, 'Selector__threshold': None, 'Classifier__memory': None, 'Classifier__steps': [('SVC', SVC(C=1000, cache_size=500, class_weight='balanced', coef0=6, degree=5,
    gamma=0.1, kernel='linear', max_iter=1000000, probability=True,
    random_state=42))], 'Classifier__transform_input': None, 'Classifier__verbose': False, 'Classifier__SVC': SVC(C=1000, cache_size=500, class_weight='balanced', coef0=6, degree=5,
    gamma=0.1, kernel='linear', max_iter=1000000, probability=True,
    random_state=42), 'Classifier__SVC__C': 1000, 'Classifier__SVC__break_ties': False, 'Classifier__SVC__cache_size': 500, 'Classifier__SVC__class_weight': 'balanced', 'Classifier__SVC__coef0': 6, 'Classifier__SVC__decision_function_shape': 'ovr', 'Classifier__SVC__degree': 5, 'Classifier__SVC__gamma': 0.1, 'Classifier__SVC__kernel': 'linear', 'Classifier__SVC__max_iter': 1000000, 'Classifier__SVC__probability': True, 'Classifier__SVC__random_state': 42, 'Classifier__SVC__shrinking': True, 'Classifier__SVC__tol': 0.001, 'Classifier__SVC__verbose': False}",['x4' 'x12' 'x13' 'x16' 'x17' 'x19' 'x20' 'x21' 'x22' 'x23' 'x26' 'x29'],,,0.0,0.0,0.0
86,Other,False,"{'memory': None, 'steps': [('Imputer', SimpleImputer()), ('Scaler', MinMaxScaler()), ('PCA', PCA(n_components=30, random_state=42)), ('Selector', SelectFromModel(estimator=LinearSVC(), max_features=16)), ('Classifier', Pipeline(steps=[('SVC',
                 SVC(C=1000, cache_size=500, class_weight='balanced', coef0=6,
                     degree=5, gamma=0.1, kernel='linear', max_iter=1000000,
                     probability=True, random_state=42))]))], 'transform_input': None, 'verbose': False, 'Imputer': SimpleImputer(), 'Scaler': MinMaxScaler(), 'PCA': PCA(n_components=30, random_state=42), 'Selector': SelectFromModel(estimator=LinearSVC(), max_features=16), 'Classifier': Pipeline(steps=[('SVC',
                 SVC(C=1000, cache_size=500, class_weight='balanced', coef0=6,
                     degree=5, gamma=0.1, kernel='linear', max_iter=1000000,
                     probability=True, random_state=42))]), 'Imputer__add_indicator': False, 'Imputer__copy': True, 'Imputer__fill_value': None, 'Imputer__keep_empty_features': False, 'Imputer__missing_values': nan, 'Imputer__strategy': 'mean', 'Scaler__clip': False, 'Scaler__copy': True, 'Scaler__feature_range': (0, 1), 'PCA__copy': True, 'PCA__iterated_power': 'auto', 'PCA__n_components': 30, 'PCA__n_oversamples': 10, 'PCA__power_iteration_normalizer': 'auto', 'PCA__random_state': 42, 'PCA__svd_solver': 'auto', 'PCA__tol': 0.0, 'PCA__whiten': False, 'Selector__estimator__C': 1.0, 'Selector__estimator__class_weight': None, 'Selector__estimator__dual': 'auto', 'Selector__estimator__fit_intercept': True, 'Selector__estimator__intercept_scaling': 1, 'Selector__estimator__loss': 'squared_hinge', 'Selector__estimator__max_iter': 1000, 'Selector__estimator__multi_class': 'ovr', 'Selector__estimator__penalty': 'l2', 'Selector__estimator__random_state': None, 'Selector__estimator__tol': 0.0001, 'Selector__estimator__verbose': 0, 'Selector__estimator': LinearSVC(), 'Selector__importance_getter': 'auto', 'Selector__max_features': 16, 'Selector__norm_order': 1, 'Selector__prefit': False, 'Selector__threshold': None, 'Classifier__memory': None, 'Classifier__steps': [('SVC', SVC(C=1000, cache_size=500, class_weight='balanced', coef0=6, degree=5,
    gamma=0.1, kernel='linear', max_iter=1000000, probability=True,
    random_state=42))], 'Classifier__transform_input': None, 'Classifier__verbose': False, 'Classifier__SVC': SVC(C=1000, cache_size=500, class_weight='balanced', coef0=6, degree=5,
    gamma=0.1, kernel='linear', max_iter=1000000, probability=True,
    random_state=42), 'Classifier__SVC__C': 1000, 'Classifier__SVC__break_ties': False, 'Classifier__SVC__cache_size': 500, 'Classifier__SVC__class_weight': 'balanced', 'Classifier__SVC__coef0': 6, 'Classifier__SVC__decision_function_shape': 'ovr', 'Classifier__SVC__degree': 5, 'Classifier__SVC__gamma': 0.1, 'Classifier__SVC__kernel': 'linear', 'Classifier__SVC__max_iter': 1000000, 'Classifier__SVC__probability': True, 'Classifier__SVC__random_state': 42, 'Classifier__SVC__shrinking': True, 'Classifier__SVC__tol': 0.001, 'Classifier__SVC__verbose': False}","['x4' 'x6' 'x11' 'x12' 'x13' 'x16' 'x17' 'x19' 'x20' 'x21' 'x22' 'x23'
 'x26' 'x28' 'x29']",,,0.0,0.0,0.0
87,Other,False,"{'memory': None, 'steps': [('Imputer', SimpleImputer()), ('Scaler', MinMaxScaler()), ('PCA', PCA(n_components=30, random_state=42)), ('Selector', SelectFromModel(estimator=LinearSVC(), max_features=12)), ('Classifier', Pipeline(steps=[('SVC',
                 SVC(C=100, cache_size=500, class_weight='balanced', coef0=6,
                     degree=5, gamma=0.1, kernel='linear', max_iter=1000000,
                     probability=True, random_state=42))]))], 'transform_input': None, 'verbose': False, 'Imputer': SimpleImputer(), 'Scaler': MinMaxScaler(), 'PCA': PCA(n_components=30, random_state=42), 'Selector': SelectFromModel(estimator=LinearSVC(), max_features=12), 'Classifier': Pipeline(steps=[('SVC',
                 SVC(C=100, cache_size=500, class_weight='balanced', coef0=6,
                     degree=5, gamma=0.1, kernel='linear', max_iter=1000000,
                     probability=True, random_state=42))]), 'Imputer__add_indicator': False, 'Imputer__copy': True, 'Imputer__fill_value': None, 'Imputer__keep_empty_features': False, 'Imputer__missing_values': nan, 'Imputer__strategy': 'mean', 'Scaler__clip': False, 'Scaler__copy': True, 'Scaler__feature_range': (0, 1), 'PCA__copy': True, 'PCA__iterated_power': 'auto', 'PCA__n_components': 30, 'PCA__n_oversamples': 10, 'PCA__power_iteration_normalizer': 'auto', 'PCA__random_state': 42, 'PCA__svd_solver': 'auto', 'PCA__tol': 0.0, 'PCA__whiten': False, 'Selector__estimator__C': 1.0, 'Selector__estimator__class_weight': None, 'Selector__estimator__dual': 'auto', 'Selector__estimator__fit_intercept': True, 'Selector__estimator__intercept_scaling': 1, 'Selector__estimator__loss': 'squared_hinge', 'Selector__estimator__max_iter': 1000, 'Selector__estimator__multi_class': 'ovr', 'Selector__estimator__penalty': 'l2', 'Selector__estimator__random_state': None, 'Selector__estimator__tol': 0.0001, 'Selector__estimator__verbose': 0, 'Selector__estimator': LinearSVC(), 'Selector__importance_getter': 'auto', 'Selector__max_features': 12, 'Selector__norm_order': 1, 'Selector__prefit': False, 'Selector__threshold': None, 'Classifier__memory': None, 'Classifier__steps': [('SVC', SVC(C=100, cache_size=500, class_weight='balanced', coef0=6, degree=5,
    gamma=0.1, kernel='linear', max_iter=1000000, probability=True,
    random_state=42))], 'Classifier__transform_input': None, 'Classifier__verbose': False, 'Classifier__SVC': SVC(C=100, cache_size=500, class_weight='balanced', coef0=6, degree=5,
    gamma=0.1, kernel='linear', max_iter=1000000, probability=True,
    random_state=42), 'Classifier__SVC__C': 100, 'Classifier__SVC__break_ties': False, 'Classifier__SVC__cache_size': 500, 'Classifier__SVC__class_weight': 'balanced', 'Classifier__SVC__coef0': 6, 'Classifier__SVC__decision_function_shape': 'ovr', 'Classifier__SVC__degree': 5, 'Classifier__SVC__gamma': 0.1, 'Classifier__SVC__kernel': 'linear', 'Classifier__SVC__max_iter': 1000000, 'Classifier__SVC__probability': True, 'Classifier__SVC__random_state': 42, 'Classifier__SVC__shrinking': True, 'Classifier__SVC__tol': 0.001, 'Classifier__SVC__verbose': False}",['x4' 'x12' 'x13' 'x16' 'x17' 'x19' 'x20' 'x21' 'x22' 'x23' 'x26' 'x29'],,,0.0,0.0,0.0
88,Other,False,"{'memory': None, 'steps': [('Imputer', SimpleImputer()), ('Scaler', MinMaxScaler()), ('PCA', PCA(n_components=30, random_state=42)), ('Selector', SelectFromModel(estimator=LinearSVC(), max_features=16)), ('Classifier', Pipeline(steps=[('SVC',
                 SVC(C=100, cache_size=500, class_weight='balanced', coef0=6,
                     degree=5, gamma=0.1, kernel='linear', max_iter=1000000,
                     probability=True, random_state=42))]))], 'transform_input': None, 'verbose': False, 'Imputer': SimpleImputer(), 'Scaler': MinMaxScaler(), 'PCA': PCA(n_components=30, random_state=42), 'Selector': SelectFromModel(estimator=LinearSVC(), max_features=16), 'Classifier': Pipeline(steps=[('SVC',
                 SVC(C=100, cache_size=500, class_weight='balanced', coef0=6,
                     degree=5, gamma=0.1, kernel='linear', max_iter=1000000,
                     probability=True, random_state=42))]), 'Imputer__add_indicator': False, 'Imputer__copy': True, 'Imputer__fill_value': None, 'Imputer__keep_empty_features': False, 'Imputer__missing_values': nan, 'Imputer__strategy': 'mean', 'Scaler__clip': False, 'Scaler__copy': True, 'Scaler__feature_range': (0, 1), 'PCA__copy': True, 'PCA__iterated_power': 'auto', 'PCA__n_components': 30, 'PCA__n_oversamples': 10, 'PCA__power_iteration_normalizer': 'auto', 'PCA__random_state': 42, 'PCA__svd_solver': 'auto', 'PCA__tol': 0.0, 'PCA__whiten': False, 'Selector__estimator__C': 1.0, 'Selector__estimator__class_weight': None, 'Selector__estimator__dual': 'auto', 'Selector__estimator__fit_intercept': True, 'Selector__estimator__intercept_scaling': 1, 'Selector__estimator__loss': 'squared_hinge', 'Selector__estimator__max_iter': 1000, 'Selector__estimator__multi_class': 'ovr', 'Selector__estimator__penalty': 'l2', 'Selector__estimator__random_state': None, 'Selector__estimator__tol': 0.0001, 'Selector__estimator__verbose': 0, 'Selector__estimator': LinearSVC(), 'Selector__importance_getter': 'auto', 'Selector__max_features': 16, 'Selector__norm_order': 1, 'Selector__prefit': False, 'Selector__threshold': None, 'Classifier__memory': None, 'Classifier__steps': [('SVC', SVC(C=100, cache_size=500, class_weight='balanced', coef0=6, degree=5,
    gamma=0.1, kernel='linear', max_iter=1000000, probability=True,
    random_state=42))], 'Classifier__transform_input': None, 'Classifier__verbose': False, 'Classifier__SVC': SVC(C=100, cache_size=500, class_weight='balanced', coef0=6, degree=5,
    gamma=0.1, kernel='linear', max_iter=1000000, probability=True,
    random_state=42), 'Classifier__SVC__C': 100, 'Classifier__SVC__break_ties': False, 'Classifier__SVC__cache_size': 500, 'Classifier__SVC__class_weight': 'balanced', 'Classifier__SVC__coef0': 6, 'Classifier__SVC__decision_function_shape': 'ovr', 'Classifier__SVC__degree': 5, 'Classifier__SVC__gamma': 0.1, 'Classifier__SVC__kernel': 'linear', 'Classifier__SVC__max_iter': 1000000, 'Classifier__SVC__probability': True, 'Classifier__SVC__random_state': 42, 'Classifier__SVC__shrinking': True, 'Classifier__SVC__tol': 0.001, 'Classifier__SVC__verbose': False}","['x4' 'x6' 'x11' 'x12' 'x13' 'x16' 'x17' 'x19' 'x20' 'x21' 'x22' 'x23'
 'x26' 'x28' 'x29']",,,0.0,0.0,0.0
89,Other,False,"{'memory': None, 'steps': [('Imputer', SimpleImputer()), ('Scaler', MinMaxScaler()), ('PCA', PCA(n_components=30, random_state=42)), ('Selector', SelectFromModel(estimator=LinearSVC(), max_features=20)), ('Classifier', Pipeline(steps=[('SVC',
                 SVC(C=100, cache_size=500, class_weight='balanced', coef0=6,
                     degree=5, gamma=0.1, max_iter=1000000, probability=True,
                     random_state=42))]))], 'transform_input': None, 'verbose': False, 'Imputer': SimpleImputer(), 'Scaler': MinMaxScaler(), 'PCA': PCA(n_components=30, random_state=42), 'Selector': SelectFromModel(estimator=LinearSVC(), max_features=20), 'Classifier': Pipeline(steps=[('SVC',
                 SVC(C=100, cache_size=500, class_weight='balanced', coef0=6,
                     degree=5, gamma=0.1, max_iter=1000000, probability=True,
                     random_state=42))]), 'Imputer__add_indicator': False, 'Imputer__copy': True, 'Imputer__fill_value': None, 'Imputer__keep_empty_features': False, 'Imputer__missing_values': nan, 'Imputer__strategy': 'mean', 'Scaler__clip': False, 'Scaler__copy': True, 'Scaler__feature_range': (0, 1), 'PCA__copy': True, 'PCA__iterated_power': 'auto', 'PCA__n_components': 30, 'PCA__n_oversamples': 10, 'PCA__power_iteration_normalizer': 'auto', 'PCA__random_state': 42, 'PCA__svd_solver': 'auto', 'PCA__tol': 0.0, 'PCA__whiten': False, 'Selector__estimator__C': 1.0, 'Selector__estimator__class_weight': None, 'Selector__estimator__dual': 'auto', 'Selector__estimator__fit_intercept': True, 'Selector__estimator__intercept_scaling': 1, 'Selector__estimator__loss': 'squared_hinge', 'Selector__estimator__max_iter': 1000, 'Selector__estimator__multi_class': 'ovr', 'Selector__estimator__penalty': 'l2', 'Selector__estimator__random_state': None, 'Selector__estimator__tol': 0.0001, 'Selector__estimator__verbose': 0, 'Selector__estimator': LinearSVC(), 'Selector__importance_getter': 'auto', 'Selector__max_features': 20, 'Selector__norm_order': 1, 'Selector__prefit': False, 'Selector__threshold': None, 'Classifier__memory': None, 'Classifier__steps': [('SVC', SVC(C=100, cache_size=500, class_weight='balanced', coef0=6, degree=5,
    gamma=0.1, max_iter=1000000, probability=True, random_state=42))], 'Classifier__transform_input': None, 'Classifier__verbose': False, 'Classifier__SVC': SVC(C=100, cache_size=500, class_weight='balanced', coef0=6, degree=5,
    gamma=0.1, max_iter=1000000, probability=True, random_state=42), 'Classifier__SVC__C': 100, 'Classifier__SVC__break_ties': False, 'Classifier__SVC__cache_size': 500, 'Classifier__SVC__class_weight': 'balanced', 'Classifier__SVC__coef0': 6, 'Classifier__SVC__decision_function_shape': 'ovr', 'Classifier__SVC__degree': 5, 'Classifier__SVC__gamma': 0.1, 'Classifier__SVC__kernel': 'rbf', 'Classifier__SVC__max_iter': 1000000, 'Classifier__SVC__probability': True, 'Classifier__SVC__random_state': 42, 'Classifier__SVC__shrinking': True, 'Classifier__SVC__tol': 0.001, 'Classifier__SVC__verbose': False}","['x4' 'x6' 'x11' 'x12' 'x13' 'x16' 'x17' 'x19' 'x20' 'x21' 'x22' 'x23'
 'x26' 'x28' 'x29']",,,0.0,0.0,0.0
90,Other,False,"{'memory': None, 'steps': [('Imputer', SimpleImputer()), ('Scaler', MinMaxScaler()), ('PCA', PCA(n_components=40, random_state=42)), ('Selector', SelectFromModel(estimator=LinearSVC(), max_features=20)), ('Classifier', Pipeline(steps=[('SVC',
                 SVC(C=100, cache_size=500, class_weight='balanced', coef0=6,
                     degree=5, gamma=0.1, max_iter=1000000, probability=True,
                     random_state=42))]))], 'transform_input': None, 'verbose': False, 'Imputer': SimpleImputer(), 'Scaler': MinMaxScaler(), 'PCA': PCA(n_components=40, random_state=42), 'Selector': SelectFromModel(estimator=LinearSVC(), max_features=20), 'Classifier': Pipeline(steps=[('SVC',
                 SVC(C=100, cache_size=500, class_weight='balanced', coef0=6,
                     degree=5, gamma=0.1, max_iter=1000000, probability=True,
                     random_state=42))]), 'Imputer__add_indicator': False, 'Imputer__copy': True, 'Imputer__fill_value': None, 'Imputer__keep_empty_features': False, 'Imputer__missing_values': nan, 'Imputer__strategy': 'mean', 'Scaler__clip': False, 'Scaler__copy': True, 'Scaler__feature_range': (0, 1), 'PCA__copy': True, 'PCA__iterated_power': 'auto', 'PCA__n_components': 40, 'PCA__n_oversamples': 10, 'PCA__power_iteration_normalizer': 'auto', 'PCA__random_state': 42, 'PCA__svd_solver': 'auto', 'PCA__tol': 0.0, 'PCA__whiten': False, 'Selector__estimator__C': 1.0, 'Selector__estimator__class_weight': None, 'Selector__estimator__dual': 'auto', 'Selector__estimator__fit_intercept': True, 'Selector__estimator__intercept_scaling': 1, 'Selector__estimator__loss': 'squared_hinge', 'Selector__estimator__max_iter': 1000, 'Selector__estimator__multi_class': 'ovr', 'Selector__estimator__penalty': 'l2', 'Selector__estimator__random_state': None, 'Selector__estimator__tol': 0.0001, 'Selector__estimator__verbose': 0, 'Selector__estimator': LinearSVC(), 'Selector__importance_getter': 'auto', 'Selector__max_features': 20, 'Selector__norm_order': 1, 'Selector__prefit': False, 'Selector__threshold': None, 'Classifier__memory': None, 'Classifier__steps': [('SVC', SVC(C=100, cache_size=500, class_weight='balanced', coef0=6, degree=5,
    gamma=0.1, max_iter=1000000, probability=True, random_state=42))], 'Classifier__transform_input': None, 'Classifier__verbose': False, 'Classifier__SVC': SVC(C=100, cache_size=500, class_weight='balanced', coef0=6, degree=5,
    gamma=0.1, max_iter=1000000, probability=True, random_state=42), 'Classifier__SVC__C': 100, 'Classifier__SVC__break_ties': False, 'Classifier__SVC__cache_size': 500, 'Classifier__SVC__class_weight': 'balanced', 'Classifier__SVC__coef0': 6, 'Classifier__SVC__decision_function_shape': 'ovr', 'Classifier__SVC__degree': 5, 'Classifier__SVC__gamma': 0.1, 'Classifier__SVC__kernel': 'rbf', 'Classifier__SVC__max_iter': 1000000, 'Classifier__SVC__probability': True, 'Classifier__SVC__random_state': 42, 'Classifier__SVC__shrinking': True, 'Classifier__SVC__tol': 0.001, 'Classifier__SVC__verbose': False}","['x4' 'x6' 'x11' 'x12' 'x13' 'x16' 'x17' 'x19' 'x20' 'x21' 'x22' 'x23'
 'x26' 'x28' 'x29' 'x31' 'x32' 'x33' 'x36' 'x37']",,,0.0,0.0,0.0
91,Other,False,"{'memory': None, 'steps': [('Imputer', SimpleImputer()), ('Scaler', MinMaxScaler()), ('PCA', PCA(n_components=30, random_state=42)), ('Selector', SelectFromModel(estimator=LinearSVC(), max_features=16)), ('Classifier', Pipeline(steps=[('SVC',
                 SVC(C=100, cache_size=500, class_weight='balanced', coef0=6,
                     degree=5, gamma=0.1, max_iter=1000000, probability=True,
                     random_state=42))]))], 'transform_input': None, 'verbose': False, 'Imputer': SimpleImputer(), 'Scaler': MinMaxScaler(), 'PCA': PCA(n_components=30, random_state=42), 'Selector': SelectFromModel(estimator=LinearSVC(), max_features=16), 'Classifier': Pipeline(steps=[('SVC',
                 SVC(C=100, cache_size=500, class_weight='balanced', coef0=6,
                     degree=5, gamma=0.1, max_iter=1000000, probability=True,
                     random_state=42))]), 'Imputer__add_indicator': False, 'Imputer__copy': True, 'Imputer__fill_value': None, 'Imputer__keep_empty_features': False, 'Imputer__missing_values': nan, 'Imputer__strategy': 'mean', 'Scaler__clip': False, 'Scaler__copy': True, 'Scaler__feature_range': (0, 1), 'PCA__copy': True, 'PCA__iterated_power': 'auto', 'PCA__n_components': 30, 'PCA__n_oversamples': 10, 'PCA__power_iteration_normalizer': 'auto', 'PCA__random_state': 42, 'PCA__svd_solver': 'auto', 'PCA__tol': 0.0, 'PCA__whiten': False, 'Selector__estimator__C': 1.0, 'Selector__estimator__class_weight': None, 'Selector__estimator__dual': 'auto', 'Selector__estimator__fit_intercept': True, 'Selector__estimator__intercept_scaling': 1, 'Selector__estimator__loss': 'squared_hinge', 'Selector__estimator__max_iter': 1000, 'Selector__estimator__multi_class': 'ovr', 'Selector__estimator__penalty': 'l2', 'Selector__estimator__random_state': None, 'Selector__estimator__tol': 0.0001, 'Selector__estimator__verbose': 0, 'Selector__estimator': LinearSVC(), 'Selector__importance_getter': 'auto', 'Selector__max_features': 16, 'Selector__norm_order': 1, 'Selector__prefit': False, 'Selector__threshold': None, 'Classifier__memory': None, 'Classifier__steps': [('SVC', SVC(C=100, cache_size=500, class_weight='balanced', coef0=6, degree=5,
    gamma=0.1, max_iter=1000000, probability=True, random_state=42))], 'Classifier__transform_input': None, 'Classifier__verbose': False, 'Classifier__SVC': SVC(C=100, cache_size=500, class_weight='balanced', coef0=6, degree=5,
    gamma=0.1, max_iter=1000000, probability=True, random_state=42), 'Classifier__SVC__C': 100, 'Classifier__SVC__break_ties': False, 'Classifier__SVC__cache_size': 500, 'Classifier__SVC__class_weight': 'balanced', 'Classifier__SVC__coef0': 6, 'Classifier__SVC__decision_function_shape': 'ovr', 'Classifier__SVC__degree': 5, 'Classifier__SVC__gamma': 0.1, 'Classifier__SVC__kernel': 'rbf', 'Classifier__SVC__max_iter': 1000000, 'Classifier__SVC__probability': True, 'Classifier__SVC__random_state': 42, 'Classifier__SVC__shrinking': True, 'Classifier__SVC__tol': 0.001, 'Classifier__SVC__verbose': False}","['x4' 'x6' 'x11' 'x12' 'x13' 'x16' 'x17' 'x19' 'x20' 'x21' 'x22' 'x23'
 'x26' 'x28' 'x29']",,,0.0,0.0,0.0
92,Other,False,"{'memory': None, 'steps': [('Imputer', SimpleImputer()), ('Scaler', MinMaxScaler()), ('PCA', PCA(n_components=30, random_state=42)), ('Selector', SelectFromModel(estimator=LinearSVC(), max_features=12)), ('Classifier', Pipeline(steps=[('SVC',
                 SVC(C=1000, cache_size=500, class_weight='balanced', coef0=6,
                     degree=5, gamma=0.01, max_iter=1000000, probability=True,
                     random_state=42))]))], 'transform_input': None, 'verbose': False, 'Imputer': SimpleImputer(), 'Scaler': MinMaxScaler(), 'PCA': PCA(n_components=30, random_state=42), 'Selector': SelectFromModel(estimator=LinearSVC(), max_features=12), 'Classifier': Pipeline(steps=[('SVC',
                 SVC(C=1000, cache_size=500, class_weight='balanced', coef0=6,
                     degree=5, gamma=0.01, max_iter=1000000, probability=True,
                     random_state=42))]), 'Imputer__add_indicator': False, 'Imputer__copy': True, 'Imputer__fill_value': None, 'Imputer__keep_empty_features': False, 'Imputer__missing_values': nan, 'Imputer__strategy': 'mean', 'Scaler__clip': False, 'Scaler__copy': True, 'Scaler__feature_range': (0, 1), 'PCA__copy': True, 'PCA__iterated_power': 'auto', 'PCA__n_components': 30, 'PCA__n_oversamples': 10, 'PCA__power_iteration_normalizer': 'auto', 'PCA__random_state': 42, 'PCA__svd_solver': 'auto', 'PCA__tol': 0.0, 'PCA__whiten': False, 'Selector__estimator__C': 1.0, 'Selector__estimator__class_weight': None, 'Selector__estimator__dual': 'auto', 'Selector__estimator__fit_intercept': True, 'Selector__estimator__intercept_scaling': 1, 'Selector__estimator__loss': 'squared_hinge', 'Selector__estimator__max_iter': 1000, 'Selector__estimator__multi_class': 'ovr', 'Selector__estimator__penalty': 'l2', 'Selector__estimator__random_state': None, 'Selector__estimator__tol': 0.0001, 'Selector__estimator__verbose': 0, 'Selector__estimator': LinearSVC(), 'Selector__importance_getter': 'auto', 'Selector__max_features': 12, 'Selector__norm_order': 1, 'Selector__prefit': False, 'Selector__threshold': None, 'Classifier__memory': None, 'Classifier__steps': [('SVC', SVC(C=1000, cache_size=500, class_weight='balanced', coef0=6, degree=5,
    gamma=0.01, max_iter=1000000, probability=True, random_state=42))], 'Classifier__transform_input': None, 'Classifier__verbose': False, 'Classifier__SVC': SVC(C=1000, cache_size=500, class_weight='balanced', coef0=6, degree=5,
    gamma=0.01, max_iter=1000000, probability=True, random_state=42), 'Classifier__SVC__C': 1000, 'Classifier__SVC__break_ties': False, 'Classifier__SVC__cache_size': 500, 'Classifier__SVC__class_weight': 'balanced', 'Classifier__SVC__coef0': 6, 'Classifier__SVC__decision_function_shape': 'ovr', 'Classifier__SVC__degree': 5, 'Classifier__SVC__gamma': 0.01, 'Classifier__SVC__kernel': 'rbf', 'Classifier__SVC__max_iter': 1000000, 'Classifier__SVC__probability': True, 'Classifier__SVC__random_state': 42, 'Classifier__SVC__shrinking': True, 'Classifier__SVC__tol': 0.001, 'Classifier__SVC__verbose': False}",['x4' 'x12' 'x13' 'x16' 'x17' 'x19' 'x20' 'x21' 'x22' 'x23' 'x26' 'x29'],,,0.0,0.0,0.0
93,Other,False,"{'memory': None, 'steps': [('Imputer', SimpleImputer()), ('Scaler', MinMaxScaler()), ('PCA', PCA(n_components=30, random_state=42)), ('Selector', SelectFromModel(estimator=LinearSVC(), max_features=20)), ('Classifier', Pipeline(steps=[('SVC',
                 SVC(C=0.1, cache_size=500, class_weight='balanced', coef0=4,
                     degree=5, gamma=0.01, kernel='poly', max_iter=1000000,
                     probability=True, random_state=42))]))], 'transform_input': None, 'verbose': False, 'Imputer': SimpleImputer(), 'Scaler': MinMaxScaler(), 'PCA': PCA(n_components=30, random_state=42), 'Selector': SelectFromModel(estimator=LinearSVC(), max_features=20), 'Classifier': Pipeline(steps=[('SVC',
                 SVC(C=0.1, cache_size=500, class_weight='balanced', coef0=4,
                     degree=5, gamma=0.01, kernel='poly', max_iter=1000000,
                     probability=True, random_state=42))]), 'Imputer__add_indicator': False, 'Imputer__copy': True, 'Imputer__fill_value': None, 'Imputer__keep_empty_features': False, 'Imputer__missing_values': nan, 'Imputer__strategy': 'mean', 'Scaler__clip': False, 'Scaler__copy': True, 'Scaler__feature_range': (0, 1), 'PCA__copy': True, 'PCA__iterated_power': 'auto', 'PCA__n_components': 30, 'PCA__n_oversamples': 10, 'PCA__power_iteration_normalizer': 'auto', 'PCA__random_state': 42, 'PCA__svd_solver': 'auto', 'PCA__tol': 0.0, 'PCA__whiten': False, 'Selector__estimator__C': 1.0, 'Selector__estimator__class_weight': None, 'Selector__estimator__dual': 'auto', 'Selector__estimator__fit_intercept': True, 'Selector__estimator__intercept_scaling': 1, 'Selector__estimator__loss': 'squared_hinge', 'Selector__estimator__max_iter': 1000, 'Selector__estimator__multi_class': 'ovr', 'Selector__estimator__penalty': 'l2', 'Selector__estimator__random_state': None, 'Selector__estimator__tol': 0.0001, 'Selector__estimator__verbose': 0, 'Selector__estimator': LinearSVC(), 'Selector__importance_getter': 'auto', 'Selector__max_features': 20, 'Selector__norm_order': 1, 'Selector__prefit': False, 'Selector__threshold': None, 'Classifier__memory': None, 'Classifier__steps': [('SVC', SVC(C=0.1, cache_size=500, class_weight='balanced', coef0=4, degree=5,
    gamma=0.01, kernel='poly', max_iter=1000000, probability=True,
    random_state=42))], 'Classifier__transform_input': None, 'Classifier__verbose': False, 'Classifier__SVC': SVC(C=0.1, cache_size=500, class_weight='balanced', coef0=4, degree=5,
    gamma=0.01, kernel='poly', max_iter=1000000, probability=True,
    random_state=42), 'Classifier__SVC__C': 0.1, 'Classifier__SVC__break_ties': False, 'Classifier__SVC__cache_size': 500, 'Classifier__SVC__class_weight': 'balanced', 'Classifier__SVC__coef0': 4, 'Classifier__SVC__decision_function_shape': 'ovr', 'Classifier__SVC__degree': 5, 'Classifier__SVC__gamma': 0.01, 'Classifier__SVC__kernel': 'poly', 'Classifier__SVC__max_iter': 1000000, 'Classifier__SVC__probability': True, 'Classifier__SVC__random_state': 42, 'Classifier__SVC__shrinking': True, 'Classifier__SVC__tol': 0.001, 'Classifier__SVC__verbose': False}","['x4' 'x6' 'x11' 'x12' 'x13' 'x16' 'x17' 'x19' 'x20' 'x21' 'x22' 'x23'
 'x26' 'x28' 'x29']",,,0.0,0.0,0.0
94,Other,False,"{'memory': None, 'steps': [('Imputer', SimpleImputer()), ('Scaler', MinMaxScaler()), ('PCA', PCA(n_components=40, random_state=42)), ('Selector', SelectFromModel(estimator=LinearSVC(), max_features=20)), ('Classifier', Pipeline(steps=[('SVC',
                 SVC(C=1000, cache_size=500, class_weight='balanced', coef0=4,
                     degree=5, gamma=0.01, max_iter=1000000, probability=True,
                     random_state=42))]))], 'transform_input': None, 'verbose': False, 'Imputer': SimpleImputer(), 'Scaler': MinMaxScaler(), 'PCA': PCA(n_components=40, random_state=42), 'Selector': SelectFromModel(estimator=LinearSVC(), max_features=20), 'Classifier': Pipeline(steps=[('SVC',
                 SVC(C=1000, cache_size=500, class_weight='balanced', coef0=4,
                     degree=5, gamma=0.01, max_iter=1000000, probability=True,
                     random_state=42))]), 'Imputer__add_indicator': False, 'Imputer__copy': True, 'Imputer__fill_value': None, 'Imputer__keep_empty_features': False, 'Imputer__missing_values': nan, 'Imputer__strategy': 'mean', 'Scaler__clip': False, 'Scaler__copy': True, 'Scaler__feature_range': (0, 1), 'PCA__copy': True, 'PCA__iterated_power': 'auto', 'PCA__n_components': 40, 'PCA__n_oversamples': 10, 'PCA__power_iteration_normalizer': 'auto', 'PCA__random_state': 42, 'PCA__svd_solver': 'auto', 'PCA__tol': 0.0, 'PCA__whiten': False, 'Selector__estimator__C': 1.0, 'Selector__estimator__class_weight': None, 'Selector__estimator__dual': 'auto', 'Selector__estimator__fit_intercept': True, 'Selector__estimator__intercept_scaling': 1, 'Selector__estimator__loss': 'squared_hinge', 'Selector__estimator__max_iter': 1000, 'Selector__estimator__multi_class': 'ovr', 'Selector__estimator__penalty': 'l2', 'Selector__estimator__random_state': None, 'Selector__estimator__tol': 0.0001, 'Selector__estimator__verbose': 0, 'Selector__estimator': LinearSVC(), 'Selector__importance_getter': 'auto', 'Selector__max_features': 20, 'Selector__norm_order': 1, 'Selector__prefit': False, 'Selector__threshold': None, 'Classifier__memory': None, 'Classifier__steps': [('SVC', SVC(C=1000, cache_size=500, class_weight='balanced', coef0=4, degree=5,
    gamma=0.01, max_iter=1000000, probability=True, random_state=42))], 'Classifier__transform_input': None, 'Classifier__verbose': False, 'Classifier__SVC': SVC(C=1000, cache_size=500, class_weight='balanced', coef0=4, degree=5,
    gamma=0.01, max_iter=1000000, probability=True, random_state=42), 'Classifier__SVC__C': 1000, 'Classifier__SVC__break_ties': False, 'Classifier__SVC__cache_size': 500, 'Classifier__SVC__class_weight': 'balanced', 'Classifier__SVC__coef0': 4, 'Classifier__SVC__decision_function_shape': 'ovr', 'Classifier__SVC__degree': 5, 'Classifier__SVC__gamma': 0.01, 'Classifier__SVC__kernel': 'rbf', 'Classifier__SVC__max_iter': 1000000, 'Classifier__SVC__probability': True, 'Classifier__SVC__random_state': 42, 'Classifier__SVC__shrinking': True, 'Classifier__SVC__tol': 0.001, 'Classifier__SVC__verbose': False}","['x4' 'x6' 'x11' 'x12' 'x13' 'x16' 'x17' 'x19' 'x20' 'x21' 'x22' 'x23'
 'x26' 'x28' 'x29' 'x31' 'x32' 'x33' 'x36' 'x37']",,,0.0,0.0,0.0
95,Other,False,"{'memory': None, 'steps': [('Imputer', SimpleImputer()), ('Scaler', MinMaxScaler()), ('PCA', PCA(n_components=30, random_state=42)), ('Selector', SelectFromModel(estimator=LinearSVC(), max_features=16)), ('Classifier', Pipeline(steps=[('SVC',
                 SVC(C=0.1, cache_size=500, class_weight='balanced', coef0=4,
                     degree=5, gamma=0.01, kernel='poly', max_iter=1000000,
                     probability=True, random_state=42))]))], 'transform_input': None, 'verbose': False, 'Imputer': SimpleImputer(), 'Scaler': MinMaxScaler(), 'PCA': PCA(n_components=30, random_state=42), 'Selector': SelectFromModel(estimator=LinearSVC(), max_features=16), 'Classifier': Pipeline(steps=[('SVC',
                 SVC(C=0.1, cache_size=500, class_weight='balanced', coef0=4,
                     degree=5, gamma=0.01, kernel='poly', max_iter=1000000,
                     probability=True, random_state=42))]), 'Imputer__add_indicator': False, 'Imputer__copy': True, 'Imputer__fill_value': None, 'Imputer__keep_empty_features': False, 'Imputer__missing_values': nan, 'Imputer__strategy': 'mean', 'Scaler__clip': False, 'Scaler__copy': True, 'Scaler__feature_range': (0, 1), 'PCA__copy': True, 'PCA__iterated_power': 'auto', 'PCA__n_components': 30, 'PCA__n_oversamples': 10, 'PCA__power_iteration_normalizer': 'auto', 'PCA__random_state': 42, 'PCA__svd_solver': 'auto', 'PCA__tol': 0.0, 'PCA__whiten': False, 'Selector__estimator__C': 1.0, 'Selector__estimator__class_weight': None, 'Selector__estimator__dual': 'auto', 'Selector__estimator__fit_intercept': True, 'Selector__estimator__intercept_scaling': 1, 'Selector__estimator__loss': 'squared_hinge', 'Selector__estimator__max_iter': 1000, 'Selector__estimator__multi_class': 'ovr', 'Selector__estimator__penalty': 'l2', 'Selector__estimator__random_state': None, 'Selector__estimator__tol': 0.0001, 'Selector__estimator__verbose': 0, 'Selector__estimator': LinearSVC(), 'Selector__importance_getter': 'auto', 'Selector__max_features': 16, 'Selector__norm_order': 1, 'Selector__prefit': False, 'Selector__threshold': None, 'Classifier__memory': None, 'Classifier__steps': [('SVC', SVC(C=0.1, cache_size=500, class_weight='balanced', coef0=4, degree=5,
    gamma=0.01, kernel='poly', max_iter=1000000, probability=True,
    random_state=42))], 'Classifier__transform_input': None, 'Classifier__verbose': False, 'Classifier__SVC': SVC(C=0.1, cache_size=500, class_weight='balanced', coef0=4, degree=5,
    gamma=0.01, kernel='poly', max_iter=1000000, probability=True,
    random_state=42), 'Classifier__SVC__C': 0.1, 'Classifier__SVC__break_ties': False, 'Classifier__SVC__cache_size': 500, 'Classifier__SVC__class_weight': 'balanced', 'Classifier__SVC__coef0': 4, 'Classifier__SVC__decision_function_shape': 'ovr', 'Classifier__SVC__degree': 5, 'Classifier__SVC__gamma': 0.01, 'Classifier__SVC__kernel': 'poly', 'Classifier__SVC__max_iter': 1000000, 'Classifier__SVC__probability': True, 'Classifier__SVC__random_state': 42, 'Classifier__SVC__shrinking': True, 'Classifier__SVC__tol': 0.001, 'Classifier__SVC__verbose': False}","['x4' 'x6' 'x11' 'x12' 'x13' 'x16' 'x17' 'x19' 'x20' 'x21' 'x22' 'x23'
 'x26' 'x28' 'x29']",,,0.0,0.0,0.0
96,Other,False,"{'memory': None, 'steps': [('Imputer', SimpleImputer()), ('Scaler', MinMaxScaler()), ('PCA', PCA(n_components=40, random_state=42)), ('Selector', SelectFromModel(estimator=LinearSVC(), max_features=20)), ('Classifier', Pipeline(steps=[('SVC',
                 SVC(C=0.1, cache_size=500, class_weight='balanced', coef0=4,
                     degree=5, gamma=0.01, kernel='poly', max_iter=1000000,
                     probability=True, random_state=42))]))], 'transform_input': None, 'verbose': False, 'Imputer': SimpleImputer(), 'Scaler': MinMaxScaler(), 'PCA': PCA(n_components=40, random_state=42), 'Selector': SelectFromModel(estimator=LinearSVC(), max_features=20), 'Classifier': Pipeline(steps=[('SVC',
                 SVC(C=0.1, cache_size=500, class_weight='balanced', coef0=4,
                     degree=5, gamma=0.01, kernel='poly', max_iter=1000000,
                     probability=True, random_state=42))]), 'Imputer__add_indicator': False, 'Imputer__copy': True, 'Imputer__fill_value': None, 'Imputer__keep_empty_features': False, 'Imputer__missing_values': nan, 'Imputer__strategy': 'mean', 'Scaler__clip': False, 'Scaler__copy': True, 'Scaler__feature_range': (0, 1), 'PCA__copy': True, 'PCA__iterated_power': 'auto', 'PCA__n_components': 40, 'PCA__n_oversamples': 10, 'PCA__power_iteration_normalizer': 'auto', 'PCA__random_state': 42, 'PCA__svd_solver': 'auto', 'PCA__tol': 0.0, 'PCA__whiten': False, 'Selector__estimator__C': 1.0, 'Selector__estimator__class_weight': None, 'Selector__estimator__dual': 'auto', 'Selector__estimator__fit_intercept': True, 'Selector__estimator__intercept_scaling': 1, 'Selector__estimator__loss': 'squared_hinge', 'Selector__estimator__max_iter': 1000, 'Selector__estimator__multi_class': 'ovr', 'Selector__estimator__penalty': 'l2', 'Selector__estimator__random_state': None, 'Selector__estimator__tol': 0.0001, 'Selector__estimator__verbose': 0, 'Selector__estimator': LinearSVC(), 'Selector__importance_getter': 'auto', 'Selector__max_features': 20, 'Selector__norm_order': 1, 'Selector__prefit': False, 'Selector__threshold': None, 'Classifier__memory': None, 'Classifier__steps': [('SVC', SVC(C=0.1, cache_size=500, class_weight='balanced', coef0=4, degree=5,
    gamma=0.01, kernel='poly', max_iter=1000000, probability=True,
    random_state=42))], 'Classifier__transform_input': None, 'Classifier__verbose': False, 'Classifier__SVC': SVC(C=0.1, cache_size=500, class_weight='balanced', coef0=4, degree=5,
    gamma=0.01, kernel='poly', max_iter=1000000, probability=True,
    random_state=42), 'Classifier__SVC__C': 0.1, 'Classifier__SVC__break_ties': False, 'Classifier__SVC__cache_size': 500, 'Classifier__SVC__class_weight': 'balanced', 'Classifier__SVC__coef0': 4, 'Classifier__SVC__decision_function_shape': 'ovr', 'Classifier__SVC__degree': 5, 'Classifier__SVC__gamma': 0.01, 'Classifier__SVC__kernel': 'poly', 'Classifier__SVC__max_iter': 1000000, 'Classifier__SVC__probability': True, 'Classifier__SVC__random_state': 42, 'Classifier__SVC__shrinking': True, 'Classifier__SVC__tol': 0.001, 'Classifier__SVC__verbose': False}","['x4' 'x6' 'x11' 'x12' 'x13' 'x16' 'x17' 'x19' 'x20' 'x21' 'x22' 'x23'
 'x26' 'x28' 'x29' 'x31' 'x32' 'x33' 'x36' 'x37']",,,0.0,0.0,0.0
97,Other,False,"{'memory': None, 'steps': [('Imputer', SimpleImputer()), ('Scaler', MinMaxScaler()), ('PCA', PCA(n_components=40, random_state=42)), ('Selector', SelectFromModel(estimator=LinearSVC(), max_features=16)), ('Classifier', Pipeline(steps=[('SVC',
                 SVC(C=1000, cache_size=500, class_weight='balanced', coef0=4,
                     degree=5, gamma=0.1, max_iter=1000000, probability=True,
                     random_state=42))]))], 'transform_input': None, 'verbose': False, 'Imputer': SimpleImputer(), 'Scaler': MinMaxScaler(), 'PCA': PCA(n_components=40, random_state=42), 'Selector': SelectFromModel(estimator=LinearSVC(), max_features=16), 'Classifier': Pipeline(steps=[('SVC',
                 SVC(C=1000, cache_size=500, class_weight='balanced', coef0=4,
                     degree=5, gamma=0.1, max_iter=1000000, probability=True,
                     random_state=42))]), 'Imputer__add_indicator': False, 'Imputer__copy': True, 'Imputer__fill_value': None, 'Imputer__keep_empty_features': False, 'Imputer__missing_values': nan, 'Imputer__strategy': 'mean', 'Scaler__clip': False, 'Scaler__copy': True, 'Scaler__feature_range': (0, 1), 'PCA__copy': True, 'PCA__iterated_power': 'auto', 'PCA__n_components': 40, 'PCA__n_oversamples': 10, 'PCA__power_iteration_normalizer': 'auto', 'PCA__random_state': 42, 'PCA__svd_solver': 'auto', 'PCA__tol': 0.0, 'PCA__whiten': False, 'Selector__estimator__C': 1.0, 'Selector__estimator__class_weight': None, 'Selector__estimator__dual': 'auto', 'Selector__estimator__fit_intercept': True, 'Selector__estimator__intercept_scaling': 1, 'Selector__estimator__loss': 'squared_hinge', 'Selector__estimator__max_iter': 1000, 'Selector__estimator__multi_class': 'ovr', 'Selector__estimator__penalty': 'l2', 'Selector__estimator__random_state': None, 'Selector__estimator__tol': 0.0001, 'Selector__estimator__verbose': 0, 'Selector__estimator': LinearSVC(), 'Selector__importance_getter': 'auto', 'Selector__max_features': 16, 'Selector__norm_order': 1, 'Selector__prefit': False, 'Selector__threshold': None, 'Classifier__memory': None, 'Classifier__steps': [('SVC', SVC(C=1000, cache_size=500, class_weight='balanced', coef0=4, degree=5,
    gamma=0.1, max_iter=1000000, probability=True, random_state=42))], 'Classifier__transform_input': None, 'Classifier__verbose': False, 'Classifier__SVC': SVC(C=1000, cache_size=500, class_weight='balanced', coef0=4, degree=5,
    gamma=0.1, max_iter=1000000, probability=True, random_state=42), 'Classifier__SVC__C': 1000, 'Classifier__SVC__break_ties': False, 'Classifier__SVC__cache_size': 500, 'Classifier__SVC__class_weight': 'balanced', 'Classifier__SVC__coef0': 4, 'Classifier__SVC__decision_function_shape': 'ovr', 'Classifier__SVC__degree': 5, 'Classifier__SVC__gamma': 0.1, 'Classifier__SVC__kernel': 'rbf', 'Classifier__SVC__max_iter': 1000000, 'Classifier__SVC__probability': True, 'Classifier__SVC__random_state': 42, 'Classifier__SVC__shrinking': True, 'Classifier__SVC__tol': 0.001, 'Classifier__SVC__verbose': False}","['x4' 'x6' 'x16' 'x17' 'x19' 'x20' 'x21' 'x22' 'x23' 'x26' 'x28' 'x29'
 'x31' 'x33' 'x36' 'x37']",,,0.0,0.0,0.0
98,Other,False,"{'memory': None, 'steps': [('Imputer', SimpleImputer()), ('Scaler', MinMaxScaler()), ('PCA', PCA(n_components=30, random_state=42)), ('Selector', SelectFromModel(estimator=LinearSVC(), max_features=16)), ('Classifier', Pipeline(steps=[('SVC',
                 SVC(C=100, cache_size=500, class_weight='balanced', coef0=4,
                     degree=5, gamma=0.01, max_iter=1000000, probability=True,
                     random_state=42))]))], 'transform_input': None, 'verbose': False, 'Imputer': SimpleImputer(), 'Scaler': MinMaxScaler(), 'PCA': PCA(n_components=30, random_state=42), 'Selector': SelectFromModel(estimator=LinearSVC(), max_features=16), 'Classifier': Pipeline(steps=[('SVC',
                 SVC(C=100, cache_size=500, class_weight='balanced', coef0=4,
                     degree=5, gamma=0.01, max_iter=1000000, probability=True,
                     random_state=42))]), 'Imputer__add_indicator': False, 'Imputer__copy': True, 'Imputer__fill_value': None, 'Imputer__keep_empty_features': False, 'Imputer__missing_values': nan, 'Imputer__strategy': 'mean', 'Scaler__clip': False, 'Scaler__copy': True, 'Scaler__feature_range': (0, 1), 'PCA__copy': True, 'PCA__iterated_power': 'auto', 'PCA__n_components': 30, 'PCA__n_oversamples': 10, 'PCA__power_iteration_normalizer': 'auto', 'PCA__random_state': 42, 'PCA__svd_solver': 'auto', 'PCA__tol': 0.0, 'PCA__whiten': False, 'Selector__estimator__C': 1.0, 'Selector__estimator__class_weight': None, 'Selector__estimator__dual': 'auto', 'Selector__estimator__fit_intercept': True, 'Selector__estimator__intercept_scaling': 1, 'Selector__estimator__loss': 'squared_hinge', 'Selector__estimator__max_iter': 1000, 'Selector__estimator__multi_class': 'ovr', 'Selector__estimator__penalty': 'l2', 'Selector__estimator__random_state': None, 'Selector__estimator__tol': 0.0001, 'Selector__estimator__verbose': 0, 'Selector__estimator': LinearSVC(), 'Selector__importance_getter': 'auto', 'Selector__max_features': 16, 'Selector__norm_order': 1, 'Selector__prefit': False, 'Selector__threshold': None, 'Classifier__memory': None, 'Classifier__steps': [('SVC', SVC(C=100, cache_size=500, class_weight='balanced', coef0=4, degree=5,
    gamma=0.01, max_iter=1000000, probability=True, random_state=42))], 'Classifier__transform_input': None, 'Classifier__verbose': False, 'Classifier__SVC': SVC(C=100, cache_size=500, class_weight='balanced', coef0=4, degree=5,
    gamma=0.01, max_iter=1000000, probability=True, random_state=42), 'Classifier__SVC__C': 100, 'Classifier__SVC__break_ties': False, 'Classifier__SVC__cache_size': 500, 'Classifier__SVC__class_weight': 'balanced', 'Classifier__SVC__coef0': 4, 'Classifier__SVC__decision_function_shape': 'ovr', 'Classifier__SVC__degree': 5, 'Classifier__SVC__gamma': 0.01, 'Classifier__SVC__kernel': 'rbf', 'Classifier__SVC__max_iter': 1000000, 'Classifier__SVC__probability': True, 'Classifier__SVC__random_state': 42, 'Classifier__SVC__shrinking': True, 'Classifier__SVC__tol': 0.001, 'Classifier__SVC__verbose': False}","['x4' 'x6' 'x11' 'x12' 'x13' 'x16' 'x17' 'x19' 'x20' 'x21' 'x22' 'x23'
 'x26' 'x28' 'x29']",,,0.0,0.0,0.0
99,Other,False,"{'memory': None, 'steps': [('Imputer', SimpleImputer()), ('Scaler', MinMaxScaler()), ('PCA', PCA(n_components=30, random_state=42)), ('Selector', SelectFromModel(estimator=LinearSVC(), max_features=20)), ('Classifier', Pipeline(steps=[('SVC',
                 SVC(C=100, cache_size=500, class_weight='balanced', coef0=4,
                     degree=5, gamma=0.01, max_iter=1000000, probability=True,
                     random_state=42))]))], 'transform_input': None, 'verbose': False, 'Imputer': SimpleImputer(), 'Scaler': MinMaxScaler(), 'PCA': PCA(n_components=30, random_state=42), 'Selector': SelectFromModel(estimator=LinearSVC(), max_features=20), 'Classifier': Pipeline(steps=[('SVC',
                 SVC(C=100, cache_size=500, class_weight='balanced', coef0=4,
                     degree=5, gamma=0.01, max_iter=1000000, probability=True,
                     random_state=42))]), 'Imputer__add_indicator': False, 'Imputer__copy': True, 'Imputer__fill_value': None, 'Imputer__keep_empty_features': False, 'Imputer__missing_values': nan, 'Imputer__strategy': 'mean', 'Scaler__clip': False, 'Scaler__copy': True, 'Scaler__feature_range': (0, 1), 'PCA__copy': True, 'PCA__iterated_power': 'auto', 'PCA__n_components': 30, 'PCA__n_oversamples': 10, 'PCA__power_iteration_normalizer': 'auto', 'PCA__random_state': 42, 'PCA__svd_solver': 'auto', 'PCA__tol': 0.0, 'PCA__whiten': False, 'Selector__estimator__C': 1.0, 'Selector__estimator__class_weight': None, 'Selector__estimator__dual': 'auto', 'Selector__estimator__fit_intercept': True, 'Selector__estimator__intercept_scaling': 1, 'Selector__estimator__loss': 'squared_hinge', 'Selector__estimator__max_iter': 1000, 'Selector__estimator__multi_class': 'ovr', 'Selector__estimator__penalty': 'l2', 'Selector__estimator__random_state': None, 'Selector__estimator__tol': 0.0001, 'Selector__estimator__verbose': 0, 'Selector__estimator': LinearSVC(), 'Selector__importance_getter': 'auto', 'Selector__max_features': 20, 'Selector__norm_order': 1, 'Selector__prefit': False, 'Selector__threshold': None, 'Classifier__memory': None, 'Classifier__steps': [('SVC', SVC(C=100, cache_size=500, class_weight='balanced', coef0=4, degree=5,
    gamma=0.01, max_iter=1000000, probability=True, random_state=42))], 'Classifier__transform_input': None, 'Classifier__verbose': False, 'Classifier__SVC': SVC(C=100, cache_size=500, class_weight='balanced', coef0=4, degree=5,
    gamma=0.01, max_iter=1000000, probability=True, random_state=42), 'Classifier__SVC__C': 100, 'Classifier__SVC__break_ties': False, 'Classifier__SVC__cache_size': 500, 'Classifier__SVC__class_weight': 'balanced', 'Classifier__SVC__coef0': 4, 'Classifier__SVC__decision_function_shape': 'ovr', 'Classifier__SVC__degree': 5, 'Classifier__SVC__gamma': 0.01, 'Classifier__SVC__kernel': 'rbf', 'Classifier__SVC__max_iter': 1000000, 'Classifier__SVC__probability': True, 'Classifier__SVC__random_state': 42, 'Classifier__SVC__shrinking': True, 'Classifier__SVC__tol': 0.001, 'Classifier__SVC__verbose': False}","['x4' 'x6' 'x11' 'x12' 'x13' 'x16' 'x17' 'x19' 'x20' 'x21' 'x22' 'x23'
 'x26' 'x28' 'x29']",,,0.0,0.0,0.0
100,Piano,False,"{'memory': None, 'steps': [('Imputer', SimpleImputer()), ('Scaler', MinMaxScaler()), ('PCA', PCA(n_components=40, random_state=42)), ('Selector', SelectFromModel(estimator=LinearSVC(), max_features=16)), ('Classifier', Pipeline(steps=[('SVC',
                 SVC(C=1000, cache_size=500, class_weight='balanced', coef0=4,
                     degree=5, gamma=0.1, max_iter=1000000, probability=True,
                     random_state=42))]))], 'transform_input': None, 'verbose': False, 'Imputer': SimpleImputer(), 'Scaler': MinMaxScaler(), 'PCA': PCA(n_components=40, random_state=42), 'Selector': SelectFromModel(estimator=LinearSVC(), max_features=16), 'Classifier': Pipeline(steps=[('SVC',
                 SVC(C=1000, cache_size=500, class_weight='balanced', coef0=4,
                     degree=5, gamma=0.1, max_iter=1000000, probability=True,
                     random_state=42))]), 'Imputer__add_indicator': False, 'Imputer__copy': True, 'Imputer__fill_value': None, 'Imputer__keep_empty_features': False, 'Imputer__missing_values': nan, 'Imputer__strategy': 'mean', 'Scaler__clip': False, 'Scaler__copy': True, 'Scaler__feature_range': (0, 1), 'PCA__copy': True, 'PCA__iterated_power': 'auto', 'PCA__n_components': 40, 'PCA__n_oversamples': 10, 'PCA__power_iteration_normalizer': 'auto', 'PCA__random_state': 42, 'PCA__svd_solver': 'auto', 'PCA__tol': 0.0, 'PCA__whiten': False, 'Selector__estimator__C': 1.0, 'Selector__estimator__class_weight': None, 'Selector__estimator__dual': 'auto', 'Selector__estimator__fit_intercept': True, 'Selector__estimator__intercept_scaling': 1, 'Selector__estimator__loss': 'squared_hinge', 'Selector__estimator__max_iter': 1000, 'Selector__estimator__multi_class': 'ovr', 'Selector__estimator__penalty': 'l2', 'Selector__estimator__random_state': None, 'Selector__estimator__tol': 0.0001, 'Selector__estimator__verbose': 0, 'Selector__estimator': LinearSVC(), 'Selector__importance_getter': 'auto', 'Selector__max_features': 16, 'Selector__norm_order': 1, 'Selector__prefit': False, 'Selector__threshold': None, 'Classifier__memory': None, 'Classifier__steps': [('SVC', SVC(C=1000, cache_size=500, class_weight='balanced', coef0=4, degree=5,
    gamma=0.1, max_iter=1000000, probability=True, random_state=42))], 'Classifier__transform_input': None, 'Classifier__verbose': False, 'Classifier__SVC': SVC(C=1000, cache_size=500, class_weight='balanced', coef0=4, degree=5,
    gamma=0.1, max_iter=1000000, probability=True, random_state=42), 'Classifier__SVC__C': 1000, 'Classifier__SVC__break_ties': False, 'Classifier__SVC__cache_size': 500, 'Classifier__SVC__class_weight': 'balanced', 'Classifier__SVC__coef0': 4, 'Classifier__SVC__decision_function_shape': 'ovr', 'Classifier__SVC__degree': 5, 'Classifier__SVC__gamma': 0.1, 'Classifier__SVC__kernel': 'rbf', 'Classifier__SVC__max_iter': 1000000, 'Classifier__SVC__probability': True, 'Classifier__SVC__random_state': 42, 'Classifier__SVC__shrinking': True, 'Classifier__SVC__tol': 0.001, 'Classifier__SVC__verbose': False}","['x8' 'x11' 'x13' 'x14' 'x15' 'x16' 'x17' 'x20' 'x23' 'x25' 'x28' 'x32'
 'x34' 'x35' 'x37' 'x38']",,,0.0,0.0,0.0
101,Piano,False,"{'memory': None, 'steps': [('Imputer', SimpleImputer()), ('Scaler', MinMaxScaler()), ('PCA', PCA(n_components=40, random_state=42)), ('Selector', SelectFromModel(estimator=LinearSVC(), max_features=20)), ('Classifier', Pipeline(steps=[('SVC',
                 SVC(C=1000, cache_size=500, class_weight='balanced', coef0=4,
                     degree=5, gamma=0.1, max_iter=1000000, probability=True,
                     random_state=42))]))], 'transform_input': None, 'verbose': False, 'Imputer': SimpleImputer(), 'Scaler': MinMaxScaler(), 'PCA': PCA(n_components=40, random_state=42), 'Selector': SelectFromModel(estimator=LinearSVC(), max_features=20), 'Classifier': Pipeline(steps=[('SVC',
                 SVC(C=1000, cache_size=500, class_weight='balanced', coef0=4,
                     degree=5, gamma=0.1, max_iter=1000000, probability=True,
                     random_state=42))]), 'Imputer__add_indicator': False, 'Imputer__copy': True, 'Imputer__fill_value': None, 'Imputer__keep_empty_features': False, 'Imputer__missing_values': nan, 'Imputer__strategy': 'mean', 'Scaler__clip': False, 'Scaler__copy': True, 'Scaler__feature_range': (0, 1), 'PCA__copy': True, 'PCA__iterated_power': 'auto', 'PCA__n_components': 40, 'PCA__n_oversamples': 10, 'PCA__power_iteration_normalizer': 'auto', 'PCA__random_state': 42, 'PCA__svd_solver': 'auto', 'PCA__tol': 0.0, 'PCA__whiten': False, 'Selector__estimator__C': 1.0, 'Selector__estimator__class_weight': None, 'Selector__estimator__dual': 'auto', 'Selector__estimator__fit_intercept': True, 'Selector__estimator__intercept_scaling': 1, 'Selector__estimator__loss': 'squared_hinge', 'Selector__estimator__max_iter': 1000, 'Selector__estimator__multi_class': 'ovr', 'Selector__estimator__penalty': 'l2', 'Selector__estimator__random_state': None, 'Selector__estimator__tol': 0.0001, 'Selector__estimator__verbose': 0, 'Selector__estimator': LinearSVC(), 'Selector__importance_getter': 'auto', 'Selector__max_features': 20, 'Selector__norm_order': 1, 'Selector__prefit': False, 'Selector__threshold': None, 'Classifier__memory': None, 'Classifier__steps': [('SVC', SVC(C=1000, cache_size=500, class_weight='balanced', coef0=4, degree=5,
    gamma=0.1, max_iter=1000000, probability=True, random_state=42))], 'Classifier__transform_input': None, 'Classifier__verbose': False, 'Classifier__SVC': SVC(C=1000, cache_size=500, class_weight='balanced', coef0=4, degree=5,
    gamma=0.1, max_iter=1000000, probability=True, random_state=42), 'Classifier__SVC__C': 1000, 'Classifier__SVC__break_ties': False, 'Classifier__SVC__cache_size': 500, 'Classifier__SVC__class_weight': 'balanced', 'Classifier__SVC__coef0': 4, 'Classifier__SVC__decision_function_shape': 'ovr', 'Classifier__SVC__degree': 5, 'Classifier__SVC__gamma': 0.1, 'Classifier__SVC__kernel': 'rbf', 'Classifier__SVC__max_iter': 1000000, 'Classifier__SVC__probability': True, 'Classifier__SVC__random_state': 42, 'Classifier__SVC__shrinking': True, 'Classifier__SVC__tol': 0.001, 'Classifier__SVC__verbose': False}","['x8' 'x11' 'x13' 'x14' 'x15' 'x16' 'x17' 'x20' 'x23' 'x25' 'x28' 'x32'
 'x34' 'x35' 'x37' 'x38']",,,0.0,0.0,0.0
102,Piano,False,"{'memory': None, 'steps': [('Imputer', SimpleImputer()), ('Scaler', MinMaxScaler()), ('PCA', PCA(n_components=40, random_state=42)), ('Selector', SelectFromModel(estimator=LinearSVC(), max_features=12)), ('Classifier', Pipeline(steps=[('SVC',
                 SVC(C=1000, cache_size=500, class_weight='balanced', coef0=4,
                     degree=5, gamma=0.1, max_iter=1000000, probability=True,
                     random_state=42))]))], 'transform_input': None, 'verbose': False, 'Imputer': SimpleImputer(), 'Scaler': MinMaxScaler(), 'PCA': PCA(n_components=40, random_state=42), 'Selector': SelectFromModel(estimator=LinearSVC(), max_features=12), 'Classifier': Pipeline(steps=[('SVC',
                 SVC(C=1000, cache_size=500, class_weight='balanced', coef0=4,
                     degree=5, gamma=0.1, max_iter=1000000, probability=True,
                     random_state=42))]), 'Imputer__add_indicator': False, 'Imputer__copy': True, 'Imputer__fill_value': None, 'Imputer__keep_empty_features': False, 'Imputer__missing_values': nan, 'Imputer__strategy': 'mean', 'Scaler__clip': False, 'Scaler__copy': True, 'Scaler__feature_range': (0, 1), 'PCA__copy': True, 'PCA__iterated_power': 'auto', 'PCA__n_components': 40, 'PCA__n_oversamples': 10, 'PCA__power_iteration_normalizer': 'auto', 'PCA__random_state': 42, 'PCA__svd_solver': 'auto', 'PCA__tol': 0.0, 'PCA__whiten': False, 'Selector__estimator__C': 1.0, 'Selector__estimator__class_weight': None, 'Selector__estimator__dual': 'auto', 'Selector__estimator__fit_intercept': True, 'Selector__estimator__intercept_scaling': 1, 'Selector__estimator__loss': 'squared_hinge', 'Selector__estimator__max_iter': 1000, 'Selector__estimator__multi_class': 'ovr', 'Selector__estimator__penalty': 'l2', 'Selector__estimator__random_state': None, 'Selector__estimator__tol': 0.0001, 'Selector__estimator__verbose': 0, 'Selector__estimator': LinearSVC(), 'Selector__importance_getter': 'auto', 'Selector__max_features': 12, 'Selector__norm_order': 1, 'Selector__prefit': False, 'Selector__threshold': None, 'Classifier__memory': None, 'Classifier__steps': [('SVC', SVC(C=1000, cache_size=500, class_weight='balanced', coef0=4, degree=5,
    gamma=0.1, max_iter=1000000, probability=True, random_state=42))], 'Classifier__transform_input': None, 'Classifier__verbose': False, 'Classifier__SVC': SVC(C=1000, cache_size=500, class_weight='balanced', coef0=4, degree=5,
    gamma=0.1, max_iter=1000000, probability=True, random_state=42), 'Classifier__SVC__C': 1000, 'Classifier__SVC__break_ties': False, 'Classifier__SVC__cache_size': 500, 'Classifier__SVC__class_weight': 'balanced', 'Classifier__SVC__coef0': 4, 'Classifier__SVC__decision_function_shape': 'ovr', 'Classifier__SVC__degree': 5, 'Classifier__SVC__gamma': 0.1, 'Classifier__SVC__kernel': 'rbf', 'Classifier__SVC__max_iter': 1000000, 'Classifier__SVC__probability': True, 'Classifier__SVC__random_state': 42, 'Classifier__SVC__shrinking': True, 'Classifier__SVC__tol': 0.001, 'Classifier__SVC__verbose': False}",['x13' 'x14' 'x16' 'x17' 'x20' 'x23' 'x25' 'x32' 'x34' 'x35' 'x37' 'x38'],,,0.0,0.0,0.0
103,Piano,False,"{'memory': None, 'steps': [('Imputer', SimpleImputer()), ('Scaler', MinMaxScaler()), ('PCA', PCA(n_components=30, random_state=42)), ('Selector', SelectFromModel(estimator=LinearSVC(), max_features=12)), ('Classifier', Pipeline(steps=[('SVC',
                 SVC(C=1000, cache_size=500, class_weight='balanced', coef0=4,
                     degree=5, gamma=0.1, max_iter=1000000, probability=True,
                     random_state=42))]))], 'transform_input': None, 'verbose': False, 'Imputer': SimpleImputer(), 'Scaler': MinMaxScaler(), 'PCA': PCA(n_components=30, random_state=42), 'Selector': SelectFromModel(estimator=LinearSVC(), max_features=12), 'Classifier': Pipeline(steps=[('SVC',
                 SVC(C=1000, cache_size=500, class_weight='balanced', coef0=4,
                     degree=5, gamma=0.1, max_iter=1000000, probability=True,
                     random_state=42))]), 'Imputer__add_indicator': False, 'Imputer__copy': True, 'Imputer__fill_value': None, 'Imputer__keep_empty_features': False, 'Imputer__missing_values': nan, 'Imputer__strategy': 'mean', 'Scaler__clip': False, 'Scaler__copy': True, 'Scaler__feature_range': (0, 1), 'PCA__copy': True, 'PCA__iterated_power': 'auto', 'PCA__n_components': 30, 'PCA__n_oversamples': 10, 'PCA__power_iteration_normalizer': 'auto', 'PCA__random_state': 42, 'PCA__svd_solver': 'auto', 'PCA__tol': 0.0, 'PCA__whiten': False, 'Selector__estimator__C': 1.0, 'Selector__estimator__class_weight': None, 'Selector__estimator__dual': 'auto', 'Selector__estimator__fit_intercept': True, 'Selector__estimator__intercept_scaling': 1, 'Selector__estimator__loss': 'squared_hinge', 'Selector__estimator__max_iter': 1000, 'Selector__estimator__multi_class': 'ovr', 'Selector__estimator__penalty': 'l2', 'Selector__estimator__random_state': None, 'Selector__estimator__tol': 0.0001, 'Selector__estimator__verbose': 0, 'Selector__estimator': LinearSVC(), 'Selector__importance_getter': 'auto', 'Selector__max_features': 12, 'Selector__norm_order': 1, 'Selector__prefit': False, 'Selector__threshold': None, 'Classifier__memory': None, 'Classifier__steps': [('SVC', SVC(C=1000, cache_size=500, class_weight='balanced', coef0=4, degree=5,
    gamma=0.1, max_iter=1000000, probability=True, random_state=42))], 'Classifier__transform_input': None, 'Classifier__verbose': False, 'Classifier__SVC': SVC(C=1000, cache_size=500, class_weight='balanced', coef0=4, degree=5,
    gamma=0.1, max_iter=1000000, probability=True, random_state=42), 'Classifier__SVC__C': 1000, 'Classifier__SVC__break_ties': False, 'Classifier__SVC__cache_size': 500, 'Classifier__SVC__class_weight': 'balanced', 'Classifier__SVC__coef0': 4, 'Classifier__SVC__decision_function_shape': 'ovr', 'Classifier__SVC__degree': 5, 'Classifier__SVC__gamma': 0.1, 'Classifier__SVC__kernel': 'rbf', 'Classifier__SVC__max_iter': 1000000, 'Classifier__SVC__probability': True, 'Classifier__SVC__random_state': 42, 'Classifier__SVC__shrinking': True, 'Classifier__SVC__tol': 0.001, 'Classifier__SVC__verbose': False}",['x8' 'x11' 'x13' 'x14' 'x15' 'x16' 'x17' 'x20' 'x23' 'x25' 'x26' 'x28'],,,0.0,0.0,0.0
104,Piano,False,"{'memory': None, 'steps': [('Imputer', SimpleImputer()), ('Scaler', MinMaxScaler()), ('PCA', PCA(n_components=30, random_state=42)), ('Selector', SelectFromModel(estimator=LinearSVC(), max_features=16)), ('Classifier', Pipeline(steps=[('SVC',
                 SVC(C=1000, cache_size=500, class_weight='balanced', coef0=4,
                     degree=5, gamma=0.1, max_iter=1000000, probability=True,
                     random_state=42))]))], 'transform_input': None, 'verbose': False, 'Imputer': SimpleImputer(), 'Scaler': MinMaxScaler(), 'PCA': PCA(n_components=30, random_state=42), 'Selector': SelectFromModel(estimator=LinearSVC(), max_features=16), 'Classifier': Pipeline(steps=[('SVC',
                 SVC(C=1000, cache_size=500, class_weight='balanced', coef0=4,
                     degree=5, gamma=0.1, max_iter=1000000, probability=True,
                     random_state=42))]), 'Imputer__add_indicator': False, 'Imputer__copy': True, 'Imputer__fill_value': None, 'Imputer__keep_empty_features': False, 'Imputer__missing_values': nan, 'Imputer__strategy': 'mean', 'Scaler__clip': False, 'Scaler__copy': True, 'Scaler__feature_range': (0, 1), 'PCA__copy': True, 'PCA__iterated_power': 'auto', 'PCA__n_components': 30, 'PCA__n_oversamples': 10, 'PCA__power_iteration_normalizer': 'auto', 'PCA__random_state': 42, 'PCA__svd_solver': 'auto', 'PCA__tol': 0.0, 'PCA__whiten': False, 'Selector__estimator__C': 1.0, 'Selector__estimator__class_weight': None, 'Selector__estimator__dual': 'auto', 'Selector__estimator__fit_intercept': True, 'Selector__estimator__intercept_scaling': 1, 'Selector__estimator__loss': 'squared_hinge', 'Selector__estimator__max_iter': 1000, 'Selector__estimator__multi_class': 'ovr', 'Selector__estimator__penalty': 'l2', 'Selector__estimator__random_state': None, 'Selector__estimator__tol': 0.0001, 'Selector__estimator__verbose': 0, 'Selector__estimator': LinearSVC(), 'Selector__importance_getter': 'auto', 'Selector__max_features': 16, 'Selector__norm_order': 1, 'Selector__prefit': False, 'Selector__threshold': None, 'Classifier__memory': None, 'Classifier__steps': [('SVC', SVC(C=1000, cache_size=500, class_weight='balanced', coef0=4, degree=5,
    gamma=0.1, max_iter=1000000, probability=True, random_state=42))], 'Classifier__transform_input': None, 'Classifier__verbose': False, 'Classifier__SVC': SVC(C=1000, cache_size=500, class_weight='balanced', coef0=4, degree=5,
    gamma=0.1, max_iter=1000000, probability=True, random_state=42), 'Classifier__SVC__C': 1000, 'Classifier__SVC__break_ties': False, 'Classifier__SVC__cache_size': 500, 'Classifier__SVC__class_weight': 'balanced', 'Classifier__SVC__coef0': 4, 'Classifier__SVC__decision_function_shape': 'ovr', 'Classifier__SVC__degree': 5, 'Classifier__SVC__gamma': 0.1, 'Classifier__SVC__kernel': 'rbf', 'Classifier__SVC__max_iter': 1000000, 'Classifier__SVC__probability': True, 'Classifier__SVC__random_state': 42, 'Classifier__SVC__shrinking': True, 'Classifier__SVC__tol': 0.001, 'Classifier__SVC__verbose': False}",['x8' 'x11' 'x13' 'x14' 'x15' 'x16' 'x17' 'x20' 'x23' 'x25' 'x26' 'x28'],,,0.0,0.0,0.0
105,Piano,False,"{'memory': None, 'steps': [('Imputer', SimpleImputer()), ('Scaler', MinMaxScaler()), ('PCA', PCA(n_components=40, random_state=42)), ('Selector', SelectFromModel(estimator=LinearSVC(), max_features=16)), ('Classifier', Pipeline(steps=[('SVC',
                 SVC(C=100, cache_size=500, class_weight='balanced', coef0=4,
                     degree=5, gamma=0.1, max_iter=1000000, probability=True,
                     random_state=42))]))], 'transform_input': None, 'verbose': False, 'Imputer': SimpleImputer(), 'Scaler': MinMaxScaler(), 'PCA': PCA(n_components=40, random_state=42), 'Selector': SelectFromModel(estimator=LinearSVC(), max_features=16), 'Classifier': Pipeline(steps=[('SVC',
                 SVC(C=100, cache_size=500, class_weight='balanced', coef0=4,
                     degree=5, gamma=0.1, max_iter=1000000, probability=True,
                     random_state=42))]), 'Imputer__add_indicator': False, 'Imputer__copy': True, 'Imputer__fill_value': None, 'Imputer__keep_empty_features': False, 'Imputer__missing_values': nan, 'Imputer__strategy': 'mean', 'Scaler__clip': False, 'Scaler__copy': True, 'Scaler__feature_range': (0, 1), 'PCA__copy': True, 'PCA__iterated_power': 'auto', 'PCA__n_components': 40, 'PCA__n_oversamples': 10, 'PCA__power_iteration_normalizer': 'auto', 'PCA__random_state': 42, 'PCA__svd_solver': 'auto', 'PCA__tol': 0.0, 'PCA__whiten': False, 'Selector__estimator__C': 1.0, 'Selector__estimator__class_weight': None, 'Selector__estimator__dual': 'auto', 'Selector__estimator__fit_intercept': True, 'Selector__estimator__intercept_scaling': 1, 'Selector__estimator__loss': 'squared_hinge', 'Selector__estimator__max_iter': 1000, 'Selector__estimator__multi_class': 'ovr', 'Selector__estimator__penalty': 'l2', 'Selector__estimator__random_state': None, 'Selector__estimator__tol': 0.0001, 'Selector__estimator__verbose': 0, 'Selector__estimator': LinearSVC(), 'Selector__importance_getter': 'auto', 'Selector__max_features': 16, 'Selector__norm_order': 1, 'Selector__prefit': False, 'Selector__threshold': None, 'Classifier__memory': None, 'Classifier__steps': [('SVC', SVC(C=100, cache_size=500, class_weight='balanced', coef0=4, degree=5,
    gamma=0.1, max_iter=1000000, probability=True, random_state=42))], 'Classifier__transform_input': None, 'Classifier__verbose': False, 'Classifier__SVC': SVC(C=100, cache_size=500, class_weight='balanced', coef0=4, degree=5,
    gamma=0.1, max_iter=1000000, probability=True, random_state=42), 'Classifier__SVC__C': 100, 'Classifier__SVC__break_ties': False, 'Classifier__SVC__cache_size': 500, 'Classifier__SVC__class_weight': 'balanced', 'Classifier__SVC__coef0': 4, 'Classifier__SVC__decision_function_shape': 'ovr', 'Classifier__SVC__degree': 5, 'Classifier__SVC__gamma': 0.1, 'Classifier__SVC__kernel': 'rbf', 'Classifier__SVC__max_iter': 1000000, 'Classifier__SVC__probability': True, 'Classifier__SVC__random_state': 42, 'Classifier__SVC__shrinking': True, 'Classifier__SVC__tol': 0.001, 'Classifier__SVC__verbose': False}","['x8' 'x11' 'x13' 'x14' 'x15' 'x16' 'x17' 'x20' 'x23' 'x25' 'x28' 'x32'
 'x34' 'x35' 'x37' 'x38']",,,0.0,0.0,0.0
106,Piano,False,"{'memory': None, 'steps': [('Imputer', SimpleImputer()), ('Scaler', MinMaxScaler()), ('PCA', PCA(n_components=20, random_state=42)), ('Selector', SelectFromModel(estimator=LinearSVC(), max_features=12)), ('Classifier', Pipeline(steps=[('SVC',
                 SVC(C=1000, cache_size=500, class_weight='balanced', coef0=4,
                     degree=5, gamma=0.1, kernel='linear', max_iter=1000000,
                     probability=True, random_state=42))]))], 'transform_input': None, 'verbose': False, 'Imputer': SimpleImputer(), 'Scaler': MinMaxScaler(), 'PCA': PCA(n_components=20, random_state=42), 'Selector': SelectFromModel(estimator=LinearSVC(), max_features=12), 'Classifier': Pipeline(steps=[('SVC',
                 SVC(C=1000, cache_size=500, class_weight='balanced', coef0=4,
                     degree=5, gamma=0.1, kernel='linear', max_iter=1000000,
                     probability=True, random_state=42))]), 'Imputer__add_indicator': False, 'Imputer__copy': True, 'Imputer__fill_value': None, 'Imputer__keep_empty_features': False, 'Imputer__missing_values': nan, 'Imputer__strategy': 'mean', 'Scaler__clip': False, 'Scaler__copy': True, 'Scaler__feature_range': (0, 1), 'PCA__copy': True, 'PCA__iterated_power': 'auto', 'PCA__n_components': 20, 'PCA__n_oversamples': 10, 'PCA__power_iteration_normalizer': 'auto', 'PCA__random_state': 42, 'PCA__svd_solver': 'auto', 'PCA__tol': 0.0, 'PCA__whiten': False, 'Selector__estimator__C': 1.0, 'Selector__estimator__class_weight': None, 'Selector__estimator__dual': 'auto', 'Selector__estimator__fit_intercept': True, 'Selector__estimator__intercept_scaling': 1, 'Selector__estimator__loss': 'squared_hinge', 'Selector__estimator__max_iter': 1000, 'Selector__estimator__multi_class': 'ovr', 'Selector__estimator__penalty': 'l2', 'Selector__estimator__random_state': None, 'Selector__estimator__tol': 0.0001, 'Selector__estimator__verbose': 0, 'Selector__estimator': LinearSVC(), 'Selector__importance_getter': 'auto', 'Selector__max_features': 12, 'Selector__norm_order': 1, 'Selector__prefit': False, 'Selector__threshold': None, 'Classifier__memory': None, 'Classifier__steps': [('SVC', SVC(C=1000, cache_size=500, class_weight='balanced', coef0=4, degree=5,
    gamma=0.1, kernel='linear', max_iter=1000000, probability=True,
    random_state=42))], 'Classifier__transform_input': None, 'Classifier__verbose': False, 'Classifier__SVC': SVC(C=1000, cache_size=500, class_weight='balanced', coef0=4, degree=5,
    gamma=0.1, kernel='linear', max_iter=1000000, probability=True,
    random_state=42), 'Classifier__SVC__C': 1000, 'Classifier__SVC__break_ties': False, 'Classifier__SVC__cache_size': 500, 'Classifier__SVC__class_weight': 'balanced', 'Classifier__SVC__coef0': 4, 'Classifier__SVC__decision_function_shape': 'ovr', 'Classifier__SVC__degree': 5, 'Classifier__SVC__gamma': 0.1, 'Classifier__SVC__kernel': 'linear', 'Classifier__SVC__max_iter': 1000000, 'Classifier__SVC__probability': True, 'Classifier__SVC__random_state': 42, 'Classifier__SVC__shrinking': True, 'Classifier__SVC__tol': 0.001, 'Classifier__SVC__verbose': False}",['x4' 'x7' 'x11' 'x13' 'x14' 'x15' 'x16' 'x17'],,,0.0,0.0,0.0
107,Piano,False,"{'memory': None, 'steps': [('Imputer', SimpleImputer()), ('Scaler', MinMaxScaler()), ('PCA', PCA(n_components=30, random_state=42)), ('Selector', SelectFromModel(estimator=LinearSVC(), max_features=20)), ('Classifier', Pipeline(steps=[('SVC',
                 SVC(C=1000, cache_size=500, class_weight='balanced', coef0=4,
                     degree=5, gamma=0.1, max_iter=1000000, probability=True,
                     random_state=42))]))], 'transform_input': None, 'verbose': False, 'Imputer': SimpleImputer(), 'Scaler': MinMaxScaler(), 'PCA': PCA(n_components=30, random_state=42), 'Selector': SelectFromModel(estimator=LinearSVC(), max_features=20), 'Classifier': Pipeline(steps=[('SVC',
                 SVC(C=1000, cache_size=500, class_weight='balanced', coef0=4,
                     degree=5, gamma=0.1, max_iter=1000000, probability=True,
                     random_state=42))]), 'Imputer__add_indicator': False, 'Imputer__copy': True, 'Imputer__fill_value': None, 'Imputer__keep_empty_features': False, 'Imputer__missing_values': nan, 'Imputer__strategy': 'mean', 'Scaler__clip': False, 'Scaler__copy': True, 'Scaler__feature_range': (0, 1), 'PCA__copy': True, 'PCA__iterated_power': 'auto', 'PCA__n_components': 30, 'PCA__n_oversamples': 10, 'PCA__power_iteration_normalizer': 'auto', 'PCA__random_state': 42, 'PCA__svd_solver': 'auto', 'PCA__tol': 0.0, 'PCA__whiten': False, 'Selector__estimator__C': 1.0, 'Selector__estimator__class_weight': None, 'Selector__estimator__dual': 'auto', 'Selector__estimator__fit_intercept': True, 'Selector__estimator__intercept_scaling': 1, 'Selector__estimator__loss': 'squared_hinge', 'Selector__estimator__max_iter': 1000, 'Selector__estimator__multi_class': 'ovr', 'Selector__estimator__penalty': 'l2', 'Selector__estimator__random_state': None, 'Selector__estimator__tol': 0.0001, 'Selector__estimator__verbose': 0, 'Selector__estimator': LinearSVC(), 'Selector__importance_getter': 'auto', 'Selector__max_features': 20, 'Selector__norm_order': 1, 'Selector__prefit': False, 'Selector__threshold': None, 'Classifier__memory': None, 'Classifier__steps': [('SVC', SVC(C=1000, cache_size=500, class_weight='balanced', coef0=4, degree=5,
    gamma=0.1, max_iter=1000000, probability=True, random_state=42))], 'Classifier__transform_input': None, 'Classifier__verbose': False, 'Classifier__SVC': SVC(C=1000, cache_size=500, class_weight='balanced', coef0=4, degree=5,
    gamma=0.1, max_iter=1000000, probability=True, random_state=42), 'Classifier__SVC__C': 1000, 'Classifier__SVC__break_ties': False, 'Classifier__SVC__cache_size': 500, 'Classifier__SVC__class_weight': 'balanced', 'Classifier__SVC__coef0': 4, 'Classifier__SVC__decision_function_shape': 'ovr', 'Classifier__SVC__degree': 5, 'Classifier__SVC__gamma': 0.1, 'Classifier__SVC__kernel': 'rbf', 'Classifier__SVC__max_iter': 1000000, 'Classifier__SVC__probability': True, 'Classifier__SVC__random_state': 42, 'Classifier__SVC__shrinking': True, 'Classifier__SVC__tol': 0.001, 'Classifier__SVC__verbose': False}",['x8' 'x11' 'x13' 'x14' 'x15' 'x16' 'x17' 'x20' 'x23' 'x25' 'x26' 'x28'],,,0.0,0.0,0.0
108,Piano,False,"{'memory': None, 'steps': [('Imputer', SimpleImputer()), ('Scaler', MinMaxScaler()), ('PCA', PCA(n_components=30, random_state=42)), ('Selector', SelectFromModel(estimator=LinearSVC(), max_features=20)), ('Classifier', Pipeline(steps=[('SVC',
                 SVC(C=100, cache_size=500, class_weight='balanced', coef0=4,
                     degree=5, gamma=0.1, max_iter=1000000, probability=True,
                     random_state=42))]))], 'transform_input': None, 'verbose': False, 'Imputer': SimpleImputer(), 'Scaler': MinMaxScaler(), 'PCA': PCA(n_components=30, random_state=42), 'Selector': SelectFromModel(estimator=LinearSVC(), max_features=20), 'Classifier': Pipeline(steps=[('SVC',
                 SVC(C=100, cache_size=500, class_weight='balanced', coef0=4,
                     degree=5, gamma=0.1, max_iter=1000000, probability=True,
                     random_state=42))]), 'Imputer__add_indicator': False, 'Imputer__copy': True, 'Imputer__fill_value': None, 'Imputer__keep_empty_features': False, 'Imputer__missing_values': nan, 'Imputer__strategy': 'mean', 'Scaler__clip': False, 'Scaler__copy': True, 'Scaler__feature_range': (0, 1), 'PCA__copy': True, 'PCA__iterated_power': 'auto', 'PCA__n_components': 30, 'PCA__n_oversamples': 10, 'PCA__power_iteration_normalizer': 'auto', 'PCA__random_state': 42, 'PCA__svd_solver': 'auto', 'PCA__tol': 0.0, 'PCA__whiten': False, 'Selector__estimator__C': 1.0, 'Selector__estimator__class_weight': None, 'Selector__estimator__dual': 'auto', 'Selector__estimator__fit_intercept': True, 'Selector__estimator__intercept_scaling': 1, 'Selector__estimator__loss': 'squared_hinge', 'Selector__estimator__max_iter': 1000, 'Selector__estimator__multi_class': 'ovr', 'Selector__estimator__penalty': 'l2', 'Selector__estimator__random_state': None, 'Selector__estimator__tol': 0.0001, 'Selector__estimator__verbose': 0, 'Selector__estimator': LinearSVC(), 'Selector__importance_getter': 'auto', 'Selector__max_features': 20, 'Selector__norm_order': 1, 'Selector__prefit': False, 'Selector__threshold': None, 'Classifier__memory': None, 'Classifier__steps': [('SVC', SVC(C=100, cache_size=500, class_weight='balanced', coef0=4, degree=5,
    gamma=0.1, max_iter=1000000, probability=True, random_state=42))], 'Classifier__transform_input': None, 'Classifier__verbose': False, 'Classifier__SVC': SVC(C=100, cache_size=500, class_weight='balanced', coef0=4, degree=5,
    gamma=0.1, max_iter=1000000, probability=True, random_state=42), 'Classifier__SVC__C': 100, 'Classifier__SVC__break_ties': False, 'Classifier__SVC__cache_size': 500, 'Classifier__SVC__class_weight': 'balanced', 'Classifier__SVC__coef0': 4, 'Classifier__SVC__decision_function_shape': 'ovr', 'Classifier__SVC__degree': 5, 'Classifier__SVC__gamma': 0.1, 'Classifier__SVC__kernel': 'rbf', 'Classifier__SVC__max_iter': 1000000, 'Classifier__SVC__probability': True, 'Classifier__SVC__random_state': 42, 'Classifier__SVC__shrinking': True, 'Classifier__SVC__tol': 0.001, 'Classifier__SVC__verbose': False}",['x8' 'x11' 'x13' 'x14' 'x15' 'x16' 'x17' 'x20' 'x23' 'x25' 'x26' 'x28'],,,0.0,0.0,0.0
109,Piano,False,"{'memory': None, 'steps': [('Imputer', SimpleImputer()), ('Scaler', MinMaxScaler()), ('PCA', PCA(n_components=30, random_state=42)), ('Selector', SelectFromModel(estimator=LinearSVC(), max_features=16)), ('Classifier', Pipeline(steps=[('SVC',
                 SVC(C=100, cache_size=500, class_weight='balanced', coef0=4,
                     degree=5, gamma=0.1, max_iter=1000000, probability=True,
                     random_state=42))]))], 'transform_input': None, 'verbose': False, 'Imputer': SimpleImputer(), 'Scaler': MinMaxScaler(), 'PCA': PCA(n_components=30, random_state=42), 'Selector': SelectFromModel(estimator=LinearSVC(), max_features=16), 'Classifier': Pipeline(steps=[('SVC',
                 SVC(C=100, cache_size=500, class_weight='balanced', coef0=4,
                     degree=5, gamma=0.1, max_iter=1000000, probability=True,
                     random_state=42))]), 'Imputer__add_indicator': False, 'Imputer__copy': True, 'Imputer__fill_value': None, 'Imputer__keep_empty_features': False, 'Imputer__missing_values': nan, 'Imputer__strategy': 'mean', 'Scaler__clip': False, 'Scaler__copy': True, 'Scaler__feature_range': (0, 1), 'PCA__copy': True, 'PCA__iterated_power': 'auto', 'PCA__n_components': 30, 'PCA__n_oversamples': 10, 'PCA__power_iteration_normalizer': 'auto', 'PCA__random_state': 42, 'PCA__svd_solver': 'auto', 'PCA__tol': 0.0, 'PCA__whiten': False, 'Selector__estimator__C': 1.0, 'Selector__estimator__class_weight': None, 'Selector__estimator__dual': 'auto', 'Selector__estimator__fit_intercept': True, 'Selector__estimator__intercept_scaling': 1, 'Selector__estimator__loss': 'squared_hinge', 'Selector__estimator__max_iter': 1000, 'Selector__estimator__multi_class': 'ovr', 'Selector__estimator__penalty': 'l2', 'Selector__estimator__random_state': None, 'Selector__estimator__tol': 0.0001, 'Selector__estimator__verbose': 0, 'Selector__estimator': LinearSVC(), 'Selector__importance_getter': 'auto', 'Selector__max_features': 16, 'Selector__norm_order': 1, 'Selector__prefit': False, 'Selector__threshold': None, 'Classifier__memory': None, 'Classifier__steps': [('SVC', SVC(C=100, cache_size=500, class_weight='balanced', coef0=4, degree=5,
    gamma=0.1, max_iter=1000000, probability=True, random_state=42))], 'Classifier__transform_input': None, 'Classifier__verbose': False, 'Classifier__SVC': SVC(C=100, cache_size=500, class_weight='balanced', coef0=4, degree=5,
    gamma=0.1, max_iter=1000000, probability=True, random_state=42), 'Classifier__SVC__C': 100, 'Classifier__SVC__break_ties': False, 'Classifier__SVC__cache_size': 500, 'Classifier__SVC__class_weight': 'balanced', 'Classifier__SVC__coef0': 4, 'Classifier__SVC__decision_function_shape': 'ovr', 'Classifier__SVC__degree': 5, 'Classifier__SVC__gamma': 0.1, 'Classifier__SVC__kernel': 'rbf', 'Classifier__SVC__max_iter': 1000000, 'Classifier__SVC__probability': True, 'Classifier__SVC__random_state': 42, 'Classifier__SVC__shrinking': True, 'Classifier__SVC__tol': 0.001, 'Classifier__SVC__verbose': False}",['x8' 'x11' 'x13' 'x14' 'x15' 'x16' 'x17' 'x20' 'x23' 'x25' 'x26' 'x28'],,,0.0,0.0,0.0
110,Piano,False,"{'memory': None, 'steps': [('Imputer', SimpleImputer()), ('Scaler', MinMaxScaler()), ('PCA', PCA(n_components=20, random_state=42)), ('Selector', SelectFromModel(estimator=LinearSVC(), max_features=8)), ('Classifier', Pipeline(steps=[('SVC',
                 SVC(C=100, cache_size=500, class_weight='balanced', coef0=4,
                     degree=5, gamma=0.1, kernel='linear', max_iter=1000000,
                     probability=True, random_state=42))]))], 'transform_input': None, 'verbose': False, 'Imputer': SimpleImputer(), 'Scaler': MinMaxScaler(), 'PCA': PCA(n_components=20, random_state=42), 'Selector': SelectFromModel(estimator=LinearSVC(), max_features=8), 'Classifier': Pipeline(steps=[('SVC',
                 SVC(C=100, cache_size=500, class_weight='balanced', coef0=4,
                     degree=5, gamma=0.1, kernel='linear', max_iter=1000000,
                     probability=True, random_state=42))]), 'Imputer__add_indicator': False, 'Imputer__copy': True, 'Imputer__fill_value': None, 'Imputer__keep_empty_features': False, 'Imputer__missing_values': nan, 'Imputer__strategy': 'mean', 'Scaler__clip': False, 'Scaler__copy': True, 'Scaler__feature_range': (0, 1), 'PCA__copy': True, 'PCA__iterated_power': 'auto', 'PCA__n_components': 20, 'PCA__n_oversamples': 10, 'PCA__power_iteration_normalizer': 'auto', 'PCA__random_state': 42, 'PCA__svd_solver': 'auto', 'PCA__tol': 0.0, 'PCA__whiten': False, 'Selector__estimator__C': 1.0, 'Selector__estimator__class_weight': None, 'Selector__estimator__dual': 'auto', 'Selector__estimator__fit_intercept': True, 'Selector__estimator__intercept_scaling': 1, 'Selector__estimator__loss': 'squared_hinge', 'Selector__estimator__max_iter': 1000, 'Selector__estimator__multi_class': 'ovr', 'Selector__estimator__penalty': 'l2', 'Selector__estimator__random_state': None, 'Selector__estimator__tol': 0.0001, 'Selector__estimator__verbose': 0, 'Selector__estimator': LinearSVC(), 'Selector__importance_getter': 'auto', 'Selector__max_features': 8, 'Selector__norm_order': 1, 'Selector__prefit': False, 'Selector__threshold': None, 'Classifier__memory': None, 'Classifier__steps': [('SVC', SVC(C=100, cache_size=500, class_weight='balanced', coef0=4, degree=5,
    gamma=0.1, kernel='linear', max_iter=1000000, probability=True,
    random_state=42))], 'Classifier__transform_input': None, 'Classifier__verbose': False, 'Classifier__SVC': SVC(C=100, cache_size=500, class_weight='balanced', coef0=4, degree=5,
    gamma=0.1, kernel='linear', max_iter=1000000, probability=True,
    random_state=42), 'Classifier__SVC__C': 100, 'Classifier__SVC__break_ties': False, 'Classifier__SVC__cache_size': 500, 'Classifier__SVC__class_weight': 'balanced', 'Classifier__SVC__coef0': 4, 'Classifier__SVC__decision_function_shape': 'ovr', 'Classifier__SVC__degree': 5, 'Classifier__SVC__gamma': 0.1, 'Classifier__SVC__kernel': 'linear', 'Classifier__SVC__max_iter': 1000000, 'Classifier__SVC__probability': True, 'Classifier__SVC__random_state': 42, 'Classifier__SVC__shrinking': True, 'Classifier__SVC__tol': 0.001, 'Classifier__SVC__verbose': False}",['x4' 'x7' 'x11' 'x13' 'x14' 'x15' 'x16' 'x17'],,,0.0,0.0,0.0
111,Piano,False,"{'memory': None, 'steps': [('Imputer', SimpleImputer()), ('Scaler', MinMaxScaler()), ('PCA', PCA(n_components=20, random_state=42)), ('Selector', SelectFromModel(estimator=LinearSVC(), max_features=8)), ('Classifier', Pipeline(steps=[('SVC',
                 SVC(C=10, cache_size=500, class_weight='balanced', coef0=4,
                     degree=5, gamma=0.1, kernel='linear', max_iter=1000000,
                     probability=True, random_state=42))]))], 'transform_input': None, 'verbose': False, 'Imputer': SimpleImputer(), 'Scaler': MinMaxScaler(), 'PCA': PCA(n_components=20, random_state=42), 'Selector': SelectFromModel(estimator=LinearSVC(), max_features=8), 'Classifier': Pipeline(steps=[('SVC',
                 SVC(C=10, cache_size=500, class_weight='balanced', coef0=4,
                     degree=5, gamma=0.1, kernel='linear', max_iter=1000000,
                     probability=True, random_state=42))]), 'Imputer__add_indicator': False, 'Imputer__copy': True, 'Imputer__fill_value': None, 'Imputer__keep_empty_features': False, 'Imputer__missing_values': nan, 'Imputer__strategy': 'mean', 'Scaler__clip': False, 'Scaler__copy': True, 'Scaler__feature_range': (0, 1), 'PCA__copy': True, 'PCA__iterated_power': 'auto', 'PCA__n_components': 20, 'PCA__n_oversamples': 10, 'PCA__power_iteration_normalizer': 'auto', 'PCA__random_state': 42, 'PCA__svd_solver': 'auto', 'PCA__tol': 0.0, 'PCA__whiten': False, 'Selector__estimator__C': 1.0, 'Selector__estimator__class_weight': None, 'Selector__estimator__dual': 'auto', 'Selector__estimator__fit_intercept': True, 'Selector__estimator__intercept_scaling': 1, 'Selector__estimator__loss': 'squared_hinge', 'Selector__estimator__max_iter': 1000, 'Selector__estimator__multi_class': 'ovr', 'Selector__estimator__penalty': 'l2', 'Selector__estimator__random_state': None, 'Selector__estimator__tol': 0.0001, 'Selector__estimator__verbose': 0, 'Selector__estimator': LinearSVC(), 'Selector__importance_getter': 'auto', 'Selector__max_features': 8, 'Selector__norm_order': 1, 'Selector__prefit': False, 'Selector__threshold': None, 'Classifier__memory': None, 'Classifier__steps': [('SVC', SVC(C=10, cache_size=500, class_weight='balanced', coef0=4, degree=5, gamma=0.1,
    kernel='linear', max_iter=1000000, probability=True, random_state=42))], 'Classifier__transform_input': None, 'Classifier__verbose': False, 'Classifier__SVC': SVC(C=10, cache_size=500, class_weight='balanced', coef0=4, degree=5, gamma=0.1,
    kernel='linear', max_iter=1000000, probability=True, random_state=42), 'Classifier__SVC__C': 10, 'Classifier__SVC__break_ties': False, 'Classifier__SVC__cache_size': 500, 'Classifier__SVC__class_weight': 'balanced', 'Classifier__SVC__coef0': 4, 'Classifier__SVC__decision_function_shape': 'ovr', 'Classifier__SVC__degree': 5, 'Classifier__SVC__gamma': 0.1, 'Classifier__SVC__kernel': 'linear', 'Classifier__SVC__max_iter': 1000000, 'Classifier__SVC__probability': True, 'Classifier__SVC__random_state': 42, 'Classifier__SVC__shrinking': True, 'Classifier__SVC__tol': 0.001, 'Classifier__SVC__verbose': False}",['x4' 'x7' 'x11' 'x13' 'x14' 'x15' 'x16' 'x17'],,,0.0,0.0,0.0
112,Piano,False,"{'memory': None, 'steps': [('Imputer', SimpleImputer()), ('Scaler', MinMaxScaler()), ('PCA', PCA(n_components=30, random_state=42)), ('Selector', SelectFromModel(estimator=LinearSVC(), max_features=8)), ('Classifier', Pipeline(steps=[('SVC',
                 SVC(C=1000, cache_size=500, class_weight='balanced', coef0=4,
                     degree=5, gamma=0.1, max_iter=1000000, probability=True,
                     random_state=42))]))], 'transform_input': None, 'verbose': False, 'Imputer': SimpleImputer(), 'Scaler': MinMaxScaler(), 'PCA': PCA(n_components=30, random_state=42), 'Selector': SelectFromModel(estimator=LinearSVC(), max_features=8), 'Classifier': Pipeline(steps=[('SVC',
                 SVC(C=1000, cache_size=500, class_weight='balanced', coef0=4,
                     degree=5, gamma=0.1, max_iter=1000000, probability=True,
                     random_state=42))]), 'Imputer__add_indicator': False, 'Imputer__copy': True, 'Imputer__fill_value': None, 'Imputer__keep_empty_features': False, 'Imputer__missing_values': nan, 'Imputer__strategy': 'mean', 'Scaler__clip': False, 'Scaler__copy': True, 'Scaler__feature_range': (0, 1), 'PCA__copy': True, 'PCA__iterated_power': 'auto', 'PCA__n_components': 30, 'PCA__n_oversamples': 10, 'PCA__power_iteration_normalizer': 'auto', 'PCA__random_state': 42, 'PCA__svd_solver': 'auto', 'PCA__tol': 0.0, 'PCA__whiten': False, 'Selector__estimator__C': 1.0, 'Selector__estimator__class_weight': None, 'Selector__estimator__dual': 'auto', 'Selector__estimator__fit_intercept': True, 'Selector__estimator__intercept_scaling': 1, 'Selector__estimator__loss': 'squared_hinge', 'Selector__estimator__max_iter': 1000, 'Selector__estimator__multi_class': 'ovr', 'Selector__estimator__penalty': 'l2', 'Selector__estimator__random_state': None, 'Selector__estimator__tol': 0.0001, 'Selector__estimator__verbose': 0, 'Selector__estimator': LinearSVC(), 'Selector__importance_getter': 'auto', 'Selector__max_features': 8, 'Selector__norm_order': 1, 'Selector__prefit': False, 'Selector__threshold': None, 'Classifier__memory': None, 'Classifier__steps': [('SVC', SVC(C=1000, cache_size=500, class_weight='balanced', coef0=4, degree=5,
    gamma=0.1, max_iter=1000000, probability=True, random_state=42))], 'Classifier__transform_input': None, 'Classifier__verbose': False, 'Classifier__SVC': SVC(C=1000, cache_size=500, class_weight='balanced', coef0=4, degree=5,
    gamma=0.1, max_iter=1000000, probability=True, random_state=42), 'Classifier__SVC__C': 1000, 'Classifier__SVC__break_ties': False, 'Classifier__SVC__cache_size': 500, 'Classifier__SVC__class_weight': 'balanced', 'Classifier__SVC__coef0': 4, 'Classifier__SVC__decision_function_shape': 'ovr', 'Classifier__SVC__degree': 5, 'Classifier__SVC__gamma': 0.1, 'Classifier__SVC__kernel': 'rbf', 'Classifier__SVC__max_iter': 1000000, 'Classifier__SVC__probability': True, 'Classifier__SVC__random_state': 42, 'Classifier__SVC__shrinking': True, 'Classifier__SVC__tol': 0.001, 'Classifier__SVC__verbose': False}",['x13' 'x14' 'x15' 'x16' 'x17' 'x20' 'x23' 'x25'],,,0.0,0.0,0.0
113,Piano,False,"{'memory': None, 'steps': [('Imputer', SimpleImputer()), ('Scaler', MinMaxScaler()), ('PCA', PCA(n_components=20, random_state=42)), ('Selector', SelectFromModel(estimator=LinearSVC(), max_features=8)), ('Classifier', Pipeline(steps=[('SVC',
                 SVC(C=1000, cache_size=500, class_weight='balanced', coef0=4,
                     degree=5, gamma=0.1, kernel='linear', max_iter=1000000,
                     probability=True, random_state=42))]))], 'transform_input': None, 'verbose': False, 'Imputer': SimpleImputer(), 'Scaler': MinMaxScaler(), 'PCA': PCA(n_components=20, random_state=42), 'Selector': SelectFromModel(estimator=LinearSVC(), max_features=8), 'Classifier': Pipeline(steps=[('SVC',
                 SVC(C=1000, cache_size=500, class_weight='balanced', coef0=4,
                     degree=5, gamma=0.1, kernel='linear', max_iter=1000000,
                     probability=True, random_state=42))]), 'Imputer__add_indicator': False, 'Imputer__copy': True, 'Imputer__fill_value': None, 'Imputer__keep_empty_features': False, 'Imputer__missing_values': nan, 'Imputer__strategy': 'mean', 'Scaler__clip': False, 'Scaler__copy': True, 'Scaler__feature_range': (0, 1), 'PCA__copy': True, 'PCA__iterated_power': 'auto', 'PCA__n_components': 20, 'PCA__n_oversamples': 10, 'PCA__power_iteration_normalizer': 'auto', 'PCA__random_state': 42, 'PCA__svd_solver': 'auto', 'PCA__tol': 0.0, 'PCA__whiten': False, 'Selector__estimator__C': 1.0, 'Selector__estimator__class_weight': None, 'Selector__estimator__dual': 'auto', 'Selector__estimator__fit_intercept': True, 'Selector__estimator__intercept_scaling': 1, 'Selector__estimator__loss': 'squared_hinge', 'Selector__estimator__max_iter': 1000, 'Selector__estimator__multi_class': 'ovr', 'Selector__estimator__penalty': 'l2', 'Selector__estimator__random_state': None, 'Selector__estimator__tol': 0.0001, 'Selector__estimator__verbose': 0, 'Selector__estimator': LinearSVC(), 'Selector__importance_getter': 'auto', 'Selector__max_features': 8, 'Selector__norm_order': 1, 'Selector__prefit': False, 'Selector__threshold': None, 'Classifier__memory': None, 'Classifier__steps': [('SVC', SVC(C=1000, cache_size=500, class_weight='balanced', coef0=4, degree=5,
    gamma=0.1, kernel='linear', max_iter=1000000, probability=True,
    random_state=42))], 'Classifier__transform_input': None, 'Classifier__verbose': False, 'Classifier__SVC': SVC(C=1000, cache_size=500, class_weight='balanced', coef0=4, degree=5,
    gamma=0.1, kernel='linear', max_iter=1000000, probability=True,
    random_state=42), 'Classifier__SVC__C': 1000, 'Classifier__SVC__break_ties': False, 'Classifier__SVC__cache_size': 500, 'Classifier__SVC__class_weight': 'balanced', 'Classifier__SVC__coef0': 4, 'Classifier__SVC__decision_function_shape': 'ovr', 'Classifier__SVC__degree': 5, 'Classifier__SVC__gamma': 0.1, 'Classifier__SVC__kernel': 'linear', 'Classifier__SVC__max_iter': 1000000, 'Classifier__SVC__probability': True, 'Classifier__SVC__random_state': 42, 'Classifier__SVC__shrinking': True, 'Classifier__SVC__tol': 0.001, 'Classifier__SVC__verbose': False}",['x4' 'x7' 'x11' 'x13' 'x14' 'x15' 'x16' 'x17'],,,0.0,0.0,0.0
114,Piano,False,"{'memory': None, 'steps': [('Imputer', SimpleImputer()), ('Scaler', MinMaxScaler()), ('PCA', PCA(n_components=20, random_state=42)), ('Selector', SelectFromModel(estimator=LinearSVC(), max_features=16)), ('Classifier', Pipeline(steps=[('SVC',
                 SVC(C=10, cache_size=500, class_weight='balanced', coef0=4,
                     degree=5, gamma=0.1, kernel='linear', max_iter=1000000,
                     probability=True, random_state=42))]))], 'transform_input': None, 'verbose': False, 'Imputer': SimpleImputer(), 'Scaler': MinMaxScaler(), 'PCA': PCA(n_components=20, random_state=42), 'Selector': SelectFromModel(estimator=LinearSVC(), max_features=16), 'Classifier': Pipeline(steps=[('SVC',
                 SVC(C=10, cache_size=500, class_weight='balanced', coef0=4,
                     degree=5, gamma=0.1, kernel='linear', max_iter=1000000,
                     probability=True, random_state=42))]), 'Imputer__add_indicator': False, 'Imputer__copy': True, 'Imputer__fill_value': None, 'Imputer__keep_empty_features': False, 'Imputer__missing_values': nan, 'Imputer__strategy': 'mean', 'Scaler__clip': False, 'Scaler__copy': True, 'Scaler__feature_range': (0, 1), 'PCA__copy': True, 'PCA__iterated_power': 'auto', 'PCA__n_components': 20, 'PCA__n_oversamples': 10, 'PCA__power_iteration_normalizer': 'auto', 'PCA__random_state': 42, 'PCA__svd_solver': 'auto', 'PCA__tol': 0.0, 'PCA__whiten': False, 'Selector__estimator__C': 1.0, 'Selector__estimator__class_weight': None, 'Selector__estimator__dual': 'auto', 'Selector__estimator__fit_intercept': True, 'Selector__estimator__intercept_scaling': 1, 'Selector__estimator__loss': 'squared_hinge', 'Selector__estimator__max_iter': 1000, 'Selector__estimator__multi_class': 'ovr', 'Selector__estimator__penalty': 'l2', 'Selector__estimator__random_state': None, 'Selector__estimator__tol': 0.0001, 'Selector__estimator__verbose': 0, 'Selector__estimator': LinearSVC(), 'Selector__importance_getter': 'auto', 'Selector__max_features': 16, 'Selector__norm_order': 1, 'Selector__prefit': False, 'Selector__threshold': None, 'Classifier__memory': None, 'Classifier__steps': [('SVC', SVC(C=10, cache_size=500, class_weight='balanced', coef0=4, degree=5, gamma=0.1,
    kernel='linear', max_iter=1000000, probability=True, random_state=42))], 'Classifier__transform_input': None, 'Classifier__verbose': False, 'Classifier__SVC': SVC(C=10, cache_size=500, class_weight='balanced', coef0=4, degree=5, gamma=0.1,
    kernel='linear', max_iter=1000000, probability=True, random_state=42), 'Classifier__SVC__C': 10, 'Classifier__SVC__break_ties': False, 'Classifier__SVC__cache_size': 500, 'Classifier__SVC__class_weight': 'balanced', 'Classifier__SVC__coef0': 4, 'Classifier__SVC__decision_function_shape': 'ovr', 'Classifier__SVC__degree': 5, 'Classifier__SVC__gamma': 0.1, 'Classifier__SVC__kernel': 'linear', 'Classifier__SVC__max_iter': 1000000, 'Classifier__SVC__probability': True, 'Classifier__SVC__random_state': 42, 'Classifier__SVC__shrinking': True, 'Classifier__SVC__tol': 0.001, 'Classifier__SVC__verbose': False}",['x4' 'x7' 'x11' 'x13' 'x14' 'x15' 'x16' 'x17'],,,0.0,0.0,0.0
115,Piano,False,"{'memory': None, 'steps': [('Imputer', SimpleImputer()), ('Scaler', MinMaxScaler()), ('PCA', PCA(n_components=20, random_state=42)), ('Selector', SelectFromModel(estimator=LinearSVC(), max_features=12)), ('Classifier', Pipeline(steps=[('SVC',
                 SVC(C=100, cache_size=500, class_weight='balanced', coef0=4,
                     degree=5, gamma=0.1, kernel='linear', max_iter=1000000,
                     probability=True, random_state=42))]))], 'transform_input': None, 'verbose': False, 'Imputer': SimpleImputer(), 'Scaler': MinMaxScaler(), 'PCA': PCA(n_components=20, random_state=42), 'Selector': SelectFromModel(estimator=LinearSVC(), max_features=12), 'Classifier': Pipeline(steps=[('SVC',
                 SVC(C=100, cache_size=500, class_weight='balanced', coef0=4,
                     degree=5, gamma=0.1, kernel='linear', max_iter=1000000,
                     probability=True, random_state=42))]), 'Imputer__add_indicator': False, 'Imputer__copy': True, 'Imputer__fill_value': None, 'Imputer__keep_empty_features': False, 'Imputer__missing_values': nan, 'Imputer__strategy': 'mean', 'Scaler__clip': False, 'Scaler__copy': True, 'Scaler__feature_range': (0, 1), 'PCA__copy': True, 'PCA__iterated_power': 'auto', 'PCA__n_components': 20, 'PCA__n_oversamples': 10, 'PCA__power_iteration_normalizer': 'auto', 'PCA__random_state': 42, 'PCA__svd_solver': 'auto', 'PCA__tol': 0.0, 'PCA__whiten': False, 'Selector__estimator__C': 1.0, 'Selector__estimator__class_weight': None, 'Selector__estimator__dual': 'auto', 'Selector__estimator__fit_intercept': True, 'Selector__estimator__intercept_scaling': 1, 'Selector__estimator__loss': 'squared_hinge', 'Selector__estimator__max_iter': 1000, 'Selector__estimator__multi_class': 'ovr', 'Selector__estimator__penalty': 'l2', 'Selector__estimator__random_state': None, 'Selector__estimator__tol': 0.0001, 'Selector__estimator__verbose': 0, 'Selector__estimator': LinearSVC(), 'Selector__importance_getter': 'auto', 'Selector__max_features': 12, 'Selector__norm_order': 1, 'Selector__prefit': False, 'Selector__threshold': None, 'Classifier__memory': None, 'Classifier__steps': [('SVC', SVC(C=100, cache_size=500, class_weight='balanced', coef0=4, degree=5,
    gamma=0.1, kernel='linear', max_iter=1000000, probability=True,
    random_state=42))], 'Classifier__transform_input': None, 'Classifier__verbose': False, 'Classifier__SVC': SVC(C=100, cache_size=500, class_weight='balanced', coef0=4, degree=5,
    gamma=0.1, kernel='linear', max_iter=1000000, probability=True,
    random_state=42), 'Classifier__SVC__C': 100, 'Classifier__SVC__break_ties': False, 'Classifier__SVC__cache_size': 500, 'Classifier__SVC__class_weight': 'balanced', 'Classifier__SVC__coef0': 4, 'Classifier__SVC__decision_function_shape': 'ovr', 'Classifier__SVC__degree': 5, 'Classifier__SVC__gamma': 0.1, 'Classifier__SVC__kernel': 'linear', 'Classifier__SVC__max_iter': 1000000, 'Classifier__SVC__probability': True, 'Classifier__SVC__random_state': 42, 'Classifier__SVC__shrinking': True, 'Classifier__SVC__tol': 0.001, 'Classifier__SVC__verbose': False}",['x4' 'x7' 'x11' 'x13' 'x14' 'x15' 'x16' 'x17'],,,0.0,0.0,0.0
116,Piano,False,"{'memory': None, 'steps': [('Imputer', SimpleImputer()), ('Scaler', MinMaxScaler()), ('PCA', PCA(n_components=20, random_state=42)), ('Selector', SelectFromModel(estimator=LinearSVC(), max_features=16)), ('Classifier', Pipeline(steps=[('SVC',
                 SVC(C=1000, cache_size=500, class_weight='balanced', coef0=4,
                     degree=5, gamma=0.1, kernel='linear', max_iter=1000000,
                     probability=True, random_state=42))]))], 'transform_input': None, 'verbose': False, 'Imputer': SimpleImputer(), 'Scaler': MinMaxScaler(), 'PCA': PCA(n_components=20, random_state=42), 'Selector': SelectFromModel(estimator=LinearSVC(), max_features=16), 'Classifier': Pipeline(steps=[('SVC',
                 SVC(C=1000, cache_size=500, class_weight='balanced', coef0=4,
                     degree=5, gamma=0.1, kernel='linear', max_iter=1000000,
                     probability=True, random_state=42))]), 'Imputer__add_indicator': False, 'Imputer__copy': True, 'Imputer__fill_value': None, 'Imputer__keep_empty_features': False, 'Imputer__missing_values': nan, 'Imputer__strategy': 'mean', 'Scaler__clip': False, 'Scaler__copy': True, 'Scaler__feature_range': (0, 1), 'PCA__copy': True, 'PCA__iterated_power': 'auto', 'PCA__n_components': 20, 'PCA__n_oversamples': 10, 'PCA__power_iteration_normalizer': 'auto', 'PCA__random_state': 42, 'PCA__svd_solver': 'auto', 'PCA__tol': 0.0, 'PCA__whiten': False, 'Selector__estimator__C': 1.0, 'Selector__estimator__class_weight': None, 'Selector__estimator__dual': 'auto', 'Selector__estimator__fit_intercept': True, 'Selector__estimator__intercept_scaling': 1, 'Selector__estimator__loss': 'squared_hinge', 'Selector__estimator__max_iter': 1000, 'Selector__estimator__multi_class': 'ovr', 'Selector__estimator__penalty': 'l2', 'Selector__estimator__random_state': None, 'Selector__estimator__tol': 0.0001, 'Selector__estimator__verbose': 0, 'Selector__estimator': LinearSVC(), 'Selector__importance_getter': 'auto', 'Selector__max_features': 16, 'Selector__norm_order': 1, 'Selector__prefit': False, 'Selector__threshold': None, 'Classifier__memory': None, 'Classifier__steps': [('SVC', SVC(C=1000, cache_size=500, class_weight='balanced', coef0=4, degree=5,
    gamma=0.1, kernel='linear', max_iter=1000000, probability=True,
    random_state=42))], 'Classifier__transform_input': None, 'Classifier__verbose': False, 'Classifier__SVC': SVC(C=1000, cache_size=500, class_weight='balanced', coef0=4, degree=5,
    gamma=0.1, kernel='linear', max_iter=1000000, probability=True,
    random_state=42), 'Classifier__SVC__C': 1000, 'Classifier__SVC__break_ties': False, 'Classifier__SVC__cache_size': 500, 'Classifier__SVC__class_weight': 'balanced', 'Classifier__SVC__coef0': 4, 'Classifier__SVC__decision_function_shape': 'ovr', 'Classifier__SVC__degree': 5, 'Classifier__SVC__gamma': 0.1, 'Classifier__SVC__kernel': 'linear', 'Classifier__SVC__max_iter': 1000000, 'Classifier__SVC__probability': True, 'Classifier__SVC__random_state': 42, 'Classifier__SVC__shrinking': True, 'Classifier__SVC__tol': 0.001, 'Classifier__SVC__verbose': False}",['x4' 'x7' 'x11' 'x13' 'x14' 'x15' 'x16' 'x17'],,,0.0,0.0,0.0
117,Piano,False,"{'memory': None, 'steps': [('Imputer', SimpleImputer()), ('Scaler', MinMaxScaler()), ('PCA', PCA(n_components=30, random_state=42)), ('Selector', SelectFromModel(estimator=LinearSVC(), max_features=16)), ('Classifier', Pipeline(steps=[('SVC',
                 SVC(C=1000, cache_size=500, class_weight='balanced', coef0=4,
                     degree=5, gamma=0.01, max_iter=1000000, probability=True,
                     random_state=42))]))], 'transform_input': None, 'verbose': False, 'Imputer': SimpleImputer(), 'Scaler': MinMaxScaler(), 'PCA': PCA(n_components=30, random_state=42), 'Selector': SelectFromModel(estimator=LinearSVC(), max_features=16), 'Classifier': Pipeline(steps=[('SVC',
                 SVC(C=1000, cache_size=500, class_weight='balanced', coef0=4,
                     degree=5, gamma=0.01, max_iter=1000000, probability=True,
                     random_state=42))]), 'Imputer__add_indicator': False, 'Imputer__copy': True, 'Imputer__fill_value': None, 'Imputer__keep_empty_features': False, 'Imputer__missing_values': nan, 'Imputer__strategy': 'mean', 'Scaler__clip': False, 'Scaler__copy': True, 'Scaler__feature_range': (0, 1), 'PCA__copy': True, 'PCA__iterated_power': 'auto', 'PCA__n_components': 30, 'PCA__n_oversamples': 10, 'PCA__power_iteration_normalizer': 'auto', 'PCA__random_state': 42, 'PCA__svd_solver': 'auto', 'PCA__tol': 0.0, 'PCA__whiten': False, 'Selector__estimator__C': 1.0, 'Selector__estimator__class_weight': None, 'Selector__estimator__dual': 'auto', 'Selector__estimator__fit_intercept': True, 'Selector__estimator__intercept_scaling': 1, 'Selector__estimator__loss': 'squared_hinge', 'Selector__estimator__max_iter': 1000, 'Selector__estimator__multi_class': 'ovr', 'Selector__estimator__penalty': 'l2', 'Selector__estimator__random_state': None, 'Selector__estimator__tol': 0.0001, 'Selector__estimator__verbose': 0, 'Selector__estimator': LinearSVC(), 'Selector__importance_getter': 'auto', 'Selector__max_features': 16, 'Selector__norm_order': 1, 'Selector__prefit': False, 'Selector__threshold': None, 'Classifier__memory': None, 'Classifier__steps': [('SVC', SVC(C=1000, cache_size=500, class_weight='balanced', coef0=4, degree=5,
    gamma=0.01, max_iter=1000000, probability=True, random_state=42))], 'Classifier__transform_input': None, 'Classifier__verbose': False, 'Classifier__SVC': SVC(C=1000, cache_size=500, class_weight='balanced', coef0=4, degree=5,
    gamma=0.01, max_iter=1000000, probability=True, random_state=42), 'Classifier__SVC__C': 1000, 'Classifier__SVC__break_ties': False, 'Classifier__SVC__cache_size': 500, 'Classifier__SVC__class_weight': 'balanced', 'Classifier__SVC__coef0': 4, 'Classifier__SVC__decision_function_shape': 'ovr', 'Classifier__SVC__degree': 5, 'Classifier__SVC__gamma': 0.01, 'Classifier__SVC__kernel': 'rbf', 'Classifier__SVC__max_iter': 1000000, 'Classifier__SVC__probability': True, 'Classifier__SVC__random_state': 42, 'Classifier__SVC__shrinking': True, 'Classifier__SVC__tol': 0.001, 'Classifier__SVC__verbose': False}",['x8' 'x11' 'x13' 'x14' 'x15' 'x16' 'x17' 'x20' 'x23' 'x25' 'x26' 'x28'],,,0.0,0.0,0.0
118,Piano,False,"{'memory': None, 'steps': [('Imputer', SimpleImputer()), ('Scaler', MinMaxScaler()), ('PCA', PCA(n_components=30, random_state=42)), ('Selector', SelectFromModel(estimator=LinearSVC(), max_features=16)), ('Classifier', Pipeline(steps=[('SVC',
                 SVC(C=1000, cache_size=500, class_weight='balanced', coef0=4,
                     degree=5, gamma=0.001, max_iter=1000000, probability=True,
                     random_state=42))]))], 'transform_input': None, 'verbose': False, 'Imputer': SimpleImputer(), 'Scaler': MinMaxScaler(), 'PCA': PCA(n_components=30, random_state=42), 'Selector': SelectFromModel(estimator=LinearSVC(), max_features=16), 'Classifier': Pipeline(steps=[('SVC',
                 SVC(C=1000, cache_size=500, class_weight='balanced', coef0=4,
                     degree=5, gamma=0.001, max_iter=1000000, probability=True,
                     random_state=42))]), 'Imputer__add_indicator': False, 'Imputer__copy': True, 'Imputer__fill_value': None, 'Imputer__keep_empty_features': False, 'Imputer__missing_values': nan, 'Imputer__strategy': 'mean', 'Scaler__clip': False, 'Scaler__copy': True, 'Scaler__feature_range': (0, 1), 'PCA__copy': True, 'PCA__iterated_power': 'auto', 'PCA__n_components': 30, 'PCA__n_oversamples': 10, 'PCA__power_iteration_normalizer': 'auto', 'PCA__random_state': 42, 'PCA__svd_solver': 'auto', 'PCA__tol': 0.0, 'PCA__whiten': False, 'Selector__estimator__C': 1.0, 'Selector__estimator__class_weight': None, 'Selector__estimator__dual': 'auto', 'Selector__estimator__fit_intercept': True, 'Selector__estimator__intercept_scaling': 1, 'Selector__estimator__loss': 'squared_hinge', 'Selector__estimator__max_iter': 1000, 'Selector__estimator__multi_class': 'ovr', 'Selector__estimator__penalty': 'l2', 'Selector__estimator__random_state': None, 'Selector__estimator__tol': 0.0001, 'Selector__estimator__verbose': 0, 'Selector__estimator': LinearSVC(), 'Selector__importance_getter': 'auto', 'Selector__max_features': 16, 'Selector__norm_order': 1, 'Selector__prefit': False, 'Selector__threshold': None, 'Classifier__memory': None, 'Classifier__steps': [('SVC', SVC(C=1000, cache_size=500, class_weight='balanced', coef0=4, degree=5,
    gamma=0.001, max_iter=1000000, probability=True, random_state=42))], 'Classifier__transform_input': None, 'Classifier__verbose': False, 'Classifier__SVC': SVC(C=1000, cache_size=500, class_weight='balanced', coef0=4, degree=5,
    gamma=0.001, max_iter=1000000, probability=True, random_state=42), 'Classifier__SVC__C': 1000, 'Classifier__SVC__break_ties': False, 'Classifier__SVC__cache_size': 500, 'Classifier__SVC__class_weight': 'balanced', 'Classifier__SVC__coef0': 4, 'Classifier__SVC__decision_function_shape': 'ovr', 'Classifier__SVC__degree': 5, 'Classifier__SVC__gamma': 0.001, 'Classifier__SVC__kernel': 'rbf', 'Classifier__SVC__max_iter': 1000000, 'Classifier__SVC__probability': True, 'Classifier__SVC__random_state': 42, 'Classifier__SVC__shrinking': True, 'Classifier__SVC__tol': 0.001, 'Classifier__SVC__verbose': False}",['x8' 'x11' 'x13' 'x14' 'x15' 'x16' 'x17' 'x20' 'x23' 'x25' 'x26' 'x28'],,,0.0,0.0,0.0
119,Piano,False,"{'memory': None, 'steps': [('Imputer', SimpleImputer()), ('Scaler', MinMaxScaler()), ('PCA', PCA(n_components=30, random_state=42)), ('Selector', SelectFromModel(estimator=LinearSVC(), max_features=12)), ('Classifier', Pipeline(steps=[('SVC',
                 SVC(C=100, cache_size=500, class_weight='balanced', coef0=4,
                     degree=5, gamma=0.1, max_iter=1000000, probability=True,
                     random_state=42))]))], 'transform_input': None, 'verbose': False, 'Imputer': SimpleImputer(), 'Scaler': MinMaxScaler(), 'PCA': PCA(n_components=30, random_state=42), 'Selector': SelectFromModel(estimator=LinearSVC(), max_features=12), 'Classifier': Pipeline(steps=[('SVC',
                 SVC(C=100, cache_size=500, class_weight='balanced', coef0=4,
                     degree=5, gamma=0.1, max_iter=1000000, probability=True,
                     random_state=42))]), 'Imputer__add_indicator': False, 'Imputer__copy': True, 'Imputer__fill_value': None, 'Imputer__keep_empty_features': False, 'Imputer__missing_values': nan, 'Imputer__strategy': 'mean', 'Scaler__clip': False, 'Scaler__copy': True, 'Scaler__feature_range': (0, 1), 'PCA__copy': True, 'PCA__iterated_power': 'auto', 'PCA__n_components': 30, 'PCA__n_oversamples': 10, 'PCA__power_iteration_normalizer': 'auto', 'PCA__random_state': 42, 'PCA__svd_solver': 'auto', 'PCA__tol': 0.0, 'PCA__whiten': False, 'Selector__estimator__C': 1.0, 'Selector__estimator__class_weight': None, 'Selector__estimator__dual': 'auto', 'Selector__estimator__fit_intercept': True, 'Selector__estimator__intercept_scaling': 1, 'Selector__estimator__loss': 'squared_hinge', 'Selector__estimator__max_iter': 1000, 'Selector__estimator__multi_class': 'ovr', 'Selector__estimator__penalty': 'l2', 'Selector__estimator__random_state': None, 'Selector__estimator__tol': 0.0001, 'Selector__estimator__verbose': 0, 'Selector__estimator': LinearSVC(), 'Selector__importance_getter': 'auto', 'Selector__max_features': 12, 'Selector__norm_order': 1, 'Selector__prefit': False, 'Selector__threshold': None, 'Classifier__memory': None, 'Classifier__steps': [('SVC', SVC(C=100, cache_size=500, class_weight='balanced', coef0=4, degree=5,
    gamma=0.1, max_iter=1000000, probability=True, random_state=42))], 'Classifier__transform_input': None, 'Classifier__verbose': False, 'Classifier__SVC': SVC(C=100, cache_size=500, class_weight='balanced', coef0=4, degree=5,
    gamma=0.1, max_iter=1000000, probability=True, random_state=42), 'Classifier__SVC__C': 100, 'Classifier__SVC__break_ties': False, 'Classifier__SVC__cache_size': 500, 'Classifier__SVC__class_weight': 'balanced', 'Classifier__SVC__coef0': 4, 'Classifier__SVC__decision_function_shape': 'ovr', 'Classifier__SVC__degree': 5, 'Classifier__SVC__gamma': 0.1, 'Classifier__SVC__kernel': 'rbf', 'Classifier__SVC__max_iter': 1000000, 'Classifier__SVC__probability': True, 'Classifier__SVC__random_state': 42, 'Classifier__SVC__shrinking': True, 'Classifier__SVC__tol': 0.001, 'Classifier__SVC__verbose': False}",['x8' 'x11' 'x13' 'x14' 'x15' 'x16' 'x17' 'x20' 'x23' 'x25' 'x26' 'x28'],,,0.0,0.0,0.0
120,Vocals,False,"{'memory': None, 'steps': [('Imputer', SimpleImputer()), ('Scaler', MinMaxScaler()), ('PCA', PCA(n_components=40, random_state=42)), ('Selector', SelectFromModel(estimator=LinearSVC(), max_features=20)), ('Classifier', Pipeline(steps=[('SVC',
                 SVC(C=1000, cache_size=500, class_weight='balanced', coef0=4,
                     degree=5, gamma=0.1, max_iter=1000000, probability=True,
                     random_state=42))]))], 'transform_input': None, 'verbose': False, 'Imputer': SimpleImputer(), 'Scaler': MinMaxScaler(), 'PCA': PCA(n_components=40, random_state=42), 'Selector': SelectFromModel(estimator=LinearSVC(), max_features=20), 'Classifier': Pipeline(steps=[('SVC',
                 SVC(C=1000, cache_size=500, class_weight='balanced', coef0=4,
                     degree=5, gamma=0.1, max_iter=1000000, probability=True,
                     random_state=42))]), 'Imputer__add_indicator': False, 'Imputer__copy': True, 'Imputer__fill_value': None, 'Imputer__keep_empty_features': False, 'Imputer__missing_values': nan, 'Imputer__strategy': 'mean', 'Scaler__clip': False, 'Scaler__copy': True, 'Scaler__feature_range': (0, 1), 'PCA__copy': True, 'PCA__iterated_power': 'auto', 'PCA__n_components': 40, 'PCA__n_oversamples': 10, 'PCA__power_iteration_normalizer': 'auto', 'PCA__random_state': 42, 'PCA__svd_solver': 'auto', 'PCA__tol': 0.0, 'PCA__whiten': False, 'Selector__estimator__C': 1.0, 'Selector__estimator__class_weight': None, 'Selector__estimator__dual': 'auto', 'Selector__estimator__fit_intercept': True, 'Selector__estimator__intercept_scaling': 1, 'Selector__estimator__loss': 'squared_hinge', 'Selector__estimator__max_iter': 1000, 'Selector__estimator__multi_class': 'ovr', 'Selector__estimator__penalty': 'l2', 'Selector__estimator__random_state': None, 'Selector__estimator__tol': 0.0001, 'Selector__estimator__verbose': 0, 'Selector__estimator': LinearSVC(), 'Selector__importance_getter': 'auto', 'Selector__max_features': 20, 'Selector__norm_order': 1, 'Selector__prefit': False, 'Selector__threshold': None, 'Classifier__memory': None, 'Classifier__steps': [('SVC', SVC(C=1000, cache_size=500, class_weight='balanced', coef0=4, degree=5,
    gamma=0.1, max_iter=1000000, probability=True, random_state=42))], 'Classifier__transform_input': None, 'Classifier__verbose': False, 'Classifier__SVC': SVC(C=1000, cache_size=500, class_weight='balanced', coef0=4, degree=5,
    gamma=0.1, max_iter=1000000, probability=True, random_state=42), 'Classifier__SVC__C': 1000, 'Classifier__SVC__break_ties': False, 'Classifier__SVC__cache_size': 500, 'Classifier__SVC__class_weight': 'balanced', 'Classifier__SVC__coef0': 4, 'Classifier__SVC__decision_function_shape': 'ovr', 'Classifier__SVC__degree': 5, 'Classifier__SVC__gamma': 0.1, 'Classifier__SVC__kernel': 'rbf', 'Classifier__SVC__max_iter': 1000000, 'Classifier__SVC__probability': True, 'Classifier__SVC__random_state': 42, 'Classifier__SVC__shrinking': True, 'Classifier__SVC__tol': 0.001, 'Classifier__SVC__verbose': False}","['x6' 'x8' 'x9' 'x10' 'x11' 'x12' 'x13' 'x14' 'x15' 'x16' 'x17' 'x23'
 'x26' 'x27' 'x28' 'x29' 'x30' 'x32' 'x37' 'x39']",,,0.0,0.0,0.0
121,Vocals,False,"{'memory': None, 'steps': [('Imputer', SimpleImputer()), ('Scaler', MinMaxScaler()), ('PCA', PCA(n_components=40, random_state=42)), ('Selector', SelectFromModel(estimator=LinearSVC(), max_features=16)), ('Classifier', Pipeline(steps=[('SVC',
                 SVC(C=1000, cache_size=500, class_weight='balanced', coef0=4,
                     degree=5, gamma=0.1, max_iter=1000000, probability=True,
                     random_state=42))]))], 'transform_input': None, 'verbose': False, 'Imputer': SimpleImputer(), 'Scaler': MinMaxScaler(), 'PCA': PCA(n_components=40, random_state=42), 'Selector': SelectFromModel(estimator=LinearSVC(), max_features=16), 'Classifier': Pipeline(steps=[('SVC',
                 SVC(C=1000, cache_size=500, class_weight='balanced', coef0=4,
                     degree=5, gamma=0.1, max_iter=1000000, probability=True,
                     random_state=42))]), 'Imputer__add_indicator': False, 'Imputer__copy': True, 'Imputer__fill_value': None, 'Imputer__keep_empty_features': False, 'Imputer__missing_values': nan, 'Imputer__strategy': 'mean', 'Scaler__clip': False, 'Scaler__copy': True, 'Scaler__feature_range': (0, 1), 'PCA__copy': True, 'PCA__iterated_power': 'auto', 'PCA__n_components': 40, 'PCA__n_oversamples': 10, 'PCA__power_iteration_normalizer': 'auto', 'PCA__random_state': 42, 'PCA__svd_solver': 'auto', 'PCA__tol': 0.0, 'PCA__whiten': False, 'Selector__estimator__C': 1.0, 'Selector__estimator__class_weight': None, 'Selector__estimator__dual': 'auto', 'Selector__estimator__fit_intercept': True, 'Selector__estimator__intercept_scaling': 1, 'Selector__estimator__loss': 'squared_hinge', 'Selector__estimator__max_iter': 1000, 'Selector__estimator__multi_class': 'ovr', 'Selector__estimator__penalty': 'l2', 'Selector__estimator__random_state': None, 'Selector__estimator__tol': 0.0001, 'Selector__estimator__verbose': 0, 'Selector__estimator': LinearSVC(), 'Selector__importance_getter': 'auto', 'Selector__max_features': 16, 'Selector__norm_order': 1, 'Selector__prefit': False, 'Selector__threshold': None, 'Classifier__memory': None, 'Classifier__steps': [('SVC', SVC(C=1000, cache_size=500, class_weight='balanced', coef0=4, degree=5,
    gamma=0.1, max_iter=1000000, probability=True, random_state=42))], 'Classifier__transform_input': None, 'Classifier__verbose': False, 'Classifier__SVC': SVC(C=1000, cache_size=500, class_weight='balanced', coef0=4, degree=5,
    gamma=0.1, max_iter=1000000, probability=True, random_state=42), 'Classifier__SVC__C': 1000, 'Classifier__SVC__break_ties': False, 'Classifier__SVC__cache_size': 500, 'Classifier__SVC__class_weight': 'balanced', 'Classifier__SVC__coef0': 4, 'Classifier__SVC__decision_function_shape': 'ovr', 'Classifier__SVC__degree': 5, 'Classifier__SVC__gamma': 0.1, 'Classifier__SVC__kernel': 'rbf', 'Classifier__SVC__max_iter': 1000000, 'Classifier__SVC__probability': True, 'Classifier__SVC__random_state': 42, 'Classifier__SVC__shrinking': True, 'Classifier__SVC__tol': 0.001, 'Classifier__SVC__verbose': False}","['x6' 'x9' 'x10' 'x11' 'x12' 'x14' 'x15' 'x17' 'x23' 'x27' 'x28' 'x29'
 'x30' 'x32' 'x37' 'x39']",,,0.0,0.0,0.0
122,Vocals,False,"{'memory': None, 'steps': [('Imputer', SimpleImputer()), ('Scaler', MinMaxScaler()), ('PCA', PCA(n_components=30, random_state=42)), ('Selector', SelectFromModel(estimator=LinearSVC(), max_features=20)), ('Classifier', Pipeline(steps=[('SVC',
                 SVC(C=1000, cache_size=500, class_weight='balanced', coef0=4,
                     degree=5, gamma=0.1, max_iter=1000000, probability=True,
                     random_state=42))]))], 'transform_input': None, 'verbose': False, 'Imputer': SimpleImputer(), 'Scaler': MinMaxScaler(), 'PCA': PCA(n_components=30, random_state=42), 'Selector': SelectFromModel(estimator=LinearSVC(), max_features=20), 'Classifier': Pipeline(steps=[('SVC',
                 SVC(C=1000, cache_size=500, class_weight='balanced', coef0=4,
                     degree=5, gamma=0.1, max_iter=1000000, probability=True,
                     random_state=42))]), 'Imputer__add_indicator': False, 'Imputer__copy': True, 'Imputer__fill_value': None, 'Imputer__keep_empty_features': False, 'Imputer__missing_values': nan, 'Imputer__strategy': 'mean', 'Scaler__clip': False, 'Scaler__copy': True, 'Scaler__feature_range': (0, 1), 'PCA__copy': True, 'PCA__iterated_power': 'auto', 'PCA__n_components': 30, 'PCA__n_oversamples': 10, 'PCA__power_iteration_normalizer': 'auto', 'PCA__random_state': 42, 'PCA__svd_solver': 'auto', 'PCA__tol': 0.0, 'PCA__whiten': False, 'Selector__estimator__C': 1.0, 'Selector__estimator__class_weight': None, 'Selector__estimator__dual': 'auto', 'Selector__estimator__fit_intercept': True, 'Selector__estimator__intercept_scaling': 1, 'Selector__estimator__loss': 'squared_hinge', 'Selector__estimator__max_iter': 1000, 'Selector__estimator__multi_class': 'ovr', 'Selector__estimator__penalty': 'l2', 'Selector__estimator__random_state': None, 'Selector__estimator__tol': 0.0001, 'Selector__estimator__verbose': 0, 'Selector__estimator': LinearSVC(), 'Selector__importance_getter': 'auto', 'Selector__max_features': 20, 'Selector__norm_order': 1, 'Selector__prefit': False, 'Selector__threshold': None, 'Classifier__memory': None, 'Classifier__steps': [('SVC', SVC(C=1000, cache_size=500, class_weight='balanced', coef0=4, degree=5,
    gamma=0.1, max_iter=1000000, probability=True, random_state=42))], 'Classifier__transform_input': None, 'Classifier__verbose': False, 'Classifier__SVC': SVC(C=1000, cache_size=500, class_weight='balanced', coef0=4, degree=5,
    gamma=0.1, max_iter=1000000, probability=True, random_state=42), 'Classifier__SVC__C': 1000, 'Classifier__SVC__break_ties': False, 'Classifier__SVC__cache_size': 500, 'Classifier__SVC__class_weight': 'balanced', 'Classifier__SVC__coef0': 4, 'Classifier__SVC__decision_function_shape': 'ovr', 'Classifier__SVC__degree': 5, 'Classifier__SVC__gamma': 0.1, 'Classifier__SVC__kernel': 'rbf', 'Classifier__SVC__max_iter': 1000000, 'Classifier__SVC__probability': True, 'Classifier__SVC__random_state': 42, 'Classifier__SVC__shrinking': True, 'Classifier__SVC__tol': 0.001, 'Classifier__SVC__verbose': False}","['x6' 'x8' 'x9' 'x10' 'x11' 'x12' 'x13' 'x14' 'x15' 'x16' 'x17' 'x20'
 'x22' 'x23' 'x25' 'x26' 'x27' 'x28' 'x29']",,,0.0,0.0,0.0
123,Vocals,False,"{'memory': None, 'steps': [('Imputer', SimpleImputer()), ('Scaler', MinMaxScaler()), ('PCA', PCA(n_components=30, random_state=42)), ('Selector', SelectFromModel(estimator=LinearSVC(), max_features=16)), ('Classifier', Pipeline(steps=[('SVC',
                 SVC(C=1000, cache_size=500, class_weight='balanced', coef0=4,
                     degree=5, gamma=0.1, kernel='linear', max_iter=1000000,
                     probability=True, random_state=42))]))], 'transform_input': None, 'verbose': False, 'Imputer': SimpleImputer(), 'Scaler': MinMaxScaler(), 'PCA': PCA(n_components=30, random_state=42), 'Selector': SelectFromModel(estimator=LinearSVC(), max_features=16), 'Classifier': Pipeline(steps=[('SVC',
                 SVC(C=1000, cache_size=500, class_weight='balanced', coef0=4,
                     degree=5, gamma=0.1, kernel='linear', max_iter=1000000,
                     probability=True, random_state=42))]), 'Imputer__add_indicator': False, 'Imputer__copy': True, 'Imputer__fill_value': None, 'Imputer__keep_empty_features': False, 'Imputer__missing_values': nan, 'Imputer__strategy': 'mean', 'Scaler__clip': False, 'Scaler__copy': True, 'Scaler__feature_range': (0, 1), 'PCA__copy': True, 'PCA__iterated_power': 'auto', 'PCA__n_components': 30, 'PCA__n_oversamples': 10, 'PCA__power_iteration_normalizer': 'auto', 'PCA__random_state': 42, 'PCA__svd_solver': 'auto', 'PCA__tol': 0.0, 'PCA__whiten': False, 'Selector__estimator__C': 1.0, 'Selector__estimator__class_weight': None, 'Selector__estimator__dual': 'auto', 'Selector__estimator__fit_intercept': True, 'Selector__estimator__intercept_scaling': 1, 'Selector__estimator__loss': 'squared_hinge', 'Selector__estimator__max_iter': 1000, 'Selector__estimator__multi_class': 'ovr', 'Selector__estimator__penalty': 'l2', 'Selector__estimator__random_state': None, 'Selector__estimator__tol': 0.0001, 'Selector__estimator__verbose': 0, 'Selector__estimator': LinearSVC(), 'Selector__importance_getter': 'auto', 'Selector__max_features': 16, 'Selector__norm_order': 1, 'Selector__prefit': False, 'Selector__threshold': None, 'Classifier__memory': None, 'Classifier__steps': [('SVC', SVC(C=1000, cache_size=500, class_weight='balanced', coef0=4, degree=5,
    gamma=0.1, kernel='linear', max_iter=1000000, probability=True,
    random_state=42))], 'Classifier__transform_input': None, 'Classifier__verbose': False, 'Classifier__SVC': SVC(C=1000, cache_size=500, class_weight='balanced', coef0=4, degree=5,
    gamma=0.1, kernel='linear', max_iter=1000000, probability=True,
    random_state=42), 'Classifier__SVC__C': 1000, 'Classifier__SVC__break_ties': False, 'Classifier__SVC__cache_size': 500, 'Classifier__SVC__class_weight': 'balanced', 'Classifier__SVC__coef0': 4, 'Classifier__SVC__decision_function_shape': 'ovr', 'Classifier__SVC__degree': 5, 'Classifier__SVC__gamma': 0.1, 'Classifier__SVC__kernel': 'linear', 'Classifier__SVC__max_iter': 1000000, 'Classifier__SVC__probability': True, 'Classifier__SVC__random_state': 42, 'Classifier__SVC__shrinking': True, 'Classifier__SVC__tol': 0.001, 'Classifier__SVC__verbose': False}","['x6' 'x8' 'x9' 'x10' 'x11' 'x12' 'x13' 'x14' 'x15' 'x17' 'x20' 'x23'
 'x26' 'x27' 'x28' 'x29']",,,0.0,0.0,0.0
124,Vocals,False,"{'memory': None, 'steps': [('Imputer', SimpleImputer()), ('Scaler', MinMaxScaler()), ('PCA', PCA(n_components=30, random_state=42)), ('Selector', SelectFromModel(estimator=LinearSVC(), max_features=16)), ('Classifier', Pipeline(steps=[('SVC',
                 SVC(C=1000, cache_size=500, class_weight='balanced', coef0=4,
                     degree=5, gamma=0.1, max_iter=1000000, probability=True,
                     random_state=42))]))], 'transform_input': None, 'verbose': False, 'Imputer': SimpleImputer(), 'Scaler': MinMaxScaler(), 'PCA': PCA(n_components=30, random_state=42), 'Selector': SelectFromModel(estimator=LinearSVC(), max_features=16), 'Classifier': Pipeline(steps=[('SVC',
                 SVC(C=1000, cache_size=500, class_weight='balanced', coef0=4,
                     degree=5, gamma=0.1, max_iter=1000000, probability=True,
                     random_state=42))]), 'Imputer__add_indicator': False, 'Imputer__copy': True, 'Imputer__fill_value': None, 'Imputer__keep_empty_features': False, 'Imputer__missing_values': nan, 'Imputer__strategy': 'mean', 'Scaler__clip': False, 'Scaler__copy': True, 'Scaler__feature_range': (0, 1), 'PCA__copy': True, 'PCA__iterated_power': 'auto', 'PCA__n_components': 30, 'PCA__n_oversamples': 10, 'PCA__power_iteration_normalizer': 'auto', 'PCA__random_state': 42, 'PCA__svd_solver': 'auto', 'PCA__tol': 0.0, 'PCA__whiten': False, 'Selector__estimator__C': 1.0, 'Selector__estimator__class_weight': None, 'Selector__estimator__dual': 'auto', 'Selector__estimator__fit_intercept': True, 'Selector__estimator__intercept_scaling': 1, 'Selector__estimator__loss': 'squared_hinge', 'Selector__estimator__max_iter': 1000, 'Selector__estimator__multi_class': 'ovr', 'Selector__estimator__penalty': 'l2', 'Selector__estimator__random_state': None, 'Selector__estimator__tol': 0.0001, 'Selector__estimator__verbose': 0, 'Selector__estimator': LinearSVC(), 'Selector__importance_getter': 'auto', 'Selector__max_features': 16, 'Selector__norm_order': 1, 'Selector__prefit': False, 'Selector__threshold': None, 'Classifier__memory': None, 'Classifier__steps': [('SVC', SVC(C=1000, cache_size=500, class_weight='balanced', coef0=4, degree=5,
    gamma=0.1, max_iter=1000000, probability=True, random_state=42))], 'Classifier__transform_input': None, 'Classifier__verbose': False, 'Classifier__SVC': SVC(C=1000, cache_size=500, class_weight='balanced', coef0=4, degree=5,
    gamma=0.1, max_iter=1000000, probability=True, random_state=42), 'Classifier__SVC__C': 1000, 'Classifier__SVC__break_ties': False, 'Classifier__SVC__cache_size': 500, 'Classifier__SVC__class_weight': 'balanced', 'Classifier__SVC__coef0': 4, 'Classifier__SVC__decision_function_shape': 'ovr', 'Classifier__SVC__degree': 5, 'Classifier__SVC__gamma': 0.1, 'Classifier__SVC__kernel': 'rbf', 'Classifier__SVC__max_iter': 1000000, 'Classifier__SVC__probability': True, 'Classifier__SVC__random_state': 42, 'Classifier__SVC__shrinking': True, 'Classifier__SVC__tol': 0.001, 'Classifier__SVC__verbose': False}","['x6' 'x8' 'x9' 'x10' 'x11' 'x12' 'x13' 'x14' 'x15' 'x17' 'x20' 'x23'
 'x26' 'x27' 'x28' 'x29']",,,0.0,0.0,0.0
125,Vocals,False,"{'memory': None, 'steps': [('Imputer', SimpleImputer()), ('Scaler', MinMaxScaler()), ('PCA', PCA(n_components=30, random_state=42)), ('Selector', SelectFromModel(estimator=LinearSVC(), max_features=20)), ('Classifier', Pipeline(steps=[('SVC',
                 SVC(C=1000, cache_size=500, class_weight='balanced', coef0=4,
                     degree=5, gamma=0.001, max_iter=1000000, probability=True,
                     random_state=42))]))], 'transform_input': None, 'verbose': False, 'Imputer': SimpleImputer(), 'Scaler': MinMaxScaler(), 'PCA': PCA(n_components=30, random_state=42), 'Selector': SelectFromModel(estimator=LinearSVC(), max_features=20), 'Classifier': Pipeline(steps=[('SVC',
                 SVC(C=1000, cache_size=500, class_weight='balanced', coef0=4,
                     degree=5, gamma=0.001, max_iter=1000000, probability=True,
                     random_state=42))]), 'Imputer__add_indicator': False, 'Imputer__copy': True, 'Imputer__fill_value': None, 'Imputer__keep_empty_features': False, 'Imputer__missing_values': nan, 'Imputer__strategy': 'mean', 'Scaler__clip': False, 'Scaler__copy': True, 'Scaler__feature_range': (0, 1), 'PCA__copy': True, 'PCA__iterated_power': 'auto', 'PCA__n_components': 30, 'PCA__n_oversamples': 10, 'PCA__power_iteration_normalizer': 'auto', 'PCA__random_state': 42, 'PCA__svd_solver': 'auto', 'PCA__tol': 0.0, 'PCA__whiten': False, 'Selector__estimator__C': 1.0, 'Selector__estimator__class_weight': None, 'Selector__estimator__dual': 'auto', 'Selector__estimator__fit_intercept': True, 'Selector__estimator__intercept_scaling': 1, 'Selector__estimator__loss': 'squared_hinge', 'Selector__estimator__max_iter': 1000, 'Selector__estimator__multi_class': 'ovr', 'Selector__estimator__penalty': 'l2', 'Selector__estimator__random_state': None, 'Selector__estimator__tol': 0.0001, 'Selector__estimator__verbose': 0, 'Selector__estimator': LinearSVC(), 'Selector__importance_getter': 'auto', 'Selector__max_features': 20, 'Selector__norm_order': 1, 'Selector__prefit': False, 'Selector__threshold': None, 'Classifier__memory': None, 'Classifier__steps': [('SVC', SVC(C=1000, cache_size=500, class_weight='balanced', coef0=4, degree=5,
    gamma=0.001, max_iter=1000000, probability=True, random_state=42))], 'Classifier__transform_input': None, 'Classifier__verbose': False, 'Classifier__SVC': SVC(C=1000, cache_size=500, class_weight='balanced', coef0=4, degree=5,
    gamma=0.001, max_iter=1000000, probability=True, random_state=42), 'Classifier__SVC__C': 1000, 'Classifier__SVC__break_ties': False, 'Classifier__SVC__cache_size': 500, 'Classifier__SVC__class_weight': 'balanced', 'Classifier__SVC__coef0': 4, 'Classifier__SVC__decision_function_shape': 'ovr', 'Classifier__SVC__degree': 5, 'Classifier__SVC__gamma': 0.001, 'Classifier__SVC__kernel': 'rbf', 'Classifier__SVC__max_iter': 1000000, 'Classifier__SVC__probability': True, 'Classifier__SVC__random_state': 42, 'Classifier__SVC__shrinking': True, 'Classifier__SVC__tol': 0.001, 'Classifier__SVC__verbose': False}","['x6' 'x8' 'x9' 'x10' 'x11' 'x12' 'x13' 'x14' 'x15' 'x16' 'x17' 'x20'
 'x22' 'x23' 'x25' 'x26' 'x27' 'x28' 'x29']",,,0.0,0.0,0.0
126,Vocals,False,"{'memory': None, 'steps': [('Imputer', SimpleImputer()), ('Scaler', MinMaxScaler()), ('PCA', PCA(n_components=30, random_state=42)), ('Selector', SelectFromModel(estimator=LinearSVC(), max_features=20)), ('Classifier', Pipeline(steps=[('SVC',
                 SVC(C=100, cache_size=500, class_weight='balanced', coef0=4,
                     degree=5, gamma=0.01, max_iter=1000000, probability=True,
                     random_state=42))]))], 'transform_input': None, 'verbose': False, 'Imputer': SimpleImputer(), 'Scaler': MinMaxScaler(), 'PCA': PCA(n_components=30, random_state=42), 'Selector': SelectFromModel(estimator=LinearSVC(), max_features=20), 'Classifier': Pipeline(steps=[('SVC',
                 SVC(C=100, cache_size=500, class_weight='balanced', coef0=4,
                     degree=5, gamma=0.01, max_iter=1000000, probability=True,
                     random_state=42))]), 'Imputer__add_indicator': False, 'Imputer__copy': True, 'Imputer__fill_value': None, 'Imputer__keep_empty_features': False, 'Imputer__missing_values': nan, 'Imputer__strategy': 'mean', 'Scaler__clip': False, 'Scaler__copy': True, 'Scaler__feature_range': (0, 1), 'PCA__copy': True, 'PCA__iterated_power': 'auto', 'PCA__n_components': 30, 'PCA__n_oversamples': 10, 'PCA__power_iteration_normalizer': 'auto', 'PCA__random_state': 42, 'PCA__svd_solver': 'auto', 'PCA__tol': 0.0, 'PCA__whiten': False, 'Selector__estimator__C': 1.0, 'Selector__estimator__class_weight': None, 'Selector__estimator__dual': 'auto', 'Selector__estimator__fit_intercept': True, 'Selector__estimator__intercept_scaling': 1, 'Selector__estimator__loss': 'squared_hinge', 'Selector__estimator__max_iter': 1000, 'Selector__estimator__multi_class': 'ovr', 'Selector__estimator__penalty': 'l2', 'Selector__estimator__random_state': None, 'Selector__estimator__tol': 0.0001, 'Selector__estimator__verbose': 0, 'Selector__estimator': LinearSVC(), 'Selector__importance_getter': 'auto', 'Selector__max_features': 20, 'Selector__norm_order': 1, 'Selector__prefit': False, 'Selector__threshold': None, 'Classifier__memory': None, 'Classifier__steps': [('SVC', SVC(C=100, cache_size=500, class_weight='balanced', coef0=4, degree=5,
    gamma=0.01, max_iter=1000000, probability=True, random_state=42))], 'Classifier__transform_input': None, 'Classifier__verbose': False, 'Classifier__SVC': SVC(C=100, cache_size=500, class_weight='balanced', coef0=4, degree=5,
    gamma=0.01, max_iter=1000000, probability=True, random_state=42), 'Classifier__SVC__C': 100, 'Classifier__SVC__break_ties': False, 'Classifier__SVC__cache_size': 500, 'Classifier__SVC__class_weight': 'balanced', 'Classifier__SVC__coef0': 4, 'Classifier__SVC__decision_function_shape': 'ovr', 'Classifier__SVC__degree': 5, 'Classifier__SVC__gamma': 0.01, 'Classifier__SVC__kernel': 'rbf', 'Classifier__SVC__max_iter': 1000000, 'Classifier__SVC__probability': True, 'Classifier__SVC__random_state': 42, 'Classifier__SVC__shrinking': True, 'Classifier__SVC__tol': 0.001, 'Classifier__SVC__verbose': False}","['x6' 'x8' 'x9' 'x10' 'x11' 'x12' 'x13' 'x14' 'x15' 'x16' 'x17' 'x20'
 'x22' 'x23' 'x25' 'x26' 'x27' 'x28' 'x29']",,,0.0,0.0,0.0
127,Vocals,False,"{'memory': None, 'steps': [('Imputer', SimpleImputer()), ('Scaler', MinMaxScaler()), ('PCA', PCA(n_components=30, random_state=42)), ('Selector', SelectFromModel(estimator=LinearSVC(), max_features=16)), ('Classifier', Pipeline(steps=[('SVC',
                 SVC(C=100, cache_size=500, class_weight='balanced', coef0=4,
                     degree=5, gamma=0.01, kernel='linear', max_iter=1000000,
                     probability=True, random_state=42))]))], 'transform_input': None, 'verbose': False, 'Imputer': SimpleImputer(), 'Scaler': MinMaxScaler(), 'PCA': PCA(n_components=30, random_state=42), 'Selector': SelectFromModel(estimator=LinearSVC(), max_features=16), 'Classifier': Pipeline(steps=[('SVC',
                 SVC(C=100, cache_size=500, class_weight='balanced', coef0=4,
                     degree=5, gamma=0.01, kernel='linear', max_iter=1000000,
                     probability=True, random_state=42))]), 'Imputer__add_indicator': False, 'Imputer__copy': True, 'Imputer__fill_value': None, 'Imputer__keep_empty_features': False, 'Imputer__missing_values': nan, 'Imputer__strategy': 'mean', 'Scaler__clip': False, 'Scaler__copy': True, 'Scaler__feature_range': (0, 1), 'PCA__copy': True, 'PCA__iterated_power': 'auto', 'PCA__n_components': 30, 'PCA__n_oversamples': 10, 'PCA__power_iteration_normalizer': 'auto', 'PCA__random_state': 42, 'PCA__svd_solver': 'auto', 'PCA__tol': 0.0, 'PCA__whiten': False, 'Selector__estimator__C': 1.0, 'Selector__estimator__class_weight': None, 'Selector__estimator__dual': 'auto', 'Selector__estimator__fit_intercept': True, 'Selector__estimator__intercept_scaling': 1, 'Selector__estimator__loss': 'squared_hinge', 'Selector__estimator__max_iter': 1000, 'Selector__estimator__multi_class': 'ovr', 'Selector__estimator__penalty': 'l2', 'Selector__estimator__random_state': None, 'Selector__estimator__tol': 0.0001, 'Selector__estimator__verbose': 0, 'Selector__estimator': LinearSVC(), 'Selector__importance_getter': 'auto', 'Selector__max_features': 16, 'Selector__norm_order': 1, 'Selector__prefit': False, 'Selector__threshold': None, 'Classifier__memory': None, 'Classifier__steps': [('SVC', SVC(C=100, cache_size=500, class_weight='balanced', coef0=4, degree=5,
    gamma=0.01, kernel='linear', max_iter=1000000, probability=True,
    random_state=42))], 'Classifier__transform_input': None, 'Classifier__verbose': False, 'Classifier__SVC': SVC(C=100, cache_size=500, class_weight='balanced', coef0=4, degree=5,
    gamma=0.01, kernel='linear', max_iter=1000000, probability=True,
    random_state=42), 'Classifier__SVC__C': 100, 'Classifier__SVC__break_ties': False, 'Classifier__SVC__cache_size': 500, 'Classifier__SVC__class_weight': 'balanced', 'Classifier__SVC__coef0': 4, 'Classifier__SVC__decision_function_shape': 'ovr', 'Classifier__SVC__degree': 5, 'Classifier__SVC__gamma': 0.01, 'Classifier__SVC__kernel': 'linear', 'Classifier__SVC__max_iter': 1000000, 'Classifier__SVC__probability': True, 'Classifier__SVC__random_state': 42, 'Classifier__SVC__shrinking': True, 'Classifier__SVC__tol': 0.001, 'Classifier__SVC__verbose': False}","['x6' 'x8' 'x9' 'x10' 'x11' 'x12' 'x13' 'x14' 'x15' 'x17' 'x20' 'x23'
 'x26' 'x27' 'x28' 'x29']",,,0.0,0.0,0.0
128,Vocals,False,"{'memory': None, 'steps': [('Imputer', SimpleImputer()), ('Scaler', MinMaxScaler()), ('PCA', PCA(n_components=30, random_state=42)), ('Selector', SelectFromModel(estimator=LinearSVC(), max_features=20)), ('Classifier', Pipeline(steps=[('SVC',
                 SVC(C=0.1, cache_size=500, class_weight='balanced', coef0=6,
                     degree=5, gamma=0.01, kernel='poly', max_iter=1000000,
                     probability=True, random_state=42))]))], 'transform_input': None, 'verbose': False, 'Imputer': SimpleImputer(), 'Scaler': MinMaxScaler(), 'PCA': PCA(n_components=30, random_state=42), 'Selector': SelectFromModel(estimator=LinearSVC(), max_features=20), 'Classifier': Pipeline(steps=[('SVC',
                 SVC(C=0.1, cache_size=500, class_weight='balanced', coef0=6,
                     degree=5, gamma=0.01, kernel='poly', max_iter=1000000,
                     probability=True, random_state=42))]), 'Imputer__add_indicator': False, 'Imputer__copy': True, 'Imputer__fill_value': None, 'Imputer__keep_empty_features': False, 'Imputer__missing_values': nan, 'Imputer__strategy': 'mean', 'Scaler__clip': False, 'Scaler__copy': True, 'Scaler__feature_range': (0, 1), 'PCA__copy': True, 'PCA__iterated_power': 'auto', 'PCA__n_components': 30, 'PCA__n_oversamples': 10, 'PCA__power_iteration_normalizer': 'auto', 'PCA__random_state': 42, 'PCA__svd_solver': 'auto', 'PCA__tol': 0.0, 'PCA__whiten': False, 'Selector__estimator__C': 1.0, 'Selector__estimator__class_weight': None, 'Selector__estimator__dual': 'auto', 'Selector__estimator__fit_intercept': True, 'Selector__estimator__intercept_scaling': 1, 'Selector__estimator__loss': 'squared_hinge', 'Selector__estimator__max_iter': 1000, 'Selector__estimator__multi_class': 'ovr', 'Selector__estimator__penalty': 'l2', 'Selector__estimator__random_state': None, 'Selector__estimator__tol': 0.0001, 'Selector__estimator__verbose': 0, 'Selector__estimator': LinearSVC(), 'Selector__importance_getter': 'auto', 'Selector__max_features': 20, 'Selector__norm_order': 1, 'Selector__prefit': False, 'Selector__threshold': None, 'Classifier__memory': None, 'Classifier__steps': [('SVC', SVC(C=0.1, cache_size=500, class_weight='balanced', coef0=6, degree=5,
    gamma=0.01, kernel='poly', max_iter=1000000, probability=True,
    random_state=42))], 'Classifier__transform_input': None, 'Classifier__verbose': False, 'Classifier__SVC': SVC(C=0.1, cache_size=500, class_weight='balanced', coef0=6, degree=5,
    gamma=0.01, kernel='poly', max_iter=1000000, probability=True,
    random_state=42), 'Classifier__SVC__C': 0.1, 'Classifier__SVC__break_ties': False, 'Classifier__SVC__cache_size': 500, 'Classifier__SVC__class_weight': 'balanced', 'Classifier__SVC__coef0': 6, 'Classifier__SVC__decision_function_shape': 'ovr', 'Classifier__SVC__degree': 5, 'Classifier__SVC__gamma': 0.01, 'Classifier__SVC__kernel': 'poly', 'Classifier__SVC__max_iter': 1000000, 'Classifier__SVC__probability': True, 'Classifier__SVC__random_state': 42, 'Classifier__SVC__shrinking': True, 'Classifier__SVC__tol': 0.001, 'Classifier__SVC__verbose': False}","['x6' 'x8' 'x9' 'x10' 'x11' 'x12' 'x13' 'x14' 'x15' 'x16' 'x17' 'x20'
 'x22' 'x23' 'x25' 'x26' 'x27' 'x28' 'x29']",,,0.0,0.0,0.0
129,Vocals,False,"{'memory': None, 'steps': [('Imputer', SimpleImputer()), ('Scaler', MinMaxScaler()), ('PCA', PCA(n_components=30, random_state=42)), ('Selector', SelectFromModel(estimator=LinearSVC(), max_features=12)), ('Classifier', Pipeline(steps=[('SVC',
                 SVC(C=1000, cache_size=500, class_weight='balanced', coef0=6,
                     degree=5, gamma=0.01, max_iter=1000000, probability=True,
                     random_state=42))]))], 'transform_input': None, 'verbose': False, 'Imputer': SimpleImputer(), 'Scaler': MinMaxScaler(), 'PCA': PCA(n_components=30, random_state=42), 'Selector': SelectFromModel(estimator=LinearSVC(), max_features=12), 'Classifier': Pipeline(steps=[('SVC',
                 SVC(C=1000, cache_size=500, class_weight='balanced', coef0=6,
                     degree=5, gamma=0.01, max_iter=1000000, probability=True,
                     random_state=42))]), 'Imputer__add_indicator': False, 'Imputer__copy': True, 'Imputer__fill_value': None, 'Imputer__keep_empty_features': False, 'Imputer__missing_values': nan, 'Imputer__strategy': 'mean', 'Scaler__clip': False, 'Scaler__copy': True, 'Scaler__feature_range': (0, 1), 'PCA__copy': True, 'PCA__iterated_power': 'auto', 'PCA__n_components': 30, 'PCA__n_oversamples': 10, 'PCA__power_iteration_normalizer': 'auto', 'PCA__random_state': 42, 'PCA__svd_solver': 'auto', 'PCA__tol': 0.0, 'PCA__whiten': False, 'Selector__estimator__C': 1.0, 'Selector__estimator__class_weight': None, 'Selector__estimator__dual': 'auto', 'Selector__estimator__fit_intercept': True, 'Selector__estimator__intercept_scaling': 1, 'Selector__estimator__loss': 'squared_hinge', 'Selector__estimator__max_iter': 1000, 'Selector__estimator__multi_class': 'ovr', 'Selector__estimator__penalty': 'l2', 'Selector__estimator__random_state': None, 'Selector__estimator__tol': 0.0001, 'Selector__estimator__verbose': 0, 'Selector__estimator': LinearSVC(), 'Selector__importance_getter': 'auto', 'Selector__max_features': 12, 'Selector__norm_order': 1, 'Selector__prefit': False, 'Selector__threshold': None, 'Classifier__memory': None, 'Classifier__steps': [('SVC', SVC(C=1000, cache_size=500, class_weight='balanced', coef0=6, degree=5,
    gamma=0.01, max_iter=1000000, probability=True, random_state=42))], 'Classifier__transform_input': None, 'Classifier__verbose': False, 'Classifier__SVC': SVC(C=1000, cache_size=500, class_weight='balanced', coef0=6, degree=5,
    gamma=0.01, max_iter=1000000, probability=True, random_state=42), 'Classifier__SVC__C': 1000, 'Classifier__SVC__break_ties': False, 'Classifier__SVC__cache_size': 500, 'Classifier__SVC__class_weight': 'balanced', 'Classifier__SVC__coef0': 6, 'Classifier__SVC__decision_function_shape': 'ovr', 'Classifier__SVC__degree': 5, 'Classifier__SVC__gamma': 0.01, 'Classifier__SVC__kernel': 'rbf', 'Classifier__SVC__max_iter': 1000000, 'Classifier__SVC__probability': True, 'Classifier__SVC__random_state': 42, 'Classifier__SVC__shrinking': True, 'Classifier__SVC__tol': 0.001, 'Classifier__SVC__verbose': False}",['x6' 'x8' 'x9' 'x12' 'x14' 'x15' 'x17' 'x20' 'x23' 'x27' 'x28' 'x29'],,,0.0,0.0,0.0
130,Vocals,False,"{'memory': None, 'steps': [('Imputer', SimpleImputer()), ('Scaler', MinMaxScaler()), ('PCA', PCA(n_components=30, random_state=42)), ('Selector', SelectFromModel(estimator=LinearSVC(), max_features=20)), ('Classifier', Pipeline(steps=[('SVC',
                 SVC(C=0.1, cache_size=500, class_weight='balanced', coef0=6,
                     degree=5, gamma=0.001, kernel='poly', max_iter=1000000,
                     probability=True, random_state=42))]))], 'transform_input': None, 'verbose': False, 'Imputer': SimpleImputer(), 'Scaler': MinMaxScaler(), 'PCA': PCA(n_components=30, random_state=42), 'Selector': SelectFromModel(estimator=LinearSVC(), max_features=20), 'Classifier': Pipeline(steps=[('SVC',
                 SVC(C=0.1, cache_size=500, class_weight='balanced', coef0=6,
                     degree=5, gamma=0.001, kernel='poly', max_iter=1000000,
                     probability=True, random_state=42))]), 'Imputer__add_indicator': False, 'Imputer__copy': True, 'Imputer__fill_value': None, 'Imputer__keep_empty_features': False, 'Imputer__missing_values': nan, 'Imputer__strategy': 'mean', 'Scaler__clip': False, 'Scaler__copy': True, 'Scaler__feature_range': (0, 1), 'PCA__copy': True, 'PCA__iterated_power': 'auto', 'PCA__n_components': 30, 'PCA__n_oversamples': 10, 'PCA__power_iteration_normalizer': 'auto', 'PCA__random_state': 42, 'PCA__svd_solver': 'auto', 'PCA__tol': 0.0, 'PCA__whiten': False, 'Selector__estimator__C': 1.0, 'Selector__estimator__class_weight': None, 'Selector__estimator__dual': 'auto', 'Selector__estimator__fit_intercept': True, 'Selector__estimator__intercept_scaling': 1, 'Selector__estimator__loss': 'squared_hinge', 'Selector__estimator__max_iter': 1000, 'Selector__estimator__multi_class': 'ovr', 'Selector__estimator__penalty': 'l2', 'Selector__estimator__random_state': None, 'Selector__estimator__tol': 0.0001, 'Selector__estimator__verbose': 0, 'Selector__estimator': LinearSVC(), 'Selector__importance_getter': 'auto', 'Selector__max_features': 20, 'Selector__norm_order': 1, 'Selector__prefit': False, 'Selector__threshold': None, 'Classifier__memory': None, 'Classifier__steps': [('SVC', SVC(C=0.1, cache_size=500, class_weight='balanced', coef0=6, degree=5,
    gamma=0.001, kernel='poly', max_iter=1000000, probability=True,
    random_state=42))], 'Classifier__transform_input': None, 'Classifier__verbose': False, 'Classifier__SVC': SVC(C=0.1, cache_size=500, class_weight='balanced', coef0=6, degree=5,
    gamma=0.001, kernel='poly', max_iter=1000000, probability=True,
    random_state=42), 'Classifier__SVC__C': 0.1, 'Classifier__SVC__break_ties': False, 'Classifier__SVC__cache_size': 500, 'Classifier__SVC__class_weight': 'balanced', 'Classifier__SVC__coef0': 6, 'Classifier__SVC__decision_function_shape': 'ovr', 'Classifier__SVC__degree': 5, 'Classifier__SVC__gamma': 0.001, 'Classifier__SVC__kernel': 'poly', 'Classifier__SVC__max_iter': 1000000, 'Classifier__SVC__probability': True, 'Classifier__SVC__random_state': 42, 'Classifier__SVC__shrinking': True, 'Classifier__SVC__tol': 0.001, 'Classifier__SVC__verbose': False}","['x6' 'x8' 'x9' 'x10' 'x11' 'x12' 'x13' 'x14' 'x15' 'x16' 'x17' 'x20'
 'x22' 'x23' 'x25' 'x26' 'x27' 'x28' 'x29']",,,0.0,0.0,0.0
131,Vocals,False,"{'memory': None, 'steps': [('Imputer', SimpleImputer()), ('Scaler', MinMaxScaler()), ('PCA', PCA(n_components=30, random_state=42)), ('Selector', SelectFromModel(estimator=LinearSVC(), max_features=16)), ('Classifier', Pipeline(steps=[('SVC',
                 SVC(C=1000, cache_size=500, class_weight='balanced', coef0=6,
                     degree=5, gamma=0.001, max_iter=1000000, probability=True,
                     random_state=42))]))], 'transform_input': None, 'verbose': False, 'Imputer': SimpleImputer(), 'Scaler': MinMaxScaler(), 'PCA': PCA(n_components=30, random_state=42), 'Selector': SelectFromModel(estimator=LinearSVC(), max_features=16), 'Classifier': Pipeline(steps=[('SVC',
                 SVC(C=1000, cache_size=500, class_weight='balanced', coef0=6,
                     degree=5, gamma=0.001, max_iter=1000000, probability=True,
                     random_state=42))]), 'Imputer__add_indicator': False, 'Imputer__copy': True, 'Imputer__fill_value': None, 'Imputer__keep_empty_features': False, 'Imputer__missing_values': nan, 'Imputer__strategy': 'mean', 'Scaler__clip': False, 'Scaler__copy': True, 'Scaler__feature_range': (0, 1), 'PCA__copy': True, 'PCA__iterated_power': 'auto', 'PCA__n_components': 30, 'PCA__n_oversamples': 10, 'PCA__power_iteration_normalizer': 'auto', 'PCA__random_state': 42, 'PCA__svd_solver': 'auto', 'PCA__tol': 0.0, 'PCA__whiten': False, 'Selector__estimator__C': 1.0, 'Selector__estimator__class_weight': None, 'Selector__estimator__dual': 'auto', 'Selector__estimator__fit_intercept': True, 'Selector__estimator__intercept_scaling': 1, 'Selector__estimator__loss': 'squared_hinge', 'Selector__estimator__max_iter': 1000, 'Selector__estimator__multi_class': 'ovr', 'Selector__estimator__penalty': 'l2', 'Selector__estimator__random_state': None, 'Selector__estimator__tol': 0.0001, 'Selector__estimator__verbose': 0, 'Selector__estimator': LinearSVC(), 'Selector__importance_getter': 'auto', 'Selector__max_features': 16, 'Selector__norm_order': 1, 'Selector__prefit': False, 'Selector__threshold': None, 'Classifier__memory': None, 'Classifier__steps': [('SVC', SVC(C=1000, cache_size=500, class_weight='balanced', coef0=6, degree=5,
    gamma=0.001, max_iter=1000000, probability=True, random_state=42))], 'Classifier__transform_input': None, 'Classifier__verbose': False, 'Classifier__SVC': SVC(C=1000, cache_size=500, class_weight='balanced', coef0=6, degree=5,
    gamma=0.001, max_iter=1000000, probability=True, random_state=42), 'Classifier__SVC__C': 1000, 'Classifier__SVC__break_ties': False, 'Classifier__SVC__cache_size': 500, 'Classifier__SVC__class_weight': 'balanced', 'Classifier__SVC__coef0': 6, 'Classifier__SVC__decision_function_shape': 'ovr', 'Classifier__SVC__degree': 5, 'Classifier__SVC__gamma': 0.001, 'Classifier__SVC__kernel': 'rbf', 'Classifier__SVC__max_iter': 1000000, 'Classifier__SVC__probability': True, 'Classifier__SVC__random_state': 42, 'Classifier__SVC__shrinking': True, 'Classifier__SVC__tol': 0.001, 'Classifier__SVC__verbose': False}","['x6' 'x8' 'x9' 'x10' 'x11' 'x12' 'x13' 'x14' 'x15' 'x17' 'x20' 'x23'
 'x26' 'x27' 'x28' 'x29']",,,0.0,0.0,0.0
132,Vocals,False,"{'memory': None, 'steps': [('Imputer', SimpleImputer()), ('Scaler', MinMaxScaler()), ('PCA', PCA(n_components=30, random_state=42)), ('Selector', SelectFromModel(estimator=LinearSVC(), max_features=12)), ('Classifier', Pipeline(steps=[('SVC',
                 SVC(C=1000, cache_size=500, class_weight='balanced', coef0=6,
                     degree=5, gamma=0.001, kernel='linear', max_iter=1000000,
                     probability=True, random_state=42))]))], 'transform_input': None, 'verbose': False, 'Imputer': SimpleImputer(), 'Scaler': MinMaxScaler(), 'PCA': PCA(n_components=30, random_state=42), 'Selector': SelectFromModel(estimator=LinearSVC(), max_features=12), 'Classifier': Pipeline(steps=[('SVC',
                 SVC(C=1000, cache_size=500, class_weight='balanced', coef0=6,
                     degree=5, gamma=0.001, kernel='linear', max_iter=1000000,
                     probability=True, random_state=42))]), 'Imputer__add_indicator': False, 'Imputer__copy': True, 'Imputer__fill_value': None, 'Imputer__keep_empty_features': False, 'Imputer__missing_values': nan, 'Imputer__strategy': 'mean', 'Scaler__clip': False, 'Scaler__copy': True, 'Scaler__feature_range': (0, 1), 'PCA__copy': True, 'PCA__iterated_power': 'auto', 'PCA__n_components': 30, 'PCA__n_oversamples': 10, 'PCA__power_iteration_normalizer': 'auto', 'PCA__random_state': 42, 'PCA__svd_solver': 'auto', 'PCA__tol': 0.0, 'PCA__whiten': False, 'Selector__estimator__C': 1.0, 'Selector__estimator__class_weight': None, 'Selector__estimator__dual': 'auto', 'Selector__estimator__fit_intercept': True, 'Selector__estimator__intercept_scaling': 1, 'Selector__estimator__loss': 'squared_hinge', 'Selector__estimator__max_iter': 1000, 'Selector__estimator__multi_class': 'ovr', 'Selector__estimator__penalty': 'l2', 'Selector__estimator__random_state': None, 'Selector__estimator__tol': 0.0001, 'Selector__estimator__verbose': 0, 'Selector__estimator': LinearSVC(), 'Selector__importance_getter': 'auto', 'Selector__max_features': 12, 'Selector__norm_order': 1, 'Selector__prefit': False, 'Selector__threshold': None, 'Classifier__memory': None, 'Classifier__steps': [('SVC', SVC(C=1000, cache_size=500, class_weight='balanced', coef0=6, degree=5,
    gamma=0.001, kernel='linear', max_iter=1000000, probability=True,
    random_state=42))], 'Classifier__transform_input': None, 'Classifier__verbose': False, 'Classifier__SVC': SVC(C=1000, cache_size=500, class_weight='balanced', coef0=6, degree=5,
    gamma=0.001, kernel='linear', max_iter=1000000, probability=True,
    random_state=42), 'Classifier__SVC__C': 1000, 'Classifier__SVC__break_ties': False, 'Classifier__SVC__cache_size': 500, 'Classifier__SVC__class_weight': 'balanced', 'Classifier__SVC__coef0': 6, 'Classifier__SVC__decision_function_shape': 'ovr', 'Classifier__SVC__degree': 5, 'Classifier__SVC__gamma': 0.001, 'Classifier__SVC__kernel': 'linear', 'Classifier__SVC__max_iter': 1000000, 'Classifier__SVC__probability': True, 'Classifier__SVC__random_state': 42, 'Classifier__SVC__shrinking': True, 'Classifier__SVC__tol': 0.001, 'Classifier__SVC__verbose': False}",['x6' 'x8' 'x9' 'x12' 'x14' 'x15' 'x17' 'x20' 'x23' 'x27' 'x28' 'x29'],,,0.0,0.0,0.0
133,Vocals,False,"{'memory': None, 'steps': [('Imputer', SimpleImputer()), ('Scaler', MinMaxScaler()), ('PCA', PCA(n_components=20, random_state=42)), ('Selector', SelectFromModel(estimator=LinearSVC(), max_features=12)), ('Classifier', Pipeline(steps=[('SVC',
                 SVC(C=1000, cache_size=500, class_weight='balanced', coef0=6,
                     degree=5, gamma=0.001, kernel='linear', max_iter=1000000,
                     probability=True, random_state=42))]))], 'transform_input': None, 'verbose': False, 'Imputer': SimpleImputer(), 'Scaler': MinMaxScaler(), 'PCA': PCA(n_components=20, random_state=42), 'Selector': SelectFromModel(estimator=LinearSVC(), max_features=12), 'Classifier': Pipeline(steps=[('SVC',
                 SVC(C=1000, cache_size=500, class_weight='balanced', coef0=6,
                     degree=5, gamma=0.001, kernel='linear', max_iter=1000000,
                     probability=True, random_state=42))]), 'Imputer__add_indicator': False, 'Imputer__copy': True, 'Imputer__fill_value': None, 'Imputer__keep_empty_features': False, 'Imputer__missing_values': nan, 'Imputer__strategy': 'mean', 'Scaler__clip': False, 'Scaler__copy': True, 'Scaler__feature_range': (0, 1), 'PCA__copy': True, 'PCA__iterated_power': 'auto', 'PCA__n_components': 20, 'PCA__n_oversamples': 10, 'PCA__power_iteration_normalizer': 'auto', 'PCA__random_state': 42, 'PCA__svd_solver': 'auto', 'PCA__tol': 0.0, 'PCA__whiten': False, 'Selector__estimator__C': 1.0, 'Selector__estimator__class_weight': None, 'Selector__estimator__dual': 'auto', 'Selector__estimator__fit_intercept': True, 'Selector__estimator__intercept_scaling': 1, 'Selector__estimator__loss': 'squared_hinge', 'Selector__estimator__max_iter': 1000, 'Selector__estimator__multi_class': 'ovr', 'Selector__estimator__penalty': 'l2', 'Selector__estimator__random_state': None, 'Selector__estimator__tol': 0.0001, 'Selector__estimator__verbose': 0, 'Selector__estimator': LinearSVC(), 'Selector__importance_getter': 'auto', 'Selector__max_features': 12, 'Selector__norm_order': 1, 'Selector__prefit': False, 'Selector__threshold': None, 'Classifier__memory': None, 'Classifier__steps': [('SVC', SVC(C=1000, cache_size=500, class_weight='balanced', coef0=6, degree=5,
    gamma=0.001, kernel='linear', max_iter=1000000, probability=True,
    random_state=42))], 'Classifier__transform_input': None, 'Classifier__verbose': False, 'Classifier__SVC': SVC(C=1000, cache_size=500, class_weight='balanced', coef0=6, degree=5,
    gamma=0.001, kernel='linear', max_iter=1000000, probability=True,
    random_state=42), 'Classifier__SVC__C': 1000, 'Classifier__SVC__break_ties': False, 'Classifier__SVC__cache_size': 500, 'Classifier__SVC__class_weight': 'balanced', 'Classifier__SVC__coef0': 6, 'Classifier__SVC__decision_function_shape': 'ovr', 'Classifier__SVC__degree': 5, 'Classifier__SVC__gamma': 0.001, 'Classifier__SVC__kernel': 'linear', 'Classifier__SVC__max_iter': 1000000, 'Classifier__SVC__probability': True, 'Classifier__SVC__random_state': 42, 'Classifier__SVC__shrinking': True, 'Classifier__SVC__tol': 0.001, 'Classifier__SVC__verbose': False}",['x6' 'x7' 'x8' 'x9' 'x10' 'x11' 'x12' 'x13' 'x14' 'x15' 'x16' 'x17'],,,0.0,0.0,0.0
134,Vocals,False,"{'memory': None, 'steps': [('Imputer', SimpleImputer()), ('Scaler', MinMaxScaler()), ('PCA', PCA(n_components=30, random_state=42)), ('Selector', SelectFromModel(estimator=LinearSVC(), max_features=20)), ('Classifier', Pipeline(steps=[('SVC',
                 SVC(C=0.01, cache_size=500, class_weight='balanced', coef0=6,
                     degree=5, gamma=0.01, kernel='poly', max_iter=1000000,
                     probability=True, random_state=42))]))], 'transform_input': None, 'verbose': False, 'Imputer': SimpleImputer(), 'Scaler': MinMaxScaler(), 'PCA': PCA(n_components=30, random_state=42), 'Selector': SelectFromModel(estimator=LinearSVC(), max_features=20), 'Classifier': Pipeline(steps=[('SVC',
                 SVC(C=0.01, cache_size=500, class_weight='balanced', coef0=6,
                     degree=5, gamma=0.01, kernel='poly', max_iter=1000000,
                     probability=True, random_state=42))]), 'Imputer__add_indicator': False, 'Imputer__copy': True, 'Imputer__fill_value': None, 'Imputer__keep_empty_features': False, 'Imputer__missing_values': nan, 'Imputer__strategy': 'mean', 'Scaler__clip': False, 'Scaler__copy': True, 'Scaler__feature_range': (0, 1), 'PCA__copy': True, 'PCA__iterated_power': 'auto', 'PCA__n_components': 30, 'PCA__n_oversamples': 10, 'PCA__power_iteration_normalizer': 'auto', 'PCA__random_state': 42, 'PCA__svd_solver': 'auto', 'PCA__tol': 0.0, 'PCA__whiten': False, 'Selector__estimator__C': 1.0, 'Selector__estimator__class_weight': None, 'Selector__estimator__dual': 'auto', 'Selector__estimator__fit_intercept': True, 'Selector__estimator__intercept_scaling': 1, 'Selector__estimator__loss': 'squared_hinge', 'Selector__estimator__max_iter': 1000, 'Selector__estimator__multi_class': 'ovr', 'Selector__estimator__penalty': 'l2', 'Selector__estimator__random_state': None, 'Selector__estimator__tol': 0.0001, 'Selector__estimator__verbose': 0, 'Selector__estimator': LinearSVC(), 'Selector__importance_getter': 'auto', 'Selector__max_features': 20, 'Selector__norm_order': 1, 'Selector__prefit': False, 'Selector__threshold': None, 'Classifier__memory': None, 'Classifier__steps': [('SVC', SVC(C=0.01, cache_size=500, class_weight='balanced', coef0=6, degree=5,
    gamma=0.01, kernel='poly', max_iter=1000000, probability=True,
    random_state=42))], 'Classifier__transform_input': None, 'Classifier__verbose': False, 'Classifier__SVC': SVC(C=0.01, cache_size=500, class_weight='balanced', coef0=6, degree=5,
    gamma=0.01, kernel='poly', max_iter=1000000, probability=True,
    random_state=42), 'Classifier__SVC__C': 0.01, 'Classifier__SVC__break_ties': False, 'Classifier__SVC__cache_size': 500, 'Classifier__SVC__class_weight': 'balanced', 'Classifier__SVC__coef0': 6, 'Classifier__SVC__decision_function_shape': 'ovr', 'Classifier__SVC__degree': 5, 'Classifier__SVC__gamma': 0.01, 'Classifier__SVC__kernel': 'poly', 'Classifier__SVC__max_iter': 1000000, 'Classifier__SVC__probability': True, 'Classifier__SVC__random_state': 42, 'Classifier__SVC__shrinking': True, 'Classifier__SVC__tol': 0.001, 'Classifier__SVC__verbose': False}","['x6' 'x8' 'x9' 'x10' 'x11' 'x12' 'x13' 'x14' 'x15' 'x16' 'x17' 'x20'
 'x22' 'x23' 'x25' 'x26' 'x27' 'x28' 'x29']",,,0.0,0.0,0.0
135,Vocals,False,"{'memory': None, 'steps': [('Imputer', SimpleImputer()), ('Scaler', MinMaxScaler()), ('PCA', PCA(n_components=20, random_state=42)), ('Selector', SelectFromModel(estimator=LinearSVC(), max_features=16)), ('Classifier', Pipeline(steps=[('SVC',
                 SVC(C=1000, cache_size=500, class_weight='balanced', coef0=6,
                     degree=5, gamma=0.01, kernel='linear', max_iter=1000000,
                     probability=True, random_state=42))]))], 'transform_input': None, 'verbose': False, 'Imputer': SimpleImputer(), 'Scaler': MinMaxScaler(), 'PCA': PCA(n_components=20, random_state=42), 'Selector': SelectFromModel(estimator=LinearSVC(), max_features=16), 'Classifier': Pipeline(steps=[('SVC',
                 SVC(C=1000, cache_size=500, class_weight='balanced', coef0=6,
                     degree=5, gamma=0.01, kernel='linear', max_iter=1000000,
                     probability=True, random_state=42))]), 'Imputer__add_indicator': False, 'Imputer__copy': True, 'Imputer__fill_value': None, 'Imputer__keep_empty_features': False, 'Imputer__missing_values': nan, 'Imputer__strategy': 'mean', 'Scaler__clip': False, 'Scaler__copy': True, 'Scaler__feature_range': (0, 1), 'PCA__copy': True, 'PCA__iterated_power': 'auto', 'PCA__n_components': 20, 'PCA__n_oversamples': 10, 'PCA__power_iteration_normalizer': 'auto', 'PCA__random_state': 42, 'PCA__svd_solver': 'auto', 'PCA__tol': 0.0, 'PCA__whiten': False, 'Selector__estimator__C': 1.0, 'Selector__estimator__class_weight': None, 'Selector__estimator__dual': 'auto', 'Selector__estimator__fit_intercept': True, 'Selector__estimator__intercept_scaling': 1, 'Selector__estimator__loss': 'squared_hinge', 'Selector__estimator__max_iter': 1000, 'Selector__estimator__multi_class': 'ovr', 'Selector__estimator__penalty': 'l2', 'Selector__estimator__random_state': None, 'Selector__estimator__tol': 0.0001, 'Selector__estimator__verbose': 0, 'Selector__estimator': LinearSVC(), 'Selector__importance_getter': 'auto', 'Selector__max_features': 16, 'Selector__norm_order': 1, 'Selector__prefit': False, 'Selector__threshold': None, 'Classifier__memory': None, 'Classifier__steps': [('SVC', SVC(C=1000, cache_size=500, class_weight='balanced', coef0=6, degree=5,
    gamma=0.01, kernel='linear', max_iter=1000000, probability=True,
    random_state=42))], 'Classifier__transform_input': None, 'Classifier__verbose': False, 'Classifier__SVC': SVC(C=1000, cache_size=500, class_weight='balanced', coef0=6, degree=5,
    gamma=0.01, kernel='linear', max_iter=1000000, probability=True,
    random_state=42), 'Classifier__SVC__C': 1000, 'Classifier__SVC__break_ties': False, 'Classifier__SVC__cache_size': 500, 'Classifier__SVC__class_weight': 'balanced', 'Classifier__SVC__coef0': 6, 'Classifier__SVC__decision_function_shape': 'ovr', 'Classifier__SVC__degree': 5, 'Classifier__SVC__gamma': 0.01, 'Classifier__SVC__kernel': 'linear', 'Classifier__SVC__max_iter': 1000000, 'Classifier__SVC__probability': True, 'Classifier__SVC__random_state': 42, 'Classifier__SVC__shrinking': True, 'Classifier__SVC__tol': 0.001, 'Classifier__SVC__verbose': False}",['x6' 'x7' 'x8' 'x9' 'x10' 'x11' 'x12' 'x13' 'x14' 'x15' 'x16' 'x17' 'x18'],,,0.0,0.0,0.0
136,Vocals,False,"{'memory': None, 'steps': [('Imputer', SimpleImputer()), ('Scaler', MinMaxScaler()), ('PCA', PCA(n_components=40, random_state=42)), ('Selector', SelectFromModel(estimator=LinearSVC(), max_features=20)), ('Classifier', Pipeline(steps=[('SVC',
                 SVC(C=1000, cache_size=500, class_weight='balanced', coef0=6,
                     degree=5, gamma=0.01, max_iter=1000000, probability=True,
                     random_state=42))]))], 'transform_input': None, 'verbose': False, 'Imputer': SimpleImputer(), 'Scaler': MinMaxScaler(), 'PCA': PCA(n_components=40, random_state=42), 'Selector': SelectFromModel(estimator=LinearSVC(), max_features=20), 'Classifier': Pipeline(steps=[('SVC',
                 SVC(C=1000, cache_size=500, class_weight='balanced', coef0=6,
                     degree=5, gamma=0.01, max_iter=1000000, probability=True,
                     random_state=42))]), 'Imputer__add_indicator': False, 'Imputer__copy': True, 'Imputer__fill_value': None, 'Imputer__keep_empty_features': False, 'Imputer__missing_values': nan, 'Imputer__strategy': 'mean', 'Scaler__clip': False, 'Scaler__copy': True, 'Scaler__feature_range': (0, 1), 'PCA__copy': True, 'PCA__iterated_power': 'auto', 'PCA__n_components': 40, 'PCA__n_oversamples': 10, 'PCA__power_iteration_normalizer': 'auto', 'PCA__random_state': 42, 'PCA__svd_solver': 'auto', 'PCA__tol': 0.0, 'PCA__whiten': False, 'Selector__estimator__C': 1.0, 'Selector__estimator__class_weight': None, 'Selector__estimator__dual': 'auto', 'Selector__estimator__fit_intercept': True, 'Selector__estimator__intercept_scaling': 1, 'Selector__estimator__loss': 'squared_hinge', 'Selector__estimator__max_iter': 1000, 'Selector__estimator__multi_class': 'ovr', 'Selector__estimator__penalty': 'l2', 'Selector__estimator__random_state': None, 'Selector__estimator__tol': 0.0001, 'Selector__estimator__verbose': 0, 'Selector__estimator': LinearSVC(), 'Selector__importance_getter': 'auto', 'Selector__max_features': 20, 'Selector__norm_order': 1, 'Selector__prefit': False, 'Selector__threshold': None, 'Classifier__memory': None, 'Classifier__steps': [('SVC', SVC(C=1000, cache_size=500, class_weight='balanced', coef0=6, degree=5,
    gamma=0.01, max_iter=1000000, probability=True, random_state=42))], 'Classifier__transform_input': None, 'Classifier__verbose': False, 'Classifier__SVC': SVC(C=1000, cache_size=500, class_weight='balanced', coef0=6, degree=5,
    gamma=0.01, max_iter=1000000, probability=True, random_state=42), 'Classifier__SVC__C': 1000, 'Classifier__SVC__break_ties': False, 'Classifier__SVC__cache_size': 500, 'Classifier__SVC__class_weight': 'balanced', 'Classifier__SVC__coef0': 6, 'Classifier__SVC__decision_function_shape': 'ovr', 'Classifier__SVC__degree': 5, 'Classifier__SVC__gamma': 0.01, 'Classifier__SVC__kernel': 'rbf', 'Classifier__SVC__max_iter': 1000000, 'Classifier__SVC__probability': True, 'Classifier__SVC__random_state': 42, 'Classifier__SVC__shrinking': True, 'Classifier__SVC__tol': 0.001, 'Classifier__SVC__verbose': False}","['x6' 'x8' 'x9' 'x10' 'x11' 'x12' 'x13' 'x14' 'x15' 'x16' 'x17' 'x23'
 'x26' 'x27' 'x28' 'x29' 'x30' 'x32' 'x37' 'x39']",,,0.0,0.0,0.0
137,Vocals,False,"{'memory': None, 'steps': [('Imputer', SimpleImputer()), ('Scaler', MinMaxScaler()), ('PCA', PCA(n_components=40, random_state=42)), ('Selector', SelectFromModel(estimator=LinearSVC(), max_features=20)), ('Classifier', Pipeline(steps=[('SVC',
                 SVC(C=0.1, cache_size=500, class_weight='balanced', coef0=6,
                     degree=5, gamma=0.01, kernel='poly', max_iter=1000000,
                     probability=True, random_state=42))]))], 'transform_input': None, 'verbose': False, 'Imputer': SimpleImputer(), 'Scaler': MinMaxScaler(), 'PCA': PCA(n_components=40, random_state=42), 'Selector': SelectFromModel(estimator=LinearSVC(), max_features=20), 'Classifier': Pipeline(steps=[('SVC',
                 SVC(C=0.1, cache_size=500, class_weight='balanced', coef0=6,
                     degree=5, gamma=0.01, kernel='poly', max_iter=1000000,
                     probability=True, random_state=42))]), 'Imputer__add_indicator': False, 'Imputer__copy': True, 'Imputer__fill_value': None, 'Imputer__keep_empty_features': False, 'Imputer__missing_values': nan, 'Imputer__strategy': 'mean', 'Scaler__clip': False, 'Scaler__copy': True, 'Scaler__feature_range': (0, 1), 'PCA__copy': True, 'PCA__iterated_power': 'auto', 'PCA__n_components': 40, 'PCA__n_oversamples': 10, 'PCA__power_iteration_normalizer': 'auto', 'PCA__random_state': 42, 'PCA__svd_solver': 'auto', 'PCA__tol': 0.0, 'PCA__whiten': False, 'Selector__estimator__C': 1.0, 'Selector__estimator__class_weight': None, 'Selector__estimator__dual': 'auto', 'Selector__estimator__fit_intercept': True, 'Selector__estimator__intercept_scaling': 1, 'Selector__estimator__loss': 'squared_hinge', 'Selector__estimator__max_iter': 1000, 'Selector__estimator__multi_class': 'ovr', 'Selector__estimator__penalty': 'l2', 'Selector__estimator__random_state': None, 'Selector__estimator__tol': 0.0001, 'Selector__estimator__verbose': 0, 'Selector__estimator': LinearSVC(), 'Selector__importance_getter': 'auto', 'Selector__max_features': 20, 'Selector__norm_order': 1, 'Selector__prefit': False, 'Selector__threshold': None, 'Classifier__memory': None, 'Classifier__steps': [('SVC', SVC(C=0.1, cache_size=500, class_weight='balanced', coef0=6, degree=5,
    gamma=0.01, kernel='poly', max_iter=1000000, probability=True,
    random_state=42))], 'Classifier__transform_input': None, 'Classifier__verbose': False, 'Classifier__SVC': SVC(C=0.1, cache_size=500, class_weight='balanced', coef0=6, degree=5,
    gamma=0.01, kernel='poly', max_iter=1000000, probability=True,
    random_state=42), 'Classifier__SVC__C': 0.1, 'Classifier__SVC__break_ties': False, 'Classifier__SVC__cache_size': 500, 'Classifier__SVC__class_weight': 'balanced', 'Classifier__SVC__coef0': 6, 'Classifier__SVC__decision_function_shape': 'ovr', 'Classifier__SVC__degree': 5, 'Classifier__SVC__gamma': 0.01, 'Classifier__SVC__kernel': 'poly', 'Classifier__SVC__max_iter': 1000000, 'Classifier__SVC__probability': True, 'Classifier__SVC__random_state': 42, 'Classifier__SVC__shrinking': True, 'Classifier__SVC__tol': 0.001, 'Classifier__SVC__verbose': False}","['x6' 'x8' 'x9' 'x10' 'x11' 'x12' 'x13' 'x14' 'x15' 'x16' 'x17' 'x23'
 'x26' 'x27' 'x28' 'x29' 'x30' 'x32' 'x37' 'x39']",,,0.0,0.0,0.0
138,Vocals,False,"{'memory': None, 'steps': [('Imputer', SimpleImputer()), ('Scaler', MinMaxScaler()), ('PCA', PCA(n_components=20, random_state=42)), ('Selector', SelectFromModel(estimator=LinearSVC(), max_features=8)), ('Classifier', Pipeline(steps=[('SVC',
                 SVC(C=10, cache_size=500, class_weight='balanced', coef0=6,
                     degree=5, gamma=0.01, kernel='linear', max_iter=1000000,
                     probability=True, random_state=42))]))], 'transform_input': None, 'verbose': False, 'Imputer': SimpleImputer(), 'Scaler': MinMaxScaler(), 'PCA': PCA(n_components=20, random_state=42), 'Selector': SelectFromModel(estimator=LinearSVC(), max_features=8), 'Classifier': Pipeline(steps=[('SVC',
                 SVC(C=10, cache_size=500, class_weight='balanced', coef0=6,
                     degree=5, gamma=0.01, kernel='linear', max_iter=1000000,
                     probability=True, random_state=42))]), 'Imputer__add_indicator': False, 'Imputer__copy': True, 'Imputer__fill_value': None, 'Imputer__keep_empty_features': False, 'Imputer__missing_values': nan, 'Imputer__strategy': 'mean', 'Scaler__clip': False, 'Scaler__copy': True, 'Scaler__feature_range': (0, 1), 'PCA__copy': True, 'PCA__iterated_power': 'auto', 'PCA__n_components': 20, 'PCA__n_oversamples': 10, 'PCA__power_iteration_normalizer': 'auto', 'PCA__random_state': 42, 'PCA__svd_solver': 'auto', 'PCA__tol': 0.0, 'PCA__whiten': False, 'Selector__estimator__C': 1.0, 'Selector__estimator__class_weight': None, 'Selector__estimator__dual': 'auto', 'Selector__estimator__fit_intercept': True, 'Selector__estimator__intercept_scaling': 1, 'Selector__estimator__loss': 'squared_hinge', 'Selector__estimator__max_iter': 1000, 'Selector__estimator__multi_class': 'ovr', 'Selector__estimator__penalty': 'l2', 'Selector__estimator__random_state': None, 'Selector__estimator__tol': 0.0001, 'Selector__estimator__verbose': 0, 'Selector__estimator': LinearSVC(), 'Selector__importance_getter': 'auto', 'Selector__max_features': 8, 'Selector__norm_order': 1, 'Selector__prefit': False, 'Selector__threshold': None, 'Classifier__memory': None, 'Classifier__steps': [('SVC', SVC(C=10, cache_size=500, class_weight='balanced', coef0=6, degree=5,
    gamma=0.01, kernel='linear', max_iter=1000000, probability=True,
    random_state=42))], 'Classifier__transform_input': None, 'Classifier__verbose': False, 'Classifier__SVC': SVC(C=10, cache_size=500, class_weight='balanced', coef0=6, degree=5,
    gamma=0.01, kernel='linear', max_iter=1000000, probability=True,
    random_state=42), 'Classifier__SVC__C': 10, 'Classifier__SVC__break_ties': False, 'Classifier__SVC__cache_size': 500, 'Classifier__SVC__class_weight': 'balanced', 'Classifier__SVC__coef0': 6, 'Classifier__SVC__decision_function_shape': 'ovr', 'Classifier__SVC__degree': 5, 'Classifier__SVC__gamma': 0.01, 'Classifier__SVC__kernel': 'linear', 'Classifier__SVC__max_iter': 1000000, 'Classifier__SVC__probability': True, 'Classifier__SVC__random_state': 42, 'Classifier__SVC__shrinking': True, 'Classifier__SVC__tol': 0.001, 'Classifier__SVC__verbose': False}",['x8' 'x9' 'x10' 'x11' 'x13' 'x14' 'x15' 'x17'],,,0.0,0.0,0.0
139,Vocals,False,"{'memory': None, 'steps': [('Imputer', SimpleImputer()), ('Scaler', MinMaxScaler()), ('PCA', PCA(n_components=30, random_state=42)), ('Selector', SelectFromModel(estimator=LinearSVC(), max_features=16)), ('Classifier', Pipeline(steps=[('SVC',
                 SVC(C=100, cache_size=500, class_weight='balanced', coef0=6,
                     degree=5, gamma=0.01, max_iter=1000000, probability=True,
                     random_state=42))]))], 'transform_input': None, 'verbose': False, 'Imputer': SimpleImputer(), 'Scaler': MinMaxScaler(), 'PCA': PCA(n_components=30, random_state=42), 'Selector': SelectFromModel(estimator=LinearSVC(), max_features=16), 'Classifier': Pipeline(steps=[('SVC',
                 SVC(C=100, cache_size=500, class_weight='balanced', coef0=6,
                     degree=5, gamma=0.01, max_iter=1000000, probability=True,
                     random_state=42))]), 'Imputer__add_indicator': False, 'Imputer__copy': True, 'Imputer__fill_value': None, 'Imputer__keep_empty_features': False, 'Imputer__missing_values': nan, 'Imputer__strategy': 'mean', 'Scaler__clip': False, 'Scaler__copy': True, 'Scaler__feature_range': (0, 1), 'PCA__copy': True, 'PCA__iterated_power': 'auto', 'PCA__n_components': 30, 'PCA__n_oversamples': 10, 'PCA__power_iteration_normalizer': 'auto', 'PCA__random_state': 42, 'PCA__svd_solver': 'auto', 'PCA__tol': 0.0, 'PCA__whiten': False, 'Selector__estimator__C': 1.0, 'Selector__estimator__class_weight': None, 'Selector__estimator__dual': 'auto', 'Selector__estimator__fit_intercept': True, 'Selector__estimator__intercept_scaling': 1, 'Selector__estimator__loss': 'squared_hinge', 'Selector__estimator__max_iter': 1000, 'Selector__estimator__multi_class': 'ovr', 'Selector__estimator__penalty': 'l2', 'Selector__estimator__random_state': None, 'Selector__estimator__tol': 0.0001, 'Selector__estimator__verbose': 0, 'Selector__estimator': LinearSVC(), 'Selector__importance_getter': 'auto', 'Selector__max_features': 16, 'Selector__norm_order': 1, 'Selector__prefit': False, 'Selector__threshold': None, 'Classifier__memory': None, 'Classifier__steps': [('SVC', SVC(C=100, cache_size=500, class_weight='balanced', coef0=6, degree=5,
    gamma=0.01, max_iter=1000000, probability=True, random_state=42))], 'Classifier__transform_input': None, 'Classifier__verbose': False, 'Classifier__SVC': SVC(C=100, cache_size=500, class_weight='balanced', coef0=6, degree=5,
    gamma=0.01, max_iter=1000000, probability=True, random_state=42), 'Classifier__SVC__C': 100, 'Classifier__SVC__break_ties': False, 'Classifier__SVC__cache_size': 500, 'Classifier__SVC__class_weight': 'balanced', 'Classifier__SVC__coef0': 6, 'Classifier__SVC__decision_function_shape': 'ovr', 'Classifier__SVC__degree': 5, 'Classifier__SVC__gamma': 0.01, 'Classifier__SVC__kernel': 'rbf', 'Classifier__SVC__max_iter': 1000000, 'Classifier__SVC__probability': True, 'Classifier__SVC__random_state': 42, 'Classifier__SVC__shrinking': True, 'Classifier__SVC__tol': 0.001, 'Classifier__SVC__verbose': False}","['x6' 'x8' 'x9' 'x10' 'x11' 'x12' 'x13' 'x14' 'x15' 'x17' 'x20' 'x23'
 'x26' 'x27' 'x28' 'x29']",,,0.0,0.0,0.0
