,Principal component 0,Principal component 1,Principal component 2,Principal component 3,Principal component 4,Principal component 5,Principal component 6,Principal component 7,Principal component 8,Principal component 9,Principal component 10,Principal component 11,Principal component 12,Principal component 13,Principal component 14,Principal component 15,Principal component 16,Principal component 17,Principal component 18,Principal component 19,Principal component 20,Spectral Centroid Overall Standard Deviation,Spectral Rolloff Point Overall Standard Deviation,Spectral Flux Overall Standard Deviation,Compactness Overall Standard Deviation,Spectral Variability Overall Standard Deviation,Root Mean Square Overall Standard Deviation,Fraction Of Low Energy Windows Overall Standard Deviation,Zero Crossings Overall Standard Deviation,MFCC Overall Standard Deviation 1,MFCC Overall Standard Deviation 2,MFCC Overall Standard Deviation 3,MFCC Overall Standard Deviation 4,MFCC Overall Standard Deviation 5,MFCC Overall Standard Deviation 6,MFCC Overall Standard Deviation 7,MFCC Overall Standard Deviation 8,MFCC Overall Standard Deviation 9,MFCC Overall Standard Deviation 10,MFCC Overall Standard Deviation 11,MFCC Overall Standard Deviation 12,MFCC Overall Standard Deviation 13,LPC Overall Standard Deviation 1,LPC Overall Standard Deviation 2,LPC Overall Standard Deviation 3,LPC Overall Standard Deviation 4,LPC Overall Standard Deviation 5,LPC Overall Standard Deviation 6,LPC Overall Standard Deviation 7,LPC Overall Standard Deviation 8,LPC Overall Standard Deviation 9,LPC Overall Standard Deviation 10,Method of Moments Overall Standard Deviation 1,Method of Moments Overall Standard Deviation 2,Method of Moments Overall Standard Deviation 3,Method of Moments Overall Standard Deviation 4,Method of Moments Overall Standard Deviation 5,Spectral Centroid Overall Average,Spectral Rolloff Point Overall Average,Spectral Flux Overall Average,Compactness Overall Average,Spectral Variability Overall Average,Root Mean Square Overall Average,Fraction Of Low Energy Windows Overall Average,Zero Crossings Overall Average,MFCC Overall Average 1,MFCC Overall Average 2,MFCC Overall Average 3,MFCC Overall Average 4,MFCC Overall Average 5,MFCC Overall Average 6,MFCC Overall Average 7,MFCC Overall Average 8,MFCC Overall Average 9,MFCC Overall Average 10,MFCC Overall Average 11,MFCC Overall Average 12,MFCC Overall Average 13,LPC Overall Average 1,LPC Overall Average 2,LPC Overall Average 3,LPC Overall Average 4,LPC Overall Average 5,LPC Overall Average 6,LPC Overall Average 7,LPC Overall Average 8,LPC Overall Average 9,LPC Overall Average 10,Method of Moments Overall Average 1,Method of Moments Overall Average 2,Method of Moments Overall Average 3,Method of Moments Overall Average 4,Method of Moments Overall Average 5,Chroma feature 0,Chroma feature 1,Chroma feature 2,Chroma feature 3,Chroma feature 4,Chroma feature 5,Chroma feature 6,Chroma feature 7,Chroma feature 8,Chroma feature 9,Chroma feature 10,Chroma feature 11
Principal component 0,1.0,9.391554812377254e-16,1.3064903163298355e-16,1.373286270589147e-16,3.181227585374893e-17,6.682066374557996e-16,1.6372047553380907e-16,8.347104043633454e-17,-1.5030206536653953e-16,1.3158131756342343e-16,5.985697358946095e-17,-1.783720883069958e-17,2.6084550832466075e-16,3.1838106847364124e-17,1.3745643672472488e-16,2.250951134313658e-16,1.8386330380023574e-16,-4.796342497548996e-16,9.8420034364291e-17,2.3673372129671287e-16,4.523943446749411e-17,0.3029084158970782,0.4639877307588722,0.5288556351645822,0.3156226776939413,0.8235240989466128,0.827773730198466,-0.32892150945138815,0.4838814882817699,-0.0012175530397265835,0.6689698800382671,0.7276572701401673,0.8173046564082206,0.8116567620158003,0.8485903900990788,0.845016895863263,0.8748153262141348,0.8716386158828497,0.8726818161740285,0.8645065227996649,0.8751190545039873,0.8922813424959997,0.11355918675399607,0.6612823021343647,0.8228207482128388,0.8902940486417495,0.9278522828637771,0.9000626997050143,0.8884530588198938,0.8973087120777239,0.9056388734404747,,0.7950161679027127,0.32367230386712825,0.5404159337627727,0.5578753737474667,0.5416579048894837,0.8553086624153903,0.8098441695473149,0.5363714197843047,0.9518115188864522,0.7846073735280816,0.7845877365839656,0.8778122764157641,0.844458566973531,0.9513180631085346,0.4602883176805328,-0.24533199777932857,-0.3383011369459361,-0.4793821794138411,-0.21610926570980854,-0.25171027171420773,-0.08961328433956114,-0.23808421895206655,-0.3054200800245815,-0.30755261852644383,-0.29334044564493966,-0.4623106477078684,-0.9351010070781738,0.697586675713511,-0.223360096942835,0.507052396142363,0.44343931619534677,0.43665598473683814,0.34294561321931705,0.575340153673688,0.5197893170411827,,0.7267851878361602,0.8378052205145634,0.6883675382210053,0.7340518057794468,0.7086153511892261,0.7955325337712096,0.8196523598336148,0.7887423550660129,0.7894146351834185,0.8062010793318742,0.799228429064413,0.7938449033071477,0.7921933376838691,0.7983237286682761,0.7976417487844472,0.8005866953270747,0.7986069531083149
Principal component 1,9.391554812377254e-16,1.0,-7.667685408898468e-17,-5.466477740618556e-17,5.3817787485769365e-17,-1.6904639186250766e-16,-2.959626061440706e-16,-4.9774673731206716e-17,9.183792041632963e-17,-1.3207691824267796e-16,-8.238530681300597e-17,-2.7361235329031935e-16,5.039470598670174e-17,-7.490959640126236e-17,-1.4647924830914509e-16,1.271461394200413e-17,3.440104107738055e-16,9.343609975815811e-17,-2.719514723063713e-16,-2.598149973260061e-16,4.014609620596396e-16,0.7226154261646752,0.6281929374720343,-0.26436043726053815,0.7255321379531675,-0.2902621752217654,-0.2858436997598132,0.6729542751982485,0.6280790504265212,0.8147859672843509,0.39307147278427784,0.3922224532877572,0.29323709881289045,0.26235709402421103,0.23951748464744743,0.21842651551887982,0.17518818419454088,0.17260644051549356,0.13044750805816627,0.13483496199338926,0.12218103066919543,0.08239394619852719,0.8272406675852145,0.533656987693747,0.0035137014753471607,0.0983028791812996,0.14876264299111852,0.19351519818051213,0.1710853228251156,0.15005855951704164,0.1260257764668938,,-0.29369077444277425,0.8168515693890935,0.6617084487776256,0.5368010524596158,0.5549885422898093,0.0733978138891257,0.08769070952390451,-0.3180594897705972,-0.26248809312783494,-0.41001029744241996,-0.40563478639049055,0.10660306072163636,-0.014982961857124173,-0.26959676440865066,-0.4706960560107668,0.10527180166863322,-0.20140698139858276,0.10161165023955548,-0.01267939811184927,0.09569112086777945,0.035686137025732305,-0.044115415244831674,0.18437921003693233,0.058298991918968125,0.07806518273214096,0.13433683950273095,0.2931216219820604,-0.29108051849974453,-0.04742727176561786,0.11687412519279984,0.13522175870276804,-0.053376849816298894,-0.07725470263049938,0.044824753169925464,-0.0004141009778741378,,-0.357001653152188,0.009982546576516965,0.03000932547799327,-0.02636861166524294,0.019850493461631005,-0.3036366124320694,-0.2794540255581768,-0.2617083009306826,-0.2657958327332203,-0.24798348190309777,-0.24832548357223477,-0.25383679917044993,-0.24995092510325004,-0.26753737278532114,-0.26850550492253145,-0.30596685511781446,-0.31390176723912844
Principal component 2,1.3064903163298355e-16,-7.667685408898468e-17,1.0,1.4518278213844096e-17,-1.938405326406152e-16,2.385739733529282e-16,-3.4490693725641043e-16,8.643943962585631e-17,-5.924604993127418e-17,-2.2183696706036106e-16,5.023590497762854e-17,2.059437582945783e-16,-4.136570523260309e-16,2.6214484871812373e-16,-4.486986954132711e-16,-1.764052223592231e-16,4.971135684124109e-17,-2.5154114001344784e-16,-6.114603950588582e-17,-1.3858844041317713e-16,2.8618369638947517e-16,0.23992335190684852,0.3826712551033331,0.08136567419179773,-0.12423708328182456,-0.014679238992498695,0.0006716732580863429,-0.030362344723970026,0.30284610824988717,-0.08099284358996099,-0.30430223009101504,-0.2800626538866683,-0.28710565451668457,-0.3192858590572224,-0.23766824850979304,-0.2543240048322367,-0.216833522248632,-0.20999524418202198,-0.20749417628780858,-0.21061995095567623,-0.2162556870649556,-0.24896684313092587,-0.03690306208647863,0.11045972659606286,-0.4483670233725014,-0.3116427314339574,-0.15160099822543388,-0.07475452517857331,-0.007832845645886006,-0.0030590725588294982,0.05237372851319212,,0.27036627087777426,0.21286649367825816,0.2100278386701724,0.06576129398165086,0.06055819324980759,0.20329293699015466,0.28754654749706726,0.24930985665382654,-0.0561881401845426,0.10345765747554585,0.14098239314863326,-0.07746012790355473,0.30923997603575026,-0.03846349253529757,-0.40670345397392643,0.6636635026133633,0.20330542915839142,0.3986263321058095,0.4253767919197907,0.542437684979173,-0.06742669212219196,-0.0013044593984669214,-0.05436516651085395,0.30546361216103574,-0.049038922117904137,-0.0025046409179645614,0.11625980462158846,-0.5644780681352373,-0.08771920556970776,0.1521886113771177,-0.018076562313739858,0.24342710331913445,0.17122162183392076,0.12315003293721079,-0.02367927213886707,,0.3869818926484471,0.43318395616143174,0.6409312479866729,0.5545495416809987,0.5950764779120228,0.0008606312811104561,0.026408990004011767,0.06868471112486656,0.13146893089451728,0.13824905411427946,0.0976783959231085,0.10206465118196237,0.09794465405069842,0.14364136536515948,0.09825328596409895,0.04732932405162937,0.02958499137875311
Principal component 3,1.373286270589147e-16,-5.466477740618556e-17,1.4518278213844096e-17,1.0,6.80085623752014e-17,2.1474990021358654e-16,-9.753262568099708e-18,-1.7602301280911445e-16,2.4059669397016936e-16,1.4418432441725487e-17,-1.1066853305925309e-17,2.314170544138209e-16,-4.578214266656422e-17,1.3214890350861092e-16,1.2762468426783737e-16,1.3147731623424318e-16,-3.852328068413756e-16,4.422514343625854e-16,-2.0781919968970974e-16,-1.5924625705049888e-16,-3.908385976102862e-16,-0.019564086985558497,-0.11812952955057006,0.2665392375169493,0.40696552620418625,0.054857749486548944,0.045022636268313564,0.2725557731096591,-0.13716534629465296,0.3898754709392698,0.22843177559561936,0.08870064142869816,0.045610388261493155,-0.06574281310468448,-0.07774168676545315,-0.1283015787308577,-0.13258044826590615,-0.2027267870868567,-0.21794872510925922,-0.24670219637629268,-0.21174763831737983,-0.14231898787938704,0.31668800495707267,0.31264469869334366,0.09172559466652644,-0.036955978231520296,-0.11563366981969689,-0.18666666834443582,-0.24448268984968585,-0.24181503942000496,-0.23095114136650916,,0.018792270281284107,0.1751512783408236,0.3059985943723423,0.42395179968874097,0.43672197884033964,-0.3696404964681724,-0.37463200384859385,0.1693190977114805,-0.015187357626224723,0.04707323609501374,0.03583154392794842,0.19821311425101032,-0.35875747848123274,0.0016317999490693662,0.48874375443973966,0.3831266636006834,0.4851883505372277,0.33130763431942956,0.03732985798222461,-0.16055910650143748,-0.27097055846637735,0.003622979906207949,-0.06495019817980786,0.11873933194934476,0.10299442296861697,-0.05447701503098126,-0.05440088510447393,0.046591709782511134,0.4695995447476108,-0.21807702342065668,-0.20463044200878477,-0.1609302938938785,-0.19757092915547017,-0.4039054668713633,-0.2877447270618371,,-0.03955036632406901,-0.2675889595883818,-0.17522715105858577,-0.08431826564234988,-0.07496036372131153,0.2893809674829714,0.3043756545928896,0.3235562195598235,0.3709443800383081,0.34109714233104527,0.35693581282469405,0.3332440633692099,0.31842812857163666,0.31244788457787553,0.27873085823365557,0.29632907017337096,0.2887078967700678
Principal component 4,3.181227585374893e-17,5.3817787485769365e-17,-1.938405326406152e-16,6.80085623752014e-17,1.0,-2.6045751615234637e-16,-5.16866388841022e-16,3.126421460051429e-16,3.6299536676652065e-17,-3.6020125606509474e-16,1.2241171110192387e-16,-3.691346911455509e-16,4.3294742170998443e-16,-2.246850788888327e-16,-3.109350670512306e-16,3.0894305160929686e-17,2.4116767326022753e-16,3.0144270544202315e-16,3.5700323677833775e-17,-1.2092130878349154e-16,-1.6826985926917305e-16,0.05507735237151685,0.07429471199012917,-0.47062055836696653,0.09363748035493272,-0.28054122143603144,-0.26728732446624115,0.06022978317623286,0.06873760138758432,0.10146324443274464,0.05417559248341859,-0.14566942464525903,-0.026900781765334024,-0.05297344489964427,-0.018812994887538615,-0.10359849160421834,-0.08793984288726416,-0.0961616242263325,-0.08464427410842598,-0.08618614264970237,-0.06393580275594272,-0.0471666857349022,0.08970262753757413,-0.06527838394277342,0.08991183161926705,0.025303740581432397,-0.004800237619656366,-0.013959205630316638,-0.025926806527320684,-0.03014994924902967,-0.020878666571953183,,-0.16609253628248244,0.036350298993556525,-0.10258956668927223,-0.17224195168894382,-0.1602507202158276,-0.030087809005749602,-0.013280591933605956,-0.4297775164238428,0.035072573635428324,-0.23506652747782866,-0.23093098756969482,0.0738433325989857,-0.02236759490730976,0.01654532791392872,0.059624852922931675,0.09020107588332678,0.2633097928393627,-0.4106393190284031,-0.07615388979962824,-0.15315488966137708,-0.18133127483589687,-0.13506449958597877,0.17538823905155723,0.2860978069249645,-0.20944887125996936,-0.23957160099732822,-0.02527741541467654,0.019679296306232736,-0.31560878513320684,-0.007454792714870337,0.08376744593797761,0.514919181324445,0.5768728940685923,0.33075869949177644,0.22977900668670842,,-0.1615115677806726,-0.01730002925246286,-0.05902565052479813,-0.1132581241815873,-0.12557801206157118,0.0615450568849096,-0.006729250264149249,0.04084050138358368,0.03545270982808123,0.08872812631055924,0.15263633165923784,0.21102872543977091,0.2573514192460655,0.23243720594362774,0.23326567770768694,0.17110824595906488,0.11144850469907093
Principal component 5,6.682066374557996e-16,-1.6904639186250766e-16,2.385739733529282e-16,2.1474990021358654e-16,-2.6045751615234637e-16,1.0,-2.7601380340359715e-16,2.1422991827851484e-16,-1.8356417293892692e-16,-1.944965563074329e-16,-2.170319121504531e-16,-5.438519345856811e-16,3.2620552153005114e-16,-1.84836252390638e-16,1.647965610987175e-17,4.561181774165542e-16,1.272682618616073e-16,5.804604050545313e-16,1.6558205464700234e-16,7.43093376704545e-16,1.7483297193027993e-16,0.21836132678240516,0.14407616258598005,-0.07952009849662839,-0.009194514842263107,-0.057644208312619495,-0.05174231425872144,0.03442193904417111,0.21290012933667826,-0.007946946347149049,0.056253345571162516,-0.10727377712998105,0.02542870116832093,0.03148796288115995,0.07324823266859053,0.080463412080347,0.017337668596373767,0.02150669221253279,0.07650777334925307,0.059904596623922717,0.03214359349123802,0.0021406411584583276,-0.055905650097782755,-0.14177711427590317,0.14153409395931316,0.16816639113212442,0.10327378349241256,0.10788811782921048,0.11476910001196668,0.11395551968497716,0.1158780712332605,,0.017215778996717387,0.07839431854102243,-0.12177596856810627,-0.2153282618830059,-0.19408154813489817,0.10417357034230929,0.15783850043559616,0.02176474286689642,0.033758326185066176,0.04523396199230288,0.04494468873697376,0.044651072895527395,0.09273856594847973,0.03689257506284359,0.026641788068743157,-0.1258268641234979,0.4155751417686862,0.2490785758269354,0.45854857115058023,0.19994762707437544,0.41242265098378567,0.0903187088149977,0.2217223892587881,0.36860906879634836,0.1740378335960988,-0.06558227414285896,-0.021234009960935822,0.14958622782670872,-0.441703384872686,-0.24315187179362416,-0.3785995598366202,-0.1685899094525067,-0.22350197534780455,-0.2573896636485956,-0.33736202422205014,,0.055770832623014875,-0.03064993093991746,-0.1483728136799158,-0.22668190523673273,-0.22846976990694462,-0.10325854167568163,-0.05084408588945218,-0.016551746005687228,0.03820152897496003,0.12702444980581273,0.10384677035861273,0.11597319137762035,0.10474900613672596,0.09678638195780907,0.06955762691866989,-0.035278023530558957,-0.0682996353113836
Principal component 6,1.6372047553380907e-16,-2.959626061440706e-16,-3.4490693725641043e-16,-9.753262568099708e-18,-5.16866388841022e-16,-2.7601380340359715e-16,1.0,-1.5240452626291552e-16,-1.51814901143068e-16,-2.9126346865082745e-16,-2.3379208064123325e-16,4.0406615694967873e-16,-4.0360764641274944e-16,3.019784309288318e-16,3.6718056230142505e-16,-2.3067473320825386e-16,-3.3929311984521653e-16,-4.532516572653644e-16,-3.485945823773018e-16,-1.9384929350110878e-16,-3.150610511707153e-16,-0.325386604255488,-0.29710210349423477,-0.2006543334802743,-0.090505092820243,-0.10324503762961068,-0.10811559818069591,-0.10045420005995924,-0.28290746487592844,-0.09840548913892942,0.0946681799454224,0.11476212359020549,0.03290925036070848,0.07683333363408167,0.13989966126982453,0.17023324330553322,0.15533542864536767,0.14360049504604663,0.13186614225703772,0.16691093652826272,0.14519455128896328,0.0916449412599867,-0.041819340962644815,0.09787623321034193,-0.05908526529832629,-0.0495883010018365,0.03541006639452079,0.06435109556829498,0.08054279568409053,0.08372764197514972,0.08018578758653233,,-0.22475711043506102,-0.22809658747656975,0.019601054834464355,0.1379996100725641,0.12600494031580534,-0.08689902374521795,-0.11321215518910055,-0.2812569776215913,0.03348205276187221,-0.17736696970767019,-0.1836016226720775,-0.02288149844026171,-0.057452744055230126,0.020575649754367764,0.0779111075386465,0.25048005917256555,0.018051673707172543,0.2108221949017245,0.5351340650207198,0.39102052435891455,0.06716210987164933,0.04234020066520319,-0.05830408242109538,0.13002322934796104,-0.1924969495928007,-0.217467782689489,-0.055642362082305406,0.03655704463635633,0.21266676487804795,0.31504672394941974,0.08341214766594274,0.13899693860586368,0.09382564384319309,-0.10551331979489391,-0.23049022205163333,,-0.21872938345119042,-0.03665767335237569,0.017436342093498314,0.12182917212548203,0.08242515331308285,0.029313001637880316,-0.02905659745813247,-0.07930156308591679,-0.04916064657854126,-0.011566583919193551,0.0063573811394300375,-0.03173059684509219,-0.01763695553993888,-0.009913576003459058,0.0029087442884427315,-0.0038320791171726366,0.013510850384145245
Principal component 7,8.347104043633454e-17,-4.9774673731206716e-17,8.643943962585631e-17,-1.7602301280911445e-16,3.126421460051429e-16,2.1422991827851484e-16,-1.5240452626291552e-16,1.0,-2.1425107084528224e-16,5.526837700396876e-17,2.6366135412190757e-16,-5.007424058567916e-16,1.8491414358474998e-16,-5.0550997067971015e-17,-2.7736900478293377e-16,2.147262305050662e-16,-2.2699472485488208e-17,-2.0750953385387987e-16,-3.582292571743987e-17,-3.214911127730665e-16,-8.155463059736103e-16,0.08266348887562484,0.0818026158040723,0.06680002935671088,0.06888314100797518,0.08601501381861149,0.08206831174672302,0.09163789526827198,0.040412443289116425,0.07327194046502779,-0.00010499393892471142,-0.025428290698554783,0.02846575465591358,0.0032123704151544724,-0.01154017448449229,-0.02024695649153175,-0.07354047087503372,-0.031052821779063582,-0.029170854270362263,-0.023031595203603494,-0.011741508984076826,-0.00861808719673056,0.0709029750952158,0.012137761004191113,0.019886527472999772,-0.03110830363023876,-0.05193356910062474,-0.10048236047431905,-0.09079903199098625,-0.10007307841876911,-0.0645722836106948,,0.06502199428950431,0.07786693506040133,0.01389988271854526,-0.02083948861419889,-0.03443887251864858,0.007591874733395752,-0.020527969345501898,0.11471564730751564,-0.01699641111781248,0.12109375408895885,0.1185634383329484,0.03535353190912422,-0.013804257884614634,-0.00897484392344607,0.069029915269532,-0.09682209190377868,-0.15961001044857517,-0.06417538714571797,0.02139606796997791,0.1357994491056063,0.3972072529594089,0.7186248450556718,0.39184658562598224,-0.11035400678021054,-0.5430056631117987,-0.3366840509941965,0.015055571148180364,-0.017435836184090572,0.18610454457312464,-0.030452739839470222,-0.02279467084930419,0.09846517489523017,0.07854674575928666,-0.05100144495822959,0.005815542158766964,,0.0864355194763381,-0.0158005682454092,-0.013323233164931725,-0.046244361216783526,-0.024389572899857208,0.13456409302524264,-0.039693315538041625,-0.18936244151589077,-0.20010838544960705,-0.19692114679053238,-0.16499422207830292,-0.10177787104461171,-0.0022940113218257417,0.1045605820453259,0.17119635128285254,0.24937057304630783,0.20446887049532433
Principal component 8,-1.5030206536653953e-16,9.183792041632963e-17,-5.924604993127418e-17,2.4059669397016936e-16,3.6299536676652065e-17,-1.8356417293892692e-16,-1.51814901143068e-16,-2.1425107084528224e-16,1.0,-9.069767195201659e-18,-1.0652626743035291e-16,-3.128500685586187e-16,-3.8801006157419827e-16,1.6781750233269376e-16,6.207130571006698e-17,-2.622155203323832e-16,-2.2981190029286583e-16,3.66416905002199e-16,5.109107025007695e-16,4.770693709368536e-16,-2.0518979426831324e-17,-0.06636999788145319,-0.026730980736511308,0.037489860405339616,-0.17907917835396256,-0.004617556295915838,-0.007956538835982262,-0.1650524488330715,-0.020442818860224542,-0.16929419950521327,-0.0384229030251948,0.06598173362404584,0.029462588798774,0.031694829787983665,0.029201727594847966,-0.020321984694261108,0.0012949207145659704,0.0036575678142122202,-0.0026524637241300774,-0.003936415835036884,0.02193152342098936,0.034243487824330336,-0.12020888918763445,0.1047146378970392,-0.03641219151151214,-0.002557960355067066,0.030581981673521424,0.08193724532686049,0.048362543492575676,0.04162433238037162,0.0075662797696571865,,-0.019906774853658868,-0.02972139380233335,0.08757885616099223,0.11944080049886262,0.10350026209232917,-0.03921799287967475,-0.0331978002127771,0.008944039971864961,-0.012409162661728987,-0.010112896875937593,-0.011298978735118185,-0.1028551224256841,-0.017516628392528384,-0.004464825251890092,-0.04856442229770729,0.10593769245435383,-0.13128412439354448,0.024051486048581452,-0.32922983178883986,-0.30758118171633275,-0.13794620087843032,0.0715435552431086,0.5999242329568245,0.5235753197799317,0.20186446629007074,-0.2877961683132155,0.001896688612708527,-0.03838443001466122,0.025704468631462977,0.1060032690594956,0.12182095663004577,-0.07008516558561177,-0.28475094756857083,-0.13613791594839444,0.018474922222100246,,-0.019616871287566732,0.011470588378980628,0.05211020023449167,0.08244772415671185,0.08732150772034189,-0.17443034302168403,-0.1728008538785704,-0.1585454440121231,-0.11735857995035788,-0.027726482327268036,0.04916709290971303,0.12369243285062696,0.16658716471327195,0.1389587831017645,0.10108131894012932,-0.010382308169501028,-0.11420966498075674
Principal component 9,1.3158131756342343e-16,-1.3207691824267796e-16,-2.2183696706036106e-16,1.4418432441725487e-17,-3.6020125606509474e-16,-1.944965563074329e-16,-2.9126346865082745e-16,5.526837700396876e-17,-9.069767195201659e-18,1.0,9.082920508902606e-17,1.1866554636802126e-16,-2.60299553448825e-16,1.6379263242774497e-16,3.74023607069459e-16,3.778855702924183e-17,-3.497879101402195e-16,-5.037444696930177e-16,6.058490582548265e-17,-6.161212377438795e-16,-9.339391439418686e-16,-0.08124091300032091,-0.06217313102128803,0.33717486033145644,0.06972133091427193,0.21566106438322716,0.2101346082832217,0.0865627202021806,-0.06222257207383599,0.06406516397038851,0.07018943612503337,-0.005556534839274413,0.060294125203641975,0.0015014684331377411,0.07194034259114336,0.09174832285376905,0.11664501642055432,0.10271823018983002,0.11339950690177653,0.13673020189388696,0.12375737794432598,0.11970139881104687,0.07827808571746936,0.035487842500451915,0.05546997504514477,-0.0654088710231525,-0.07238397115411092,-0.08420143747038601,-0.10063440915937569,-0.08634633253389562,-0.08471862453623043,,0.1442399913374494,-0.03826489875098739,-0.004013822067556364,0.0012307801508741087,8.320382335349606e-05,-0.06317197092046839,-0.07749124486679473,0.28162831658224485,-0.04569157386764277,0.19091876358435309,0.18722710521014624,-0.04395371156008359,-0.056888334347305405,-0.05009034083221519,-0.014832165023397802,-0.03598294519427695,0.20104498278100452,-0.09399613851715545,0.18260770740885152,0.08296651880366959,-0.26075924973753817,-0.21278536325451602,0.13516458940006928,0.20581878786095995,-0.0503373389566183,0.007386974646859197,0.04963761636625185,-0.044057739924422704,0.0561880642533962,-0.3104120304780263,0.073592807351723,0.318491373554681,0.3069012642432524,0.08019967233294331,-0.048050427020987115,,0.1408688951432963,-0.04466708455093053,-0.032367806613569444,-0.050769312667582146,-0.03921932763141456,-0.20638137305964777,-0.2318793355558144,-0.18127494774280808,-0.1143836197265953,-0.06821210177034473,-0.018166428467757758,0.00738292811000114,0.025860117954385142,-0.03231240112415683,-0.12907485321608927,-0.15798618646365561,-0.18027910763286303
Principal component 10,5.985697358946095e-17,-8.238530681300597e-17,5.023590497762854e-17,-1.1066853305925309e-17,1.2241171110192387e-16,-2.170319121504531e-16,-2.3379208064123325e-16,2.6366135412190757e-16,-1.0652626743035291e-16,9.082920508902606e-17,1.0,1.9388277578211945e-16,-3.822496790723627e-16,-1.4689938243345465e-16,-4.780424666158965e-16,1.1600038500900662e-15,7.312897067525228e-17,3.3160669303005914e-16,-4.963100913368444e-16,2.2071298117400323e-16,-2.877473430430138e-16,0.04452639730931017,0.05305096667356582,0.14175972897907244,-0.013691973975971971,0.09579347365193332,0.0940577687824229,-0.010172802997490798,0.06764993667570351,-0.020463141222446128,0.04297624169600969,-0.07948853693399932,0.008978275797104186,0.0006961095113495869,-0.028431414489683702,-0.04333772332909031,-0.01665853346954437,-0.02769061346565011,0.0004396013045853496,-0.006615406042693199,-0.011162489749110042,0.0031474760988894814,-0.042285539977472676,-0.04055048457077,0.007602730343382975,0.02659004543986871,0.09615711251912741,0.1123542620706648,0.12077149784423097,0.11271870260462231,0.1137500776502495,,0.057924701356780565,0.06201480378362576,-0.01625788610784533,-0.08294741280525066,-0.07143127002469454,-0.08870962574223068,-0.07555014144194534,0.06482307225186577,-0.03755625067568339,0.05588768024908264,0.04819149530900875,-0.07487121748872548,-0.0851370347908239,-0.05006752177169446,-0.06293701155524377,0.2925544703881556,0.2467762214809,0.1690602971996574,0.036841382734837474,-0.31062233621013874,-0.12401540571090697,-0.08012346538934007,-0.008735115150003019,-0.22612217039172303,-0.32782846561710527,-0.08706042415375224,0.0507106995104454,-0.013713327227925178,-0.30006577154468633,0.28406801821968275,0.3324851040909807,0.24939722664634867,-0.21663756399997544,-0.19489164198760878,-0.06022210174684818,,0.0005351193981624383,-0.07815865986664643,-0.09574353440948871,-0.10042633709370258,-0.11937933714112937,0.03499205968943707,0.03604479815553256,0.037240526193302786,-0.012066552623600048,-0.08656970722118082,-0.10132606459129564,-0.10480797533076852,-0.08644677015096001,-0.06644156186208725,-0.02058143837126834,-0.0060332175496876205,0.03233686561588026
Principal component 11,-1.783720883069958e-17,-2.7361235329031935e-16,2.059437582945783e-16,2.314170544138209e-16,-3.691346911455509e-16,-5.438519345856811e-16,4.0406615694967873e-16,-5.007424058567916e-16,-3.128500685586187e-16,1.1866554636802126e-16,1.9388277578211945e-16,1.0,-4.254929730921038e-16,-1.3196440689751123e-17,5.420801529301731e-16,-3.531934347027533e-16,-1.312557566941379e-15,-1.584499910626458e-16,-1.0553845932593894e-15,-4.792567961515633e-16,-8.011904361025164e-16,-0.23453426987033132,-0.16415914434611525,0.10311826200209878,0.06033585982205667,0.0031575682721607257,0.008811585260625152,0.03270443315288014,-0.1779016723543413,0.07270436237516881,0.07189403631844407,0.060532925061027476,0.07830535983843566,0.09837760978256137,0.005286888434995026,0.02632248402716692,-0.03306266352489192,-0.023944454897908817,-0.041785693758439164,-0.02449009379413507,-0.03496741503987619,-0.04226092474304451,0.11033537543875108,0.04538585940099249,-0.007182432765939856,0.028456238194661452,0.012638328556327183,-0.0018726427459912326,0.013184147404542393,0.014947352201438452,-0.001852620747960918,,0.1057933420519569,-0.10652964492677669,0.025417106808242426,0.0556262739763414,0.0683350299599683,-0.14814477795526423,-0.1198176675135762,0.1313095666230928,-0.059356856456898775,0.01837917250905526,0.0220753537300491,-0.0831705991290195,-0.08777665503534687,-0.05687026793868103,-0.20034579880351003,0.10679130106690438,0.022039157964588583,-0.017891063408438334,0.004521754095805737,0.11642774010253673,0.46585717682734973,0.23398298750627422,0.11463888370409771,-0.00833601545097733,0.30563762189961036,0.2108149607006019,0.04261478397748557,-0.09001664221263422,-0.35306786733483797,0.08184993236714343,0.26707395291300384,0.032826735998760084,0.052325974989690584,0.18437415236463076,0.28332186377926977,,0.05929688320575794,-0.051815628355808815,-0.03362844964503333,-0.03321448081962819,-0.05394359882034002,0.01766876143367744,0.05641875231396276,0.07190840700773028,0.08083232525968073,0.10730624197305909,0.08369201506962254,0.0478777661806372,0.041475758628847094,0.025855143856026643,0.0064970041131683556,-0.026530254578620734,-0.024750757794313693
Principal component 12,2.6084550832466075e-16,5.039470598670174e-17,-4.136570523260309e-16,-4.578214266656422e-17,4.3294742170998443e-16,3.2620552153005114e-16,-4.0360764641274944e-16,1.8491414358474998e-16,-3.8801006157419827e-16,-2.60299553448825e-16,-3.822496790723627e-16,-4.254929730921038e-16,1.0,1.9713029902458055e-16,-8.808774365685013e-16,7.731494529626008e-16,9.023976152579239e-16,1.8467914279020845e-16,-1.7710358869475504e-16,2.6974046428853625e-16,5.98052275423271e-16,0.2006476755057055,0.16025252985688776,0.10534188386699768,-0.16379560756364686,0.041070198577860186,0.03674703356331582,-0.09244837253032294,0.1545729361054332,-0.15690921030932745,0.07531999099105836,-0.011692194550975983,-0.07610213420061765,-0.02305712903173138,-0.028925031210382486,-0.0045364115889330115,-0.03213426698930662,-0.061758016527624325,-0.061702572639380796,-0.0119409408127298,0.020239336547255692,0.010582544146103212,-0.1871033126664041,-0.014564063756905122,0.041916815819649,0.001322913359893265,0.003503918663327417,0.012991899979387456,-0.013622920584189895,-0.013402469051204432,-0.03204762450790678,,-0.02146785162922738,0.1677550388919778,0.0752409145468817,0.02913584064299318,0.03168375211369854,-0.023745060823161634,-0.05418511514025341,0.012472563613419616,0.006563120641772799,-0.013258565644719836,-0.02309327365280269,0.0040181571658645205,-0.07304653398146682,0.00893615290500253,0.08422167925267958,-0.026050005071626085,-0.1974841203908862,-0.14674232903029277,0.13525645686726387,-0.0026592259638095277,-0.0018860963816652479,0.20483449330136239,0.07317575620623404,0.008786671982725864,0.2392720418765771,0.3151070849143957,-0.012907562655612747,0.05862878535817236,0.10658270568125552,0.1882283111348135,0.17409651697006615,0.2005482470253246,0.24230513856114216,-0.1263895287485606,-0.26658741077246345,,-0.09552901715046548,-0.062399985391061834,-0.08142907509890444,-0.07773897333182951,-0.06130270791335836,0.037260809129147886,0.03938358356561145,0.030791332555712054,0.02059131223745339,0.07024411443712404,0.09832370667732285,0.041085370409316334,0.030542896875634967,-0.04226877601805772,-0.059954748780853766,-0.03468297276288083,0.0006138852606728497
Principal component 13,3.1838106847364124e-17,-7.490959640126236e-17,2.6214484871812373e-16,1.3214890350861092e-16,-2.246850788888327e-16,-1.84836252390638e-16,3.019784309288318e-16,-5.0550997067971015e-17,1.6781750233269376e-16,1.6379263242774497e-16,-1.4689938243345465e-16,-1.3196440689751123e-17,1.9713029902458055e-16,1.0,-1.56045422189141e-15,-4.666848363505479e-16,-7.819713764672757e-16,-2.253174854752176e-17,1.8637542904940046e-16,1.5458256140240408e-16,-5.26592815459419e-17,-0.12471283439044027,-0.11734391401893608,-0.09424034885752718,0.2427188512173087,-0.061841818983555945,-0.061172848226493666,0.18975430383701788,-0.12631829751934268,0.22857094629473937,-0.07588737224956035,-0.05038388861706381,0.003944756758961567,-0.004579883570698194,0.00766607870239941,-0.024752905417717568,-0.06328681883756228,-0.04396648754478074,-0.025321703579338793,-0.06055892762408512,-0.06402612794469217,-0.04267608068819497,0.19202753346107101,-0.05032173854870236,-0.036049118275498095,0.03241586828850189,0.01149157384269497,0.0072939547797426195,0.02038462928340598,0.03386081844816134,0.04592267257928201,,0.03073428941964723,-0.08572247448706702,-0.11593790352107691,-0.0911748506498292,-0.1084120717830179,0.055891386774382115,0.039769545459024426,0.10840243154918117,0.02191383246906604,0.12318158130887515,0.13222828787326546,0.09205977006995765,0.06858552080000245,0.027267253019377304,-0.019353078485912938,-0.07548906353238051,-0.2224990086588872,-0.1383696198628361,0.009337104305085655,-0.06763315209643321,-0.04473022509472513,-0.016852179534454812,-0.10341522796291204,0.14650151155509292,0.1362689930104896,-0.01789081557981287,-0.0172287121176279,0.013436280488174147,-0.022153979082730948,0.30069533091708994,0.027914159457152074,0.10251765596006805,0.007630694139626341,-0.21589298884123306,-0.2926021651528381,,0.1928800035837648,0.048308924341337246,0.034630681963313814,0.01702364677252322,-0.00730368613938049,-0.04560624796799494,-0.0031326535865836415,0.003404599197038035,-0.03658480920709036,-0.04111035559317269,-0.05145938448121388,-0.00948043466601521,0.029197406951396946,0.025229829396895102,0.03798693922162213,-0.005067152628650231,-0.029068575187096053
Principal component 14,1.3745643672472488e-16,-1.4647924830914509e-16,-4.486986954132711e-16,1.2762468426783737e-16,-3.109350670512306e-16,1.647965610987175e-17,3.6718056230142505e-16,-2.7736900478293377e-16,6.207130571006698e-17,3.74023607069459e-16,-4.780424666158965e-16,5.420801529301731e-16,-8.808774365685013e-16,-1.56045422189141e-15,1.0,5.201171476250373e-16,-4.3299339461991354e-16,-5.483538026169007e-16,2.1477687412028885e-16,-9.161344723355525e-17,4.1061775569030345e-16,-0.09313314283796058,-0.03604929191006891,-0.1394888198504466,0.03212307278147287,-0.0866261311770823,-0.07926203415015605,-0.018999517282981788,-0.06333760266518804,0.026043967119921515,-0.07257024825880708,-0.004278757456166671,0.08564163989005745,0.1129059058206356,0.08588411179085222,0.0823405195619138,0.03980250951133843,0.020481823287403295,0.013420281876742825,-0.002769730613210113,0.010589656332566836,0.04975614524755645,0.06306569501942376,0.009734452648530888,0.021287430095293575,-0.04361880941432452,-0.02324395129622705,0.010977649496888203,0.010895806723382884,0.013541698149683742,0.053226431123459345,,-0.022991646137288345,-0.09492095068736375,-0.06834217486489325,-0.034938401735730776,-0.0652409874213994,0.032451835998397016,0.03469158157499468,-0.12603895497733514,-0.0025138990809208334,-0.05851611547734829,-0.04626995741282357,-0.043611028376949836,0.07489562834590185,-0.011059155307328358,-0.04181995148932463,-0.058978958448538656,0.1467411339925109,0.05772960805212676,-0.014378818617968412,-0.21178652476975773,-0.06915032501125047,0.20435137793882371,0.21898495918694255,-0.2199398245090934,-0.04593695883072104,0.3576313938857014,0.020495195688641422,-0.1510670090852339,0.055004318699701425,-0.27966092742836896,0.10160459077808091,0.10194719081786648,-0.033342357518268,-0.12412809903550381,-0.21239174699356458,,0.03026199146896789,0.09762922978744765,0.15691673126291872,0.10632621957781048,0.13293646295991363,0.021585357446241956,0.0377013558245993,-0.024540048060060212,0.010145909036359898,0.034001217151296406,0.06338005851176996,0.07861501639773369,0.03139925835672833,0.036161845413124415,-0.029052669514243096,-0.006332983112092695,0.017226090173997538
Principal component 15,2.250951134313658e-16,1.271461394200413e-17,-1.764052223592231e-16,1.3147731623424318e-16,3.0894305160929686e-17,4.561181774165542e-16,-2.3067473320825386e-16,2.147262305050662e-16,-2.622155203323832e-16,3.778855702924183e-17,1.1600038500900662e-15,-3.531934347027533e-16,7.731494529626008e-16,-4.666848363505479e-16,5.201171476250373e-16,1.0,-9.619252800101162e-16,-1.8462532992080927e-16,-8.005604803567956e-18,1.1144328744966274e-15,-5.740298124804686e-16,0.05543128391782628,0.06679462884284934,-0.04831904100901184,-0.020206891814960656,-0.06440194539718554,-0.06072861120996099,-0.06883562658938824,0.014259317183789812,-0.009397235203176355,-0.006149969856066015,0.06168198091763472,0.023191384319580583,-0.02132696986706595,-0.0650976166625636,-0.023989255915065923,-0.014453492289154844,-0.012695724318264863,0.010814030735587505,0.004746717928022936,-0.04333182182111721,-0.05425465320891715,-0.010112665718193876,0.02775570355337558,0.08235636822429752,0.018604449543353704,-0.03356447748486437,-0.037797293602020915,-0.04466472961037323,-0.05088318027488132,-0.061845680030081916,,-0.0004093806809506388,0.02052043614046951,0.006802510740027886,-0.010398240812696392,-0.00885724373037565,0.033457863432191946,0.008885634257817878,0.0010450156443663984,0.0048868089198136,-0.018658155695694772,-0.011368131484668273,-0.0325099420608392,0.015994827021853297,0.004105669913821017,0.05688105238380883,-0.08690482412427504,0.005089720310629419,-0.05576902073336564,0.007948214668517592,0.03172332554343183,0.3064921703802193,-0.24422576951280947,-0.13545982087907427,-0.055429955988252885,0.08257810051502315,-0.24451206092924743,0.0006382489482093804,-0.05344690648392614,0.13606909173978998,-0.187344670077427,0.4421271811404664,0.10727992110014237,-0.12493001514765883,-0.0725347835880469,-0.09783680088894262,,0.028209792073304173,0.030001814998265236,0.04499017943539107,-0.014019693288439734,0.029066249296703234,-0.03281594046032744,-0.03433847806136409,-0.018088249858986633,0.03782894844270246,0.010812974111959547,-0.025084441922062977,0.03011892272450293,0.05715979226836546,0.046754819914584175,-0.003356519633602488,-0.008618688860693486,-0.014907773915482096
Principal component 16,1.8386330380023574e-16,3.440104107738055e-16,4.971135684124109e-17,-3.852328068413756e-16,2.4116767326022753e-16,1.272682618616073e-16,-3.3929311984521653e-16,-2.2699472485488208e-17,-2.2981190029286583e-16,-3.497879101402195e-16,7.312897067525228e-17,-1.312557566941379e-15,9.023976152579239e-16,-7.819713764672757e-16,-4.3299339461991354e-16,-9.619252800101162e-16,1.0,3.896500311451966e-17,-1.7016158620872297e-15,-1.2058991153755685e-15,-3.44911172946621e-16,0.08699715261960521,0.05810421868669795,-0.05806473412305479,0.05825553433091677,0.013493246518204676,0.014553232203208878,0.003907473656260467,0.06383268639885267,0.06070407168160778,0.12478684879319256,0.07121280670949447,0.09378004795994681,0.029246320616242605,0.061206543831807646,0.04687475932156656,0.05923107476665078,0.01372711701435014,0.003913308166226232,0.004721022344561742,0.034673847109010635,0.010638483114707222,0.04533188884099151,-0.0952544582037207,-0.055937725774674645,-0.02044467975711504,-0.03655246237868662,-0.07583009700940035,-0.09546066445052791,-0.08615632170547095,-0.07638305487729515,,0.006197500155972661,0.005250488350512342,-0.19062038077181398,-0.20841136830575027,-0.2187521495077402,0.028265889598180577,0.023810719026472308,-0.027399231014177374,-0.0020968051285603657,0.0195170917749611,0.02334314098532618,0.042113591027209824,0.01678123559027178,0.007270657560249563,0.08194172570229068,0.1321145756636427,-0.03792731862853565,0.08551366797185458,0.0730891899648721,0.14610141854995357,-0.16985416938218906,-0.02539570003580218,0.14480478857709086,-0.017234978314255252,0.04368158116712824,0.08549650117170923,-0.002135517951368219,-0.013584395333344127,0.13110110438279265,0.13266305284688934,0.2443621588822013,-0.20200429559925412,-0.09257178369898955,0.05792313167501158,0.15067217148177647,,0.040616042777111,0.001753187054301324,-0.0072947547560271025,-0.056984815943024285,-0.037002431321051084,0.022598181205523416,-0.003031991911126574,-0.07286872726820015,-0.008281824770468679,0.047934541818559134,0.06308534075799316,0.05601818642787943,0.039769110805666585,0.03559398130621511,-0.0047902420931547705,0.023643240216701205,0.035856101911644046
Principal component 17,-4.796342497548996e-16,9.343609975815811e-17,-2.5154114001344784e-16,4.422514343625854e-16,3.0144270544202315e-16,5.804604050545313e-16,-4.532516572653644e-16,-2.0750953385387987e-16,3.66416905002199e-16,-5.037444696930177e-16,3.3160669303005914e-16,-1.584499910626458e-16,1.8467914279020845e-16,-2.253174854752176e-17,-5.483538026169007e-16,-1.8462532992080927e-16,3.896500311451966e-17,1.0,6.851351380757384e-16,-4.429742896380586e-16,8.28443924455474e-17,0.03940319473564905,-0.004691986154801814,-0.0639162330290292,0.007609531731472781,0.0022420838406993623,-0.0037477301936188704,0.25072908192785964,-0.00333621504343669,-0.008173841515706262,-0.15983881335023672,-0.17279295422566454,-0.08348992260515602,-0.07478609736683212,0.010776111870285453,0.02408937197760965,0.0198992311508023,0.05424664798415598,0.04279029396490061,0.05932768490107573,0.07070758986823389,0.051571540484812925,-0.07812112049999229,-0.06570427696361199,0.023814737789917863,-0.012629767607729523,0.03760030350225769,0.050033482939046116,0.06060712206481107,0.09750269355728586,0.08994149182228603,,-0.08121187694799405,0.047540827682603974,0.011824282624616751,-0.034412175855813416,-0.013027568390281154,-0.028056773300212334,-0.06914864156075937,-0.09224567759661466,0.018261281969812842,0.0799555793129103,0.07459814338571406,0.12365690146266359,-0.036646711141494516,0.01092274726043113,0.1250475785247964,0.10733815746244758,0.09282718097359946,0.04411636958560953,-0.05081846798784897,-0.04030202662782039,0.02671352924258682,0.21440800477606173,-0.15598507607444595,0.03265764995269319,0.20024605551066996,-0.03366686974129725,-0.011170642513877256,0.02187505877511055,0.14065362045816263,-0.05943628802078596,0.06390274568302551,0.09821014843523512,-0.07797229856962322,0.0545396866639027,0.15670678946733574,,0.03402988582813508,-0.027058340844812595,-0.00445014469181129,0.03706070930282692,0.02410316119863551,0.025858322295436685,-0.05021938478299976,-0.11473709361532891,-0.07327097667775992,-0.004608990505691989,0.04169888578168302,0.016925587196730506,0.0025315110946723643,-0.030862426769925292,-0.08610322299232788,-0.041493043785799884,0.01765054426042366
Principal component 18,9.8420034364291e-17,-2.719514723063713e-16,-6.114603950588582e-17,-2.0781919968970974e-16,3.5700323677833775e-17,1.6558205464700234e-16,-3.485945823773018e-16,-3.582292571743987e-17,5.109107025007695e-16,6.058490582548265e-17,-4.963100913368444e-16,-1.0553845932593894e-15,-1.7710358869475504e-16,1.8637542904940046e-16,2.1477687412028885e-16,-8.005604803567956e-18,-1.7016158620872297e-15,6.851351380757384e-16,1.0,5.669827612571528e-16,-1.6475524792673629e-15,0.011216514991255994,0.033351493458869265,-0.022254563488783803,0.03499467958877557,-0.036509068870287896,-0.03147701257445524,-0.17646634104712897,0.04704128529896659,0.0227887262657545,0.1567662880604164,0.0870630622568396,0.06571579533359831,-0.012280959721434441,0.01728621603438504,0.006126395668169904,0.004400815086402522,0.017255867206894215,-0.01554478807022273,0.03471628147863779,0.03210454764494754,-0.007474547260644255,0.056634482157320816,0.03388601231942331,-0.030671614561342393,-0.0030846428780144735,0.021628152144165323,0.022499129446262752,0.012535510979850464,-0.0003768914979500982,-0.00035666861375985325,,0.025737911684176787,-0.011996670904121464,-0.05844464855688004,-0.07195549358787687,-0.09862215728603532,-0.006477189109032046,0.011995707555728527,0.02463545414563581,-0.006777465355472984,0.034219302001072045,0.037820258974208217,-0.140856890642775,0.0017320335990878468,-0.01594157512838959,0.11062326906179998,0.1392224911313243,0.033310626517476696,0.0365579260082504,-0.1960214509979729,-0.07397484876572032,0.21841516495932878,0.010343296207256748,-0.15873585009913688,0.14871735152920112,-0.10050547252715797,0.1091929012503565,0.01913741913640517,-0.06228302783620939,0.14387209395102957,0.05486310419905721,-0.17887582305723668,0.12029831234474517,0.012555700249584582,0.005324088940052028,-0.005452097733259445,,0.05136200881267812,-0.0157033667598004,0.012341351270894165,-0.017979192001893976,0.00034917082447011343,0.0028709703329789994,-0.02321346616277872,-0.03530275325559174,-0.035232344633378515,0.03315659012777874,0.05012039937831408,0.04968659855559723,-0.00028085218823985605,-0.0815388026178587,-0.09215199313888835,-0.06711612006411864,0.0035652591567039036
Principal component 19,2.3673372129671287e-16,-2.598149973260061e-16,-1.3858844041317713e-16,-1.5924625705049888e-16,-1.2092130878349154e-16,7.43093376704545e-16,-1.9384929350110878e-16,-3.214911127730665e-16,4.770693709368536e-16,-6.161212377438795e-16,2.2071298117400323e-16,-4.792567961515633e-16,2.6974046428853625e-16,1.5458256140240408e-16,-9.161344723355525e-17,1.1144328744966274e-15,-1.2058991153755685e-15,-4.429742896380586e-16,5.669827612571528e-16,1.0,-1.7152305078681973e-15,0.023803201403543743,-0.006024190913230753,-0.06536744810500357,0.05978846987801947,0.07568626902168589,0.08349809847321933,-0.24012077142699786,0.032804381203874626,0.060519966181773986,0.05263128592670155,0.03340502241520391,0.014786591362270408,0.013975083126967797,0.019383071303362233,0.04066421162092276,-0.02179150530613989,-0.019019005710672957,-0.016091589458552914,-0.007991112610079565,-0.02920475398798265,0.003934057679409948,0.07871885978968131,0.034339166875457246,0.020824364103909487,-0.010583532642981648,-0.03567665530557684,-0.06144081270187301,-0.04935362669351338,-0.029994279564142814,-0.018422633448773137,,0.05689635465741222,-0.0015496351534750815,-0.018761750238409702,0.002154042039462636,-0.018426977394459667,0.0403020531555221,0.024188648062640813,-0.1056469596025172,0.015837462527254847,-0.0005385169903291656,-0.002567131692301386,-0.09095536858298485,0.025022173961054467,0.010518147831772727,-0.02799021455065783,-0.022731920612432364,0.06783204611318425,0.09794481298547986,0.047021533518189,-0.08082226715689052,-0.11505631671659579,0.22096726729876032,-0.1335115733760351,-0.09719592954739326,0.25176835052907287,-0.21887246454370782,-0.0077182013419136,0.01985943761876612,-0.041937699414100735,0.01110928785861892,-0.029091455083016228,0.02923377956451324,0.10443055855433361,-0.0704893770249141,0.05660955671648596,,-0.014242053761207494,0.02251288818035087,0.00683397321197584,0.003240468201407689,0.003266970400462482,-0.058414965104956765,-0.01702194425082335,-0.027031129938816723,-0.018907303179656096,-0.023583593823563634,-0.0428710737429402,-0.02875726839906836,-0.024936246033601037,0.019133787212699614,0.008567931892650905,-0.010056768490064668,-0.036534854396352796
Principal component 20,4.523943446749411e-17,4.014609620596396e-16,2.8618369638947517e-16,-3.908385976102862e-16,-1.6826985926917305e-16,1.7483297193027993e-16,-3.150610511707153e-16,-8.155463059736103e-16,-2.0518979426831324e-17,-9.339391439418686e-16,-2.877473430430138e-16,-8.011904361025164e-16,5.98052275423271e-16,-5.26592815459419e-17,4.1061775569030345e-16,-5.740298124804686e-16,-3.44911172946621e-16,8.28443924455474e-17,-1.6475524792673629e-15,-1.7152305078681973e-15,1.0,0.02031610117644215,0.010712728187471904,-0.012078554514031906,-0.09652316926680475,0.08969713481268565,0.10277510831506184,0.2414342236934088,-0.0017622452174021305,-0.07854805563025197,0.04154093595324707,0.05066694464032533,0.06737288106616403,0.1150746915513779,0.09884386938855753,0.10557195490965897,0.024179227378778635,0.01062238333677083,-0.017087946954199188,0.002380400550615144,-0.03167291221954662,-0.0062094412506710755,-0.09879735097617308,-0.008668694565921571,-0.09033313667832572,-0.08460924379817068,-0.07170180375349683,-0.07727618347554248,-0.06567396505167905,-0.0581059788337494,-0.05732326099136579,,0.09520951311661242,0.008861095407547264,-0.02384435043037188,-0.04870411296279049,-0.05265232083481321,-0.009883950143947592,-0.01080295766290852,-0.08801050908419945,-0.009315283855733188,-0.06213010988478952,-0.059499170823664405,0.1198571890196344,0.002250810844472203,-0.019660005764428702,-0.09754606052773887,-0.07123654645016383,-0.002806815864043419,0.08610483052459061,-0.07393793737218338,-0.0711867265960974,0.08639601953824591,-0.00479493360832625,-0.07905997395763625,0.04071056612458467,-0.04669332910801704,-0.07005959027876883,0.017592469277793635,-0.05153290720485338,-0.00503692938949587,0.06114533059333629,-0.037623604715740604,0.04395340664281171,0.061338590237848975,-0.1371131982439091,0.03717611966398874,,-0.04804819780256231,0.01806123779540111,0.025140461307646963,0.011555969289662214,0.012047112775226259,-0.058094927036025666,0.023632570783510564,0.07228002256154022,0.07490018944534269,0.04592530906783136,0.021655309709330797,0.05753197909891623,0.01588653080793809,-0.003522640701356675,-0.002685642439542438,-0.033844361120905164,-0.05206647843127201
Spectral Centroid Overall Standard Deviation,0.3029084158970782,0.7226154261646752,0.23992335190684852,-0.019564086985558497,0.05507735237151685,0.21836132678240516,-0.325386604255488,0.08266348887562484,-0.06636999788145319,-0.08124091300032091,0.04452639730931017,-0.23453426987033132,0.2006476755057055,-0.12471283439044027,-0.09313314283796058,0.05543128391782628,0.08699715261960521,0.03940319473564905,0.011216514991255994,0.023803201403543743,0.02031610117644215,1.0,0.9324922421512715,-0.006332384208945277,0.5496195300607392,0.05752752914285809,0.0665961377721546,0.37666281121922335,0.932685462417595,0.5337079542205969,0.40157768986738224,0.3559584781205153,0.3502067269389069,0.3092188306276186,0.327835586024761,0.3035529935130648,0.284209860624876,0.2830647958841641,0.27623166377044045,0.2689652225850389,0.27105915857430724,0.24239944297326804,0.5410087914131954,0.5067443306715302,0.19924749650210233,0.30831307144609316,0.3564631639969323,0.3888401290915954,0.37657290156341033,0.36164994988231564,0.36125258356539836,,0.12245742730113703,0.9256791936506139,0.6463702503640384,0.4390047151100715,0.45533484693001575,0.44221883924658545,0.45747450927336064,0.013417106039310359,0.09907947658994394,0.008089019822887032,0.017583862700639958,0.36670428096377516,0.3498558817156703,0.10143454689015843,-0.2401390501404837,0.04752262660428067,-0.1476655071711121,-0.02137361114021874,-0.011233978816288952,0.056179205231726245,0.011700085929173942,-0.07175707558763336,0.05939515948303419,0.005029837162961875,-0.04267167295518092,-0.043607772293513154,-0.04429640947205668,-0.06267176804906112,-0.1926253984339632,0.158749223526571,0.12490964356575476,0.1102422267444003,0.0548938355157896,0.2002258846583738,0.12380796748989967,,0.07649462767893747,0.35527352278367796,0.3107486520349813,0.21387788406573485,0.27035055949386017,0.034269143776443564,0.06351836763672583,0.07950431971191621,0.08985623300396138,0.11029533893935359,0.09533559772205506,0.09979348839640546,0.10033066605141289,0.09985149126437563,0.09053903443231771,0.06231983472271576,0.05099734808732
Spectral Rolloff Point Overall Standard Deviation,0.4639877307588722,0.6281929374720343,0.3826712551033331,-0.11812952955057006,0.07429471199012917,0.14407616258598005,-0.29710210349423477,0.0818026158040723,-0.026730980736511308,-0.06217313102128803,0.05305096667356582,-0.16415914434611525,0.16025252985688776,-0.11734391401893608,-0.03604929191006891,0.06679462884284934,0.05810421868669795,-0.004691986154801814,0.033351493458869265,-0.006024190913230753,0.010712728187471904,0.9324922421512715,1.0,0.09577571720295808,0.4728057421458338,0.1977463320297962,0.21205915720167046,0.2241481079945056,0.9441642445520649,0.4076707038709877,0.4133067792283569,0.40268443018332817,0.4206931487469074,0.3809474899501138,0.4157752390611655,0.3932691205788262,0.398275290300446,0.40063023387543933,0.38714835708326945,0.3919590609805251,0.3901924373372369,0.35600147660799714,0.4781879569192612,0.5762559233312846,0.25830955992239857,0.39608701759659476,0.4827149304323348,0.5214378475223101,0.52439523199552,0.5129354121172399,0.5232941672383131,,0.32427452574702653,0.8707922390505686,0.6889888275932653,0.473442718523368,0.474359839298723,0.6169509556156675,0.6550820358174835,0.14834040117972222,0.2598736905051234,0.16430168819172714,0.18199818447436286,0.4432879385875981,0.5634672617725501,0.26275130379331757,-0.23823725456715802,0.08012966477074747,-0.22087487209721327,-0.09253320996856773,-0.029738843823583574,0.07191495329596505,0.00618197250196531,-0.11267979102140227,0.02063564090686898,-0.019741172226844305,-0.13689332760391373,-0.1186518241605546,-0.19091782824270756,-0.05323955886241847,-0.28344517499986316,0.2796809727249768,0.2564928594288943,0.2665841646294625,0.18646917526966927,0.37013937856670254,0.2552526132440941,,0.28108433586071174,0.5830651629286492,0.5540836768867174,0.43433031288400814,0.49334160491197343,0.16545887364093742,0.1957873339295071,0.2098336526748823,0.21711113803274468,0.24217664689245771,0.22425786450589527,0.2403731464837531,0.2416533846120584,0.24339848048481205,0.2333202745924817,0.19938581956360477,0.18799853773504105
Spectral Flux Overall Standard Deviation,0.5288556351645822,-0.26436043726053815,0.08136567419179773,0.2665392375169493,-0.47062055836696653,-0.07952009849662839,-0.2006543334802743,0.06680002935671088,0.037489860405339616,0.33717486033145644,0.14175972897907244,0.10311826200209878,0.10534188386699768,-0.09424034885752718,-0.1394888198504466,-0.04831904100901184,-0.05806473412305479,-0.0639162330290292,-0.022254563488783803,-0.06536744810500357,-0.012078554514031906,-0.006332384208945277,0.09577571720295808,1.0,0.034213558434468175,0.7699855694487644,0.7560592101573532,-0.2888531714694289,0.08653675986621748,-0.16339596017835992,0.2957002236897305,0.32058238775883324,0.34685468548240744,0.3341453279013486,0.33555460019156547,0.36235476040220216,0.3961099961438955,0.3858156024559681,0.3883993092693762,0.37696428640271346,0.39323570413506553,0.4225894292740307,-0.12078695737065745,0.3359070977075079,0.3990776844879618,0.38137388597086036,0.3922676312245258,0.3501656100131782,0.33844604907161785,0.3503451839476396,0.3526746112569414,,0.6855816182661248,0.05989456124003411,0.2925765609415993,0.3539771038229972,0.346472131492931,0.3153815085278311,0.2910257772314873,0.8744811657435323,0.5020434338813771,0.7284430957206802,0.7217566727980953,0.42278254021421297,0.3343330023774095,0.5199658148232352,0.3834910037572777,-0.04598820965627658,-0.0768542989695457,-0.0617522853700086,-0.10215855832319966,-0.16346626704777553,-0.1252323620786948,-0.07761078424844245,-0.22232423403114418,-0.23251854008545042,-0.09385383204495484,-0.16657397955537134,-0.5192025585314572,0.3685884065463866,0.10432643427440198,0.12657505444679873,0.19216520055105282,0.10034904673579033,0.014862858762218371,0.12209343927830614,0.1789896555321768,,0.608817029798706,0.370079375158652,0.3422037592361006,0.4033304864800602,0.40104380806541334,0.5057131808391535,0.5332532169124572,0.5381441648868317,0.5511313582892794,0.5067037729981602,0.4855203479726349,0.4588059190181514,0.45768203793704687,0.4591007952637695,0.43492114605151966,0.4770094233478053,0.4930930866699671
Compactness Overall Standard Deviation,0.3156226776939413,0.7255321379531675,-0.12423708328182456,0.40696552620418625,0.09363748035493272,-0.009194514842263107,-0.090505092820243,0.06888314100797518,-0.17907917835396256,0.06972133091427193,-0.013691973975971971,0.06033585982205667,-0.16379560756364686,0.2427188512173087,0.03212307278147287,-0.020206891814960656,0.05825553433091677,0.007609531731472781,0.03499467958877557,0.05978846987801947,-0.09652316926680475,0.5496195300607392,0.4728057421458338,0.034213558434468175,1.0,0.0572283717108192,0.05794392346433553,0.5623983254606624,0.49122154757118835,0.9346484854786419,0.6035307316438618,0.5341925152206632,0.5344569602932318,0.44384511455016107,0.4315335904540341,0.38203498201525377,0.35042053285908187,0.3272715618975765,0.30005611242522257,0.26666209882156877,0.2747127074565052,0.2951039476869373,0.9079778296823512,0.6642121661202718,0.36215008315854735,0.3871065543378552,0.35798945369277785,0.32078875178428373,0.27911294697182865,0.27316190661781864,0.27423677952471787,,0.04388148800858592,0.7151657975275713,0.6691301250023435,0.6427898431848466,0.6608941972649328,0.17242031776584604,0.15355423898351364,0.008964877145044148,0.11407735993014573,0.006440768425484862,0.005080056184011647,0.4716624905211013,0.09982994574562384,0.11277308520757333,0.04652782328623214,0.03212240430869985,-0.047910090138198747,-0.07340386343553561,-0.1169226941120911,-0.1271420508139694,-0.09641903643958713,-0.09774462719781453,-0.0475310091663534,-0.08295471058841049,-0.04276904945608783,-0.06167073400643272,-0.11592455910921937,0.09044706739145375,0.040567602131490015,0.11063836904254828,0.1441370361836521,0.06558933617789184,0.03974704567284883,0.0879641248007269,0.09234348176404499,,-0.005569439829104724,0.1279479356494015,0.09290022109018747,0.08769177912259667,0.1059254758660736,0.1652047829941849,0.18455636155945931,0.1880297464975737,0.18853725212157174,0.17823485059802427,0.17897161181230267,0.17710584542985153,0.1843825287050693,0.18045179304557477,0.17664947670312303,0.17379912020303415,0.16402315604556733
Spectral Variability Overall Standard Deviation,0.8235240989466128,-0.2902621752217654,-0.014679238992498695,0.054857749486548944,-0.28054122143603144,-0.057644208312619495,-0.10324503762961068,0.08601501381861149,-0.004617556295915838,0.21566106438322716,0.09579347365193332,0.0031575682721607257,0.041070198577860186,-0.061841818983555945,-0.0866261311770823,-0.06440194539718554,0.013493246518204676,0.0022420838406993623,-0.036509068870287896,0.07568626902168589,0.08969713481268565,0.05752752914285809,0.1977463320297962,0.7699855694487644,0.0572283717108192,1.0,0.9986396426883335,-0.43648917432668677,0.21899658711906667,-0.22636723441760112,0.451176486086199,0.5120989019541649,0.6041469849772273,0.6001897977920279,0.6209923998670948,0.6440035546372384,0.6819173486141032,0.6768924784706671,0.6888262949419799,0.6965458699280763,0.6972628228048365,0.7402979813714208,-0.14399213376282277,0.43256470894129834,0.6716541156973426,0.6761177283127386,0.6965986468893882,0.6431687261965235,0.6341495731406492,0.6563344255003134,0.6654763454575616,,0.8819514020519702,0.06392995710347563,0.30636500019431423,0.3717340018661729,0.35123667163502453,0.6434852881135043,0.5904780552725032,0.7100524808343663,0.8324481955340984,0.8918702004913389,0.8831915424276215,0.6802203680998635,0.6473796097083807,0.8386199871061695,0.5164062170318251,-0.2444356484625483,-0.24704505164151425,-0.3362405915449999,-0.18524798717020852,-0.23351227158969576,-0.11973445166206169,-0.13458735980689682,-0.3052213398570733,-0.3570530950850608,-0.26491688646042827,-0.372696098608212,-0.8326452797283729,0.663871867792928,-0.06552394816571296,0.33897956588810124,0.3284032494056203,0.2974088680668684,0.21088207452843977,0.37006066484342426,0.413380749083213,,0.7555896103527369,0.6440433863885529,0.523618076939312,0.6008099028093616,0.5712766931427665,0.7101476217409242,0.7359257503699097,0.6957087628197065,0.6987369787356211,0.6803404427799858,0.6683623866645814,0.6639211466202045,0.656644537544426,0.6679224966628695,0.6580865852448478,0.6994912447965216,0.7109839623290414
Root Mean Square Overall Standard Deviation,0.827773730198466,-0.2858436997598132,0.0006716732580863429,0.045022636268313564,-0.26728732446624115,-0.05174231425872144,-0.10811559818069591,0.08206831174672302,-0.007956538835982262,0.2101346082832217,0.0940577687824229,0.008811585260625152,0.03674703356331582,-0.061172848226493666,-0.07926203415015605,-0.06072861120996099,0.014553232203208878,-0.0037477301936188704,-0.03147701257445524,0.08349809847321933,0.10277510831506184,0.0665961377721546,0.21205915720167046,0.7560592101573532,0.05794392346433553,0.9986396426883335,1.0,-0.4366664962209455,0.23055681283463145,-0.22462669411942798,0.4511384889131166,0.5102637663437201,0.6060920992464652,0.6015406631553046,0.6216487208505805,0.6442493673002052,0.682370832942293,0.6777664935615044,0.6903856567287594,0.6981303368542333,0.6975670373360973,0.7399204841859465,-0.13965743673547037,0.4351714899280532,0.6694555262727179,0.6781798612750605,0.6998940666723089,0.6470320566439703,0.6394906344705201,0.6614902928354021,0.6722977726561673,,0.8973989830714514,0.0697620717622571,0.30824911723438564,0.3692701892784751,0.34774637187367613,0.6555852111635494,0.6055799176367404,0.7001195497347715,0.8352418558271737,0.8883625318951501,0.8809952758439846,0.6808732454496935,0.6615617726670365,0.841039145523445,0.505481757138846,-0.24111666966299117,-0.24349000209290952,-0.33659475429306907,-0.18295940414714362,-0.22841485697678582,-0.11346590291414368,-0.13835923134926018,-0.3056952165668653,-0.351161641629524,-0.2660713020749427,-0.3720532072247027,-0.8329535085247819,0.6544981216895799,-0.08316951433612434,0.34346114617175616,0.3322952624282091,0.30749280673525314,0.22194730848979102,0.3807737588193619,0.42037175520759434,,0.7623175436299359,0.6582336016018085,0.5388507380923724,0.6102535118493511,0.581793536108084,0.709300351897315,0.7381932332736997,0.6993552400125856,0.7027496878194808,0.6860642073127184,0.6721269851399162,0.6690995594899196,0.6601990013817688,0.672138799504886,0.6623201868762075,0.7004292394986278,0.711668546580586
Fraction Of Low Energy Windows Overall Standard Deviation,-0.32892150945138815,0.6729542751982485,-0.030362344723970026,0.2725557731096591,0.06022978317623286,0.03442193904417111,-0.10045420005995924,0.09163789526827198,-0.1650524488330715,0.0865627202021806,-0.010172802997490798,0.03270443315288014,-0.09244837253032294,0.18975430383701788,-0.018999517282981788,-0.06883562658938824,0.003907473656260467,0.25072908192785964,-0.17646634104712897,-0.24012077142699786,0.2414342236934088,0.37666281121922335,0.2241481079945056,-0.2888531714694289,0.5623983254606624,-0.43648917432668677,-0.4366664962209455,1.0,0.19650979266955537,0.7184935955755858,0.07208548786522342,-0.017039568847281607,-0.055722465596985,-0.11895264170864195,-0.14247567847498793,-0.1661964602736825,-0.21158482089652422,-0.223551089732313,-0.25436948920181207,-0.26388290076095255,-0.2669386344653069,-0.2750855578851765,0.6276887055562662,0.16106121945292973,-0.22184882847279386,-0.22642308870614808,-0.2391852746215718,-0.23684090267841573,-0.25638367673044776,-0.2599990591671611,-0.2690722953473896,,-0.42443500200556733,0.49009844986071693,0.2954872643210702,0.21400628086929924,0.24505790478490758,-0.3371027766376526,-0.31899382721756625,-0.3125692280742701,-0.4931370387902358,-0.46272395716199755,-0.4614816894235356,-0.032227929371791544,-0.3818241860298568,-0.4940201686977655,-0.3255150881311777,0.17471865806539286,0.1233114459876966,0.24889075685086304,0.07467816977220092,0.11068278062332938,0.012468866333447228,0.07489251417941685,0.17305099059213125,0.13826256503728598,0.12884160617746196,0.23389707190897158,0.4928825394696787,-0.39590084624034405,0.11778693862870353,-0.19735091112768857,-0.14207428065817418,-0.17427829771613296,-0.15744636288295716,-0.23040518519938125,-0.21514932339977913,,-0.4217812184632199,-0.3531312178807725,-0.2823014568815274,-0.32368176394184023,-0.2919216620933948,-0.3704224440782501,-0.37052815128489336,-0.34969184658769525,-0.3465273154654231,-0.35516849107292586,-0.35003973452897624,-0.3486369231615788,-0.3430258443397396,-0.34942807587266755,-0.3569246049854139,-0.3725084576341884,-0.37466590904371594
Zero Crossings Overall Standard Deviation,0.4838814882817699,0.6280790504265212,0.30284610824988717,-0.13716534629465296,0.06873760138758432,0.21290012933667826,-0.28290746487592844,0.040412443289116425,-0.020442818860224542,-0.06222257207383599,0.06764993667570351,-0.1779016723543413,0.1545729361054332,-0.12631829751934268,-0.06333760266518804,0.014259317183789812,0.06383268639885267,-0.00333621504343669,0.04704128529896659,0.032804381203874626,-0.0017622452174021305,0.932685462417595,0.9441642445520649,0.08653675986621748,0.49122154757118835,0.21899658711906667,0.23055681283463145,0.19650979266955537,1.0,0.4089635474741547,0.4536735089298937,0.43609519076955594,0.4648932015392817,0.43246343163476825,0.46279919689259696,0.4417060189483026,0.437156261560528,0.4405559292378822,0.435079194077528,0.4332578112832028,0.43184649580052054,0.40195708831296334,0.4452274009244423,0.5833926959165046,0.31136354696415136,0.45085369482051485,0.5281930236763499,0.570056761402936,0.5646203547507294,0.5486097975884582,0.5571967966980628,,0.30526547258800674,0.8639922526525404,0.6567513273351031,0.447262506829762,0.45966869854403064,0.6207010514684738,0.642059574580431,0.13012787794617173,0.2891461405071332,0.1758260503465951,0.18880336456580027,0.452552078154904,0.5622677528862347,0.289965893781058,-0.21809231341536664,0.02635768243134625,-0.2148662789327351,-0.11918858090173506,-0.029204000630464293,0.04276394959315159,0.0032473209615153965,-0.12973062682901335,0.013693423688621717,-0.01898424360203866,-0.1140400722282311,-0.12788084205713568,-0.22382521847241776,0.031224972463108038,-0.32723658739346134,0.28538075021617143,0.2150708225476508,0.23987398080606182,0.15809693663845076,0.36251112189109835,0.25912285435946214,,0.26055145698786486,0.5625306826735786,0.5019026236994651,0.4092143137559421,0.4525313829608839,0.15904956465027886,0.19920365929631165,0.21618869334096621,0.22297132095050043,0.25402613974715643,0.23633007230726338,0.24223527071005282,0.24139568521355562,0.24398026708435205,0.2371496551681515,0.1942069330952793,0.17683026576144806
MFCC Overall Standard Deviation 1,-0.0012175530397265835,0.8147859672843509,-0.08099284358996099,0.3898754709392698,0.10146324443274464,-0.007946946347149049,-0.09840548913892942,0.07327194046502779,-0.16929419950521327,0.06406516397038851,-0.020463141222446128,0.07270436237516881,-0.15690921030932745,0.22857094629473937,0.026043967119921515,-0.009397235203176355,0.06070407168160778,-0.008173841515706262,0.0227887262657545,0.060519966181773986,-0.07854805563025197,0.5337079542205969,0.4076707038709877,-0.16339596017835992,0.9346484854786419,-0.22636723441760112,-0.22462669411942798,0.7184935955755858,0.4089635474741547,1.0,0.4092213366854376,0.3291077575998923,0.287415859681282,0.20363852626685847,0.17314093973505046,0.12371262383533145,0.07737914402283233,0.055964670673989074,0.022514651802246922,0.0004051621460219032,-0.001859729706794627,0.007538155999118405,0.940760791482656,0.5043710298517756,0.08196344386394731,0.09940255570475634,0.0717128950343867,0.05215497815088551,0.013525827617219259,0.003246536333713839,-0.0011060725935067483,,-0.21528620305475082,0.6960856951464388,0.5651261413068451,0.5096094112140219,0.5340727861751499,-0.07917325074513289,-0.07708980759125764,-0.18666420060138822,-0.21546576650788632,-0.2799549366802807,-0.2791440916631638,0.19729572235870366,-0.15188094630195031,-0.21605310956016227,-0.17239508204223788,0.13780068676114376,0.036951782708118275,0.09325363068228328,-0.035765317590874486,-0.013528024799997481,-0.052500912848970606,-0.02842889311422603,0.07867365588645316,0.03184120285043119,0.05782637995084238,0.09073725451410394,0.21390488593384865,-0.1833079227508977,0.08822919023575838,-0.03202453689774783,0.02354130649080242,-0.06884127522777737,-0.061151887707551915,-0.07204934955751913,-0.062107818310123415,,-0.25492986090658953,-0.11475767013182352,-0.09383273004927895,-0.12542474996504782,-0.09186472866250928,-0.11798301342876702,-0.10038487502601691,-0.08692613711313794,-0.08504524171885114,-0.0960451056844087,-0.09333324303665044,-0.09036323412470368,-0.08165309220962957,-0.08943215522058932,-0.09529232568465545,-0.10927595203616526,-0.12074719684205495
MFCC Overall Standard Deviation 2,0.6689698800382671,0.39307147278427784,-0.30430223009101504,0.22843177559561936,0.05417559248341859,0.056253345571162516,0.0946681799454224,-0.00010499393892471142,-0.0384229030251948,0.07018943612503337,0.04297624169600969,0.07189403631844407,0.07531999099105836,-0.07588737224956035,-0.07257024825880708,-0.006149969856066015,0.12478684879319256,-0.15983881335023672,0.1567662880604164,0.05263128592670155,0.04154093595324707,0.40157768986738224,0.4133067792283569,0.2957002236897305,0.6035307316438618,0.451176486086199,0.4511384889131166,0.07208548786522342,0.4536735089298937,0.4092213366854376,1.0,0.7909084895131782,0.7575298806288472,0.7244536000239904,0.720152425648997,0.7156623608515749,0.7079851798183603,0.6710089561802859,0.6551697058889638,0.656519487980394,0.6654368307065933,0.6670987331132611,0.4802885089152496,0.6900124528174968,0.7133016119861135,0.7170540935342554,0.7007836329099876,0.6513162121696278,0.5954115916104964,0.5892721558186812,0.5666854371862623,,0.3497868237270634,0.4975903186693191,0.5917173574273025,0.6265439772228314,0.6257981994348685,0.4411264277482036,0.40357198758411955,0.19746291700859228,0.54135373724605,0.3184939210227368,0.3063010605492946,0.6702155561312179,0.37377353289879217,0.5344175074088316,0.3641222572437233,-0.18293517207496993,-0.1986533530843164,-0.3029466723736053,-0.17659993745997848,-0.26385737721288127,-0.0489236645389532,-0.18584430808064062,-0.1113279555181375,-0.2101217405458248,-0.15530192565230783,-0.26817140623829394,-0.553566208582512,0.5328485710925677,-0.07314409230315383,0.3356450477796961,0.3247194849601905,0.21003663616611035,0.18116868529969019,0.2979626484937872,0.2825006037743099,,0.19640149479395225,0.35124788529751566,0.20954706500652473,0.2563514711822285,0.24666212517499772,0.46956192109109174,0.4903168610951098,0.47469379026888264,0.46916611292081706,0.5023530639128181,0.4996600113127062,0.48792737940602127,0.48713969724056855,0.4601751779976785,0.4664882487154993,0.45671042444967686,0.46206917318858265
MFCC Overall Standard Deviation 3,0.7276572701401673,0.3922224532877572,-0.2800626538866683,0.08870064142869816,-0.14566942464525903,-0.10727377712998105,0.11476212359020549,-0.025428290698554783,0.06598173362404584,-0.005556534839274413,-0.07948853693399932,0.060532925061027476,-0.011692194550975983,-0.05038388861706381,-0.004278757456166671,0.06168198091763472,0.07121280670949447,-0.17279295422566454,0.0870630622568396,0.03340502241520391,0.05066694464032533,0.3559584781205153,0.40268443018332817,0.32058238775883324,0.5341925152206632,0.5120989019541649,0.5102637663437201,-0.017039568847281607,0.43609519076955594,0.3291077575998923,0.7909084895131782,1.0,0.8583324074221551,0.7912233190501299,0.7624780224496037,0.7748577044838316,0.7828831239307406,0.7661343678437035,0.7252873360734191,0.7356476453067584,0.7356795218235636,0.7421900080564517,0.42470619972272006,0.7428665808949411,0.6860616988563489,0.741169822733793,0.7423352673958054,0.711889986445087,0.6727321267798213,0.6669459662075224,0.6428665266288838,,0.39609817652466855,0.44769191524368057,0.6372811209879542,0.6991242873781559,0.6860409033702639,0.5461331248389583,0.48838158831336936,0.25376096207838883,0.593348985733286,0.37522377564989445,0.36669787916166624,0.664644962772156,0.48324817151783356,0.5903529624709111,0.2795363605192423,-0.2723133752013113,-0.4475608209759848,-0.3178431980538801,-0.27370450843180494,-0.24733917174303807,-0.04080697596806162,-0.20437847342693305,-0.15072991936335645,-0.3027074456971046,-0.12561783631490686,-0.27224207892112473,-0.6012544614952402,0.525318232846204,-0.004589871028629616,0.39776198073559754,0.39363454159748507,0.15933637564875358,0.09723603949398096,0.3545475670129321,0.3626701324332475,,0.27162473823376954,0.4795427190826263,0.3550966311241733,0.41668448883410264,0.40984308472274744,0.4708347237618171,0.502838126341448,0.47110003106796133,0.4653088485518914,0.4717400841011664,0.4806748863442228,0.46746977645174315,0.4509975219380675,0.4359201164646978,0.4425637354562007,0.45263187382293474,0.4527656163355324
MFCC Overall Standard Deviation 4,0.8173046564082206,0.29323709881289045,-0.28710565451668457,0.045610388261493155,-0.026900781765334024,0.02542870116832093,0.03290925036070848,0.02846575465591358,0.029462588798774,0.060294125203641975,0.008978275797104186,0.07830535983843566,-0.07610213420061765,0.003944756758961567,0.08564163989005745,0.023191384319580583,0.09378004795994681,-0.08348992260515602,0.06571579533359831,0.014786591362270408,0.06737288106616403,0.3502067269389069,0.4206931487469074,0.34685468548240744,0.5344569602932318,0.6041469849772273,0.6060920992464652,-0.055722465596985,0.4648932015392817,0.287415859681282,0.7575298806288472,0.8583324074221551,1.0,0.8664795439227174,0.8491038892620812,0.8451620735319533,0.8362915623793304,0.8156960077804318,0.7996705003072947,0.8110703533719029,0.8054198369654069,0.8237160033643729,0.3796291146705855,0.6925706937223531,0.7914298478881309,0.840739458169508,0.8255508208434718,0.79102170728496,0.7538687544352991,0.7503892899973424,0.7413012231398817,,0.5216180522115399,0.41632396437432234,0.557995255302819,0.5934862560663317,0.5810365566298129,0.629336086586646,0.5780087964299182,0.30283215075247527,0.7079897772932926,0.5051969957342854,0.49782784107121053,0.7453659186952002,0.5827165447861279,0.7014450214798812,0.35834603810822574,-0.3169047361393823,-0.34529638546114894,-0.42379576457798557,-0.272249476141085,-0.31689278328876386,-0.017702930844247997,-0.19613150112787955,-0.12269481417977028,-0.3089846858353727,-0.21238140200173608,-0.3353306733126506,-0.7063485636378629,0.6155127641600837,-0.1610887903110105,0.37401610477541114,0.41090319701787326,0.26680850331445444,0.17464733234666555,0.4154711335452235,0.41660961778655936,,0.4080313268336157,0.5560224714674908,0.39558276514730956,0.4323489222916991,0.41747273802547,0.5527529052518084,0.5765083628375257,0.5387960621031679,0.5394330861122664,0.5630731513584942,0.5680381720156237,0.5690737360600495,0.5660355588163433,0.5581241279141752,0.5582370357395161,0.5595001601965574,0.5510233341341345
MFCC Overall Standard Deviation 5,0.8116567620158003,0.26235709402421103,-0.3192858590572224,-0.06574281310468448,-0.05297344489964427,0.03148796288115995,0.07683333363408167,0.0032123704151544724,0.031694829787983665,0.0015014684331377411,0.0006961095113495869,0.09837760978256137,-0.02305712903173138,-0.004579883570698194,0.1129059058206356,-0.02132696986706595,0.029246320616242605,-0.07478609736683212,-0.012280959721434441,0.013975083126967797,0.1150746915513779,0.3092188306276186,0.3809474899501138,0.3341453279013486,0.44384511455016107,0.6001897977920279,0.6015406631553046,-0.11895264170864195,0.43246343163476825,0.20363852626685847,0.7244536000239904,0.7912233190501299,0.8664795439227174,1.0,0.8933311071634438,0.8800785679925802,0.8370334247171515,0.8413093894951196,0.8227351684779669,0.8261110112425751,0.8202943096149633,0.8383186370225719,0.3016451409715199,0.6361160579869848,0.789016977435235,0.8253556010840267,0.8475118829400563,0.8292177241804772,0.7983093491707715,0.7927798003706777,0.7706609222301978,,0.4902617475303061,0.36007868346233374,0.5127527926855957,0.5436598937853946,0.5355715592503318,0.6553846296562582,0.5965189937690145,0.27080187925648963,0.7095730497322325,0.4774664823519653,0.46905097998444806,0.736017341704956,0.603461250363222,0.698743612586074,0.29901431251718463,-0.3824958364539216,-0.40694973797857004,-0.46383851007269633,-0.2739989258263699,-0.30736241246657814,0.027085737158259224,-0.16106723468522205,-0.13240251958639151,-0.3441617879698788,-0.1952311012836019,-0.3144219503252863,-0.7037515924333789,0.6319223285271436,-0.20026411663845742,0.4119855250742749,0.4271580091882063,0.23580142477433316,0.19388438082376416,0.4308774283840051,0.40884136582900965,,0.37156070110806094,0.5656126913168217,0.3895181235117523,0.4329835843799338,0.4101726743466137,0.5337240069750419,0.5805211601846104,0.5334847675515373,0.5093328742471172,0.5295003000588139,0.532944157761308,0.5363878020091369,0.5357237754474314,0.5267003381068137,0.5250063046215564,0.5199450039214016,0.518608053986581
MFCC Overall Standard Deviation 6,0.8485903900990788,0.23951748464744743,-0.23766824850979304,-0.07774168676545315,-0.018812994887538615,0.07324823266859053,0.13989966126982453,-0.01154017448449229,0.029201727594847966,0.07194034259114336,-0.028431414489683702,0.005286888434995026,-0.028925031210382486,0.00766607870239941,0.08588411179085222,-0.0650976166625636,0.061206543831807646,0.010776111870285453,0.01728621603438504,0.019383071303362233,0.09884386938855753,0.327835586024761,0.4157752390611655,0.33555460019156547,0.4315335904540341,0.6209923998670948,0.6216487208505805,-0.14247567847498793,0.46279919689259696,0.17314093973505046,0.720152425648997,0.7624780224496037,0.8491038892620812,0.8933311071634438,1.0,0.9287823795956426,0.8767253532195776,0.8662483545944382,0.862574651017323,0.8578037435021362,0.8744413262454627,0.8725240731563008,0.2782770749892376,0.6417608199261401,0.773948570961831,0.8345036943398922,0.8542056619780636,0.8441518276754869,0.8210537131585706,0.8236716652246463,0.8198434971611755,,0.5135605838943325,0.3653555090752367,0.5236905625998035,0.5472570355556761,0.5321476201986294,0.717984307718403,0.6665981659671422,0.29268256020119493,0.7600936855629072,0.5311526271198171,0.5239239500308877,0.7740635037912522,0.6693217799185922,0.7503585931627917,0.33063708339505676,-0.34111799633342077,-0.3658100836865494,-0.4461213446957377,-0.20018724007008543,-0.23834812445338782,-0.03743230490779798,-0.18137215162709588,-0.16699669002818623,-0.25935228359736856,-0.23893631155152925,-0.35661753353943537,-0.7484800313789958,0.6523184846013786,-0.19837641729901054,0.43523290639475737,0.4064178183938776,0.30810397105554477,0.24744975847145076,0.4565111264147514,0.4164207165393344,,0.43103192436734006,0.6300735735704751,0.456689169439715,0.5002044960588002,0.47670247173986124,0.5484774329914965,0.571402777991441,0.5406060092210051,0.5382338673810986,0.5778348093873771,0.5854504310449081,0.5841438170919512,0.5823075397398708,0.5631352589078651,0.5592002877517134,0.548320250880321,0.5425416609383433
MFCC Overall Standard Deviation 7,0.845016895863263,0.21842651551887982,-0.2543240048322367,-0.1283015787308577,-0.10359849160421834,0.080463412080347,0.17023324330553322,-0.02024695649153175,-0.020321984694261108,0.09174832285376905,-0.04333772332909031,0.02632248402716692,-0.0045364115889330115,-0.024752905417717568,0.0823405195619138,-0.023989255915065923,0.04687475932156656,0.02408937197760965,0.006126395668169904,0.04066421162092276,0.10557195490965897,0.3035529935130648,0.3932691205788262,0.36235476040220216,0.38203498201525377,0.6440035546372384,0.6442493673002052,-0.1661964602736825,0.4417060189483026,0.12371262383533145,0.7156623608515749,0.7748577044838316,0.8451620735319533,0.8800785679925802,0.9287823795956426,1.0,0.9124522955405615,0.9074251456033348,0.8866504485414465,0.8980908334155115,0.8878904753206757,0.8754736109614024,0.2354885703562695,0.6111416652001925,0.7757278571662019,0.8294283784946854,0.8609499660262177,0.8441497416285256,0.8273857819174895,0.831302079956906,0.8181935148050082,,0.5210770458598005,0.3292706550453737,0.4977413195784697,0.5274715984475576,0.5137632393390978,0.7189227321859673,0.6605036033401461,0.3105381290905116,0.756968952593585,0.547853724868613,0.5402665119841547,0.7478638257225967,0.6719864361389352,0.7480573670167797,0.3133131627666434,-0.38503951459034697,-0.40640311458965706,-0.4270472466197842,-0.15380613325225223,-0.20532928537934914,0.01726041628305024,-0.17156170284523659,-0.2108521227154109,-0.319719495544794,-0.210444025656846,-0.33933990345821025,-0.7464165080847059,0.6567487020165229,-0.1933673427375098,0.4178820714548078,0.4130333280486862,0.2813969907108708,0.24114038550612035,0.45834155716078673,0.3989858122740978,,0.4398432915961245,0.6292386933401793,0.45449156700230975,0.50241317597809,0.47847891933633646,0.5398453251458483,0.5708238257814077,0.5231927981732554,0.5245581271876815,0.5627792301838488,0.5649095949579306,0.5558112091979062,0.5441030355124012,0.5267560423779492,0.5162756215588078,0.5122163214295629,0.5240283402454059
MFCC Overall Standard Deviation 8,0.8748153262141348,0.17518818419454088,-0.216833522248632,-0.13258044826590615,-0.08793984288726416,0.017337668596373767,0.15533542864536767,-0.07354047087503372,0.0012949207145659704,0.11664501642055432,-0.01665853346954437,-0.03306266352489192,-0.03213426698930662,-0.06328681883756228,0.03980250951133843,-0.014453492289154844,0.05923107476665078,0.0198992311508023,0.004400815086402522,-0.02179150530613989,0.024179227378778635,0.284209860624876,0.398275290300446,0.3961099961438955,0.35042053285908187,0.6819173486141032,0.682370832942293,-0.21158482089652422,0.437156261560528,0.07737914402283233,0.7079851798183603,0.7828831239307406,0.8362915623793304,0.8370334247171515,0.8767253532195776,0.9124522955405615,1.0,0.9294487042956092,0.9130632556366421,0.918908279731709,0.9150550828982645,0.9075963358254214,0.18977431734917427,0.6102742531291476,0.7859347295725636,0.8483090657608817,0.8759192275755621,0.8613717651318147,0.8370520718113545,0.8454174217227197,0.833029355621563,,0.564544060729312,0.31231184239278886,0.5021354854537871,0.5360666849943638,0.5232335786254453,0.7512953069467199,0.6935109086379497,0.34091696383940123,0.7993732496842888,0.5853062547868254,0.5785039973640849,0.7589724925745017,0.7108814173832154,0.7900079345296408,0.34883884683728555,-0.35361746385156023,-0.4021861139333848,-0.44349606304180167,-0.17592315212560608,-0.2345323136586361,-0.06454898527600106,-0.2713910875588792,-0.2266945557058001,-0.3098823787761319,-0.23948538318264323,-0.3566582150652549,-0.7860165050920543,0.6626764045726283,-0.17935427644413462,0.44034182079776474,0.4411365502866689,0.31933595803216036,0.25570242028094736,0.5102371351183415,0.4531657579223314,,0.4804899943918669,0.6742593209654476,0.5062892550035292,0.5532686494093892,0.5292965812913443,0.5783734306007765,0.5935343029749525,0.5621781542228818,0.569016325277538,0.5930542680866173,0.5948200549466811,0.5704483804787625,0.5563494101778834,0.5418488059117379,0.5456987886325975,0.5546871379627399,0.5670907321793023
MFCC Overall Standard Deviation 9,0.8716386158828497,0.17260644051549356,-0.20999524418202198,-0.2027267870868567,-0.0961616242263325,0.02150669221253279,0.14360049504604663,-0.031052821779063582,0.0036575678142122202,0.10271823018983002,-0.02769061346565011,-0.023944454897908817,-0.061758016527624325,-0.04396648754478074,0.020481823287403295,-0.012695724318264863,0.01372711701435014,0.05424664798415598,0.017255867206894215,-0.019019005710672957,0.01062238333677083,0.2830647958841641,0.40063023387543933,0.3858156024559681,0.3272715618975765,0.6768924784706671,0.6777664935615044,-0.223551089732313,0.4405559292378822,0.055964670673989074,0.6710089561802859,0.7661343678437035,0.8156960077804318,0.8413093894951196,0.8662483545944382,0.9074251456033348,0.9294487042956092,1.0,0.9332924384779242,0.9305291400283098,0.916793210728649,0.9015184317654013,0.17644870809189156,0.596527860593791,0.7765964895941014,0.8463525413618709,0.8841615607528301,0.8697394838066055,0.8566141227976408,0.8649887008936231,0.8497557233992787,,0.5675737229358336,0.30051905746058133,0.4876798729581409,0.5039142766811783,0.4912449621895358,0.7786646882179978,0.7195464616021792,0.3466426976405957,0.7943612683288361,0.5868861169298665,0.5818872458220823,0.7519696126306005,0.7365294999260902,0.7851781695514767,0.3086357480072541,-0.39167377719660756,-0.4387582133211693,-0.46168027800877726,-0.18940670401583562,-0.2182972343550795,-0.011711339381002835,-0.23509282799154793,-0.2314170199347532,-0.31295183257673526,-0.25683970016698643,-0.376191695313671,-0.7763257800039219,0.6563103443894699,-0.20847298050875468,0.45321216844776924,0.43251045967406554,0.32829976065636307,0.257184601301811,0.5417948541125558,0.4778169055045874,,0.4958995082856759,0.6930331371486661,0.5192290131880589,0.5617926339230631,0.5353557714432771,0.5668045994462263,0.567819073790763,0.5251284449434881,0.5197884651102823,0.5524871156639276,0.5618807922233815,0.5480911332515526,0.5433444029333205,0.5263006404783143,0.5269552918196503,0.5404409074897473,0.5566246110221369
MFCC Overall Standard Deviation 10,0.8726818161740285,0.13044750805816627,-0.20749417628780858,-0.21794872510925922,-0.08464427410842598,0.07650777334925307,0.13186614225703772,-0.029170854270362263,-0.0026524637241300774,0.11339950690177653,0.0004396013045853496,-0.041785693758439164,-0.061702572639380796,-0.025321703579338793,0.013420281876742825,0.010814030735587505,0.003913308166226232,0.04279029396490061,-0.01554478807022273,-0.016091589458552914,-0.017087946954199188,0.27623166377044045,0.38714835708326945,0.3883993092693762,0.30005611242522257,0.6888262949419799,0.6903856567287594,-0.25436948920181207,0.435079194077528,0.022514651802246922,0.6551697058889638,0.7252873360734191,0.7996705003072947,0.8227351684779669,0.862574651017323,0.8866504485414465,0.9130632556366421,0.9332924384779242,1.0,0.9227039451845876,0.9234901764864398,0.9097623934354787,0.1405767971424587,0.5538540968286637,0.784194804491671,0.8551208055289552,0.8878020158613622,0.8676060041240446,0.8602082313374259,0.8700253653035508,0.8627768579118271,,0.5846565560582342,0.2736695409450896,0.44585530673461443,0.4634987872021757,0.45045383984099413,0.7932446499659558,0.7350256366567427,0.35801726112576177,0.8112972496277489,0.6135111742423062,0.6076206066853275,0.7486304560258394,0.7489350849093914,0.8009186375249115,0.3252618335931351,-0.4073506432460004,-0.40662615901727983,-0.46922198456933584,-0.16857561538439322,-0.2113280658524983,0.0009258337445628748,-0.24731079990824273,-0.22148941776310743,-0.30039656541131915,-0.2623931010719038,-0.3936228017025098,-0.7904773936413132,0.6841140682099462,-0.24343835807261838,0.4336506423740914,0.4319770563330405,0.3430873864232828,0.25492226311830635,0.5232820351361018,0.4541418502296076,,0.5168831971842395,0.6947991315842474,0.5083271945863982,0.552181530621822,0.5216182914845173,0.5583664266276388,0.5729075475107336,0.5380552115421611,0.543489649765582,0.5728785583901075,0.5538976123254129,0.5348975329157374,0.5379628283519519,0.5485379005992082,0.5601467421173966,0.5526088805511169,0.5552606815875883
MFCC Overall Standard Deviation 11,0.8645065227996649,0.13483496199338926,-0.21061995095567623,-0.24670219637629268,-0.08618614264970237,0.059904596623922717,0.16691093652826272,-0.023031595203603494,-0.003936415835036884,0.13673020189388696,-0.006615406042693199,-0.02449009379413507,-0.0119409408127298,-0.06055892762408512,-0.002769730613210113,0.004746717928022936,0.004721022344561742,0.05932768490107573,0.03471628147863779,-0.007991112610079565,0.002380400550615144,0.2689652225850389,0.3919590609805251,0.37696428640271346,0.26666209882156877,0.6965458699280763,0.6981303368542333,-0.26388290076095255,0.4332578112832028,0.0004051621460219032,0.656519487980394,0.7356476453067584,0.8110703533719029,0.8261110112425751,0.8578037435021362,0.8980908334155115,0.918908279731709,0.9305291400283098,0.9227039451845876,1.0,0.935915804181954,0.9080811614766382,0.12193056542137551,0.5590262999880691,0.775050864236131,0.8415436371245246,0.8860664049599414,0.8731961437176596,0.8558254817066033,0.8688510132661902,0.8557005249355076,,0.5750208906676667,0.2684112263862625,0.44521149131055726,0.4594857171989104,0.4444551766609335,0.7778875254745752,0.722456532821997,0.33158062141033223,0.799541255736546,0.6053293176334434,0.5981698171106681,0.7215680615552306,0.736300486481496,0.7881318397837777,0.31827069794029567,-0.3962225397825057,-0.4326302724728654,-0.4827582046962188,-0.1486487953093677,-0.18263308293685387,0.0169112814739978,-0.22995139158294534,-0.2284444986781069,-0.30244165527624334,-0.26336817475205354,-0.3821379749244528,-0.7786460646702076,0.6723939062049759,-0.23815902907303205,0.4461618117213431,0.4344107825659041,0.3652698472679065,0.27790189298989254,0.5422043745661115,0.4601765716947569,,0.4977425559213446,0.6834683897054891,0.502293709000777,0.5453037621198954,0.5172422104175141,0.5464600906716153,0.5598245381266644,0.5169341297731047,0.5012871740200983,0.5352864812164295,0.5434823831801361,0.5452226263679831,0.550348420095329,0.5202797200800673,0.5157970581146281,0.5210525458006425,0.5383488941447029
MFCC Overall Standard Deviation 12,0.8751190545039873,0.12218103066919543,-0.2162556870649556,-0.21174763831737983,-0.06393580275594272,0.03214359349123802,0.14519455128896328,-0.011741508984076826,0.02193152342098936,0.12375737794432598,-0.011162489749110042,-0.03496741503987619,0.020239336547255692,-0.06402612794469217,0.010589656332566836,-0.04333182182111721,0.034673847109010635,0.07070758986823389,0.03210454764494754,-0.02920475398798265,-0.03167291221954662,0.27105915857430724,0.3901924373372369,0.39323570413506553,0.2747127074565052,0.6972628228048365,0.6975670373360973,-0.2669386344653069,0.43184649580052054,-0.001859729706794627,0.6654368307065933,0.7356795218235636,0.8054198369654069,0.8202943096149633,0.8744413262454627,0.8878904753206757,0.9150550828982645,0.916793210728649,0.9234901764864398,0.935915804181954,1.0,0.9353570410688595,0.12326012568532492,0.5690292972705813,0.7832022850352851,0.8444989079255009,0.8825646681708859,0.8632292596488458,0.8485164887869422,0.8538152254897867,0.8465684644837974,,0.5749621971001665,0.2768189812244094,0.4563558288292701,0.4739426450085484,0.45527521623984324,0.7733727583971813,0.7149666590698817,0.34179755087276986,0.8176258600561555,0.6203967246343016,0.6120135924472823,0.739529524942882,0.730075515581649,0.8063794627486803,0.3518664857534499,-0.3759798376664791,-0.43258414383476373,-0.5092126592019652,-0.18788648248489484,-0.21674344499965315,-0.023754636223183058,-0.21627576818087704,-0.19572672242561126,-0.3078119195351592,-0.2631087643859763,-0.3742671820698965,-0.7991054316703088,0.6941754960912524,-0.2207087113231436,0.46099690156304307,0.43175830152177563,0.36902015581166375,0.2850776997701947,0.5401654845719728,0.4698778923174901,,0.5045679963732689,0.6837868191503659,0.502007094619621,0.5520040371367185,0.5221784435965448,0.5825693954467923,0.5630461635892007,0.5221774799589124,0.5285650851045317,0.5779811228047987,0.5889555633315283,0.5590970904736821,0.5558449616789402,0.5369768466825382,0.5459428454925694,0.5617663869401278,0.5803130069934641
MFCC Overall Standard Deviation 13,0.8922813424959997,0.08239394619852719,-0.24896684313092587,-0.14231898787938704,-0.0471666857349022,0.0021406411584583276,0.0916449412599867,-0.00861808719673056,0.034243487824330336,0.11970139881104687,0.0031474760988894814,-0.04226092474304451,0.010582544146103212,-0.04267608068819497,0.04975614524755645,-0.05425465320891715,0.010638483114707222,0.051571540484812925,-0.007474547260644255,0.003934057679409948,-0.0062094412506710755,0.24239944297326804,0.35600147660799714,0.4225894292740307,0.2951039476869373,0.7402979813714208,0.7399204841859465,-0.2750855578851765,0.40195708831296334,0.007538155999118405,0.6670987331132611,0.7421900080564517,0.8237160033643729,0.8383186370225719,0.8725240731563008,0.8754736109614024,0.9075963358254214,0.9015184317654013,0.9097623934354787,0.9080811614766382,0.9353570410688595,1.0,0.12200929261815602,0.574295438102683,0.8247469234615867,0.8615799711045166,0.885065509129488,0.8553072930013442,0.8352644175243722,0.8435749933269359,0.8381322485197196,,0.6057339255107453,0.2592959459953595,0.4533018881570164,0.4893724344340847,0.46930257514892393,0.7583022493615722,0.6925352548245236,0.3655468029815623,0.8443590543532543,0.64858569302664,0.6388125115317503,0.775197208384396,0.7161334629220543,0.8339498328095848,0.4115122703100605,-0.3963849770189628,-0.4045204865094782,-0.5274752985669756,-0.2465358160240372,-0.30069846658285315,-0.07281146406533509,-0.21696257713580708,-0.19778906520354675,-0.33760188624424436,-0.2651152006713327,-0.38307516002839703,-0.8320152750761912,0.7305201299576345,-0.19846698283370967,0.43784155943287406,0.43112482819859294,0.37015487553771725,0.28638973688226177,0.5181525384801287,0.4690766538396769,,0.5190673963313298,0.6736555040918054,0.4893442688396363,0.5490294470148346,0.5167463399912032,0.6149466921646948,0.6172856475540108,0.575857109939024,0.5704018427864824,0.6061648116225941,0.6287162712440225,0.6032387304832754,0.5946539367410006,0.588497107235644,0.6006796653580178,0.6165713780035365,0.6152624806563247
LPC Overall Standard Deviation 1,0.11355918675399607,0.8272406675852145,-0.03690306208647863,0.31668800495707267,0.08970262753757413,-0.055905650097782755,-0.041819340962644815,0.0709029750952158,-0.12020888918763445,0.07827808571746936,-0.042285539977472676,0.11033537543875108,-0.1871033126664041,0.19202753346107101,0.06306569501942376,-0.010112665718193876,0.04533188884099151,-0.07812112049999229,0.056634482157320816,0.07871885978968131,-0.09879735097617308,0.5410087914131954,0.4781879569192612,-0.12078695737065745,0.9079778296823512,-0.14399213376282277,-0.13965743673547037,0.6276887055562662,0.4452274009244423,0.940760791482656,0.4802885089152496,0.42470619972272006,0.3796291146705855,0.3016451409715199,0.2782770749892376,0.2354885703562695,0.18977431734917427,0.17644870809189156,0.1405767971424587,0.12193056542137551,0.12326012568532492,0.12200929261815602,1.0,0.6008830978993946,0.14226604316488656,0.17551376815199357,0.17299475017897303,0.16191923941285333,0.13159041154831982,0.11765908794155584,0.11501188876964649,,-0.11768401285852126,0.6930768867029349,0.6307103312939714,0.6049958233631979,0.5951782573216435,0.03968369296458089,0.05258995935303985,-0.13720685569447585,-0.11873635215269406,-0.20972720852287843,-0.20589850466286336,0.24174334126902575,-0.020191900880529412,-0.12006260355588406,-0.1899607552076036,0.13575665960550712,-0.054999108619588004,0.04580463146508001,-0.05778120427485442,-0.004251259681089435,-0.05028918702213078,-0.05688321986772463,0.07648632566463667,0.005629980465743665,0.006921629616978805,0.035540813233801795,0.12486062229880686,-0.1611494392874293,0.04077842825150765,0.05214558851279446,0.10288106410425117,0.004500874056999266,0.00207011721119089,0.04423331415116802,0.022304278904269517,,-0.16956022748323676,0.020583790534750342,0.04442833000097976,0.007100331514291608,0.04433354501665242,-0.053377674513794236,-0.03908734627764255,-0.028008080478713133,-0.024473645287021076,-0.02373725587463534,-0.02570529077441565,-0.021891919748647914,-0.010759226272087584,-0.015661814617407885,-0.023311341689359676,-0.0409763030201109,-0.05008845303255197
LPC Overall Standard Deviation 2,0.6612823021343647,0.533656987693747,0.11045972659606286,0.31264469869334366,-0.06527838394277342,-0.14177711427590317,0.09787623321034193,0.012137761004191113,0.1047146378970392,0.035487842500451915,-0.04055048457077,0.04538585940099249,-0.014564063756905122,-0.05032173854870236,0.009734452648530888,0.02775570355337558,-0.0952544582037207,-0.06570427696361199,0.03388601231942331,0.034339166875457246,-0.008668694565921571,0.5067443306715302,0.5762559233312846,0.3359070977075079,0.6642121661202718,0.43256470894129834,0.4351714899280532,0.16106121945292973,0.5833926959165046,0.5043710298517756,0.6900124528174968,0.7428665808949411,0.6925706937223531,0.6361160579869848,0.6417608199261401,0.6111416652001925,0.6102742531291476,0.596527860593791,0.5538540968286637,0.5590262999880691,0.5690292972705813,0.574295438102683,0.6008830978993946,1.0,0.5183502457434844,0.5730528105042447,0.626706916731367,0.6261722502145917,0.5908823026429749,0.579844451672467,0.5791554059568872,,0.4072166177574274,0.6702154106116568,0.8816676178737376,0.8674785531479644,0.8676579114447025,0.47311232282757876,0.4509266589621666,0.26804212930434124,0.4734842911251427,0.31431042388799446,0.31574121476692973,0.6422092709700633,0.45224660134885003,0.47503028643667294,0.14593984212387506,0.10625070626225679,-0.22510111480867506,-0.1199299453950241,-0.13471701156503557,-0.099993865461567,-0.13967057116273007,-0.1723780155903579,-0.1049392742344956,-0.10365359783943341,-0.13066363836579858,-0.2802343315889502,-0.46607940858349706,0.22484066403385247,0.05144774100294648,0.3790481246274207,0.340182085683785,0.24861911879838192,0.1411324157303187,0.30226353226671454,0.2668276977641306,,0.296262723812281,0.5274063401458992,0.5268115953782866,0.5764851451630465,0.5880517341547503,0.4449163115512999,0.47289297963616606,0.46856069035044745,0.4821491148855275,0.48747177679604603,0.49571442827428547,0.4812308595733692,0.48286403127205424,0.47763495503525616,0.4607450651350375,0.448436972182163,0.4338321010566378
LPC Overall Standard Deviation 3,0.8228207482128388,0.0035137014753471607,-0.4483670233725014,0.09172559466652644,0.08991183161926705,0.14153409395931316,-0.05908526529832629,0.019886527472999772,-0.03641219151151214,0.05546997504514477,0.007602730343382975,-0.007182432765939856,0.041916815819649,-0.036049118275498095,0.021287430095293575,0.08235636822429752,-0.055937725774674645,0.023814737789917863,-0.030671614561342393,0.020824364103909487,-0.09033313667832572,0.19924749650210233,0.25830955992239857,0.3990776844879618,0.36215008315854735,0.6716541156973426,0.6694555262727179,-0.22184882847279386,0.31136354696415136,0.08196344386394731,0.7133016119861135,0.6860616988563489,0.7914298478881309,0.789016977435235,0.773948570961831,0.7757278571662019,0.7859347295725636,0.7765964895941014,0.784194804491671,0.775050864236131,0.7832022850352851,0.8247469234615867,0.14226604316488656,0.5183502457434844,1.0,0.914322736924539,0.8425722756015498,0.7677763587851743,0.7199666607971967,0.7232340415585892,0.709574317390286,,0.5417695480505145,0.2227801442984336,0.37143202059419106,0.4285988542421743,0.4240745235813126,0.5961435764648884,0.5248662097109085,0.33580439806891604,0.8132679244566857,0.603598022115449,0.5860122778489778,0.7794770152766567,0.5362140871597129,0.805463421790328,0.6344421691486407,-0.5099979447768623,-0.2199665108543617,-0.5629127458255924,-0.3030683620110115,-0.45284421821136794,-0.022557930291514608,-0.19333536601392648,-0.19555107613423306,-0.3350684201850606,-0.1984853263173847,-0.3952685896980832,-0.8271550469526039,0.8455676434404297,-0.1899655573380614,0.2236989328145783,0.3484816600465532,0.29137395999170684,0.23142179062276785,0.3878876854448133,0.37875073608096244,,0.42771864577171564,0.4667195756687521,0.24040688696372592,0.2916170196924112,0.26183871964611877,0.6650946983719097,0.6745027474855626,0.6277916459319829,0.6168706093869906,0.6436125831034596,0.6634740197825053,0.6621696070252562,0.6661995601212137,0.6529926674999382,0.654346982156347,0.6688786438865681,0.6642549774890705
LPC Overall Standard Deviation 4,0.8902940486417495,0.0983028791812996,-0.3116427314339574,-0.036955978231520296,0.025303740581432397,0.16816639113212442,-0.0495883010018365,-0.03110830363023876,-0.002557960355067066,-0.0654088710231525,0.02659004543986871,0.028456238194661452,0.001322913359893265,0.03241586828850189,-0.04361880941432452,0.018604449543353704,-0.02044467975711504,-0.012629767607729523,-0.0030846428780144735,-0.010583532642981648,-0.08460924379817068,0.30831307144609316,0.39608701759659476,0.38137388597086036,0.3871065543378552,0.6761177283127386,0.6781798612750605,-0.22642308870614808,0.45085369482051485,0.09940255570475634,0.7170540935342554,0.741169822733793,0.840739458169508,0.8253556010840267,0.8345036943398922,0.8294283784946854,0.8483090657608817,0.8463525413618709,0.8551208055289552,0.8415436371245246,0.8444989079255009,0.8615799711045166,0.17551376815199357,0.5730528105042447,0.914322736924539,1.0,0.9370468186345376,0.8855190304563558,0.8450976158563641,0.8519962975663145,0.8353517038367594,,0.6031358566984739,0.31524309018773106,0.45136047332660567,0.4748978310965303,0.4674025694494068,0.7396681458743033,0.6877125252027133,0.363736829178362,0.8487530363449124,0.6262110021180475,0.6163105829781335,0.8126470139408888,0.6887316598456242,0.8432477031596194,0.48971019756534323,-0.44462148270176116,-0.3362484843569652,-0.5234744797519579,-0.28355342334539396,-0.37346859821956835,0.036589467230148796,-0.22732896613852982,-0.2124598818076466,-0.3085334765304352,-0.1861176035659345,-0.3966378220176613,-0.8445815923303501,0.7926673579936319,-0.31632675946276656,0.41494870727632593,0.3774237924552581,0.2638452171427029,0.21398305430935635,0.4667655185192867,0.4401200381205453,,0.5076837002972275,0.6173148858272525,0.3954460397219516,0.4299707102763512,0.40082226299857265,0.6575487456186272,0.6889210337171785,0.6604578472095861,0.6406770910558872,0.6653901582321248,0.656433138559125,0.6485466453702782,0.6535068025593811,0.6452597669354007,0.6616473577040749,0.6564200773721729,0.6534991038550862
LPC Overall Standard Deviation 5,0.9278522828637771,0.14876264299111852,-0.15160099822543388,-0.11563366981969689,-0.004800237619656366,0.10327378349241256,0.03541006639452079,-0.05193356910062474,0.030581981673521424,-0.07238397115411092,0.09615711251912741,0.012638328556327183,0.003503918663327417,0.01149157384269497,-0.02324395129622705,-0.03356447748486437,-0.03655246237868662,0.03760030350225769,0.021628152144165323,-0.03567665530557684,-0.07170180375349683,0.3564631639969323,0.4827149304323348,0.3922676312245258,0.35798945369277785,0.6965986468893882,0.6998940666723089,-0.2391852746215718,0.5281930236763499,0.0717128950343867,0.7007836329099876,0.7423352673958054,0.8255508208434718,0.8475118829400563,0.8542056619780636,0.8609499660262177,0.8759192275755621,0.8841615607528301,0.8878020158613622,0.8860664049599414,0.8825646681708859,0.885065509129488,0.17299475017897303,0.626706916731367,0.8425722756015498,0.9370468186345376,1.0,0.9614158064780446,0.9351111032168471,0.9371826935920661,0.9262179694678587,,0.6331328049135764,0.3681147818138011,0.5252521160282815,0.5239256086813101,0.5158383280664448,0.8102716380054008,0.767942641996993,0.3772022588637818,0.8564613515149061,0.637247505153281,0.6324754535774763,0.8094261338520478,0.7745567626819716,0.8492405094060308,0.37459368507163393,-0.3066367201526894,-0.38511683161271354,-0.4696749303265683,-0.22807327654095527,-0.2929299560984023,-0.0035631059946492952,-0.23724987814290696,-0.2335449039708625,-0.3006887661743837,-0.24358131981930964,-0.4037635011166834,-0.8364562736099468,0.7016122122323751,-0.3306115575413776,0.5320749780050995,0.43145317861767835,0.35934269496977456,0.23704835637189473,0.5243264094486562,0.47974257022389727,,0.5544855781219561,0.7292698772995457,0.5439178551774954,0.5842818386727046,0.5536305492477954,0.6554290157624797,0.6906663697247445,0.6562622144652112,0.6358340635139791,0.6625732681369739,0.655858210225489,0.649089495366807,0.652877304409062,0.6457384599672902,0.6538971019097729,0.641563192718985,0.6493305249747722
LPC Overall Standard Deviation 6,0.9000626997050143,0.19351519818051213,-0.07475452517857331,-0.18666666834443582,-0.013959205630316638,0.10788811782921048,0.06435109556829498,-0.10048236047431905,0.08193724532686049,-0.08420143747038601,0.1123542620706648,-0.0018726427459912326,0.012991899979387456,0.0072939547797426195,0.010977649496888203,-0.037797293602020915,-0.07583009700940035,0.050033482939046116,0.022499129446262752,-0.06144081270187301,-0.07727618347554248,0.3888401290915954,0.5214378475223101,0.3501656100131782,0.32078875178428373,0.6431687261965235,0.6470320566439703,-0.23684090267841573,0.570056761402936,0.05215497815088551,0.6513162121696278,0.711889986445087,0.79102170728496,0.8292177241804772,0.8441518276754869,0.8441497416285256,0.8613717651318147,0.8697394838066055,0.8676060041240446,0.8731961437176596,0.8632292596488458,0.8553072930013442,0.16191923941285333,0.6261722502145917,0.7677763587851743,0.8855190304563558,0.9614158064780446,1.0,0.9702304235690452,0.9624423127251123,0.9476754956688657,,0.5963333003582053,0.39035884711996527,0.5397992284788029,0.5217778262194477,0.5127625123630543,0.8246782258132281,0.7906032275398481,0.34870198981117373,0.8138636465234788,0.5913793689501202,0.5898692939354092,0.7598694056914584,0.7953181910802102,0.8063836166277133,0.26511376483849636,-0.2627956926706615,-0.39389815444032905,-0.428853312403499,-0.20096107620216058,-0.25142044722360335,-0.009538923035293018,-0.2547383478300585,-0.20516359936386036,-0.2488913885022067,-0.22016091236153176,-0.3768350632167804,-0.7848053599830462,0.6231747708271613,-0.35898125146092696,0.554053423523127,0.44294430723641487,0.37960649302131755,0.22372652460286174,0.5357615980953132,0.45151027313110403,,0.5370802795606303,0.7564121249898812,0.5901740478312532,0.6261361245601025,0.597336522342995,0.5936296798744461,0.6339192749852528,0.6084637693746282,0.5922248215549072,0.6237722680993422,0.612066883913977,0.6051451201727636,0.6053262106526123,0.6008871882393819,0.6028032062830444,0.5759999047033814,0.5852644748102006
LPC Overall Standard Deviation 7,0.8884530588198938,0.1710853228251156,-0.007832845645886006,-0.24448268984968585,-0.025926806527320684,0.11476910001196668,0.08054279568409053,-0.09079903199098625,0.048362543492575676,-0.10063440915937569,0.12077149784423097,0.013184147404542393,-0.013622920584189895,0.02038462928340598,0.010895806723382884,-0.04466472961037323,-0.09546066445052791,0.06060712206481107,0.012535510979850464,-0.04935362669351338,-0.06567396505167905,0.37657290156341033,0.52439523199552,0.33844604907161785,0.27911294697182865,0.6341495731406492,0.6394906344705201,-0.25638367673044776,0.5646203547507294,0.013525827617219259,0.5954115916104964,0.6727321267798213,0.7538687544352991,0.7983093491707715,0.8210537131585706,0.8273857819174895,0.8370520718113545,0.8566141227976408,0.8602082313374259,0.8558254817066033,0.8485164887869422,0.8352644175243722,0.13159041154831982,0.5908823026429749,0.7199666607971967,0.8450976158563641,0.9351111032168471,0.9702304235690452,1.0,0.9741536405129941,0.9620792450684422,,0.6111780092570347,0.36691333684769556,0.5164539688757787,0.48201507363778195,0.47343184872767846,0.8473885244457248,0.8198256220199152,0.356378778270736,0.8057394700518817,0.5957926471609216,0.5972976970315095,0.737782828254073,0.8267326623425004,0.7983093598155468,0.20833778229099667,-0.241185585971945,-0.3956232951485472,-0.4056122618818123,-0.15408239281164213,-0.19128028809615097,0.02467940250330559,-0.2378151725038526,-0.23402392659187116,-0.257303400805389,-0.23638445210668924,-0.3770450762642177,-0.7697198800562275,0.5822085538722996,-0.400156511593216,0.5728751975830347,0.43280590574749733,0.3971497956253323,0.23779656927939602,0.5518729453396518,0.46072784874758194,,0.5666903064139059,0.7905758141310651,0.6328870595695595,0.6608600945315303,0.6299674453870988,0.5812012930174513,0.6200616451825415,0.5952247975890215,0.5769513185003248,0.6071147176179755,0.5899654573039919,0.5823364678469046,0.5814399893253365,0.5838769070840957,0.5945081264741205,0.5661919217609589,0.5748409452245351
LPC Overall Standard Deviation 8,0.8973087120777239,0.15005855951704164,-0.0030590725588294982,-0.24181503942000496,-0.03014994924902967,0.11395551968497716,0.08372764197514972,-0.10007307841876911,0.04162433238037162,-0.08634633253389562,0.11271870260462231,0.014947352201438452,-0.013402469051204432,0.03386081844816134,0.013541698149683742,-0.05088318027488132,-0.08615632170547095,0.09750269355728586,-0.0003768914979500982,-0.029994279564142814,-0.0581059788337494,0.36164994988231564,0.5129354121172399,0.3503451839476396,0.27316190661781864,0.6563344255003134,0.6614902928354021,-0.2599990591671611,0.5486097975884582,0.003246536333713839,0.5892721558186812,0.6669459662075224,0.7503892899973424,0.7927798003706777,0.8236716652246463,0.831302079956906,0.8454174217227197,0.8649887008936231,0.8700253653035508,0.8688510132661902,0.8538152254897867,0.8435749933269359,0.11765908794155584,0.579844451672467,0.7232340415585892,0.8519962975663145,0.9371826935920661,0.9624423127251123,0.9741536405129941,1.0,0.9745001158161917,,0.626925508847049,0.3513904157613445,0.5051900961105728,0.4777161992284431,0.4666723018925264,0.8557834771085263,0.8272639401773886,0.3655162437594198,0.8214947156804607,0.6143124076828496,0.6157085971227387,0.7513663306276236,0.8368888717408643,0.8144273565007346,0.22368450614599225,-0.23741138695126593,-0.38748488771504147,-0.41017176267891925,-0.14553212810703917,-0.1943462602139936,0.010525235096606897,-0.22531957153207818,-0.2584216866128359,-0.24831614666585908,-0.2245406631032073,-0.37882915920256705,-0.7858040729395753,0.5939659171176427,-0.3978006633519543,0.5694423050685461,0.443204863289129,0.39935835402205433,0.24556206618982693,0.5619175086693259,0.4614278591331686,,0.5813674042272076,0.8008175566099659,0.6429919158899148,0.672369375511555,0.6411518538569962,0.5910471925149012,0.6388792842371233,0.6101701818786972,0.5889258302029219,0.6144155867141755,0.6000248055290659,0.59841906556806,0.5961835326230338,0.594476514180101,0.600306683837424,0.5719730323376644,0.5820437727140799
LPC Overall Standard Deviation 9,0.9056388734404747,0.1260257764668938,0.05237372851319212,-0.23095114136650916,-0.020878666571953183,0.1158780712332605,0.08018578758653233,-0.0645722836106948,0.0075662797696571865,-0.08471862453623043,0.1137500776502495,-0.001852620747960918,-0.03204762450790678,0.04592267257928201,0.053226431123459345,-0.061845680030081916,-0.07638305487729515,0.08994149182228603,-0.00035666861375985325,-0.018422633448773137,-0.05732326099136579,0.36125258356539836,0.5232941672383131,0.3526746112569414,0.27423677952471787,0.6654763454575616,0.6722977726561673,-0.2690722953473896,0.5571967966980628,-0.0011060725935067483,0.5666854371862623,0.6428665266288838,0.7413012231398817,0.7706609222301978,0.8198434971611755,0.8181935148050082,0.833029355621563,0.8497557233992787,0.8627768579118271,0.8557005249355076,0.8465684644837974,0.8381322485197196,0.11501188876964649,0.5791554059568872,0.709574317390286,0.8353517038367594,0.9262179694678587,0.9476754956688657,0.9620792450684422,0.9745001158161917,1.0,,0.6590391003471022,0.3477445745759856,0.49833661627545967,0.4673817276519257,0.4531087590874283,0.8747342109066574,0.8495774028771638,0.387440288637399,0.8348069451227915,0.6404109713661494,0.6442507147320531,0.7557353011245582,0.8639914043296119,0.8279283048692647,0.22446705020861416,-0.2171006202866897,-0.3597000270269649,-0.389176624748823,-0.1188638450613181,-0.16278479195306786,0.001408381777371432,-0.20296569813881032,-0.26777697336171374,-0.26229390598335744,-0.26863546830788293,-0.3814537448011059,-0.794936855780301,0.5748328309193228,-0.397030398958206,0.5658467073300424,0.4305099302294831,0.42730447397184135,0.26822757252449564,0.5604544265427004,0.45599152138329024,,0.625769008785691,0.83263677080061,0.6846404050869119,0.7098237347934037,0.6789957405881397,0.6142649966294529,0.6550894066579048,0.6249890068257575,0.6071051780355449,0.6362254256491651,0.6215134485172014,0.6160050231588753,0.6102914177232291,0.6204504946629916,0.6326351948759746,0.6065660495332945,0.6141526239959745
LPC Overall Standard Deviation 10,,,,,,,,,,,,,,,,,,,,,,,,,,,,,,,,,,,,,,,,,,,,,,,,,,,,,,,,,,,,,,,,,,,,,,,,,,,,,,,,,,,,,,,,,,,,,,,,,,,,,,,,,
Method of Moments Overall Standard Deviation 1,0.7950161679027127,-0.29369077444277425,0.27036627087777426,0.018792270281284107,-0.16609253628248244,0.017215778996717387,-0.22475711043506102,0.06502199428950431,-0.019906774853658868,0.1442399913374494,0.057924701356780565,0.1057933420519569,-0.02146785162922738,0.03073428941964723,-0.022991646137288345,-0.0004093806809506388,0.006197500155972661,-0.08121187694799405,0.025737911684176787,0.05689635465741222,0.09520951311661242,0.12245742730113703,0.32427452574702653,0.6855816182661248,0.04388148800858592,0.8819514020519702,0.8973989830714514,-0.42443500200556733,0.30526547258800674,-0.21528620305475082,0.3497868237270634,0.39609817652466855,0.5216180522115399,0.4902617475303061,0.5135605838943325,0.5210770458598005,0.564544060729312,0.5675737229358336,0.5846565560582342,0.5750208906676667,0.5749621971001665,0.6057339255107453,-0.11768401285852126,0.4072166177574274,0.5417695480505145,0.6031358566984739,0.6331328049135764,0.5963333003582053,0.6111780092570347,0.626925508847049,0.6590391003471022,,1.0,0.10486315719641125,0.2996896806358449,0.30766416682608594,0.28183832210616744,0.7089310239137356,0.7028396613080374,0.7537173449403133,0.7910191741883834,0.8740793448594009,0.8847986657707012,0.6193258649475073,0.7577328219404589,0.8027768210252743,0.3584811172683925,-0.11136724170845737,-0.1567063926058534,-0.2749797797985565,-0.1219756155959889,-0.12335025227170134,-0.04346247050079212,-0.14721556855522908,-0.2916762015408413,-0.22524333751530018,-0.2325454199366156,-0.33180033972663747,-0.7679211287243983,0.4567895541497169,-0.23286666676987575,0.33467941697252185,0.3099952888878188,0.36557845985564197,0.27534801823082755,0.43421288413497056,0.41842929396488543,,0.8946636093812347,0.7720603162233451,0.7003407874475082,0.7008667792825976,0.690333902023042,0.6835711147819276,0.7302216677674781,0.7172190737476033,0.7332427900920697,0.7321776334124818,0.6948820464127837,0.7013361140479286,0.6896686770677777,0.7149933084282484,0.6998997996971368,0.7048876856149907,0.704938146020587
Method of Moments Overall Standard Deviation 2,0.32367230386712825,0.8168515693890935,0.21286649367825816,0.1751512783408236,0.036350298993556525,0.07839431854102243,-0.22809658747656975,0.07786693506040133,-0.02972139380233335,-0.03826489875098739,0.06201480378362576,-0.10652964492677669,0.1677550388919778,-0.08572247448706702,-0.09492095068736375,0.02052043614046951,0.005250488350512342,0.047540827682603974,-0.011996670904121464,-0.0015496351534750815,0.008861095407547264,0.9256791936506139,0.8707922390505686,0.05989456124003411,0.7151657975275713,0.06392995710347563,0.0697620717622571,0.49009844986071693,0.8639922526525404,0.6960856951464388,0.4975903186693191,0.44769191524368057,0.41632396437432234,0.36007868346233374,0.3653555090752367,0.3292706550453737,0.31231184239278886,0.30051905746058133,0.2736695409450896,0.2684112263862625,0.2768189812244094,0.2592959459953595,0.6930768867029349,0.6702154106116568,0.2227801442984336,0.31524309018773106,0.3681147818138011,0.39035884711996527,0.36691333684769556,0.3513904157613445,0.3477445745759856,,0.10486315719641125,1.0,0.8373475565881903,0.6425147428805563,0.6690212946280538,0.3412977832938571,0.3485957166098267,0.0362355799252211,0.08038379696465936,-0.008566947796827769,-0.0024439020610133614,0.41448789328542623,0.2566603803413385,0.08386428893299687,-0.20889979738017955,0.1553755454601589,-0.13174142941318398,0.01806984168785761,-0.04325431981161425,0.013356049934396442,-0.04507138000566135,-0.0725913674154196,0.051346304585405435,0.004239242620477656,-0.030565173714762247,-0.046971329746009254,-0.0441852691953723,-0.08410592106211681,-0.08837248406921341,0.20962342122459235,0.18262219823952372,0.12066990364299669,0.05337980434639601,0.1682561563016191,0.12056722298057469,,0.03357121422365112,0.30744222622053846,0.30036520409108364,0.24169180120059683,0.2922990277747761,0.0792467155164369,0.10477791648380659,0.12098881155326378,0.13374013532699489,0.15167200314848003,0.14333851466566164,0.1322889763260968,0.13595231462636262,0.1322353373696773,0.12564069674034878,0.1007989843723025,0.08609995340984383
Method of Moments Overall Standard Deviation 3,0.5404159337627727,0.6617084487776256,0.2100278386701724,0.3059985943723423,-0.10258956668927223,-0.12177596856810627,0.019601054834464355,0.01389988271854526,0.08757885616099223,-0.004013822067556364,-0.01625788610784533,0.025417106808242426,0.0752409145468817,-0.11593790352107691,-0.06834217486489325,0.006802510740027886,-0.19062038077181398,0.011824282624616751,-0.05844464855688004,-0.018761750238409702,-0.02384435043037188,0.6463702503640384,0.6889888275932653,0.2925765609415993,0.6691301250023435,0.30636500019431423,0.30824911723438564,0.2954872643210702,0.6567513273351031,0.5651261413068451,0.5917173574273025,0.6372811209879542,0.557995255302819,0.5127527926855957,0.5236905625998035,0.4977413195784697,0.5021354854537871,0.4876798729581409,0.44585530673461443,0.44521149131055726,0.4563558288292701,0.4533018881570164,0.6307103312939714,0.8816676178737376,0.37143202059419106,0.45136047332660567,0.5252521160282815,0.5397992284788029,0.5164539688757787,0.5051900961105728,0.49833661627545967,,0.2996896806358449,0.8373475565881903,1.0,0.9170924126540609,0.9349157214844499,0.4122708866503393,0.4022082971151053,0.2202476648004063,0.3166136060239431,0.19859750772761883,0.20191159327658872,0.5590039543787245,0.3679241795105462,0.32207298870839896,-0.020021425478687925,0.18521481090418665,-0.2062038992272595,-0.011023355337627992,-0.08554852519656843,-0.027076380389511674,-0.1088275808777151,-0.13000147150026692,-0.07720190261338972,-0.062066839841961645,-0.07083612404353153,-0.1823720142174677,-0.3028348709900388,0.07782949325836533,0.03365335250357635,0.340341780550186,0.287375558741667,0.1853834129740713,0.09096388840755082,0.2460998862612261,0.21129523157275745,,0.2001724441570866,0.4611907637904099,0.4827318116232475,0.5094974170229326,0.536739250073062,0.31543659933389906,0.34217856154451787,0.35195850833753606,0.370745907266619,0.38032579358363133,0.37868055193927147,0.3498728581434498,0.34920639947078747,0.34729179574711333,0.3372258912083022,0.3201889276950619,0.30538542582015565
Method of Moments Overall Standard Deviation 4,0.5578753737474667,0.5368010524596158,0.06576129398165086,0.42395179968874097,-0.17224195168894382,-0.2153282618830059,0.1379996100725641,-0.02083948861419889,0.11944080049886262,0.0012307801508741087,-0.08294741280525066,0.0556262739763414,0.02913584064299318,-0.0911748506498292,-0.034938401735730776,-0.010398240812696392,-0.20841136830575027,-0.034412175855813416,-0.07195549358787687,0.002154042039462636,-0.04870411296279049,0.4390047151100715,0.473442718523368,0.3539771038229972,0.6427898431848466,0.3717340018661729,0.3692701892784751,0.21400628086929924,0.447262506829762,0.5096094112140219,0.6265439772228314,0.6991242873781559,0.5934862560663317,0.5436598937853946,0.5472570355556761,0.5274715984475576,0.5360666849943638,0.5039142766811783,0.4634987872021757,0.4594857171989104,0.4739426450085484,0.4893724344340847,0.6049958233631979,0.8674785531479644,0.4285988542421743,0.4748978310965303,0.5239256086813101,0.5217778262194477,0.48201507363778195,0.4777161992284431,0.4673817276519257,,0.30766416682608594,0.6425147428805563,0.9170924126540609,1.0,0.9865347779015712,0.33630397340513113,0.31273647190365,0.24430997617611508,0.3715557447254971,0.23090887287598205,0.22809500178083608,0.5687199015680233,0.2995428695192708,0.3776430665992125,0.15492990583159216,0.1383442765021413,-0.22812381319860028,-0.028908468767691424,-0.13189773857124573,-0.09642704621107111,-0.16926903398545606,-0.12982937887332932,-0.12493921848330355,-0.10972264732534806,-0.05263374840827146,-0.2024698066595984,-0.382773484039339,0.19925325015675066,0.17875767972914822,0.3158615302148005,0.2774825123700769,0.12237865010839792,0.04735438836582754,0.18076753459814407,0.18714157275715157,,0.18173441667227025,0.3877726436813934,0.40872300488992375,0.494662255243911,0.5088566999843792,0.38983442832627546,0.4223739447971251,0.4258858627641863,0.44265652399192656,0.43509308102575955,0.43740525421054444,0.4040598807180975,0.3956212168407718,0.39303821697275243,0.3843974750020648,0.3808565444523866,0.37098526144258936
Method of Moments Overall Standard Deviation 5,0.5416579048894837,0.5549885422898093,0.06055819324980759,0.43672197884033964,-0.1602507202158276,-0.19408154813489817,0.12600494031580534,-0.03443887251864858,0.10350026209232917,8.320382335349606e-05,-0.07143127002469454,0.0683350299599683,0.03168375211369854,-0.1084120717830179,-0.0652409874213994,-0.00885724373037565,-0.2187521495077402,-0.013027568390281154,-0.09862215728603532,-0.018426977394459667,-0.05265232083481321,0.45533484693001575,0.474359839298723,0.346472131492931,0.6608941972649328,0.35123667163502453,0.34774637187367613,0.24505790478490758,0.45966869854403064,0.5340727861751499,0.6257981994348685,0.6860409033702639,0.5810365566298129,0.5355715592503318,0.5321476201986294,0.5137632393390978,0.5232335786254453,0.4912449621895358,0.45045383984099413,0.4444551766609335,0.45527521623984324,0.46930257514892393,0.5951782573216435,0.8676579114447025,0.4240745235813126,0.4674025694494068,0.5158383280664448,0.5127625123630543,0.47343184872767846,0.4666723018925264,0.4531087590874283,,0.28183832210616744,0.6690212946280538,0.9349157214844499,0.9865347779015712,1.0,0.31585381289197423,0.2891042623979752,0.23211710361640192,0.3531028839669062,0.21285065415096888,0.209271963081368,0.5723473107904976,0.2752355350045201,0.35902518264399536,0.14201470154600776,0.14687436947712784,-0.1999736339789045,-0.02445432130334414,-0.11654744878766242,-0.08936242380739111,-0.15963092115767005,-0.14228507386764294,-0.1255189089072322,-0.1032862755391979,-0.03616858565784895,-0.19169917809728906,-0.3657040080700939,0.19740506844502778,0.16005081197237359,0.3009078518247764,0.2667060888976074,0.11075495327204675,0.03493600116639519,0.17930646758022944,0.1887976163600642,,0.16087900044084566,0.3647578787861249,0.3805581636467768,0.46949449733342763,0.47971374188068083,0.3772194610987898,0.41167403425381965,0.4181641550425011,0.43251764932131326,0.42390019495984077,0.42686492282818933,0.3907039908951212,0.3866485921576832,0.38165846930131664,0.3703966976121557,0.36245867911912616,0.3520994008091687
Spectral Centroid Overall Average,0.8553086624153903,0.0733978138891257,0.20329293699015466,-0.3696404964681724,-0.030087809005749602,0.10417357034230929,-0.08689902374521795,0.007591874733395752,-0.03921799287967475,-0.06317197092046839,-0.08870962574223068,-0.14814477795526423,-0.023745060823161634,0.055891386774382115,0.032451835998397016,0.033457863432191946,0.028265889598180577,-0.028056773300212334,-0.006477189109032046,0.0403020531555221,-0.009883950143947592,0.44221883924658545,0.6169509556156675,0.3153815085278311,0.17242031776584604,0.6434852881135043,0.6555852111635494,-0.3371027766376526,0.6207010514684738,-0.07917325074513289,0.4411264277482036,0.5461331248389583,0.629336086586646,0.6553846296562582,0.717984307718403,0.7189227321859673,0.7512953069467199,0.7786646882179978,0.7932446499659558,0.7778875254745752,0.7733727583971813,0.7583022493615722,0.03968369296458089,0.47311232282757876,0.5961435764648884,0.7396681458743033,0.8102716380054008,0.8246782258132281,0.8473885244457248,0.8557834771085263,0.8747342109066574,,0.7089310239137356,0.3412977832938571,0.4122708866503393,0.33630397340513113,0.31585381289197423,1.0,0.9828020989528323,0.4200989562295226,0.8087837494433923,0.651156126633993,0.6659778330082072,0.7037693773993421,0.9797039513021408,0.808370601211218,0.131342496563145,-0.3016775726472219,-0.43385200010380603,-0.4272207365464852,-0.10865257005500523,-0.04061122251088775,0.019473332219644826,-0.21077314988608345,-0.2548232550846256,-0.23788120819350117,-0.27216150064998335,-0.36264349412715535,-0.7470789841690164,0.47545297141287957,-0.36158594358112617,0.489074883607481,0.3631955044747158,0.3916132514554432,0.3428446425048097,0.6117232879006315,0.47975184748004307,,0.7130068011411408,0.9378550622737685,0.7932670938460801,0.7492284663254343,0.7464787063444429,0.5405834018462636,0.5734563396297911,0.5499508268319473,0.551957256947799,0.5812462294090711,0.5476918521150057,0.561191836133479,0.5585775748992978,0.5858186603719225,0.5899714863899685,0.5707132127247185,0.5604340108854279
Spectral Rolloff Point Overall Average,0.8098441695473149,0.08769070952390451,0.28754654749706726,-0.37463200384859385,-0.013280591933605956,0.15783850043559616,-0.11321215518910055,-0.020527969345501898,-0.0331978002127771,-0.07749124486679473,-0.07555014144194534,-0.1198176675135762,-0.05418511514025341,0.039769545459024426,0.03469158157499468,0.008885634257817878,0.023810719026472308,-0.06914864156075937,0.011995707555728527,0.024188648062640813,-0.01080295766290852,0.45747450927336064,0.6550820358174835,0.2910257772314873,0.15355423898351364,0.5904780552725032,0.6055799176367404,-0.31899382721756625,0.642059574580431,-0.07708980759125764,0.40357198758411955,0.48838158831336936,0.5780087964299182,0.5965189937690145,0.6665981659671422,0.6605036033401461,0.6935109086379497,0.7195464616021792,0.7350256366567427,0.722456532821997,0.7149666590698817,0.6925352548245236,0.05258995935303985,0.4509266589621666,0.5248662097109085,0.6877125252027133,0.767942641996993,0.7906032275398481,0.8198256220199152,0.8272639401773886,0.8495774028771638,,0.7028396613080374,0.3485957166098267,0.4022082971151053,0.31273647190365,0.2891042623979752,0.9828020989528323,1.0,0.41414856542935535,0.7537924219826564,0.6080210963619213,0.6271229312900942,0.6505687574057271,0.9778055623632813,0.7549997980150498,0.057538756108794525,-0.22829009764137975,-0.3728205188717267,-0.3640998057428383,-0.06781659398330891,0.010089048946822419,0.03545995471805904,-0.2169129407855342,-0.2267065622316492,-0.17167755453154973,-0.2537731009538692,-0.3282762824226047,-0.6857517398952413,0.38899248372681244,-0.42801037020885097,0.46267818735998073,0.31689343948186316,0.36939280463580376,0.3260443539383101,0.6007387472471334,0.459147580820074,,0.7066854248879973,0.9350525117299552,0.8084403254879224,0.7398382656637897,0.7447592888755699,0.49706034853981795,0.5374830797733443,0.5344446975019692,0.5366643603060187,0.5669255373610346,0.5227648203009205,0.541167446802592,0.5341765563297182,0.5585999285897582,0.5618805941432344,0.5292659173316785,0.5213429614965376
Spectral Flux Overall Average,0.5363714197843047,-0.3180594897705972,0.24930985665382654,0.1693190977114805,-0.4297775164238428,0.02176474286689642,-0.2812569776215913,0.11471564730751564,0.008944039971864961,0.28162831658224485,0.06482307225186577,0.1313095666230928,0.012472563613419616,0.10840243154918117,-0.12603895497733514,0.0010450156443663984,-0.027399231014177374,-0.09224567759661466,0.02463545414563581,-0.1056469596025172,-0.08801050908419945,0.013417106039310359,0.14834040117972222,0.8744811657435323,0.008964877145044148,0.7100524808343663,0.7001195497347715,-0.3125692280742701,0.13012787794617173,-0.18666420060138822,0.19746291700859228,0.25376096207838883,0.30283215075247527,0.27080187925648963,0.29268256020119493,0.3105381290905116,0.34091696383940123,0.3466426976405957,0.35801726112576177,0.33158062141033223,0.34179755087276986,0.3655468029815623,-0.13720685569447585,0.26804212930434124,0.33580439806891604,0.363736829178362,0.3772022588637818,0.34870198981117373,0.356378778270736,0.3655162437594198,0.387440288637399,,0.7537173449403133,0.0362355799252211,0.2202476648004063,0.24430997617611508,0.23211710361640192,0.4200989562295226,0.41414856542935535,1.0,0.520267654296957,0.8181510948325539,0.8241950737415991,0.40823072927059767,0.4641934617943916,0.546287739261139,0.2978254742661257,-0.039655194476111204,-0.09443436284350522,-0.07528697778906161,-0.04667493661924036,-0.04936245469773194,-0.029811027417063447,-0.062010583016615765,-0.22950902442203414,-0.1589885923114367,-0.09870674490460579,-0.19002410212749943,-0.5227309466803122,0.3026180597314621,-0.020520002950476183,0.1466989898027674,0.14562174515344853,0.13266679516796046,0.038589709614039854,0.17924743974159074,0.16814214277345724,,0.8011998362606247,0.4904769124502331,0.468198926203933,0.48622727072647703,0.48501231944846807,0.5003002811113646,0.532690016452497,0.534154386495255,0.5566868268321152,0.5289536277544022,0.4963149409403748,0.48556554209313096,0.4909008497755762,0.51287070152716,0.48664359945504193,0.5054046786864093,0.5043327248410973
Compactness Overall Average,0.9518115188864522,-0.26248809312783494,-0.0561881401845426,-0.015187357626224723,0.035072573635428324,0.033758326185066176,0.03348205276187221,-0.01699641111781248,-0.012409162661728987,-0.04569157386764277,-0.03755625067568339,-0.059356856456898775,0.006563120641772799,0.02191383246906604,-0.0025138990809208334,0.0048868089198136,-0.0020968051285603657,0.018261281969812842,-0.006777465355472984,0.015837462527254847,-0.009315283855733188,0.09907947658994394,0.2598736905051234,0.5020434338813771,0.11407735993014573,0.8324481955340984,0.8352418558271737,-0.4931370387902358,0.2891461405071332,-0.21546576650788632,0.54135373724605,0.593348985733286,0.7079897772932926,0.7095730497322325,0.7600936855629072,0.756968952593585,0.7993732496842888,0.7943612683288361,0.8112972496277489,0.799541255736546,0.8176258600561555,0.8443590543532543,-0.11873635215269406,0.4734842911251427,0.8132679244566857,0.8487530363449124,0.8564613515149061,0.8138636465234788,0.8057394700518817,0.8214947156804607,0.8348069451227915,,0.7910191741883834,0.08038379696465936,0.3166136060239431,0.3715557447254971,0.3531028839669062,0.8087837494433923,0.7537924219826564,0.520267654296957,1.0,0.8266887225482128,0.8234853449509154,0.8275570807355502,0.8113189146451227,0.9981792646286413,0.6055477435423375,-0.3123037683368329,-0.27642999096632104,-0.5161342881801527,-0.1992663542719354,-0.2768423412664067,-0.09030591884453991,-0.2238649563314546,-0.3506684520531991,-0.30368792071705986,-0.29279455942764543,-0.49000945769554494,-0.9930518424955718,0.7995480615813622,-0.19724319069180227,0.45711624372227255,0.3577169173767919,0.41620109614413375,0.3460499084672262,0.5208513810583845,0.4762357935690282,,0.7458318276816339,0.7838597832890131,0.615532935647749,0.6808229836282653,0.6388421475679998,0.8329524597224255,0.8480665414744446,0.8137909191136355,0.8116440246075158,0.8274525419436495,0.8247748830506174,0.819576259805732,0.8134080403039832,0.8223023591008042,0.8297907048360705,0.8409891749493787,0.8382138432702405
Spectral Variability Overall Average,0.7846073735280816,-0.41001029744241996,0.10345765747554585,0.04707323609501374,-0.23506652747782866,0.04523396199230288,-0.17736696970767019,0.12109375408895885,-0.010112896875937593,0.19091876358435309,0.05588768024908264,0.01837917250905526,-0.013258565644719836,0.12318158130887515,-0.05851611547734829,-0.018658155695694772,0.0195170917749611,0.0799555793129103,0.034219302001072045,-0.0005385169903291656,-0.06213010988478952,0.008089019822887032,0.16430168819172714,0.7284430957206802,0.006440768425484862,0.8918702004913389,0.8883625318951501,-0.46272395716199755,0.1758260503465951,-0.2799549366802807,0.3184939210227368,0.37522377564989445,0.5051969957342854,0.4774664823519653,0.5311526271198171,0.547853724868613,0.5853062547868254,0.5868861169298665,0.6135111742423062,0.6053293176334434,0.6203967246343016,0.64858569302664,-0.20972720852287843,0.31431042388799446,0.603598022115449,0.6262110021180475,0.637247505153281,0.5913793689501202,0.5957926471609216,0.6143124076828496,0.6404109713661494,,0.8740793448594009,-0.008566947796827769,0.19859750772761883,0.23090887287598205,0.21285065415096888,0.651156126633993,0.6080210963619213,0.8181510948325539,0.8266887225482128,1.0,0.9986966972702479,0.6312114613730404,0.6797160600730231,0.8385525833436187,0.519068629009904,-0.20304860543279032,-0.17853434974573448,-0.32328631175750255,-0.13843243871117672,-0.18313564257660284,-0.05914720316946756,-0.09951665151789806,-0.3025481742405597,-0.27342777032610677,-0.2315901214073845,-0.38401860919331576,-0.819661012387472,0.6130318474791944,-0.11244091573970477,0.2964915247119827,0.2475474544337975,0.32672693993523705,0.1976785998044138,0.35744384682042907,0.34940512666091034,,0.9216308291683027,0.6720667214174353,0.5642942189356788,0.6117162200215823,0.5820880522948642,0.7133412362702558,0.7263536358507922,0.6851793745381616,0.701798911573202,0.7062856451830865,0.6939648215723501,0.693365246096225,0.6961269140746026,0.7179406338170853,0.6996751754791243,0.725251306718337,0.7272841521701146
Root Mean Square Overall Average,0.7845877365839656,-0.40563478639049055,0.14098239314863326,0.03583154392794842,-0.23093098756969482,0.04494468873697376,-0.1836016226720775,0.1185634383329484,-0.011298978735118185,0.18722710521014624,0.04819149530900875,0.0220753537300491,-0.02309327365280269,0.13222828787326546,-0.04626995741282357,-0.011368131484668273,0.02334314098532618,0.07459814338571406,0.037820258974208217,-0.002567131692301386,-0.059499170823664405,0.017583862700639958,0.18199818447436286,0.7217566727980953,0.005080056184011647,0.8831915424276215,0.8809952758439846,-0.4614816894235356,0.18880336456580027,-0.2791440916631638,0.3063010605492946,0.36669787916166624,0.49782784107121053,0.46905097998444806,0.5239239500308877,0.5402665119841547,0.5785039973640849,0.5818872458220823,0.6076206066853275,0.5981698171106681,0.6120135924472823,0.6388125115317503,-0.20589850466286336,0.31574121476692973,0.5860122778489778,0.6163105829781335,0.6324754535774763,0.5898692939354092,0.5972976970315095,0.6157085971227387,0.6442507147320531,,0.8847986657707012,-0.0024439020610133614,0.20191159327658872,0.22809500178083608,0.209271963081368,0.6659778330082072,0.6271229312900942,0.8241950737415991,0.8234853449509154,0.9986966972702479,1.0,0.6271606385095232,0.6996435523082295,0.835937956420162,0.4952694676809337,-0.18660921554893803,-0.17717975200580227,-0.3141025611687233,-0.1283680287973599,-0.1649501901394284,-0.05617962977942578,-0.10261457023144926,-0.3033470869339587,-0.26275697596122943,-0.23171932343173568,-0.3798776118258888,-0.8129590845590475,0.5854633770247564,-0.12255793540075667,0.2997496467968097,0.25108505252017427,0.33537405007712084,0.2058218659112464,0.368097079189498,0.3527145959862337,,0.9397718625905421,0.6950523696233019,0.5947261234160556,0.633698807172007,0.6068040010048342,0.7092386128151044,0.7242417711386557,0.6842364042219011,0.7029112521777834,0.7086298509776633,0.6942690893215829,0.6953381529656875,0.6972531955880863,0.7207368858073776,0.7004630055768892,0.7233391496479431,0.7245658889903258
Fraction Of Low Energy Windows Overall Average,0.8778122764157641,0.10660306072163636,-0.07746012790355473,0.19821311425101032,0.0738433325989857,0.044651072895527395,-0.02288149844026171,0.03535353190912422,-0.1028551224256841,-0.04395371156008359,-0.07487121748872548,-0.0831705991290195,0.0040181571658645205,0.09205977006995765,-0.043611028376949836,-0.0325099420608392,0.042113591027209824,0.12365690146266359,-0.140856890642775,-0.09095536858298485,0.1198571890196344,0.36670428096377516,0.4432879385875981,0.42278254021421297,0.4716624905211013,0.6802203680998635,0.6808732454496935,-0.032227929371791544,0.452552078154904,0.19729572235870366,0.6702155561312179,0.664644962772156,0.7453659186952002,0.736017341704956,0.7740635037912522,0.7478638257225967,0.7589724925745017,0.7519696126306005,0.7486304560258394,0.7215680615552306,0.739529524942882,0.775197208384396,0.24174334126902575,0.6422092709700633,0.7794770152766567,0.8126470139408888,0.8094261338520478,0.7598694056914584,0.737782828254073,0.7513663306276236,0.7557353011245582,,0.6193258649475073,0.41448789328542623,0.5590039543787245,0.5687199015680233,0.5723473107904976,0.7037693773993421,0.6505687574057271,0.40823072927059767,0.8275570807355502,0.6312114613730404,0.6271606385095232,1.0,0.6654785497297375,0.8287885293781031,0.5077411130504201,-0.23068171745496496,-0.23524824577674214,-0.4177969609332133,-0.1814881781431464,-0.24458209168064268,-0.12562077168614574,-0.2007746115101061,-0.29414921837443303,-0.25305412754197243,-0.24017045685473606,-0.4168322574061409,-0.8269687947346114,0.6714142464451202,-0.09808508970883265,0.4024890586902465,0.3191343236692745,0.31971879044352686,0.29378835511434565,0.4333063991714486,0.3971690640748821,,0.5553973484783067,0.6614750622917033,0.5152260633814085,0.570881867005291,0.545167043455064,0.7425698625060457,0.7574888403393427,0.7334716445702119,0.734325306005054,0.7398409416980167,0.7373328826769987,0.730517523262714,0.7323493323869527,0.7376587326971459,0.7418444304389108,0.7574669843926427,0.7494204893544054
Zero Crossings Overall Average,0.844458566973531,-0.014982961857124173,0.30923997603575026,-0.35875747848123274,-0.02236759490730976,0.09273856594847973,-0.057452744055230126,-0.013804257884614634,-0.017516628392528384,-0.056888334347305405,-0.0851370347908239,-0.08777665503534687,-0.07304653398146682,0.06858552080000245,0.07489562834590185,0.015994827021853297,0.01678123559027178,-0.036646711141494516,0.0017320335990878468,0.025022173961054467,0.002250810844472203,0.3498558817156703,0.5634672617725501,0.3343330023774095,0.09982994574562384,0.6473796097083807,0.6615617726670365,-0.3818241860298568,0.5622677528862347,-0.15188094630195031,0.37377353289879217,0.48324817151783356,0.5827165447861279,0.603461250363222,0.6693217799185922,0.6719864361389352,0.7108814173832154,0.7365294999260902,0.7489350849093914,0.736300486481496,0.730075515581649,0.7161334629220543,-0.020191900880529412,0.45224660134885003,0.5362140871597129,0.6887316598456242,0.7745567626819716,0.7953181910802102,0.8267326623425004,0.8368888717408643,0.8639914043296119,,0.7577328219404589,0.2566603803413385,0.3679241795105462,0.2995428695192708,0.2752355350045201,0.9797039513021408,0.9778055623632813,0.4641934617943916,0.8113189146451227,0.6797160600730231,0.6996435523082295,0.6654785497297375,1.0,0.812731488446012,0.11200697871313593,-0.21216913488935077,-0.37686193527975426,-0.3796103665984704,-0.06435722713923987,0.0019598004333576512,0.012337423415952025,-0.20905555485330737,-0.25905226525915015,-0.19598610036608638,-0.2722130277955018,-0.3635834735415522,-0.7484616727081885,0.41031487639507824,-0.3858719601511089,0.48808083087614895,0.35051049732009143,0.4202829701628931,0.35956468378717116,0.619987998004871,0.47942022074647034,,0.7804883367704144,0.9732573885881164,0.864466812902834,0.8174497723606998,0.8121819163500584,0.5610217122057399,0.5983279083359738,0.5788902839276704,0.5864401048116191,0.616459490385357,0.5806765273843092,0.596010136843966,0.5906613268742502,0.6223811115289791,0.6192671820454001,0.5914095985031371,0.5811902776899699
MFCC Overall Average 1,0.9513180631085346,-0.26959676440865066,-0.03846349253529757,0.0016317999490693662,0.01654532791392872,0.03689257506284359,0.020575649754367764,-0.00897484392344607,-0.004464825251890092,-0.05009034083221519,-0.05006752177169446,-0.05687026793868103,0.00893615290500253,0.027267253019377304,-0.011059155307328358,0.004105669913821017,0.007270657560249563,0.01092274726043113,-0.01594157512838959,0.010518147831772727,-0.019660005764428702,0.10143454689015843,0.26275130379331757,0.5199658148232352,0.11277308520757333,0.8386199871061695,0.841039145523445,-0.4940201686977655,0.289965893781058,-0.21605310956016227,0.5344175074088316,0.5903529624709111,0.7014450214798812,0.698743612586074,0.7503585931627917,0.7480573670167797,0.7900079345296408,0.7851781695514767,0.8009186375249115,0.7881318397837777,0.8063794627486803,0.8339498328095848,-0.12006260355588406,0.47503028643667294,0.805463421790328,0.8432477031596194,0.8492405094060308,0.8063836166277133,0.7983093598155468,0.8144273565007346,0.8279283048692647,,0.8027768210252743,0.08386428893299687,0.32207298870839896,0.3776430665992125,0.35902518264399536,0.808370601211218,0.7549997980150498,0.546287739261139,0.9981792646286413,0.8385525833436187,0.835937956420162,0.8287885293781031,0.812731488446012,1.0,0.6091530785087041,-0.30142915980950774,-0.27792486679127015,-0.5032945498316271,-0.19410948803012082,-0.26666327436980314,-0.09032594933129948,-0.2161143579127708,-0.3450879348158506,-0.2954299964066894,-0.28234571654122176,-0.48844480432065907,-0.9938590689554585,0.7946991690383705,-0.18560630159464248,0.45284563335267425,0.35001082759283575,0.3961728075524865,0.33463482977630343,0.5127167451182058,0.46943295771033827,,0.7609047335837993,0.7876156285626913,0.6235089026931095,0.6891240205266554,0.648665489855526,0.8384178597511974,0.8547693243977226,0.8197802210204467,0.8202677202036159,0.83555895884868,0.8299213729758684,0.8244357909116508,0.8196651247173009,0.8317512416411358,0.8389851269009693,0.8498826018037243,0.8450774310668924
MFCC Overall Average 2,0.4602883176805328,-0.4706960560107668,-0.40670345397392643,0.48874375443973966,0.059624852922931675,0.026641788068743157,0.0779111075386465,0.069029915269532,-0.04856442229770729,-0.014832165023397802,-0.06293701155524377,-0.20034579880351003,0.08422167925267958,-0.019353078485912938,-0.04181995148932463,0.05688105238380883,0.08194172570229068,0.1250475785247964,0.11062326906179998,-0.02799021455065783,-0.09754606052773887,-0.2401390501404837,-0.23823725456715802,0.3834910037572777,0.04652782328623214,0.5164062170318251,0.505481757138846,-0.3255150881311777,-0.21809231341536664,-0.17239508204223788,0.3641222572437233,0.2795363605192423,0.35834603810822574,0.29901431251718463,0.33063708339505676,0.3133131627666434,0.34883884683728555,0.3086357480072541,0.3252618335931351,0.31827069794029567,0.3518664857534499,0.4115122703100605,-0.1899607552076036,0.14593984212387506,0.6344421691486407,0.48971019756534323,0.37459368507163393,0.26511376483849636,0.20833778229099667,0.22368450614599225,0.22446705020861416,,0.3584811172683925,-0.20889979738017955,-0.020021425478687925,0.15492990583159216,0.14201470154600776,0.131342496563145,0.057538756108794525,0.2978254742661257,0.6055477435423375,0.519068629009904,0.4952694676809337,0.5077411130504201,0.11200697871313593,0.6091530785087041,1.0,-0.2240934087949118,0.09184287601926937,-0.2817700462736968,-0.19123308353010604,-0.3929801353011081,-0.16954993577117372,-0.06900757693232012,-0.2607404702874402,-0.19677346103971685,-0.17322239211739868,-0.34369419265390055,-0.6688053459010752,0.7449414395865159,0.3366340768744245,0.009636358048686748,0.01939517645184658,0.08674480473610022,0.08340043565603394,-0.0016438956085991353,0.06368353782280835,,0.2986364407254347,0.06960881624750617,-0.04934050859061968,0.06700534000614887,0.03412071311772504,0.6624368176933897,0.6293607246207884,0.5707818478958393,0.5764119290619454,0.5814371902720357,0.6155755835713297,0.60252930753168,0.5983736779395622,0.5896981369572143,0.5957765118097846,0.6531146189225046,0.6681645808396721
MFCC Overall Average 3,-0.24533199777932857,0.10527180166863322,0.6636635026133633,0.3831266636006834,0.09020107588332678,-0.1258268641234979,0.25048005917256555,-0.09682209190377868,0.10593769245435383,-0.03598294519427695,0.2925544703881556,0.10679130106690438,-0.026050005071626085,-0.07548906353238051,-0.058978958448538656,-0.08690482412427504,0.1321145756636427,0.10733815746244758,0.1392224911313243,-0.022731920612432364,-0.07123654645016383,0.04752262660428067,0.08012966477074747,-0.04598820965627658,0.03212240430869985,-0.2444356484625483,-0.24111666966299117,0.17471865806539286,0.02635768243134625,0.13780068676114376,-0.18293517207496993,-0.2723133752013113,-0.3169047361393823,-0.3824958364539216,-0.34111799633342077,-0.38503951459034697,-0.35361746385156023,-0.39167377719660756,-0.4073506432460004,-0.3962225397825057,-0.3759798376664791,-0.3963849770189628,0.13575665960550712,0.10625070626225679,-0.5099979447768623,-0.44462148270176116,-0.3066367201526894,-0.2627956926706615,-0.241185585971945,-0.23741138695126593,-0.2171006202866897,,-0.11136724170845737,0.1553755454601589,0.18521481090418665,0.1383442765021413,0.14687436947712784,-0.3016775726472219,-0.22829009764137975,-0.039655194476111204,-0.3123037683368329,-0.20304860543279032,-0.18660921554893803,-0.23068171745496496,-0.21216913488935077,-0.30142915980950774,-0.2240934087949118,1.0,0.443203776968321,0.5552829372437418,0.3607179946023146,0.3198659598184245,-0.20215381182704056,0.007164714717220889,0.028768468660686074,0.3473183651955442,0.009485986315208122,0.05344477768229398,0.3169529459887482,-0.5687210768227291,0.14053836532114505,0.13144749119080476,-0.01188318310496217,0.0806002366737803,-0.062080268425827284,-0.16460160316831418,-0.17323438823324935,,-0.05824735960231823,-0.06707087857978089,0.17259697740657712,0.17475783017151614,0.19707081770348336,-0.09757004175869032,-0.09731985670522417,-0.06498781450980073,-0.01051520035647212,-0.008293249045518215,-0.012225829161158061,-0.038856643421324256,-0.03684213034144193,-0.022546765083912228,-0.061099322512848664,-0.0969357234375195,-0.09098125286822001
MFCC Overall Average 4,-0.3383011369459361,-0.20140698139858276,0.20330542915839142,0.4851883505372277,0.2633097928393627,0.4155751417686862,0.018051673707172543,-0.15961001044857517,-0.13128412439354448,0.20104498278100452,0.2467762214809,0.022039157964588583,-0.1974841203908862,-0.2224990086588872,0.1467411339925109,0.005089720310629419,-0.03792731862853565,0.09282718097359946,0.033310626517476696,0.06783204611318425,-0.002806815864043419,-0.1476655071711121,-0.22087487209721327,-0.0768542989695457,-0.047910090138198747,-0.24704505164151425,-0.24349000209290952,0.1233114459876966,-0.2148662789327351,0.036951782708118275,-0.1986533530843164,-0.4475608209759848,-0.34529638546114894,-0.40694973797857004,-0.3658100836865494,-0.40640311458965706,-0.4021861139333848,-0.4387582133211693,-0.40662615901727983,-0.4326302724728654,-0.43258414383476373,-0.4045204865094782,-0.054999108619588004,-0.22510111480867506,-0.2199665108543617,-0.3362484843569652,-0.38511683161271354,-0.39389815444032905,-0.3956232951485472,-0.38748488771504147,-0.3597000270269649,,-0.1567063926058534,-0.13174142941318398,-0.2062038992272595,-0.22812381319860028,-0.1999736339789045,-0.43385200010380603,-0.3728205188717267,-0.09443436284350522,-0.27642999096632104,-0.17853434974573448,-0.17717975200580227,-0.23524824577674214,-0.37686193527975426,-0.27792486679127015,0.09184287601926937,0.443203776968321,1.0,0.4677812690892891,0.38249594746244203,0.08794536753595551,-0.09836101729314667,-0.05259392623402632,0.05920151187988204,0.3187972874326471,0.06199398891157105,0.06789737953640956,0.2612440032609643,-0.23362231818319115,-0.061630821684047335,-0.49503114652138325,-0.34368147479255423,-0.019083459189764562,-0.1110523257770217,-0.3460670762976343,-0.3372042185263439,,-0.13772803013372897,-0.35188014167754395,-0.2694506421559579,-0.29333314395993765,-0.2892999398606376,-0.1281104140424233,-0.11391802686387385,-0.03754483283770622,0.03789870198391246,0.04242966065931976,0.03952089997008372,0.037367799076460435,0.0024179223680959156,0.0017860623371286593,-0.0576696457741,-0.09404939099919664,-0.10088245727591746
MFCC Overall Average 5,-0.4793821794138411,0.10161165023955548,0.3986263321058095,0.33130763431942956,-0.4106393190284031,0.2490785758269354,0.2108221949017245,-0.06417538714571797,0.024051486048581452,-0.09399613851715545,0.1690602971996574,-0.017891063408438334,-0.14674232903029277,-0.1383696198628361,0.05772960805212676,-0.05576902073336564,0.08551366797185458,0.04411636958560953,0.0365579260082504,0.09794481298547986,0.08610483052459061,-0.02137361114021874,-0.09253320996856773,-0.0617522853700086,-0.07340386343553561,-0.3362405915449999,-0.33659475429306907,0.24889075685086304,-0.11918858090173506,0.09325363068228328,-0.3029466723736053,-0.3178431980538801,-0.42379576457798557,-0.46383851007269633,-0.4461213446957377,-0.4270472466197842,-0.44349606304180167,-0.46168027800877726,-0.46922198456933584,-0.4827582046962188,-0.5092126592019652,-0.5274752985669756,0.04580463146508001,-0.1199299453950241,-0.5629127458255924,-0.5234744797519579,-0.4696749303265683,-0.428853312403499,-0.4056122618818123,-0.41017176267891925,-0.389176624748823,,-0.2749797797985565,0.01806984168785761,-0.011023355337627992,-0.028908468767691424,-0.02445432130334414,-0.4272207365464852,-0.3640998057428383,-0.07528697778906161,-0.5161342881801527,-0.32328631175750255,-0.3141025611687233,-0.4177969609332133,-0.3796103665984704,-0.5032945498316271,-0.2817700462736968,0.5552829372437418,0.4677812690892891,1.0,0.4881345744416089,0.383188235313746,0.06313861868097218,0.17045363670504726,0.08167093821201404,0.24969861199603494,0.2050756251309575,0.2224797738874724,0.5122040268866926,-0.5617170542839789,0.23679412693140145,-0.20548825189544054,-0.3622493574436102,-0.4250632340585782,-0.5116371799103087,-0.559621232972361,-0.4916342471228466,,-0.23562286133914598,-0.32556848954684475,-0.13539607905410725,-0.15147316971920186,-0.11865916592312545,-0.35310870789445997,-0.2999292191582776,-0.2978639547918528,-0.23107131794280086,-0.24155303242689014,-0.28335446654394575,-0.3221718559689543,-0.36969491156666506,-0.32635375509276515,-0.35153730847082953,-0.37803777903491753,-0.3550306655653268
MFCC Overall Average 6,-0.21610926570980854,-0.01267939811184927,0.4253767919197907,0.03732985798222461,-0.07615388979962824,0.45854857115058023,0.5351340650207198,0.02139606796997791,-0.32922983178883986,0.18260770740885152,0.036841382734837474,0.004521754095805737,0.13525645686726387,0.009337104305085655,-0.014378818617968412,0.007948214668517592,0.0730891899648721,-0.05081846798784897,-0.1960214509979729,0.047021533518189,-0.07393793737218338,-0.011233978816288952,-0.029738843823583574,-0.10215855832319966,-0.1169226941120911,-0.18524798717020852,-0.18295940414714362,0.07467816977220092,-0.029204000630464293,-0.035765317590874486,-0.17659993745997848,-0.27370450843180494,-0.272249476141085,-0.2739989258263699,-0.20018724007008543,-0.15380613325225223,-0.17592315212560608,-0.18940670401583562,-0.16857561538439322,-0.1486487953093677,-0.18788648248489484,-0.2465358160240372,-0.05778120427485442,-0.13471701156503557,-0.3030683620110115,-0.28355342334539396,-0.22807327654095527,-0.20096107620216058,-0.15408239281164213,-0.14553212810703917,-0.1188638450613181,,-0.1219756155959889,-0.04325431981161425,-0.08554852519656843,-0.13189773857124573,-0.11654744878766242,-0.10865257005500523,-0.06781659398330891,-0.04667493661924036,-0.1992663542719354,-0.13843243871117672,-0.1283680287973599,-0.1814881781431464,-0.06435722713923987,-0.19410948803012082,-0.19123308353010604,0.3607179946023146,0.38249594746244203,0.4881345744416089,1.0,0.692933821384603,0.16055007874231594,0.09106816207749419,-0.017003536905023597,0.24019779069823372,0.0019905107304207695,0.07433744794688925,0.21067239153972975,-0.2727879058573474,-0.051872345092638834,-0.056070002080935474,-0.20059098647737306,0.048305915349688776,0.05177669821079188,-0.24996847765736452,-0.4453423293391264,,-0.04733895468958142,-0.057242173923246924,0.0209430495228257,-0.010151903214435922,-0.00893670603500048,-0.15512471243414983,-0.16863198790425243,-0.15760241916236334,-0.09383111961764208,-0.06701290869180593,-0.09468949475454394,-0.14221284830133718,-0.13511121650989974,-0.11560461360819556,-0.14223528220438483,-0.17598433748149725,-0.16452131063743441
MFCC Overall Average 7,-0.25171027171420773,0.09569112086777945,0.542437684979173,-0.16055910650143748,-0.15315488966137708,0.19994762707437544,0.39102052435891455,0.1357994491056063,-0.30758118171633275,0.08296651880366959,-0.31062233621013874,0.11642774010253673,-0.0026592259638095277,-0.06763315209643321,-0.21178652476975773,0.03172332554343183,0.14610141854995357,-0.04030202662782039,-0.07397484876572032,-0.08082226715689052,-0.0711867265960974,0.056179205231726245,0.07191495329596505,-0.16346626704777553,-0.1271420508139694,-0.23351227158969576,-0.22841485697678582,0.11068278062332938,0.04276394959315159,-0.013528024799997481,-0.26385737721288127,-0.24733917174303807,-0.31689278328876386,-0.30736241246657814,-0.23834812445338782,-0.20532928537934914,-0.2345323136586361,-0.2182972343550795,-0.2113280658524983,-0.18263308293685387,-0.21674344499965315,-0.30069846658285315,-0.004251259681089435,-0.099993865461567,-0.45284421821136794,-0.37346859821956835,-0.2929299560984023,-0.25142044722360335,-0.19128028809615097,-0.1943462602139936,-0.16278479195306786,,-0.12335025227170134,0.013356049934396442,-0.027076380389511674,-0.09642704621107111,-0.08936242380739111,-0.04061122251088775,0.010089048946822419,-0.04936245469773194,-0.2768423412664067,-0.18313564257660284,-0.1649501901394284,-0.24458209168064268,0.0019598004333576512,-0.26666327436980314,-0.3929801353011081,0.3198659598184245,0.08794536753595551,0.383188235313746,0.692933821384603,1.0,0.30602392609393675,0.14024266324966794,-0.021339066227389597,0.23504692853659834,0.01663568104809757,0.12171807511084556,0.3035230989908958,-0.4401456902782799,0.04332547101069435,-0.016915640965182836,-0.20222401400619336,-0.07355700488156483,0.08258997623022347,0.01284093662350074,-0.17461032824676012,,-0.03130475368606451,0.029961342565837937,0.15382597258299274,0.10485542803950243,0.12597784737918902,-0.24953558068520126,-0.2626766268645946,-0.2726687871125479,-0.2170976740115876,-0.18990390642496105,-0.23417053840254928,-0.25577079530091573,-0.25790325500491007,-0.21632673984275105,-0.23840615977071075,-0.2561855660835717,-0.2518375827837791
MFCC Overall Average 8,-0.08961328433956114,0.035686137025732305,-0.06742669212219196,-0.27097055846637735,-0.18133127483589687,0.41242265098378567,0.06716210987164933,0.3972072529594089,-0.13794620087843032,-0.26075924973753817,-0.12401540571090697,0.46585717682734973,-0.0018860963816652479,-0.04473022509472513,-0.06915032501125047,0.3064921703802193,-0.16985416938218906,0.02671352924258682,0.21841516495932878,-0.11505631671659579,0.08639601953824591,0.011700085929173942,0.00618197250196531,-0.1252323620786948,-0.09641903643958713,-0.11973445166206169,-0.11346590291414368,0.012468866333447228,0.0032473209615153965,-0.052500912848970606,-0.0489236645389532,-0.04080697596806162,-0.017702930844247997,0.027085737158259224,-0.03743230490779798,0.01726041628305024,-0.06454898527600106,-0.011711339381002835,0.0009258337445628748,0.0169112814739978,-0.023754636223183058,-0.07281146406533509,-0.05028918702213078,-0.13967057116273007,-0.022557930291514608,0.036589467230148796,-0.0035631059946492952,-0.009538923035293018,0.02467940250330559,0.010525235096606897,0.001408381777371432,,-0.04346247050079212,-0.04507138000566135,-0.1088275808777151,-0.16926903398545606,-0.15963092115767005,0.019473332219644826,0.03545995471805904,-0.029811027417063447,-0.09030591884453991,-0.05914720316946756,-0.05617962977942578,-0.12562077168614574,0.012337423415952025,-0.09032594933129948,-0.16954993577117372,-0.20215381182704056,-0.09836101729314667,0.06313861868097218,0.16055007874231594,0.30602392609393675,1.0,0.40981039867494995,0.11517411389929687,-0.02422501741281567,0.02265656473239268,0.010459307636164738,0.10007115380407851,-0.032765472350530296,-0.22349449165962412,-0.06305947905751988,-0.059903046152502124,-0.1465362222705399,-0.15126003407302774,-0.052391082652097215,-0.04047955280742838,,-0.03186720245275491,-0.0560322415611184,-0.10479427533277444,-0.16393428777851138,-0.1575470858753219,-0.09455157573895424,-0.11942720210337378,-0.16530674113793667,-0.16457027553895487,-0.13379167842925535,-0.1861350788911356,-0.1888402998120586,-0.1745544563623599,-0.14575250968627196,-0.10189207915558499,-0.10437581872339585,-0.09617638927536198
MFCC Overall Average 9,-0.23808421895206655,-0.044115415244831674,-0.0013044593984669214,0.003622979906207949,-0.13506449958597877,0.0903187088149977,0.04234020066520319,0.7186248450556718,0.0715435552431086,-0.21278536325451602,-0.08012346538934007,0.23398298750627422,0.20483449330136239,-0.016852179534454812,0.20435137793882371,-0.24422576951280947,-0.02539570003580218,0.21440800477606173,0.010343296207256748,0.22096726729876032,-0.00479493360832625,-0.07175707558763336,-0.11267979102140227,-0.07761078424844245,-0.09774462719781453,-0.13458735980689682,-0.13835923134926018,0.07489251417941685,-0.12973062682901335,-0.02842889311422603,-0.18584430808064062,-0.20437847342693305,-0.19613150112787955,-0.16106723468522205,-0.18137215162709588,-0.17156170284523659,-0.2713910875588792,-0.23509282799154793,-0.24731079990824273,-0.22995139158294534,-0.21627576818087704,-0.21696257713580708,-0.05688321986772463,-0.1723780155903579,-0.19333536601392648,-0.22732896613852982,-0.23724987814290696,-0.2547383478300585,-0.2378151725038526,-0.22531957153207818,-0.20296569813881032,,-0.14721556855522908,-0.0725913674154196,-0.13000147150026692,-0.12982937887332932,-0.14228507386764294,-0.21077314988608345,-0.2169129407855342,-0.062010583016615765,-0.2238649563314546,-0.09951665151789806,-0.10261457023144926,-0.2007746115101061,-0.20905555485330737,-0.2161143579127708,-0.06900757693232012,0.007164714717220889,-0.05259392623402632,0.17045363670504726,0.09106816207749419,0.14024266324966794,0.40981039867494995,1.0,0.3777906448893947,-0.01858970175111687,-0.07045959725173688,0.05261073394688643,0.21348445002635844,-0.16365241924720522,0.14833785032730298,-0.08711884011012842,-0.16978890827232274,-0.1401597007845649,-0.0996159369373343,-0.2398130186732594,-0.1457107729331677,,-0.11980546965493524,-0.210752251797558,-0.16591799937510363,-0.17636422441498048,-0.16439105398728515,-0.0582375270782985,-0.15858397765996313,-0.2872086337615305,-0.29425221497374404,-0.26567202714094174,-0.24085865637316678,-0.22745584450535022,-0.18662500255443243,-0.11427934629549234,-0.08170887440152196,-0.01830248238582681,-0.0347626528922397
MFCC Overall Average 10,-0.3054200800245815,0.18437921003693233,-0.05436516651085395,-0.06495019817980786,0.17538823905155723,0.2217223892587881,-0.05830408242109538,0.39184658562598224,0.5999242329568245,0.13516458940006928,-0.008735115150003019,0.11463888370409771,0.07317575620623404,-0.10341522796291204,0.21898495918694255,-0.13545982087907427,0.14480478857709086,-0.15598507607444595,-0.15873585009913688,-0.1335115733760351,-0.07905997395763625,0.05939515948303419,0.02063564090686898,-0.22232423403114418,-0.0475310091663534,-0.3052213398570733,-0.3056952165668653,0.17305099059213125,0.013693423688621717,0.07867365588645316,-0.1113279555181375,-0.15072991936335645,-0.12269481417977028,-0.13240251958639151,-0.16699669002818623,-0.2108521227154109,-0.2266945557058001,-0.2314170199347532,-0.22148941776310743,-0.2284444986781069,-0.19572672242561126,-0.19778906520354675,0.07648632566463667,-0.1049392742344956,-0.19555107613423306,-0.2124598818076466,-0.2335449039708625,-0.20516359936386036,-0.23402392659187116,-0.2584216866128359,-0.26777697336171374,,-0.2916762015408413,0.051346304585405435,-0.07720190261338972,-0.12493921848330355,-0.1255189089072322,-0.2548232550846256,-0.2267065622316492,-0.22950902442203414,-0.3506684520531991,-0.3025481742405597,-0.3033470869339587,-0.29414921837443303,-0.25905226525915015,-0.3450879348158506,-0.2607404702874402,0.028768468660686074,0.05920151187988204,0.08167093821201404,-0.017003536905023597,-0.021339066227389597,0.11517411389929687,0.3777906448893947,1.0,0.40674381233218926,0.020286970488740674,0.007012417402458276,0.34696625320328706,-0.2631468494788639,-0.0744780756595382,-0.21122781861510168,-0.057780786534843843,-0.09449370390362145,-0.149507974215853,-0.19686302354752344,-0.14709312185563084,,-0.2845762510173306,-0.26633784512778347,-0.23785580866862183,-0.29784300513179635,-0.26982472053335965,-0.3781512871621876,-0.44148977257156014,-0.4671363327293718,-0.4282041704378446,-0.3421613358944062,-0.2717466173499814,-0.21194739588954076,-0.15315749902768044,-0.13768067066770145,-0.14868454507688136,-0.22087892686705318,-0.31221742718916523
MFCC Overall Average 11,-0.30755261852644383,0.058298991918968125,0.30546361216103574,0.11873933194934476,0.2860978069249645,0.36860906879634836,0.13002322934796104,-0.11035400678021054,0.5235753197799317,0.20581878786095995,-0.22612217039172303,-0.00833601545097733,0.008786671982725864,0.14650151155509292,-0.2199398245090934,-0.055429955988252885,-0.017234978314255252,0.03265764995269319,0.14871735152920112,-0.09719592954739326,0.04071056612458467,0.005029837162961875,-0.019741172226844305,-0.23251854008545042,-0.08295471058841049,-0.3570530950850608,-0.351161641629524,0.13826256503728598,-0.01898424360203866,0.03184120285043119,-0.2101217405458248,-0.3027074456971046,-0.3089846858353727,-0.3441617879698788,-0.25935228359736856,-0.319719495544794,-0.3098823787761319,-0.31295183257673526,-0.30039656541131915,-0.30244165527624334,-0.3078119195351592,-0.33760188624424436,0.005629980465743665,-0.10365359783943341,-0.3350684201850606,-0.3085334765304352,-0.3006887661743837,-0.2488913885022067,-0.257303400805389,-0.24831614666585908,-0.26229390598335744,,-0.22524333751530018,0.004239242620477656,-0.062066839841961645,-0.10972264732534806,-0.1032862755391979,-0.23788120819350117,-0.17167755453154973,-0.1589885923114367,-0.30368792071705986,-0.27342777032610677,-0.26275697596122943,-0.25305412754197243,-0.19598610036608638,-0.2954299964066894,-0.19677346103971685,0.3473183651955442,0.3187972874326471,0.24969861199603494,0.24019779069823372,0.23504692853659834,-0.02422501741281567,-0.01858970175111687,0.40674381233218926,1.0,0.27162412979661316,-0.08580648353128974,0.30531828202644296,-0.32996071974600055,-0.049161012435374254,-0.1410508453758104,-0.2850843018205638,-0.022969765616055682,-0.01868576377887934,-0.20773015798503394,-0.2689479402689118,,-0.16158284909463072,-0.18017367639622758,-0.08930303054813155,-0.12971289920431983,-0.11609973034224709,-0.38873042482343023,-0.3871645124212357,-0.2878884820623756,-0.21486326038394438,-0.1040764226089873,-0.06861186770912765,-0.017491923959515033,0.0031681005623481135,-0.052153400674794,-0.10566651257616776,-0.24014552128027428,-0.3269460358594392
MFCC Overall Average 12,-0.29334044564493966,0.07806518273214096,-0.049038922117904137,0.10299442296861697,-0.20944887125996936,0.1740378335960988,-0.1924969495928007,-0.5430056631117987,0.20186446629007074,-0.0503373389566183,-0.32782846561710527,0.30563762189961036,0.2392720418765771,0.1362689930104896,-0.04593695883072104,0.08257810051502315,0.04368158116712824,0.20024605551066996,-0.10050547252715797,0.25176835052907287,-0.04669332910801704,-0.04267167295518092,-0.13689332760391373,-0.09385383204495484,-0.04276904945608783,-0.26491688646042827,-0.2660713020749427,0.12884160617746196,-0.1140400722282311,0.05782637995084238,-0.15530192565230783,-0.12561783631490686,-0.21238140200173608,-0.1952311012836019,-0.23893631155152925,-0.210444025656846,-0.23948538318264323,-0.25683970016698643,-0.2623931010719038,-0.26336817475205354,-0.2631087643859763,-0.2651152006713327,0.006921629616978805,-0.13066363836579858,-0.1984853263173847,-0.1861176035659345,-0.24358131981930964,-0.22016091236153176,-0.23638445210668924,-0.2245406631032073,-0.26863546830788293,,-0.2325454199366156,-0.030565173714762247,-0.07083612404353153,-0.05263374840827146,-0.03616858565784895,-0.27216150064998335,-0.2537731009538692,-0.09870674490460579,-0.29279455942764543,-0.2315901214073845,-0.23171932343173568,-0.24017045685473606,-0.2722130277955018,-0.28234571654122176,-0.17322239211739868,0.009485986315208122,0.06199398891157105,0.2050756251309575,0.0019905107304207695,0.01663568104809757,0.02265656473239268,-0.07045959725173688,0.020286970488740674,0.27162412979661316,1.0,0.39232747788135514,0.2743404483081367,-0.1740754038957181,0.0013369033049635286,-0.21426632324531486,-0.14760985623826198,-0.38949006373170453,-0.288452279181927,-0.2390092420672384,-0.19560111852539572,,-0.2122214744873717,-0.2745584825067743,-0.24088608749278972,-0.23750598125897535,-0.2299801831155188,-0.3578673555572816,-0.23249598533688942,-0.14873065487032397,-0.11202782907126539,-0.06351381787202764,-0.08553994993935463,-0.13027181551546899,-0.1822910956743939,-0.25647520200167584,-0.33269853975559754,-0.40541858760990473,-0.3973689137681417
MFCC Overall Average 13,-0.4623106477078684,0.13433683950273095,-0.0025046409179645614,-0.05447701503098126,-0.23957160099732822,-0.06558227414285896,-0.217467782689489,-0.3366840509941965,-0.2877961683132155,0.007386974646859197,-0.08706042415375224,0.2108149607006019,0.3151070849143957,-0.01789081557981287,0.3576313938857014,-0.24451206092924743,0.08549650117170923,-0.03366686974129725,0.1091929012503565,-0.21887246454370782,-0.07005959027876883,-0.043607772293513154,-0.1186518241605546,-0.16657397955537134,-0.06167073400643272,-0.372696098608212,-0.3720532072247027,0.23389707190897158,-0.12788084205713568,0.09073725451410394,-0.26817140623829394,-0.27224207892112473,-0.3353306733126506,-0.3144219503252863,-0.35661753353943537,-0.33933990345821025,-0.3566582150652549,-0.376191695313671,-0.3936228017025098,-0.3821379749244528,-0.3742671820698965,-0.38307516002839703,0.035540813233801795,-0.2802343315889502,-0.3952685896980832,-0.3966378220176613,-0.4037635011166834,-0.3768350632167804,-0.3770450762642177,-0.37882915920256705,-0.3814537448011059,,-0.33180033972663747,-0.046971329746009254,-0.1823720142174677,-0.2024698066595984,-0.19169917809728906,-0.36264349412715535,-0.3282762824226047,-0.19002410212749943,-0.49000945769554494,-0.38401860919331576,-0.3798776118258888,-0.4168322574061409,-0.3635834735415522,-0.48844480432065907,-0.34369419265390055,0.05344477768229398,0.06789737953640956,0.2224797738874724,0.07433744794688925,0.12171807511084556,0.010459307636164738,0.05261073394688643,0.007012417402458276,-0.08580648353128974,0.39232747788135514,1.0,0.4923142755626893,-0.4037963092496315,0.061148759702268116,-0.2690567435031739,-0.1853226517237516,-0.3053714671372326,-0.16566727898262326,-0.22115073465423787,-0.26200580417550273,,-0.3296479268528152,-0.35807721277370563,-0.2812390151611495,-0.32131323363359493,-0.2975828694613622,-0.4068469328163555,-0.3261671446693118,-0.29705089656058153,-0.31387089358556197,-0.3150077095562729,-0.3315929867320424,-0.4121803579324333,-0.5001835698425081,-0.555682589018179,-0.5825787407018604,-0.5534852762054254,-0.4850766713655557
LPC Overall Average 1,-0.9351010070781738,0.2931216219820604,0.11625980462158846,-0.05440088510447393,-0.02527741541467654,-0.021234009960935822,-0.055642362082305406,0.015055571148180364,0.001896688612708527,0.04963761636625185,0.0507106995104454,0.04261478397748557,-0.012907562655612747,-0.0172287121176279,0.020495195688641422,0.0006382489482093804,-0.002135517951368219,-0.011170642513877256,0.01913741913640517,-0.0077182013419136,0.017592469277793635,-0.04429640947205668,-0.19091782824270756,-0.5192025585314572,-0.11592455910921937,-0.8326452797283729,-0.8329535085247819,0.4928825394696787,-0.22382521847241776,0.21390488593384865,-0.553566208582512,-0.6012544614952402,-0.7063485636378629,-0.7037515924333789,-0.7484800313789958,-0.7464165080847059,-0.7860165050920543,-0.7763257800039219,-0.7904773936413132,-0.7786460646702076,-0.7991054316703088,-0.8320152750761912,0.12486062229880686,-0.46607940858349706,-0.8271550469526039,-0.8445815923303501,-0.8364562736099468,-0.7848053599830462,-0.7697198800562275,-0.7858040729395753,-0.794936855780301,,-0.7679211287243983,-0.0441852691953723,-0.3028348709900388,-0.382773484039339,-0.3657040080700939,-0.7470789841690164,-0.6857517398952413,-0.5227309466803122,-0.9930518424955718,-0.819661012387472,-0.8129590845590475,-0.8269687947346114,-0.7484616727081885,-0.9938590689554585,-0.6688053459010752,0.3169529459887482,0.2612440032609643,0.5122040268866926,0.21067239153972975,0.3035230989908958,0.10007115380407851,0.21348445002635844,0.34696625320328706,0.30531828202644296,0.2743404483081367,0.4923142755626893,1.0,-0.8373518411579072,0.1454507066749257,-0.4344660442470315,-0.3400512415441253,-0.37381145204289795,-0.32024636476932206,-0.48057906086632163,-0.4540934354566251,,-0.7125962293390499,-0.7222699220123672,-0.5523781545005405,-0.6376979922275334,-0.5909947568298558,-0.8500821992795462,-0.862745484353771,-0.8257463910248434,-0.8234335227784877,-0.8362966255253055,-0.8364998063311456,-0.8271166530027977,-0.8223644291296704,-0.8299950940045867,-0.8398734801982684,-0.8556924459629804,-0.8521108524675965
LPC Overall Average 2,0.697586675713511,-0.29108051849974453,-0.5644780681352373,0.046591709782511134,0.019679296306232736,0.14958622782670872,0.03655704463635633,-0.017435836184090572,-0.03838443001466122,-0.044057739924422704,-0.013713327227925178,-0.09001664221263422,0.05862878535817236,0.013436280488174147,-0.1510670090852339,-0.05344690648392614,-0.013584395333344127,0.02187505877511055,-0.06228302783620939,0.01985943761876612,-0.05153290720485338,-0.06267176804906112,-0.05323955886241847,0.3685884065463866,0.09044706739145375,0.663871867792928,0.6544981216895799,-0.39590084624034405,0.031224972463108038,-0.1833079227508977,0.5328485710925677,0.525318232846204,0.6155127641600837,0.6319223285271436,0.6523184846013786,0.6567487020165229,0.6626764045726283,0.6563103443894699,0.6841140682099462,0.6723939062049759,0.6941754960912524,0.7305201299576345,-0.1611494392874293,0.22484066403385247,0.8455676434404297,0.7926673579936319,0.7016122122323751,0.6231747708271613,0.5822085538722996,0.5939659171176427,0.5748328309193228,,0.4567895541497169,-0.08410592106211681,0.07782949325836533,0.19925325015675066,0.19740506844502778,0.47545297141287957,0.38899248372681244,0.3026180597314621,0.7995480615813622,0.6130318474791944,0.5854633770247564,0.6714142464451202,0.41031487639507824,0.7946991690383705,0.7449414395865159,-0.5687210768227291,-0.23362231818319115,-0.5617170542839789,-0.2727879058573474,-0.4401456902782799,-0.032765472350530296,-0.16365241924720522,-0.2631468494788639,-0.32996071974600055,-0.1740754038957181,-0.4037963092496315,-0.8373518411579072,1.0,-0.12798482747971046,0.25715695093292995,0.17071197639433866,0.13867589384796616,0.14669593808208245,0.266527986275209,0.3083200604163801,,0.36563797094019596,0.30834663488053343,0.04359742370017491,0.1691466639773533,0.10029764077267019,0.6443049507773203,0.6445706981589812,0.608387615032251,0.5764761698742091,0.5867594767185283,0.5989731617294474,0.5812972574654642,0.5809736179244296,0.571809505395553,0.6113868936503788,0.6369542282476868,0.6363981627331691
LPC Overall Average 3,-0.223360096942835,-0.04742727176561786,-0.08771920556970776,0.4695995447476108,-0.31560878513320684,-0.441703384872686,0.21266676487804795,0.18610454457312464,0.025704468631462977,0.0561880642533962,-0.30006577154468633,-0.35306786733483797,0.10658270568125552,-0.022153979082730948,0.055004318699701425,0.13606909173978998,0.13110110438279265,0.14065362045816263,0.14387209395102957,-0.041937699414100735,-0.00503692938949587,-0.1926253984339632,-0.28344517499986316,0.10432643427440198,0.040567602131490015,-0.06552394816571296,-0.08316951433612434,0.11778693862870353,-0.32723658739346134,0.08822919023575838,-0.07314409230315383,-0.004589871028629616,-0.1610887903110105,-0.20026411663845742,-0.19837641729901054,-0.1933673427375098,-0.17935427644413462,-0.20847298050875468,-0.24343835807261838,-0.23815902907303205,-0.2207087113231436,-0.19846698283370967,0.04077842825150765,0.05144774100294648,-0.1899655573380614,-0.31632675946276656,-0.3306115575413776,-0.35898125146092696,-0.400156511593216,-0.3978006633519543,-0.397030398958206,,-0.23286666676987575,-0.08837248406921341,0.03365335250357635,0.17875767972914822,0.16005081197237359,-0.36158594358112617,-0.42801037020885097,-0.020520002950476183,-0.19724319069180227,-0.11244091573970477,-0.12255793540075667,-0.09808508970883265,-0.3858719601511089,-0.18560630159464248,0.3366340768744245,0.14053836532114505,-0.061630821684047335,0.23679412693140145,-0.051872345092638834,0.04332547101069435,-0.22349449165962412,0.14833785032730298,-0.0744780756595382,-0.049161012435374254,0.0013369033049635286,0.061148759702268116,0.1454507066749257,-0.12798482747971046,1.0,-0.20004097302635032,-0.13383632169289325,-0.2560465202467973,-0.18107872276631898,-0.3556425817922961,-0.30521914082639884,,-0.21254696536119808,-0.3103520657405791,-0.16447059024526114,-0.06699348342926448,-0.03476223737544606,-0.0031576120078282035,-0.06859043934126682,-0.14137477184101732,-0.1046619172228603,-0.13559678616127524,-0.1072995006620041,-0.1256523564165478,-0.12602813772828095,-0.1191547260678751,-0.1424917530106813,-0.039168190418489526,-0.010658481037271428
LPC Overall Average 4,0.507052396142363,0.11687412519279984,0.1521886113771177,-0.21807702342065668,-0.007454792714870337,-0.24315187179362416,0.31504672394941974,-0.030452739839470222,0.1060032690594956,-0.3104120304780263,0.28406801821968275,0.08184993236714343,0.1882283111348135,0.30069533091708994,-0.27966092742836896,-0.187344670077427,0.13266305284688934,-0.05943628802078596,0.05486310419905721,0.01110928785861892,0.06114533059333629,0.158749223526571,0.2796809727249768,0.12657505444679873,0.11063836904254828,0.33897956588810124,0.34346114617175616,-0.19735091112768857,0.28538075021617143,-0.03202453689774783,0.3356450477796961,0.39776198073559754,0.37401610477541114,0.4119855250742749,0.43523290639475737,0.4178820714548078,0.44034182079776474,0.45321216844776924,0.4336506423740914,0.4461618117213431,0.46099690156304307,0.43784155943287406,0.05214558851279446,0.3790481246274207,0.2236989328145783,0.41494870727632593,0.5320749780050995,0.554053423523127,0.5728751975830347,0.5694423050685461,0.5658467073300424,,0.33467941697252185,0.20962342122459235,0.340341780550186,0.3158615302148005,0.3009078518247764,0.489074883607481,0.46267818735998073,0.1466989898027674,0.45711624372227255,0.2964915247119827,0.2997496467968097,0.4024890586902465,0.48808083087614895,0.45284563335267425,0.009636358048686748,0.13144749119080476,-0.49503114652138325,-0.20548825189544054,-0.056070002080935474,-0.016915640965182836,-0.06305947905751988,-0.08711884011012842,-0.21122781861510168,-0.1410508453758104,-0.21426632324531486,-0.2690567435031739,-0.4344660442470315,0.25715695093292995,-0.20004097302635032,1.0,0.4477656700536605,0.33325235036158024,0.20398590127055885,0.3104395847267832,0.30848394518161404,,0.3021527262250013,0.5121144687214877,0.4630940489329051,0.5126443545203243,0.47134505352261025,0.37568738068795576,0.3878850082740556,0.355796423441475,0.30079701922348173,0.3036175745692861,0.293928219696045,0.2588588638621654,0.27407444133541103,0.2844427825088893,0.35488183437026277,0.3481888462629403,0.35994881527172334
LPC Overall Average 5,0.44343931619534677,0.13522175870276804,-0.018076562313739858,-0.20463044200878477,0.08376744593797761,-0.3785995598366202,0.08341214766594274,-0.02279467084930419,0.12182095663004577,0.073592807351723,0.3324851040909807,0.26707395291300384,0.17409651697006615,0.027914159457152074,0.10160459077808091,0.4421271811404664,0.2443621588822013,0.06390274568302551,-0.17887582305723668,-0.029091455083016228,-0.037623604715740604,0.12490964356575476,0.2564928594288943,0.19216520055105282,0.1441370361836521,0.3284032494056203,0.3322952624282091,-0.14207428065817418,0.2150708225476508,0.02354130649080242,0.3247194849601905,0.39363454159748507,0.41090319701787326,0.4271580091882063,0.4064178183938776,0.4130333280486862,0.4411365502866689,0.43251045967406554,0.4319770563330405,0.4344107825659041,0.43175830152177563,0.43112482819859294,0.10288106410425117,0.340182085683785,0.3484816600465532,0.3774237924552581,0.43145317861767835,0.44294430723641487,0.43280590574749733,0.443204863289129,0.4305099302294831,,0.3099952888878188,0.18262219823952372,0.287375558741667,0.2774825123700769,0.2667060888976074,0.3631955044747158,0.31689343948186316,0.14562174515344853,0.3577169173767919,0.2475474544337975,0.25108505252017427,0.3191343236692745,0.35051049732009143,0.35001082759283575,0.01939517645184658,-0.01188318310496217,-0.34368147479255423,-0.3622493574436102,-0.20059098647737306,-0.20222401400619336,-0.059903046152502124,-0.16978890827232274,-0.057780786534843843,-0.2850843018205638,-0.14760985623826198,-0.1853226517237516,-0.3400512415441253,0.17071197639433866,-0.13383632169289325,0.4477656700536605,1.0,0.4272520896089516,0.2205964927877585,0.3866619627209363,0.38627465895239366,,0.2475705642679556,0.400574734215704,0.36563911138228283,0.36006381919445873,0.3648253427466945,0.27429882672026,0.2642708262163472,0.23190900751195903,0.24381496394783245,0.23329384137319467,0.23069472334570676,0.24214394830834612,0.26658290404766727,0.26007454068053115,0.23755421496388573,0.26092025574994554,0.26589242864095586
LPC Overall Average 6,0.43665598473683814,-0.053376849816298894,0.24342710331913445,-0.1609302938938785,0.514919181324445,-0.1685899094525067,0.13899693860586368,0.09846517489523017,-0.07008516558561177,0.318491373554681,0.24939722664634867,0.032826735998760084,0.2005482470253246,0.10251765596006805,0.10194719081786648,0.10727992110014237,-0.20200429559925412,0.09821014843523512,0.12029831234474517,0.02923377956451324,0.04395340664281171,0.1102422267444003,0.2665841646294625,0.10034904673579033,0.06558933617789184,0.2974088680668684,0.30749280673525314,-0.17427829771613296,0.23987398080606182,-0.06884127522777737,0.21003663616611035,0.15933637564875358,0.26680850331445444,0.23580142477433316,0.30810397105554477,0.2813969907108708,0.31933595803216036,0.32829976065636307,0.3430873864232828,0.3652698472679065,0.36902015581166375,0.37015487553771725,0.004500874056999266,0.24861911879838192,0.29137395999170684,0.2638452171427029,0.35934269496977456,0.37960649302131755,0.3971497956253323,0.39935835402205433,0.42730447397184135,,0.36557845985564197,0.12066990364299669,0.1853834129740713,0.12237865010839792,0.11075495327204675,0.3916132514554432,0.36939280463580376,0.13266679516796046,0.41620109614413375,0.32672693993523705,0.33537405007712084,0.31971879044352686,0.4202829701628931,0.3961728075524865,0.08674480473610022,0.0806002366737803,-0.019083459189764562,-0.4250632340585782,0.048305915349688776,-0.07355700488156483,-0.1465362222705399,-0.1401597007845649,-0.09449370390362145,-0.022969765616055682,-0.38949006373170453,-0.3053714671372326,-0.37381145204289795,0.13867589384796616,-0.2560465202467973,0.33325235036158024,0.4272520896089516,1.0,0.6406345279143406,0.4400067872675025,0.29879694743966173,,0.37770928445533264,0.46768925845267223,0.4460151989433919,0.42250056530016616,0.40719203238903556,0.3384246909177295,0.28259804163584795,0.29752436405795984,0.29215209197403497,0.31920851268076966,0.3611175147244436,0.39143714160997384,0.4292578811734867,0.4087152379507461,0.3952259077888891,0.36930218315682545,0.36539172063371517
LPC Overall Average 7,0.34294561321931705,-0.07725470263049938,0.17122162183392076,-0.19757092915547017,0.5768728940685923,-0.22350197534780455,0.09382564384319309,0.07854674575928666,-0.28475094756857083,0.3069012642432524,-0.21663756399997544,0.052325974989690584,0.24230513856114216,0.007630694139626341,-0.033342357518268,-0.12493001514765883,-0.09257178369898955,-0.07797229856962322,0.012555700249584582,0.10443055855433361,0.061338590237848975,0.0548938355157896,0.18646917526966927,0.014862858762218371,0.03974704567284883,0.21088207452843977,0.22194730848979102,-0.15744636288295716,0.15809693663845076,-0.061151887707551915,0.18116868529969019,0.09723603949398096,0.17464733234666555,0.19388438082376416,0.24744975847145076,0.24114038550612035,0.25570242028094736,0.257184601301811,0.25492226311830635,0.27790189298989254,0.2850776997701947,0.28638973688226177,0.00207011721119089,0.1411324157303187,0.23142179062276785,0.21398305430935635,0.23704835637189473,0.22372652460286174,0.23779656927939602,0.24556206618982693,0.26822757252449564,,0.27534801823082755,0.05337980434639601,0.09096388840755082,0.04735438836582754,0.03493600116639519,0.3428446425048097,0.3260443539383101,0.038589709614039854,0.3460499084672262,0.1976785998044138,0.2058218659112464,0.29378835511434565,0.35956468378717116,0.33463482977630343,0.08340043565603394,-0.062080268425827284,-0.1110523257770217,-0.5116371799103087,0.05177669821079188,0.08258997623022347,-0.15126003407302774,-0.0996159369373343,-0.149507974215853,-0.01868576377887934,-0.288452279181927,-0.16566727898262326,-0.32024636476932206,0.14669593808208245,-0.18107872276631898,0.20398590127055885,0.2205964927877585,0.6406345279143406,1.0,0.603253435324827,0.33917162951983176,,0.24994988187241135,0.38618137151124765,0.349340365550571,0.31909192820380256,0.31047637728626243,0.2856358228938664,0.23954832734005946,0.24697500519441104,0.24697420272388557,0.2863672888862874,0.304105782778268,0.30521061220271334,0.32931374081262593,0.3272033116148292,0.31907498239446874,0.3190702586468913,0.3030829006104974
LPC Overall Average 8,0.575340153673688,0.044824753169925464,0.12315003293721079,-0.4039054668713633,0.33075869949177644,-0.2573896636485956,-0.10551331979489391,-0.05100144495822959,-0.13613791594839444,0.08019967233294331,-0.19489164198760878,0.18437415236463076,-0.1263895287485606,-0.21589298884123306,-0.12412809903550381,-0.0725347835880469,0.05792313167501158,0.0545396866639027,0.005324088940052028,-0.0704893770249141,-0.1371131982439091,0.2002258846583738,0.37013937856670254,0.12209343927830614,0.0879641248007269,0.37006066484342426,0.3807737588193619,-0.23040518519938125,0.36251112189109835,-0.07204934955751913,0.2979626484937872,0.3545475670129321,0.4154711335452235,0.4308774283840051,0.4565111264147514,0.45834155716078673,0.5102371351183415,0.5417948541125558,0.5232820351361018,0.5422043745661115,0.5401654845719728,0.5181525384801287,0.04423331415116802,0.30226353226671454,0.3878876854448133,0.4667655185192867,0.5243264094486562,0.5357615980953132,0.5518729453396518,0.5619175086693259,0.5604544265427004,,0.43421288413497056,0.1682561563016191,0.2460998862612261,0.18076753459814407,0.17930646758022944,0.6117232879006315,0.6007387472471334,0.17924743974159074,0.5208513810583845,0.35744384682042907,0.368097079189498,0.4333063991714486,0.619987998004871,0.5127167451182058,-0.0016438956085991353,-0.16460160316831418,-0.3460670762976343,-0.559621232972361,-0.24996847765736452,0.01284093662350074,-0.052391082652097215,-0.2398130186732594,-0.19686302354752344,-0.20773015798503394,-0.2390092420672384,-0.22115073465423787,-0.48057906086632163,0.266527986275209,-0.3556425817922961,0.3104395847267832,0.3866619627209363,0.4400067872675025,0.603253435324827,1.0,0.7354916203515345,,0.4193599738895922,0.6251171904471896,0.5401980260141545,0.519801064828926,0.5053368888313321,0.3833595150063099,0.35930839121705077,0.36062731756192973,0.33852248296200116,0.358396886606484,0.3670532636268759,0.36875796322677207,0.3817647885283114,0.38034983988133586,0.3751253214418979,0.37836564203702927,0.3803054607186872
LPC Overall Average 9,0.5197893170411827,-0.0004141009778741378,-0.02367927213886707,-0.2877447270618371,0.22977900668670842,-0.33736202422205014,-0.23049022205163333,0.005815542158766964,0.018474922222100246,-0.048050427020987115,-0.06022210174684818,0.28332186377926977,-0.26658741077246345,-0.2926021651528381,-0.21239174699356458,-0.09783680088894262,0.15067217148177647,0.15670678946733574,-0.005452097733259445,0.05660955671648596,0.03717611966398874,0.12380796748989967,0.2552526132440941,0.1789896555321768,0.09234348176404499,0.413380749083213,0.42037175520759434,-0.21514932339977913,0.25912285435946214,-0.062107818310123415,0.2825006037743099,0.3626701324332475,0.41660961778655936,0.40884136582900965,0.4164207165393344,0.3989858122740978,0.4531657579223314,0.4778169055045874,0.4541418502296076,0.4601765716947569,0.4698778923174901,0.4690766538396769,0.022304278904269517,0.2668276977641306,0.37875073608096244,0.4401200381205453,0.47974257022389727,0.45151027313110403,0.46072784874758194,0.4614278591331686,0.45599152138329024,,0.41842929396488543,0.12056722298057469,0.21129523157275745,0.18714157275715157,0.1887976163600642,0.47975184748004307,0.459147580820074,0.16814214277345724,0.4762357935690282,0.34940512666091034,0.3527145959862337,0.3971690640748821,0.47942022074647034,0.46943295771033827,0.06368353782280835,-0.17323438823324935,-0.3372042185263439,-0.4916342471228466,-0.4453423293391264,-0.17461032824676012,-0.04047955280742838,-0.1457107729331677,-0.14709312185563084,-0.2689479402689118,-0.19560111852539572,-0.26200580417550273,-0.4540934354566251,0.3083200604163801,-0.30521914082639884,0.30848394518161404,0.38627465895239366,0.29879694743966173,0.33917162951983176,0.7354916203515345,1.0,,0.3545405200616,0.489724935542714,0.3974912954988625,0.4075800866849116,0.38560894846662064,0.38369423754190773,0.3558856821319363,0.34227953112838405,0.32385045409512314,0.3303899467254492,0.33658273787928117,0.3355703355881469,0.34043393708305864,0.352885634646573,0.37801983231995645,0.3902734608638617,0.3761492903225239
LPC Overall Average 10,,,,,,,,,,,,,,,,,,,,,,,,,,,,,,,,,,,,,,,,,,,,,,,,,,,,,,,,,,,,,,,,,,,,,,,,,,,,,,,,,,,,,,,,,,,,,,,,,,,,,,,,,
Method of Moments Overall Average 1,0.7267851878361602,-0.357001653152188,0.3869818926484471,-0.03955036632406901,-0.1615115677806726,0.055770832623014875,-0.21872938345119042,0.0864355194763381,-0.019616871287566732,0.1408688951432963,0.0005351193981624383,0.05929688320575794,-0.09552901715046548,0.1928800035837648,0.03026199146896789,0.028209792073304173,0.040616042777111,0.03402988582813508,0.05136200881267812,-0.014242053761207494,-0.04804819780256231,0.07649462767893747,0.28108433586071174,0.608817029798706,-0.005569439829104724,0.7555896103527369,0.7623175436299359,-0.4217812184632199,0.26055145698786486,-0.25492986090658953,0.19640149479395225,0.27162473823376954,0.4080313268336157,0.37156070110806094,0.43103192436734006,0.4398432915961245,0.4804899943918669,0.4958995082856759,0.5168831971842395,0.4977425559213446,0.5045679963732689,0.5190673963313298,-0.16956022748323676,0.296262723812281,0.42771864577171564,0.5076837002972275,0.5544855781219561,0.5370802795606303,0.5666903064139059,0.5813674042272076,0.625769008785691,,0.8946636093812347,0.03357121422365112,0.2001724441570866,0.18173441667227025,0.16087900044084566,0.7130068011411408,0.7066854248879973,0.8011998362606247,0.7458318276816339,0.9216308291683027,0.9397718625905421,0.5553973484783067,0.7804883367704144,0.7609047335837993,0.2986364407254347,-0.05824735960231823,-0.13772803013372897,-0.23562286133914598,-0.04733895468958142,-0.03130475368606451,-0.03186720245275491,-0.11980546965493524,-0.2845762510173306,-0.16158284909463072,-0.2122214744873717,-0.3296479268528152,-0.7125962293390499,0.36563797094019596,-0.21254696536119808,0.3021527262250013,0.2475705642679556,0.37770928445533264,0.24994988187241135,0.4193599738895922,0.3545405200616,,1.0,0.7964660578885551,0.750237092644507,0.7329387356112279,0.7221904018411562,0.6338816485279702,0.6611576686465401,0.6342440912737621,0.6653279805438558,0.6822337734875186,0.6550421076730155,0.6662057006739784,0.6638946917725634,0.6981415779385716,0.6662943301424971,0.6652774842915135,0.6587165463272582
Method of Moments Overall Average 2,0.8378052205145634,0.009982546576516965,0.43318395616143174,-0.2675889595883818,-0.01730002925246286,-0.03064993093991746,-0.03665767335237569,-0.0158005682454092,0.011470588378980628,-0.04466708455093053,-0.07815865986664643,-0.051815628355808815,-0.062399985391061834,0.048308924341337246,0.09762922978744765,0.030001814998265236,0.001753187054301324,-0.027058340844812595,-0.0157033667598004,0.02251288818035087,0.01806123779540111,0.35527352278367796,0.5830651629286492,0.370079375158652,0.1279479356494015,0.6440433863885529,0.6582336016018085,-0.3531312178807725,0.5625306826735786,-0.11475767013182352,0.35124788529751566,0.4795427190826263,0.5560224714674908,0.5656126913168217,0.6300735735704751,0.6292386933401793,0.6742593209654476,0.6930331371486661,0.6947991315842474,0.6834683897054891,0.6837868191503659,0.6736555040918054,0.020583790534750342,0.5274063401458992,0.4667195756687521,0.6173148858272525,0.7292698772995457,0.7564121249898812,0.7905758141310651,0.8008175566099659,0.83263677080061,,0.7720603162233451,0.30744222622053846,0.4611907637904099,0.3877726436813934,0.3647578787861249,0.9378550622737685,0.9350525117299552,0.4904769124502331,0.7838597832890131,0.6720667214174353,0.6950523696233019,0.6614750622917033,0.9732573885881164,0.7876156285626913,0.06960881624750617,-0.06707087857978089,-0.35188014167754395,-0.32556848954684475,-0.057242173923246924,0.029961342565837937,-0.0560322415611184,-0.210752251797558,-0.26633784512778347,-0.18017367639622758,-0.2745584825067743,-0.35807721277370563,-0.7222699220123672,0.30834663488053343,-0.3103520657405791,0.5121144687214877,0.400574734215704,0.46768925845267223,0.38618137151124765,0.6251171904471896,0.489724935542714,,0.7964660578885551,1.0,0.9465755542014295,0.9112037467945943,0.9110518888508466,0.58363309836571,0.6178452090349578,0.6034883743332402,0.6215156940516346,0.6402971413866044,0.6093021868319214,0.6218943635031166,0.6178041305365889,0.6501308438864529,0.6347660707556875,0.6146491851867961,0.602169056974597
Method of Moments Overall Average 3,0.6883675382210053,0.03000932547799327,0.6409312479866729,-0.17522715105858577,-0.05902565052479813,-0.1483728136799158,0.017436342093498314,-0.013323233164931725,0.05211020023449167,-0.032367806613569444,-0.09574353440948871,-0.03362844964503333,-0.08142907509890444,0.034630681963313814,0.15691673126291872,0.04499017943539107,-0.0072947547560271025,-0.00445014469181129,0.012341351270894165,0.00683397321197584,0.025140461307646963,0.3107486520349813,0.5540836768867174,0.3422037592361006,0.09290022109018747,0.523618076939312,0.5388507380923724,-0.2823014568815274,0.5019026236994651,-0.09383273004927895,0.20954706500652473,0.3550966311241733,0.39558276514730956,0.3895181235117523,0.456689169439715,0.45449156700230975,0.5062892550035292,0.5192290131880589,0.5083271945863982,0.502293709000777,0.502007094619621,0.4893442688396363,0.04442833000097976,0.5268115953782866,0.24040688696372592,0.3954460397219516,0.5439178551774954,0.5901740478312532,0.6328870595695595,0.6429919158899148,0.6846404050869119,,0.7003407874475082,0.30036520409108364,0.4827318116232475,0.40872300488992375,0.3805581636467768,0.7932670938460801,0.8084403254879224,0.468198926203933,0.615532935647749,0.5642942189356788,0.5947261234160556,0.5152260633814085,0.864466812902834,0.6235089026931095,-0.04934050859061968,0.17259697740657712,-0.2694506421559579,-0.13539607905410725,0.0209430495228257,0.15382597258299274,-0.10479427533277444,-0.16591799937510363,-0.23785580866862183,-0.08930303054813155,-0.24088608749278972,-0.2812390151611495,-0.5523781545005405,0.04359742370017491,-0.16447059024526114,0.4630940489329051,0.36563911138228283,0.4460151989433919,0.349340365550571,0.5401980260141545,0.3974912954988625,,0.750237092644507,0.9465755542014295,1.0,0.9605286395064765,0.976826838052047,0.4906431735062893,0.521649290664706,0.509472482660317,0.5451329300840276,0.5567969842147098,0.5263361408934167,0.5383593949893031,0.5309465802398212,0.5698330647574977,0.5376594094643535,0.5187829020660922,0.5093815628585764
Method of Moments Overall Average 4,0.7340518057794468,-0.02636861166524294,0.5545495416809987,-0.08431826564234988,-0.1132581241815873,-0.22668190523673273,0.12182917212548203,-0.046244361216783526,0.08244772415671185,-0.050769312667582146,-0.10042633709370258,-0.03321448081962819,-0.07773897333182951,0.01702364677252322,0.10632621957781048,-0.014019693288439734,-0.056984815943024285,0.03706070930282692,-0.017979192001893976,0.003240468201407689,0.011555969289662214,0.21387788406573485,0.43433031288400814,0.4033304864800602,0.08769177912259667,0.6008099028093616,0.6102535118493511,-0.32368176394184023,0.4092143137559421,-0.12542474996504782,0.2563514711822285,0.41668448883410264,0.4323489222916991,0.4329835843799338,0.5002044960588002,0.50241317597809,0.5532686494093892,0.5617926339230631,0.552181530621822,0.5453037621198954,0.5520040371367185,0.5490294470148346,0.007100331514291608,0.5764851451630465,0.2916170196924112,0.4299707102763512,0.5842818386727046,0.6261361245601025,0.6608600945315303,0.672369375511555,0.7098237347934037,,0.7008667792825976,0.24169180120059683,0.5094974170229326,0.494662255243911,0.46949449733342763,0.7492284663254343,0.7398382656637897,0.48622727072647703,0.6808229836282653,0.6117162200215823,0.633698807172007,0.570881867005291,0.8174497723606998,0.6891240205266554,0.06700534000614887,0.17475783017151614,-0.29333314395993765,-0.15147316971920186,-0.010151903214435922,0.10485542803950243,-0.16393428777851138,-0.17636422441498048,-0.29784300513179635,-0.12971289920431983,-0.23750598125897535,-0.32131323363359493,-0.6376979922275334,0.1691466639773533,-0.06699348342926448,0.5126443545203243,0.36006381919445873,0.42250056530016616,0.31909192820380256,0.519801064828926,0.4075800866849116,,0.7329387356112279,0.9112037467945943,0.9605286395064765,1.0,0.9916240796901937,0.5684082611089315,0.5999929589498827,0.5810140082484413,0.6107598431838905,0.613537850018604,0.5881635570675527,0.5834105732112527,0.5723085980978662,0.6145299995124237,0.5932957960326614,0.5828161845731512,0.5754596404289429
Method of Moments Overall Average 5,0.7086153511892261,0.019850493461631005,0.5950764779120228,-0.07496036372131153,-0.12557801206157118,-0.22846976990694462,0.08242515331308285,-0.024389572899857208,0.08732150772034189,-0.03921932763141456,-0.11937933714112937,-0.05394359882034002,-0.06130270791335836,-0.00730368613938049,0.13293646295991363,0.029066249296703234,-0.037002431321051084,0.02410316119863551,0.00034917082447011343,0.003266970400462482,0.012047112775226259,0.27035055949386017,0.49334160491197343,0.40104380806541334,0.1059254758660736,0.5712766931427665,0.581793536108084,-0.2919216620933948,0.4525313829608839,-0.09186472866250928,0.24666212517499772,0.40984308472274744,0.41747273802547,0.4101726743466137,0.47670247173986124,0.47847891933633646,0.5292965812913443,0.5353557714432771,0.5216182914845173,0.5172422104175141,0.5221784435965448,0.5167463399912032,0.04433354501665242,0.5880517341547503,0.26183871964611877,0.40082226299857265,0.5536305492477954,0.597336522342995,0.6299674453870988,0.6411518538569962,0.6789957405881397,,0.690333902023042,0.2922990277747761,0.536739250073062,0.5088566999843792,0.47971374188068083,0.7464787063444429,0.7447592888755699,0.48501231944846807,0.6388421475679998,0.5820880522948642,0.6068040010048342,0.545167043455064,0.8121819163500584,0.648665489855526,0.03412071311772504,0.19707081770348336,-0.2892999398606376,-0.11865916592312545,-0.00893670603500048,0.12597784737918902,-0.1575470858753219,-0.16439105398728515,-0.26982472053335965,-0.11609973034224709,-0.2299801831155188,-0.2975828694613622,-0.5909947568298558,0.10029764077267019,-0.03476223737544606,0.47134505352261025,0.3648253427466945,0.40719203238903556,0.31047637728626243,0.5053368888313321,0.38560894846662064,,0.7221904018411562,0.9110518888508466,0.976826838052047,0.9916240796901937,1.0,0.5359705433084385,0.5665912343088395,0.5481848245529535,0.5846307795241431,0.5884788058274856,0.562593233225557,0.5631234532293776,0.5518191734217474,0.5917969430942431,0.5626107182356295,0.5536894616103248,0.5463095783689436
Chroma feature 0,0.7955325337712096,-0.3036366124320694,0.0008606312811104561,0.2893809674829714,0.0615450568849096,-0.10325854167568163,0.029313001637880316,0.13456409302524264,-0.17443034302168403,-0.20638137305964777,0.03499205968943707,0.01766876143367744,0.037260809129147886,-0.04560624796799494,0.021585357446241956,-0.03281594046032744,0.022598181205523416,0.025858322295436685,0.0028709703329789994,-0.058414965104956765,-0.058094927036025666,0.034269143776443564,0.16545887364093742,0.5057131808391535,0.1652047829941849,0.7101476217409242,0.709300351897315,-0.3704224440782501,0.15904956465027886,-0.11798301342876702,0.46956192109109174,0.4708347237618171,0.5527529052518084,0.5337240069750419,0.5484774329914965,0.5398453251458483,0.5783734306007765,0.5668045994462263,0.5583664266276388,0.5464600906716153,0.5825693954467923,0.6149466921646948,-0.053377674513794236,0.4449163115512999,0.6650946983719097,0.6575487456186272,0.6554290157624797,0.5936296798744461,0.5812012930174513,0.5910471925149012,0.6142649966294529,,0.6835711147819276,0.0792467155164369,0.31543659933389906,0.38983442832627546,0.3772194610987898,0.5405834018462636,0.49706034853981795,0.5003002811113646,0.8329524597224255,0.7133412362702558,0.7092386128151044,0.7425698625060457,0.5610217122057399,0.8384178597511974,0.6624368176933897,-0.09757004175869032,-0.1281104140424233,-0.35310870789445997,-0.15512471243414983,-0.24953558068520126,-0.09455157573895424,-0.0582375270782985,-0.3781512871621876,-0.38873042482343023,-0.3578673555572816,-0.4068469328163555,-0.8500821992795462,0.6443049507773203,-0.0031576120078282035,0.37568738068795576,0.27429882672026,0.3384246909177295,0.2856358228938664,0.3833595150063099,0.38369423754190773,,0.6338816485279702,0.58363309836571,0.4906431735062893,0.5684082611089315,0.5359705433084385,1.0,0.9204710907029348,0.8283742684241578,0.8148863168475962,0.8016407288168259,0.801193812495022,0.7680601819229442,0.7691052667113032,0.7809672921245789,0.7974888197732917,0.8940758484424945,0.9662142335532213
Chroma feature 1,0.8196523598336148,-0.2794540255581768,0.026408990004011767,0.3043756545928896,-0.006729250264149249,-0.05084408588945218,-0.02905659745813247,-0.039693315538041625,-0.1728008538785704,-0.2318793355558144,0.03604479815553256,0.05641875231396276,0.03938358356561145,-0.0031326535865836415,0.0377013558245993,-0.03433847806136409,-0.003031991911126574,-0.05021938478299976,-0.02321346616277872,-0.01702194425082335,0.023632570783510564,0.06351836763672583,0.1957873339295071,0.5332532169124572,0.18455636155945931,0.7359257503699097,0.7381932332736997,-0.37052815128489336,0.19920365929631165,-0.10038487502601691,0.4903168610951098,0.502838126341448,0.5765083628375257,0.5805211601846104,0.571402777991441,0.5708238257814077,0.5935343029749525,0.567819073790763,0.5729075475107336,0.5598245381266644,0.5630461635892007,0.6172856475540108,-0.03908734627764255,0.47289297963616606,0.6745027474855626,0.6889210337171785,0.6906663697247445,0.6339192749852528,0.6200616451825415,0.6388792842371233,0.6550894066579048,,0.7302216677674781,0.10477791648380659,0.34217856154451787,0.4223739447971251,0.41167403425381965,0.5734563396297911,0.5374830797733443,0.532690016452497,0.8480665414744446,0.7263536358507922,0.7242417711386557,0.7574888403393427,0.5983279083359738,0.8547693243977226,0.6293607246207884,-0.09731985670522417,-0.11391802686387385,-0.2999292191582776,-0.16863198790425243,-0.2626766268645946,-0.11942720210337378,-0.15858397765996313,-0.44148977257156014,-0.3871645124212357,-0.23249598533688942,-0.3261671446693118,-0.862745484353771,0.6445706981589812,-0.06859043934126682,0.3878850082740556,0.2642708262163472,0.28259804163584795,0.23954832734005946,0.35930839121705077,0.3558856821319363,,0.6611576686465401,0.6178452090349578,0.521649290664706,0.5999929589498827,0.5665912343088395,0.9204710907029348,1.0,0.9373290956780713,0.8964951965892805,0.8472355602674543,0.8244356161452826,0.8017927634867884,0.7778276770010929,0.8047783441977903,0.8161335595851711,0.8488006982918498,0.8744806308097425
Chroma feature 2,0.7887423550660129,-0.2617083009306826,0.06868471112486656,0.3235562195598235,0.04084050138358368,-0.016551746005687228,-0.07930156308591679,-0.18936244151589077,-0.1585454440121231,-0.18127494774280808,0.037240526193302786,0.07190840700773028,0.030791332555712054,0.003404599197038035,-0.024540048060060212,-0.018088249858986633,-0.07286872726820015,-0.11473709361532891,-0.03530275325559174,-0.027031129938816723,0.07228002256154022,0.07950431971191621,0.2098336526748823,0.5381441648868317,0.1880297464975737,0.6957087628197065,0.6993552400125856,-0.34969184658769525,0.21618869334096621,-0.08692613711313794,0.47469379026888264,0.47110003106796133,0.5387960621031679,0.5334847675515373,0.5406060092210051,0.5231927981732554,0.5621781542228818,0.5251284449434881,0.5380552115421611,0.5169341297731047,0.5221774799589124,0.575857109939024,-0.028008080478713133,0.46856069035044745,0.6277916459319829,0.6604578472095861,0.6562622144652112,0.6084637693746282,0.5952247975890215,0.6101701818786972,0.6249890068257575,,0.7172190737476033,0.12098881155326378,0.35195850833753606,0.4258858627641863,0.4181641550425011,0.5499508268319473,0.5344446975019692,0.534154386495255,0.8137909191136355,0.6851793745381616,0.6842364042219011,0.7334716445702119,0.5788902839276704,0.8197802210204467,0.5707818478958393,-0.06498781450980073,-0.03754483283770622,-0.2978639547918528,-0.15760241916236334,-0.2726687871125479,-0.16530674113793667,-0.2872086337615305,-0.4671363327293718,-0.2878884820623756,-0.14873065487032397,-0.29705089656058153,-0.8257463910248434,0.608387615032251,-0.14137477184101732,0.355796423441475,0.23190900751195903,0.29752436405795984,0.24697500519441104,0.36062731756192973,0.34227953112838405,,0.6342440912737621,0.6034883743332402,0.509472482660317,0.5810140082484413,0.5481848245529535,0.8283742684241578,0.9373290956780713,1.0,0.9583995473902426,0.8692253772942643,0.8177974336979636,0.7947191414148997,0.7696207991480157,0.7729963371078746,0.7920938118457366,0.799997196137133,0.8033822426635152
Chroma feature 3,0.7894146351834185,-0.2657958327332203,0.13146893089451728,0.3709443800383081,0.03545270982808123,0.03820152897496003,-0.04916064657854126,-0.20010838544960705,-0.11735857995035788,-0.1143836197265953,-0.012066552623600048,0.08083232525968073,0.02059131223745339,-0.03658480920709036,0.010145909036359898,0.03782894844270246,-0.008281824770468679,-0.07327097667775992,-0.035232344633378515,-0.018907303179656096,0.07490018944534269,0.08985623300396138,0.21711113803274468,0.5511313582892794,0.18853725212157174,0.6987369787356211,0.7027496878194808,-0.3465273154654231,0.22297132095050043,-0.08504524171885114,0.46916611292081706,0.4653088485518914,0.5394330861122664,0.5093328742471172,0.5382338673810986,0.5245581271876815,0.569016325277538,0.5197884651102823,0.543489649765582,0.5012871740200983,0.5285650851045317,0.5704018427864824,-0.024473645287021076,0.4821491148855275,0.6168706093869906,0.6406770910558872,0.6358340635139791,0.5922248215549072,0.5769513185003248,0.5889258302029219,0.6071051780355449,,0.7332427900920697,0.13374013532699489,0.370745907266619,0.44265652399192656,0.43251764932131326,0.551957256947799,0.5366643603060187,0.5566868268321152,0.8116440246075158,0.701798911573202,0.7029112521777834,0.734325306005054,0.5864401048116191,0.8202677202036159,0.5764119290619454,-0.01051520035647212,0.03789870198391246,-0.23107131794280086,-0.09383111961764208,-0.2170976740115876,-0.16457027553895487,-0.29425221497374404,-0.4282041704378446,-0.21486326038394438,-0.11202782907126539,-0.31387089358556197,-0.8234335227784877,0.5764761698742091,-0.1046619172228603,0.30079701922348173,0.24381496394783245,0.29215209197403497,0.24697420272388557,0.33852248296200116,0.32385045409512314,,0.6653279805438558,0.6215156940516346,0.5451329300840276,0.6107598431838905,0.5846307795241431,0.8148863168475962,0.8964951965892805,0.9583995473902426,1.0,0.9452131004028433,0.8755728219883837,0.8333751206749268,0.798956385992676,0.8133350477648339,0.8003400373334472,0.8055723568568419,0.8103358679968137
Chroma feature 4,0.8062010793318742,-0.24798348190309777,0.13824905411427946,0.34109714233104527,0.08872812631055924,0.12702444980581273,-0.011566583919193551,-0.19692114679053238,-0.027726482327268036,-0.06821210177034473,-0.08656970722118082,0.10730624197305909,0.07024411443712404,-0.04111035559317269,0.034001217151296406,0.010812974111959547,0.047934541818559134,-0.004608990505691989,0.03315659012777874,-0.023583593823563634,0.04592530906783136,0.11029533893935359,0.24217664689245771,0.5067037729981602,0.17823485059802427,0.6803404427799858,0.6860642073127184,-0.35516849107292586,0.25402613974715643,-0.0960451056844087,0.5023530639128181,0.4717400841011664,0.5630731513584942,0.5295003000588139,0.5778348093873771,0.5627792301838488,0.5930542680866173,0.5524871156639276,0.5728785583901075,0.5352864812164295,0.5779811228047987,0.6061648116225941,-0.02373725587463534,0.48747177679604603,0.6436125831034596,0.6653901582321248,0.6625732681369739,0.6237722680993422,0.6071147176179755,0.6144155867141755,0.6362254256491651,,0.7321776334124818,0.15167200314848003,0.38032579358363133,0.43509308102575955,0.42390019495984077,0.5812462294090711,0.5669255373610346,0.5289536277544022,0.8274525419436495,0.7062856451830865,0.7086298509776633,0.7398409416980167,0.616459490385357,0.83555895884868,0.5814371902720357,-0.008293249045518215,0.04242966065931976,-0.24155303242689014,-0.06701290869180593,-0.18990390642496105,-0.13379167842925535,-0.26567202714094174,-0.3421613358944062,-0.1040764226089873,-0.06351381787202764,-0.3150077095562729,-0.8362966255253055,0.5867594767185283,-0.13559678616127524,0.3036175745692861,0.23329384137319467,0.31920851268076966,0.2863672888862874,0.358396886606484,0.3303899467254492,,0.6822337734875186,0.6402971413866044,0.5567969842147098,0.613537850018604,0.5884788058274856,0.8016407288168259,0.8472355602674543,0.8692253772942643,0.9452131004028433,1.0,0.9546871385825519,0.8898006361749186,0.8464366968187735,0.8441547471673608,0.8106056276290109,0.7946426928821935,0.8055032669716915
Chroma feature 5,0.799228429064413,-0.24832548357223477,0.0976783959231085,0.35693581282469405,0.15263633165923784,0.10384677035861273,0.0063573811394300375,-0.16499422207830292,0.04916709290971303,-0.018166428467757758,-0.10132606459129564,0.08369201506962254,0.09832370667732285,-0.05145938448121388,0.06338005851176996,-0.025084441922062977,0.06308534075799316,0.04169888578168302,0.05012039937831408,-0.0428710737429402,0.021655309709330797,0.09533559772205506,0.22425786450589527,0.4855203479726349,0.17897161181230267,0.6683623866645814,0.6721269851399162,-0.35003973452897624,0.23633007230726338,-0.09333324303665044,0.4996600113127062,0.4806748863442228,0.5680381720156237,0.532944157761308,0.5854504310449081,0.5649095949579306,0.5948200549466811,0.5618807922233815,0.5538976123254129,0.5434823831801361,0.5889555633315283,0.6287162712440225,-0.02570529077441565,0.49571442827428547,0.6634740197825053,0.656433138559125,0.655858210225489,0.612066883913977,0.5899654573039919,0.6000248055290659,0.6215134485172014,,0.6948820464127837,0.14333851466566164,0.37868055193927147,0.43740525421054444,0.42686492282818933,0.5476918521150057,0.5227648203009205,0.4963149409403748,0.8247748830506174,0.6939648215723501,0.6942690893215829,0.7373328826769987,0.5806765273843092,0.8299213729758684,0.6155755835713297,-0.012225829161158061,0.03952089997008372,-0.28335446654394575,-0.09468949475454394,-0.23417053840254928,-0.1861350788911356,-0.24085865637316678,-0.2717466173499814,-0.06861186770912765,-0.08553994993935463,-0.3315929867320424,-0.8364998063311456,0.5989731617294474,-0.1072995006620041,0.293928219696045,0.23069472334570676,0.3611175147244436,0.304105782778268,0.3670532636268759,0.33658273787928117,,0.6550421076730155,0.6093021868319214,0.5263361408934167,0.5881635570675527,0.562593233225557,0.801193812495022,0.8244356161452826,0.8177974336979636,0.8755728219883837,0.9546871385825519,1.0,0.9507928584179968,0.8969089910683357,0.857051671355229,0.8113886932956352,0.7976114825002073,0.7965156352435261
Chroma feature 6,0.7938449033071477,-0.25383679917044993,0.10206465118196237,0.3332440633692099,0.21102872543977091,0.11597319137762035,-0.03173059684509219,-0.10177787104461171,0.12369243285062696,0.00738292811000114,-0.10480797533076852,0.0478777661806372,0.041085370409316334,-0.00948043466601521,0.07861501639773369,0.03011892272450293,0.05601818642787943,0.016925587196730506,0.04968659855559723,-0.02875726839906836,0.05753197909891623,0.09979348839640546,0.2403731464837531,0.4588059190181514,0.17710584542985153,0.6639211466202045,0.6690995594899196,-0.3486369231615788,0.24223527071005282,-0.09036323412470368,0.48792737940602127,0.46746977645174315,0.5690737360600495,0.5363878020091369,0.5841438170919512,0.5558112091979062,0.5704483804787625,0.5480911332515526,0.5348975329157374,0.5452226263679831,0.5590970904736821,0.6032387304832754,-0.021891919748647914,0.4812308595733692,0.6621696070252562,0.6485466453702782,0.649089495366807,0.6051451201727636,0.5823364678469046,0.59841906556806,0.6160050231588753,,0.7013361140479286,0.1322889763260968,0.3498728581434498,0.4040598807180975,0.3907039908951212,0.561191836133479,0.541167446802592,0.48556554209313096,0.819576259805732,0.693365246096225,0.6953381529656875,0.730517523262714,0.596010136843966,0.8244357909116508,0.60252930753168,-0.038856643421324256,0.037367799076460435,-0.3221718559689543,-0.14221284830133718,-0.25577079530091573,-0.1888402998120586,-0.22745584450535022,-0.21194739588954076,-0.017491923959515033,-0.13027181551546899,-0.4121803579324333,-0.8271166530027977,0.5812972574654642,-0.1256523564165478,0.2588588638621654,0.24214394830834612,0.39143714160997384,0.30521061220271334,0.36875796322677207,0.3355703355881469,,0.6662057006739784,0.6218943635031166,0.5383593949893031,0.5834105732112527,0.5631234532293776,0.7680601819229442,0.8017927634867884,0.7947191414148997,0.8333751206749268,0.8898006361749186,0.9507928584179968,1.0,0.957285971022708,0.8911373694561086,0.8282589323934024,0.8028681622995999,0.7851308466176373
Chroma feature 7,0.7921933376838691,-0.24995092510325004,0.09794465405069842,0.31842812857163666,0.2573514192460655,0.10474900613672596,-0.01763695553993888,-0.0022940113218257417,0.16658716471327195,0.025860117954385142,-0.08644677015096001,0.041475758628847094,0.030542896875634967,0.029197406951396946,0.03139925835672833,0.05715979226836546,0.039769110805666585,0.0025315110946723643,-0.00028085218823985605,-0.024936246033601037,0.01588653080793809,0.10033066605141289,0.2416533846120584,0.45768203793704687,0.1843825287050693,0.656644537544426,0.6601990013817688,-0.3430258443397396,0.24139568521355562,-0.08165309220962957,0.48713969724056855,0.4509975219380675,0.5660355588163433,0.5357237754474314,0.5823075397398708,0.5441030355124012,0.5563494101778834,0.5433444029333205,0.5379628283519519,0.550348420095329,0.5558449616789402,0.5946539367410006,-0.010759226272087584,0.48286403127205424,0.6661995601212137,0.6535068025593811,0.652877304409062,0.6053262106526123,0.5814399893253365,0.5961835326230338,0.6102914177232291,,0.6896686770677777,0.13595231462636262,0.34920639947078747,0.3956212168407718,0.3866485921576832,0.5585775748992978,0.5341765563297182,0.4909008497755762,0.8134080403039832,0.6961269140746026,0.6972531955880863,0.7323493323869527,0.5906613268742502,0.8196651247173009,0.5983736779395622,-0.03684213034144193,0.0024179223680959156,-0.36969491156666506,-0.13511121650989974,-0.25790325500491007,-0.1745544563623599,-0.18662500255443243,-0.15315749902768044,0.0031681005623481135,-0.1822910956743939,-0.5001835698425081,-0.8223644291296704,0.5809736179244296,-0.12602813772828095,0.27407444133541103,0.26658290404766727,0.4292578811734867,0.32931374081262593,0.3817647885283114,0.34043393708305864,,0.6638946917725634,0.6178041305365889,0.5309465802398212,0.5723085980978662,0.5518191734217474,0.7691052667113032,0.7778276770010929,0.7696207991480157,0.798956385992676,0.8464366968187735,0.8969089910683357,0.957285971022708,1.0,0.943930078196799,0.8621726633552732,0.8223776044667824,0.7887298629912135
Chroma feature 8,0.7983237286682761,-0.26753737278532114,0.14364136536515948,0.31244788457787553,0.23243720594362774,0.09678638195780907,-0.009913576003459058,0.1045605820453259,0.1389587831017645,-0.03231240112415683,-0.06644156186208725,0.025855143856026643,-0.04226877601805772,0.025229829396895102,0.036161845413124415,0.046754819914584175,0.03559398130621511,-0.030862426769925292,-0.0815388026178587,0.019133787212699614,-0.003522640701356675,0.09985149126437563,0.24339848048481205,0.4591007952637695,0.18045179304557477,0.6679224966628695,0.672138799504886,-0.34942807587266755,0.24398026708435205,-0.08943215522058932,0.4601751779976785,0.4359201164646978,0.5581241279141752,0.5267003381068137,0.5631352589078651,0.5267560423779492,0.5418488059117379,0.5263006404783143,0.5485379005992082,0.5202797200800673,0.5369768466825382,0.588497107235644,-0.015661814617407885,0.47763495503525616,0.6529926674999382,0.6452597669354007,0.6457384599672902,0.6008871882393819,0.5838769070840957,0.594476514180101,0.6204504946629916,,0.7149933084282484,0.1322353373696773,0.34729179574711333,0.39303821697275243,0.38165846930131664,0.5858186603719225,0.5585999285897582,0.51287070152716,0.8223023591008042,0.7179406338170853,0.7207368858073776,0.7376587326971459,0.6223811115289791,0.8317512416411358,0.5896981369572143,-0.022546765083912228,0.0017860623371286593,-0.32635375509276515,-0.11560461360819556,-0.21632673984275105,-0.14575250968627196,-0.11427934629549234,-0.13768067066770145,-0.052153400674794,-0.25647520200167584,-0.555682589018179,-0.8299950940045867,0.571809505395553,-0.1191547260678751,0.2844427825088893,0.26007454068053115,0.4087152379507461,0.3272033116148292,0.38034983988133586,0.352885634646573,,0.6981415779385716,0.6501308438864529,0.5698330647574977,0.6145299995124237,0.5917969430942431,0.7809672921245789,0.8047783441977903,0.7729963371078746,0.8133350477648339,0.8441547471673608,0.857051671355229,0.8911373694561086,0.943930078196799,1.0,0.9512095575668107,0.8826757640341826,0.8154616739890753
Chroma feature 9,0.7976417487844472,-0.26850550492253145,0.09825328596409895,0.27873085823365557,0.23326567770768694,0.06955762691866989,0.0029087442884427315,0.17119635128285254,0.10108131894012932,-0.12907485321608927,-0.02058143837126834,0.0064970041131683556,-0.059954748780853766,0.03798693922162213,-0.029052669514243096,-0.003356519633602488,-0.0047902420931547705,-0.08610322299232788,-0.09215199313888835,0.008567931892650905,-0.002685642439542438,0.09053903443231771,0.2333202745924817,0.43492114605151966,0.17664947670312303,0.6580865852448478,0.6623201868762075,-0.3569246049854139,0.2371496551681515,-0.09529232568465545,0.4664882487154993,0.4425637354562007,0.5582370357395161,0.5250063046215564,0.5592002877517134,0.5162756215588078,0.5456987886325975,0.5269552918196503,0.5601467421173966,0.5157970581146281,0.5459428454925694,0.6006796653580178,-0.023311341689359676,0.4607450651350375,0.654346982156347,0.6616473577040749,0.6538971019097729,0.6028032062830444,0.5945081264741205,0.600306683837424,0.6326351948759746,,0.6998997996971368,0.12564069674034878,0.3372258912083022,0.3843974750020648,0.3703966976121557,0.5899714863899685,0.5618805941432344,0.48664359945504193,0.8297907048360705,0.6996751754791243,0.7004630055768892,0.7418444304389108,0.6192671820454001,0.8389851269009693,0.5957765118097846,-0.061099322512848664,-0.0576696457741,-0.35153730847082953,-0.14223528220438483,-0.23840615977071075,-0.10189207915558499,-0.08170887440152196,-0.14868454507688136,-0.10566651257616776,-0.33269853975559754,-0.5825787407018604,-0.8398734801982684,0.6113868936503788,-0.1424917530106813,0.35488183437026277,0.23755421496388573,0.3952259077888891,0.31907498239446874,0.3751253214418979,0.37801983231995645,,0.6662943301424971,0.6347660707556875,0.5376594094643535,0.5932957960326614,0.5626107182356295,0.7974888197732917,0.8161335595851711,0.7920938118457366,0.8003400373334472,0.8106056276290109,0.8113886932956352,0.8282589323934024,0.8621726633552732,0.9512095575668107,1.0,0.9368165886813448,0.8449154100132791
Chroma feature 10,0.8005866953270747,-0.30596685511781446,0.04732932405162937,0.29632907017337096,0.17110824595906488,-0.035278023530558957,-0.0038320791171726366,0.24937057304630783,-0.010382308169501028,-0.15798618646365561,-0.0060332175496876205,-0.026530254578620734,-0.03468297276288083,-0.005067152628650231,-0.006332983112092695,-0.008618688860693486,0.023643240216701205,-0.041493043785799884,-0.06711612006411864,-0.010056768490064668,-0.033844361120905164,0.06231983472271576,0.19938581956360477,0.4770094233478053,0.17379912020303415,0.6994912447965216,0.7004292394986278,-0.3725084576341884,0.1942069330952793,-0.10927595203616526,0.45671042444967686,0.45263187382293474,0.5595001601965574,0.5199450039214016,0.548320250880321,0.5122163214295629,0.5546871379627399,0.5404409074897473,0.5526088805511169,0.5210525458006425,0.5617663869401278,0.6165713780035365,-0.0409763030201109,0.448436972182163,0.6688786438865681,0.6564200773721729,0.641563192718985,0.5759999047033814,0.5661919217609589,0.5719730323376644,0.6065660495332945,,0.7048876856149907,0.1007989843723025,0.3201889276950619,0.3808565444523866,0.36245867911912616,0.5707132127247185,0.5292659173316785,0.5054046786864093,0.8409891749493787,0.725251306718337,0.7233391496479431,0.7574669843926427,0.5914095985031371,0.8498826018037243,0.6531146189225046,-0.0969357234375195,-0.09404939099919664,-0.37803777903491753,-0.17598433748149725,-0.2561855660835717,-0.10437581872339585,-0.01830248238582681,-0.22087892686705318,-0.24014552128027428,-0.40541858760990473,-0.5534852762054254,-0.8556924459629804,0.6369542282476868,-0.039168190418489526,0.3481888462629403,0.26092025574994554,0.36930218315682545,0.3190702586468913,0.37836564203702927,0.3902734608638617,,0.6652774842915135,0.6146491851867961,0.5187829020660922,0.5828161845731512,0.5536894616103248,0.8940758484424945,0.8488006982918498,0.799997196137133,0.8055723568568419,0.7946426928821935,0.7976114825002073,0.8028681622995999,0.8223776044667824,0.8826757640341826,0.9368165886813448,1.0,0.9510588310494896
Chroma feature 11,0.7986069531083149,-0.31390176723912844,0.02958499137875311,0.2887078967700678,0.11144850469907093,-0.0682996353113836,0.013510850384145245,0.20446887049532433,-0.11420966498075674,-0.18027910763286303,0.03233686561588026,-0.024750757794313693,0.0006138852606728497,-0.029068575187096053,0.017226090173997538,-0.014907773915482096,0.035856101911644046,0.01765054426042366,0.0035652591567039036,-0.036534854396352796,-0.05206647843127201,0.05099734808732,0.18799853773504105,0.4930930866699671,0.16402315604556733,0.7109839623290414,0.711668546580586,-0.37466590904371594,0.17683026576144806,-0.12074719684205495,0.46206917318858265,0.4527656163355324,0.5510233341341345,0.518608053986581,0.5425416609383433,0.5240283402454059,0.5670907321793023,0.5566246110221369,0.5552606815875883,0.5383488941447029,0.5803130069934641,0.6152624806563247,-0.05008845303255197,0.4338321010566378,0.6642549774890705,0.6534991038550862,0.6493305249747722,0.5852644748102006,0.5748409452245351,0.5820437727140799,0.6141526239959745,,0.704938146020587,0.08609995340984383,0.30538542582015565,0.37098526144258936,0.3520994008091687,0.5604340108854279,0.5213429614965376,0.5043327248410973,0.8382138432702405,0.7272841521701146,0.7245658889903258,0.7494204893544054,0.5811902776899699,0.8450774310668924,0.6681645808396721,-0.09098125286822001,-0.10088245727591746,-0.3550306655653268,-0.16452131063743441,-0.2518375827837791,-0.09617638927536198,-0.0347626528922397,-0.31221742718916523,-0.3269460358594392,-0.3973689137681417,-0.4850766713655557,-0.8521108524675965,0.6363981627331691,-0.010658481037271428,0.35994881527172334,0.26589242864095586,0.36539172063371517,0.3030829006104974,0.3803054607186872,0.3761492903225239,,0.6587165463272582,0.602169056974597,0.5093815628585764,0.5754596404289429,0.5463095783689436,0.9662142335532213,0.8744806308097425,0.8033822426635152,0.8103358679968137,0.8055032669716915,0.7965156352435261,0.7851308466176373,0.7887298629912135,0.8154616739890753,0.8449154100132791,0.9510588310494896,1.0
