,Principal component 0,Principal component 1,Principal component 2,Principal component 3,Principal component 4,Principal component 5,Principal component 6,Principal component 7,Principal component 8,Principal component 9,Spectral Centroid Overall Standard Deviation,Spectral Rolloff Point Overall Standard Deviation,Spectral Flux Overall Standard Deviation,Compactness Overall Standard Deviation,Spectral Variability Overall Standard Deviation,Root Mean Square Overall Standard Deviation,Fraction Of Low Energy Windows Overall Standard Deviation,Zero Crossings Overall Standard Deviation,MFCC Overall Standard Deviation 1,MFCC Overall Standard Deviation 2,MFCC Overall Standard Deviation 3,MFCC Overall Standard Deviation 4,MFCC Overall Standard Deviation 5,MFCC Overall Standard Deviation 6,MFCC Overall Standard Deviation 7,MFCC Overall Standard Deviation 8,MFCC Overall Standard Deviation 9,MFCC Overall Standard Deviation 10,MFCC Overall Standard Deviation 11,MFCC Overall Standard Deviation 12,MFCC Overall Standard Deviation 13,LPC Overall Standard Deviation 1,LPC Overall Standard Deviation 2,LPC Overall Standard Deviation 3,LPC Overall Standard Deviation 4,LPC Overall Standard Deviation 5,LPC Overall Standard Deviation 6,LPC Overall Standard Deviation 7,LPC Overall Standard Deviation 8,LPC Overall Standard Deviation 9,LPC Overall Standard Deviation 10,Method of Moments Overall Standard Deviation 1,Method of Moments Overall Standard Deviation 2,Method of Moments Overall Standard Deviation 3,Method of Moments Overall Standard Deviation 4,Method of Moments Overall Standard Deviation 5,Spectral Centroid Overall Average,Spectral Rolloff Point Overall Average,Spectral Flux Overall Average,Compactness Overall Average,Spectral Variability Overall Average,Root Mean Square Overall Average,Fraction Of Low Energy Windows Overall Average,Zero Crossings Overall Average,MFCC Overall Average 1,MFCC Overall Average 2,MFCC Overall Average 3,MFCC Overall Average 4,MFCC Overall Average 5,MFCC Overall Average 6,MFCC Overall Average 7,MFCC Overall Average 8,MFCC Overall Average 9,MFCC Overall Average 10,MFCC Overall Average 11,MFCC Overall Average 12,MFCC Overall Average 13,LPC Overall Average 1,LPC Overall Average 2,LPC Overall Average 3,LPC Overall Average 4,LPC Overall Average 5,LPC Overall Average 6,LPC Overall Average 7,LPC Overall Average 8,LPC Overall Average 9,LPC Overall Average 10,Method of Moments Overall Average 1,Method of Moments Overall Average 2,Method of Moments Overall Average 3,Method of Moments Overall Average 4,Method of Moments Overall Average 5,Chroma feature 0,Chroma feature 1,Chroma feature 2,Chroma feature 3,Chroma feature 4,Chroma feature 5,Chroma feature 6,Chroma feature 7,Chroma feature 8,Chroma feature 9,Chroma feature 10,Chroma feature 11
Principal component 0,1.0,-5.314135728127141e-15,4.7618376719967163e-17,2.1800847675938124e-16,-5.98729308674276e-16,-1.3236468164382856e-15,-1.3109558232404801e-15,1.9219064867889765e-18,2.8729813402793157e-16,1.1049868365028727e-16,0.7184934904191315,0.7839805803836136,0.48131494916398815,0.8135464020144928,0.6533585267709767,0.6540182136213112,0.4296500098894758,0.7583579909604624,0.7597859185462471,0.8848566195993194,0.908901459929741,0.9124045443987395,0.8966930815348815,0.9016644029494816,0.9045892958944461,0.8932836696218827,0.916294482480048,0.9018642909087031,0.8896684377625024,0.8958863121481906,0.9013732811272473,0.815954164325312,0.9346094102349349,0.9717368893575037,0.9538877837317489,0.9588675222789131,0.9459120314130243,0.9259059506881322,0.9370008590973877,0.950404056255115,,0.6511198571237707,0.8194020239291978,0.906712233182914,0.8983990525163309,0.9037337930364722,0.8529929603909412,0.8481391559831146,0.5245709312807253,0.8442446032421503,0.5976802011948711,0.6001346575434561,0.8409657788894505,0.8464501083104492,0.8470206784945071,0.18646775036431384,-0.3200668572195738,-0.5816138113906391,-0.6362199563571979,-0.5158262796035004,-0.6313266031800566,-0.24783037801948718,-0.5097509849609542,-0.03035093354646814,-0.4673747602983496,-0.31315031725087134,-0.41060745661093395,-0.8226330465370376,0.8081747768647487,-0.2942682209765344,0.6461746090901794,0.7106593222801733,0.36162445821140476,0.15973637306928215,0.6767256146764338,0.6791022247255376,,0.617648616586617,0.8857562283022445,0.8865007822158626,0.8232499549818137,0.8600621877901932,0.723113102774338,0.748442777795808,0.7647749136386364,0.7772533776549339,0.7778442271035898,0.7684830450269186,0.7773798494428956,0.7683594223196657,0.7783408578606821,0.776309971264279,0.7674087771858185,0.7424612561166487
Principal component 1,-5.314135728127141e-15,1.0,-9.504742411091494e-17,4.449181279994122e-16,4.881362809335887e-16,1.50687577439288e-16,-5.560897710809877e-16,-1.8660134226413576e-16,2.3655038155498723e-16,8.562066322102874e-17,0.4154715723410356,0.31738458281223664,-0.5302819390629957,0.48872713226563397,-0.6061224686208098,-0.6046734748329388,0.6614378895251578,0.29707541705451895,0.566332672276368,0.035721940499999605,-0.19230393341545154,-0.1442414247939041,-0.23616558357511885,-0.1191879366062591,-0.1932584660328596,-0.25521762947245014,-0.26025222310364116,-0.28964255044720155,-0.3447967066517005,-0.32334859558945694,-0.32206578579432793,0.4314110494159181,0.17229012619666212,-0.14390515259535674,-0.1755102542570167,-0.21077193404505992,-0.23412749578085534,-0.2499545861695702,-0.24670558437500065,-0.1879888982525161,,-0.5981386874949599,0.4452521312882462,0.32062279322622816,0.2390539938255229,0.2868224603329538,-0.18685605143040895,-0.18325962192166437,-0.5942680296241533,-0.5032420687974124,-0.6472147801815794,-0.6491385081568368,0.22200683402517563,-0.3610456941117582,-0.49674690038816477,0.11197358834835912,0.5302145364020249,0.6396510772696018,0.5256096976289415,0.4783147228924219,0.532826343727802,-0.03771721453861396,0.391863727187933,-0.0713596708963732,0.45791113386457155,0.07060611819195524,0.11016950277826165,0.5280656501369843,-0.5566294280969495,0.5563635545113967,-0.4658748794853942,-0.5623935756268195,0.08542675422657531,0.036247187312292733,-0.5315970104130032,-0.6077032798460426,,-0.6599702622104826,-0.31666192049051417,-0.28611942865738926,-0.39327272163725957,-0.288213186169985,-0.16370814387253887,-0.2560369813925813,-0.20640146934781672,-0.14313598632285365,-0.112759102121316,-0.09352133537539807,-0.1416773079614203,-0.14270983219417316,-0.11521874424093563,-0.1428727762782532,-0.12445023336958634,-0.10727234972235303
Principal component 2,4.7618376719967163e-17,-9.504742411091494e-17,1.0,-5.052905018919437e-16,-2.54817143760575e-16,2.7194512518920144e-16,-8.216441400626723e-17,1.130651035603038e-16,1.9696330384595637e-16,-9.411435664527614e-16,0.5485702252920361,0.5245857573977154,0.11297749521195152,-0.23590975470959807,0.11751804369717278,0.11887267001499602,-0.20855898317854243,0.5462718244850093,-0.22971730855528116,-0.12721404388054078,-0.12508557212403854,-0.15043080074365697,-0.14806526344610924,-0.15456608653215856,-0.1587206547436068,-0.10831497064332749,-0.11536746791625806,-0.0646294827399238,-0.035969084658508725,-0.058904012478754986,-0.05186495405897994,-0.3401942030036266,-0.19129409816006243,-0.04166499648959183,0.05012716811594806,0.049779348321010296,0.10691564477336034,0.11552528936239688,0.0801183272188212,0.05683726471559597,,0.13171708692473771,0.3482419173653014,0.07185405305285977,-0.1795391917222401,-0.12971625541046286,0.4127029384414927,0.4225814266255343,0.12866305585921223,0.048232601970853405,0.14878543205790062,0.14979447601504628,-0.10598966190443487,0.33402948129164256,0.06054740236739334,-0.40514495812162993,-0.07070080688257059,-0.06237692174997156,-0.010100365140141723,0.01774636521686812,-0.059747565603560024,0.04886140756961137,-0.04977983874497675,0.051930884442445306,-0.003067302350727612,-0.07891066619863918,-0.08938603014247795,0.05503419022449904,0.0031688191981782926,-0.29722093268526345,-0.011089774271359217,0.020160307224908743,0.002293255664125732,-0.18517091257464338,-0.01402333344568107,-0.035972735295264194,,0.15463319497959566,0.27749408309675166,0.18252531945565428,-0.08524094282576328,0.07269537608172433,-0.18443445250554313,-0.15350801437319922,-0.13399449087709286,-0.13065551502247758,-0.12522800633232486,-0.0971981978652887,-0.08218677334048274,-0.08808842182995481,-0.10801184648844127,-0.09184811152728883,-0.09199818104683805,-0.15232413561548003
Principal component 3,2.1800847675938124e-16,4.449181279994122e-16,-5.052905018919437e-16,1.0,-3.2922333124657146e-16,-6.607778532605103e-16,-8.218739450411539e-16,3.445190321135505e-16,-1.5604017859222218e-16,-3.3420650198017735e-16,-0.030545210610691206,0.018800995734077897,-0.003955824955328645,-0.062415131535814725,0.041162129051767526,0.04615461164531052,-0.19896420465822579,-0.02905751431576181,-0.07183702985309717,0.0533277221816159,0.047721529932403896,-0.08659454166612422,-0.039477664212765155,-0.1342460486384888,-0.10233068606515515,-0.09723258054087791,-0.035879984621506794,-0.07262652381911797,0.014038856470884613,-0.08542301627713628,-0.03579151846809387,0.015508631239833577,0.022283293006284375,0.014841880761786221,-0.0028969028599665912,-0.013421672142654944,-0.019402938911214255,0.029619222805228496,0.01074298093222358,-0.004882815882582887,,0.13337756544918147,-0.026384615178891874,0.05338809961593312,0.06165853345691525,0.05937169447358982,-0.015671118723320946,0.02426963851379288,0.016457480422354398,0.096806698507986,0.06327260348062679,0.06749710922818203,-0.03181443284746006,0.0018654429084105392,0.10339390414861792,0.5038745062549556,0.5999131935783397,0.39017075562516773,0.1612186211816893,0.5886936052500881,0.11639443928694783,0.005727242633870477,-0.3053681938689178,-0.5542909571575023,-0.2279268641981358,-0.7477459992558833,-0.48104187031379164,-0.11116648994392801,-0.0178486308467403,-0.08289097588281798,-0.06669509849960835,0.14579064335947328,0.43762566669071845,0.4198929796540474,-0.05929166672070797,-0.14085562600533577,,0.13487473410869777,0.07207559403281169,0.16894248419761904,0.14113209266043036,0.16487712314817932,0.37914755001849154,0.25692937745733746,0.28927062041233104,0.30122059796346445,0.27204263384448674,0.2766890944222749,0.297993296754981,0.3015984775912854,0.3412370955279262,0.3819899375041827,0.3992592825327958,0.428994202429721
Principal component 4,-5.98729308674276e-16,4.881362809335887e-16,-2.54817143760575e-16,-3.2922333124657146e-16,1.0,-4.996132944226701e-16,2.859815508123738e-16,1.7814503064537626e-16,1.6467677703973643e-16,-6.749335575826453e-16,-0.009757368562904408,0.01755736499182494,0.14990638370310935,-0.07494386624799029,0.07664248664306225,0.06633273670062557,-0.14508209212455286,-0.0168639562131033,-0.09196820724178867,-0.01520257212398844,-0.033873238215454696,-0.05582977578604026,-0.009452905083019119,0.07331813436507237,0.002890465604166225,0.02002486818180896,0.020131925747364835,0.07437077743078466,0.017991258781314582,0.11092838024626918,0.08781016964584418,-0.006278389673210143,0.05464773189046502,0.012513890890677485,-0.10539926918090498,-0.06040801722726485,-0.024690078450386004,-0.0622903178905867,-0.05791253410744257,-0.07207596536696298,,-0.0816537912386952,0.007494949375363672,0.10236722174950802,0.14800369928193985,0.10710778576601013,-0.049502589065855494,-0.03946364946879918,0.050056985423909545,0.012861947962345919,0.06062043624645695,0.05258591055325444,-0.03205333094898656,-0.06813718541690496,0.013532956732288558,0.3611335978397513,0.19409618103499976,0.14644134687887275,-0.054195021595262696,-0.18610225852160103,-0.19377607154294135,-0.2584028900656338,0.376341011359948,0.75600278871115,0.6209729147208962,0.06228338411066038,-0.36505586365488113,-0.025430252810877116,-0.0539427686874812,0.4795656160763197,-0.3277842306246784,-0.0787625092352162,0.5134398328462322,-0.03110055177240044,-0.09875666237591595,-0.1291293250759147,,-0.07734052447433909,-0.0010862498543650328,0.13416089043200147,0.19110579677750877,0.23346391130705885,-0.015788677441218483,-0.16407194577612733,-0.1628141326406541,-0.088434248077732,0.0847290623357427,0.18978195962000624,0.26061903932294056,0.2942535046179129,0.29968898447794334,0.24761249838653407,0.22041449239653216,0.09815468507611884
Principal component 5,-1.3236468164382856e-15,1.50687577439288e-16,2.7194512518920144e-16,-6.607778532605103e-16,-4.996132944226701e-16,1.0,1.2071260141758006e-15,-6.411112225508097e-16,1.163985076716644e-16,-7.720397123673795e-16,-0.012493229908845898,0.023078536673740314,0.2687790980441731,-0.15078672022787382,0.18614826267605739,0.1840361538261479,0.469729128454321,-0.08306913755677285,-0.1390640359018179,-0.08085922948276751,-0.0434311625330803,-0.012374945630863589,0.0003558873515146705,-0.03398807299173408,0.04805822354126204,0.010508644673481818,0.026925885361400528,0.05764697707390499,0.08831300191003569,0.05718677632713152,0.046989543638684905,-0.117396300915419,-0.05164885295798495,-0.025388954668277237,-0.03613077101513723,-9.878607121421286e-05,-0.0008587074715965974,0.017617785593364407,0.04120308730926204,0.024044208612528,,0.13559195915430192,0.014225761832092097,0.07245120741321988,0.03401522361324793,0.037887975733153216,-0.04757855163483587,-0.040842063698717394,0.25944826984049246,0.009958124184679215,0.23725039278336907,0.23427058456466188,0.24917513936973684,-0.03119426650576669,0.013368243072526903,-0.03697866439196507,-0.11883926022098491,-0.0412206859472357,0.035355424522335505,0.11654457439277192,0.08391874314124853,0.34386328120785886,0.11584949655856212,0.05666212044721249,-0.039667506821133895,-0.14286180395411024,-0.07489105329064259,-0.015593156626865003,0.01631106148897395,-0.007842628055979288,-0.17923582837887445,-0.035459733621324555,0.032552973097076804,0.042775749580395483,0.04090158164380172,0.04285991182520712,,0.1888430755893181,-0.013844280044677484,0.015258754916660306,0.06135862064623068,0.0460103461911254,0.06512790838680481,0.033936188330645864,0.0006777307052823424,0.0045850063706174,0.018824223712709403,0.01589312989433474,0.04372678664965785,0.061778504569619246,0.08184421100332205,0.0931009350591347,0.0714631845511877,0.04963458337315321
Principal component 6,-1.3109558232404801e-15,-5.560897710809877e-16,-8.216441400626723e-17,-8.218739450411539e-16,2.859815508123738e-16,1.2071260141758006e-15,1.0,-1.4763061951556425e-16,-3.3539450599228073e-17,2.4205085101947453e-16,-0.02605418310345844,-0.02346605008476424,0.2579579788978353,0.008616599116556642,0.22207097880459603,0.22361575226769037,-0.05136514628656275,0.03710726084333654,-0.012046988752267545,0.029217126514701895,0.06965428977944718,0.12256200442147319,-0.058936153772953886,0.030128627743336422,0.10670718219090668,0.08167582109844031,0.05259473929994653,0.06458901405224211,0.16365214890142588,0.07980089845817444,0.09375373428192524,0.0364541811229085,0.11893187957441487,0.026478137821788043,0.0493820843415922,0.014355093576417345,0.017849914992183507,0.013079079667995505,0.0017900450712381357,0.015316732308267082,,0.18678624122122145,-0.029918094944577697,-0.004822140790115054,0.050895184844551127,0.01767957124392278,-0.0353354583094082,-0.028095714539863006,0.21587750500494773,0.008829317141312033,0.1846505987248505,0.18194001754403769,-0.18503530382723155,0.006718857299503689,0.005532880516971077,0.17036309995414078,0.04132287933104719,0.07151061918916335,0.10699552934390684,0.2370953830626962,0.10837919619222132,0.18378811548027807,0.10409035069908389,0.006240527729292706,-0.03599079753949273,-0.3554503861418281,-0.23166897885954382,-0.004765561780629702,0.002285556531519182,0.15083114388712396,-0.22833365295375643,-0.038445981511954684,0.1650340839764531,-0.008493526698727352,-0.03519319867537187,-0.0020167529932799536,,0.13896699225210385,-0.004603018264752857,0.05838327061219629,0.1149745895721931,0.12368664224558347,-0.3197210874477176,-0.3504308479498798,-0.3652820621576657,-0.3852147424318484,-0.4206981972301362,-0.38668335544468624,-0.33202062202107185,-0.3063292808079913,-0.26929495512668594,-0.2382450848382142,-0.2736961773637478,-0.32375463792356884
Principal component 7,1.9219064867889765e-18,-1.8660134226413576e-16,1.130651035603038e-16,3.445190321135505e-16,1.7814503064537626e-16,-6.411112225508097e-16,-1.4763061951556425e-16,1.0,4.0039661494868093e-16,2.2163418791518634e-16,0.004680314403802666,-0.013816715932571081,0.14330816606655072,0.0726708806889451,0.1240638927530889,0.12473505821112607,-0.1723137326644344,0.008329110527266292,0.07106165280901275,-0.063633469228924,-0.042709461737965394,-0.0035643193453954395,0.07732574616043164,0.03591473552702568,0.03241425104649978,-0.08856944673096734,-0.07395234457222531,0.008946587456063443,0.013177417298824235,-0.0383462395370069,0.01408187132966419,0.02138264905986513,-0.006215439177536942,-0.03676540834364047,-0.017251172272863026,-0.022328994078633452,-0.05013675572512985,-0.04045901419483086,-0.03168932698775848,0.019102663096294888,,0.09096871249696264,0.0042575520952219,-0.016489756257791345,-0.02260733496241412,-0.02812602517951966,0.11584714622494091,0.10425790044785835,0.15365942930420012,0.0357710720479457,0.10466324069842076,0.10131390508468353,-0.014382691231119335,0.07620915381085383,0.029886285640535557,-0.06972307957199816,-0.2714342058956364,-0.07066032007987486,-0.0151241579148272,0.027774082212079335,0.3647881303083114,0.737123665402413,0.43341691679898847,0.11420819301778784,-0.07497456339787997,-0.030242930194741367,0.060360367373412875,-0.024888450270675416,0.06241118084063027,0.1091400685554523,-0.20233259829271116,-0.26372605415923933,-0.26769528539526827,0.09743137126533034,0.08004981669425738,0.10770558175181223,,0.06998829972397909,0.044125776227684786,0.012688648550748409,0.05273125763315702,0.053218070031689144,0.15533167760541852,0.21259330522264566,0.13218828096854732,0.09946858371753652,0.06703302050164633,0.015155977438165479,0.0382457229640315,0.07947059361888242,0.15011407185412054,0.1619291666739511,0.15839632756310412,0.1084461800508355
Principal component 8,2.8729813402793157e-16,2.3655038155498723e-16,1.9696330384595637e-16,-1.5604017859222218e-16,1.6467677703973643e-16,1.163985076716644e-16,-3.3539450599228073e-17,4.0039661494868093e-16,1.0,6.852983681033486e-16,0.00774557035621573,0.018856102410500244,0.31182303880878715,-0.00554307343721964,0.11479236208560693,0.11659000221014547,-0.033332916526334404,-0.005920701335018733,-0.002689505093613861,0.175160142518033,-0.11067074044199732,-0.14625987112898511,-0.06555114661782498,-0.09166605777583897,0.03509918552733522,0.0999819557939492,0.07482211285885952,0.013932024767025819,0.0933591444695025,0.08449435158921682,-0.028824217245633638,-0.0009467596795052384,-0.004059537102007127,0.048064867898180624,-0.056338998368212066,-0.007127655075358096,-0.046068981196165266,-0.121241859611085,-0.09242235768382193,-0.09513611274208239,,0.1007408611180631,0.01293945772885624,0.03736783760438862,0.06650134105805945,0.065636490859416,0.00203358254684617,-0.0003789932756070034,0.2757046106924642,0.023754585338023812,0.12181371845258869,0.12278362481423154,-0.0018807872520862116,-0.01717595674074953,0.03815169856972492,0.1444034706422706,0.05307235135255825,0.03589384858843099,-0.3057147180741686,0.01880440860569839,0.15557081529786182,-0.028782055991035678,-0.16498583026002625,-0.048703010901161053,0.04601489515148559,0.13367489439289718,0.42560356332555727,-0.04494307512316877,0.0649961928566922,0.1393368146351901,-0.11706154884368644,0.023092138414617987,0.21280560130335333,0.5044598367159648,0.3330563746468861,0.08241479231581211,,0.08660055048304192,0.017538972916542165,0.042433225733933315,0.09872150250245709,0.10420926399295777,-0.059115188916283326,-0.020258472662623768,0.044372138575705954,0.07599648108363645,0.07182411631294111,0.07624836229801862,0.03528231140466935,0.014053952387851055,-0.09013484899059591,-0.16359591702565113,-0.1612108368049492,-0.10710974169229837
Principal component 9,1.1049868365028727e-16,8.562066322102874e-17,-9.411435664527614e-16,-3.3420650198017735e-16,-6.749335575826453e-16,-7.720397123673795e-16,2.4205085101947453e-16,2.2163418791518634e-16,6.852983681033486e-16,1.0,-0.03225473468752143,0.0010181368312891946,0.09612235705181714,-0.014157210909953883,0.007664708471891007,0.0023760069735694993,-0.07596736161894035,-0.08653134783235167,-0.018708952862899954,-0.10750192593699034,-0.013933808488493031,-0.06240245890348293,-0.18192999175657207,-0.08770202442537564,-0.04390672996916451,0.05913962829364887,-0.0015956850847164872,0.05126520542557999,0.012104391088128158,-0.015820992838554326,-0.0012750030862460175,0.015888276632518166,-0.0827826219809948,-0.016196153458080797,0.02017457181575018,0.025967425605729292,0.008775401053291396,-0.0070860930221971425,-0.01415611768174058,-0.006617343502196979,,-0.08210093021773282,0.0261505336492824,0.173368330422141,0.21755965818013226,0.21177293526879545,0.03619073788736745,0.04006153809838758,0.07675328084949777,0.012779581955885909,0.07525623942132476,0.07035720101442772,-0.04067719842718269,-0.006744647684251057,0.014896722035490265,0.017779227880743355,-0.13607776072790137,-0.11677444294707062,0.20157241295782255,-0.0951037143396946,-0.10854813156660911,-0.10346492127514878,0.05123225589303622,-0.12588641445643664,-0.21133992028196996,-0.04695003431673118,0.14086098237858835,-0.017982267314624063,-0.0007705343957234819,0.19819540745496048,-0.0012257669949162688,-0.10347472225380139,-0.2030228211155374,-0.26397069505323956,-0.1616527274612653,-0.099209024856595,,0.011428526218942515,0.05128210402122953,0.12490705531014747,0.158549368814402,0.16638037103934533,0.1495104291661052,0.11033660136277647,0.051857404102503404,0.028346624363997003,-0.027771312726623306,-0.09188342753369336,-0.1459497141633809,-0.14319332152919867,-0.06958755557320197,-0.03588284769640117,0.010432249882477629,0.10094748943525847
Spectral Centroid Overall Standard Deviation,0.7184934904191315,0.4154715723410356,0.5485702252920361,-0.030545210610691206,-0.009757368562904408,-0.012493229908845898,-0.02605418310345844,0.004680314403802666,0.00774557035621573,-0.03225473468752143,1.0,0.983235594700221,0.18252922070854571,0.6609611866391237,0.2773262015985547,0.27877855007335883,0.47326634811798657,0.9746020716387096,0.6582550394313985,0.5892878376751255,0.507422193774215,0.5191935202119838,0.469489968166283,0.5200596947276751,0.48849334272251255,0.476978003484671,0.48823715768464965,0.4907100585483803,0.47173883045993403,0.4788827952800395,0.4850567467200498,0.5796846483351169,0.6393128698030931,0.6124523627201162,0.6371484959932691,0.6223624528923941,0.6353003155685479,0.6158924190119501,0.6062283837278368,0.6292644060273638,,0.2833361644937865,0.9645900251528415,0.8088119523754801,0.6345055082196488,0.6852625515925977,0.7593626665788322,0.7575085631513013,0.19559518628655426,0.41961961513008933,0.23520413588996575,0.23654012249932502,0.6424292998935514,0.6363504042689182,0.4306746396191424,-0.047378509238741914,-0.06703983137584418,-0.20202531414953045,-0.2496329720907695,-0.18416468972337555,-0.2665307071460317,-0.17179702437547273,-0.22597744542836135,-0.01612649414568334,-0.14236593036394146,-0.20454047176160903,-0.2678242480343522,-0.33640548572744267,0.35281192106794795,-0.13854178595010816,0.27700075697566334,0.284822139619519,0.27849475876647084,0.024139468193658933,0.2686407161169008,0.22599487822078745,,0.2455104277207911,0.646500361531042,0.5983807225791374,0.36284320763329625,0.5211828720817923,0.34796615867424907,0.3498541122044177,0.3955575203753481,0.43372771525571885,0.4518746555453258,0.4669735446871521,0.458601156375978,0.44842952197099417,0.45075113319680915,0.4418147476149393,0.4425287980571024,0.3986747511504405
Spectral Rolloff Point Overall Standard Deviation,0.7839805803836136,0.31738458281223664,0.5245857573977154,0.018800995734077897,0.01755736499182494,0.023078536673740314,-0.02346605008476424,-0.013816715932571081,0.018856102410500244,0.0010181368312891946,0.983235594700221,1.0,0.2754036909176115,0.6621538350672856,0.38606331014180073,0.38759236935777175,0.4427392995747359,0.9664941026019739,0.6490406011494622,0.6393479336096535,0.5823867325487897,0.5845289221049482,0.5487287028905612,0.5839253646863758,0.5628824574671035,0.5637611906242864,0.5773673917218756,0.5788710343687291,0.5700666708707663,0.569658600889397,0.577740698070059,0.5933041699862623,0.6843916790733581,0.6957994218727463,0.7135074782405647,0.7094781041079288,0.7197018132583133,0.7045033714894471,0.6978313733791959,0.711622293584964,,0.3914582530813826,0.9671162943379925,0.8582197294344964,0.6878908556196754,0.7364160173276878,0.8182484373092626,0.8244695324587508,0.29548451803900977,0.5286414623888235,0.34676077408961303,0.34859240725515284,0.684526190263416,0.7160777513143475,0.5401353466610028,-0.014110011635218507,-0.10085201896536833,-0.2768955502310521,-0.3414145270908022,-0.23856484306741624,-0.36113453519960936,-0.19170998134512374,-0.3105259716277464,-0.018392141220754447,-0.21511567478542018,-0.2679336914601481,-0.3355235056043722,-0.45209465124961007,0.45552180341277965,-0.20497750276348836,0.3454255460638138,0.3961435456346187,0.3299099158158029,0.05398356734618514,0.35828026548153175,0.31701890392809234,,0.35946388066097457,0.7377935700319539,0.7050638520815183,0.48168148856049287,0.6275660575575851,0.4320667312654717,0.43209284429809636,0.47249706955491444,0.5063021706280834,0.5240815592305185,0.5416571557025024,0.5424681667269916,0.530756639425593,0.53370021751401,0.5282435089751825,0.5269904452280845,0.4838173514797983
Spectral Flux Overall Standard Deviation,0.48131494916398815,-0.5302819390629957,0.11297749521195152,-0.003955824955328645,0.14990638370310935,0.2687790980441731,0.2579579788978353,0.14330816606655072,0.31182303880878715,0.09612235705181714,0.18252922070854571,0.2754036909176115,1.0,0.07416613213566539,0.8902354758942059,0.8857452620825053,-0.11334897553653062,0.2606744201618938,0.004955920269166012,0.4060745621729688,0.49929720102487385,0.46065284191712746,0.4839412873922585,0.4528305804174082,0.5930794052982166,0.6136892941432395,0.603985982066021,0.6158640693914095,0.7096601507750752,0.6858149884573196,0.6319288912083594,0.10548324704048988,0.36808041593196544,0.5302715089965966,0.5239917384036198,0.5766566068231657,0.5787488336341939,0.5370514461049785,0.5495494126913109,0.5272297293807393,,0.7978148773501069,0.20090965875873718,0.310934256739055,0.3390907989879219,0.3130351313975475,0.5237103687820632,0.5210558937655384,0.9737091693427808,0.6863813627719131,0.9054753815808568,0.9025582580530023,0.2735888767813738,0.6044760015548996,0.6930127448702819,0.09376777616563545,-0.4587833258268197,-0.6243937094046637,-0.6254927063224435,-0.42576171970208665,-0.5083294736112107,0.02653126697104867,-0.28116417816777484,0.13433368066633172,-0.4272214610263574,-0.28225358377518484,-0.18884984707930233,-0.6872733262604208,0.7008559573540672,-0.24333688479211163,0.31854778240871884,0.5750630036994423,0.2762529259140916,0.10527174410408364,0.653473087280123,0.6246713803520842,,0.8284216537433005,0.6148649867591547,0.6464718681587992,0.7249811939386859,0.7075900300731691,0.4113203793731803,0.4116606977162596,0.39637479968880823,0.38319930729845775,0.3786126544784249,0.39297711381358774,0.43375625835740417,0.4289542252678381,0.4058761659611981,0.41229878828038485,0.39688458924010667,0.3683128152179132
Compactness Overall Standard Deviation,0.8135464020144928,0.48872713226563397,-0.23590975470959807,-0.062415131535814725,-0.07494386624799029,-0.15078672022787382,0.008616599116556642,0.0726708806889451,-0.00554307343721964,-0.014157210909953883,0.6609611866391237,0.6621538350672856,0.07416613213566539,1.0,0.18583328688997336,0.1878241114613906,0.6644622574889267,0.6499103535467413,0.9916908848898759,0.772369598258809,0.674806792837331,0.7157018565039188,0.6592421081616395,0.7184529228377693,0.6772127758219283,0.6245313195149488,0.638433100069458,0.6014024937278474,0.5511232576928209,0.5728896713114922,0.5804660449445936,0.9718006790773095,0.8937093413652536,0.7277910687307407,0.6899967844926921,0.6711020314374001,0.6306790943969866,0.6015499313393385,0.6202519136966524,0.6714885820759531,,0.1984340820154233,0.8020312598408537,0.8520246782955666,0.8596475631243721,0.8801949118691433,0.5236130502208278,0.5147845779570356,0.08274072162136226,0.42395369329969484,0.10419904227015592,0.10567657529418242,0.7808858139602866,0.4489401502734306,0.4250564830210797,0.23784228077566824,-0.03802059147167915,-0.17915001552337356,-0.27863318242746354,-0.22681258215455147,-0.21780141327317762,-0.2139908761466641,-0.20447308546029014,-0.08760251308302255,-0.18632827092368065,-0.1500509132590544,-0.2018029990204131,-0.4155239476957387,0.3930776089998807,0.07708586850721011,0.3422729782640674,0.2881483673513719,0.25130457239704446,0.16381827999479287,0.30168287477222755,0.2835789943630634,,0.12442280934850995,0.5013686227742441,0.5163780494185641,0.47196190731708865,0.509672631819664,0.5319311274361281,0.5251225844165617,0.5532606374723505,0.5812140797295803,0.5764377996161487,0.5621850556517667,0.5379414777623946,0.5277959014548678,0.5545418446439982,0.5394277259005252,0.5459169112545273,0.555787672427405
Spectral Variability Overall Standard Deviation,0.6533585267709767,-0.6061224686208098,0.11751804369717278,0.041162129051767526,0.07664248664306225,0.18614826267605739,0.22207097880459603,0.1240638927530889,0.11479236208560693,0.007664708471891007,0.2773262015985547,0.38606331014180073,0.8902354758942059,0.18583328688997336,1.0,0.9997465633369848,-0.10594364073706825,0.3781557237429882,0.10769449393323323,0.5345695814252206,0.6766387988151659,0.661055923887019,0.6902480792731179,0.6303691274971995,0.7256749340708984,0.7344823381046508,0.7490322972828946,0.7698473222119644,0.8497454003316767,0.8125419293541793,0.8068829395566902,0.23403603938301218,0.517524010252531,0.7151938556021966,0.7259380519988762,0.7611453012673394,0.7630122194441012,0.741543607762942,0.7467099610222233,0.7264313568552029,,0.958561312641437,0.2997780103668966,0.4178433876045299,0.4509851508925304,0.4161753155119601,0.6976888604164455,0.6991351373884268,0.9322070467670968,0.876615192846983,0.9743467564152685,0.9751928691757424,0.38975046241753974,0.8055474030573957,0.8799764128127031,0.11507376360949682,-0.53696108967296,-0.7618562700603088,-0.7442998741201308,-0.5361281271294152,-0.6777750342277333,-0.011657217522047533,-0.4623038427571335,0.08106805298899873,-0.5779534770399885,-0.38221840603595136,-0.3941640044827271,-0.8690605474538363,0.8790998256823135,-0.4711534126878169,0.5383817645360349,0.7694671361747425,0.25890279999646865,0.11628935756934339,0.782901987226709,0.8045771959878566,,0.9568913424193786,0.7986809350913507,0.8058018127053064,0.843831738098694,0.8293999176844573,0.525914360630776,0.5882868247228874,0.5711099258122866,0.5401689048822109,0.5199714323327613,0.5148798146786457,0.5747587792499372,0.5711130009374729,0.5676439584809361,0.5912104856385456,0.55724831795624,0.49835524520587393
Root Mean Square Overall Standard Deviation,0.6540182136213112,-0.6046734748329388,0.11887267001499602,0.04615461164531052,0.06633273670062557,0.1840361538261479,0.22361575226769037,0.12473505821112607,0.11659000221014547,0.0023760069735694993,0.27877855007335883,0.38759236935777175,0.8857452620825053,0.1878241114613906,0.9997465633369848,1.0,-0.10511297246283642,0.3797691648421328,0.11036521355684516,0.5357718699703891,0.6756884792070489,0.6609132219437737,0.6913166071292017,0.629623273951202,0.7254429411856956,0.7322231547088361,0.7485167006430865,0.7688312718985075,0.8498001429788518,0.8100809463227296,0.8055031843290815,0.23564651361992778,0.5178118179978233,0.7165897267930135,0.7277027613375648,0.7624415181821456,0.7635046864501984,0.7426005753440913,0.7474722031974104,0.7272723042898956,,0.9636260068051022,0.3011884931200025,0.41799507627884813,0.4500239504712028,0.4156380675720916,0.6996669526962399,0.7014517604450332,0.9297265542159988,0.8763797522342012,0.9721528941015368,0.9733056112105565,0.3897546664367828,0.8079005174827982,0.879912328330325,0.11240499633638219,-0.5354675141071511,-0.7593603481087156,-0.7473993403136809,-0.5308070941356059,-0.6742612138704985,-0.008584029718813831,-0.46873138807543063,0.07173391840084041,-0.5842455034376058,-0.38693736566443115,-0.3969012604617739,-0.8684365018838921,0.8796477229849872,-0.4802347568172403,0.5416068263345206,0.7721281623343548,0.2577959209439694,0.12226866266028764,0.7855982915698907,0.806506678566679,,0.9587244180999361,0.8003176218249248,0.8058491816965121,0.8417564719859443,0.8272742809674054,0.5250706522627533,0.5904709039314987,0.5738074280638034,0.5411746191327536,0.5185316530819204,0.5124057883487446,0.5728501999396376,0.569433908872164,0.5664119079277128,0.5908036682754423,0.5560682235307348,0.497350882821981
Fraction Of Low Energy Windows Overall Standard Deviation,0.4296500098894758,0.6614378895251578,-0.20855898317854243,-0.19896420465822579,-0.14508209212455286,0.469729128454321,-0.05136514628656275,-0.1723137326644344,-0.033332916526334404,-0.07596736161894035,0.47326634811798657,0.4427392995747359,-0.11334897553653062,0.6644622574889267,-0.10594364073706825,-0.10511297246283642,1.0,0.3856475014417068,0.7028650396871559,0.4038769110568164,0.2744662522410899,0.34841161387792013,0.2719966377019065,0.3343038110803985,0.3160199301876831,0.25731166759165464,0.2656945048640075,0.23000500513433056,0.18318051769253538,0.21201500780690014,0.19417918711816454,0.6456003410801926,0.521288639160627,0.321077592291215,0.2867142367854243,0.2779828080099035,0.24643988557572877,0.22546701733921196,0.25340608706542345,0.29073605246768314,,-0.1085875481094332,0.5802157484572549,0.5796323517624141,0.5470161472541979,0.5790813332238427,0.12724875939166957,0.11993532547796372,-0.1301612221985464,-0.0020206352963421546,-0.14376176365183438,-0.1440989465870536,0.6417485599782046,0.04511069664084463,0.0016062033756347165,0.0724315731958159,0.07146930665969731,0.07989450055373917,0.05311786612274941,0.036937233334584124,0.07228139841183201,-0.07808399785810863,0.03526095291238333,-0.044223138811817574,0.06918540123517294,0.010896514077672455,-0.00259049632154149,0.0084425480724221,-0.012172374419694805,0.20054695482625176,0.0013319618539823475,-0.05193921337465692,0.10751454830626561,0.054914171098778865,-0.02364922753464841,-0.04928108328904321,,-0.1468341884163812,0.0827138750997386,0.09274945632466121,0.055764386846537846,0.09031466586666526,0.18603342134537976,0.1560303027287428,0.18688797270396446,0.22916878533379947,0.24347497572619065,0.2373049229616754,0.20047989502184987,0.18880319562363984,0.20542584899793653,0.18792867659716705,0.18732964520441142,0.20408879941954336
Zero Crossings Overall Standard Deviation,0.7583579909604624,0.29707541705451895,0.5462718244850093,-0.02905751431576181,-0.0168639562131033,-0.08306913755677285,0.03710726084333654,0.008329110527266292,-0.005920701335018733,-0.08653134783235167,0.9746020716387096,0.9664941026019739,0.2606744201618938,0.6499103535467413,0.3781557237429882,0.3797691648421328,0.3856475014417068,1.0,0.6309901152500943,0.628011698204902,0.574191629810428,0.589563743486813,0.5386137345470375,0.5768324167619164,0.5519719944638898,0.5480741772004009,0.5598348515212893,0.5584755788412056,0.5498979214890686,0.5556973562199133,0.5600507221921021,0.5717766651864149,0.6771377379246705,0.6701078335968456,0.7024050784622482,0.6881239262172693,0.7081128444674065,0.6850952564169627,0.6717832686476243,0.6943192939243077,,0.38783779904258064,0.9352747598546157,0.784065538845128,0.6306240861495769,0.6694935323748349,0.806277352541148,0.8042903734577665,0.2810903224467516,0.5118743148480293,0.33027369497280956,0.3320812712982061,0.6135665871171085,0.7203578005544533,0.5205046405548583,-0.04480620744465899,-0.12637740365492778,-0.2880092077806423,-0.33701008444320874,-0.2459841316932402,-0.3507073006214965,-0.18548305168437965,-0.2920276824621922,-0.008914764414665712,-0.208969917413033,-0.2397263162116418,-0.30395122687103715,-0.4300030695445326,0.44911128971660036,-0.21524030724229376,0.3471175857353476,0.3806423478025301,0.297404940530382,0.025869734575816854,0.34923627860500434,0.31784987717560675,,0.3454056977464421,0.7131933434527187,0.6611710497955697,0.4421911490998346,0.5847085135632245,0.37828689483198863,0.39277302174446505,0.43789440174728433,0.47089435835070237,0.48325041965346777,0.4969056816290013,0.4899971109073037,0.47234325705150393,0.4704864927263356,0.47000398737427035,0.47122901913673204,0.4240302563934246
MFCC Overall Standard Deviation 1,0.7597859185462471,0.566332672276368,-0.22971730855528116,-0.07183702985309717,-0.09196820724178867,-0.1390640359018179,-0.012046988752267545,0.07106165280901275,-0.002689505093613861,-0.018708952862899954,0.6582550394313985,0.6490406011494622,0.004955920269166012,0.9916908848898759,0.10769449393323323,0.11036521355684516,0.7028650396871559,0.6309901152500943,1.0,0.7193529219502579,0.6065929739402025,0.6516707738426936,0.5937035441438265,0.6567921621343794,0.6087432889365658,0.551584607734489,0.5658446402490598,0.5248655490820969,0.47320760535277906,0.4939345873741254,0.5043674161282018,0.9605911762084679,0.8503183701467121,0.6639334464358613,0.6253752007793306,0.6066696304160026,0.5631981631360505,0.5326568364269227,0.5509394375048543,0.606784478209568,,0.1281808919020505,0.7960272937807576,0.8280516709437077,0.8243310845899463,0.8505771876254491,0.46917723718124393,0.4614434699195775,0.00891832563502478,0.33785381379550555,0.021162148338014518,0.022836051185789557,0.7619247795326173,0.38033428958436943,0.34086370929821863,0.21369398382312835,0.008747110621145951,-0.10570400248589035,-0.21642930258754145,-0.1685336584666859,-0.14316939735232148,-0.2041393241016856,-0.15618708178877758,-0.09339305209952066,-0.13343542546088455,-0.11885949475228041,-0.16403043071420725,-0.32836647134766356,0.3082845460734111,0.11148829407900428,0.27961238215424095,0.21270536347198948,0.22277922585638252,0.16001005435197868,0.23501515958703414,0.2070600036793782,,0.045550967664372784,0.4321843458934606,0.44351225814415446,0.38939212568030995,0.4337464619836279,0.4751128851057379,0.4680621162480547,0.5008463793457001,0.531846044390525,0.5272231801177601,0.5123169042679789,0.48529817885198234,0.474907861241111,0.5018962599529874,0.48606273980235226,0.4924052055852177,0.5027628687177114
MFCC Overall Standard Deviation 2,0.8848566195993194,0.035721940499999605,-0.12721404388054078,0.0533277221816159,-0.01520257212398844,-0.08085922948276751,0.029217126514701895,-0.063633469228924,0.175160142518033,-0.10750192593699034,0.5892878376751255,0.6393479336096535,0.4060745621729688,0.772369598258809,0.5345695814252206,0.5357718699703891,0.4038769110568164,0.628011698204902,0.7193529219502579,1.0,0.8182495310870757,0.7855612319301121,0.7767790364597948,0.7928598967653308,0.8046387643174105,0.7993783320324076,0.8115653375460139,0.796548103739117,0.787601490386838,0.797690708684011,0.7795371468926476,0.7738323858867874,0.864172155332561,0.8739527812391241,0.8374442789941766,0.8329106227471141,0.8055852981960269,0.772817353354923,0.7882499716946187,0.7846442202753292,,0.5347817201764531,0.6842169327858773,0.776530171176083,0.8033176967442115,0.8092117211081687,0.6917267618250639,0.6825480086218542,0.4415390123093025,0.7394757120947222,0.4864750529449118,0.4887008080375439,0.7582432524724013,0.6912830406118396,0.7406260581532185,0.3576679494956841,-0.16677273275233423,-0.4467899091014196,-0.5506708391656513,-0.4241743524562785,-0.5230925800054648,-0.23975750190983655,-0.47225544412699316,-0.06505716318756169,-0.4016088096726819,-0.3056069696521079,-0.33504812332266176,-0.73578652734093,0.7191189701875755,-0.1509566817232016,0.6042980315449539,0.6348941346541116,0.3692377835039615,0.23072322568199316,0.620366697137519,0.585329158760319,,0.5017128591348727,0.7324131099405174,0.7438605678259269,0.7277411245136425,0.743696774935295,0.6562293784681478,0.659956233891381,0.680754256800114,0.6974440785035843,0.6898260414293,0.6786303715367642,0.6921974987138958,0.6993287770563056,0.6924482609767357,0.6714266679555484,0.6623836764576141,0.6608021879600586
MFCC Overall Standard Deviation 3,0.908901459929741,-0.19230393341545154,-0.12508557212403854,0.047721529932403896,-0.033873238215454696,-0.0434311625330803,0.06965428977944718,-0.042709461737965394,-0.11067074044199732,-0.013933808488493031,0.507422193774215,0.5823867325487897,0.49929720102487385,0.674806792837331,0.6766387988151659,0.6756884792070489,0.2744662522410899,0.574191629810428,0.6065929739402025,0.8182495310870757,1.0,0.9086588804133249,0.843212079448696,0.8197374702752112,0.8567226170015101,0.8724645844673372,0.9000290648406115,0.8780198112755925,0.8798296239059953,0.868192535429184,0.8776348959696735,0.7012075496480933,0.8554813647156441,0.9147488333433869,0.9095649808906431,0.9053494977130622,0.8988452931804249,0.8935717720339639,0.9056284548999176,0.9096326229516493,,0.6636135574262542,0.604740616910972,0.733077977883408,0.776669568577489,0.7667533147688055,0.7588079082716225,0.7503792887950422,0.5381928222000797,0.8603153194965799,0.6237350826426945,0.6256354625449292,0.7169636803664208,0.7989307842649134,0.8576590749143431,0.20957141804038387,-0.37810421675707656,-0.6141138582846296,-0.5795127953643098,-0.5165236183136054,-0.6541051740750734,-0.2404236583060635,-0.5610519188087713,-0.0547784189618538,-0.5123091909112156,-0.3207924261141429,-0.424658443125451,-0.8564391348119875,0.8360234049185942,-0.3365655328375494,0.6742042894211981,0.7490760042074158,0.35116026610065915,0.12346808958040802,0.7061522290200358,0.7486560503465333,,0.6411649753394907,0.8263968855041205,0.8293308572692798,0.8212726628609607,0.8193930597578906,0.7108695288885613,0.7384491227932873,0.7398012849854632,0.744909407477902,0.7492073850587245,0.7364237220753753,0.7266878574823564,0.7038426782695062,0.726815917840712,0.746485232219392,0.7399163509990657,0.7183846239092978
MFCC Overall Standard Deviation 4,0.9124045443987395,-0.1442414247939041,-0.15043080074365697,-0.08659454166612422,-0.05582977578604026,-0.012374945630863589,0.12256200442147319,-0.0035643193453954395,-0.14625987112898511,-0.06240245890348293,0.5191935202119838,0.5845289221049482,0.46065284191712746,0.7157018565039188,0.661055923887019,0.6609132219437737,0.34841161387792013,0.589563743486813,0.6516707738426936,0.7855612319301121,0.9086588804133249,1.0,0.876242324920724,0.8813071818397734,0.8876906383336249,0.8888909869836054,0.8809824828537858,0.8610418898699247,0.8827082551125791,0.8748905511355809,0.881006224511909,0.7301359692291294,0.8731840636780432,0.9090402115393615,0.8999539712502573,0.8916801203464156,0.887774236095009,0.8734398488291792,0.8798824549687045,0.9068370462395549,,0.6553648212352658,0.6256951629457893,0.7398886427235458,0.7852490068077449,0.7765668449968046,0.7331709247241591,0.7234634187870672,0.5096153436504378,0.8210165011343761,0.5961512662064472,0.5982772133447756,0.7260052123012566,0.7746187514734663,0.8170397974924792,0.16632628705820274,-0.39626369289507707,-0.6363657997461524,-0.6225977300822735,-0.5448464833269163,-0.6412370989763203,-0.1865517931601207,-0.4775026012573178,-0.001339964862990849,-0.5120478215685965,-0.2624050023838205,-0.35872478418883835,-0.814757349047979,0.8052050587747173,-0.3289487796130445,0.6581179181058799,0.7138946120990263,0.27432622389808575,0.06967298253492372,0.666639600044431,0.7343865784610746,,0.6169839668233154,0.792303235502438,0.789029677394987,0.7850480975452092,0.7790431748639334,0.6436373514818501,0.6804540532024786,0.6811895927155898,0.686622939275208,0.6826367904511133,0.6732865425397027,0.687454955676704,0.6808842264784808,0.6892293310834222,0.6907711546676629,0.6746464179910547,0.6464283859035808
MFCC Overall Standard Deviation 5,0.8966930815348815,-0.23616558357511885,-0.14806526344610924,-0.039477664212765155,-0.009452905083019119,0.0003558873515146705,-0.058936153772953886,0.07732574616043164,-0.06555114661782498,-0.18192999175657207,0.469489968166283,0.5487287028905612,0.4839412873922585,0.6592421081616395,0.6902480792731179,0.6913166071292017,0.2719966377019065,0.5386137345470375,0.5937035441438265,0.7767790364597948,0.843212079448696,0.876242324920724,1.0,0.9017664309774722,0.8876810900675715,0.8424139320545797,0.8818419731082275,0.8700360716434264,0.8639617023832322,0.8696584263147519,0.8933791663436099,0.6788485289717308,0.823338385919466,0.9179248244064394,0.8919033143333637,0.9018039468201123,0.8958695224982277,0.8855825160608058,0.900414363696543,0.8999387532950066,,0.7084552375965311,0.579251717056702,0.7022631350763083,0.7382514366904929,0.7280164660522123,0.7505437411291183,0.7417716827348313,0.5448458458907749,0.8639935461628209,0.6303275240067044,0.6338862010812525,0.7257231182027235,0.8004968286790799,0.8599701332967576,0.13714885316774153,-0.4222446614407998,-0.6662985474537169,-0.7462885315544667,-0.5954800257184795,-0.6687672557311753,-0.15130276391659792,-0.5170535708957364,0.021700363907476646,-0.5047376116458107,-0.2444523131969829,-0.40317971324565316,-0.8614541733466964,0.8518187984925155,-0.4238001836308866,0.6892361702954616,0.7615755895823687,0.2839897326527074,0.2139605817823913,0.7425336995489057,0.7654483759830416,,0.6713713228051095,0.8197140182092528,0.8034830330143538,0.7960445254319296,0.7773796037605128,0.6867955090106148,0.7631811005519651,0.7592877379595546,0.7438376694995015,0.7446564366326475,0.7271141023164732,0.7617595066366116,0.757051528724998,0.7616328705571128,0.7599266852995251,0.7331432016159702,0.6929189609910342
MFCC Overall Standard Deviation 6,0.9016644029494816,-0.1191879366062591,-0.15456608653215856,-0.1342460486384888,0.07331813436507237,-0.03398807299173408,0.030128627743336422,0.03591473552702568,-0.09166605777583897,-0.08770202442537564,0.5200596947276751,0.5839253646863758,0.4528305804174082,0.7184529228377693,0.6303691274971995,0.629623273951202,0.3343038110803985,0.5768324167619164,0.6567921621343794,0.7928598967653308,0.8197374702752112,0.8813071818397734,0.9017664309774722,1.0,0.938322974009567,0.8470942161185954,0.8658216251875533,0.8613107907234132,0.8236149478786517,0.8656219712492066,0.8721398744120926,0.7364068439314432,0.8552080111927577,0.8881114426043102,0.8740228572332841,0.8673622246373793,0.8598920730747248,0.8521976847671147,0.8612562832560727,0.8765470330654191,,0.617353642054554,0.6356887828594364,0.7569459094671547,0.7932397772641405,0.7824436444271479,0.722848789470219,0.7121590560717226,0.4951866387405215,0.7972659734377653,0.573284259368326,0.5749514760251531,0.7482786923696084,0.7491889748929459,0.7936662183211165,0.1836355488355591,-0.3618172873586477,-0.6175853323359016,-0.6669719105237427,-0.6061887514945752,-0.6658675323378241,-0.19704244295837622,-0.3977493248961552,0.07105257320224162,-0.4083296595742611,-0.2017294181518322,-0.37495321414637456,-0.7916698779162096,0.7791453082175941,-0.25278506802733747,0.6426691877792292,0.6774339062003978,0.264797588361998,0.09325798575769327,0.6344988024140865,0.6872412732721777,,0.5876699975494502,0.7789822566019213,0.7854714787012571,0.7778516516662326,0.7756048455451533,0.6266608729459467,0.6563173971184267,0.6588678772284114,0.6649840466139467,0.6785115237766907,0.6787267110637502,0.7122244126436235,0.7219487929977894,0.7194293112959225,0.6955815609377196,0.6733783496021786,0.6380894821069567
MFCC Overall Standard Deviation 7,0.9045892958944461,-0.1932584660328596,-0.1587206547436068,-0.10233068606515515,0.002890465604166225,0.04805822354126204,0.10670718219090668,0.03241425104649978,0.03509918552733522,-0.04390672996916451,0.48849334272251255,0.5628824574671035,0.5930794052982166,0.6772127758219283,0.7256749340708984,0.7254429411856956,0.3160199301876831,0.5519719944638898,0.6087432889365658,0.8046387643174105,0.8567226170015101,0.8876906383336249,0.8876810900675715,0.938322974009567,1.0,0.9027220296253645,0.9171487478832474,0.8913251747377583,0.8904393884719651,0.9133920229171,0.8929698674794991,0.700862263351336,0.8543467775185264,0.9040317610112361,0.882937545315989,0.8941561797127933,0.8778709222441422,0.867569550104697,0.8793743195822382,0.8867125465782738,,0.705244375532907,0.6024781242145554,0.7384969355312354,0.784143741855719,0.7701464218885539,0.7329081781037187,0.72172307288284,0.6299801626602004,0.8354726818702004,0.680922424222082,0.6822472668627889,0.7406077597800642,0.7740731381966931,0.8337484594206366,0.19107429979808635,-0.419399649825927,-0.6672338448087276,-0.6870674413813785,-0.5630622119016416,-0.6604593091145667,-0.1661546869646757,-0.45577251612388525,0.0034703700998719145,-0.4946092491358992,-0.22266244253177386,-0.3224447594156696,-0.8336301729470779,0.8352396870342975,-0.2806535600590484,0.6400212545033589,0.713510195407957,0.29367454787856934,0.13196232856746215,0.7102114159456564,0.7402421645267853,,0.6842223948713857,0.8020203099207129,0.809764489294008,0.8248318477535712,0.8144264878668067,0.6495835484251604,0.6891247139672791,0.6942314660223557,0.6916997888639107,0.6907676455817042,0.6852268871281793,0.7088135892567275,0.7083630206101821,0.6892519844081761,0.6699432986375286,0.6492920690723466,0.6310785325480539
MFCC Overall Standard Deviation 8,0.8932836696218827,-0.25521762947245014,-0.10831497064332749,-0.09723258054087791,0.02002486818180896,0.010508644673481818,0.08167582109844031,-0.08856944673096734,0.0999819557939492,0.05913962829364887,0.476978003484671,0.5637611906242864,0.6136892941432395,0.6245313195149488,0.7344823381046508,0.7322231547088361,0.25731166759165464,0.5480741772004009,0.551584607734489,0.7993783320324076,0.8724645844673372,0.8888909869836054,0.8424139320545797,0.8470942161185954,0.9027220296253645,1.0,0.9310763608744009,0.8944894397166768,0.9165258602210922,0.9191200495496419,0.9097388242458325,0.6420746779855756,0.8096260417396152,0.9109332621314378,0.8834447064885436,0.8990605773016799,0.8969534862804799,0.8737428106157504,0.884048059924877,0.8875325745298072,,0.7003644276076225,0.5842689459346566,0.7262894573483738,0.7730186285684929,0.7640397912037369,0.7463868775608108,0.7377337016154414,0.6447032335042483,0.8630179739348539,0.6966580609318566,0.6974877089125004,0.6913749121440839,0.793161779553835,0.8620362797062208,0.15158598751094723,-0.42179716237732456,-0.6841154593339319,-0.7005444436738524,-0.6119445988668412,-0.7045145897736043,-0.2726127185695099,-0.5451265586970747,0.04121472351345004,-0.49965886814632365,-0.20920957621122688,-0.28655436135264833,-0.8623319910651475,0.8525148280939755,-0.32513442039667984,0.6679786180095919,0.7680048380798202,0.33712941114340944,0.07261101963959796,0.7483104482052044,0.7808989465796651,,0.6874468915051432,0.8258051863149323,0.8375890139360048,0.8548095018525841,0.8427222868597685,0.661273992426842,0.6951125545495983,0.7063092817266133,0.7113491653218539,0.7030539634588916,0.6930780768212575,0.694373885292547,0.6799364550940845,0.6542991570310919,0.6423470743394787,0.6428808679431178,0.6436353855273904
MFCC Overall Standard Deviation 9,0.916294482480048,-0.26025222310364116,-0.11536746791625806,-0.035879984621506794,0.020131925747364835,0.026925885361400528,0.05259473929994653,-0.07395234457222531,0.07482211285885952,-0.0015956850847164872,0.48823715768464965,0.5773673917218756,0.603985982066021,0.638433100069458,0.7490322972828946,0.7485167006430865,0.2656945048640075,0.5598348515212893,0.5658446402490598,0.8115653375460139,0.9000290648406115,0.8809824828537858,0.8818419731082275,0.8658216251875533,0.9171487478832474,0.9310763608744009,1.0,0.9470517287322622,0.9281557539966757,0.9439752382190374,0.9319111853483407,0.6686278801535138,0.847856025860011,0.9323752241002466,0.8954726757056386,0.9219569504707164,0.9168790645206985,0.8943822655586888,0.9136040967317225,0.9086082372696368,,0.7272710009624154,0.5980119906201108,0.7415478623122672,0.7835306464519711,0.76768778929489,0.76362802334203,0.7554847056987419,0.6427154030056468,0.8842306900180978,0.7101081489404092,0.7120464807008288,0.7178146741330522,0.8131901007874448,0.8844044182448327,0.17624001336409117,-0.43394129539219417,-0.6894220393159521,-0.7203017711548,-0.5965448277598956,-0.7093709489904705,-0.2633524957281948,-0.5989462438227251,0.003159717610076902,-0.5115051651116798,-0.2583934547161826,-0.36558696458411394,-0.8843615680067075,0.8768382596226422,-0.3427587590301484,0.6865960949368924,0.805807996804271,0.3661730982254072,0.14685314033825705,0.7708623196182699,0.789767025526126,,0.7142687195265932,0.8486427858777751,0.8593734601775034,0.8692080496143367,0.856706957009446,0.7015981860012597,0.7298798150931739,0.7370598120326542,0.7409273088909026,0.7391429187446734,0.7339230576179834,0.7444588080057442,0.7251999756282492,0.7152599246693304,0.7149888533185255,0.7046935516012292,0.6923557954133936
MFCC Overall Standard Deviation 10,0.9018642909087031,-0.28964255044720155,-0.0646294827399238,-0.07262652381911797,0.07437077743078466,0.05764697707390499,0.06458901405224211,0.008946587456063443,0.013932024767025819,0.05126520542557999,0.4907100585483803,0.5788710343687291,0.6158640693914095,0.6014024937278474,0.7698473222119644,0.7688312718985075,0.23000500513433056,0.5584755788412056,0.5248655490820969,0.796548103739117,0.8780198112755925,0.8610418898699247,0.8700360716434264,0.8613107907234132,0.8913251747377583,0.8944894397166768,0.9470517287322622,1.0,0.9288512213215765,0.9323463049799019,0.9336868304960746,0.6275509088249057,0.8055708393263523,0.9178515712514916,0.8929392913549176,0.9160413682635681,0.9082180309967114,0.8870146483533076,0.9063473133587566,0.8980968650457096,,0.7346030020102073,0.5918645051506523,0.7352204420983626,0.7710091348158024,0.7532357907279338,0.7954700977439174,0.7856581719268125,0.6628154276568723,0.8945431068959014,0.7360788081986211,0.7371944503379316,0.7025101457203394,0.8373771541212437,0.8926617664437266,0.13733567069637384,-0.49810583290388266,-0.7307065823735335,-0.7093362686288807,-0.6452599824688358,-0.7195805950230233,-0.18820266120731483,-0.5315985555024502,0.08519872128924055,-0.4928267300513519,-0.2758720085771072,-0.42137334732639964,-0.8878381636849283,0.8878812998905647,-0.3321641213378009,0.6761430857657496,0.7765938167798258,0.29045846984732204,0.11230676065832977,0.755439645062051,0.7946636276020744,,0.7302226290818955,0.8684633649918797,0.8736608791288756,0.8765050481252146,0.8684125645820221,0.6839862426536721,0.72230407409907,0.7023624418145699,0.6976794141627262,0.6952901939212389,0.6778776855404257,0.706941573362888,0.7103415001631526,0.729203709449725,0.7333366866940333,0.7135907019326257,0.6783072722191237
MFCC Overall Standard Deviation 11,0.8896684377625024,-0.3447967066517005,-0.035969084658508725,0.014038856470884613,0.017991258781314582,0.08831300191003569,0.16365214890142588,0.013177417298824235,0.0933591444695025,0.012104391088128158,0.47173883045993403,0.5700666708707663,0.7096601507750752,0.5511232576928209,0.8497454003316767,0.8498001429788518,0.18318051769253538,0.5498979214890686,0.47320760535277906,0.787601490386838,0.8798296239059953,0.8827082551125791,0.8639617023832322,0.8236149478786517,0.8904393884719651,0.9165258602210922,0.9281557539966757,0.9288512213215765,1.0,0.943349246575474,0.9292495426266856,0.5847600956377801,0.7932293199023803,0.9163281590782607,0.90547025468232,0.9221264335510272,0.9159163030762899,0.8909099342838899,0.907682703186803,0.900275192325718,,0.8306398468160183,0.5610297908082407,0.7032366690765146,0.7433613289577579,0.7240676356888082,0.7993853740290995,0.7969670449855141,0.7537055885062434,0.9221044394857554,0.8056159939328015,0.8074551336956975,0.6593764598537543,0.860800074886812,0.9233310084673184,0.15730472482885993,-0.4602005284771076,-0.7216117649943836,-0.7449091870929894,-0.5599052873308997,-0.6901811139929662,-0.16664344505275852,-0.5763107509990006,0.014566247228458432,-0.5732733772620856,-0.3559026856262266,-0.40431328698037255,-0.9172883877691647,0.9116211284201172,-0.3970864079889541,0.6548351900578018,0.8103141997227439,0.3467760095363506,0.1684561215617594,0.8107366929948677,0.8195702077077438,,0.8071703638431155,0.8881501095105585,0.9006150686906205,0.9109041062872855,0.9022197026176209,0.6704004861577928,0.7085256967138893,0.7075126124985782,0.6976203289414147,0.6764340147461622,0.6694422784932982,0.7132167273839926,0.7189799377245614,0.7158470466295787,0.7174534212844388,0.6946851966019137,0.6647033637887201
MFCC Overall Standard Deviation 12,0.8958863121481906,-0.32334859558945694,-0.058904012478754986,-0.08542301627713628,0.11092838024626918,0.05718677632713152,0.07980089845817444,-0.0383462395370069,0.08449435158921682,-0.015820992838554326,0.4788827952800395,0.569658600889397,0.6858149884573196,0.5728896713114922,0.8125419293541793,0.8100809463227296,0.21201500780690014,0.5556973562199133,0.4939345873741254,0.797690708684011,0.868192535429184,0.8748905511355809,0.8696584263147519,0.8656219712492066,0.9133920229171,0.9191200495496419,0.9439752382190374,0.9323463049799019,0.943349246575474,1.0,0.9432370762495395,0.6055407697289198,0.8108338854030414,0.91157231453642,0.8871132623015946,0.9185561117760797,0.9102128172102938,0.886601417394315,0.9043344948923324,0.8947163136011009,,0.7673830806114776,0.5737918609674477,0.7121621361079724,0.7504301697037314,0.72795833181581,0.7800851880716899,0.7723425697183697,0.7262371101963333,0.9058981189850426,0.7820524095279977,0.7826306517361584,0.6768262502088144,0.8353165893693981,0.9068810286650648,0.16928155673660467,-0.4688392265467573,-0.7397705164304593,-0.7642865690449359,-0.6484959005000552,-0.7420440765656964,-0.2460245785714739,-0.5298368735943977,0.11338797334294452,-0.4678548754409284,-0.24617469061879454,-0.3738192153841705,-0.9035906246005477,0.8972879159282562,-0.33420179487524243,0.6780335147871888,0.8041973282559248,0.35356255355466737,0.10578657384163793,0.7892811081857721,0.8015545474116494,,0.7646793675811118,0.8647596695091612,0.8763198580563094,0.8884206473204008,0.8810531922724595,0.666720620835888,0.6822869602565401,0.6881874098830532,0.6977706418762227,0.7070169975926054,0.7133250044976559,0.7404439652063547,0.7384416893703305,0.7154164486439073,0.7064525437412555,0.6970590073367143,0.6653391886095903
MFCC Overall Standard Deviation 13,0.9013732811272473,-0.32206578579432793,-0.05186495405897994,-0.03579151846809387,0.08781016964584418,0.046989543638684905,0.09375373428192524,0.01408187132966419,-0.028824217245633638,-0.0012750030862460175,0.4850567467200498,0.577740698070059,0.6319288912083594,0.5804660449445936,0.8068829395566902,0.8055031843290815,0.19417918711816454,0.5600507221921021,0.5043674161282018,0.7795371468926476,0.8776348959696735,0.881006224511909,0.8933791663436099,0.8721398744120926,0.8929698674794991,0.9097388242458325,0.9319111853483407,0.9336868304960746,0.9292495426266856,0.9432370762495395,1.0,0.6162904387415085,0.8062534358881687,0.9186451965592969,0.9103341300055126,0.922822343055922,0.9114715785466596,0.9006211016361754,0.9084258531933871,0.8996248056141949,,0.7752601688457632,0.5757315604392464,0.7142658063702907,0.755768076860701,0.7335293251770463,0.799479432383866,0.7945698127514429,0.6832302014914192,0.9178535712562499,0.7663328321211506,0.7676214955717147,0.691677135610524,0.8569702664207139,0.917296735537451,0.14960805592711454,-0.48321277052025463,-0.7384930417648966,-0.7272131364659264,-0.6305325941121069,-0.7306729869394711,-0.21402562521673416,-0.5321477938324956,0.07245004061362763,-0.49920407825439517,-0.32885448717313986,-0.479300324789942,-0.9125558007015441,0.9024757509716502,-0.37370332852860294,0.6832292018933742,0.7924865395656129,0.3036031332450068,0.12178188753557632,0.7794733682128355,0.7997718220046379,,0.7667918219274379,0.8794536932094461,0.8862046007551806,0.8920329354350949,0.8854504770430423,0.6802270021379713,0.7106063064372938,0.6966392309360454,0.6914926576976477,0.6963098466911626,0.6918208959953469,0.7292577304841941,0.7279399595517952,0.7389417794872335,0.7499271129953886,0.7377287067836794,0.6946398577736704
LPC Overall Standard Deviation 1,0.815954164325312,0.4314110494159181,-0.3401942030036266,0.015508631239833577,-0.006278389673210143,-0.117396300915419,0.0364541811229085,0.02138264905986513,-0.0009467596795052384,0.015888276632518166,0.5796846483351169,0.5933041699862623,0.10548324704048988,0.9718006790773095,0.23403603938301218,0.23564651361992778,0.6456003410801926,0.5717766651864149,0.9605911762084679,0.7738323858867874,0.7012075496480933,0.7301359692291294,0.6788485289717308,0.7364068439314432,0.700862263351336,0.6420746779855756,0.6686278801535138,0.6275509088249057,0.5847600956377801,0.6055407697289198,0.6162904387415085,1.0,0.9144608531192309,0.7480400085644401,0.6907815186311609,0.6769067334273086,0.629883639867103,0.6022464106737015,0.6224023952677262,0.671280547532417,,0.2408435055126645,0.7368334962480465,0.8445455582886043,0.9056207241238703,0.9028444502139129,0.4879242956640833,0.48264459433055934,0.11423269934804464,0.4571445709271035,0.1481507066025791,0.14954511165236214,0.7781235471619034,0.434069169109215,0.45908877253912417,0.342534550028621,-0.0012505910429049267,-0.17907229257032822,-0.2932088067903653,-0.21539221126063307,-0.2636578041113163,-0.2670882550293581,-0.2460776220300947,-0.09435704372219775,-0.18612510618733047,-0.21294373686655185,-0.2726245965536281,-0.46232700784509034,0.417886806997937,0.08994888922437491,0.3433912864625677,0.33436537505479513,0.31157166107390016,0.21678592209652986,0.32869993541037634,0.2963774080011064,,0.1657143947723055,0.5002514455580244,0.5443291374892958,0.5290298532802328,0.5573445298907397,0.5597137142155325,0.539403549178505,0.5774704855223861,0.6119944320334689,0.6156120488147423,0.6051711419087314,0.5860912986984195,0.5796723484203272,0.6098439456958981,0.5959326052695657,0.5965562903183,0.5956738314311228
LPC Overall Standard Deviation 2,0.9346094102349349,0.17229012619666212,-0.19129409816006243,0.022283293006284375,0.05464773189046502,-0.05164885295798495,0.11893187957441487,-0.006215439177536942,-0.004059537102007127,-0.0827826219809948,0.6393128698030931,0.6843916790733581,0.36808041593196544,0.8937093413652536,0.517524010252531,0.5178118179978233,0.521288639160627,0.6771377379246705,0.8503183701467121,0.864172155332561,0.8554813647156441,0.8731840636780432,0.823338385919466,0.8552080111927577,0.8543467775185264,0.8096260417396152,0.847856025860011,0.8055708393263523,0.7932293199023803,0.8108338854030414,0.8062534358881687,0.9144608531192309,1.0,0.8978100937586492,0.8442163154678157,0.8452738061249845,0.822982082244035,0.7954174936129219,0.8115469627796379,0.8452142642510544,,0.5002699570434153,0.7667144599133453,0.8663354151201306,0.9034105143472646,0.8954394187168234,0.6761161030855932,0.6713880254791479,0.3833922635920493,0.6955235861659368,0.44446069884714917,0.4456810218341307,0.8162276083529756,0.6639221154177574,0.6971655810016796,0.3445915370123253,-0.15751918489485087,-0.3976009935656016,-0.5012648729695953,-0.36630615034709774,-0.4957064937600302,-0.27898198287850706,-0.37724887799346507,-0.0208739951325503,-0.3157316997412925,-0.3107260458623459,-0.3973797019549339,-0.6905188536593113,0.6612214165602764,-0.07747277763652811,0.4713702109518777,0.5612446794756665,0.42548508333432183,0.22296773712706006,0.530859755561308,0.5125944949273182,,0.4481911510890747,0.7160960079818669,0.7517205222306539,0.7341975672106635,0.7614253022886934,0.6505363585706803,0.6374525121361521,0.6646864824440535,0.6901727259133543,0.7049004907216544,0.7069652283043755,0.709211420464209,0.6981681483144611,0.7157996176761264,0.710032085040781,0.7022161750993644,0.6799492412918099
LPC Overall Standard Deviation 3,0.9717368893575037,-0.14390515259535674,-0.04166499648959183,0.014841880761786221,0.012513890890677485,-0.025388954668277237,0.026478137821788043,-0.03676540834364047,0.048064867898180624,-0.016196153458080797,0.6124523627201162,0.6957994218727463,0.5302715089965966,0.7277910687307407,0.7151938556021966,0.7165897267930135,0.321077592291215,0.6701078335968456,0.6639334464358613,0.8739527812391241,0.9147488333433869,0.9090402115393615,0.9179248244064394,0.8881114426043102,0.9040317610112361,0.9109332621314378,0.9323752241002466,0.9178515712514916,0.9163281590782607,0.91157231453642,0.9186451965592969,0.7480400085644401,0.8978100937586492,1.0,0.9526887068734969,0.9683007133861278,0.9506381635056385,0.9307581659351266,0.9446679321278109,0.9465717341908707,,0.7197879119438473,0.7136968271381894,0.8369016950380392,0.8555125452723447,0.8515628844340777,0.8389144458694195,0.8357312042878309,0.5781537970026729,0.8931284596614407,0.6598856715236842,0.6632532218453224,0.772764929137025,0.861752905938532,0.8948287007830478,0.2183956797605919,-0.35364432832658194,-0.6272966016100978,-0.7186021270067513,-0.5653043747825802,-0.6936612589315543,-0.2578496244380059,-0.5735440999279499,-0.015629364861834347,-0.5125281755326451,-0.317471363095411,-0.4101341660541344,-0.8792033120442412,0.8650071098109828,-0.36785425535736394,0.6825111262446905,0.7837289093640797,0.39181832537366,0.2030993035757359,0.7472908723505821,0.7481217438244363,,0.6868733628808131,0.8994556902745671,0.9045117597173986,0.8601576248478898,0.881813329988178,0.7088225935832889,0.7514020007236933,0.7606034850237952,0.7645016950625118,0.7709352986604856,0.7621451730797544,0.7732708663084948,0.7602257645930229,0.7664347641970592,0.7650900883864075,0.7491493193153079,0.7233162013783557
LPC Overall Standard Deviation 4,0.9538877837317489,-0.1755102542570167,0.05012716811594806,-0.0028969028599665912,-0.10539926918090498,-0.03613077101513723,0.0493820843415922,-0.017251172272863026,-0.056338998368212066,0.02017457181575018,0.6371484959932691,0.7135074782405647,0.5239917384036198,0.6899967844926921,0.7259380519988762,0.7277027613375648,0.2867142367854243,0.7024050784622482,0.6253752007793306,0.8374442789941766,0.9095649808906431,0.8999539712502573,0.8919033143333637,0.8740228572332841,0.882937545315989,0.8834447064885436,0.8954726757056386,0.8929392913549176,0.90547025468232,0.8871132623015946,0.9103341300055126,0.6907815186311609,0.8442163154678157,0.9526887068734969,1.0,0.9746379923684391,0.9647209723938427,0.9463809670747897,0.9500881773661652,0.9493917379244008,,0.739192544148493,0.7142191248105045,0.8002336813414049,0.7965585811534708,0.7982683581114146,0.8699677890907943,0.8664567103075456,0.5859067358289577,0.8916768838440029,0.6720627879934009,0.6756320769809517,0.739193731317452,0.8971161725708998,0.8922039907282384,0.11019391226768424,-0.4165711697718639,-0.6833776810676537,-0.6667659063341144,-0.5630555290249961,-0.69237780782807,-0.22042465415948076,-0.5859243117532902,-0.09347075880306006,-0.5913876286661033,-0.35036504538464386,-0.4107863853471436,-0.8669403556964577,0.8682776992321453,-0.4482753023854084,0.7384246833556574,0.7741205874666859,0.255311382012027,0.13175514152040327,0.7279875084657652,0.7472387736947451,,0.7093865784867095,0.9120528788044149,0.8905175817537945,0.8257396802701025,0.8487071236125844,0.6849674112186428,0.7496282698572706,0.7521703281074664,0.7359872042555394,0.7127902443600722,0.695247473747174,0.7076172019504996,0.6963120098042376,0.7123498455805231,0.7297158453827408,0.714785301018624,0.6917680655065123
LPC Overall Standard Deviation 5,0.9588675222789131,-0.21077193404505992,0.049779348321010296,-0.013421672142654944,-0.06040801722726485,-9.878607121421286e-05,0.014355093576417345,-0.022328994078633452,-0.007127655075358096,0.025967425605729292,0.6223624528923941,0.7094781041079288,0.5766566068231657,0.6711020314374001,0.7611453012673394,0.7624415181821456,0.2779828080099035,0.6881239262172693,0.6066696304160026,0.8329106227471141,0.9053494977130622,0.8916801203464156,0.9018039468201123,0.8673622246373793,0.8941561797127933,0.8990605773016799,0.9219569504707164,0.9160413682635681,0.9221264335510272,0.9185561117760797,0.922822343055922,0.6769067334273086,0.8452738061249845,0.9683007133861278,0.9746379923684391,1.0,0.9779382017936705,0.9555686699839717,0.9650061289882272,0.9621338948214598,,0.7671997857183761,0.7075119701841779,0.8051256551029335,0.7969113456270103,0.7969542532910644,0.8792473467389884,0.8773742021857198,0.6403519329121278,0.9123733930284713,0.7206803401861913,0.7239606382453796,0.7477249839447919,0.9102358429157474,0.9156999627142021,0.10844824929538094,-0.4324103479796016,-0.7113042312013288,-0.7158197563136569,-0.5899138750012625,-0.7249355583287107,-0.22853746552942208,-0.5899350601037288,-0.046628271417198754,-0.5811035262618581,-0.3222145421308842,-0.39424490135408274,-0.8912837783096259,0.8934431204743968,-0.4506590076312241,0.7385702068957837,0.8095026099272505,0.2835919520580357,0.12231037205413686,0.7604531169987121,0.7702292662655876,,0.7495458939738565,0.9314337942256518,0.9160744478950633,0.8599872167326907,0.8782192567545729,0.7056307192959852,0.7554772086246756,0.7574058572753414,0.7531563157253106,0.7412355166840235,0.7289054439538274,0.7440604361912553,0.73024371023942,0.7348808234162119,0.7463919819850898,0.7357476526269978,0.7113885530821787
LPC Overall Standard Deviation 6,0.9459120314130243,-0.23412749578085534,0.10691564477336034,-0.019402938911214255,-0.024690078450386004,-0.0008587074715965974,0.017849914992183507,-0.05013675572512985,-0.046068981196165266,0.008775401053291396,0.6353003155685479,0.7197018132583133,0.5787488336341939,0.6306790943969866,0.7630122194441012,0.7635046864501984,0.24643988557572877,0.7081128444674065,0.5631981631360505,0.8055852981960269,0.8988452931804249,0.887774236095009,0.8958695224982277,0.8598920730747248,0.8778709222441422,0.8969534862804799,0.9168790645206985,0.9082180309967114,0.9159163030762899,0.9102128172102938,0.9114715785466596,0.629883639867103,0.822982082244035,0.9506381635056385,0.9647209723938427,0.9779382017936705,1.0,0.9709464683276773,0.9674524286536577,0.9661623865623872,,0.7628854488970567,0.7079557646758083,0.788883997068795,0.771028034176078,0.7726375370470693,0.8824673297168008,0.8782849695319244,0.6333932353001233,0.9111477531633019,0.7216906390327826,0.7246298587191038,0.717581186519309,0.9157875405244353,0.912745925395718,0.0813419490731362,-0.4420195031988666,-0.708119288269323,-0.7095131441419591,-0.6030863455827202,-0.7510511527046484,-0.24185193254277643,-0.5928518654409312,-0.006066545778411566,-0.5622638470445405,-0.3198420317575715,-0.41606268918908484,-0.8844664127746044,0.88704068980148,-0.4598817607730321,0.7249212359752586,0.8126186844261916,0.3257394280979355,0.0955397602722007,0.7382348150841583,0.7686650802016438,,0.7461059713802686,0.9320108307051919,0.9134399810501547,0.8496766080927863,0.8724824585252302,0.689320463318791,0.740843425544904,0.7429111722434943,0.7381374543962513,0.7327816253657133,0.7225215688285788,0.7382840380883611,0.7221717953203548,0.7249508397817436,0.7354534223993793,0.7214897962082718,0.6951919608916584
LPC Overall Standard Deviation 7,0.9259059506881322,-0.2499545861695702,0.11552528936239688,0.029619222805228496,-0.0622903178905867,0.017617785593364407,0.013079079667995505,-0.04045901419483086,-0.121241859611085,-0.0070860930221971425,0.6158924190119501,0.7045033714894471,0.5370514461049785,0.6015499313393385,0.741543607762942,0.7426005753440913,0.22546701733921196,0.6850952564169627,0.5326568364269227,0.772817353354923,0.8935717720339639,0.8734398488291792,0.8855825160608058,0.8521976847671147,0.867569550104697,0.8737428106157504,0.8943822655586888,0.8870146483533076,0.8909099342838899,0.886601417394315,0.9006211016361754,0.6022464106737015,0.7954174936129219,0.9307581659351266,0.9463809670747897,0.9555686699839717,0.9709464683276773,1.0,0.9777372893482018,0.9670994062014402,,0.7567982828113187,0.6882537151867019,0.7706016144344527,0.7370605385973694,0.7430208519986167,0.8739593323541809,0.874114376832724,0.604790058046271,0.9072277406940401,0.7090652703078554,0.7126983067214989,0.7105685471381642,0.9108551545800624,0.9076083373302006,0.06708199595097715,-0.42267726943085576,-0.6855865360037285,-0.6742946473965031,-0.5570626563412518,-0.7324355620857327,-0.19180114709286378,-0.6020380462202289,-0.06562105476764474,-0.5867417113683551,-0.34256051890153927,-0.4595496209711397,-0.8797706230453844,0.8772984119292422,-0.5158953010518864,0.735889148368318,0.8141559479207027,0.3106733563292077,0.06269317244868135,0.722704193391752,0.7754062851631996,,0.7486497092111447,0.9274666808553522,0.9029544217862425,0.8249562518985291,0.8442994848528163,0.6968205353475883,0.7466555660742338,0.7425883721118746,0.7318050177712907,0.7254050136480802,0.7156805037263434,0.7298260574445806,0.7169172769003688,0.7216144241445612,0.7390148273876459,0.726713371406182,0.7002137648100818
LPC Overall Standard Deviation 8,0.9370008590973877,-0.24670558437500065,0.0801183272188212,0.01074298093222358,-0.05791253410744257,0.04120308730926204,0.0017900450712381357,-0.03168932698775848,-0.09242235768382193,-0.01415611768174058,0.6062283837278368,0.6978313733791959,0.5495494126913109,0.6202519136966524,0.7467099610222233,0.7474722031974104,0.25340608706542345,0.6717832686476243,0.5509394375048543,0.7882499716946187,0.9056284548999176,0.8798824549687045,0.900414363696543,0.8612562832560727,0.8793743195822382,0.884048059924877,0.9136040967317225,0.9063473133587566,0.907682703186803,0.9043344948923324,0.9084258531933871,0.6224023952677262,0.8115469627796379,0.9446679321278109,0.9500881773661652,0.9650061289882272,0.9674524286536577,0.9777372893482018,1.0,0.9815382843082405,,0.7592219215487013,0.6863625184533215,0.7799787678905045,0.7535441571607838,0.7567026350493904,0.8736032375041649,0.8728104239614799,0.6170906804831091,0.9158764951693786,0.7176922809944419,0.7210721639881131,0.7350928158174045,0.9097045590862736,0.9164126914500567,0.06696562643262463,-0.43461629265460794,-0.6971439587339011,-0.6927467957085354,-0.5682369035138534,-0.7252808977362178,-0.18894501068713773,-0.6003705858832016,-0.042518943439564534,-0.5770077110203436,-0.3230806805004794,-0.4413830563725718,-0.8918609643998016,0.885251683890054,-0.5072184269992636,0.740877953561146,0.8228015675727279,0.299116183655359,0.0789736892723143,0.7402553529844711,0.7920444080673127,,0.7536131681870817,0.9310358874901153,0.9119821215170825,0.8424137419392841,0.858452561831246,0.7081769552982364,0.7545454440694763,0.7525640837366334,0.7415504110320976,0.7327024604432731,0.7231352251165536,0.7445537775146949,0.7291066100204056,0.7339909952548299,0.7475253902246312,0.7360282202974743,0.7109806611654457
LPC Overall Standard Deviation 9,0.950404056255115,-0.1879888982525161,0.05683726471559597,-0.004882815882582887,-0.07207596536696298,0.024044208612528,0.015316732308267082,0.019102663096294888,-0.09513611274208239,-0.006617343502196979,0.6292644060273638,0.711622293584964,0.5272297293807393,0.6714885820759531,0.7264313568552029,0.7272723042898956,0.29073605246768314,0.6943192939243077,0.606784478209568,0.7846442202753292,0.9096326229516493,0.9068370462395549,0.8999387532950066,0.8765470330654191,0.8867125465782738,0.8875325745298072,0.9086082372696368,0.8980968650457096,0.900275192325718,0.8947163136011009,0.8996248056141949,0.671280547532417,0.8452142642510544,0.9465717341908707,0.9493917379244008,0.9621338948214598,0.9661623865623872,0.9670994062014402,0.9815382843082405,1.0,,0.7340752366040634,0.7165095041014401,0.8021343605503415,0.7824326883250401,0.7857274209248026,0.8674213939273221,0.8647779819888063,0.5891817429034011,0.8970311123016681,0.6869685622981869,0.6900141974627815,0.7497951151226231,0.8958066315338729,0.8972441989937034,0.0766287328010018,-0.42693989564758583,-0.6761323074178289,-0.6736861840431667,-0.5493145242822426,-0.6862251487637582,-0.16899851823263193,-0.5615169168645415,-0.04612673527192889,-0.5739943728231239,-0.3170094553299568,-0.4014528862861662,-0.8733678699155896,0.8695958092404096,-0.4654916626733088,0.7055913594864174,0.7817695863622743,0.2857574175672385,0.09007873171308745,0.723731864939308,0.7769109651480752,,0.7176227793522053,0.9166209106583234,0.8978715743503097,0.8346263895677589,0.8518707582419424,0.709327383918885,0.754250147100486,0.7527871428477685,0.7512287779050638,0.7451171966241755,0.7320805641403203,0.7435306645414997,0.7289359467974043,0.7371984191232543,0.7449822962011311,0.7364428994928528,0.7133805282146071
LPC Overall Standard Deviation 10,,,,,,,,,,,,,,,,,,,,,,,,,,,,,,,,,,,,,,,,,,,,,,,,,,,,,,,,,,,,,,,,,,,,,,,,,,,,,,,,,,,,,,,,,,,,,,
Method of Moments Overall Standard Deviation 1,0.6511198571237707,-0.5981386874949599,0.13171708692473771,0.13337756544918147,-0.0816537912386952,0.13559195915430192,0.18678624122122145,0.09096871249696264,0.1007408611180631,-0.08210093021773282,0.2833361644937865,0.3914582530813826,0.7978148773501069,0.1984340820154233,0.958561312641437,0.9636260068051022,-0.1085875481094332,0.38783779904258064,0.1281808919020505,0.5347817201764531,0.6636135574262542,0.6553648212352658,0.7084552375965311,0.617353642054554,0.705244375532907,0.7003644276076225,0.7272710009624154,0.7346030020102073,0.8306398468160183,0.7673830806114776,0.7752601688457632,0.2408435055126645,0.5002699570434153,0.7197879119438473,0.739192544148493,0.7671997857183761,0.7628854488970567,0.7567982828113187,0.7592219215487013,0.7340752366040634,,1.0,0.3034848507479296,0.4020565964980769,0.41888669110500104,0.39304928533800226,0.71169773346277,0.7178579587587155,0.8697394117247587,0.8733899155857129,0.9187813294950147,0.9238868952037929,0.38430613353950077,0.8278091084909378,0.878466478269133,0.057315446490073835,-0.4799778580574156,-0.7215900699939912,-0.7755170823119223,-0.4554772289275832,-0.641350557353532,0.005501981996407733,-0.5866440229537293,-0.07690476162084574,-0.6648835038022667,-0.43632402825175465,-0.42541263115664874,-0.8623817790595664,0.8729777172480736,-0.6348251737179736,0.6212234269327142,0.8287520917657626,0.23133726365321497,0.17593408396811955,0.8053047380501211,0.8194970327003843,,0.966249660531631,0.8122094754656661,0.794857747758092,0.7973189496572151,0.7789775598660073,0.5252736611795729,0.620994021393227,0.6204091610003698,0.5719167876544575,0.5205819184144326,0.5032994860720009,0.5675625077348553,0.5616724697331269,0.5556883080316878,0.5914931622614772,0.553749114345578,0.5013339744598807
Method of Moments Overall Standard Deviation 2,0.8194020239291978,0.4452521312882462,0.3482419173653014,-0.026384615178891874,0.007494949375363672,0.014225761832092097,-0.029918094944577697,0.0042575520952219,0.01293945772885624,0.0261505336492824,0.9645900251528415,0.9671162943379925,0.20090965875873718,0.8020312598408537,0.2997780103668966,0.3011884931200025,0.5802157484572549,0.9352747598546157,0.7960272937807576,0.6842169327858773,0.604740616910972,0.6256951629457893,0.579251717056702,0.6356887828594364,0.6024781242145554,0.5842689459346566,0.5980119906201108,0.5918645051506523,0.5610297908082407,0.5737918609674477,0.5757315604392464,0.7368334962480465,0.7667144599133453,0.7136968271381894,0.7142191248105045,0.7075119701841779,0.7079557646758083,0.6882537151867019,0.6863625184533215,0.7165095041014401,,0.3034848507479296,1.0,0.9225887198039728,0.7832085898752302,0.8300007522053945,0.7571416814389157,0.756480798279031,0.21211783797262918,0.4810035125319626,0.2513624137961123,0.2527253888514781,0.7581935387172462,0.6420488117626522,0.4907307309724552,0.04050867782956782,-0.07075216718551115,-0.22564654266773085,-0.30452854668265206,-0.2269847011609107,-0.3069532481965348,-0.19966501709604495,-0.25278278706126805,-0.022633307835647758,-0.17588405018649833,-0.22320105518795702,-0.29630116496604175,-0.41790029062951145,0.41589457148268477,-0.09251910353784071,0.32194578351671294,0.3380492022270892,0.33089444369109844,0.07602035094358295,0.31811420960694364,0.28073505881266475,,0.2606998678940294,0.6796367703093117,0.6595671247395237,0.4695630839009897,0.5974828885996964,0.46050462059095004,0.45219572713057044,0.4906781719040487,0.5289259901992805,0.5451377814275276,0.5552268112293457,0.5453187698025692,0.5370122253173502,0.5487105673273749,0.5362900866032518,0.5376343402481129,0.508249737097435
Method of Moments Overall Standard Deviation 3,0.906712233182914,0.32062279322622816,0.07185405305285977,0.05338809961593312,0.10236722174950802,0.07245120741321988,-0.004822140790115054,-0.016489756257791345,0.03736783760438862,0.173368330422141,0.8088119523754801,0.8582197294344964,0.310934256739055,0.8520246782955666,0.4178433876045299,0.41799507627884813,0.5796323517624141,0.784065538845128,0.8280516709437077,0.776530171176083,0.733077977883408,0.7398886427235458,0.7022631350763083,0.7569459094671547,0.7384969355312354,0.7262894573483738,0.7415478623122672,0.7352204420983626,0.7032366690765146,0.7121621361079724,0.7142658063702907,0.8445455582886043,0.8663354151201306,0.8369016950380392,0.8002336813414049,0.8051256551029335,0.788883997068795,0.7706016144344527,0.7799787678905045,0.8021343605503415,,0.4020565964980769,0.9225887198039728,1.0,0.9446705388996441,0.9698073463826985,0.7404324375750763,0.7456811962784863,0.3210273254920737,0.6170001139582053,0.37131143180559084,0.3721937772144198,0.828838630790159,0.6630473659061783,0.6242502227967882,0.22462515169962277,-0.0933997341695777,-0.30233174960021064,-0.3989094284660106,-0.30836711358332763,-0.42638672029048147,-0.24123690011894205,-0.3282700248486198,-0.01923227977651528,-0.25679716473216385,-0.30300787254953016,-0.3856755990557839,-0.5872716502600375,0.5466689360939603,-0.060394964755057054,0.3934212810511875,0.4617920432191226,0.4180395999592297,0.15329681505163018,0.42500698033941325,0.39748448585891516,,0.370298493662877,0.7399020589855596,0.7786093271537626,0.6715939581311527,0.7543066805624369,0.6190093575783834,0.5914618438793566,0.6147930192726727,0.6494820588219626,0.6690124841036171,0.6734661026066571,0.673730480590233,0.6724671641086108,0.6987795445295317,0.6864621980621771,0.6831802475050208,0.6640521657334373
Method of Moments Overall Standard Deviation 4,0.8983990525163309,0.2390539938255229,-0.1795391917222401,0.06165853345691525,0.14800369928193985,0.03401522361324793,0.050895184844551127,-0.02260733496241412,0.06650134105805945,0.21755965818013226,0.6345055082196488,0.6878908556196754,0.3390907989879219,0.8596475631243721,0.4509851508925304,0.4500239504712028,0.5470161472541979,0.6306240861495769,0.8243310845899463,0.8033176967442115,0.776669568577489,0.7852490068077449,0.7382514366904929,0.7932397772641405,0.784143741855719,0.7730186285684929,0.7835306464519711,0.7710091348158024,0.7433613289577579,0.7504301697037314,0.755768076860701,0.9056207241238703,0.9034105143472646,0.8555125452723447,0.7965585811534708,0.7969113456270103,0.771028034176078,0.7370605385973694,0.7535441571607838,0.7824326883250401,,0.41888669110500104,0.7832085898752302,0.9446705388996441,1.0,0.9908315481833464,0.6446379035296013,0.6444112982157736,0.343041783769395,0.6422753054999274,0.39233703302488077,0.39248049900968074,0.8014410382946097,0.6052618250206127,0.6456869928853662,0.35743113401862425,-0.10834349768812614,-0.33233006415994226,-0.421407225334502,-0.3465828389183264,-0.45486300258324597,-0.28571924062829357,-0.334849025019143,-0.009381602727076856,-0.2689994477039108,-0.30229697315547255,-0.37842964163318105,-0.6395885233774511,0.5824989289616261,0.017377152453496116,0.40478530900032866,0.4848402400900231,0.42917268603093084,0.20417479833186444,0.4663479385993066,0.43773015839260354,,0.38172580547994067,0.6884919720556748,0.7610865432849171,0.7406743350323208,0.7846728017795984,0.6502682520783953,0.6216985197817608,0.6454089845283447,0.6796270998413003,0.6983435995143449,0.6929966464207183,0.6910943935681236,0.6914363274372466,0.7246698459332024,0.7111335764145674,0.7036041331464798,0.6896179660402967
Method of Moments Overall Standard Deviation 5,0.9037337930364722,0.2868224603329538,-0.12971625541046286,0.05937169447358982,0.10710778576601013,0.037887975733153216,0.01767957124392278,-0.02812602517951966,0.065636490859416,0.21177293526879545,0.6852625515925977,0.7364160173276878,0.3130351313975475,0.8801949118691433,0.4161753155119601,0.4156380675720916,0.5790813332238427,0.6694935323748349,0.8505771876254491,0.8092117211081687,0.7667533147688055,0.7765668449968046,0.7280164660522123,0.7824436444271479,0.7701464218885539,0.7640397912037369,0.76768778929489,0.7532357907279338,0.7240676356888082,0.72795833181581,0.7335293251770463,0.9028444502139129,0.8954394187168234,0.8515628844340777,0.7982683581114146,0.7969542532910644,0.7726375370470693,0.7430208519986167,0.7567026350493904,0.7857274209248026,,0.39304928533800226,0.8300007522053945,0.9698073463826985,0.9908315481833464,1.0,0.6600658296393072,0.6608798837792882,0.3171566396866804,0.6236853460808682,0.36063263179691335,0.3611554214910233,0.8216775460525154,0.6054789235751917,0.627812600712884,0.3233246565715,-0.08861255502541594,-0.30781056996599154,-0.40137103341975444,-0.32761518611561236,-0.43396209740600666,-0.2721315103140991,-0.338620418231577,-0.0364718827588041,-0.2753759137895061,-0.2910818571616281,-0.3547759769537556,-0.6151657374914222,0.561758252927891,-0.0011791663000142254,0.4041424098265876,0.4719338281785123,0.4181168072147082,0.1911207842760875,0.44668727561094856,0.4209190421107728,,0.3563165423305314,0.6898184024253114,0.7509284860535738,0.7073799705454913,0.7595207378521759,0.6509916621028916,0.6229358632907841,0.6449162182658587,0.6796920623920957,0.695831667302404,0.6893248761220389,0.6850498228891023,0.6837812483706547,0.7136695058941962,0.6984929266710889,0.6929618140998134,0.687878259481184
Spectral Centroid Overall Average,0.8529929603909412,-0.18685605143040895,0.4127029384414927,-0.015671118723320946,-0.049502589065855494,-0.04757855163483587,-0.0353354583094082,0.11584714622494091,0.00203358254684617,0.03619073788736745,0.7593626665788322,0.8182484373092626,0.5237103687820632,0.5236130502208278,0.6976888604164455,0.6996669526962399,0.12724875939166957,0.806277352541148,0.46917723718124393,0.6917267618250639,0.7588079082716225,0.7331709247241591,0.7505437411291183,0.722848789470219,0.7329081781037187,0.7463868775608108,0.76362802334203,0.7954700977439174,0.7993853740290995,0.7800851880716899,0.799479432383866,0.4879242956640833,0.6761161030855932,0.8389144458694195,0.8699677890907943,0.8792473467389884,0.8824673297168008,0.8739593323541809,0.8736032375041649,0.8674213939273221,,0.71169773346277,0.7571416814389157,0.7404324375750763,0.6446379035296013,0.6600658296393072,1.0,0.9966916636601623,0.5916767909740247,0.8428014767963448,0.6700375540490648,0.6735091282247665,0.6421642384435275,0.9695217020484649,0.8496960973319949,-0.08841169206296905,-0.45986033634679485,-0.6670174806496839,-0.6565436631438631,-0.5347529000378783,-0.6159785042877052,-0.12009043117918144,-0.509185166606899,-0.00950685249888088,-0.515678245251131,-0.290220320840989,-0.38374987231607105,-0.7777451945625368,0.8127605129312806,-0.4975297960237314,0.6565581619490775,0.6820220258554837,0.20806970563151433,0.06734202940682232,0.6862914545391636,0.6915039076157595,,0.7034044743400039,0.9673585751721111,0.9018338782717034,0.7342505644534932,0.8209323834604704,0.572493587294893,0.6517172779791108,0.6574881365529929,0.6509362337847237,0.6321988034625818,0.616398473400674,0.6383937564146452,0.637264886302764,0.6411929062998505,0.6559071478031542,0.6490837782633248,0.5897331233111865
Spectral Rolloff Point Overall Average,0.8481391559831146,-0.18325962192166437,0.4225814266255343,0.02426963851379288,-0.03946364946879918,-0.040842063698717394,-0.028095714539863006,0.10425790044785835,-0.0003789932756070034,0.04006153809838758,0.7575085631513013,0.8244695324587508,0.5210558937655384,0.5147845779570356,0.6991351373884268,0.7014517604450332,0.11993532547796372,0.8042903734577665,0.4614434699195775,0.6825480086218542,0.7503792887950422,0.7234634187870672,0.7417716827348313,0.7121590560717226,0.72172307288284,0.7377337016154414,0.7554847056987419,0.7856581719268125,0.7969670449855141,0.7723425697183697,0.7945698127514429,0.48264459433055934,0.6713880254791479,0.8357312042878309,0.8664567103075456,0.8773742021857198,0.8782849695319244,0.874114376832724,0.8728104239614799,0.8647779819888063,,0.7178579587587155,0.756480798279031,0.7456811962784863,0.6444112982157736,0.6608798837792882,0.9966916636601623,1.0,0.5904742331884647,0.83999202009101,0.6706265474128624,0.6743998607207898,0.6369671744023503,0.9682262348498671,0.8479307965511971,-0.08149336929499061,-0.4248719525180401,-0.6447558632720373,-0.6490645506116832,-0.503911299217257,-0.6100960657505042,-0.128029507130888,-0.5220404586566466,-0.022418393041086632,-0.5110693982838436,-0.32049528817561385,-0.4088550758447976,-0.775328291891704,0.8017573374125209,-0.5071883898515697,0.642281650560471,0.6853052464342971,0.22300330847394825,0.07487476996837215,0.6757712929317065,0.6738769485091451,,0.7077723004189114,0.970128076639195,0.9119953905935294,0.7381085861489705,0.8276989197004228,0.5735572232746731,0.6461441823938112,0.6560075340808453,0.6521180300423899,0.6334697045465942,0.6218582500780894,0.647558919136623,0.6450163523971807,0.6483456181353526,0.6646788321493434,0.6578919169440073,0.597438422250826
Spectral Flux Overall Average,0.5245709312807253,-0.5942680296241533,0.12866305585921223,0.016457480422354398,0.050056985423909545,0.25944826984049246,0.21587750500494773,0.15365942930420012,0.2757046106924642,0.07675328084949777,0.19559518628655426,0.29548451803900977,0.9737091693427808,0.08274072162136226,0.9322070467670968,0.9297265542159988,-0.1301612221985464,0.2810903224467516,0.00891832563502478,0.4415390123093025,0.5381928222000797,0.5096153436504378,0.5448458458907749,0.4951866387405215,0.6299801626602004,0.6447032335042483,0.6427154030056468,0.6628154276568723,0.7537055885062434,0.7262371101963333,0.6832302014914192,0.11423269934804464,0.3833922635920493,0.5781537970026729,0.5859067358289577,0.6403519329121278,0.6333932353001233,0.604790058046271,0.6170906804831091,0.5891817429034011,,0.8697394117247587,0.21211783797262918,0.3210273254920737,0.343041783769395,0.3171566396866804,0.5916767909740247,0.5904742331884647,1.0,0.7587309353024935,0.9589869612547881,0.9580589281814489,0.3034280990101259,0.6851635604049192,0.7658050352664564,0.0582668578502694,-0.5146494289579701,-0.7041939771651008,-0.69190466305917,-0.4599123943532971,-0.5520050086420382,0.0533789257544512,-0.3759745139431458,0.059476840811264316,-0.5366219520017744,-0.3210044492526961,-0.21813752727492208,-0.7573861313662621,0.7779862196845527,-0.3779156201574277,0.4367023125268579,0.6594232535005375,0.2064387416531999,0.10824123722231582,0.7219093063270857,0.7084766242768783,,0.9129679328993795,0.6852003484631517,0.6958276334134158,0.7579843486514147,0.7341597495654177,0.4609154087876321,0.4883408847110854,0.4727275050158362,0.4509301317794609,0.4217686595460792,0.41978956184725597,0.4672744003238912,0.46389477846122223,0.4406710167084702,0.45404928388997273,0.43772566424586773,0.4117983401736428
Compactness Overall Average,0.8442446032421503,-0.5032420687974124,0.048232601970853405,0.096806698507986,0.012861947962345919,0.009958124184679215,0.008829317141312033,0.0357710720479457,0.023754585338023812,0.012779581955885909,0.41961961513008933,0.5286414623888235,0.6863813627719131,0.42395369329969484,0.876615192846983,0.8763797522342012,-0.0020206352963421546,0.5118743148480293,0.33785381379550555,0.7394757120947222,0.8603153194965799,0.8210165011343761,0.8639935461628209,0.7972659734377653,0.8354726818702004,0.8630179739348539,0.8842306900180978,0.8945431068959014,0.9221044394857554,0.9058981189850426,0.9178535712562499,0.4571445709271035,0.6955235861659368,0.8931284596614407,0.8916768838440029,0.9123733930284713,0.9111477531633019,0.9072277406940401,0.9158764951693786,0.8970311123016681,,0.8733899155857129,0.4810035125319626,0.6170001139582053,0.6422753054999274,0.6236853460808682,0.8428014767963448,0.83999202009101,0.7587309353024935,1.0,0.8590777563858955,0.8620942978345426,0.5984573650008858,0.9219679144921361,0.9993247164048515,0.17995549362911223,-0.4852776477139991,-0.7797058058600159,-0.7906209233853623,-0.6272083251827988,-0.7837022787637327,-0.1532981129835395,-0.6335250385723032,-0.028243352001882282,-0.6475556245698257,-0.3849340834199867,-0.4541886597115444,-0.9923555872019104,0.9795389949201828,-0.526398688690299,0.7642172066930469,0.8844976996906699,0.3000732631649346,0.17498296245769604,0.8377048344868154,0.867539491274483,,0.8844754181987676,0.9385107629137597,0.9333336441074506,0.9281011979394728,0.9149999226597821,0.7135259924179401,0.7794906718994221,0.7666143218460856,0.7456142273735584,0.7323990866186321,0.7124902798264329,0.7464065770929257,0.7402028083264043,0.7447983699681467,0.7627712916160915,0.7451517517430973,0.7071724451418451
Spectral Variability Overall Average,0.5976802011948711,-0.6472147801815794,0.14878543205790062,0.06327260348062679,0.06062043624645695,0.23725039278336907,0.1846505987248505,0.10466324069842076,0.12181371845258869,0.07525623942132476,0.23520413588996575,0.34676077408961303,0.9054753815808568,0.10419904227015592,0.9743467564152685,0.9721528941015368,-0.14376176365183438,0.33027369497280956,0.021162148338014518,0.4864750529449118,0.6237350826426945,0.5961512662064472,0.6303275240067044,0.573284259368326,0.680922424222082,0.6966580609318566,0.7101081489404092,0.7360788081986211,0.8056159939328015,0.7820524095279977,0.7663328321211506,0.1481507066025791,0.44446069884714917,0.6598856715236842,0.6720627879934009,0.7206803401861913,0.7216906390327826,0.7090652703078554,0.7176922809944419,0.6869685622981869,,0.9187813294950147,0.2513624137961123,0.37131143180559084,0.39233703302488077,0.36063263179691335,0.6700375540490648,0.6706265474128624,0.9589869612547881,0.8590777563858955,1.0,0.9998643315894374,0.3537935856090528,0.7771003672263548,0.8629538332840666,0.11660800606807842,-0.5319538486830385,-0.7655733935452684,-0.7107682930083585,-0.5164619760825989,-0.6779080776153591,0.011152075454518656,-0.4506298200592319,0.045944719827108446,-0.6048322504967404,-0.38930314112123887,-0.3478777906785764,-0.852480608298366,0.8629822206030483,-0.4662095658782488,0.5421776177248985,0.7535888043900613,0.22297835150227235,0.0838231070505983,0.7380573201935231,0.7697112174901173,,0.9715070505258104,0.7751395088640836,0.7851247238268427,0.8272044859660191,0.8072702864906478,0.5318110140858663,0.5692377609581006,0.5423028820722954,0.5158024604161113,0.4959023816392855,0.48950266191651454,0.5440460654986539,0.5401782354231631,0.5331249607676782,0.5565396061020721,0.534415135596884,0.4943660460827286
Root Mean Square Overall Average,0.6001346575434561,-0.6491385081568368,0.14979447601504628,0.06749710922818203,0.05258591055325444,0.23427058456466188,0.18194001754403769,0.10131390508468353,0.12278362481423154,0.07035720101442772,0.23654012249932502,0.34859240725515284,0.9025582580530023,0.10567657529418242,0.9751928691757424,0.9733056112105565,-0.1440989465870536,0.3320812712982061,0.022836051185789557,0.4887008080375439,0.6256354625449292,0.5982772133447756,0.6338862010812525,0.5749514760251531,0.6822472668627889,0.6974877089125004,0.7120464807008288,0.7371944503379316,0.8074551336956975,0.7826306517361584,0.7676214955717147,0.14954511165236214,0.4456810218341307,0.6632532218453224,0.6756320769809517,0.7239606382453796,0.7246298587191038,0.7126983067214989,0.7210721639881131,0.6900141974627815,,0.9238868952037929,0.2527253888514781,0.3721937772144198,0.39248049900968074,0.3611554214910233,0.6735091282247665,0.6743998607207898,0.9580589281814489,0.8620942978345426,0.9998643315894374,1.0,0.3552003591130982,0.7813952916782688,0.8661104754373387,0.11383937452759174,-0.5312094172094718,-0.7664714581208466,-0.7166463143845307,-0.5156661830738374,-0.6795699124006828,0.009634067978778985,-0.4603984686208632,0.03814913007229143,-0.6111839567562758,-0.3924650354492749,-0.35012325570503455,-0.8553118759336998,0.8661577536542492,-0.4770776599710439,0.5491986966319828,0.7603308429991825,0.22305989669373408,0.08878073031363312,0.743119372085623,0.7739225652291453,,0.9750449313300384,0.7789994196239537,0.7875590606463503,0.8276573991234608,0.8074663179483648,0.5333617373952709,0.5732650771921002,0.5472983997618354,0.5198633837221655,0.49836370098087496,0.491247991748323,0.5459667125207698,0.5417009599998608,0.5343996642644587,0.5584279834564165,0.5358748169091477,0.49615607477603185
Fraction Of Low Energy Windows Overall Average,0.8409657788894505,0.22200683402517563,-0.10598966190443487,-0.03181443284746006,-0.03205333094898656,0.24917513936973684,-0.18503530382723155,-0.014382691231119335,-0.0018807872520862116,-0.04067719842718269,0.6424292998935514,0.684526190263416,0.2735888767813738,0.7808858139602866,0.38975046241753974,0.3897546664367828,0.6417485599782046,0.6135665871171085,0.7619247795326173,0.7582432524724013,0.7169636803664208,0.7260052123012566,0.7257231182027235,0.7482786923696084,0.7406077597800642,0.6913749121440839,0.7178146741330522,0.7025101457203394,0.6593764598537543,0.6768262502088144,0.691677135610524,0.7781235471619034,0.8162276083529756,0.772764929137025,0.739193731317452,0.7477249839447919,0.717581186519309,0.7105685471381642,0.7350928158174045,0.7497951151226231,,0.38430613353950077,0.7581935387172462,0.828838630790159,0.8014410382946097,0.8216775460525154,0.6421642384435275,0.6369671744023503,0.3034280990101259,0.5984573650008858,0.3537935856090528,0.3552003591130982,1.0,0.5914252019744123,0.6031185176702478,0.17944944614151853,-0.18653152676707005,-0.37374363215873335,-0.4271894157977101,-0.35615702074864203,-0.4179773163103325,-0.17971626135795543,-0.3196439623920579,-0.04977016425737819,-0.31049587653443095,-0.19531249824085573,-0.27756635678306896,-0.5892838573419258,0.5754482559423065,-0.11008085805544252,0.4650509177426392,0.46566664329487484,0.2708816832574833,0.20834909461708856,0.4786332280965036,0.4455544193967732,,0.3666191046208086,0.6507403860423702,0.6544413159910784,0.6095217841346243,0.6335933898183814,0.6221892805360408,0.6294576711964055,0.6436619118396918,0.6641167231549324,0.6808331173873146,0.6647690863274827,0.6632605511831315,0.6694866866690996,0.6820170312069189,0.6698468830631435,0.6666493726522026,0.6522390685394425
Zero Crossings Overall Average,0.8464501083104492,-0.3610456941117582,0.33402948129164256,0.0018654429084105392,-0.06813718541690496,-0.03119426650576669,0.006718857299503689,0.07620915381085383,-0.01717595674074953,-0.006744647684251057,0.6363504042689182,0.7160777513143475,0.6044760015548996,0.4489401502734306,0.8055474030573957,0.8079005174827982,0.04511069664084463,0.7203578005544533,0.38033428958436943,0.6912830406118396,0.7989307842649134,0.7746187514734663,0.8004968286790799,0.7491889748929459,0.7740731381966931,0.793161779553835,0.8131901007874448,0.8373771541212437,0.860800074886812,0.8353165893693981,0.8569702664207139,0.434069169109215,0.6639221154177574,0.861752905938532,0.8971161725708998,0.9102358429157474,0.9157875405244353,0.9108551545800624,0.9097045590862736,0.8958066315338729,,0.8278091084909378,0.6420488117626522,0.6630473659061783,0.6052618250206127,0.6054789235751917,0.9695217020484649,0.9682262348498671,0.6851635604049192,0.9219679144921361,0.7771003672263548,0.7813952916782688,0.5914252019744123,1.0,0.9261161749812364,-0.06400965880506937,-0.5214853126661566,-0.7579509567765339,-0.7415301918221755,-0.589022026718965,-0.705027422864386,-0.12547225014196745,-0.5905247406527449,-0.020647358710851268,-0.5986112517270741,-0.3246461161678825,-0.4209937359011859,-0.8720686757928375,0.9022052515010729,-0.5948739304940631,0.7298684136206723,0.7920760790665294,0.2056970643085636,0.0718697253651639,0.7723131694037646,0.7948155053497441,,0.8209994407537228,0.9840408609952045,0.9254421907330243,0.8076238699872317,0.8550374192459326,0.5990722530872529,0.6928178210246405,0.6934482382275903,0.6740281252671052,0.6481614119778006,0.627989912930907,0.6576173232168988,0.6492781586247495,0.6513446923552288,0.6767485561807008,0.6632846064815172,0.6059865720002902
MFCC Overall Average 1,0.8470206784945071,-0.49674690038816477,0.06054740236739334,0.10339390414861792,0.013532956732288558,0.013368243072526903,0.005532880516971077,0.029886285640535557,0.03815169856972492,0.014896722035490265,0.4306746396191424,0.5401353466610028,0.6930127448702819,0.4250564830210797,0.8799764128127031,0.879912328330325,0.0016062033756347165,0.5205046405548583,0.34086370929821863,0.7406260581532185,0.8576590749143431,0.8170397974924792,0.8599701332967576,0.7936662183211165,0.8337484594206366,0.8620362797062208,0.8844044182448327,0.8926617664437266,0.9233310084673184,0.9068810286650648,0.917296735537451,0.45908877253912417,0.6971655810016796,0.8948287007830478,0.8922039907282384,0.9156999627142021,0.912745925395718,0.9076083373302006,0.9164126914500567,0.8972441989937034,,0.878466478269133,0.4907307309724552,0.6242502227967882,0.6456869928853662,0.627812600712884,0.8496960973319949,0.8479307965511971,0.7658050352664564,0.9993247164048515,0.8629538332840666,0.8661104754373387,0.6031185176702478,0.9261161749812364,1.0,0.1769971688563573,-0.47770806834109575,-0.7763616051090291,-0.7955405004742879,-0.6210215281908884,-0.782300389453843,-0.16194103558216966,-0.6400932157173912,-0.032030402895727825,-0.6453728863666972,-0.38946892236518127,-0.4535561692551119,-0.9908429573673676,0.9781457234697927,-0.5299839668813098,0.7630120785524509,0.8874184676936626,0.30564122494414214,0.1803681323982076,0.8412757145943005,0.8638373370964376,,0.8892188687707296,0.9441822402159576,0.9391970365400606,0.9291972156432191,0.9195037954633507,0.7130505638462488,0.777105439464816,0.7679357648021777,0.7488035283651946,0.7352201695197375,0.7165241464980728,0.7507041268480537,0.74408637963154,0.7465882908188188,0.7642983380082584,0.7472864112604175,0.708851994513962
MFCC Overall Average 2,0.18646775036431384,0.11197358834835912,-0.40514495812162993,0.5038745062549556,0.3611335978397513,-0.03697866439196507,0.17036309995414078,-0.06972307957199816,0.1444034706422706,0.017779227880743355,-0.047378509238741914,-0.014110011635218507,0.09376777616563545,0.23784228077566824,0.11507376360949682,0.11240499633638219,0.0724315731958159,-0.04480620744465899,0.21369398382312835,0.3576679494956841,0.20957141804038387,0.16632628705820274,0.13714885316774153,0.1836355488355591,0.19107429979808635,0.15158598751094723,0.17624001336409117,0.13733567069637384,0.15730472482885993,0.16928155673660467,0.14960805592711454,0.342534550028621,0.3445915370123253,0.2183956797605919,0.11019391226768424,0.10844824929538094,0.0813419490731362,0.06708199595097715,0.06696562643262463,0.0766287328010018,,0.057315446490073835,0.04050867782956782,0.22462515169962277,0.35743113401862425,0.3233246565715,-0.08841169206296905,-0.08149336929499061,0.0582668578502694,0.17995549362911223,0.11660800606807842,0.11383937452759174,0.17944944614151853,-0.06400965880506937,0.1769971688563573,1.0,0.4884566798456572,0.2633595040284418,0.026534845388965122,0.16454325287440533,-0.12045674844059076,-0.15141685033395816,0.012043529625402217,-0.08011324190882022,-0.0016191076381685276,-0.44835265695269483,-0.313634882470215,-0.232235571632788,0.11502679294382341,0.4139442591148766,-0.10760814491898135,0.10136195922256969,0.5629663666830061,0.40244806279148143,-0.02155967537943162,-0.0750852746312491,,0.07079256352306615,0.0318491862397063,0.20068198067869372,0.3396601864556434,0.3286225923087336,0.32773554127690935,0.19023379341779087,0.1879710430987282,0.23117422699393816,0.3037805209560425,0.33234487327969525,0.33980832580717935,0.3484737274486274,0.3835825738441586,0.3662446611553592,0.3488267044867545,0.35268087263871556
MFCC Overall Average 3,-0.3200668572195738,0.5302145364020249,-0.07070080688257059,0.5999131935783397,0.19409618103499976,-0.11883926022098491,0.04132287933104719,-0.2714342058956364,0.05307235135255825,-0.13607776072790137,-0.06703983137584418,-0.10085201896536833,-0.4587833258268197,-0.03802059147167915,-0.53696108967296,-0.5354675141071511,0.07146930665969731,-0.12637740365492778,0.008747110621145951,-0.16677273275233423,-0.37810421675707656,-0.39626369289507707,-0.4222446614407998,-0.3618172873586477,-0.419399649825927,-0.42179716237732456,-0.43394129539219417,-0.49810583290388266,-0.4602005284771076,-0.4688392265467573,-0.48321277052025463,-0.0012505910429049267,-0.15751918489485087,-0.35364432832658194,-0.4165711697718639,-0.4324103479796016,-0.4420195031988666,-0.42267726943085576,-0.43461629265460794,-0.42693989564758583,,-0.4799778580574156,-0.07075216718551115,-0.0933997341695777,-0.10834349768812614,-0.08861255502541594,-0.45986033634679485,-0.4248719525180401,-0.5146494289579701,-0.4852776477139991,-0.5319538486830385,-0.5312094172094718,-0.18653152676707005,-0.5214853126661566,-0.47770806834109575,0.4884566798456572,1.0,0.8617612559690131,0.5134843792284809,0.7386917279463535,0.42282394240375565,-0.17087828996426704,0.16949007932769453,-0.24599922967485535,0.3959241052593724,-0.26374525320600334,-0.11750974598026707,0.47033757371755247,-0.6021676221111528,0.4035322196824042,-0.47477444753907005,-0.3475199451810009,0.39566636291632173,0.1773565334643007,-0.5766792294951494,-0.6732188441401697,,-0.5095764638663298,-0.44465964524322277,-0.32732573828258427,-0.37049454021779077,-0.3108212000058758,-0.16490514312277188,-0.3499241358383729,-0.26886515009588335,-0.19625398218777682,-0.1551273127577238,-0.0906445169484684,-0.0884585084046193,-0.0787013717310806,-0.09029192726481267,-0.12016254020351756,-0.10675677281574837,-0.08099350511180112
MFCC Overall Average 4,-0.5816138113906391,0.6396510772696018,-0.06237692174997156,0.39017075562516773,0.14644134687887275,-0.0412206859472357,0.07151061918916335,-0.07066032007987486,0.03589384858843099,-0.11677444294707062,-0.20202531414953045,-0.2768955502310521,-0.6243937094046637,-0.17915001552337356,-0.7618562700603088,-0.7593603481087156,0.07989450055373917,-0.2880092077806423,-0.10570400248589035,-0.4467899091014196,-0.6141138582846296,-0.6363657997461524,-0.6662985474537169,-0.6175853323359016,-0.6672338448087276,-0.6841154593339319,-0.6894220393159521,-0.7307065823735335,-0.7216117649943836,-0.7397705164304593,-0.7384930417648966,-0.17907229257032822,-0.3976009935656016,-0.6272966016100978,-0.6833776810676537,-0.7113042312013288,-0.708119288269323,-0.6855865360037285,-0.6971439587339011,-0.6761323074178289,,-0.7215900699939912,-0.22564654266773085,-0.30233174960021064,-0.33233006415994226,-0.30781056996599154,-0.6670174806496839,-0.6447558632720373,-0.7041939771651008,-0.7797058058600159,-0.7655733935452684,-0.7664714581208466,-0.37374363215873335,-0.7579509567765339,-0.7763616051090291,0.2633595040284418,0.8617612559690131,1.0,0.7292109399894015,0.8253367786582819,0.73072393353526,0.07345591509991374,0.45342387385049326,-0.1213548798645312,0.5875006731996435,-0.03535831454205131,0.07945367327730089,0.7698023967374946,-0.8481312053873971,0.5516218047005064,-0.7633104260911495,-0.6953050924593523,0.200058509669684,0.11817011192002143,-0.7461214794612638,-0.8232650803285492,,-0.7647580205411012,-0.7126278018284549,-0.6311465843157046,-0.6554026527389888,-0.6045546914448107,-0.419783553240627,-0.5591519498466769,-0.5170418883068523,-0.4653442842224694,-0.42042922834806923,-0.3781729219292959,-0.4053437697821891,-0.3976072252402077,-0.38225659177547416,-0.39945114096972933,-0.38357107470390867,-0.36101015473282067
MFCC Overall Average 5,-0.6362199563571979,0.5256096976289415,-0.010100365140141723,0.1612186211816893,-0.054195021595262696,0.035355424522335505,0.10699552934390684,-0.0151241579148272,-0.3057147180741686,0.20157241295782255,-0.2496329720907695,-0.3414145270908022,-0.6254927063224435,-0.27863318242746354,-0.7442998741201308,-0.7473993403136809,0.05311786612274941,-0.33701008444320874,-0.21642930258754145,-0.5506708391656513,-0.5795127953643098,-0.6225977300822735,-0.7462885315544667,-0.6669719105237427,-0.6870674413813785,-0.7005444436738524,-0.7203017711548,-0.7093362686288807,-0.7449091870929894,-0.7642865690449359,-0.7272131364659264,-0.2932088067903653,-0.5012648729695953,-0.7186021270067513,-0.6667659063341144,-0.7158197563136569,-0.7095131441419591,-0.6742946473965031,-0.6927467957085354,-0.6736861840431667,,-0.7755170823119223,-0.30452854668265206,-0.3989094284660106,-0.421407225334502,-0.40137103341975444,-0.6565436631438631,-0.6490645506116832,-0.69190466305917,-0.7906209233853623,-0.7107682930083585,-0.7166463143845307,-0.4271894157977101,-0.7415301918221755,-0.7955405004742879,0.026534845388965122,0.5134843792284809,0.7292109399894015,1.0,0.7107496121334362,0.6621929482853972,0.18777367337454134,0.5356499182941172,-0.16271001850727085,0.4314384615026083,0.0774873180015233,0.1782076358857738,0.7930735295235968,-0.8243450766537727,0.5132717318982865,-0.6590701179733635,-0.7689842236540894,-0.25438325070291606,-0.2662903531312983,-0.8531047115324003,-0.80634607017389,,-0.7505736144114872,-0.7393442583185192,-0.7021828432277359,-0.7133765390563359,-0.6756973300402812,-0.4518301649244566,-0.5658004263408375,-0.5805919867970174,-0.5557763651664369,-0.5463450272176528,-0.5464715208316666,-0.5846302787522913,-0.5785510617668729,-0.525874686319388,-0.49917562282865746,-0.4753793720474724,-0.4431476925198801
MFCC Overall Average 6,-0.5158262796035004,0.4783147228924219,0.01774636521686812,0.5886936052500881,-0.18610225852160103,0.11654457439277192,0.2370953830626962,0.027774082212079335,0.01880440860569839,-0.0951037143396946,-0.18416468972337555,-0.23856484306741624,-0.42576171970208665,-0.22681258215455147,-0.5361281271294152,-0.5308070941356059,0.036937233334584124,-0.2459841316932402,-0.1685336584666859,-0.4241743524562785,-0.5165236183136054,-0.5448464833269163,-0.5954800257184795,-0.6061887514945752,-0.5630622119016416,-0.6119445988668412,-0.5965448277598956,-0.6452599824688358,-0.5599052873308997,-0.6484959005000552,-0.6305325941121069,-0.21539221126063307,-0.36630615034709774,-0.5653043747825802,-0.5630555290249961,-0.5899138750012625,-0.6030863455827202,-0.5570626563412518,-0.5682369035138534,-0.5493145242822426,,-0.4554772289275832,-0.2269847011609107,-0.30836711358332763,-0.3465828389183264,-0.32761518611561236,-0.5347529000378783,-0.503911299217257,-0.4599123943532971,-0.6272083251827988,-0.5164619760825989,-0.5156661830738374,-0.35615702074864203,-0.589022026718965,-0.6210215281908884,0.16454325287440533,0.7386917279463535,0.8253367786582819,0.7107496121334362,1.0,0.7544114020417441,0.2633466450193207,0.23068161662377373,-0.47143756037630846,0.23795936499748657,-0.29728294300115865,0.009456001000635428,0.6257833860981995,-0.6892043355992608,0.2756344722319663,-0.6301062927926493,-0.5463058458356661,0.06551758536663986,0.18615920807831682,-0.6072681088375814,-0.6841622653858087,,-0.479744323135653,-0.5652286761925124,-0.5097213905827696,-0.5486298244483503,-0.5065538089269995,-0.3091229677368878,-0.427396038509827,-0.3838469648291301,-0.35772982831580874,-0.388418468449233,-0.3678749285360666,-0.3714769452761696,-0.36830541918558507,-0.3564546557973411,-0.3382291797094128,-0.3231155386948351,-0.28535368932472216
MFCC Overall Average 7,-0.6313266031800566,0.532826343727802,-0.059747565603560024,0.11639443928694783,-0.19377607154294135,0.08391874314124853,0.10837919619222132,0.3647881303083114,0.15557081529786182,-0.10854813156660911,-0.2665307071460317,-0.36113453519960936,-0.5083294736112107,-0.21780141327317762,-0.6777750342277333,-0.6742612138704985,0.07228139841183201,-0.3507073006214965,-0.14316939735232148,-0.5230925800054648,-0.6541051740750734,-0.6412370989763203,-0.6687672557311753,-0.6658675323378241,-0.6604593091145667,-0.7045145897736043,-0.7093709489904705,-0.7195805950230233,-0.6901811139929662,-0.7420440765656964,-0.7306729869394711,-0.2636578041113163,-0.4957064937600302,-0.6936612589315543,-0.69237780782807,-0.7249355583287107,-0.7510511527046484,-0.7324355620857327,-0.7252808977362178,-0.6862251487637582,,-0.641350557353532,-0.3069532481965348,-0.42638672029048147,-0.45486300258324597,-0.43396209740600666,-0.6159785042877052,-0.6100960657505042,-0.5520050086420382,-0.7837022787637327,-0.6779080776153591,-0.6795699124006828,-0.4179773163103325,-0.705027422864386,-0.782300389453843,-0.12045674844059076,0.42282394240375565,0.73072393353526,0.6621929482853972,0.7544114020417441,1.0,0.5213859359037513,0.5235832901545435,-0.16701058266962604,0.43551193561861523,0.14029195563329516,0.3637686972180031,0.7787289375996922,-0.7798149068058058,0.43747265193843315,-0.7153557082117492,-0.8040133164090566,-0.24458853229900765,0.08224648979660691,-0.5701631633121255,-0.6342297827341461,,-0.6813259146453775,-0.7178334110553215,-0.7190259133686258,-0.7136316640792539,-0.6939486933460087,-0.49258198789400753,-0.5268401693664839,-0.513590693000715,-0.49774500811903305,-0.5287592003263633,-0.5327231706797111,-0.5648880582983659,-0.552401979272798,-0.5330758868131417,-0.5421875681157258,-0.5262223130520435,-0.5011356618759983
MFCC Overall Average 8,-0.24783037801948718,-0.03771721453861396,0.04886140756961137,0.005727242633870477,-0.2584028900656338,0.34386328120785886,0.18378811548027807,0.737123665402413,-0.028782055991035678,-0.10346492127514878,-0.17179702437547273,-0.19170998134512374,0.02653126697104867,-0.2139908761466641,-0.011657217522047533,-0.008584029718813831,-0.07808399785810863,-0.18548305168437965,-0.2041393241016856,-0.23975750190983655,-0.2404236583060635,-0.1865517931601207,-0.15130276391659792,-0.19704244295837622,-0.1661546869646757,-0.2726127185695099,-0.2633524957281948,-0.18820266120731483,-0.16664344505275852,-0.2460245785714739,-0.21402562521673416,-0.2670882550293581,-0.27898198287850706,-0.2578496244380059,-0.22042465415948076,-0.22853746552942208,-0.24185193254277643,-0.19180114709286378,-0.18894501068713773,-0.16899851823263193,,0.005501981996407733,-0.19966501709604495,-0.24123690011894205,-0.28571924062829357,-0.2721315103140991,-0.12009043117918144,-0.128029507130888,0.0533789257544512,-0.1532981129835395,0.011152075454518656,0.009634067978778985,-0.17971626135795543,-0.12547225014196745,-0.16194103558216966,-0.15141685033395816,-0.17087828996426704,0.07345591509991374,0.18777367337454134,0.2633466450193207,0.5213859359037513,1.0,0.3825514998180422,-0.04304475013770561,-0.12040086147233897,-0.059405278445829816,0.1444434066183455,0.16318005547304157,-0.12128559946091844,-0.03893939517671866,-0.276038143786083,-0.2930717966135317,-0.33496275988759006,0.004098285660513274,-0.049459277565628526,0.028559030404095603,,0.009647365817986189,-0.17428265393072967,-0.22400560760946217,-0.19472169225530475,-0.2138251614010218,-0.1235471613596572,-0.059932648985448686,-0.14483014220285345,-0.18493463109252123,-0.2395099338097371,-0.2894010952155193,-0.265343851734139,-0.22418237490239562,-0.16991039689925336,-0.14138087414676953,-0.16821483803691195,-0.2011747434713482
MFCC Overall Average 9,-0.5097509849609542,0.391863727187933,-0.04977983874497675,-0.3053681938689178,0.376341011359948,0.11584949655856212,0.10409035069908389,0.43341691679898847,-0.16498583026002625,0.05123225589303622,-0.22597744542836135,-0.3105259716277464,-0.28116417816777484,-0.20447308546029014,-0.4623038427571335,-0.46873138807543063,0.03526095291238333,-0.2920276824621922,-0.15618708178877758,-0.47225544412699316,-0.5610519188087713,-0.4775026012573178,-0.5170535708957364,-0.3977493248961552,-0.45577251612388525,-0.5451265586970747,-0.5989462438227251,-0.5315985555024502,-0.5763107509990006,-0.5298368735943977,-0.5321477938324956,-0.2460776220300947,-0.37724887799346507,-0.5735440999279499,-0.5859243117532902,-0.5899350601037288,-0.5928518654409312,-0.6020380462202289,-0.6003705858832016,-0.5615169168645415,,-0.5866440229537293,-0.25278278706126805,-0.3282700248486198,-0.334849025019143,-0.338620418231577,-0.509185166606899,-0.5220404586566466,-0.3759745139431458,-0.6335250385723032,-0.4506298200592319,-0.4603984686208632,-0.3196439623920579,-0.5905247406527449,-0.6400932157173912,0.012043529625402217,0.16949007932769453,0.45342387385049326,0.5356499182941172,0.23068161662377373,0.5235832901545435,0.3825514998180422,1.0,0.4908814266082916,0.6079389091971177,0.3287517058322825,0.24078749846254222,0.6345733287865786,-0.614650157114286,0.6820054175466095,-0.7059399741903883,-0.7951324309038849,-0.216775173017413,-0.2748248807684387,-0.6317096021455603,-0.5810125934932574,,-0.5770979456872536,-0.6050185272476238,-0.5674135491476989,-0.4986030803819455,-0.4786979274655569,-0.46109865682912404,-0.5342769381775838,-0.593622463614496,-0.5778155624927551,-0.5110627314505178,-0.48461077976861383,-0.4691705520754493,-0.4177353347565358,-0.3689180530768234,-0.39621358832914555,-0.401385149919406,-0.4568440258237863
MFCC Overall Average 10,-0.03035093354646814,-0.0713596708963732,0.051930884442445306,-0.5542909571575023,0.75600278871115,0.05666212044721249,0.006240527729292706,0.11420819301778784,-0.048703010901161053,-0.12588641445643664,-0.01612649414568334,-0.018392141220754447,0.13433368066633172,-0.08760251308302255,0.08106805298899873,0.07173391840084041,-0.044223138811817574,-0.008914764414665712,-0.09339305209952066,-0.06505716318756169,-0.0547784189618538,-0.001339964862990849,0.021700363907476646,0.07105257320224162,0.0034703700998719145,0.04121472351345004,0.003159717610076902,0.08519872128924055,0.014566247228458432,0.11338797334294452,0.07245004061362763,-0.09435704372219775,-0.0208739951325503,-0.015629364861834347,-0.09347075880306006,-0.046628271417198754,-0.006066545778411566,-0.06562105476764474,-0.042518943439564534,-0.04612673527192889,,-0.07690476162084574,-0.022633307835647758,-0.01923227977651528,-0.009381602727076856,-0.0364718827588041,-0.00950685249888088,-0.022418393041086632,0.059476840811264316,-0.028243352001882282,0.045944719827108446,0.03814913007229143,-0.04977016425737819,-0.020647358710851268,-0.032030402895727825,-0.08011324190882022,-0.24599922967485535,-0.1213548798645312,-0.16271001850727085,-0.47143756037630846,-0.16701058266962604,-0.04304475013770561,0.4908814266082916,1.0,0.5911610828688593,0.42044204666484764,-0.05492294719596814,0.03184275179763971,-0.009493500428787216,0.3142444812568968,-0.22132444171378446,-0.12048186382266675,0.12071340622261988,-0.2656626678200958,0.000638571159447073,0.0413855749706502,,-0.09126114373383723,-0.02857134343192067,-0.0019076079678996042,0.05112894526038274,0.06484403950191,-0.23311734003730322,-0.2533125556973187,-0.2773281674457341,-0.23317713696282624,-0.09883052618756563,-0.033849465777383216,0.021420854698192847,0.04615622353170792,0.038584303587178605,-0.009110268020215145,-0.04331932088072104,-0.1762440911426963
MFCC Overall Average 11,-0.4673747602983496,0.45791113386457155,-0.003067302350727612,-0.2279268641981358,0.6209729147208962,-0.039667506821133895,-0.03599079753949273,-0.07497456339787997,0.04601489515148559,-0.21133992028196996,-0.14236593036394146,-0.21511567478542018,-0.4272214610263574,-0.18632827092368065,-0.5779534770399885,-0.5842455034376058,0.06918540123517294,-0.208969917413033,-0.13343542546088455,-0.4016088096726819,-0.5123091909112156,-0.5120478215685965,-0.5047376116458107,-0.4083296595742611,-0.4946092491358992,-0.49965886814632365,-0.5115051651116798,-0.4928267300513519,-0.5732733772620856,-0.4678548754409284,-0.49920407825439517,-0.18612510618733047,-0.3157316997412925,-0.5125281755326451,-0.5913876286661033,-0.5811035262618581,-0.5622638470445405,-0.5867417113683551,-0.5770077110203436,-0.5739943728231239,,-0.6648835038022667,-0.17588405018649833,-0.25679716473216385,-0.2689994477039108,-0.2753759137895061,-0.515678245251131,-0.5110693982838436,-0.5366219520017744,-0.6475556245698257,-0.6048322504967404,-0.6111839567562758,-0.31049587653443095,-0.5986112517270741,-0.6453728863666972,-0.0016191076381685276,0.3959241052593724,0.5875006731996435,0.4314384615026083,0.23795936499748657,0.43551193561861523,-0.12040086147233897,0.6079389091971177,0.5911610828688593,1.0,0.46401150054672463,0.09511012967365304,0.6429490213116348,-0.6715877579973815,0.6297971480519805,-0.6841877638180054,-0.6317965421269939,0.12787502518650465,-0.09626019093732607,-0.5247193468828769,-0.6034155246687684,,-0.6998951778375069,-0.5807239813208639,-0.5249501026516934,-0.5228437948429975,-0.4702972242370115,-0.5553351545940884,-0.6572213616361172,-0.6131754765599409,-0.5337873231958046,-0.39220364541119135,-0.2971795416652344,-0.29025060672648356,-0.28835034043521734,-0.31427099174197803,-0.369356489896583,-0.37805888009533156,-0.4596968777388722
MFCC Overall Average 12,-0.31315031725087134,0.07060611819195524,-0.07891066619863918,-0.7477459992558833,0.06228338411066038,-0.14286180395411024,-0.3554503861418281,-0.030242930194741367,0.13367489439289718,-0.04695003431673118,-0.20454047176160903,-0.2679336914601481,-0.28225358377518484,-0.1500509132590544,-0.38221840603595136,-0.38693736566443115,0.010896514077672455,-0.2397263162116418,-0.11885949475228041,-0.3056069696521079,-0.3207924261141429,-0.2624050023838205,-0.2444523131969829,-0.2017294181518322,-0.22266244253177386,-0.20920957621122688,-0.2583934547161826,-0.2758720085771072,-0.3559026856262266,-0.24617469061879454,-0.32885448717313986,-0.21294373686655185,-0.3107260458623459,-0.317471363095411,-0.35036504538464386,-0.3222145421308842,-0.3198420317575715,-0.34256051890153927,-0.3230806805004794,-0.3170094553299568,,-0.43632402825175465,-0.22320105518795702,-0.30300787254953016,-0.30229697315547255,-0.2910818571616281,-0.290220320840989,-0.32049528817561385,-0.3210044492526961,-0.3849340834199867,-0.38930314112123887,-0.3924650354492749,-0.19531249824085573,-0.3246461161678825,-0.38946892236518127,-0.44835265695269483,-0.26374525320600334,-0.03535831454205131,0.0774873180015233,-0.29728294300115865,0.14029195563329516,-0.059405278445829816,0.3287517058322825,0.42044204666484764,0.46401150054672463,1.0,0.6660249459511157,0.38057512021589407,-0.2916842830987637,0.15923765568098291,-0.14254544062215388,-0.3399841795346874,-0.37804919461657793,-0.35456948818838513,-0.14523383337973958,-0.10622319520728181,,-0.436220892849821,-0.372246113071744,-0.4520017837063644,-0.42560941624007825,-0.4519989865818236,-0.4265615551434844,-0.35027887191829943,-0.35294048933832195,-0.3407997992394679,-0.2675144826992558,-0.2503898254433715,-0.2946273703151217,-0.31166563472107517,-0.3987090671296282,-0.4643531442825744,-0.4692964740186251,-0.4652013524790918
MFCC Overall Average 13,-0.41060745661093395,0.11016950277826165,-0.08938603014247795,-0.48104187031379164,-0.36505586365488113,-0.07489105329064259,-0.23166897885954382,0.060360367373412875,0.42560356332555727,0.14086098237858835,-0.2678242480343522,-0.3355235056043722,-0.18884984707930233,-0.2018029990204131,-0.3941640044827271,-0.3969012604617739,-0.00259049632154149,-0.30395122687103715,-0.16403043071420725,-0.33504812332266176,-0.424658443125451,-0.35872478418883835,-0.40317971324565316,-0.37495321414637456,-0.3224447594156696,-0.28655436135264833,-0.36558696458411394,-0.42137334732639964,-0.40431328698037255,-0.3738192153841705,-0.479300324789942,-0.2726245965536281,-0.3973797019549339,-0.4101341660541344,-0.4107863853471436,-0.39424490135408274,-0.41606268918908484,-0.4595496209711397,-0.4413830563725718,-0.4014528862861662,,-0.42541263115664874,-0.29630116496604175,-0.3856755990557839,-0.37842964163318105,-0.3547759769537556,-0.38374987231607105,-0.4088550758447976,-0.21813752727492208,-0.4541886597115444,-0.3478777906785764,-0.35012325570503455,-0.27756635678306896,-0.4209937359011859,-0.4535561692551119,-0.313634882470215,-0.11750974598026707,0.07945367327730089,0.1782076358857738,0.009456001000635428,0.3637686972180031,0.1444434066183455,0.24078749846254222,-0.05492294719596814,0.09511012967365304,0.6660249459511157,1.0,0.44164314924847986,-0.3525644366115661,0.17613849928784192,-0.21740648340434487,-0.42261471597677674,-0.4926436668343384,-0.11207143159448867,-0.18923300911958854,-0.2342183928680997,,-0.38427667987888064,-0.46208911243351836,-0.5320167068160458,-0.47881795566724905,-0.5112669203522769,-0.368662517694909,-0.3028383181070516,-0.2995038151065207,-0.27934751175566774,-0.2909694006901478,-0.32654139402330457,-0.44558013245618094,-0.4885143582841835,-0.57104075943726,-0.6287809083346022,-0.5931019119603506,-0.4777190050366605
LPC Overall Average 1,-0.8226330465370376,0.5280656501369843,0.05503419022449904,-0.11116648994392801,-0.025430252810877116,-0.015593156626865003,-0.004765561780629702,-0.024888450270675416,-0.04494307512316877,-0.017982267314624063,-0.33640548572744267,-0.45209465124961007,-0.6872733262604208,-0.4155239476957387,-0.8690605474538363,-0.8684365018838921,0.0084425480724221,-0.4300030695445326,-0.32836647134766356,-0.73578652734093,-0.8564391348119875,-0.814757349047979,-0.8614541733466964,-0.7916698779162096,-0.8336301729470779,-0.8623319910651475,-0.8843615680067075,-0.8878381636849283,-0.9172883877691647,-0.9035906246005477,-0.9125558007015441,-0.46232700784509034,-0.6905188536593113,-0.8792033120442412,-0.8669403556964577,-0.8912837783096259,-0.8844664127746044,-0.8797706230453844,-0.8918609643998016,-0.8733678699155896,,-0.8623817790595664,-0.41790029062951145,-0.5872716502600375,-0.6395885233774511,-0.6151657374914222,-0.7777451945625368,-0.775328291891704,-0.7573861313662621,-0.9923555872019104,-0.852480608298366,-0.8553118759336998,-0.5892838573419258,-0.8720686757928375,-0.9908429573673676,-0.232235571632788,0.47033757371755247,0.7698023967374946,0.7930735295235968,0.6257833860981995,0.7787289375996922,0.16318005547304157,0.6345733287865786,0.03184275179763971,0.6429490213116348,0.38057512021589407,0.44164314924847986,1.0,-0.9765530885098521,0.49333497110444097,-0.7583532833693495,-0.8872943389661722,-0.30649243668003423,-0.2044518138625837,-0.8447661920060857,-0.8708012163184228,,-0.8749293414221312,-0.8969259694829789,-0.9070895689444656,-0.9405540402337226,-0.9044403588486157,-0.726831812033505,-0.786416361570746,-0.7723111380515005,-0.7508254917598091,-0.7378137102644459,-0.7161235005888777,-0.7489384496705219,-0.7428065291585612,-0.7476463258398649,-0.763631838767614,-0.7464914541011545,-0.7169766135644274
LPC Overall Average 2,0.8081747768647487,-0.5566294280969495,0.0031688191981782926,-0.0178486308467403,-0.0539427686874812,0.01631106148897395,0.002285556531519182,0.06241118084063027,0.0649961928566922,-0.0007705343957234819,0.35281192106794795,0.45552180341277965,0.7008559573540672,0.3930776089998807,0.8790998256823135,0.8796477229849872,-0.012172374419694805,0.44911128971660036,0.3082845460734111,0.7191189701875755,0.8360234049185942,0.8052050587747173,0.8518187984925155,0.7791453082175941,0.8352396870342975,0.8525148280939755,0.8768382596226422,0.8878812998905647,0.9116211284201172,0.8972879159282562,0.9024757509716502,0.417886806997937,0.6612214165602764,0.8650071098109828,0.8682776992321453,0.8934431204743968,0.88704068980148,0.8772984119292422,0.885251683890054,0.8695958092404096,,0.8729777172480736,0.41589457148268477,0.5466689360939603,0.5824989289616261,0.561758252927891,0.8127605129312806,0.8017573374125209,0.7779862196845527,0.9795389949201828,0.8629822206030483,0.8661577536542492,0.5754482559423065,0.9022052515010729,0.9781457234697927,0.11502679294382341,-0.6021676221111528,-0.8481312053873971,-0.8243450766537727,-0.6892043355992608,-0.7798149068058058,-0.12128559946091844,-0.614650157114286,-0.009493500428787216,-0.6715877579973815,-0.2916842830987637,-0.3525644366115661,-0.9765530885098521,1.0,-0.5387414249007939,0.7808076544293818,0.8658933032750792,0.20381100556084428,0.17436134641577292,0.8779214369157421,0.9084646682255554,,0.8860834814860489,0.9031688969296896,0.8755343734334464,0.8977567926437292,0.8612001522820825,0.6712581303860953,0.7667321748821044,0.7412589321455505,0.7068596976465599,0.6830051765712692,0.6497921417094864,0.6793450520886458,0.67510670561699,0.6727646367368658,0.6905783500424145,0.6715890516805711,0.6425546298642801
LPC Overall Average 3,-0.2942682209765344,0.5563635545113967,-0.29722093268526345,-0.08289097588281798,0.4795656160763197,-0.007842628055979288,0.15083114388712396,0.1091400685554523,0.1393368146351901,0.19819540745496048,-0.13854178595010816,-0.20497750276348836,-0.24333688479211163,0.07708586850721011,-0.4711534126878169,-0.4802347568172403,0.20054695482625176,-0.21524030724229376,0.11148829407900428,-0.1509566817232016,-0.3365655328375494,-0.3289487796130445,-0.4238001836308866,-0.25278506802733747,-0.2806535600590484,-0.32513442039667984,-0.3427587590301484,-0.3321641213378009,-0.3970864079889541,-0.33420179487524243,-0.37370332852860294,0.08994888922437491,-0.07747277763652811,-0.36785425535736394,-0.4482753023854084,-0.4506590076312241,-0.4598817607730321,-0.5158953010518864,-0.5072184269992636,-0.4654916626733088,,-0.6348251737179736,-0.09251910353784071,-0.060394964755057054,0.017377152453496116,-0.0011791663000142254,-0.4975297960237314,-0.5071883898515697,-0.3779156201574277,-0.526398688690299,-0.4662095658782488,-0.4770776599710439,-0.11008085805544252,-0.5948739304940631,-0.5299839668813098,0.4139442591148766,0.4035322196824042,0.5516218047005064,0.5132717318982865,0.2756344722319663,0.43747265193843315,-0.03893939517671866,0.6820054175466095,0.3142444812568968,0.6297971480519805,0.15923765568098291,0.17613849928784192,0.49333497110444097,-0.5387414249007939,1.0,-0.6703370508790766,-0.6769123931047596,0.1516005503595297,-0.0010085487060357602,-0.5572871203691804,-0.6086284878342527,,-0.6205209356968476,-0.529383332890261,-0.3944127121105393,-0.2576587642222761,-0.2434798592262129,-0.24438136857071224,-0.40504673205495617,-0.4127178015158926,-0.3459006648823035,-0.264400538749016,-0.22794709553079873,-0.2621327419088723,-0.237009306349236,-0.1970725718518784,-0.252804554949307,-0.23223651082363103,-0.2219073331573293
LPC Overall Average 4,0.6461746090901794,-0.4658748794853942,-0.011089774271359217,-0.06669509849960835,-0.3277842306246784,-0.17923582837887445,-0.22833365295375643,-0.20233259829271116,-0.11706154884368644,-0.0012257669949162688,0.27700075697566334,0.3454255460638138,0.31854778240871884,0.3422729782640674,0.5383817645360349,0.5416068263345206,0.0013319618539823475,0.3471175857353476,0.27961238215424095,0.6042980315449539,0.6742042894211981,0.6581179181058799,0.6892361702954616,0.6426691877792292,0.6400212545033589,0.6679786180095919,0.6865960949368924,0.6761430857657496,0.6548351900578018,0.6780335147871888,0.6832292018933742,0.3433912864625677,0.4713702109518777,0.6825111262446905,0.7384246833556574,0.7385702068957837,0.7249212359752586,0.735889148368318,0.740877953561146,0.7055913594864174,,0.6212234269327142,0.32194578351671294,0.3934212810511875,0.40478530900032866,0.4041424098265876,0.6565581619490775,0.642281650560471,0.4367023125268579,0.7642172066930469,0.5421776177248985,0.5491986966319828,0.4650509177426392,0.7298684136206723,0.7630120785524509,-0.10760814491898135,-0.47477444753907005,-0.7633104260911495,-0.6590701179733635,-0.6301062927926493,-0.7153557082117492,-0.276038143786083,-0.7059399741903883,-0.22132444171378446,-0.6841877638180054,-0.14254544062215388,-0.21740648340434487,-0.7583532833693495,0.7808076544293818,-0.6703370508790766,1.0,0.8295370929412654,-0.06333822407439471,-0.034483559336159306,0.6682655447245797,0.7458507133022111,,0.6406557276108066,0.7164195511435562,0.6350804249563838,0.5869488617623438,0.5429926919670982,0.5393571857191402,0.6443099550864366,0.6573668903194035,0.6125842692940389,0.5384664167298081,0.4967330366080605,0.5115779942931596,0.5108842049348679,0.4876828160006781,0.5002466042527102,0.49780871769290763,0.5125343380213602
LPC Overall Average 5,0.7106593222801733,-0.5623935756268195,0.020160307224908743,0.14579064335947328,-0.0787625092352162,-0.035459733621324555,-0.038445981511954684,-0.26372605415923933,0.023092138414617987,-0.10347472225380139,0.284822139619519,0.3961435456346187,0.5750630036994423,0.2881483673513719,0.7694671361747425,0.7721281623343548,-0.05193921337465692,0.3806423478025301,0.21270536347198948,0.6348941346541116,0.7490760042074158,0.7138946120990263,0.7615755895823687,0.6774339062003978,0.713510195407957,0.7680048380798202,0.805807996804271,0.7765938167798258,0.8103141997227439,0.8041973282559248,0.7924865395656129,0.33436537505479513,0.5612446794756665,0.7837289093640797,0.7741205874666859,0.8095026099272505,0.8126186844261916,0.8141559479207027,0.8228015675727279,0.7817695863622743,,0.8287520917657626,0.3380492022270892,0.4617920432191226,0.4848402400900231,0.4719338281785123,0.6820220258554837,0.6853052464342971,0.6594232535005375,0.8844976996906699,0.7535888043900613,0.7603308429991825,0.46566664329487484,0.7920760790665294,0.8874184676936626,0.10136195922256969,-0.3475199451810009,-0.6953050924593523,-0.7689842236540894,-0.5463058458356661,-0.8040133164090566,-0.2930717966135317,-0.7951324309038849,-0.12048186382266675,-0.6317965421269939,-0.3399841795346874,-0.42261471597677674,-0.8872943389661722,0.8658933032750792,-0.6769123931047596,0.8295370929412654,1.0,0.337231387901001,0.12248543198700021,0.793455293263229,0.8260595269687664,,0.8281619462055834,0.8087498848927319,0.7941391419847483,0.7786095236846134,0.7439198098715502,0.6023277352052597,0.6540387305995999,0.6813691293015162,0.6615082702050017,0.6287488539854457,0.6245193564945503,0.66923554993301,0.6507050716704845,0.6169134466109801,0.6393184043971505,0.619096970855724,0.6060811919949056
LPC Overall Average 6,0.36162445821140476,0.08542675422657531,0.002293255664125732,0.43762566669071845,0.5134398328462322,0.032552973097076804,0.1650340839764531,-0.26769528539526827,0.21280560130335333,-0.2030228211155374,0.27849475876647084,0.3299099158158029,0.2762529259140916,0.25130457239704446,0.25890279999646865,0.2577959209439694,0.10751454830626561,0.297404940530382,0.22277922585638252,0.3692377835039615,0.35116026610065915,0.27432622389808575,0.2839897326527074,0.264797588361998,0.29367454787856934,0.33712941114340944,0.3661730982254072,0.29045846984732204,0.3467760095363506,0.35356255355466737,0.3036031332450068,0.31157166107390016,0.42548508333432183,0.39181832537366,0.255311382012027,0.2835919520580357,0.3257394280979355,0.3106733563292077,0.299116183655359,0.2857574175672385,,0.23133726365321497,0.33089444369109844,0.4180395999592297,0.42917268603093084,0.4181168072147082,0.20806970563151433,0.22300330847394825,0.2064387416531999,0.3000732631649346,0.22297835150227235,0.22305989669373408,0.2708816832574833,0.2056970643085636,0.30564122494414214,0.5629663666830061,0.39566636291632173,0.200058509669684,-0.25438325070291606,0.06551758536663986,-0.24458853229900765,-0.33496275988759006,-0.216775173017413,0.12071340622261988,0.12787502518650465,-0.37804919461657793,-0.4926436668343384,-0.30649243668003423,0.20381100556084428,0.1516005503595297,-0.06333822407439471,0.337231387901001,1.0,0.34276831383377865,0.19820304078700532,0.11610035766035064,,0.18947431386742475,0.2980353829456418,0.4213232026894708,0.4174107354807895,0.46853374211299675,0.3087275382083662,0.17098523534115792,0.22321068133894031,0.27902714609992735,0.3785553100590994,0.47062544874067863,0.4875533994299808,0.47851418628964554,0.4595999301563518,0.4345606186968575,0.4235749384879923,0.3939493552066311
LPC Overall Average 7,0.15973637306928215,0.036247187312292733,-0.18517091257464338,0.4198929796540474,-0.03110055177240044,0.042775749580395483,-0.008493526698727352,0.09743137126533034,0.5044598367159648,-0.26397069505323956,0.024139468193658933,0.05398356734618514,0.10527174410408364,0.16381827999479287,0.11628935756934339,0.12226866266028764,0.054914171098778865,0.025869734575816854,0.16001005435197868,0.23072322568199316,0.12346808958040802,0.06967298253492372,0.2139605817823913,0.09325798575769327,0.13196232856746215,0.07261101963959796,0.14685314033825705,0.11230676065832977,0.1684561215617594,0.10578657384163793,0.12178188753557632,0.21678592209652986,0.22296773712706006,0.2030993035757359,0.13175514152040327,0.12231037205413686,0.0955397602722007,0.06269317244868135,0.0789736892723143,0.09007873171308745,,0.17593408396811955,0.07602035094358295,0.15329681505163018,0.20417479833186444,0.1911207842760875,0.06734202940682232,0.07487476996837215,0.10824123722231582,0.17498296245769604,0.0838231070505983,0.08878073031363312,0.20834909461708856,0.0718697253651639,0.1803681323982076,0.40244806279148143,0.1773565334643007,0.11817011192002143,-0.2662903531312983,0.18615920807831682,0.08224648979660691,0.004098285660513274,-0.2748248807684387,-0.2656626678200958,-0.09626019093732607,-0.35456948818838513,-0.11207143159448867,-0.2044518138625837,0.17436134641577292,-0.0010085487060357602,-0.034483559336159306,0.12248543198700021,0.34276831383377865,1.0,0.35262969173937597,0.07490879338779233,,0.1280336083447763,0.12015911964003491,0.15621080423778372,0.19529517193828091,0.18417127805570407,0.18918920308658296,0.24147880115972895,0.2617877662826122,0.2579601351950157,0.27079191957208026,0.2662620734393399,0.2652875016544777,0.25949936246516936,0.2543917963021655,0.24264162571656617,0.2239223710949634,0.2167937415160869
LPC Overall Average 8,0.6767256146764338,-0.5315970104130032,-0.01402333344568107,-0.05929166672070797,-0.09875666237591595,0.04090158164380172,-0.03519319867537187,0.08004981669425738,0.3330563746468861,-0.1616527274612653,0.2686407161169008,0.35828026548153175,0.653473087280123,0.30168287477222755,0.782901987226709,0.7855982915698907,-0.02364922753464841,0.34923627860500434,0.23501515958703414,0.620366697137519,0.7061522290200358,0.666639600044431,0.7425336995489057,0.6344988024140865,0.7102114159456564,0.7483104482052044,0.7708623196182699,0.755439645062051,0.8107366929948677,0.7892811081857721,0.7794733682128355,0.32869993541037634,0.530859755561308,0.7472908723505821,0.7279875084657652,0.7604531169987121,0.7382348150841583,0.722704193391752,0.7402553529844711,0.723731864939308,,0.8053047380501211,0.31811420960694364,0.42500698033941325,0.4663479385993066,0.44668727561094856,0.6862914545391636,0.6757712929317065,0.7219093063270857,0.8377048344868154,0.7380573201935231,0.743119372085623,0.4786332280965036,0.7723131694037646,0.8412757145943005,-0.02155967537943162,-0.5766792294951494,-0.7461214794612638,-0.8531047115324003,-0.6072681088375814,-0.5701631633121255,-0.049459277565628526,-0.6317096021455603,0.000638571159447073,-0.5247193468828769,-0.14523383337973958,-0.18923300911958854,-0.8447661920060857,0.8779214369157421,-0.5572871203691804,0.6682655447245797,0.793455293263229,0.19820304078700532,0.35262969173937597,1.0,0.9152334586070194,,0.7739076361991585,0.7653002607875818,0.7165784575300805,0.7430228095072177,0.7039661447420568,0.5137224025920322,0.645043721201165,0.6519336478153405,0.6254723891549782,0.5998282063726301,0.5741726806984828,0.5935759612303101,0.5881643181915074,0.5451227863960565,0.5437879321811219,0.5226821717361245,0.48723675965022484
LPC Overall Average 9,0.6791022247255376,-0.6077032798460426,-0.035972735295264194,-0.14085562600533577,-0.1291293250759147,0.04285991182520712,-0.0020167529932799536,0.10770558175181223,0.08241479231581211,-0.099209024856595,0.22599487822078745,0.31701890392809234,0.6246713803520842,0.2835789943630634,0.8045771959878566,0.806506678566679,-0.04928108328904321,0.31784987717560675,0.2070600036793782,0.585329158760319,0.7486560503465333,0.7343865784610746,0.7654483759830416,0.6872412732721777,0.7402421645267853,0.7808989465796651,0.789767025526126,0.7946636276020744,0.8195702077077438,0.8015545474116494,0.7997718220046379,0.2963774080011064,0.5125944949273182,0.7481217438244363,0.7472387736947451,0.7702292662655876,0.7686650802016438,0.7754062851631996,0.7920444080673127,0.7769109651480752,,0.8194970327003843,0.28073505881266475,0.39748448585891516,0.43773015839260354,0.4209190421107728,0.6915039076157595,0.6738769485091451,0.7084766242768783,0.867539491274483,0.7697112174901173,0.7739225652291453,0.4455544193967732,0.7948155053497441,0.8638373370964376,-0.0750852746312491,-0.6732188441401697,-0.8232650803285492,-0.80634607017389,-0.6841622653858087,-0.6342297827341461,0.028559030404095603,-0.5810125934932574,0.0413855749706502,-0.6034155246687684,-0.10622319520728181,-0.2342183928680997,-0.8708012163184228,0.9084646682255554,-0.6086284878342527,0.7458507133022111,0.8260595269687664,0.11610035766035064,0.07490879338779233,0.9152334586070194,1.0,,0.8064104518923387,0.7760475483931639,0.7201675644193265,0.7587043914441102,0.6987062971563535,0.5393142771368996,0.666705498629126,0.6469163381363604,0.6056559788520528,0.5665420207654134,0.5273197313920344,0.5543631288813935,0.5546228193685708,0.5392748975942178,0.5504482200646391,0.524618209758279,0.4920834480847507
LPC Overall Average 10,,,,,,,,,,,,,,,,,,,,,,,,,,,,,,,,,,,,,,,,,,,,,,,,,,,,,,,,,,,,,,,,,,,,,,,,,,,,,,,,,,,,,,,,,,,,,,
Method of Moments Overall Average 1,0.617648616586617,-0.6599702622104826,0.15463319497959566,0.13487473410869777,-0.07734052447433909,0.1888430755893181,0.13896699225210385,0.06998829972397909,0.08660055048304192,0.011428526218942515,0.2455104277207911,0.35946388066097457,0.8284216537433005,0.12442280934850995,0.9568913424193786,0.9587244180999361,-0.1468341884163812,0.3454056977464421,0.045550967664372784,0.5017128591348727,0.6411649753394907,0.6169839668233154,0.6713713228051095,0.5876699975494502,0.6842223948713857,0.6874468915051432,0.7142687195265932,0.7302226290818955,0.8071703638431155,0.7646793675811118,0.7667918219274379,0.1657143947723055,0.4481911510890747,0.6868733628808131,0.7093865784867095,0.7495458939738565,0.7461059713802686,0.7486497092111447,0.7536131681870817,0.7176227793522053,,0.966249660531631,0.2606998678940294,0.370298493662877,0.38172580547994067,0.3563165423305314,0.7034044743400039,0.7077723004189114,0.9129679328993795,0.8844754181987676,0.9715070505258104,0.9750449313300384,0.3666191046208086,0.8209994407537228,0.8892188687707296,0.07079256352306615,-0.5095764638663298,-0.7647580205411012,-0.7505736144114872,-0.479744323135653,-0.6813259146453775,0.009647365817986189,-0.5770979456872536,-0.09126114373383723,-0.6998951778375069,-0.436220892849821,-0.38427667987888064,-0.8749293414221312,0.8860834814860489,-0.6205209356968476,0.6406557276108066,0.8281619462055834,0.18947431386742475,0.1280336083447763,0.7739076361991585,0.8064104518923387,,1.0,0.8102957403056271,0.7982180513604524,0.8109653542395424,0.7865027454410978,0.5525384230287855,0.6240973396537904,0.6089944770721064,0.5674344974091989,0.5216208587763784,0.5010680901086234,0.5582343954603667,0.5484602038849622,0.5427536904402738,0.5795088525372539,0.5527837058477005,0.5180045516480686
Method of Moments Overall Average 2,0.8857562283022445,-0.31666192049051417,0.27749408309675166,0.07207559403281169,-0.0010862498543650328,-0.013844280044677484,-0.004603018264752857,0.044125776227684786,0.017538972916542165,0.05128210402122953,0.646500361531042,0.7377935700319539,0.6148649867591547,0.5013686227742441,0.7986809350913507,0.8003176218249248,0.0827138750997386,0.7131933434527187,0.4321843458934606,0.7324131099405174,0.8263968855041205,0.792303235502438,0.8197140182092528,0.7789822566019213,0.8020203099207129,0.8258051863149323,0.8486427858777751,0.8684633649918797,0.8881501095105585,0.8647596695091612,0.8794536932094461,0.5002514455580244,0.7160960079818669,0.8994556902745671,0.9120528788044149,0.9314337942256518,0.9320108307051919,0.9274666808553522,0.9310358874901153,0.9166209106583234,,0.8122094754656661,0.6796367703093117,0.7399020589855596,0.6884919720556748,0.6898184024253114,0.9673585751721111,0.970128076639195,0.6852003484631517,0.9385107629137597,0.7751395088640836,0.7789994196239537,0.6507403860423702,0.9840408609952045,0.9441822402159576,0.0318491862397063,-0.44465964524322277,-0.7126278018284549,-0.7393442583185192,-0.5652286761925124,-0.7178334110553215,-0.17428265393072967,-0.6050185272476238,-0.02857134343192067,-0.5807239813208639,-0.372246113071744,-0.46208911243351836,-0.8969259694829789,0.9031688969296896,-0.529383332890261,0.7164195511435562,0.8087498848927319,0.2980353829456418,0.12015911964003491,0.7653002607875818,0.7760475483931639,,0.8102957403056271,1.0,0.9714719243265117,0.8625105610959517,0.9107533536732056,0.6586821936523949,0.7217129068471071,0.7270633856921815,0.7169686710959767,0.6998947354131948,0.6874471438836425,0.7183366784108283,0.714713809561708,0.7199670045077947,0.7373941140482507,0.7262964430118245,0.6759202896980306
Method of Moments Overall Average 3,0.8865007822158626,-0.28611942865738926,0.18252531945565428,0.16894248419761904,0.13416089043200147,0.015258754916660306,0.05838327061219629,0.012688648550748409,0.042433225733933315,0.12490705531014747,0.5983807225791374,0.7050638520815183,0.6464718681587992,0.5163780494185641,0.8058018127053064,0.8058491816965121,0.09274945632466121,0.6611710497955697,0.44351225814415446,0.7438605678259269,0.8293308572692798,0.789029677394987,0.8034830330143538,0.7854714787012571,0.809764489294008,0.8375890139360048,0.8593734601775034,0.8736608791288756,0.9006150686906205,0.8763198580563094,0.8862046007551806,0.5443291374892958,0.7517205222306539,0.9045117597173986,0.8905175817537945,0.9160744478950633,0.9134399810501547,0.9029544217862425,0.9119821215170825,0.8978715743503097,,0.794857747758092,0.6595671247395237,0.7786093271537626,0.7610865432849171,0.7509284860535738,0.9018338782717034,0.9119953905935294,0.6958276334134158,0.9333336441074506,0.7851247238268427,0.7875590606463503,0.6544413159910784,0.9254421907330243,0.9391970365400606,0.20068198067869372,-0.32732573828258427,-0.6311465843157046,-0.7021828432277359,-0.5097213905827696,-0.7190259133686258,-0.22400560760946217,-0.5674135491476989,-0.0019076079678996042,-0.5249501026516934,-0.4520017837063644,-0.5320167068160458,-0.9070895689444656,0.8755343734334464,-0.3944127121105393,0.6350804249563838,0.7941391419847483,0.4213232026894708,0.15621080423778372,0.7165784575300805,0.7201675644193265,,0.7982180513604524,0.9714719243265117,1.0,0.9324321103635255,0.9745759598509162,0.6955505594079924,0.7103335560613484,0.7186230201067438,0.7209914083524991,0.7207808363539958,0.721645216568666,0.7581470094272006,0.7568164552706274,0.773587491433326,0.7860804738462286,0.7748875742254092,0.7266518507746007
Method of Moments Overall Average 4,0.8232499549818137,-0.39327272163725957,-0.08524094282576328,0.14113209266043036,0.19110579677750877,0.06135862064623068,0.1149745895721931,0.05273125763315702,0.09872150250245709,0.158549368814402,0.36284320763329625,0.48168148856049287,0.7249811939386859,0.47196190731708865,0.843831738098694,0.8417564719859443,0.055764386846537846,0.4421911490998346,0.38939212568030995,0.7277411245136425,0.8212726628609607,0.7850480975452092,0.7960445254319296,0.7778516516662326,0.8248318477535712,0.8548095018525841,0.8692080496143367,0.8765050481252146,0.9109041062872855,0.8884206473204008,0.8920329354350949,0.5290298532802328,0.7341975672106635,0.8601576248478898,0.8257396802701025,0.8599872167326907,0.8496766080927863,0.8249562518985291,0.8424137419392841,0.8346263895677589,,0.7973189496572151,0.4695630839009897,0.6715939581311527,0.7406743350323208,0.7073799705454913,0.7342505644534932,0.7381085861489705,0.7579843486514147,0.9281011979394728,0.8272044859660191,0.8276573991234608,0.6095217841346243,0.8076238699872317,0.9291972156432191,0.3396601864556434,-0.37049454021779077,-0.6554026527389888,-0.7133765390563359,-0.5486298244483503,-0.7136316640792539,-0.19472169225530475,-0.4986030803819455,0.05112894526038274,-0.5228437948429975,-0.42560941624007825,-0.47881795566724905,-0.9405540402337226,0.8977567926437292,-0.2576587642222761,0.5869488617623438,0.7786095236846134,0.4174107354807895,0.19529517193828091,0.7430228095072177,0.7587043914441102,,0.8109653542395424,0.8625105610959517,0.9324321103635255,1.0,0.97222806862256,0.7168073182237493,0.7212854794098622,0.711232354241239,0.7057529066715372,0.7047177673700963,0.6937131520807988,0.7297244554102356,0.7302073147930482,0.7561973597766938,0.7685760496273899,0.7573856062490811,0.7256188815808488
Method of Moments Overall Average 5,0.8600621877901932,-0.288213186169985,0.07269537608172433,0.16487712314817932,0.23346391130705885,0.0460103461911254,0.12368664224558347,0.053218070031689144,0.10420926399295777,0.16638037103934533,0.5211828720817923,0.6275660575575851,0.7075900300731691,0.509672631819664,0.8293999176844573,0.8272742809674054,0.09031466586666526,0.5847085135632245,0.4337464619836279,0.743696774935295,0.8193930597578906,0.7790431748639334,0.7773796037605128,0.7756048455451533,0.8144264878668067,0.8427222868597685,0.856706957009446,0.8684125645820221,0.9022197026176209,0.8810531922724595,0.8854504770430423,0.5573445298907397,0.7614253022886934,0.881813329988178,0.8487071236125844,0.8782192567545729,0.8724824585252302,0.8442994848528163,0.858452561831246,0.8518707582419424,,0.7789775598660073,0.5974828885996964,0.7543066805624369,0.7846728017795984,0.7595207378521759,0.8209323834604704,0.8276989197004228,0.7341597495654177,0.9149999226597821,0.8072702864906478,0.8074663179483648,0.6335933898183814,0.8550374192459326,0.9195037954633507,0.3286225923087336,-0.3108212000058758,-0.6045546914448107,-0.6756973300402812,-0.5065538089269995,-0.6939486933460087,-0.2138251614010218,-0.4786979274655569,0.06484403950191,-0.4702972242370115,-0.4519989865818236,-0.5112669203522769,-0.9044403588486157,0.8612001522820825,-0.2434798592262129,0.5429926919670982,0.7439198098715502,0.46853374211299675,0.18417127805570407,0.7039661447420568,0.6987062971563535,,0.7865027454410978,0.9107533536732056,0.9745759598509162,0.97222806862256,1.0,0.696372130685791,0.6894972018043088,0.6912296538652034,0.7004448234096242,0.7133948986071182,0.7165340188967178,0.7531212336822896,0.752700062461458,0.7758135716914846,0.7829122867731406,0.7701856951166149,0.7217852836228847
Chroma feature 0,0.723113102774338,-0.16370814387253887,-0.18443445250554313,0.37914755001849154,-0.015788677441218483,0.06512790838680481,-0.3197210874477176,0.15533167760541852,-0.059115188916283326,0.1495104291661052,0.34796615867424907,0.4320667312654717,0.4113203793731803,0.5319311274361281,0.525914360630776,0.5250706522627533,0.18603342134537976,0.37828689483198863,0.4751128851057379,0.6562293784681478,0.7108695288885613,0.6436373514818501,0.6867955090106148,0.6266608729459467,0.6495835484251604,0.661273992426842,0.7015981860012597,0.6839862426536721,0.6704004861577928,0.666720620835888,0.6802270021379713,0.5597137142155325,0.6505363585706803,0.7088225935832889,0.6849674112186428,0.7056307192959852,0.689320463318791,0.6968205353475883,0.7081769552982364,0.709327383918885,,0.5252736611795729,0.46050462059095004,0.6190093575783834,0.6502682520783953,0.6509916621028916,0.572493587294893,0.5735572232746731,0.4609154087876321,0.7135259924179401,0.5318110140858663,0.5333617373952709,0.6221892805360408,0.5990722530872529,0.7130505638462488,0.32773554127690935,-0.16490514312277188,-0.419783553240627,-0.4518301649244566,-0.3091229677368878,-0.49258198789400753,-0.1235471613596572,-0.46109865682912404,-0.23311734003730322,-0.5553351545940884,-0.4265615551434844,-0.368662517694909,-0.726831812033505,0.6712581303860953,-0.24438136857071224,0.5393571857191402,0.6023277352052597,0.3087275382083662,0.18918920308658296,0.5137224025920322,0.5393142771368996,,0.5525384230287855,0.6586821936523949,0.6955505594079924,0.7168073182237493,0.696372130685791,1.0,0.9348200576366135,0.8934376291240651,0.8776591835462696,0.8435912576694811,0.7954544580922132,0.7840749840283409,0.7791906231626747,0.8146350446837699,0.8399215312939516,0.893194058861464,0.9681833767529878
Chroma feature 1,0.748442777795808,-0.2560369813925813,-0.15350801437319922,0.25692937745733746,-0.16407194577612733,0.033936188330645864,-0.3504308479498798,0.21259330522264566,-0.020258472662623768,0.11033660136277647,0.3498541122044177,0.43209284429809636,0.4116606977162596,0.5251225844165617,0.5882868247228874,0.5904709039314987,0.1560303027287428,0.39277302174446505,0.4680621162480547,0.659956233891381,0.7384491227932873,0.6804540532024786,0.7631811005519651,0.6563173971184267,0.6891247139672791,0.6951125545495983,0.7298798150931739,0.72230407409907,0.7085256967138893,0.6822869602565401,0.7106063064372938,0.539403549178505,0.6374525121361521,0.7514020007236933,0.7496282698572706,0.7554772086246756,0.740843425544904,0.7466555660742338,0.7545454440694763,0.754250147100486,,0.620994021393227,0.45219572713057044,0.5914618438793566,0.6216985197817608,0.6229358632907841,0.6517172779791108,0.6461441823938112,0.4883408847110854,0.7794906718994221,0.5692377609581006,0.5732650771921002,0.6294576711964055,0.6928178210246405,0.777105439464816,0.19023379341779087,-0.3499241358383729,-0.5591519498466769,-0.5658004263408375,-0.427396038509827,-0.5268401693664839,-0.059932648985448686,-0.5342769381775838,-0.2533125556973187,-0.6572213616361172,-0.35027887191829943,-0.3028383181070516,-0.786416361570746,0.7667321748821044,-0.40504673205495617,0.6443099550864366,0.6540387305995999,0.17098523534115792,0.24147880115972895,0.645043721201165,0.666705498629126,,0.6240973396537904,0.7217129068471071,0.7103335560613484,0.7212854794098622,0.6894972018043088,0.9348200576366135,1.0,0.9692413830342939,0.9221062403004092,0.8528649247629044,0.7673874359207411,0.7434383839883993,0.7245828893422503,0.7605272212644221,0.792312437366157,0.8199308402513313,0.8764216108628412
Chroma feature 2,0.7647749136386364,-0.20640146934781672,-0.13399449087709286,0.28927062041233104,-0.1628141326406541,0.0006777307052823424,-0.3652820621576657,0.13218828096854732,0.044372138575705954,0.051857404102503404,0.3955575203753481,0.47249706955491444,0.39637479968880823,0.5532606374723505,0.5711099258122866,0.5738074280638034,0.18688797270396446,0.43789440174728433,0.5008463793457001,0.680754256800114,0.7398012849854632,0.6811895927155898,0.7592877379595546,0.6588678772284114,0.6942314660223557,0.7063092817266133,0.7370598120326542,0.7023624418145699,0.7075126124985782,0.6881874098830532,0.6966392309360454,0.5774704855223861,0.6646864824440535,0.7606034850237952,0.7521703281074664,0.7574058572753414,0.7429111722434943,0.7425883721118746,0.7525640837366334,0.7527871428477685,,0.6204091610003698,0.4906781719040487,0.6147930192726727,0.6454089845283447,0.6449162182658587,0.6574881365529929,0.6560075340808453,0.4727275050158362,0.7666143218460856,0.5423028820722954,0.5472983997618354,0.6436619118396918,0.6934482382275903,0.7679357648021777,0.1879710430987282,-0.26886515009588335,-0.5170418883068523,-0.5805919867970174,-0.3838469648291301,-0.513590693000715,-0.14483014220285345,-0.593622463614496,-0.2773281674457341,-0.6131754765599409,-0.35294048933832195,-0.2995038151065207,-0.7723111380515005,0.7412589321455505,-0.4127178015158926,0.6573668903194035,0.6813691293015162,0.22321068133894031,0.2617877662826122,0.6519336478153405,0.6469163381363604,,0.6089944770721064,0.7270633856921815,0.7186230201067438,0.711232354241239,0.6912296538652034,0.8934376291240651,0.9692413830342939,1.0,0.9756108340938985,0.8994501311169724,0.8168673196164746,0.7832083473366097,0.7516130469319516,0.7635620627931351,0.7832411493710998,0.8073075366591775,0.8539177747107152
Chroma feature 3,0.7772533776549339,-0.14313598632285365,-0.13065551502247758,0.30122059796346445,-0.088434248077732,0.0045850063706174,-0.3852147424318484,0.09946858371753652,0.07599648108363645,0.028346624363997003,0.43372771525571885,0.5063021706280834,0.38319930729845775,0.5812140797295803,0.5401689048822109,0.5411746191327536,0.22916878533379947,0.47089435835070237,0.531846044390525,0.6974440785035843,0.744909407477902,0.686622939275208,0.7438376694995015,0.6649840466139467,0.6916997888639107,0.7113491653218539,0.7409273088909026,0.6976794141627262,0.6976203289414147,0.6977706418762227,0.6914926576976477,0.6119944320334689,0.6901727259133543,0.7645016950625118,0.7359872042555394,0.7531563157253106,0.7381374543962513,0.7318050177712907,0.7415504110320976,0.7512287779050638,,0.5719167876544575,0.5289259901992805,0.6494820588219626,0.6796270998413003,0.6796920623920957,0.6509362337847237,0.6521180300423899,0.4509301317794609,0.7456142273735584,0.5158024604161113,0.5198633837221655,0.6641167231549324,0.6740281252671052,0.7488035283651946,0.23117422699393816,-0.19625398218777682,-0.4653442842224694,-0.5557763651664369,-0.35772982831580874,-0.49774500811903305,-0.18493463109252123,-0.5778155624927551,-0.23317713696282624,-0.5337873231958046,-0.3407997992394679,-0.27934751175566774,-0.7508254917598091,0.7068596976465599,-0.3459006648823035,0.6125842692940389,0.6615082702050017,0.27902714609992735,0.2579601351950157,0.6254723891549782,0.6056559788520528,,0.5674344974091989,0.7169686710959767,0.7209914083524991,0.7057529066715372,0.7004448234096242,0.8776591835462696,0.9221062403004092,0.9756108340938985,1.0,0.9574865452032395,0.8899940632805073,0.8428671713818149,0.8012578014125837,0.79855154690077,0.8011070688538562,0.8226044826391438,0.8581543086780303
Chroma feature 4,0.7778442271035898,-0.112759102121316,-0.12522800633232486,0.27204263384448674,0.0847290623357427,0.018824223712709403,-0.4206981972301362,0.06703302050164633,0.07182411631294111,-0.027771312726623306,0.4518746555453258,0.5240815592305185,0.3786126544784249,0.5764377996161487,0.5199714323327613,0.5185316530819204,0.24347497572619065,0.48325041965346777,0.5272231801177601,0.6898260414293,0.7492073850587245,0.6826367904511133,0.7446564366326475,0.6785115237766907,0.6907676455817042,0.7030539634588916,0.7391429187446734,0.6952901939212389,0.6764340147461622,0.7070169975926054,0.6963098466911626,0.6156120488147423,0.7049004907216544,0.7709352986604856,0.7127902443600722,0.7412355166840235,0.7327816253657133,0.7254050136480802,0.7327024604432731,0.7451171966241755,,0.5205819184144326,0.5451377814275276,0.6690124841036171,0.6983435995143449,0.695831667302404,0.6321988034625818,0.6334697045465942,0.4217686595460792,0.7323990866186321,0.4959023816392855,0.49836370098087496,0.6808331173873146,0.6481614119778006,0.7352201695197375,0.3037805209560425,-0.1551273127577238,-0.42042922834806923,-0.5463450272176528,-0.388418468449233,-0.5287592003263633,-0.2395099338097371,-0.5110627314505178,-0.09883052618756563,-0.39220364541119135,-0.2675144826992558,-0.2909694006901478,-0.7378137102644459,0.6830051765712692,-0.264400538749016,0.5384664167298081,0.6287488539854457,0.3785553100590994,0.27079191957208026,0.5998282063726301,0.5665420207654134,,0.5216208587763784,0.6998947354131948,0.7207808363539958,0.7047177673700963,0.7133948986071182,0.8435912576694811,0.8528649247629044,0.8994501311169724,0.9574865452032395,1.0,0.9730559128202144,0.9192366873381564,0.8677073766997825,0.853871230989998,0.8380908868426182,0.8477602587879833,0.8548926187841414
Chroma feature 5,0.7684830450269186,-0.09352133537539807,-0.0971981978652887,0.2766890944222749,0.18978195962000624,0.01589312989433474,-0.38668335544468624,0.015155977438165479,0.07624836229801862,-0.09188342753369336,0.4669735446871521,0.5416571557025024,0.39297711381358774,0.5621850556517667,0.5148798146786457,0.5124057883487446,0.2373049229616754,0.4969056816290013,0.5123169042679789,0.6786303715367642,0.7364237220753753,0.6732865425397027,0.7271141023164732,0.6787267110637502,0.6852268871281793,0.6930780768212575,0.7339230576179834,0.6778776855404257,0.6694422784932982,0.7133250044976559,0.6918208959953469,0.6051711419087314,0.7069652283043755,0.7621451730797544,0.695247473747174,0.7289054439538274,0.7225215688285788,0.7156805037263434,0.7231352251165536,0.7320805641403203,,0.5032994860720009,0.5552268112293457,0.6734661026066571,0.6929966464207183,0.6893248761220389,0.616398473400674,0.6218582500780894,0.41978956184725597,0.7124902798264329,0.48950266191651454,0.491247991748323,0.6647690863274827,0.627989912930907,0.7165241464980728,0.33234487327969525,-0.0906445169484684,-0.3781729219292959,-0.5464715208316666,-0.3678749285360666,-0.5327231706797111,-0.2894010952155193,-0.48461077976861383,-0.033849465777383216,-0.2971795416652344,-0.2503898254433715,-0.32654139402330457,-0.7161235005888777,0.6497921417094864,-0.22794709553079873,0.4967330366080605,0.6245193564945503,0.47062544874067863,0.2662620734393399,0.5741726806984828,0.5273197313920344,,0.5010680901086234,0.6874471438836425,0.721645216568666,0.6937131520807988,0.7165340188967178,0.7954544580922132,0.7673874359207411,0.8168673196164746,0.8899940632805073,0.9730559128202144,1.0,0.9635540338026042,0.9091355003778868,0.8749632495067695,0.8417016337943065,0.8413368351344966,0.8297950631958751
Chroma feature 6,0.7773798494428956,-0.1416773079614203,-0.08218677334048274,0.297993296754981,0.26061903932294056,0.04372678664965785,-0.33202062202107185,0.0382457229640315,0.03528231140466935,-0.1459497141633809,0.458601156375978,0.5424681667269916,0.43375625835740417,0.5379414777623946,0.5747587792499372,0.5728501999396376,0.20047989502184987,0.4899971109073037,0.48529817885198234,0.6921974987138958,0.7266878574823564,0.687454955676704,0.7617595066366116,0.7122244126436235,0.7088135892567275,0.694373885292547,0.7444588080057442,0.706941573362888,0.7132167273839926,0.7404439652063547,0.7292577304841941,0.5860912986984195,0.709211420464209,0.7732708663084948,0.7076172019504996,0.7440604361912553,0.7382840380883611,0.7298260574445806,0.7445537775146949,0.7435306645414997,,0.5675625077348553,0.5453187698025692,0.673730480590233,0.6910943935681236,0.6850498228891023,0.6383937564146452,0.647558919136623,0.4672744003238912,0.7464065770929257,0.5440460654986539,0.5459667125207698,0.6632605511831315,0.6576173232168988,0.7507041268480537,0.33980832580717935,-0.0884585084046193,-0.4053437697821891,-0.5846302787522913,-0.3714769452761696,-0.5648880582983659,-0.265343851734139,-0.4691705520754493,0.021420854698192847,-0.29025060672648356,-0.2946273703151217,-0.44558013245618094,-0.7489384496705219,0.6793450520886458,-0.2621327419088723,0.5115779942931596,0.66923554993301,0.4875533994299808,0.2652875016544777,0.5935759612303101,0.5543631288813935,,0.5582343954603667,0.7183366784108283,0.7581470094272006,0.7297244554102356,0.7531212336822896,0.7840749840283409,0.7434383839883993,0.7832083473366097,0.8428671713818149,0.9192366873381564,0.9635540338026042,1.0,0.977497617981891,0.9378926164215825,0.8978979215891301,0.8762938950427555,0.8363893550948582
Chroma feature 7,0.7683594223196657,-0.14270983219417316,-0.08808842182995481,0.3015984775912854,0.2942535046179129,0.061778504569619246,-0.3063292808079913,0.07947059361888242,0.014053952387851055,-0.14319332152919867,0.44842952197099417,0.530756639425593,0.4289542252678381,0.5277959014548678,0.5711130009374729,0.569433908872164,0.18880319562363984,0.47234325705150393,0.474907861241111,0.6993287770563056,0.7038426782695062,0.6808842264784808,0.757051528724998,0.7219487929977894,0.7083630206101821,0.6799364550940845,0.7251999756282492,0.7103415001631526,0.7189799377245614,0.7384416893703305,0.7279399595517952,0.5796723484203272,0.6981681483144611,0.7602257645930229,0.6963120098042376,0.73024371023942,0.7221717953203548,0.7169172769003688,0.7291066100204056,0.7289359467974043,,0.5616724697331269,0.5370122253173502,0.6724671641086108,0.6914363274372466,0.6837812483706547,0.637264886302764,0.6450163523971807,0.46389477846122223,0.7402028083264043,0.5401782354231631,0.5417009599998608,0.6694866866690996,0.6492781586247495,0.74408637963154,0.3484737274486274,-0.0787013717310806,-0.3976072252402077,-0.5785510617668729,-0.36830541918558507,-0.552401979272798,-0.22418237490239562,-0.4177353347565358,0.04615622353170792,-0.28835034043521734,-0.31166563472107517,-0.4885143582841835,-0.7428065291585612,0.67510670561699,-0.237009306349236,0.5108842049348679,0.6507050716704845,0.47851418628964554,0.25949936246516936,0.5881643181915074,0.5546228193685708,,0.5484602038849622,0.714713809561708,0.7568164552706274,0.7302073147930482,0.752700062461458,0.7791906231626747,0.7245828893422503,0.7516130469319516,0.8012578014125837,0.8677073766997825,0.9091355003778868,0.977497617981891,1.0,0.9678067748214768,0.9196975390860584,0.8923538865526869,0.838987161096225
Chroma feature 8,0.7783408578606821,-0.11521874424093563,-0.10801184648844127,0.3412370955279262,0.29968898447794334,0.08184421100332205,-0.26929495512668594,0.15011407185412054,-0.09013484899059591,-0.06958755557320197,0.45075113319680915,0.53370021751401,0.4058761659611981,0.5545418446439982,0.5676439584809361,0.5664119079277128,0.20542584899793653,0.4704864927263356,0.5018962599529874,0.6924482609767357,0.726815917840712,0.6892293310834222,0.7616328705571128,0.7194293112959225,0.6892519844081761,0.6542991570310919,0.7152599246693304,0.729203709449725,0.7158470466295787,0.7154164486439073,0.7389417794872335,0.6098439456958981,0.7157996176761264,0.7664347641970592,0.7123498455805231,0.7348808234162119,0.7249508397817436,0.7216144241445612,0.7339909952548299,0.7371984191232543,,0.5556883080316878,0.5487105673273749,0.6987795445295317,0.7246698459332024,0.7136695058941962,0.6411929062998505,0.6483456181353526,0.4406710167084702,0.7447983699681467,0.5331249607676782,0.5343996642644587,0.6820170312069189,0.6513446923552288,0.7465882908188188,0.3835825738441586,-0.09029192726481267,-0.38225659177547416,-0.525874686319388,-0.3564546557973411,-0.5330758868131417,-0.16991039689925336,-0.3689180530768234,0.038584303587178605,-0.31427099174197803,-0.3987090671296282,-0.57104075943726,-0.7476463258398649,0.6727646367368658,-0.1970725718518784,0.4876828160006781,0.6169134466109801,0.4595999301563518,0.2543917963021655,0.5451227863960565,0.5392748975942178,,0.5427536904402738,0.7199670045077947,0.773587491433326,0.7561973597766938,0.7758135716914846,0.8146350446837699,0.7605272212644221,0.7635620627931351,0.79855154690077,0.853871230989998,0.8749632495067695,0.9378926164215825,0.9678067748214768,1.0,0.9790410973135939,0.9474276115426048,0.8827868195944555
Chroma feature 9,0.776309971264279,-0.1428727762782532,-0.09184811152728883,0.3819899375041827,0.24761249838653407,0.0931009350591347,-0.2382450848382142,0.1619291666739511,-0.16359591702565113,-0.03588284769640117,0.4418147476149393,0.5282435089751825,0.41229878828038485,0.5394277259005252,0.5912104856385456,0.5908036682754423,0.18792867659716705,0.47000398737427035,0.48606273980235226,0.6714266679555484,0.746485232219392,0.6907711546676629,0.7599266852995251,0.6955815609377196,0.6699432986375286,0.6423470743394787,0.7149888533185255,0.7333366866940333,0.7174534212844388,0.7064525437412555,0.7499271129953886,0.5959326052695657,0.710032085040781,0.7650900883864075,0.7297158453827408,0.7463919819850898,0.7354534223993793,0.7390148273876459,0.7475253902246312,0.7449822962011311,,0.5914931622614772,0.5362900866032518,0.6864621980621771,0.7111335764145674,0.6984929266710889,0.6559071478031542,0.6646788321493434,0.45404928388997273,0.7627712916160915,0.5565396061020721,0.5584279834564165,0.6698468830631435,0.6767485561807008,0.7642983380082584,0.3662446611553592,-0.12016254020351756,-0.39945114096972933,-0.49917562282865746,-0.3382291797094128,-0.5421875681157258,-0.14138087414676953,-0.39621358832914555,-0.009110268020215145,-0.369356489896583,-0.4643531442825744,-0.6287809083346022,-0.763631838767614,0.6905783500424145,-0.252804554949307,0.5002466042527102,0.6393184043971505,0.4345606186968575,0.24264162571656617,0.5437879321811219,0.5504482200646391,,0.5795088525372539,0.7373941140482507,0.7860804738462286,0.7685760496273899,0.7829122867731406,0.8399215312939516,0.792312437366157,0.7832411493710998,0.8011070688538562,0.8380908868426182,0.8417016337943065,0.8978979215891301,0.9196975390860584,0.9790410973135939,1.0,0.978930947254259,0.9108608047071745
Chroma feature 10,0.7674087771858185,-0.12445023336958634,-0.09199818104683805,0.3992592825327958,0.22041449239653216,0.0714631845511877,-0.2736961773637478,0.15839632756310412,-0.1612108368049492,0.010432249882477629,0.4425287980571024,0.5269904452280845,0.39688458924010667,0.5459169112545273,0.55724831795624,0.5560682235307348,0.18732964520441142,0.47122901913673204,0.4924052055852177,0.6623836764576141,0.7399163509990657,0.6746464179910547,0.7331432016159702,0.6733783496021786,0.6492920690723466,0.6428808679431178,0.7046935516012292,0.7135907019326257,0.6946851966019137,0.6970590073367143,0.7377287067836794,0.5965562903183,0.7022161750993644,0.7491493193153079,0.714785301018624,0.7357476526269978,0.7214897962082718,0.726713371406182,0.7360282202974743,0.7364428994928528,,0.553749114345578,0.5376343402481129,0.6831802475050208,0.7036041331464798,0.6929618140998134,0.6490837782633248,0.6578919169440073,0.43772566424586773,0.7451517517430973,0.534415135596884,0.5358748169091477,0.6666493726522026,0.6632846064815172,0.7472864112604175,0.3488267044867545,-0.10675677281574837,-0.38357107470390867,-0.4753793720474724,-0.3231155386948351,-0.5262223130520435,-0.16821483803691195,-0.401385149919406,-0.04331932088072104,-0.37805888009533156,-0.4692964740186251,-0.5931019119603506,-0.7464914541011545,0.6715890516805711,-0.23223651082363103,0.49780871769290763,0.619096970855724,0.4235749384879923,0.2239223710949634,0.5226821717361245,0.524618209758279,,0.5527837058477005,0.7262964430118245,0.7748875742254092,0.7573856062490811,0.7701856951166149,0.893194058861464,0.8199308402513313,0.8073075366591775,0.8226044826391438,0.8477602587879833,0.8413368351344966,0.8762938950427555,0.8923538865526869,0.9474276115426048,0.978930947254259,1.0,0.9613253605421606
Chroma feature 11,0.7424612561166487,-0.10727234972235303,-0.15232413561548003,0.428994202429721,0.09815468507611884,0.04963458337315321,-0.32375463792356884,0.1084461800508355,-0.10710974169229837,0.10094748943525847,0.3986747511504405,0.4838173514797983,0.3683128152179132,0.555787672427405,0.49835524520587393,0.497350882821981,0.20408879941954336,0.4240302563934246,0.5027628687177114,0.6608021879600586,0.7183846239092978,0.6464283859035808,0.6929189609910342,0.6380894821069567,0.6310785325480539,0.6436353855273904,0.6923557954133936,0.6783072722191237,0.6647033637887201,0.6653391886095903,0.6946398577736704,0.5956738314311228,0.6799492412918099,0.7233162013783557,0.6917680655065123,0.7113885530821787,0.6951919608916584,0.7002137648100818,0.7109806611654457,0.7133805282146071,,0.5013339744598807,0.508249737097435,0.6640521657334373,0.6896179660402967,0.687878259481184,0.5897331233111865,0.597438422250826,0.4117983401736428,0.7071724451418451,0.4943660460827286,0.49615607477603185,0.6522390685394425,0.6059865720002902,0.708851994513962,0.35268087263871556,-0.08099350511180112,-0.36101015473282067,-0.4431476925198801,-0.28535368932472216,-0.5011356618759983,-0.2011747434713482,-0.4568440258237863,-0.1762440911426963,-0.4596968777388722,-0.4652013524790918,-0.4777190050366605,-0.7169766135644274,0.6425546298642801,-0.2219073331573293,0.5125343380213602,0.6060811919949056,0.3939493552066311,0.2167937415160869,0.48723675965022484,0.4920834480847507,,0.5180045516480686,0.6759202896980306,0.7266518507746007,0.7256188815808488,0.7217852836228847,0.9681833767529878,0.8764216108628412,0.8539177747107152,0.8581543086780303,0.8548926187841414,0.8297950631958751,0.8363893550948582,0.838987161096225,0.8827868195944555,0.9108608047071745,0.9613253605421606,1.0
