,mean_fit_time,std_fit_time,mean_score_time,std_score_time,param_Classifier__SVC__C,param_Classifier__SVC__kernel,param_Scaler,param_Selector__max_features,param_Classifier__SVC__gamma,param_Classifier__SVC__coef0,param_Classifier__SVC__degree,params,split0_test_score,split1_test_score,split2_test_score,mean_test_score,std_test_score,rank_test_score
0,0.03258101145426432,0.0009472363713328398,0.010766983032226562,0.0014191686830588239,1.0,linear,MinMaxScaler(),2,,,,"{'Classifier__SVC__C': 1, 'Classifier__SVC__kernel': 'linear', 'Scaler': MinMaxScaler(), 'Selector__max_features': 2}",0.11594202898550725,0.08695652173913043,0.03398058252427184,0.07895971108296984,0.03393504984532808,1276
1,0.031511545181274414,0.0010459161926463464,0.011603593826293945,0.004023169571455901,1.0,linear,MinMaxScaler(),4,,,,"{'Classifier__SVC__C': 1, 'Classifier__SVC__kernel': 'linear', 'Scaler': MinMaxScaler(), 'Selector__max_features': 4}",0.1642512077294686,0.21256038647342995,0.18932038834951456,0.18871066085080437,0.019726851640104057,637
2,0.036143859227498375,0.004715496848557679,0.013857285181681315,0.003252840723600822,1.0,linear,MinMaxScaler(),6,,,,"{'Classifier__SVC__C': 1, 'Classifier__SVC__kernel': 'linear', 'Scaler': MinMaxScaler(), 'Selector__max_features': 6}",0.12560386473429952,0.15942028985507245,0.16990291262135923,0.1516423557369104,0.018902797064365092,1063
3,0.03330731391906738,0.0006320444005285082,0.008770465850830078,0.000208544809731666,1.0,linear,MinMaxScaler(),8,,,,"{'Classifier__SVC__C': 1, 'Classifier__SVC__kernel': 'linear', 'Scaler': MinMaxScaler(), 'Selector__max_features': 8}",0.09178743961352658,0.17391304347826086,0.18446601941747573,0.15005550083642105,0.041426372793987545,1066
4,0.031939188639322914,0.0012338847424353129,0.009775320688883463,0.000904011684425079,1.0,linear,MinMaxScaler(),10,,,,"{'Classifier__SVC__C': 1, 'Classifier__SVC__kernel': 'linear', 'Scaler': MinMaxScaler(), 'Selector__max_features': 10}",0.08695652173913043,0.2318840579710145,0.16990291262135923,0.1629144974438347,0.05937241867837909,1029
5,0.03603386878967285,0.004803837494082163,0.009205818176269531,0.0006254775293493911,1.0,linear,MinMaxScaler(),12,,,,"{'Classifier__SVC__C': 1, 'Classifier__SVC__kernel': 'linear', 'Scaler': MinMaxScaler(), 'Selector__max_features': 12}",0.10144927536231885,0.20772946859903382,0.20388349514563106,0.1710207463689946,0.0492195087438278,982
6,0.03484241167704264,0.0003939325440818229,0.00920255978902181,0.00023647191804512278,1.0,linear,MinMaxScaler(),14,,,,"{'Classifier__SVC__C': 1, 'Classifier__SVC__kernel': 'linear', 'Scaler': MinMaxScaler(), 'Selector__max_features': 14}",0.1111111111111111,0.23671497584541062,0.1941747572815534,0.18066694807935837,0.05215955259988485,824
7,0.0349424680074056,0.0010337611171582016,0.010540485382080078,0.0025623711768948715,1.0,linear,MinMaxScaler(),16,,,,"{'Classifier__SVC__C': 1, 'Classifier__SVC__kernel': 'linear', 'Scaler': MinMaxScaler(), 'Selector__max_features': 16}",0.15942028985507245,0.25120772946859904,0.1941747572815534,0.20160092553507494,0.03783820378840153,205
8,0.04113094011942545,0.0025663292301043063,0.010555267333984375,0.00040596334562368854,1.0,linear,MinMaxScaler(),18,,,,"{'Classifier__SVC__C': 1, 'Classifier__SVC__kernel': 'linear', 'Scaler': MinMaxScaler(), 'Selector__max_features': 18}",0.21256038647342995,0.2318840579710145,0.22330097087378642,0.22258180510607695,0.00790522905372236,57
9,0.03674745559692383,0.0009792585854660999,0.013572136561075846,0.004256046245048711,1.0,linear,MinMaxScaler(),20,,,,"{'Classifier__SVC__C': 1, 'Classifier__SVC__kernel': 'linear', 'Scaler': MinMaxScaler(), 'Selector__max_features': 20}",0.20772946859903382,0.2222222222222222,0.22330097087378642,0.21775088723168082,0.007099884892089738,69
10,0.044623215993245445,0.003741392263072104,0.009711265563964844,0.0006213367790871585,1.0,linear,MinMaxScaler(),24,,,,"{'Classifier__SVC__C': 1, 'Classifier__SVC__kernel': 'linear', 'Scaler': MinMaxScaler(), 'Selector__max_features': 24}",0.16908212560386474,0.24154589371980675,0.22815533980582525,0.2129277863764989,0.03148182766795785,88
11,0.041359504063924156,0.0031088663512869987,0.01053619384765625,0.0017722683172272647,10.0,linear,MinMaxScaler(),2,,,,"{'Classifier__SVC__C': 10, 'Classifier__SVC__kernel': 'linear', 'Scaler': MinMaxScaler(), 'Selector__max_features': 2}",0.10628019323671498,0.13043478260869565,0.05339805825242718,0.09670434469927926,0.032170761894354256,1252
12,0.04139502843221029,0.008761767860950695,0.009383281071980795,0.0017095416843857741,10.0,linear,MinMaxScaler(),4,,,,"{'Classifier__SVC__C': 10, 'Classifier__SVC__kernel': 'linear', 'Scaler': MinMaxScaler(), 'Selector__max_features': 4}",0.13043478260869565,0.12560386473429952,0.1553398058252427,0.1371261510560793,0.013029130360209307,1105
13,0.03584520022074381,0.002057423743532771,0.008864482243855795,0.0006104018932359601,10.0,linear,MinMaxScaler(),6,,,,"{'Classifier__SVC__C': 10, 'Classifier__SVC__kernel': 'linear', 'Scaler': MinMaxScaler(), 'Selector__max_features': 6}",0.1497584541062802,0.18840579710144928,0.1650485436893204,0.1677375982990166,0.015891875097399248,1008
14,0.03440093994140625,0.0013228978940168054,0.007542848587036133,0.0010829945720229647,10.0,linear,MinMaxScaler(),8,,,,"{'Classifier__SVC__C': 10, 'Classifier__SVC__kernel': 'linear', 'Scaler': MinMaxScaler(), 'Selector__max_features': 8}",0.1642512077294686,0.19806763285024154,0.24271844660194175,0.2016790957272173,0.03213574222109779,201
15,0.03506906827290853,0.0008237271930235671,0.00854635238647461,3.0855331382005714e-05,10.0,linear,MinMaxScaler(),10,,,,"{'Classifier__SVC__C': 10, 'Classifier__SVC__kernel': 'linear', 'Scaler': MinMaxScaler(), 'Selector__max_features': 10}",0.17391304347826086,0.19806763285024154,0.2087378640776699,0.19357284680205744,0.014568101195407924,470
16,0.03557594617207845,0.0014173723425535427,0.009038448333740234,4.63538696652021e-06,10.0,linear,MinMaxScaler(),12,,,,"{'Classifier__SVC__C': 10, 'Classifier__SVC__kernel': 'linear', 'Scaler': MinMaxScaler(), 'Selector__max_features': 12}",0.18357487922705315,0.1932367149758454,0.16990291262135923,0.18223816894141928,0.009572762710605743,801
17,0.038257439931233726,0.0019389636418841905,0.00877054532368978,0.0002111068135381257,10.0,linear,MinMaxScaler(),14,,,,"{'Classifier__SVC__C': 10, 'Classifier__SVC__kernel': 'linear', 'Scaler': MinMaxScaler(), 'Selector__max_features': 14}",0.178743961352657,0.22705314009661837,0.1553398058252427,0.18704563575817268,0.029859548182905822,653
18,0.042507568995157875,0.007160801349488441,0.005756696065266927,0.0005563010828118076,10.0,linear,MinMaxScaler(),16,,,,"{'Classifier__SVC__C': 10, 'Classifier__SVC__kernel': 'linear', 'Scaler': MinMaxScaler(), 'Selector__max_features': 16}",0.2318840579710145,0.21739130434782608,0.17475728155339806,0.2080108812907462,0.02424680595479785,123
19,0.038984457651774086,0.0004329500361460825,0.008012612660725912,0.0015889938990588355,10.0,linear,MinMaxScaler(),18,,,,"{'Classifier__SVC__C': 10, 'Classifier__SVC__kernel': 'linear', 'Scaler': MinMaxScaler(), 'Selector__max_features': 18}",0.24154589371980675,0.17391304347826086,0.21359223300970873,0.20968372340259211,0.027748969271674886,112
20,0.03615705172220866,0.002550096978992283,0.0056658585866292315,0.0010150555637503187,10.0,linear,MinMaxScaler(),20,,,,"{'Classifier__SVC__C': 10, 'Classifier__SVC__kernel': 'linear', 'Scaler': MinMaxScaler(), 'Selector__max_features': 20}",0.24154589371980675,0.1932367149758454,0.1941747572815534,0.20965245532573518,0.0225553177807977,113
21,0.03271627426147461,0.002257130493546839,0.0063037872314453125,0.002901212746102684,10.0,linear,MinMaxScaler(),24,,,,"{'Classifier__SVC__C': 10, 'Classifier__SVC__kernel': 'linear', 'Scaler': MinMaxScaler(), 'Selector__max_features': 24}",0.22705314009661837,0.2463768115942029,0.19902912621359223,0.22415302596813783,0.01943808674045164,52
22,0.029082218805948894,0.00421942947712546,0.009117603302001953,0.0004717386179651999,100.0,linear,MinMaxScaler(),2,,,,"{'Classifier__SVC__C': 100, 'Classifier__SVC__kernel': 'linear', 'Scaler': MinMaxScaler(), 'Selector__max_features': 2}",0.11594202898550725,0.15942028985507245,0.05825242718446602,0.1112049153416819,0.04143721591026242,1216
23,0.04742868741353353,0.008506057915416499,0.009104251861572266,0.00048054836404106684,100.0,linear,MinMaxScaler(),4,,,,"{'Classifier__SVC__C': 100, 'Classifier__SVC__kernel': 'linear', 'Scaler': MinMaxScaler(), 'Selector__max_features': 4}",0.14492753623188406,0.15942028985507245,0.1553398058252427,0.15322921063739975,0.006101963396089243,1060
24,0.044049580891927086,0.007876169964411837,0.009694496790568033,0.0018412794251804205,100.0,linear,MinMaxScaler(),6,,,,"{'Classifier__SVC__C': 100, 'Classifier__SVC__kernel': 'linear', 'Scaler': MinMaxScaler(), 'Selector__max_features': 6}",0.178743961352657,0.16908212560386474,0.17475728155339806,0.17419445616997328,0.003964454297742248,906
25,0.056381940841674805,0.012385137216186915,0.008571227391560873,0.0007247604379068291,100.0,linear,MinMaxScaler(),8,,,,"{'Classifier__SVC__C': 100, 'Classifier__SVC__kernel': 'linear', 'Scaler': MinMaxScaler(), 'Selector__max_features': 8}",0.178743961352657,0.17391304347826086,0.2524271844660194,0.20169472976564576,0.035927435308979766,198
26,0.057037671407063804,0.00745037449954341,0.009423494338989258,0.0009307344048032708,100.0,linear,MinMaxScaler(),10,,,,"{'Classifier__SVC__C': 100, 'Classifier__SVC__kernel': 'linear', 'Scaler': MinMaxScaler(), 'Selector__max_features': 10}",0.17391304347826086,0.2222222222222222,0.20388349514563106,0.2000062536153714,0.019911787784157396,218
27,0.06766597429911296,0.0055099026639592345,0.009383837381998697,0.00024677665364745114,100.0,linear,MinMaxScaler(),12,,,,"{'Classifier__SVC__C': 100, 'Classifier__SVC__kernel': 'linear', 'Scaler': MinMaxScaler(), 'Selector__max_features': 12}",0.1932367149758454,0.2222222222222222,0.18446601941747573,0.19997498553851445,0.016133524727310018,223
28,0.06830398241678874,0.006417502095826406,0.009381294250488281,0.00024783447878850645,100.0,linear,MinMaxScaler(),14,,,,"{'Classifier__SVC__C': 100, 'Classifier__SVC__kernel': 'linear', 'Scaler': MinMaxScaler(), 'Selector__max_features': 14}",0.18840579710144928,0.21739130434782608,0.16019417475728157,0.188663758735519,0.023351342809395704,641
29,0.07503215471903484,0.012761057350067434,0.00904552141825358,0.0008070327290178909,100.0,linear,MinMaxScaler(),16,,,,"{'Classifier__SVC__C': 100, 'Classifier__SVC__kernel': 'linear', 'Scaler': MinMaxScaler(), 'Selector__max_features': 16}",0.2222222222222222,0.2318840579710145,0.1553398058252427,0.20314869533949312,0.03403532679387221,193
30,0.06311837832132976,0.006700240217205169,0.009210666020711264,0.0002486438189224946,100.0,linear,MinMaxScaler(),18,,,,"{'Classifier__SVC__C': 100, 'Classifier__SVC__kernel': 'linear', 'Scaler': MinMaxScaler(), 'Selector__max_features': 18}",0.2608695652173913,0.18840579710144928,0.18446601941747573,0.2112471272454388,0.035125206758679646,106
31,0.07486573855082194,0.00474050268013639,0.008873542149861654,0.00023087892985511666,100.0,linear,MinMaxScaler(),20,,,,"{'Classifier__SVC__C': 100, 'Classifier__SVC__kernel': 'linear', 'Scaler': MinMaxScaler(), 'Selector__max_features': 20}",0.26570048309178745,0.19806763285024154,0.1796116504854369,0.21445992214248863,0.037007676105204626,85
32,0.0846719741821289,0.016010096293639583,0.010106643040974935,0.0008980300995183536,100.0,linear,MinMaxScaler(),24,,,,"{'Classifier__SVC__C': 100, 'Classifier__SVC__kernel': 'linear', 'Scaler': MinMaxScaler(), 'Selector__max_features': 24}",0.2463768115942029,0.24154589371980675,0.18446601941747573,0.22412957491049512,0.02811562635069879,55
33,0.06065138181050619,0.0067886516987901106,0.011371771494547525,0.002965944918054081,1000.0,linear,MinMaxScaler(),2,,,,"{'Classifier__SVC__C': 1000, 'Classifier__SVC__kernel': 'linear', 'Scaler': MinMaxScaler(), 'Selector__max_features': 2}",0.12560386473429952,0.1497584541062802,0.05825242718446602,0.1112049153416819,0.038719810161916834,1216
34,0.08964474995930989,0.001478746941012512,0.009221076965332031,0.00023245725876088188,1000.0,linear,MinMaxScaler(),4,,,,"{'Classifier__SVC__C': 1000, 'Classifier__SVC__kernel': 'linear', 'Scaler': MinMaxScaler(), 'Selector__max_features': 4}",0.17391304347826086,0.16908212560386474,0.1553398058252427,0.16611165830245608,0.007868038562031679,1017
35,0.13998889923095703,0.01829964442633897,0.011725425720214844,0.002732536903825219,1000.0,linear,MinMaxScaler(),6,,,,"{'Classifier__SVC__C': 1000, 'Classifier__SVC__kernel': 'linear', 'Scaler': MinMaxScaler(), 'Selector__max_features': 6}",0.15942028985507245,0.18840579710144928,0.16990291262135923,0.172576333192627,0.011983329830660567,945
36,0.20563300450642905,0.03654794177717257,0.008655548095703125,0.0001481187775289809,1000.0,linear,MinMaxScaler(),8,,,,"{'Classifier__SVC__C': 1000, 'Classifier__SVC__kernel': 'linear', 'Scaler': MinMaxScaler(), 'Selector__max_features': 8}",0.18840579710144928,0.21739130434782608,0.24757281553398058,0.217789972327752,0.0241564790434856,66
37,0.2836424509684245,0.03194277938694929,0.00962392489115397,8.313719630357626e-05,1000.0,linear,MinMaxScaler(),10,,,,"{'Classifier__SVC__C': 1000, 'Classifier__SVC__kernel': 'linear', 'Scaler': MinMaxScaler(), 'Selector__max_features': 10}",0.178743961352657,0.25120772946859904,0.2087378640776699,0.21289651829964198,0.029729000724250155,89
38,0.27066842714945477,0.04832007374703644,0.011059840520222982,0.002182940618802043,1000.0,linear,MinMaxScaler(),12,,,,"{'Classifier__SVC__C': 1000, 'Classifier__SVC__kernel': 'linear', 'Scaler': MinMaxScaler(), 'Selector__max_features': 12}",0.19806763285024154,0.2318840579710145,0.17475728155339806,0.20156965745821806,0.023453006605170246,206
39,0.4163070519765218,0.05009413783408028,0.01140753428141276,0.0025963373149827883,1000.0,linear,MinMaxScaler(),14,,,,"{'Classifier__SVC__C': 1000, 'Classifier__SVC__kernel': 'linear', 'Scaler': MinMaxScaler(), 'Selector__max_features': 14}",0.18840579710144928,0.2463768115942029,0.18446601941747573,0.20641620937104266,0.028302152563341836,136
40,0.4587571620941162,0.07163472232645189,0.00967860221862793,0.0006178166851556386,1000.0,linear,MinMaxScaler(),16,,,,"{'Classifier__SVC__C': 1000, 'Classifier__SVC__kernel': 'linear', 'Scaler': MinMaxScaler(), 'Selector__max_features': 16}",0.24154589371980675,0.2222222222222222,0.17475728155339806,0.21284179916514234,0.028061526821445828,92
41,0.43596069018046063,0.02409815840779183,0.009844064712524414,0.0016106493413795724,1000.0,linear,MinMaxScaler(),18,,,,"{'Classifier__SVC__C': 1000, 'Classifier__SVC__kernel': 'linear', 'Scaler': MinMaxScaler(), 'Selector__max_features': 18}",0.2753623188405797,0.22705314009661837,0.19902912621359223,0.2338148617169301,0.031527551269856416,24
42,0.4432220458984375,0.07496897201685915,0.008798837661743164,0.0005325123664193537,1000.0,linear,MinMaxScaler(),20,,,,"{'Classifier__SVC__C': 1000, 'Classifier__SVC__kernel': 'linear', 'Scaler': MinMaxScaler(), 'Selector__max_features': 20}",0.2318840579710145,0.2222222222222222,0.1941747572815534,0.21609367915826339,0.015993063489883073,76
43,0.5344947179158529,0.07619577403233657,0.00984342892964681,0.00028430189005823104,1000.0,linear,MinMaxScaler(),24,,,,"{'Classifier__SVC__C': 1000, 'Classifier__SVC__kernel': 'linear', 'Scaler': MinMaxScaler(), 'Selector__max_features': 24}",0.2560386473429952,0.25120772946859904,0.2087378640776699,0.2386614136297547,0.021250859672404573,13
44,0.050878683725992836,0.009532688306690702,0.01709771156311035,0.0008095591939509846,10.0,rbf,MinMaxScaler(),2,0.0001,,,"{'Classifier__SVC__C': 10, 'Classifier__SVC__gamma': 0.0001, 'Classifier__SVC__kernel': 'rbf', 'Scaler': MinMaxScaler(), 'Selector__max_features': 2}",0.21256038647342995,0.21256038647342995,0.09223300970873786,0.17245126088519924,0.05672286938180159,948
45,0.05411171913146973,0.00830235668144113,0.01810876528422038,0.0006963263849452034,10.0,rbf,MinMaxScaler(),4,0.0001,,,"{'Classifier__SVC__C': 10, 'Classifier__SVC__gamma': 0.0001, 'Classifier__SVC__kernel': 'rbf', 'Scaler': MinMaxScaler(), 'Selector__max_features': 4}",0.21256038647342995,0.21256038647342995,0.09223300970873786,0.17245126088519924,0.05672286938180159,948
46,0.040746847788492836,0.0007192018672254177,0.01975695292154948,0.001849182987117148,10.0,rbf,MinMaxScaler(),6,0.0001,,,"{'Classifier__SVC__C': 10, 'Classifier__SVC__gamma': 0.0001, 'Classifier__SVC__kernel': 'rbf', 'Scaler': MinMaxScaler(), 'Selector__max_features': 6}",0.21256038647342995,0.21256038647342995,0.09223300970873786,0.17245126088519924,0.05672286938180159,948
47,0.04867021242777506,0.009799284970275405,0.017251253128051758,0.001706350505367579,10.0,rbf,MinMaxScaler(),8,0.0001,,,"{'Classifier__SVC__C': 10, 'Classifier__SVC__gamma': 0.0001, 'Classifier__SVC__kernel': 'rbf', 'Scaler': MinMaxScaler(), 'Selector__max_features': 8}",0.21256038647342995,0.21256038647342995,0.09223300970873786,0.17245126088519924,0.05672286938180159,948
48,0.04694239298502604,0.005887750469441855,0.019637028376261394,0.0014372934052076746,10.0,rbf,MinMaxScaler(),10,0.0001,,,"{'Classifier__SVC__C': 10, 'Classifier__SVC__gamma': 0.0001, 'Classifier__SVC__kernel': 'rbf', 'Scaler': MinMaxScaler(), 'Selector__max_features': 10}",0.21256038647342995,0.21256038647342995,0.09223300970873786,0.17245126088519924,0.05672286938180159,948
49,0.04729461669921875,0.002518893818990974,0.020308494567871094,0.0032413542083544957,10.0,rbf,MinMaxScaler(),12,0.0001,,,"{'Classifier__SVC__C': 10, 'Classifier__SVC__gamma': 0.0001, 'Classifier__SVC__kernel': 'rbf', 'Scaler': MinMaxScaler(), 'Selector__max_features': 12}",0.21256038647342995,0.21256038647342995,0.09223300970873786,0.17245126088519924,0.05672286938180159,948
50,0.059169371922810875,0.010068925538858629,0.01948388417561849,0.0013517936952649728,10.0,rbf,MinMaxScaler(),14,0.0001,,,"{'Classifier__SVC__C': 10, 'Classifier__SVC__gamma': 0.0001, 'Classifier__SVC__kernel': 'rbf', 'Scaler': MinMaxScaler(), 'Selector__max_features': 14}",0.21256038647342995,0.21256038647342995,0.09223300970873786,0.17245126088519924,0.05672286938180159,948
51,0.04898969332377116,0.0053231809444372995,0.017974217732747395,0.0009800216373389871,10.0,rbf,MinMaxScaler(),16,0.0001,,,"{'Classifier__SVC__C': 10, 'Classifier__SVC__gamma': 0.0001, 'Classifier__SVC__kernel': 'rbf', 'Scaler': MinMaxScaler(), 'Selector__max_features': 16}",0.21256038647342995,0.21256038647342995,0.09223300970873786,0.17245126088519924,0.05672286938180159,948
52,0.05379811922709147,0.0008167314936973252,0.017308473587036133,0.00029654536988673783,10.0,rbf,MinMaxScaler(),18,0.0001,,,"{'Classifier__SVC__C': 10, 'Classifier__SVC__gamma': 0.0001, 'Classifier__SVC__kernel': 'rbf', 'Scaler': MinMaxScaler(), 'Selector__max_features': 18}",0.21256038647342995,0.21256038647342995,0.09223300970873786,0.17245126088519924,0.05672286938180159,948
53,0.05033334096272787,0.004494877636753599,0.01764520009358724,0.0007818421106817808,10.0,rbf,MinMaxScaler(),20,0.0001,,,"{'Classifier__SVC__C': 10, 'Classifier__SVC__gamma': 0.0001, 'Classifier__SVC__kernel': 'rbf', 'Scaler': MinMaxScaler(), 'Selector__max_features': 20}",0.21256038647342995,0.21256038647342995,0.09223300970873786,0.17245126088519924,0.05672286938180159,948
54,0.050488948822021484,0.0009965136261732195,0.017440080642700195,0.0008477651301969197,10.0,rbf,MinMaxScaler(),24,0.0001,,,"{'Classifier__SVC__C': 10, 'Classifier__SVC__gamma': 0.0001, 'Classifier__SVC__kernel': 'rbf', 'Scaler': MinMaxScaler(), 'Selector__max_features': 24}",0.21256038647342995,0.21256038647342995,0.09223300970873786,0.17245126088519924,0.05672286938180159,948
55,0.049605766932169594,0.001426803463189909,0.016763925552368164,0.00164688095595367,10.0,rbf,MinMaxScaler(),2,0.001,,,"{'Classifier__SVC__C': 10, 'Classifier__SVC__gamma': 0.001, 'Classifier__SVC__kernel': 'rbf', 'Scaler': MinMaxScaler(), 'Selector__max_features': 2}",0.21256038647342995,0.21256038647342995,0.09223300970873786,0.17245126088519924,0.05672286938180159,948
56,0.05375528335571289,0.004134754428020683,0.016661405563354492,0.0011863910849901063,10.0,rbf,MinMaxScaler(),4,0.001,,,"{'Classifier__SVC__C': 10, 'Classifier__SVC__gamma': 0.001, 'Classifier__SVC__kernel': 'rbf', 'Scaler': MinMaxScaler(), 'Selector__max_features': 4}",0.21256038647342995,0.21256038647342995,0.09223300970873786,0.17245126088519924,0.05672286938180159,948
57,0.04979443550109863,0.0049553534630183945,0.01799464225769043,0.0008668358115833075,10.0,rbf,MinMaxScaler(),6,0.001,,,"{'Classifier__SVC__C': 10, 'Classifier__SVC__gamma': 0.001, 'Classifier__SVC__kernel': 'rbf', 'Scaler': MinMaxScaler(), 'Selector__max_features': 6}",0.21256038647342995,0.21256038647342995,0.09223300970873786,0.17245126088519924,0.05672286938180159,948
58,0.04478017489115397,0.001847396288052579,0.016652266184488933,0.000343206081905116,10.0,rbf,MinMaxScaler(),8,0.001,,,"{'Classifier__SVC__C': 10, 'Classifier__SVC__gamma': 0.001, 'Classifier__SVC__kernel': 'rbf', 'Scaler': MinMaxScaler(), 'Selector__max_features': 8}",0.21256038647342995,0.21256038647342995,0.09223300970873786,0.17245126088519924,0.05672286938180159,948
59,0.04518763224283854,0.001508758160003008,0.02191019058227539,0.004604837335687452,10.0,rbf,MinMaxScaler(),10,0.001,,,"{'Classifier__SVC__C': 10, 'Classifier__SVC__gamma': 0.001, 'Classifier__SVC__kernel': 'rbf', 'Scaler': MinMaxScaler(), 'Selector__max_features': 10}",0.21256038647342995,0.21256038647342995,0.08737864077669903,0.17083313790785296,0.05901124084195224,984
60,0.046526034673055015,0.0022979747335236567,0.01676774024963379,8.867696926692104e-05,10.0,rbf,MinMaxScaler(),12,0.001,,,"{'Classifier__SVC__C': 10, 'Classifier__SVC__gamma': 0.001, 'Classifier__SVC__kernel': 'rbf', 'Scaler': MinMaxScaler(), 'Selector__max_features': 12}",0.21256038647342995,0.21256038647342995,0.07766990291262135,0.1675968919531604,0.06358798376225351,1010
61,0.04535142580668131,0.006701557552140924,0.018199682235717773,0.0003920106572955951,10.0,rbf,MinMaxScaler(),14,0.001,,,"{'Classifier__SVC__C': 10, 'Classifier__SVC__gamma': 0.001, 'Classifier__SVC__kernel': 'rbf', 'Scaler': MinMaxScaler(), 'Selector__max_features': 14}",0.21256038647342995,0.21256038647342995,0.07766990291262135,0.1675968919531604,0.06358798376225351,1010
62,0.045350074768066406,0.0030263290289225795,0.016687313715616863,0.0006072761724503626,10.0,rbf,MinMaxScaler(),16,0.001,,,"{'Classifier__SVC__C': 10, 'Classifier__SVC__gamma': 0.001, 'Classifier__SVC__kernel': 'rbf', 'Scaler': MinMaxScaler(), 'Selector__max_features': 16}",0.21256038647342995,0.21256038647342995,0.07766990291262135,0.1675968919531604,0.06358798376225351,1010
63,0.039650519688924156,0.0024085875003043646,0.019038915634155273,0.0011371513700530152,10.0,rbf,MinMaxScaler(),18,0.001,,,"{'Classifier__SVC__C': 10, 'Classifier__SVC__gamma': 0.001, 'Classifier__SVC__kernel': 'rbf', 'Scaler': MinMaxScaler(), 'Selector__max_features': 18}",0.21256038647342995,0.21256038647342995,0.07766990291262135,0.1675968919531604,0.06358798376225351,1010
64,0.05208635330200195,0.010124748231165132,0.017583688100179035,0.000533520775474858,10.0,rbf,MinMaxScaler(),20,0.001,,,"{'Classifier__SVC__C': 10, 'Classifier__SVC__gamma': 0.001, 'Classifier__SVC__kernel': 'rbf', 'Scaler': MinMaxScaler(), 'Selector__max_features': 20}",0.21256038647342995,0.21256038647342995,0.07766990291262135,0.1675968919531604,0.06358798376225351,1010
65,0.04624366760253906,0.005043558493172509,0.017218510309855144,0.0008809271149193242,10.0,rbf,MinMaxScaler(),24,0.001,,,"{'Classifier__SVC__C': 10, 'Classifier__SVC__gamma': 0.001, 'Classifier__SVC__kernel': 'rbf', 'Scaler': MinMaxScaler(), 'Selector__max_features': 24}",0.21256038647342995,0.21739130434782608,0.07766990291262135,0.16920719791129246,0.06475668163019985,1006
66,0.04436087608337402,0.004019321153885948,0.015440225601196289,0.001392177115747003,10.0,rbf,MinMaxScaler(),2,0.01,,,"{'Classifier__SVC__C': 10, 'Classifier__SVC__gamma': 0.01, 'Classifier__SVC__kernel': 'rbf', 'Scaler': MinMaxScaler(), 'Selector__max_features': 2}",0.14492753623188406,0.18357487922705315,0.0048543689320388345,0.11111892813032535,0.07677899750301148,1219
67,0.05251534779866537,0.004708624018070885,0.018468618392944336,0.002041170906229826,10.0,rbf,MinMaxScaler(),4,0.01,,,"{'Classifier__SVC__C': 10, 'Classifier__SVC__gamma': 0.01, 'Classifier__SVC__kernel': 'rbf', 'Scaler': MinMaxScaler(), 'Selector__max_features': 4}",0.15458937198067632,0.21739130434782608,0.0825242718446602,0.1515016493910542,0.055102508334590045,1065
68,0.05490334828694662,0.010784484377294032,0.017098506291707356,0.00022714750301062575,10.0,rbf,MinMaxScaler(),6,0.01,,,"{'Classifier__SVC__C': 10, 'Classifier__SVC__gamma': 0.01, 'Classifier__SVC__kernel': 'rbf', 'Scaler': MinMaxScaler(), 'Selector__max_features': 6}",0.13043478260869565,0.22705314009661837,0.08737864077669903,0.14828885449400436,0.05840272454964103,1074
69,0.052270730336507164,0.010611495346963274,0.01803112030029297,0.00123844911650898,10.0,rbf,MinMaxScaler(),8,0.01,,,"{'Classifier__SVC__C': 10, 'Classifier__SVC__gamma': 0.01, 'Classifier__SVC__kernel': 'rbf', 'Scaler': MinMaxScaler(), 'Selector__max_features': 8}",0.12560386473429952,0.1932367149758454,0.1796116504854369,0.16615074339852728,0.029205565938141012,1015
70,0.04940072695414225,0.005382002233456225,0.01914803187052409,0.0018289642928287597,10.0,rbf,MinMaxScaler(),10,0.01,,,"{'Classifier__SVC__C': 10, 'Classifier__SVC__gamma': 0.01, 'Classifier__SVC__kernel': 'rbf', 'Scaler': MinMaxScaler(), 'Selector__max_features': 10}",0.16908212560386474,0.15458937198067632,0.14563106796116504,0.15643418851523536,0.009662316394976337,1051
71,0.049131552378336586,0.001049934721196998,0.020287831624348957,0.002054584656486371,10.0,rbf,MinMaxScaler(),12,0.01,,,"{'Classifier__SVC__C': 10, 'Classifier__SVC__gamma': 0.01, 'Classifier__SVC__kernel': 'rbf', 'Scaler': MinMaxScaler(), 'Selector__max_features': 12}",0.13526570048309178,0.178743961352657,0.16019417475728157,0.1580679455310101,0.01781348609158203,1044
72,0.04150080680847168,0.0009506119395635491,0.01848912239074707,0.0009743351661468794,10.0,rbf,MinMaxScaler(),14,0.01,,,"{'Classifier__SVC__C': 10, 'Classifier__SVC__gamma': 0.01, 'Classifier__SVC__kernel': 'rbf', 'Scaler': MinMaxScaler(), 'Selector__max_features': 14}",0.15942028985507245,0.21256038647342995,0.1262135922330097,0.1660647561871707,0.035562657554689375,1020
73,0.048270861307779946,0.00452276584240212,0.018125136693318684,0.0007590805835721072,10.0,rbf,MinMaxScaler(),16,0.01,,,"{'Classifier__SVC__C': 10, 'Classifier__SVC__gamma': 0.01, 'Classifier__SVC__kernel': 'rbf', 'Scaler': MinMaxScaler(), 'Selector__max_features': 16}",0.1642512077294686,0.25120772946859904,0.13592233009708737,0.18379375576505166,0.04905177003163454,748
74,0.04897467295328776,0.003504276120632587,0.02166748046875,0.00047852044225760816,10.0,rbf,MinMaxScaler(),18,0.01,,,"{'Classifier__SVC__C': 10, 'Classifier__SVC__gamma': 0.01, 'Classifier__SVC__kernel': 'rbf', 'Scaler': MinMaxScaler(), 'Selector__max_features': 18}",0.178743961352657,0.26570048309178745,0.14563106796116504,0.19669183746853647,0.05063438097614211,318
75,0.048948049545288086,0.003268809083106448,0.018360058466593426,0.0002848913695505912,10.0,rbf,MinMaxScaler(),20,0.01,,,"{'Classifier__SVC__C': 10, 'Classifier__SVC__gamma': 0.01, 'Classifier__SVC__kernel': 'rbf', 'Scaler': MinMaxScaler(), 'Selector__max_features': 20}",0.19806763285024154,0.2463768115942029,0.1553398058252427,0.199928083423229,0.03718897741800493,224
76,0.05404885609944662,0.0022967387811614237,0.018322229385375977,0.0016054280148077502,10.0,rbf,MinMaxScaler(),24,0.01,,,"{'Classifier__SVC__C': 10, 'Classifier__SVC__gamma': 0.01, 'Classifier__SVC__kernel': 'rbf', 'Scaler': MinMaxScaler(), 'Selector__max_features': 24}",0.16908212560386474,0.22705314009661837,0.24757281553398058,0.21456936041148789,0.033237335110249684,78
77,0.05470172564188639,0.010370344771573474,0.01681073506673177,0.0005727218016735563,10.0,rbf,MinMaxScaler(),2,0.1,,,"{'Classifier__SVC__C': 10, 'Classifier__SVC__gamma': 0.1, 'Classifier__SVC__kernel': 'rbf', 'Scaler': MinMaxScaler(), 'Selector__max_features': 2}",0.13526570048309178,0.14492753623188406,0.03398058252427184,0.10472460641308257,0.05017884982403527,1241
78,0.04996299743652344,0.0026329022438107952,0.016297022501627605,0.0005577213572688192,10.0,rbf,MinMaxScaler(),4,0.1,,,"{'Classifier__SVC__C': 10, 'Classifier__SVC__gamma': 0.1, 'Classifier__SVC__kernel': 'rbf', 'Scaler': MinMaxScaler(), 'Selector__max_features': 4}",0.13526570048309178,0.18840579710144928,0.16019417475728157,0.16128855744727422,0.021708150884805294,1034
79,0.04373804728190104,0.004177598056980195,0.01991128921508789,0.004611412145172749,10.0,rbf,MinMaxScaler(),6,0.1,,,"{'Classifier__SVC__C': 10, 'Classifier__SVC__gamma': 0.1, 'Classifier__SVC__kernel': 'rbf', 'Scaler': MinMaxScaler(), 'Selector__max_features': 6}",0.13043478260869565,0.17391304347826086,0.17475728155339806,0.15970170254678487,0.020697707384776873,1040
80,0.0506587823232015,0.004103668776106093,0.017791271209716797,0.0006259933334993287,10.0,rbf,MinMaxScaler(),8,0.1,,,"{'Classifier__SVC__C': 10, 'Classifier__SVC__gamma': 0.1, 'Classifier__SVC__kernel': 'rbf', 'Scaler': MinMaxScaler(), 'Selector__max_features': 8}",0.14009661835748793,0.17391304347826086,0.22815533980582525,0.180721667213858,0.036270765304476905,820
81,0.05036393801371256,0.0048913604665300646,0.018064022064208984,0.0019727080671085506,10.0,rbf,MinMaxScaler(),10,0.1,,,"{'Classifier__SVC__C': 10, 'Classifier__SVC__gamma': 0.1, 'Classifier__SVC__kernel': 'rbf', 'Scaler': MinMaxScaler(), 'Selector__max_features': 10}",0.14492753623188406,0.2463768115942029,0.22330097087378642,0.20486843956662448,0.0434189476740054,158
82,0.04901933670043945,0.008700722535762859,0.020606597264607746,0.0033638177876259387,10.0,rbf,MinMaxScaler(),12,0.1,,,"{'Classifier__SVC__C': 10, 'Classifier__SVC__gamma': 0.1, 'Classifier__SVC__kernel': 'rbf', 'Scaler': MinMaxScaler(), 'Selector__max_features': 12}",0.1642512077294686,0.2028985507246377,0.17475728155339806,0.18063568000250144,0.01631606481133195,829
83,0.04342158635457357,0.0023543709045053453,0.0171658198038737,0.00017076655716515867,10.0,rbf,MinMaxScaler(),14,0.1,,,"{'Classifier__SVC__C': 10, 'Classifier__SVC__gamma': 0.1, 'Classifier__SVC__kernel': 'rbf', 'Scaler': MinMaxScaler(), 'Selector__max_features': 14}",0.1497584541062802,0.25120772946859904,0.23300970873786409,0.2113252974375811,0.04416370408653678,99
84,0.04264219601949056,0.004339531938387311,0.0169370174407959,0.0009898254099834358,10.0,rbf,MinMaxScaler(),16,0.1,,,"{'Classifier__SVC__C': 10, 'Classifier__SVC__gamma': 0.1, 'Classifier__SVC__kernel': 'rbf', 'Scaler': MinMaxScaler(), 'Selector__max_features': 16}",0.17391304347826086,0.20772946859903382,0.22330097087378642,0.20164782765036038,0.02061603923450319,202
85,0.041709184646606445,0.003810297231450584,0.018359263737996418,0.0013997869882935606,10.0,rbf,MinMaxScaler(),18,0.1,,,"{'Classifier__SVC__C': 10, 'Classifier__SVC__gamma': 0.1, 'Classifier__SVC__kernel': 'rbf', 'Scaler': MinMaxScaler(), 'Selector__max_features': 18}",0.19806763285024154,0.2318840579710145,0.23300970873786409,0.2209871331863734,0.016213048122951008,60
86,0.04606135686238607,0.005879537054554461,0.017784913380940754,0.00028393623059930185,10.0,rbf,MinMaxScaler(),20,0.1,,,"{'Classifier__SVC__C': 10, 'Classifier__SVC__gamma': 0.1, 'Classifier__SVC__kernel': 'rbf', 'Scaler': MinMaxScaler(), 'Selector__max_features': 20}",0.178743961352657,0.22705314009661837,0.23300970873786409,0.21293560339571316,0.024299128471268704,86
87,0.04373542467753092,0.002736189535747409,0.018240690231323242,0.0007753296922519335,10.0,rbf,MinMaxScaler(),24,0.1,,,"{'Classifier__SVC__C': 10, 'Classifier__SVC__gamma': 0.1, 'Classifier__SVC__kernel': 'rbf', 'Scaler': MinMaxScaler(), 'Selector__max_features': 24}",0.178743961352657,0.23671497584541062,0.22815533980582525,0.21453809233463095,0.02555036466600263,80
88,0.051723877588907875,0.004162936803046973,0.019089142481486004,0.0018116601581482485,100.0,rbf,MinMaxScaler(),2,0.0001,,,"{'Classifier__SVC__C': 100, 'Classifier__SVC__gamma': 0.0001, 'Classifier__SVC__kernel': 'rbf', 'Scaler': MinMaxScaler(), 'Selector__max_features': 2}",0.25120772946859904,0.18840579710144928,0.2524271844660194,0.2306802370120226,0.029896688444677702,30
89,0.05324395497639974,0.0016489937320111412,0.016285022099812824,0.0004944888440841089,100.0,rbf,MinMaxScaler(),4,0.0001,,,"{'Classifier__SVC__C': 100, 'Classifier__SVC__gamma': 0.0001, 'Classifier__SVC__kernel': 'rbf', 'Scaler': MinMaxScaler(), 'Selector__max_features': 4}",0.25120772946859904,0.18840579710144928,0.2524271844660194,0.2306802370120226,0.029896688444677702,30
90,0.04892158508300781,0.0010419835899705117,0.01675240198771159,0.0008640405605820934,100.0,rbf,MinMaxScaler(),6,0.0001,,,"{'Classifier__SVC__C': 100, 'Classifier__SVC__gamma': 0.0001, 'Classifier__SVC__kernel': 'rbf', 'Scaler': MinMaxScaler(), 'Selector__max_features': 6}",0.25120772946859904,0.20772946859903382,0.2524271844660194,0.23712146084455077,0.020789238782650335,15
91,0.04894121487935384,0.003005390511642742,0.019335826237996418,0.0021032646204942034,100.0,rbf,MinMaxScaler(),8,0.0001,,,"{'Classifier__SVC__C': 100, 'Classifier__SVC__gamma': 0.0001, 'Classifier__SVC__kernel': 'rbf', 'Scaler': MinMaxScaler(), 'Selector__max_features': 8}",0.25120772946859904,0.21256038647342995,0.2524271844660194,0.2387317668026828,0.018512655650959168,12
92,0.05073157946268717,0.0022796179904728394,0.019195397694905598,0.0009396151386388131,100.0,rbf,MinMaxScaler(),10,0.0001,,,"{'Classifier__SVC__C': 100, 'Classifier__SVC__gamma': 0.0001, 'Classifier__SVC__kernel': 'rbf', 'Scaler': MinMaxScaler(), 'Selector__max_features': 10}",0.25120772946859904,0.2222222222222222,0.2524271844660194,0.2419523787189469,0.013960207117890925,7
93,0.052037318547566734,0.008305554041302413,0.01751867930094401,0.0012355842120732867,100.0,rbf,MinMaxScaler(),12,0.0001,,,"{'Classifier__SVC__C': 100, 'Classifier__SVC__gamma': 0.0001, 'Classifier__SVC__kernel': 'rbf', 'Scaler': MinMaxScaler(), 'Selector__max_features': 12}",0.25120772946859904,0.21739130434782608,0.2524271844660194,0.24034207276081485,0.016236278220550127,10
94,0.052625179290771484,0.00796122341556658,0.01859450340270996,0.0007296109493981823,100.0,rbf,MinMaxScaler(),14,0.0001,,,"{'Classifier__SVC__C': 100, 'Classifier__SVC__gamma': 0.0001, 'Classifier__SVC__kernel': 'rbf', 'Scaler': MinMaxScaler(), 'Selector__max_features': 14}",0.25120772946859904,0.21739130434782608,0.23300970873786409,0.23386958085142973,0.013818880490738676,20
95,0.04955848058064779,0.00844973336826987,0.01745263735453288,0.00024704493487418905,100.0,rbf,MinMaxScaler(),16,0.0001,,,"{'Classifier__SVC__C': 100, 'Classifier__SVC__gamma': 0.0001, 'Classifier__SVC__kernel': 'rbf', 'Scaler': MinMaxScaler(), 'Selector__max_features': 16}",0.25120772946859904,0.21739130434782608,0.22330097087378642,0.23063333489673718,0.014746984406108436,33
96,0.049337307612101235,0.0021875761868792856,0.018414100011189777,0.0008714034864192231,100.0,rbf,MinMaxScaler(),18,0.0001,,,"{'Classifier__SVC__C': 100, 'Classifier__SVC__gamma': 0.0001, 'Classifier__SVC__kernel': 'rbf', 'Scaler': MinMaxScaler(), 'Selector__max_features': 18}",0.25120772946859904,0.21739130434782608,0.22330097087378642,0.23063333489673718,0.014746984406108436,33
97,0.05027135213216146,0.0015393012050659602,0.0187222957611084,0.002600273515486239,100.0,rbf,MinMaxScaler(),20,0.0001,,,"{'Classifier__SVC__C': 100, 'Classifier__SVC__gamma': 0.0001, 'Classifier__SVC__kernel': 'rbf', 'Scaler': MinMaxScaler(), 'Selector__max_features': 20}",0.25120772946859904,0.20772946859903382,0.22330097087378642,0.2274127229804731,0.017986470305957257,41
98,0.05606468518575033,0.006029141153932276,0.019268353780110676,0.0015406545162185185,100.0,rbf,MinMaxScaler(),24,0.0001,,,"{'Classifier__SVC__C': 100, 'Classifier__SVC__gamma': 0.0001, 'Classifier__SVC__kernel': 'rbf', 'Scaler': MinMaxScaler(), 'Selector__max_features': 24}",0.25120772946859904,0.21256038647342995,0.21844660194174756,0.22740490596125884,0.017001817321021018,43
99,0.043392340342203774,0.004047477995989153,0.016444842020670574,0.0006263601797118856,100.0,rbf,MinMaxScaler(),2,0.001,,,"{'Classifier__SVC__C': 100, 'Classifier__SVC__gamma': 0.001, 'Classifier__SVC__kernel': 'rbf', 'Scaler': MinMaxScaler(), 'Selector__max_features': 2}",0.2560386473429952,0.18840579710144928,0.2524271844660194,0.23229054297015464,0.031066207321338538,25
100,0.047212839126586914,0.005420500946455568,0.015710751215616863,0.0011172211231505373,100.0,rbf,MinMaxScaler(),4,0.001,,,"{'Classifier__SVC__C': 100, 'Classifier__SVC__gamma': 0.001, 'Classifier__SVC__kernel': 'rbf', 'Scaler': MinMaxScaler(), 'Selector__max_features': 4}",0.2608695652173913,0.18840579710144928,0.18932038834951456,0.21286525022278505,0.03394623015754762,91
101,0.04747502009073893,0.004015880093639142,0.01686549186706543,0.0005625872567755752,100.0,rbf,MinMaxScaler(),6,0.001,,,"{'Classifier__SVC__C': 100, 'Classifier__SVC__gamma': 0.001, 'Classifier__SVC__kernel': 'rbf', 'Scaler': MinMaxScaler(), 'Selector__max_features': 6}",0.2318840579710145,0.2222222222222222,0.2087378640776699,0.22094804809030222,0.009492249916850284,61
102,0.050208727518717446,0.0018392545486236366,0.01783442497253418,0.0014299578787595334,100.0,rbf,MinMaxScaler(),8,0.001,,,"{'Classifier__SVC__C': 100, 'Classifier__SVC__gamma': 0.001, 'Classifier__SVC__kernel': 'rbf', 'Scaler': MinMaxScaler(), 'Selector__max_features': 8}",0.13526570048309178,0.22705314009661837,0.2815533980582524,0.2146240795459875,0.06036491130388498,77
103,0.05046272277832031,0.007923244800152452,0.018638134002685547,0.0014478021693978313,100.0,rbf,MinMaxScaler(),10,0.001,,,"{'Classifier__SVC__C': 100, 'Classifier__SVC__gamma': 0.001, 'Classifier__SVC__kernel': 'rbf', 'Scaler': MinMaxScaler(), 'Selector__max_features': 10}",0.14009661835748793,0.2318840579710145,0.20388349514563106,0.19195472382471115,0.038409679393106085,506
104,0.04830400149027506,0.006020091186877481,0.019448041915893555,0.0048237135518803195,100.0,rbf,MinMaxScaler(),12,0.001,,,"{'Classifier__SVC__C': 100, 'Classifier__SVC__gamma': 0.001, 'Classifier__SVC__kernel': 'rbf', 'Scaler': MinMaxScaler(), 'Selector__max_features': 12}",0.12077294685990338,0.24154589371980675,0.16019417475728157,0.17417100511233055,0.050286114805756774,908
105,0.04715426762898763,0.007154337969538013,0.018256346384684246,0.0009585927323371007,100.0,rbf,MinMaxScaler(),14,0.001,,,"{'Classifier__SVC__C': 100, 'Classifier__SVC__gamma': 0.001, 'Classifier__SVC__kernel': 'rbf', 'Scaler': MinMaxScaler(), 'Selector__max_features': 14}",0.17391304347826086,0.22705314009661837,0.12135922330097088,0.17410846895861667,0.04314958211647859,914
106,0.04792245229085287,0.00712471323704324,0.016454458236694336,0.003738603512559814,100.0,rbf,MinMaxScaler(),16,0.001,,,"{'Classifier__SVC__C': 100, 'Classifier__SVC__gamma': 0.001, 'Classifier__SVC__kernel': 'rbf', 'Scaler': MinMaxScaler(), 'Selector__max_features': 16}",0.15942028985507245,0.23671497584541062,0.13106796116504854,0.1757344089551772,0.044646282332929374,870
107,0.04980635643005371,0.007500511349759791,0.017948389053344727,0.0006126126302975595,100.0,rbf,MinMaxScaler(),18,0.001,,,"{'Classifier__SVC__C': 100, 'Classifier__SVC__gamma': 0.001, 'Classifier__SVC__kernel': 'rbf', 'Scaler': MinMaxScaler(), 'Selector__max_features': 18}",0.18357487922705315,0.2560386473429952,0.15048543689320387,0.19669965448775076,0.04407996410537973,317
108,0.04291518529256185,0.0025758615023895332,0.019448200861612957,0.0023096325096938967,100.0,rbf,MinMaxScaler(),20,0.001,,,"{'Classifier__SVC__C': 100, 'Classifier__SVC__gamma': 0.001, 'Classifier__SVC__kernel': 'rbf', 'Scaler': MinMaxScaler(), 'Selector__max_features': 20}",0.19806763285024154,0.24154589371980675,0.1553398058252427,0.19831777746509696,0.03519393249569762,263
109,0.04112577438354492,0.006245966477827526,0.019266684850056965,0.0028087255215478563,100.0,rbf,MinMaxScaler(),24,0.001,,,"{'Classifier__SVC__C': 100, 'Classifier__SVC__gamma': 0.001, 'Classifier__SVC__kernel': 'rbf', 'Scaler': MinMaxScaler(), 'Selector__max_features': 24}",0.15942028985507245,0.23671497584541062,0.24757281553398058,0.21456936041148789,0.039247404653921916,78
110,0.04574886957804362,0.004045312669056919,0.015244483947753906,0.0012800947440699299,100.0,rbf,MinMaxScaler(),2,0.01,,,"{'Classifier__SVC__C': 100, 'Classifier__SVC__gamma': 0.01, 'Classifier__SVC__kernel': 'rbf', 'Scaler': MinMaxScaler(), 'Selector__max_features': 2}",0.11594202898550725,0.15458937198067632,0.02912621359223301,0.09988587151947219,0.05246332797063417,1251
111,0.04033883412679037,0.002831143929184385,0.01985907554626465,0.0020396683756271294,100.0,rbf,MinMaxScaler(),4,0.01,,,"{'Classifier__SVC__C': 100, 'Classifier__SVC__gamma': 0.01, 'Classifier__SVC__kernel': 'rbf', 'Scaler': MinMaxScaler(), 'Selector__max_features': 4}",0.15458937198067632,0.2028985507246377,0.1650485436893204,0.1741788221315448,0.02075195855902784,907
112,0.04423769315083822,0.005700897355505922,0.01662604014078776,0.0014376067040651724,100.0,rbf,MinMaxScaler(),6,0.01,,,"{'Classifier__SVC__C': 100, 'Classifier__SVC__gamma': 0.01, 'Classifier__SVC__kernel': 'rbf', 'Scaler': MinMaxScaler(), 'Selector__max_features': 6}",0.13043478260869565,0.16908212560386474,0.1796116504854369,0.1597095195659991,0.021141986527561576,1039
113,0.04327265421549479,0.012656731810393692,0.01710677146911621,0.0007108365338063223,100.0,rbf,MinMaxScaler(),8,0.01,,,"{'Classifier__SVC__C': 100, 'Classifier__SVC__gamma': 0.01, 'Classifier__SVC__kernel': 'rbf', 'Scaler': MinMaxScaler(), 'Selector__max_features': 8}",0.11594202898550725,0.17391304347826086,0.23300970873786409,0.1742882604005441,0.04779341657211915,901
114,0.04207587242126465,0.00418298958300956,0.019133965174357098,0.0031935966166006568,100.0,rbf,MinMaxScaler(),10,0.01,,,"{'Classifier__SVC__C': 100, 'Classifier__SVC__gamma': 0.01, 'Classifier__SVC__kernel': 'rbf', 'Scaler': MinMaxScaler(), 'Selector__max_features': 10}",0.11594202898550725,0.2318840579710145,0.22330097087378642,0.19037568594343604,0.05274905567639809,569
115,0.04977114995320638,0.0038131907902458143,0.017679135004679363,0.0018264528312888094,100.0,rbf,MinMaxScaler(),12,0.01,,,"{'Classifier__SVC__C': 100, 'Classifier__SVC__gamma': 0.01, 'Classifier__SVC__kernel': 'rbf', 'Scaler': MinMaxScaler(), 'Selector__max_features': 12}",0.1497584541062802,0.21256038647342995,0.17475728155339806,0.17902537404436938,0.025815797971986423,849
116,0.042218923568725586,0.0016012342647116595,0.018001635869344074,0.00018325497122369513,100.0,rbf,MinMaxScaler(),14,0.01,,,"{'Classifier__SVC__C': 100, 'Classifier__SVC__gamma': 0.01, 'Classifier__SVC__kernel': 'rbf', 'Scaler': MinMaxScaler(), 'Selector__max_features': 14}",0.11594202898550725,0.23671497584541062,0.20388349514563106,0.185513499992183,0.05098770253541234,718
117,0.04986429214477539,0.015654195919324806,0.017922480901082356,0.0017319010733319326,100.0,rbf,MinMaxScaler(),16,0.01,,,"{'Classifier__SVC__C': 100, 'Classifier__SVC__gamma': 0.01, 'Classifier__SVC__kernel': 'rbf', 'Scaler': MinMaxScaler(), 'Selector__max_features': 16}",0.1497584541062802,0.22705314009661837,0.20388349514563106,0.1935650297828432,0.03238796243635933,471
118,0.04687047004699707,0.004503284821887594,0.016745487848917644,0.0008019045390640836,100.0,rbf,MinMaxScaler(),18,0.01,,,"{'Classifier__SVC__C': 100, 'Classifier__SVC__gamma': 0.01, 'Classifier__SVC__kernel': 'rbf', 'Scaler': MinMaxScaler(), 'Selector__max_features': 18}",0.2028985507246377,0.22705314009661837,0.22815533980582525,0.2193690102090271,0.01165506292761301,63
119,0.050134499867757164,0.012176782190660717,0.01784793535868327,0.0005839701962864776,100.0,rbf,MinMaxScaler(),20,0.01,,,"{'Classifier__SVC__C': 100, 'Classifier__SVC__gamma': 0.01, 'Classifier__SVC__kernel': 'rbf', 'Scaler': MinMaxScaler(), 'Selector__max_features': 20}",0.18840579710144928,0.2222222222222222,0.22330097087378642,0.2113096633991526,0.016201465843159926,100
120,0.046615918477376304,0.009331562250257016,0.017293214797973633,0.000602343389693535,100.0,rbf,MinMaxScaler(),24,0.01,,,"{'Classifier__SVC__C': 100, 'Classifier__SVC__gamma': 0.01, 'Classifier__SVC__kernel': 'rbf', 'Scaler': MinMaxScaler(), 'Selector__max_features': 24}",0.17391304347826086,0.21739130434782608,0.2087378640776699,0.20001407063458562,0.01879127849275991,215
121,0.049308220545450844,0.00584190167311758,0.016242027282714844,0.0003299473673891104,100.0,rbf,MinMaxScaler(),2,0.1,,,"{'Classifier__SVC__C': 100, 'Classifier__SVC__gamma': 0.1, 'Classifier__SVC__kernel': 'rbf', 'Scaler': MinMaxScaler(), 'Selector__max_features': 2}",0.12077294685990338,0.14009661835748793,0.05825242718446602,0.10637399746728578,0.03492959790683647,1238
122,0.045351266860961914,0.006088783342652437,0.017006874084472656,0.0015374279681520445,100.0,rbf,MinMaxScaler(),4,0.1,,,"{'Classifier__SVC__C': 100, 'Classifier__SVC__gamma': 0.1, 'Classifier__SVC__kernel': 'rbf', 'Scaler': MinMaxScaler(), 'Selector__max_features': 4}",0.16908212560386474,0.12560386473429952,0.1650485436893204,0.15324484467582822,0.01961437015492007,1058
123,0.061400413513183594,0.026300772107742953,0.01702094078063965,0.0007457195270308866,100.0,rbf,MinMaxScaler(),6,0.1,,,"{'Classifier__SVC__C': 100, 'Classifier__SVC__gamma': 0.1, 'Classifier__SVC__kernel': 'rbf', 'Scaler': MinMaxScaler(), 'Selector__max_features': 6}",0.19806763285024154,0.17391304347826086,0.17475728155339806,0.1822459859606335,0.011192901536434029,800
124,0.05816030502319336,0.013058070391298486,0.019017457962036133,0.0010772594120890128,100.0,rbf,MinMaxScaler(),8,0.1,,,"{'Classifier__SVC__C': 100, 'Classifier__SVC__gamma': 0.1, 'Classifier__SVC__kernel': 'rbf', 'Scaler': MinMaxScaler(), 'Selector__max_features': 8}",0.18357487922705315,0.1932367149758454,0.27184466019417475,0.2162187514656911,0.03953073959095086,73
125,0.04203152656555176,0.0011093983270777047,0.018010298411051433,0.00038181430102446665,100.0,rbf,MinMaxScaler(),10,0.1,,,"{'Classifier__SVC__C': 100, 'Classifier__SVC__gamma': 0.1, 'Classifier__SVC__kernel': 'rbf', 'Scaler': MinMaxScaler(), 'Selector__max_features': 10}",0.20772946859903382,0.22705314009661837,0.24757281553398058,0.22745180807654428,0.01626842085889708,38
126,0.05889566739400228,0.01375402930527079,0.01752622922261556,0.0020081612035679265,100.0,rbf,MinMaxScaler(),12,0.1,,,"{'Classifier__SVC__C': 100, 'Classifier__SVC__gamma': 0.1, 'Classifier__SVC__kernel': 'rbf', 'Scaler': MinMaxScaler(), 'Selector__max_features': 12}",0.23671497584541062,0.21256038647342995,0.20388349514563106,0.21771961915482388,0.013890999307239006,72
127,0.047563393910725914,0.0024886823396929507,0.01729138692220052,0.00015833726293451112,100.0,rbf,MinMaxScaler(),14,0.1,,,"{'Classifier__SVC__C': 100, 'Classifier__SVC__gamma': 0.1, 'Classifier__SVC__kernel': 'rbf', 'Scaler': MinMaxScaler(), 'Selector__max_features': 14}",0.23671497584541062,0.2318840579710145,0.2087378640776699,0.22577896596469835,0.012210209035075343,48
128,0.04258004824320475,0.0029594088171812512,0.01766506830851237,0.0014868239890281413,100.0,rbf,MinMaxScaler(),16,0.1,,,"{'Classifier__SVC__C': 100, 'Classifier__SVC__gamma': 0.1, 'Classifier__SVC__kernel': 'rbf', 'Scaler': MinMaxScaler(), 'Selector__max_features': 16}",0.27053140096618356,0.21739130434782608,0.2087378640776699,0.2322201897972265,0.027319494664086844,29
129,0.047896941502889,0.0043578302082708615,0.01758893330891927,0.002571503823607412,100.0,rbf,MinMaxScaler(),18,0.1,,,"{'Classifier__SVC__C': 100, 'Classifier__SVC__gamma': 0.1, 'Classifier__SVC__kernel': 'rbf', 'Scaler': MinMaxScaler(), 'Selector__max_features': 18}",0.25120772946859904,0.19806763285024154,0.21844660194174756,0.2225739880868627,0.02188978383394499,58
130,0.0442513624827067,0.0072029753895626845,0.016533533732096355,0.0007841845085417591,100.0,rbf,MinMaxScaler(),20,0.1,,,"{'Classifier__SVC__C': 100, 'Classifier__SVC__gamma': 0.1, 'Classifier__SVC__kernel': 'rbf', 'Scaler': MinMaxScaler(), 'Selector__max_features': 20}",0.2753623188405797,0.19806763285024154,0.19902912621359223,0.22415302596813783,0.03621256572649506,52
131,0.06269693374633789,0.022682003373723527,0.016259511311848957,0.0009701644326973732,100.0,rbf,MinMaxScaler(),24,0.1,,,"{'Classifier__SVC__C': 100, 'Classifier__SVC__gamma': 0.1, 'Classifier__SVC__kernel': 'rbf', 'Scaler': MinMaxScaler(), 'Selector__max_features': 24}",0.27053140096618356,0.23671497584541062,0.2087378640776699,0.2386614136297547,0.025264623030821397,13
132,0.061945041020711265,0.0214001943938543,0.01894386609395345,0.004048890764892137,1000.0,rbf,MinMaxScaler(),2,0.0001,,,"{'Classifier__SVC__C': 1000, 'Classifier__SVC__gamma': 0.0001, 'Classifier__SVC__kernel': 'rbf', 'Scaler': MinMaxScaler(), 'Selector__max_features': 2}",0.2560386473429952,0.18840579710144928,0.09223300970873786,0.17889248471772745,0.0672108575780933,856
133,0.0545647939046224,0.005884031930742634,0.01716955502827962,0.0014576526168864586,1000.0,rbf,MinMaxScaler(),4,0.0001,,,"{'Classifier__SVC__C': 1000, 'Classifier__SVC__gamma': 0.0001, 'Classifier__SVC__kernel': 'rbf', 'Scaler': MinMaxScaler(), 'Selector__max_features': 4}",0.2608695652173913,0.18840579710144928,0.07766990291262135,0.17564842174382064,0.0753330031113279,894
134,0.05549089113871256,0.007961866300631181,0.01758607228597005,0.0003880804831803821,1000.0,rbf,MinMaxScaler(),6,0.0001,,,"{'Classifier__SVC__C': 1000, 'Classifier__SVC__gamma': 0.0001, 'Classifier__SVC__kernel': 'rbf', 'Scaler': MinMaxScaler(), 'Selector__max_features': 6}",0.178743961352657,0.2222222222222222,0.08737864077669903,0.16278160811719275,0.05619487168104792,1031
135,0.046384175618489586,0.002209792469286243,0.018182675043741863,0.0015877280008336084,1000.0,rbf,MinMaxScaler(),8,0.0001,,,"{'Classifier__SVC__C': 1000, 'Classifier__SVC__gamma': 0.0001, 'Classifier__SVC__kernel': 'rbf', 'Scaler': MinMaxScaler(), 'Selector__max_features': 8}",0.14009661835748793,0.2222222222222222,0.1796116504854369,0.18064349702171567,0.033535575468375246,827
136,0.043201446533203125,0.0012010680095925284,0.01697079340616862,0.0004771908534427925,1000.0,rbf,MinMaxScaler(),10,0.0001,,,"{'Classifier__SVC__C': 1000, 'Classifier__SVC__gamma': 0.0001, 'Classifier__SVC__kernel': 'rbf', 'Scaler': MinMaxScaler(), 'Selector__max_features': 10}",0.15458937198067632,0.2318840579710145,0.14563106796116504,0.17736816597095195,0.03872165340089324,863
137,0.04822063446044922,0.0005737840192804432,0.018114169438680012,0.000507088810999157,1000.0,rbf,MinMaxScaler(),12,0.0001,,,"{'Classifier__SVC__C': 1000, 'Classifier__SVC__gamma': 0.0001, 'Classifier__SVC__kernel': 'rbf', 'Scaler': MinMaxScaler(), 'Selector__max_features': 12}",0.14009661835748793,0.17391304347826086,0.1553398058252427,0.15644982255366383,0.013827792179526026,1050
138,0.05079317092895508,0.008568376025279203,0.01704120635986328,0.001491917678245841,1000.0,rbf,MinMaxScaler(),14,0.0001,,,"{'Classifier__SVC__C': 1000, 'Classifier__SVC__gamma': 0.0001, 'Classifier__SVC__kernel': 'rbf', 'Scaler': MinMaxScaler(), 'Selector__max_features': 14}",0.17391304347826086,0.20772946859903382,0.1262135922330097,0.16928536810343484,0.033439209116059264,1002
139,0.04388244946797689,0.003217607166095908,0.017329692840576172,0.000504029093990974,1000.0,rbf,MinMaxScaler(),16,0.0001,,,"{'Classifier__SVC__C': 1000, 'Classifier__SVC__gamma': 0.0001, 'Classifier__SVC__kernel': 'rbf', 'Scaler': MinMaxScaler(), 'Selector__max_features': 16}",0.15942028985507245,0.23671497584541062,0.13592233009708737,0.17735253193252346,0.043057816469486504,864
140,0.059953927993774414,0.008384383844914486,0.018486897150675457,0.0009390420822847211,1000.0,rbf,MinMaxScaler(),18,0.0001,,,"{'Classifier__SVC__C': 1000, 'Classifier__SVC__gamma': 0.0001, 'Classifier__SVC__kernel': 'rbf', 'Scaler': MinMaxScaler(), 'Selector__max_features': 18}",0.18357487922705315,0.2608695652173913,0.14563106796116504,0.19669183746853647,0.04795149464198122,318
141,0.05546816190083822,0.00806800109685552,0.01719943682352702,0.00040531089882387495,1000.0,rbf,MinMaxScaler(),20,0.0001,,,"{'Classifier__SVC__C': 1000, 'Classifier__SVC__gamma': 0.0001, 'Classifier__SVC__kernel': 'rbf', 'Scaler': MinMaxScaler(), 'Selector__max_features': 20}",0.19806763285024154,0.2463768115942029,0.1553398058252427,0.199928083423229,0.03718897741800493,224
142,0.04759748776753744,0.008094918456539403,0.01663064956665039,0.0008096907198759493,1000.0,rbf,MinMaxScaler(),24,0.0001,,,"{'Classifier__SVC__C': 1000, 'Classifier__SVC__gamma': 0.0001, 'Classifier__SVC__kernel': 'rbf', 'Scaler': MinMaxScaler(), 'Selector__max_features': 24}",0.15942028985507245,0.22705314009661837,0.24757281553398058,0.2113487484952238,0.03766242940093044,98
143,0.0460810661315918,0.007532855379860147,0.017685492833455402,0.0013409977882215345,1000.0,rbf,MinMaxScaler(),2,0.001,,,"{'Classifier__SVC__C': 1000, 'Classifier__SVC__gamma': 0.001, 'Classifier__SVC__kernel': 'rbf', 'Scaler': MinMaxScaler(), 'Selector__max_features': 2}",0.13043478260869565,0.1497584541062802,0.02912621359223301,0.10310648343573629,0.052903442324199225,1246
144,0.04535182317097982,0.004877262176066798,0.017612218856811523,0.002623636649454241,1000.0,rbf,MinMaxScaler(),4,0.001,,,"{'Classifier__SVC__C': 1000, 'Classifier__SVC__gamma': 0.001, 'Classifier__SVC__kernel': 'rbf', 'Scaler': MinMaxScaler(), 'Selector__max_features': 4}",0.15458937198067632,0.20772946859903382,0.1650485436893204,0.17578912808967684,0.022985322593602753,867
145,0.044084628423055015,0.0013049457308428607,0.01708706219991048,0.0017739292658250393,1000.0,rbf,MinMaxScaler(),6,0.001,,,"{'Classifier__SVC__C': 1000, 'Classifier__SVC__gamma': 0.001, 'Classifier__SVC__kernel': 'rbf', 'Scaler': MinMaxScaler(), 'Selector__max_features': 6}",0.13043478260869565,0.17391304347826086,0.18446601941747573,0.16293794850147744,0.023383515134722307,1026
146,0.040551185607910156,0.0024057708762572623,0.015897194544474285,0.0007759071599162943,1000.0,rbf,MinMaxScaler(),8,0.001,,,"{'Classifier__SVC__C': 1000, 'Classifier__SVC__gamma': 0.001, 'Classifier__SVC__kernel': 'rbf', 'Scaler': MinMaxScaler(), 'Selector__max_features': 8}",0.11594202898550725,0.17391304347826086,0.23300970873786409,0.1742882604005441,0.04779341657211915,901
147,0.048603216807047524,0.0028565176242277214,0.022778669993082683,0.002715057170620664,1000.0,rbf,MinMaxScaler(),10,0.001,,,"{'Classifier__SVC__C': 1000, 'Classifier__SVC__gamma': 0.001, 'Classifier__SVC__kernel': 'rbf', 'Scaler': MinMaxScaler(), 'Selector__max_features': 10}",0.10628019323671498,0.24154589371980675,0.22330097087378642,0.19037568594343604,0.059929170541030856,569
148,0.04050834973653158,0.0008567108736159078,0.01815056800842285,0.0018062826948636052,1000.0,rbf,MinMaxScaler(),12,0.001,,,"{'Classifier__SVC__C': 1000, 'Classifier__SVC__gamma': 0.001, 'Classifier__SVC__kernel': 'rbf', 'Scaler': MinMaxScaler(), 'Selector__max_features': 12}",0.1497584541062802,0.21739130434782608,0.1796116504854369,0.18225380297984772,0.02767413154676685,797
149,0.042662461598714195,0.005343645377368992,0.01981671651204427,0.0035001695720844384,1000.0,rbf,MinMaxScaler(),14,0.001,,,"{'Classifier__SVC__C': 1000, 'Classifier__SVC__gamma': 0.001, 'Classifier__SVC__kernel': 'rbf', 'Scaler': MinMaxScaler(), 'Selector__max_features': 14}",0.1111111111111111,0.22705314009661837,0.20388349514563106,0.18068258211778684,0.050095577285247085,822
150,0.04284962018330892,0.005796651813876038,0.01679070790608724,0.0006361614828542771,1000.0,rbf,MinMaxScaler(),16,0.001,,,"{'Classifier__SVC__C': 1000, 'Classifier__SVC__gamma': 0.001, 'Classifier__SVC__kernel': 'rbf', 'Scaler': MinMaxScaler(), 'Selector__max_features': 16}",0.1497584541062802,0.22705314009661837,0.18932038834951456,0.18871066085080437,0.03155836863446585,637
151,0.04775714874267578,0.0030801823393232404,0.020930767059326172,0.0026653060531740326,1000.0,rbf,MinMaxScaler(),18,0.001,,,"{'Classifier__SVC__C': 1000, 'Classifier__SVC__gamma': 0.001, 'Classifier__SVC__kernel': 'rbf', 'Scaler': MinMaxScaler(), 'Selector__max_features': 18}",0.19806763285024154,0.22705314009661837,0.21844660194174756,0.2145224582962025,0.012154260846731754,81
152,0.04061420758565267,0.00335256231612498,0.018378496170043945,0.003543197058694015,1000.0,rbf,MinMaxScaler(),20,0.001,,,"{'Classifier__SVC__C': 1000, 'Classifier__SVC__gamma': 0.001, 'Classifier__SVC__kernel': 'rbf', 'Scaler': MinMaxScaler(), 'Selector__max_features': 20}",0.18357487922705315,0.21739130434782608,0.21844660194174756,0.20647092850554227,0.01619568291603631,132
153,0.044351657231648765,0.0033450649042446774,0.016929070154825848,0.0009155514405421672,1000.0,rbf,MinMaxScaler(),24,0.001,,,"{'Classifier__SVC__C': 1000, 'Classifier__SVC__gamma': 0.001, 'Classifier__SVC__kernel': 'rbf', 'Scaler': MinMaxScaler(), 'Selector__max_features': 24}",0.1642512077294686,0.2028985507246377,0.2087378640776699,0.1919625408439254,0.019739349572938773,504
154,0.046914100646972656,0.006406361969838207,0.016903797785441082,0.000796863834607901,1000.0,rbf,MinMaxScaler(),2,0.01,,,"{'Classifier__SVC__C': 1000, 'Classifier__SVC__gamma': 0.01, 'Classifier__SVC__kernel': 'rbf', 'Scaler': MinMaxScaler(), 'Selector__max_features': 2}",0.10628019323671498,0.1497584541062802,0.05339805825242718,0.10314556853180745,0.03940136102816987,1244
155,0.051352739334106445,0.0012089673207143748,0.017793814341227215,0.0016174854846217753,1000.0,rbf,MinMaxScaler(),4,0.01,,,"{'Classifier__SVC__C': 1000, 'Classifier__SVC__gamma': 0.01, 'Classifier__SVC__kernel': 'rbf', 'Scaler': MinMaxScaler(), 'Selector__max_features': 4}",0.13526570048309178,0.13526570048309178,0.16019417475728157,0.14357519190782173,0.011751395469276,1083
156,0.05155698458353678,0.0030681888266933847,0.01669621467590332,0.0009450536154880622,1000.0,rbf,MinMaxScaler(),6,0.01,,,"{'Classifier__SVC__C': 1000, 'Classifier__SVC__gamma': 0.01, 'Classifier__SVC__kernel': 'rbf', 'Scaler': MinMaxScaler(), 'Selector__max_features': 6}",0.16908212560386474,0.19806763285024154,0.17475728155339806,0.18063568000250144,0.012542104656642397,829
157,0.044476985931396484,0.0014685760176633494,0.017408291498819988,0.0009708283990816443,1000.0,rbf,MinMaxScaler(),8,0.01,,,"{'Classifier__SVC__C': 1000, 'Classifier__SVC__gamma': 0.01, 'Classifier__SVC__kernel': 'rbf', 'Scaler': MinMaxScaler(), 'Selector__max_features': 8}",0.178743961352657,0.178743961352657,0.2524271844660194,0.20330503572377778,0.03473460448209328,182
158,0.04859296480814616,0.0022111155602786104,0.0173949400583903,0.0003982470720244406,1000.0,rbf,MinMaxScaler(),10,0.01,,,"{'Classifier__SVC__C': 1000, 'Classifier__SVC__gamma': 0.01, 'Classifier__SVC__kernel': 'rbf', 'Scaler': MinMaxScaler(), 'Selector__max_features': 10}",0.19806763285024154,0.19806763285024154,0.21844660194174756,0.20486062254741022,0.009606738158796643,159
159,0.05150469144185384,0.002645954176071755,0.017227013905843098,0.001256944261499182,1000.0,rbf,MinMaxScaler(),12,0.01,,,"{'Classifier__SVC__C': 1000, 'Classifier__SVC__gamma': 0.01, 'Classifier__SVC__kernel': 'rbf', 'Scaler': MinMaxScaler(), 'Selector__max_features': 12}",0.20772946859903382,0.21256038647342995,0.1553398058252427,0.19187655363256884,0.02591054993793587,510
160,0.048217455546061196,0.002879875273648045,0.017798900604248047,0.0017234432059191121,1000.0,rbf,MinMaxScaler(),14,0.01,,,"{'Classifier__SVC__C': 1000, 'Classifier__SVC__gamma': 0.01, 'Classifier__SVC__kernel': 'rbf', 'Scaler': MinMaxScaler(), 'Selector__max_features': 14}",0.18357487922705315,0.21256038647342995,0.17475728155339806,0.19029751575129372,0.01614856168572555,574
161,0.050983031590779625,0.004601460562776697,0.018614927927652996,0.0014963188182143808,1000.0,rbf,MinMaxScaler(),16,0.01,,,"{'Classifier__SVC__C': 1000, 'Classifier__SVC__gamma': 0.01, 'Classifier__SVC__kernel': 'rbf', 'Scaler': MinMaxScaler(), 'Selector__max_features': 16}",0.23671497584541062,0.20772946859903382,0.19902912621359223,0.21449119021934557,0.016110999866984256,83
162,0.04847399393717448,0.001098903178968677,0.01873493194580078,0.00029756555383439237,1000.0,rbf,MinMaxScaler(),18,0.01,,,"{'Classifier__SVC__C': 1000, 'Classifier__SVC__gamma': 0.01, 'Classifier__SVC__kernel': 'rbf', 'Scaler': MinMaxScaler(), 'Selector__max_features': 18}",0.2608695652173913,0.18357487922705315,0.21359223300970873,0.2193455591513844,0.03181658573611789,64
163,0.052961270014444985,0.003456587880315408,0.017104705174763996,0.0003839901438210038,1000.0,rbf,MinMaxScaler(),20,0.01,,,"{'Classifier__SVC__C': 1000, 'Classifier__SVC__gamma': 0.01, 'Classifier__SVC__kernel': 'rbf', 'Scaler': MinMaxScaler(), 'Selector__max_features': 20}",0.2318840579710145,0.1932367149758454,0.18932038834951456,0.20481372043212484,0.019208275723640433,163
164,0.05283808708190918,0.004382953681191636,0.019699811935424805,0.0033676403151829733,1000.0,rbf,MinMaxScaler(),24,0.01,,,"{'Classifier__SVC__C': 1000, 'Classifier__SVC__gamma': 0.01, 'Classifier__SVC__kernel': 'rbf', 'Scaler': MinMaxScaler(), 'Selector__max_features': 24}",0.2463768115942029,0.2318840579710145,0.2087378640776699,0.22899957788096245,0.015500812055728173,36
165,0.05119927724202474,0.0031919945134980246,0.01701807975769043,0.0011394535659719055,1000.0,rbf,MinMaxScaler(),2,0.1,,,"{'Classifier__SVC__C': 1000, 'Classifier__SVC__gamma': 0.1, 'Classifier__SVC__kernel': 'rbf', 'Scaler': MinMaxScaler(), 'Selector__max_features': 2}",0.1111111111111111,0.1111111111111111,0.07766990291262135,0.0999640417116145,0.01576433672548218,1250
166,0.05781038602193197,0.004996772259185951,0.015891234079996746,0.0004835908689139222,1000.0,rbf,MinMaxScaler(),4,0.1,,,"{'Classifier__SVC__C': 1000, 'Classifier__SVC__gamma': 0.1, 'Classifier__SVC__kernel': 'rbf', 'Scaler': MinMaxScaler(), 'Selector__max_features': 4}",0.15458937198067632,0.13043478260869565,0.13592233009708737,0.14031549489548645,0.010338793277156673,1091
167,0.059145847956339516,0.004468291043785193,0.017307202021280926,0.0010010221147473907,1000.0,rbf,MinMaxScaler(),6,0.1,,,"{'Classifier__SVC__C': 1000, 'Classifier__SVC__gamma': 0.1, 'Classifier__SVC__kernel': 'rbf', 'Scaler': MinMaxScaler(), 'Selector__max_features': 6}",0.178743961352657,0.18840579710144928,0.17475728155339806,0.18063568000250144,0.00573029631310493,829
168,0.06270956993103027,0.0015941819500051697,0.016564369201660156,0.0004541756911284628,1000.0,rbf,MinMaxScaler(),8,0.1,,,"{'Classifier__SVC__C': 1000, 'Classifier__SVC__gamma': 0.1, 'Classifier__SVC__kernel': 'rbf', 'Scaler': MinMaxScaler(), 'Selector__max_features': 8}",0.1932367149758454,0.21739130434782608,0.2669902912621359,0.2258727701952691,0.030701237227462843,45
169,0.07080952326456706,0.007625659948321957,0.01835330327351888,0.0023398694141979685,1000.0,rbf,MinMaxScaler(),10,0.1,,,"{'Classifier__SVC__C': 1000, 'Classifier__SVC__gamma': 0.1, 'Classifier__SVC__kernel': 'rbf', 'Scaler': MinMaxScaler(), 'Selector__max_features': 10}",0.1932367149758454,0.23671497584541062,0.24271844660194175,0.22422337914106594,0.02204753096300887,50
170,0.06799181302388509,0.00295078000540123,0.016640583674112957,0.0005687932919849266,1000.0,rbf,MinMaxScaler(),12,0.1,,,"{'Classifier__SVC__C': 1000, 'Classifier__SVC__gamma': 0.1, 'Classifier__SVC__kernel': 'rbf', 'Scaler': MinMaxScaler(), 'Selector__max_features': 12}",0.1932367149758454,0.2560386473429952,0.21844660194174756,0.2225739880868627,0.02580435576351637,58
171,0.0723737080891927,0.0012313369105180817,0.01675097147623698,0.0008594718800384012,1000.0,rbf,MinMaxScaler(),14,0.1,,,"{'Classifier__SVC__C': 1000, 'Classifier__SVC__gamma': 0.1, 'Classifier__SVC__kernel': 'rbf', 'Scaler': MinMaxScaler(), 'Selector__max_features': 14}",0.21256038647342995,0.2608695652173913,0.22815533980582525,0.2338617638322155,0.020130683778844086,21
172,0.07107750574747722,0.006137235302541953,0.018714030583699543,0.0030809016531558944,1000.0,rbf,MinMaxScaler(),16,0.1,,,"{'Classifier__SVC__C': 1000, 'Classifier__SVC__gamma': 0.1, 'Classifier__SVC__kernel': 'rbf', 'Scaler': MinMaxScaler(), 'Selector__max_features': 16}",0.2995169082125604,0.24154589371980675,0.23300970873786409,0.2580241702234104,0.0295460329304254,3
173,0.07591017087300618,0.003823823395136959,0.017109235127766926,0.00043717301377887806,1000.0,rbf,MinMaxScaler(),18,0.1,,,"{'Classifier__SVC__C': 1000, 'Classifier__SVC__gamma': 0.1, 'Classifier__SVC__kernel': 'rbf', 'Scaler': MinMaxScaler(), 'Selector__max_features': 18}",0.25120772946859904,0.2318840579710145,0.24271844660194175,0.24193674468051843,0.00790819673744097,8
174,0.07337617874145508,0.003405859202683009,0.017813762029012043,0.0013358760475216053,1000.0,rbf,MinMaxScaler(),20,0.1,,,"{'Classifier__SVC__C': 1000, 'Classifier__SVC__gamma': 0.1, 'Classifier__SVC__kernel': 'rbf', 'Scaler': MinMaxScaler(), 'Selector__max_features': 20}",0.2463768115942029,0.2222222222222222,0.22815533980582525,0.23225145787408344,0.010277635407494738,26
175,0.07370853424072266,0.002159588602077097,0.04748996098836263,0.0006792734676533653,1000.0,rbf,MinMaxScaler(),24,0.1,,,"{'Classifier__SVC__C': 1000, 'Classifier__SVC__gamma': 0.1, 'Classifier__SVC__kernel': 'rbf', 'Scaler': MinMaxScaler(), 'Selector__max_features': 24}",0.2560386473429952,0.27053140096618356,0.2621359223300971,0.26290199021309196,0.005941387149851287,2
176,0.047527313232421875,0.0016037153489818266,0.016637722651163738,0.0011798394234523672,10000.0,rbf,MinMaxScaler(),2,0.0001,,,"{'Classifier__SVC__C': 10000, 'Classifier__SVC__gamma': 0.0001, 'Classifier__SVC__kernel': 'rbf', 'Scaler': MinMaxScaler(), 'Selector__max_features': 2}",0.13043478260869565,0.14492753623188406,0.02912621359223301,0.10149617747760424,0.05151419695238108,1249
177,0.044586181640625,0.003609110158955748,0.018322308858235676,0.0007465278581374352,10000.0,rbf,MinMaxScaler(),4,0.0001,,,"{'Classifier__SVC__C': 10000, 'Classifier__SVC__gamma': 0.0001, 'Classifier__SVC__kernel': 'rbf', 'Scaler': MinMaxScaler(), 'Selector__max_features': 4}",0.15458937198067632,0.20772946859903382,0.1650485436893204,0.17578912808967684,0.022985322593602753,867
178,0.04331366221110026,0.0006106887426611569,0.017487525939941406,0.001304851574954488,10000.0,rbf,MinMaxScaler(),6,0.0001,,,"{'Classifier__SVC__C': 10000, 'Classifier__SVC__gamma': 0.0001, 'Classifier__SVC__kernel': 'rbf', 'Scaler': MinMaxScaler(), 'Selector__max_features': 6}",0.13043478260869565,0.17391304347826086,0.18446601941747573,0.16293794850147744,0.023383515134722307,1026
179,0.04645331700642904,0.006635747348547945,0.01759640375773112,0.0008402943302129618,10000.0,rbf,MinMaxScaler(),8,0.0001,,,"{'Classifier__SVC__C': 10000, 'Classifier__SVC__gamma': 0.0001, 'Classifier__SVC__kernel': 'rbf', 'Scaler': MinMaxScaler(), 'Selector__max_features': 8}",0.11594202898550725,0.17391304347826086,0.23300970873786409,0.1742882604005441,0.04779341657211915,901
180,0.04266150792439779,0.0026149955127568727,0.017308155695597332,0.00021397234727221865,10000.0,rbf,MinMaxScaler(),10,0.0001,,,"{'Classifier__SVC__C': 10000, 'Classifier__SVC__gamma': 0.0001, 'Classifier__SVC__kernel': 'rbf', 'Scaler': MinMaxScaler(), 'Selector__max_features': 10}",0.10628019323671498,0.23671497584541062,0.22330097087378642,0.188765379985304,0.058582354607605726,636
181,0.0442658265431722,0.0016126530274606689,0.019126335779825848,0.0017416724468642818,10000.0,rbf,MinMaxScaler(),12,0.0001,,,"{'Classifier__SVC__C': 10000, 'Classifier__SVC__gamma': 0.0001, 'Classifier__SVC__kernel': 'rbf', 'Scaler': MinMaxScaler(), 'Selector__max_features': 12}",0.1497584541062802,0.21739130434782608,0.1796116504854369,0.18225380297984772,0.02767413154676685,797
182,0.05357980728149414,0.009469829301844448,0.017949660619099934,0.0004984082215157186,10000.0,rbf,MinMaxScaler(),14,0.0001,,,"{'Classifier__SVC__C': 10000, 'Classifier__SVC__gamma': 0.0001, 'Classifier__SVC__kernel': 'rbf', 'Scaler': MinMaxScaler(), 'Selector__max_features': 14}",0.1111111111111111,0.22705314009661837,0.20388349514563106,0.18068258211778684,0.050095577285247085,822
183,0.04443089167277018,0.00548997736763527,0.017747799555460613,0.0007517536373575982,10000.0,rbf,MinMaxScaler(),16,0.0001,,,"{'Classifier__SVC__C': 10000, 'Classifier__SVC__gamma': 0.0001, 'Classifier__SVC__kernel': 'rbf', 'Scaler': MinMaxScaler(), 'Selector__max_features': 16}",0.15458937198067632,0.22705314009661837,0.18932038834951456,0.19032096680893643,0.029591668763694835,573
184,0.04904294013977051,0.0049179318305008785,0.01907944679260254,0.002215537441174461,10000.0,rbf,MinMaxScaler(),18,0.0001,,,"{'Classifier__SVC__C': 10000, 'Classifier__SVC__gamma': 0.0001, 'Classifier__SVC__kernel': 'rbf', 'Scaler': MinMaxScaler(), 'Selector__max_features': 18}",0.19806763285024154,0.22705314009661837,0.21844660194174756,0.2145224582962025,0.012154260846731754,81
185,0.04350527127583822,0.005187949192337741,0.017528057098388672,0.0011284511787874676,10000.0,rbf,MinMaxScaler(),20,0.0001,,,"{'Classifier__SVC__C': 10000, 'Classifier__SVC__gamma': 0.0001, 'Classifier__SVC__kernel': 'rbf', 'Scaler': MinMaxScaler(), 'Selector__max_features': 20}",0.18357487922705315,0.21739130434782608,0.21359223300970873,0.20485280552819599,0.01512549385454187,161
186,0.04740222295125326,0.0015543416935933586,0.01779596010843913,0.0008111105494655243,10000.0,rbf,MinMaxScaler(),24,0.0001,,,"{'Classifier__SVC__C': 10000, 'Classifier__SVC__gamma': 0.0001, 'Classifier__SVC__kernel': 'rbf', 'Scaler': MinMaxScaler(), 'Selector__max_features': 24}",0.1642512077294686,0.2028985507246377,0.2087378640776699,0.1919625408439254,0.019739349572938773,504
187,0.047238429387410484,0.0026305713033374614,0.01682440439860026,0.00010051981645068832,10000.0,rbf,MinMaxScaler(),2,0.001,,,"{'Classifier__SVC__C': 10000, 'Classifier__SVC__gamma': 0.001, 'Classifier__SVC__kernel': 'rbf', 'Scaler': MinMaxScaler(), 'Selector__max_features': 2}",0.10628019323671498,0.1497584541062802,0.05825242718446602,0.10476369150915373,0.037372566354401525,1240
188,0.042485555013020836,0.001991619810486595,0.01829814910888672,0.002549193174108094,10000.0,rbf,MinMaxScaler(),4,0.001,,,"{'Classifier__SVC__C': 10000, 'Classifier__SVC__gamma': 0.001, 'Classifier__SVC__kernel': 'rbf', 'Scaler': MinMaxScaler(), 'Selector__max_features': 4}",0.13526570048309178,0.14492753623188406,0.1650485436893204,0.1484139268014321,0.012406198095153207,1072
189,0.0448004404703776,0.0022580043858698925,0.017481327056884766,0.0002631922985796596,10000.0,rbf,MinMaxScaler(),6,0.001,,,"{'Classifier__SVC__C': 10000, 'Classifier__SVC__gamma': 0.001, 'Classifier__SVC__kernel': 'rbf', 'Scaler': MinMaxScaler(), 'Selector__max_features': 6}",0.1642512077294686,0.19806763285024154,0.1796116504854369,0.18064349702171567,0.013824764794696834,827
190,0.052052815755208336,0.006566875116169114,0.016579627990722656,0.0003999084881756908,10000.0,rbf,MinMaxScaler(),8,0.001,,,"{'Classifier__SVC__C': 10000, 'Classifier__SVC__gamma': 0.001, 'Classifier__SVC__kernel': 'rbf', 'Scaler': MinMaxScaler(), 'Selector__max_features': 8}",0.16908212560386474,0.178743961352657,0.2524271844660194,0.2000844238075137,0.03722151002242627,210
191,0.04896354675292969,0.004407245679402735,0.01811949412027995,0.0010965077787702877,10000.0,rbf,MinMaxScaler(),10,0.001,,,"{'Classifier__SVC__C': 10000, 'Classifier__SVC__gamma': 0.001, 'Classifier__SVC__kernel': 'rbf', 'Scaler': MinMaxScaler(), 'Selector__max_features': 10}",0.178743961352657,0.2028985507246377,0.21844660194174756,0.2000297046730141,0.01633498547469128,213
192,0.043400843938191734,0.003536624644959272,0.0206454594930013,0.004727419556716992,10000.0,rbf,MinMaxScaler(),12,0.001,,,"{'Classifier__SVC__C': 10000, 'Classifier__SVC__gamma': 0.001, 'Classifier__SVC__kernel': 'rbf', 'Scaler': MinMaxScaler(), 'Selector__max_features': 12}",0.19806763285024154,0.19806763285024154,0.16990291262135923,0.18867939277394744,0.01327697644270974,639
193,0.04664754867553711,0.0023841549473992674,0.01744230588277181,0.0013208583563727306,10000.0,rbf,MinMaxScaler(),14,0.001,,,"{'Classifier__SVC__C': 10000, 'Classifier__SVC__gamma': 0.001, 'Classifier__SVC__kernel': 'rbf', 'Scaler': MinMaxScaler(), 'Selector__max_features': 14}",0.18357487922705315,0.21256038647342995,0.17475728155339806,0.19029751575129372,0.01614856168572555,574
194,0.05018822352091471,0.006901257223364743,0.01688226064046224,0.00042602504067765625,10000.0,rbf,MinMaxScaler(),16,0.001,,,"{'Classifier__SVC__C': 10000, 'Classifier__SVC__gamma': 0.001, 'Classifier__SVC__kernel': 'rbf', 'Scaler': MinMaxScaler(), 'Selector__max_features': 16}",0.21739130434782608,0.2028985507246377,0.18932038834951456,0.2032034144739928,0.011461930834297175,188
195,0.05516505241394043,0.0048607964707181655,0.019365628560384113,0.0008281520357275791,10000.0,rbf,MinMaxScaler(),18,0.001,,,"{'Classifier__SVC__C': 10000, 'Classifier__SVC__gamma': 0.001, 'Classifier__SVC__kernel': 'rbf', 'Scaler': MinMaxScaler(), 'Selector__max_features': 18}",0.2753623188405797,0.1932367149758454,0.22815533980582525,0.23225145787408344,0.03365251194149454,26
196,0.051053921381632485,0.006778118442217462,0.01636219024658203,0.0003954504495241847,10000.0,rbf,MinMaxScaler(),20,0.001,,,"{'Classifier__SVC__C': 10000, 'Classifier__SVC__gamma': 0.001, 'Classifier__SVC__kernel': 'rbf', 'Scaler': MinMaxScaler(), 'Selector__max_features': 20}",0.2318840579710145,0.19806763285024154,0.18932038834951456,0.2064240263902569,0.01835371856343661,135
197,0.0498495896657308,0.005013899427087878,0.01611638069152832,0.000691327741891699,10000.0,rbf,MinMaxScaler(),24,0.001,,,"{'Classifier__SVC__C': 10000, 'Classifier__SVC__gamma': 0.001, 'Classifier__SVC__kernel': 'rbf', 'Scaler': MinMaxScaler(), 'Selector__max_features': 24}",0.2463768115942029,0.25120772946859904,0.20388349514563106,0.23382267873614435,0.02126186692064982,23
198,0.055834054946899414,0.005510726233279415,0.016902685165405273,0.0011995640445904483,10000.0,rbf,MinMaxScaler(),2,0.01,,,"{'Classifier__SVC__C': 10000, 'Classifier__SVC__gamma': 0.01, 'Classifier__SVC__kernel': 'rbf', 'Scaler': MinMaxScaler(), 'Selector__max_features': 2}",0.12077294685990338,0.14492753623188406,0.06796116504854369,0.11122054938011039,0.0321391951412591,1215
199,0.06540687878926595,0.003648175552756151,0.017304420471191406,0.0011378040202574843,10000.0,rbf,MinMaxScaler(),4,0.01,,,"{'Classifier__SVC__C': 10000, 'Classifier__SVC__gamma': 0.01, 'Classifier__SVC__kernel': 'rbf', 'Scaler': MinMaxScaler(), 'Selector__max_features': 4}",0.18840579710144928,0.14492753623188406,0.16019417475728157,0.16450916936353832,0.018010259592789696,1023
200,0.0683586597442627,0.008837700857069322,0.018345197041829426,0.0016372618005616767,10000.0,rbf,MinMaxScaler(),6,0.01,,,"{'Classifier__SVC__C': 10000, 'Classifier__SVC__gamma': 0.01, 'Classifier__SVC__kernel': 'rbf', 'Scaler': MinMaxScaler(), 'Selector__max_features': 6}",0.18357487922705315,0.17391304347826086,0.1796116504854369,0.17903319106358365,0.003965579317595203,846
201,0.07680455843607585,0.005166679233832223,0.01906585693359375,0.0016317443264091292,10000.0,rbf,MinMaxScaler(),8,0.01,,,"{'Classifier__SVC__C': 10000, 'Classifier__SVC__gamma': 0.01, 'Classifier__SVC__kernel': 'rbf', 'Scaler': MinMaxScaler(), 'Selector__max_features': 8}",0.18357487922705315,0.1932367149758454,0.25728155339805825,0.21136438253365228,0.03270706042689101,96
202,0.08089884122212727,0.010389966453219967,0.017107566197713215,1.737822685063249e-05,10000.0,rbf,MinMaxScaler(),10,0.01,,,"{'Classifier__SVC__C': 10000, 'Classifier__SVC__gamma': 0.01, 'Classifier__SVC__kernel': 'rbf', 'Scaler': MinMaxScaler(), 'Selector__max_features': 10}",0.2222222222222222,0.24154589371980675,0.24271844660194175,0.23549552084799022,0.009397838842768137,18
203,0.08559775352478027,0.006483302216446539,0.016810814539591473,0.0002317527791548182,10000.0,rbf,MinMaxScaler(),12,0.01,,,"{'Classifier__SVC__C': 10000, 'Classifier__SVC__gamma': 0.01, 'Classifier__SVC__kernel': 'rbf', 'Scaler': MinMaxScaler(), 'Selector__max_features': 12}",0.22705314009661837,0.19806763285024154,0.19902912621359223,0.2080499663868174,0.013443005012659817,121
204,0.08744406700134277,0.006228797770129572,0.017275174458821613,0.0009751582653833957,10000.0,rbf,MinMaxScaler(),14,0.01,,,"{'Classifier__SVC__C': 10000, 'Classifier__SVC__gamma': 0.01, 'Classifier__SVC__kernel': 'rbf', 'Scaler': MinMaxScaler(), 'Selector__max_features': 14}",0.20772946859903382,0.23671497584541062,0.18932038834951456,0.211254944264653,0.019508689772819898,105
205,0.08346128463745117,0.0035199466338144527,0.02014017105102539,0.0033519347994794687,10000.0,rbf,MinMaxScaler(),16,0.01,,,"{'Classifier__SVC__C': 10000, 'Classifier__SVC__gamma': 0.01, 'Classifier__SVC__kernel': 'rbf', 'Scaler': MinMaxScaler(), 'Selector__max_features': 16}",0.2560386473429952,0.23671497584541062,0.21844660194174756,0.23706674171005113,0.015348903843163321,16
206,0.09760594367980957,0.012622311323751446,0.018388907114664715,0.0020343189880708944,10000.0,rbf,MinMaxScaler(),18,0.01,,,"{'Classifier__SVC__C': 10000, 'Classifier__SVC__gamma': 0.01, 'Classifier__SVC__kernel': 'rbf', 'Scaler': MinMaxScaler(), 'Selector__max_features': 18}",0.2560386473429952,0.22705314009661837,0.2087378640776699,0.2306098838390945,0.0194735520457115,35
207,0.09733939170837402,0.008614371785001478,0.017156283060709637,0.0011040342839178496,10000.0,rbf,MinMaxScaler(),20,0.01,,,"{'Classifier__SVC__C': 10000, 'Classifier__SVC__gamma': 0.01, 'Classifier__SVC__kernel': 'rbf', 'Scaler': MinMaxScaler(), 'Selector__max_features': 20}",0.27053140096618356,0.21256038647342995,0.20388349514563106,0.2289917608617482,0.029585789221438945,37
208,0.09786701202392578,0.0075952109242350746,0.017780462900797527,0.0006304531819711483,10000.0,rbf,MinMaxScaler(),24,0.01,,,"{'Classifier__SVC__C': 10000, 'Classifier__SVC__gamma': 0.01, 'Classifier__SVC__kernel': 'rbf', 'Scaler': MinMaxScaler(), 'Selector__max_features': 24}",0.2753623188405797,0.27053140096618356,0.22815533980582525,0.2580163532041962,0.02120683117552071,4
209,0.08022729555765788,0.008082392983106201,0.016504287719726562,0.0015249029530282835,10000.0,rbf,MinMaxScaler(),2,0.1,,,"{'Classifier__SVC__C': 10000, 'Classifier__SVC__gamma': 0.1, 'Classifier__SVC__kernel': 'rbf', 'Scaler': MinMaxScaler(), 'Selector__max_features': 2}",0.17391304347826086,0.1111111111111111,0.07766990291262135,0.12089801916733112,0.03989589121250491,1194
210,0.13462448120117188,0.0064324092847151204,0.016217629114786785,0.0001633437374886375,10000.0,rbf,MinMaxScaler(),4,0.1,,,"{'Classifier__SVC__C': 10000, 'Classifier__SVC__gamma': 0.1, 'Classifier__SVC__kernel': 'rbf', 'Scaler': MinMaxScaler(), 'Selector__max_features': 4}",0.1932367149758454,0.18357487922705315,0.16990291262135923,0.18223816894141928,0.009572762710605743,801
211,0.1726823647816976,0.0021915779317655836,0.016971111297607422,0.0010393239331684418,10000.0,rbf,MinMaxScaler(),6,0.1,,,"{'Classifier__SVC__C': 10000, 'Classifier__SVC__gamma': 0.1, 'Classifier__SVC__kernel': 'rbf', 'Scaler': MinMaxScaler(), 'Selector__max_features': 6}",0.20772946859903382,0.24154589371980675,0.16990291262135923,0.20639275831339995,0.02926339329787208,137
212,0.19156328837076822,0.02620626093624202,0.015757322311401367,0.0006155984641144688,10000.0,rbf,MinMaxScaler(),8,0.1,,,"{'Classifier__SVC__C': 10000, 'Classifier__SVC__gamma': 0.1, 'Classifier__SVC__kernel': 'rbf', 'Scaler': MinMaxScaler(), 'Selector__max_features': 8}",0.1932367149758454,0.2318840579710145,0.2815533980582524,0.2355580570017041,0.03614860835797795,17
213,0.19131763776143393,0.030511690586577822,0.017067432403564453,0.001006886250303942,10000.0,rbf,MinMaxScaler(),10,0.1,,,"{'Classifier__SVC__C': 10000, 'Classifier__SVC__gamma': 0.1, 'Classifier__SVC__kernel': 'rbf', 'Scaler': MinMaxScaler(), 'Selector__max_features': 10}",0.18840579710144928,0.22705314009661837,0.2524271844660194,0.22262870722136233,0.026323199080175393,56
214,0.20825552940368652,0.008649122504569463,0.017938931783040363,0.000869569907153641,10000.0,rbf,MinMaxScaler(),12,0.1,,,"{'Classifier__SVC__C': 10000, 'Classifier__SVC__gamma': 0.1, 'Classifier__SVC__kernel': 'rbf', 'Scaler': MinMaxScaler(), 'Selector__max_features': 12}",0.1932367149758454,0.2318840579710145,0.2766990291262136,0.23393993402435784,0.034104344206114655,19
215,0.19265087445576987,0.0009209051348988482,0.015211105346679688,0.0005736116487481726,10000.0,rbf,MinMaxScaler(),14,0.1,,,"{'Classifier__SVC__C': 10000, 'Classifier__SVC__gamma': 0.1, 'Classifier__SVC__kernel': 'rbf', 'Scaler': MinMaxScaler(), 'Selector__max_features': 14}",0.20772946859903382,0.2318840579710145,0.24271844660194175,0.22744399105733004,0.014625156205900625,39
216,0.18731466929117838,0.005901856824135059,0.016167640686035156,0.0008163035044531495,10000.0,rbf,MinMaxScaler(),16,0.1,,,"{'Classifier__SVC__C': 10000, 'Classifier__SVC__gamma': 0.1, 'Classifier__SVC__kernel': 'rbf', 'Scaler': MinMaxScaler(), 'Selector__max_features': 16}",0.25120772946859904,0.2560386473429952,0.2621359223300971,0.25646076638056375,0.004471389654677284,5
217,0.17450348536173502,0.0077015919346382486,0.016300201416015625,0.000861671286728132,10000.0,rbf,MinMaxScaler(),18,0.1,,,"{'Classifier__SVC__C': 10000, 'Classifier__SVC__gamma': 0.1, 'Classifier__SVC__kernel': 'rbf', 'Scaler': MinMaxScaler(), 'Selector__max_features': 18}",0.2318840579710145,0.21739130434782608,0.27184466019417475,0.24037334083767178,0.023026693689786198,9
218,0.15172807375590006,0.004033528595331813,0.016172488530476887,9.110467210989018e-05,10000.0,rbf,MinMaxScaler(),20,0.1,,,"{'Classifier__SVC__C': 10000, 'Classifier__SVC__gamma': 0.1, 'Classifier__SVC__kernel': 'rbf', 'Scaler': MinMaxScaler(), 'Selector__max_features': 20}",0.2463768115942029,0.21739130434782608,0.27184466019417475,0.24520425871206789,0.02224594571194672,6
219,0.11864638328552246,0.0038124108068390687,0.016794840494791668,0.005388610057414574,10000.0,rbf,MinMaxScaler(),24,0.1,,,"{'Classifier__SVC__C': 10000, 'Classifier__SVC__gamma': 0.1, 'Classifier__SVC__kernel': 'rbf', 'Scaler': MinMaxScaler(), 'Selector__max_features': 24}",0.25120772946859904,0.2608695652173913,0.2815533980582524,0.26454356424808095,0.01265803044701663,1
220,0.0394583543141683,0.00036785508402868705,0.011188824971516928,0.00134920743653981,0.0001,poly,MinMaxScaler(),2,0.0001,2.0,3.0,"{'Classifier__SVC__C': 0.0001, 'Classifier__SVC__coef0': 2, 'Classifier__SVC__degree': 3, 'Classifier__SVC__gamma': 0.0001, 'Classifier__SVC__kernel': 'poly', 'Scaler': MinMaxScaler(), 'Selector__max_features': 2}",0.18357487922705315,0.1497584541062802,0.0825242718446602,0.13861920172599787,0.04199895650117473,1097
221,0.03951430320739746,0.0015099979157422619,0.010346571604410807,0.0006345724265608725,0.0001,poly,MinMaxScaler(),4,0.0001,2.0,3.0,"{'Classifier__SVC__C': 0.0001, 'Classifier__SVC__coef0': 2, 'Classifier__SVC__degree': 3, 'Classifier__SVC__gamma': 0.0001, 'Classifier__SVC__kernel': 'poly', 'Scaler': MinMaxScaler(), 'Selector__max_features': 4}",0.23671497584541062,0.22705314009661837,0.0825242718446602,0.18209746259556306,0.0705192787103684,807
222,0.05216519037882487,0.0017742280490152097,0.010755221048990885,0.0009696035496191319,0.0001,poly,MinMaxScaler(),6,0.0001,2.0,3.0,"{'Classifier__SVC__C': 0.0001, 'Classifier__SVC__coef0': 2, 'Classifier__SVC__degree': 3, 'Classifier__SVC__gamma': 0.0001, 'Classifier__SVC__kernel': 'poly', 'Scaler': MinMaxScaler(), 'Selector__max_features': 6}",0.2608695652173913,0.178743961352657,0.0825242718446602,0.1740459328049028,0.07288490708520302,921
223,0.04646984736124674,0.002567908224585619,0.010522206624348959,0.0012019012243496372,0.0001,poly,MinMaxScaler(),8,0.0001,2.0,3.0,"{'Classifier__SVC__C': 0.0001, 'Classifier__SVC__coef0': 2, 'Classifier__SVC__degree': 3, 'Classifier__SVC__gamma': 0.0001, 'Classifier__SVC__kernel': 'poly', 'Scaler': MinMaxScaler(), 'Selector__max_features': 8}",0.2463768115942029,0.2222222222222222,0.0825242718446602,0.18370776855369508,0.07222389286855474,749
224,0.053026835123697914,0.009065549252255197,0.010224660237630209,0.001041911492544281,0.0001,poly,MinMaxScaler(),10,0.0001,2.0,3.0,"{'Classifier__SVC__C': 0.0001, 'Classifier__SVC__coef0': 2, 'Classifier__SVC__degree': 3, 'Classifier__SVC__gamma': 0.0001, 'Classifier__SVC__kernel': 'poly', 'Scaler': MinMaxScaler(), 'Selector__max_features': 10}",0.2463768115942029,0.24154589371980675,0.0825242718446602,0.1901489923862233,0.07612772073130109,580
225,0.050897677739461265,0.0020665532005009375,0.011147499084472656,0.002142766505644514,0.0001,poly,MinMaxScaler(),12,0.0001,2.0,3.0,"{'Classifier__SVC__C': 0.0001, 'Classifier__SVC__coef0': 2, 'Classifier__SVC__degree': 3, 'Classifier__SVC__gamma': 0.0001, 'Classifier__SVC__kernel': 'poly', 'Scaler': MinMaxScaler(), 'Selector__max_features': 12}",0.2463768115942029,0.2560386473429952,0.0825242718446602,0.19497991026061942,0.07961591434784415,408
226,0.045132716496785484,0.002810890574313992,0.011713266372680664,0.0005789271801278115,0.0001,poly,MinMaxScaler(),14,0.0001,2.0,3.0,"{'Classifier__SVC__C': 0.0001, 'Classifier__SVC__coef0': 2, 'Classifier__SVC__degree': 3, 'Classifier__SVC__gamma': 0.0001, 'Classifier__SVC__kernel': 'poly', 'Scaler': MinMaxScaler(), 'Selector__max_features': 14}",0.2318840579710145,0.26570048309178745,0.0825242718446602,0.19336960430248737,0.07958602661167721,475
227,0.04950324694315592,0.012872715597246325,0.00989063580830892,0.0011784681121909803,0.0001,poly,MinMaxScaler(),16,0.0001,2.0,3.0,"{'Classifier__SVC__C': 0.0001, 'Classifier__SVC__coef0': 2, 'Classifier__SVC__degree': 3, 'Classifier__SVC__gamma': 0.0001, 'Classifier__SVC__kernel': 'poly', 'Scaler': MinMaxScaler(), 'Selector__max_features': 16}",0.2222222222222222,0.2222222222222222,0.0825242718446602,0.17565623876303485,0.06585424535322394,872
228,0.053257147471110024,0.008539734701648281,0.011572996775309244,0.0016717700673737055,0.0001,poly,MinMaxScaler(),18,0.0001,2.0,3.0,"{'Classifier__SVC__C': 0.0001, 'Classifier__SVC__coef0': 2, 'Classifier__SVC__degree': 3, 'Classifier__SVC__gamma': 0.0001, 'Classifier__SVC__kernel': 'poly', 'Scaler': MinMaxScaler(), 'Selector__max_features': 18}",0.2222222222222222,0.2463768115942029,0.0825242718446602,0.18370776855369508,0.07222389286855474,749
229,0.043865362803141274,0.001798185339760554,0.011577129364013672,0.0014830576359838028,0.0001,poly,MinMaxScaler(),20,0.0001,2.0,3.0,"{'Classifier__SVC__C': 0.0001, 'Classifier__SVC__coef0': 2, 'Classifier__SVC__degree': 3, 'Classifier__SVC__gamma': 0.0001, 'Classifier__SVC__kernel': 'poly', 'Scaler': MinMaxScaler(), 'Selector__max_features': 20}",0.2463768115942029,0.2318840579710145,0.0825242718446602,0.1869283804699592,0.07406156628228541,656
230,0.04870247840881348,0.0036535087612991775,0.010237296422322592,0.00024185660860052518,0.0001,poly,MinMaxScaler(),24,0.0001,2.0,3.0,"{'Classifier__SVC__C': 0.0001, 'Classifier__SVC__coef0': 2, 'Classifier__SVC__degree': 3, 'Classifier__SVC__gamma': 0.0001, 'Classifier__SVC__kernel': 'poly', 'Scaler': MinMaxScaler(), 'Selector__max_features': 24}",0.25120772946859904,0.1932367149758454,0.0825242718446602,0.17565623876303485,0.06997776826437423,872
231,0.04014857610066732,0.003913305238142438,0.009526411692301432,0.0004427587434792658,0.0001,poly,MinMaxScaler(),2,0.001,2.0,3.0,"{'Classifier__SVC__C': 0.0001, 'Classifier__SVC__coef0': 2, 'Classifier__SVC__degree': 3, 'Classifier__SVC__gamma': 0.001, 'Classifier__SVC__kernel': 'poly', 'Scaler': MinMaxScaler(), 'Selector__max_features': 2}",0.18357487922705315,0.1497584541062802,0.0825242718446602,0.13861920172599787,0.04199895650117473,1097
232,0.041489203770955406,0.0020695628303321963,0.009043375651041666,0.00039371603857373514,0.0001,poly,MinMaxScaler(),4,0.001,2.0,3.0,"{'Classifier__SVC__C': 0.0001, 'Classifier__SVC__coef0': 2, 'Classifier__SVC__degree': 3, 'Classifier__SVC__gamma': 0.001, 'Classifier__SVC__kernel': 'poly', 'Scaler': MinMaxScaler(), 'Selector__max_features': 4}",0.23671497584541062,0.2318840579710145,0.0825242718446602,0.18370776855369508,0.07157471362884962,749
233,0.040799856185913086,0.0014543309105775847,0.009528636932373047,0.0011243069082781183,0.0001,poly,MinMaxScaler(),6,0.001,2.0,3.0,"{'Classifier__SVC__C': 0.0001, 'Classifier__SVC__coef0': 2, 'Classifier__SVC__degree': 3, 'Classifier__SVC__gamma': 0.001, 'Classifier__SVC__kernel': 'poly', 'Scaler': MinMaxScaler(), 'Selector__max_features': 6}",0.25120772946859904,0.178743961352657,0.0825242718446602,0.17082532088863875,0.06909199601058762,985
234,0.06052319208780924,0.0005911428393445384,0.010548830032348633,0.0003761760654684189,0.0001,poly,MinMaxScaler(),8,0.001,2.0,3.0,"{'Classifier__SVC__C': 0.0001, 'Classifier__SVC__coef0': 2, 'Classifier__SVC__degree': 3, 'Classifier__SVC__gamma': 0.001, 'Classifier__SVC__kernel': 'poly', 'Scaler': MinMaxScaler(), 'Selector__max_features': 8}",0.2463768115942029,0.2222222222222222,0.0825242718446602,0.18370776855369508,0.07222389286855474,749
235,0.04127113024393717,0.002569452460117594,0.012552976608276367,0.0025476348735763515,0.0001,poly,MinMaxScaler(),10,0.001,2.0,3.0,"{'Classifier__SVC__C': 0.0001, 'Classifier__SVC__coef0': 2, 'Classifier__SVC__degree': 3, 'Classifier__SVC__gamma': 0.001, 'Classifier__SVC__kernel': 'poly', 'Scaler': MinMaxScaler(), 'Selector__max_features': 10}",0.2463768115942029,0.24154589371980675,0.0825242718446602,0.1901489923862233,0.07612772073130109,580
236,0.04227240880330404,0.0040677305393560384,0.01226345698038737,0.0010892860418476715,0.0001,poly,MinMaxScaler(),12,0.001,2.0,3.0,"{'Classifier__SVC__C': 0.0001, 'Classifier__SVC__coef0': 2, 'Classifier__SVC__degree': 3, 'Classifier__SVC__gamma': 0.001, 'Classifier__SVC__kernel': 'poly', 'Scaler': MinMaxScaler(), 'Selector__max_features': 12}",0.2463768115942029,0.2560386473429952,0.0825242718446602,0.19497991026061942,0.07961591434784415,408
237,0.04070885976155599,0.002023505102440317,0.01345356305440267,0.0035400235636170187,0.0001,poly,MinMaxScaler(),14,0.001,2.0,3.0,"{'Classifier__SVC__C': 0.0001, 'Classifier__SVC__coef0': 2, 'Classifier__SVC__degree': 3, 'Classifier__SVC__gamma': 0.001, 'Classifier__SVC__kernel': 'poly', 'Scaler': MinMaxScaler(), 'Selector__max_features': 14}",0.2318840579710145,0.26570048309178745,0.0825242718446602,0.19336960430248737,0.07958602661167721,475
238,0.051990111668904625,0.006623975496339632,0.010060310363769531,0.00040783619460769656,0.0001,poly,MinMaxScaler(),16,0.001,2.0,3.0,"{'Classifier__SVC__C': 0.0001, 'Classifier__SVC__coef0': 2, 'Classifier__SVC__degree': 3, 'Classifier__SVC__gamma': 0.001, 'Classifier__SVC__kernel': 'poly', 'Scaler': MinMaxScaler(), 'Selector__max_features': 16}",0.21256038647342995,0.2222222222222222,0.0825242718446602,0.1724356268467708,0.06369917103723212,963
239,0.054560184478759766,0.005071819042112775,0.010176817576090494,0.0003028519345868362,0.0001,poly,MinMaxScaler(),18,0.001,2.0,3.0,"{'Classifier__SVC__C': 0.0001, 'Classifier__SVC__coef0': 2, 'Classifier__SVC__degree': 3, 'Classifier__SVC__gamma': 0.001, 'Classifier__SVC__kernel': 'poly', 'Scaler': MinMaxScaler(), 'Selector__max_features': 18}",0.2222222222222222,0.2463768115942029,0.0825242718446602,0.18370776855369508,0.07222389286855474,749
240,0.042119741439819336,0.001005680597892804,0.012447595596313477,0.0007435970350077518,0.0001,poly,MinMaxScaler(),20,0.001,2.0,3.0,"{'Classifier__SVC__C': 0.0001, 'Classifier__SVC__coef0': 2, 'Classifier__SVC__degree': 3, 'Classifier__SVC__gamma': 0.001, 'Classifier__SVC__kernel': 'poly', 'Scaler': MinMaxScaler(), 'Selector__max_features': 20}",0.2463768115942029,0.2318840579710145,0.0825242718446602,0.1869283804699592,0.07406156628228541,656
241,0.04750537872314453,0.00623251179154497,0.009234189987182617,0.0006149011908069523,0.0001,poly,MinMaxScaler(),24,0.001,2.0,3.0,"{'Classifier__SVC__C': 0.0001, 'Classifier__SVC__coef0': 2, 'Classifier__SVC__degree': 3, 'Classifier__SVC__gamma': 0.001, 'Classifier__SVC__kernel': 'poly', 'Scaler': MinMaxScaler(), 'Selector__max_features': 24}",0.25120772946859904,0.1932367149758454,0.0825242718446602,0.17565623876303485,0.06997776826437423,872
242,0.041953325271606445,0.001969183158756142,0.009699583053588867,0.0009931160616900457,0.0001,poly,MinMaxScaler(),2,0.01,2.0,3.0,"{'Classifier__SVC__C': 0.0001, 'Classifier__SVC__coef0': 2, 'Classifier__SVC__degree': 3, 'Classifier__SVC__gamma': 0.01, 'Classifier__SVC__kernel': 'poly', 'Scaler': MinMaxScaler(), 'Selector__max_features': 2}",0.18840579710144928,0.15458937198067632,0.0825242718446602,0.14183981364226192,0.04415606999454314,1085
243,0.04286034901936849,0.0024055683788826777,0.010675827662150065,0.0023911249770873,0.0001,poly,MinMaxScaler(),4,0.01,2.0,3.0,"{'Classifier__SVC__C': 0.0001, 'Classifier__SVC__coef0': 2, 'Classifier__SVC__degree': 3, 'Classifier__SVC__gamma': 0.01, 'Classifier__SVC__kernel': 'poly', 'Scaler': MinMaxScaler(), 'Selector__max_features': 4}",0.24154589371980675,0.2318840579710145,0.0825242718446602,0.18531807451182714,0.07279314146992835,725
244,0.0413359006245931,0.0026538008967742503,0.011071602503458658,0.0018882553316825629,0.0001,poly,MinMaxScaler(),6,0.01,2.0,3.0,"{'Classifier__SVC__C': 0.0001, 'Classifier__SVC__coef0': 2, 'Classifier__SVC__degree': 3, 'Classifier__SVC__gamma': 0.01, 'Classifier__SVC__kernel': 'poly', 'Scaler': MinMaxScaler(), 'Selector__max_features': 6}",0.25120772946859904,0.178743961352657,0.0825242718446602,0.17082532088863875,0.06909199601058762,985
245,0.04206983248392741,0.0026139462803455977,0.010285774866739908,0.0016805052270133386,0.0001,poly,MinMaxScaler(),8,0.01,2.0,3.0,"{'Classifier__SVC__C': 0.0001, 'Classifier__SVC__coef0': 2, 'Classifier__SVC__degree': 3, 'Classifier__SVC__gamma': 0.01, 'Classifier__SVC__kernel': 'poly', 'Scaler': MinMaxScaler(), 'Selector__max_features': 8}",0.24154589371980675,0.22705314009661837,0.0825242718446602,0.18370776855369508,0.07179175895879261,749
246,0.04350837071736654,0.003287803422664214,0.009804884592692057,0.0005330551171923039,0.0001,poly,MinMaxScaler(),10,0.01,2.0,3.0,"{'Classifier__SVC__C': 0.0001, 'Classifier__SVC__coef0': 2, 'Classifier__SVC__degree': 3, 'Classifier__SVC__gamma': 0.01, 'Classifier__SVC__kernel': 'poly', 'Scaler': MinMaxScaler(), 'Selector__max_features': 10}",0.2463768115942029,0.2463768115942029,0.0825242718446602,0.19175929834435534,0.07724082798102665,515
247,0.044486443201700844,0.003460252334283988,0.010322093963623047,0.00136335540487143,0.0001,poly,MinMaxScaler(),12,0.01,2.0,3.0,"{'Classifier__SVC__C': 0.0001, 'Classifier__SVC__coef0': 2, 'Classifier__SVC__degree': 3, 'Classifier__SVC__gamma': 0.01, 'Classifier__SVC__kernel': 'poly', 'Scaler': MinMaxScaler(), 'Selector__max_features': 12}",0.2463768115942029,0.2608695652173913,0.0825242718446602,0.19659021621875147,0.08087352152738486,323
248,0.04634936650594076,0.0076675281752219574,0.010236422220865885,0.00021891554753464124,0.0001,poly,MinMaxScaler(),14,0.01,2.0,3.0,"{'Classifier__SVC__C': 0.0001, 'Classifier__SVC__coef0': 2, 'Classifier__SVC__degree': 3, 'Classifier__SVC__gamma': 0.01, 'Classifier__SVC__kernel': 'poly', 'Scaler': MinMaxScaler(), 'Selector__max_features': 14}",0.22705314009661837,0.26570048309178745,0.0825242718446602,0.19175929834435534,0.07883578942307183,515
249,0.04266858100891113,0.0033469240782146425,0.010658582051595053,0.00043360561219498654,0.0001,poly,MinMaxScaler(),16,0.01,2.0,3.0,"{'Classifier__SVC__C': 0.0001, 'Classifier__SVC__coef0': 2, 'Classifier__SVC__degree': 3, 'Classifier__SVC__gamma': 0.01, 'Classifier__SVC__kernel': 'poly', 'Scaler': MinMaxScaler(), 'Selector__max_features': 16}",0.2222222222222222,0.2222222222222222,0.0825242718446602,0.17565623876303485,0.06585424535322394,872
250,0.04575022061665853,0.00438540703736017,0.011567354202270508,0.0005831482880690931,0.0001,poly,MinMaxScaler(),18,0.01,2.0,3.0,"{'Classifier__SVC__C': 0.0001, 'Classifier__SVC__coef0': 2, 'Classifier__SVC__degree': 3, 'Classifier__SVC__gamma': 0.01, 'Classifier__SVC__kernel': 'poly', 'Scaler': MinMaxScaler(), 'Selector__max_features': 18}",0.21739130434782608,0.2463768115942029,0.0825242718446602,0.18209746259556306,0.07139633578281734,807
251,0.05315391222635905,0.01366483914348098,0.010269800821940104,0.0015201462697500864,0.0001,poly,MinMaxScaler(),20,0.01,2.0,3.0,"{'Classifier__SVC__C': 0.0001, 'Classifier__SVC__coef0': 2, 'Classifier__SVC__degree': 3, 'Classifier__SVC__gamma': 0.01, 'Classifier__SVC__kernel': 'poly', 'Scaler': MinMaxScaler(), 'Selector__max_features': 20}",0.2463768115942029,0.2222222222222222,0.0825242718446602,0.18370776855369508,0.07222389286855474,749
252,0.04891737302144369,0.009394851983152897,0.010260184605916342,0.0004922327468368989,0.0001,poly,MinMaxScaler(),24,0.01,2.0,3.0,"{'Classifier__SVC__C': 0.0001, 'Classifier__SVC__coef0': 2, 'Classifier__SVC__degree': 3, 'Classifier__SVC__gamma': 0.01, 'Classifier__SVC__kernel': 'poly', 'Scaler': MinMaxScaler(), 'Selector__max_features': 24}",0.2463768115942029,0.1932367149758454,0.0825242718446602,0.17404593280490285,0.06825505249109545,915
253,0.04819949467976888,0.005769936897864754,0.009713967641194662,0.0008430383488339537,0.0001,poly,MinMaxScaler(),2,0.1,2.0,3.0,"{'Classifier__SVC__C': 0.0001, 'Classifier__SVC__coef0': 2, 'Classifier__SVC__degree': 3, 'Classifier__SVC__gamma': 0.1, 'Classifier__SVC__kernel': 'poly', 'Scaler': MinMaxScaler(), 'Selector__max_features': 2}",0.30434782608695654,0.15942028985507245,0.0825242718446602,0.18209746259556306,0.09196779482260004,807
254,0.04191454251607259,0.005326346706406027,0.008916775385538736,0.0008245570741664591,0.0001,poly,MinMaxScaler(),4,0.1,2.0,3.0,"{'Classifier__SVC__C': 0.0001, 'Classifier__SVC__coef0': 2, 'Classifier__SVC__degree': 3, 'Classifier__SVC__gamma': 0.1, 'Classifier__SVC__kernel': 'poly', 'Scaler': MinMaxScaler(), 'Selector__max_features': 4}",0.3188405797101449,0.21739130434782608,0.0825242718446602,0.2062520519675437,0.09679673392729514,139
255,0.04436302185058594,0.0032958446445589765,0.00955351193745931,0.0004158143206714896,0.0001,poly,MinMaxScaler(),6,0.1,2.0,3.0,"{'Classifier__SVC__C': 0.0001, 'Classifier__SVC__coef0': 2, 'Classifier__SVC__degree': 3, 'Classifier__SVC__gamma': 0.1, 'Classifier__SVC__kernel': 'poly', 'Scaler': MinMaxScaler(), 'Selector__max_features': 6}",0.25120772946859904,0.18357487922705315,0.0825242718446602,0.1724356268467708,0.069313728446273,963
256,0.042442639668782554,0.003466745550074274,0.010110219319661459,0.0003480157995662941,0.0001,poly,MinMaxScaler(),8,0.1,2.0,3.0,"{'Classifier__SVC__C': 0.0001, 'Classifier__SVC__coef0': 2, 'Classifier__SVC__degree': 3, 'Classifier__SVC__gamma': 0.1, 'Classifier__SVC__kernel': 'poly', 'Scaler': MinMaxScaler(), 'Selector__max_features': 8}",0.27053140096618356,0.2222222222222222,0.0825242718446602,0.19175929834435532,0.07971893312766976,538
257,0.04533863067626953,0.00024703363447124585,0.010123332341512045,0.000999879622394832,0.0001,poly,MinMaxScaler(),10,0.1,2.0,3.0,"{'Classifier__SVC__C': 0.0001, 'Classifier__SVC__coef0': 2, 'Classifier__SVC__degree': 3, 'Classifier__SVC__gamma': 0.1, 'Classifier__SVC__kernel': 'poly', 'Scaler': MinMaxScaler(), 'Selector__max_features': 10}",0.2463768115942029,0.25120772946859904,0.0825242718446602,0.19336960430248737,0.0784042951104167,475
258,0.04373319943745931,0.004101909121090469,0.010268847147623697,0.00017659745679621128,0.0001,poly,MinMaxScaler(),12,0.1,2.0,3.0,"{'Classifier__SVC__C': 0.0001, 'Classifier__SVC__coef0': 2, 'Classifier__SVC__degree': 3, 'Classifier__SVC__gamma': 0.1, 'Classifier__SVC__kernel': 'poly', 'Scaler': MinMaxScaler(), 'Selector__max_features': 12}",0.2463768115942029,0.27053140096618356,0.0825242718446602,0.19981082813501552,0.0835183144057648,228
259,0.04840437571207682,0.004339459531017685,0.009979327519734701,0.001470811697111449,0.0001,poly,MinMaxScaler(),14,0.1,2.0,3.0,"{'Classifier__SVC__C': 0.0001, 'Classifier__SVC__coef0': 2, 'Classifier__SVC__degree': 3, 'Classifier__SVC__gamma': 0.1, 'Classifier__SVC__kernel': 'poly', 'Scaler': MinMaxScaler(), 'Selector__max_features': 14}",0.23671497584541062,0.27053140096618356,0.0825242718446602,0.19659021621875147,0.08182977209407413,323
260,0.041233460108439125,0.0029018481837025283,0.010879119237263998,0.0010870765524531576,0.0001,poly,MinMaxScaler(),16,0.1,2.0,3.0,"{'Classifier__SVC__C': 0.0001, 'Classifier__SVC__coef0': 2, 'Classifier__SVC__degree': 3, 'Classifier__SVC__gamma': 0.1, 'Classifier__SVC__kernel': 'poly', 'Scaler': MinMaxScaler(), 'Selector__max_features': 16}",0.2222222222222222,0.21256038647342995,0.0825242718446602,0.1724356268467708,0.06369917103723212,963
261,0.05033683776855469,0.00780430917710922,0.010578632354736328,0.00041844151943617704,0.0001,poly,MinMaxScaler(),18,0.1,2.0,3.0,"{'Classifier__SVC__C': 0.0001, 'Classifier__SVC__coef0': 2, 'Classifier__SVC__degree': 3, 'Classifier__SVC__gamma': 0.1, 'Classifier__SVC__kernel': 'poly', 'Scaler': MinMaxScaler(), 'Selector__max_features': 18}",0.21256038647342995,0.24154589371980675,0.0825242718446602,0.17887685067929895,0.06915154610778851,857
262,0.04650449752807617,0.005742705728373602,0.010094324747721354,0.0004296983832366328,0.0001,poly,MinMaxScaler(),20,0.1,2.0,3.0,"{'Classifier__SVC__C': 0.0001, 'Classifier__SVC__coef0': 2, 'Classifier__SVC__degree': 3, 'Classifier__SVC__gamma': 0.1, 'Classifier__SVC__kernel': 'poly', 'Scaler': MinMaxScaler(), 'Selector__max_features': 20}",0.23671497584541062,0.20772946859903382,0.0825242718446602,0.17565623876303485,0.06690895482741886,872
263,0.04059727986653646,0.0018540353248043984,0.010596513748168945,0.0008414583307656461,0.0001,poly,MinMaxScaler(),24,0.1,2.0,3.0,"{'Classifier__SVC__C': 0.0001, 'Classifier__SVC__coef0': 2, 'Classifier__SVC__degree': 3, 'Classifier__SVC__gamma': 0.1, 'Classifier__SVC__kernel': 'poly', 'Scaler': MinMaxScaler(), 'Selector__max_features': 24}",0.23671497584541062,0.19806763285024154,0.0825242718446602,0.1724356268467708,0.06550543539220355,963
264,0.04261906941731771,0.004199303292723159,0.009919484456380209,0.0006330304469379069,0.0001,poly,MinMaxScaler(),2,0.0001,2.0,5.0,"{'Classifier__SVC__C': 0.0001, 'Classifier__SVC__coef0': 2, 'Classifier__SVC__degree': 5, 'Classifier__SVC__gamma': 0.0001, 'Classifier__SVC__kernel': 'poly', 'Scaler': MinMaxScaler(), 'Selector__max_features': 2}",0.18357487922705315,0.1497584541062802,0.0825242718446602,0.13861920172599787,0.04199895650117473,1097
265,0.040941079457600914,0.0034033910603395055,0.010954062143961588,0.0021347034971389883,0.0001,poly,MinMaxScaler(),4,0.0001,2.0,5.0,"{'Classifier__SVC__C': 0.0001, 'Classifier__SVC__coef0': 2, 'Classifier__SVC__degree': 5, 'Classifier__SVC__gamma': 0.0001, 'Classifier__SVC__kernel': 'poly', 'Scaler': MinMaxScaler(), 'Selector__max_features': 4}",0.23671497584541062,0.2318840579710145,0.0825242718446602,0.18370776855369508,0.07157471362884962,749
266,0.043834845225016274,0.0012710943987538483,0.009705702463785807,0.0002607757514812004,0.0001,poly,MinMaxScaler(),6,0.0001,2.0,5.0,"{'Classifier__SVC__C': 0.0001, 'Classifier__SVC__coef0': 2, 'Classifier__SVC__degree': 5, 'Classifier__SVC__gamma': 0.0001, 'Classifier__SVC__kernel': 'poly', 'Scaler': MinMaxScaler(), 'Selector__max_features': 6}",0.25120772946859904,0.178743961352657,0.0825242718446602,0.17082532088863875,0.06909199601058762,985
267,0.040231784184773765,0.0007429438752145567,0.00957028071085612,9.599841181634463e-05,0.0001,poly,MinMaxScaler(),8,0.0001,2.0,5.0,"{'Classifier__SVC__C': 0.0001, 'Classifier__SVC__coef0': 2, 'Classifier__SVC__degree': 5, 'Classifier__SVC__gamma': 0.0001, 'Classifier__SVC__kernel': 'poly', 'Scaler': MinMaxScaler(), 'Selector__max_features': 8}",0.2463768115942029,0.2222222222222222,0.0825242718446602,0.18370776855369508,0.07222389286855474,749
268,0.044202566146850586,0.003175879905707867,0.009337425231933594,0.00020812899587834715,0.0001,poly,MinMaxScaler(),10,0.0001,2.0,5.0,"{'Classifier__SVC__C': 0.0001, 'Classifier__SVC__coef0': 2, 'Classifier__SVC__degree': 5, 'Classifier__SVC__gamma': 0.0001, 'Classifier__SVC__kernel': 'poly', 'Scaler': MinMaxScaler(), 'Selector__max_features': 10}",0.2463768115942029,0.24154589371980675,0.0825242718446602,0.1901489923862233,0.07612772073130109,580
269,0.04277388254801432,0.0038808479581784374,0.010063091913859049,0.0011222029364443271,0.0001,poly,MinMaxScaler(),12,0.0001,2.0,5.0,"{'Classifier__SVC__C': 0.0001, 'Classifier__SVC__coef0': 2, 'Classifier__SVC__degree': 5, 'Classifier__SVC__gamma': 0.0001, 'Classifier__SVC__kernel': 'poly', 'Scaler': MinMaxScaler(), 'Selector__max_features': 12}",0.2463768115942029,0.2560386473429952,0.0825242718446602,0.19497991026061942,0.07961591434784415,408
270,0.04326327641805013,0.003962662517297134,0.01033322016398112,0.0004885515820891874,0.0001,poly,MinMaxScaler(),14,0.0001,2.0,5.0,"{'Classifier__SVC__C': 0.0001, 'Classifier__SVC__coef0': 2, 'Classifier__SVC__degree': 5, 'Classifier__SVC__gamma': 0.0001, 'Classifier__SVC__kernel': 'poly', 'Scaler': MinMaxScaler(), 'Selector__max_features': 14}",0.2318840579710145,0.26570048309178745,0.0825242718446602,0.19336960430248737,0.07958602661167721,475
271,0.04321829477945963,0.004996246052284607,0.009876489639282227,0.0005038187190220419,0.0001,poly,MinMaxScaler(),16,0.0001,2.0,5.0,"{'Classifier__SVC__C': 0.0001, 'Classifier__SVC__coef0': 2, 'Classifier__SVC__degree': 5, 'Classifier__SVC__gamma': 0.0001, 'Classifier__SVC__kernel': 'poly', 'Scaler': MinMaxScaler(), 'Selector__max_features': 16}",0.2222222222222222,0.2222222222222222,0.0825242718446602,0.17565623876303485,0.06585424535322394,872
272,0.041895548502604164,0.00047158063241330703,0.011092901229858398,0.002435999181291776,0.0001,poly,MinMaxScaler(),18,0.0001,2.0,5.0,"{'Classifier__SVC__C': 0.0001, 'Classifier__SVC__coef0': 2, 'Classifier__SVC__degree': 5, 'Classifier__SVC__gamma': 0.0001, 'Classifier__SVC__kernel': 'poly', 'Scaler': MinMaxScaler(), 'Selector__max_features': 18}",0.2222222222222222,0.2463768115942029,0.0825242718446602,0.18370776855369508,0.07222389286855474,749
273,0.0429077943166097,0.005844896454246326,0.010602315266927084,0.0008782300672977641,0.0001,poly,MinMaxScaler(),20,0.0001,2.0,5.0,"{'Classifier__SVC__C': 0.0001, 'Classifier__SVC__coef0': 2, 'Classifier__SVC__degree': 5, 'Classifier__SVC__gamma': 0.0001, 'Classifier__SVC__kernel': 'poly', 'Scaler': MinMaxScaler(), 'Selector__max_features': 20}",0.2463768115942029,0.2318840579710145,0.0825242718446602,0.1869283804699592,0.07406156628228541,656
274,0.04333289464314779,0.0017182631023430325,0.00891415278116862,0.0006532580409101946,0.0001,poly,MinMaxScaler(),24,0.0001,2.0,5.0,"{'Classifier__SVC__C': 0.0001, 'Classifier__SVC__coef0': 2, 'Classifier__SVC__degree': 5, 'Classifier__SVC__gamma': 0.0001, 'Classifier__SVC__kernel': 'poly', 'Scaler': MinMaxScaler(), 'Selector__max_features': 24}",0.25120772946859904,0.1932367149758454,0.0825242718446602,0.17565623876303485,0.06997776826437423,872
275,0.04078380266825358,0.0024396365639662077,0.009504477183024088,0.0003944470609901512,0.0001,poly,MinMaxScaler(),2,0.001,2.0,5.0,"{'Classifier__SVC__C': 0.0001, 'Classifier__SVC__coef0': 2, 'Classifier__SVC__degree': 5, 'Classifier__SVC__gamma': 0.001, 'Classifier__SVC__kernel': 'poly', 'Scaler': MinMaxScaler(), 'Selector__max_features': 2}",0.18357487922705315,0.15458937198067632,0.0825242718446602,0.1402295076841299,0.042484982366706586,1093
276,0.03918623924255371,0.004575451703595912,0.009550253550211588,1.4458382718282705e-05,0.0001,poly,MinMaxScaler(),4,0.001,2.0,5.0,"{'Classifier__SVC__C': 0.0001, 'Classifier__SVC__coef0': 2, 'Classifier__SVC__degree': 5, 'Classifier__SVC__gamma': 0.001, 'Classifier__SVC__kernel': 'poly', 'Scaler': MinMaxScaler(), 'Selector__max_features': 4}",0.23671497584541062,0.2318840579710145,0.0825242718446602,0.18370776855369508,0.07157471362884962,749
277,0.043440024058024086,0.0036639375464066906,0.009214957555135092,0.0018997175759466098,0.0001,poly,MinMaxScaler(),6,0.001,2.0,5.0,"{'Classifier__SVC__C': 0.0001, 'Classifier__SVC__coef0': 2, 'Classifier__SVC__degree': 5, 'Classifier__SVC__gamma': 0.001, 'Classifier__SVC__kernel': 'poly', 'Scaler': MinMaxScaler(), 'Selector__max_features': 6}",0.25120772946859904,0.178743961352657,0.0825242718446602,0.17082532088863875,0.06909199601058762,985
278,0.041683355967203774,0.0008387442795677963,0.0120851198832194,0.004661385591970004,0.0001,poly,MinMaxScaler(),8,0.001,2.0,5.0,"{'Classifier__SVC__C': 0.0001, 'Classifier__SVC__coef0': 2, 'Classifier__SVC__degree': 5, 'Classifier__SVC__gamma': 0.001, 'Classifier__SVC__kernel': 'poly', 'Scaler': MinMaxScaler(), 'Selector__max_features': 8}",0.2463768115942029,0.2222222222222222,0.0825242718446602,0.18370776855369508,0.07222389286855474,749
279,0.04000322024027506,0.0016750716593763606,0.009622971216837565,0.0006767065890281715,0.0001,poly,MinMaxScaler(),10,0.001,2.0,5.0,"{'Classifier__SVC__C': 0.0001, 'Classifier__SVC__coef0': 2, 'Classifier__SVC__degree': 5, 'Classifier__SVC__gamma': 0.001, 'Classifier__SVC__kernel': 'poly', 'Scaler': MinMaxScaler(), 'Selector__max_features': 10}",0.2463768115942029,0.24154589371980675,0.0825242718446602,0.1901489923862233,0.07612772073130109,580
280,0.044395764668782554,0.004312454490855858,0.009717464447021484,0.0006033512094333441,0.0001,poly,MinMaxScaler(),12,0.001,2.0,5.0,"{'Classifier__SVC__C': 0.0001, 'Classifier__SVC__coef0': 2, 'Classifier__SVC__degree': 5, 'Classifier__SVC__gamma': 0.001, 'Classifier__SVC__kernel': 'poly', 'Scaler': MinMaxScaler(), 'Selector__max_features': 12}",0.2463768115942029,0.2560386473429952,0.0825242718446602,0.19497991026061942,0.07961591434784415,408
281,0.05254999796549479,0.011375072041794063,0.00959157943725586,3.9273264791320375e-05,0.0001,poly,MinMaxScaler(),14,0.001,2.0,5.0,"{'Classifier__SVC__C': 0.0001, 'Classifier__SVC__coef0': 2, 'Classifier__SVC__degree': 5, 'Classifier__SVC__gamma': 0.001, 'Classifier__SVC__kernel': 'poly', 'Scaler': MinMaxScaler(), 'Selector__max_features': 14}",0.2318840579710145,0.26570048309178745,0.0825242718446602,0.19336960430248737,0.07958602661167721,475
282,0.044437567392985024,0.008181800246813326,0.011199871699015299,0.0030483349609533895,0.0001,poly,MinMaxScaler(),16,0.001,2.0,5.0,"{'Classifier__SVC__C': 0.0001, 'Classifier__SVC__coef0': 2, 'Classifier__SVC__degree': 5, 'Classifier__SVC__gamma': 0.001, 'Classifier__SVC__kernel': 'poly', 'Scaler': MinMaxScaler(), 'Selector__max_features': 16}",0.21256038647342995,0.2222222222222222,0.0825242718446602,0.1724356268467708,0.06369917103723212,963
283,0.046754916508992515,0.004758546889685741,0.009749412536621094,0.0008732122257336601,0.0001,poly,MinMaxScaler(),18,0.001,2.0,5.0,"{'Classifier__SVC__C': 0.0001, 'Classifier__SVC__coef0': 2, 'Classifier__SVC__degree': 5, 'Classifier__SVC__gamma': 0.001, 'Classifier__SVC__kernel': 'poly', 'Scaler': MinMaxScaler(), 'Selector__max_features': 18}",0.2222222222222222,0.2463768115942029,0.0825242718446602,0.18370776855369508,0.07222389286855474,749
284,0.04422767957051595,0.008314873365669485,0.010746399561564127,0.0016876278692404632,0.0001,poly,MinMaxScaler(),20,0.001,2.0,5.0,"{'Classifier__SVC__C': 0.0001, 'Classifier__SVC__coef0': 2, 'Classifier__SVC__degree': 5, 'Classifier__SVC__gamma': 0.001, 'Classifier__SVC__kernel': 'poly', 'Scaler': MinMaxScaler(), 'Selector__max_features': 20}",0.2463768115942029,0.22705314009661837,0.0825242718446602,0.18531807451182714,0.07311304247587652,725
285,0.04031848907470703,0.0021881581542564045,0.011260906855265299,0.002382999684087374,0.0001,poly,MinMaxScaler(),24,0.001,2.0,5.0,"{'Classifier__SVC__C': 0.0001, 'Classifier__SVC__coef0': 2, 'Classifier__SVC__degree': 5, 'Classifier__SVC__gamma': 0.001, 'Classifier__SVC__kernel': 'poly', 'Scaler': MinMaxScaler(), 'Selector__max_features': 24}",0.25120772946859904,0.1932367149758454,0.0825242718446602,0.17565623876303485,0.06997776826437423,872
286,0.04382093747456869,0.005371250570908258,0.01719180742899577,0.010348707984731047,0.0001,poly,MinMaxScaler(),2,0.01,2.0,5.0,"{'Classifier__SVC__C': 0.0001, 'Classifier__SVC__coef0': 2, 'Classifier__SVC__degree': 5, 'Classifier__SVC__gamma': 0.01, 'Classifier__SVC__kernel': 'poly', 'Scaler': MinMaxScaler(), 'Selector__max_features': 2}",0.18840579710144928,0.15458937198067632,0.0825242718446602,0.14183981364226192,0.04415606999454314,1085
287,0.0450284481048584,0.005553712262388714,0.008694171905517578,0.00024502710925543205,0.0001,poly,MinMaxScaler(),4,0.01,2.0,5.0,"{'Classifier__SVC__C': 0.0001, 'Classifier__SVC__coef0': 2, 'Classifier__SVC__degree': 5, 'Classifier__SVC__gamma': 0.01, 'Classifier__SVC__kernel': 'poly', 'Scaler': MinMaxScaler(), 'Selector__max_features': 4}",0.24154589371980675,0.2318840579710145,0.0825242718446602,0.18531807451182714,0.07279314146992835,725
288,0.037476142247517906,0.0012114296826775668,0.009231646855672201,0.0008622964514743097,0.0001,poly,MinMaxScaler(),6,0.01,2.0,5.0,"{'Classifier__SVC__C': 0.0001, 'Classifier__SVC__coef0': 2, 'Classifier__SVC__degree': 5, 'Classifier__SVC__gamma': 0.01, 'Classifier__SVC__kernel': 'poly', 'Scaler': MinMaxScaler(), 'Selector__max_features': 6}",0.25120772946859904,0.178743961352657,0.0825242718446602,0.17082532088863875,0.06909199601058762,985
289,0.03976662953694662,0.0033597699058802557,0.009580850601196289,0.000388174735424046,0.0001,poly,MinMaxScaler(),8,0.01,2.0,5.0,"{'Classifier__SVC__C': 0.0001, 'Classifier__SVC__coef0': 2, 'Classifier__SVC__degree': 5, 'Classifier__SVC__gamma': 0.01, 'Classifier__SVC__kernel': 'poly', 'Scaler': MinMaxScaler(), 'Selector__max_features': 8}",0.23671497584541062,0.22705314009661837,0.0825242718446602,0.18209746259556306,0.0705192787103684,807
290,0.041416327158610024,0.004121186666088705,0.010829687118530273,0.0014282715400312342,0.0001,poly,MinMaxScaler(),10,0.01,2.0,5.0,"{'Classifier__SVC__C': 0.0001, 'Classifier__SVC__coef0': 2, 'Classifier__SVC__degree': 5, 'Classifier__SVC__gamma': 0.01, 'Classifier__SVC__kernel': 'poly', 'Scaler': MinMaxScaler(), 'Selector__max_features': 10}",0.2463768115942029,0.2463768115942029,0.0825242718446602,0.19175929834435534,0.07724082798102665,515
291,0.045072078704833984,0.0048836794494283966,0.009994427363077799,0.0010743730649462587,0.0001,poly,MinMaxScaler(),12,0.01,2.0,5.0,"{'Classifier__SVC__C': 0.0001, 'Classifier__SVC__coef0': 2, 'Classifier__SVC__degree': 5, 'Classifier__SVC__gamma': 0.01, 'Classifier__SVC__kernel': 'poly', 'Scaler': MinMaxScaler(), 'Selector__max_features': 12}",0.2560386473429952,0.2608695652173913,0.0825242718446602,0.19981082813501558,0.08295756608738918,226
292,0.0487062136332194,0.009268190381717169,0.011106570561726889,0.0003973731516805515,0.0001,poly,MinMaxScaler(),14,0.01,2.0,5.0,"{'Classifier__SVC__C': 0.0001, 'Classifier__SVC__coef0': 2, 'Classifier__SVC__degree': 5, 'Classifier__SVC__gamma': 0.01, 'Classifier__SVC__kernel': 'poly', 'Scaler': MinMaxScaler(), 'Selector__max_features': 14}",0.22705314009661837,0.26570048309178745,0.0825242718446602,0.19175929834435534,0.07883578942307183,515
293,0.05800342559814453,0.023956022152143288,0.01097257932027181,0.0010510407593133807,0.0001,poly,MinMaxScaler(),16,0.01,2.0,5.0,"{'Classifier__SVC__C': 0.0001, 'Classifier__SVC__coef0': 2, 'Classifier__SVC__degree': 5, 'Classifier__SVC__gamma': 0.01, 'Classifier__SVC__kernel': 'poly', 'Scaler': MinMaxScaler(), 'Selector__max_features': 16}",0.2222222222222222,0.21256038647342995,0.0825242718446602,0.1724356268467708,0.06369917103723212,963
294,0.051520983378092446,0.01579701772255484,0.009601990381876627,2.3794391854479193e-05,0.0001,poly,MinMaxScaler(),18,0.01,2.0,5.0,"{'Classifier__SVC__C': 0.0001, 'Classifier__SVC__coef0': 2, 'Classifier__SVC__degree': 5, 'Classifier__SVC__gamma': 0.01, 'Classifier__SVC__kernel': 'poly', 'Scaler': MinMaxScaler(), 'Selector__max_features': 18}",0.2222222222222222,0.2463768115942029,0.0825242718446602,0.18370776855369508,0.07222389286855474,749
295,0.04472517967224121,0.0031574690738771873,0.013980706532796225,0.0054372214652052666,0.0001,poly,MinMaxScaler(),20,0.01,2.0,5.0,"{'Classifier__SVC__C': 0.0001, 'Classifier__SVC__coef0': 2, 'Classifier__SVC__degree': 5, 'Classifier__SVC__gamma': 0.01, 'Classifier__SVC__kernel': 'poly', 'Scaler': MinMaxScaler(), 'Selector__max_features': 20}",0.24154589371980675,0.21256038647342995,0.0825242718446602,0.17887685067929895,0.06915154610778851,857
296,0.04324587186177572,0.004799917231472324,0.010963916778564453,0.002236641808923507,0.0001,poly,MinMaxScaler(),24,0.01,2.0,5.0,"{'Classifier__SVC__C': 0.0001, 'Classifier__SVC__coef0': 2, 'Classifier__SVC__degree': 5, 'Classifier__SVC__gamma': 0.01, 'Classifier__SVC__kernel': 'poly', 'Scaler': MinMaxScaler(), 'Selector__max_features': 24}",0.2463768115942029,0.1932367149758454,0.0825242718446602,0.17404593280490285,0.06825505249109545,915
297,0.05536572138468424,0.011758643196428137,0.009963909784952799,0.0011482120010677832,0.0001,poly,MinMaxScaler(),2,0.1,2.0,5.0,"{'Classifier__SVC__C': 0.0001, 'Classifier__SVC__coef0': 2, 'Classifier__SVC__degree': 5, 'Classifier__SVC__gamma': 0.1, 'Classifier__SVC__kernel': 'poly', 'Scaler': MinMaxScaler(), 'Selector__max_features': 2}",0.3140096618357488,0.1497584541062802,0.0825242718446602,0.18209746259556306,0.09723075661327209,807
298,0.04235466321309408,0.003887471222478894,0.011831363042195639,0.0031636473438160606,0.0001,poly,MinMaxScaler(),4,0.1,2.0,5.0,"{'Classifier__SVC__C': 0.0001, 'Classifier__SVC__coef0': 2, 'Classifier__SVC__degree': 5, 'Classifier__SVC__gamma': 0.1, 'Classifier__SVC__kernel': 'poly', 'Scaler': MinMaxScaler(), 'Selector__max_features': 4}",0.3140096618357488,0.21256038647342995,0.0825242718446602,0.20303144005127963,0.09474341510898002,197
299,0.049518187840779625,0.00724528713378455,0.009615103403727213,4.0529444290514444e-05,0.0001,poly,MinMaxScaler(),6,0.1,2.0,5.0,"{'Classifier__SVC__C': 0.0001, 'Classifier__SVC__coef0': 2, 'Classifier__SVC__degree': 5, 'Classifier__SVC__gamma': 0.1, 'Classifier__SVC__kernel': 'poly', 'Scaler': MinMaxScaler(), 'Selector__max_features': 6}",0.27053140096618356,0.1932367149758454,0.0825242718446602,0.18209746259556303,0.07715669060564573,816
300,0.04087607065836588,0.002725971571747913,0.011892954508463541,0.004329222133363783,0.0001,poly,MinMaxScaler(),8,0.1,2.0,5.0,"{'Classifier__SVC__C': 0.0001, 'Classifier__SVC__coef0': 2, 'Classifier__SVC__degree': 5, 'Classifier__SVC__gamma': 0.1, 'Classifier__SVC__kernel': 'poly', 'Scaler': MinMaxScaler(), 'Selector__max_features': 8}",0.27053140096618356,0.22705314009661837,0.0825242718446602,0.19336960430248737,0.0803641942983116,475
301,0.045259555180867515,0.005298866125466296,0.01146697998046875,0.0029531605122943613,0.0001,poly,MinMaxScaler(),10,0.1,2.0,5.0,"{'Classifier__SVC__C': 0.0001, 'Classifier__SVC__coef0': 2, 'Classifier__SVC__degree': 5, 'Classifier__SVC__gamma': 0.1, 'Classifier__SVC__kernel': 'poly', 'Scaler': MinMaxScaler(), 'Selector__max_features': 10}",0.25120772946859904,0.2560386473429952,0.0825242718446602,0.19659021621875147,0.08068091137868261,323
302,0.05710450808207194,0.023576112704671054,0.01005260149637858,0.0007241376925830574,0.0001,poly,MinMaxScaler(),12,0.1,2.0,5.0,"{'Classifier__SVC__C': 0.0001, 'Classifier__SVC__coef0': 2, 'Classifier__SVC__degree': 5, 'Classifier__SVC__gamma': 0.1, 'Classifier__SVC__kernel': 'poly', 'Scaler': MinMaxScaler(), 'Selector__max_features': 12}",0.25120772946859904,0.27053140096618356,0.0825242718446602,0.20142113409314757,0.08444208650287478,208
303,0.057447353998819985,0.018265083120723974,0.015001296997070312,0.006138736062028457,0.0001,poly,MinMaxScaler(),14,0.1,2.0,5.0,"{'Classifier__SVC__C': 0.0001, 'Classifier__SVC__coef0': 2, 'Classifier__SVC__degree': 5, 'Classifier__SVC__gamma': 0.1, 'Classifier__SVC__kernel': 'poly', 'Scaler': MinMaxScaler(), 'Selector__max_features': 14}",0.2318840579710145,0.2753623188405797,0.0825242718446602,0.19659021621875147,0.08258680096934559,323
304,0.046103715896606445,0.00525760529904623,0.010453383127848307,0.0031307249822709066,0.0001,poly,MinMaxScaler(),16,0.1,2.0,5.0,"{'Classifier__SVC__C': 0.0001, 'Classifier__SVC__coef0': 2, 'Classifier__SVC__degree': 5, 'Classifier__SVC__gamma': 0.1, 'Classifier__SVC__kernel': 'poly', 'Scaler': MinMaxScaler(), 'Selector__max_features': 16}",0.2318840579710145,0.21256038647342995,0.0825242718446602,0.17565623876303485,0.06632507578385201,872
305,0.0544891357421875,0.010567174820215566,0.010976155598958334,0.0012551309383095832,0.0001,poly,MinMaxScaler(),18,0.1,2.0,5.0,"{'Classifier__SVC__C': 0.0001, 'Classifier__SVC__coef0': 2, 'Classifier__SVC__degree': 5, 'Classifier__SVC__gamma': 0.1, 'Classifier__SVC__kernel': 'poly', 'Scaler': MinMaxScaler(), 'Selector__max_features': 18}",0.2318840579710145,0.25120772946859904,0.0825242718446602,0.18853868642809124,0.0753774641151113,644
306,0.060071468353271484,0.021794578999505022,0.010311365127563477,0.0005785676039823183,0.0001,poly,MinMaxScaler(),20,0.1,2.0,5.0,"{'Classifier__SVC__C': 0.0001, 'Classifier__SVC__coef0': 2, 'Classifier__SVC__degree': 5, 'Classifier__SVC__gamma': 0.1, 'Classifier__SVC__kernel': 'poly', 'Scaler': MinMaxScaler(), 'Selector__max_features': 20}",0.2560386473429952,0.2222222222222222,0.0825242718446602,0.1869283804699592,0.07510459850710269,656
307,0.049797773361206055,0.010311564954417197,0.010408560434977213,0.0006072357966254064,0.0001,poly,MinMaxScaler(),24,0.1,2.0,5.0,"{'Classifier__SVC__C': 0.0001, 'Classifier__SVC__coef0': 2, 'Classifier__SVC__degree': 5, 'Classifier__SVC__gamma': 0.1, 'Classifier__SVC__kernel': 'poly', 'Scaler': MinMaxScaler(), 'Selector__max_features': 24}",0.2318840579710145,0.18840579710144928,0.0825242718446602,0.16760470897237464,0.0627247977461478,1009
308,0.05451289812723795,0.013439049774419476,0.012011210123697916,0.003298756314694888,0.0001,poly,MinMaxScaler(),2,0.0001,4.0,3.0,"{'Classifier__SVC__C': 0.0001, 'Classifier__SVC__coef0': 4, 'Classifier__SVC__degree': 3, 'Classifier__SVC__gamma': 0.0001, 'Classifier__SVC__kernel': 'poly', 'Scaler': MinMaxScaler(), 'Selector__max_features': 2}",0.30434782608695654,0.15458937198067632,0.0825242718446602,0.180487156637431,0.09239207665078565,835
309,0.045685768127441406,0.004456176678425361,0.009410699208577475,0.00025202797349134216,0.0001,poly,MinMaxScaler(),4,0.0001,4.0,3.0,"{'Classifier__SVC__C': 0.0001, 'Classifier__SVC__coef0': 4, 'Classifier__SVC__degree': 3, 'Classifier__SVC__gamma': 0.0001, 'Classifier__SVC__kernel': 'poly', 'Scaler': MinMaxScaler(), 'Selector__max_features': 4}",0.32367149758454106,0.2318840579710145,0.0825242718446602,0.2126932758000719,0.09937877275273524,95
310,0.04382856686909994,0.004788911665477745,0.010890960693359375,0.0015949526160896994,0.0001,poly,MinMaxScaler(),6,0.0001,4.0,3.0,"{'Classifier__SVC__C': 0.0001, 'Classifier__SVC__coef0': 4, 'Classifier__SVC__degree': 3, 'Classifier__SVC__gamma': 0.0001, 'Classifier__SVC__kernel': 'poly', 'Scaler': MinMaxScaler(), 'Selector__max_features': 6}",0.25120772946859904,0.178743961352657,0.0825242718446602,0.17082532088863875,0.06909199601058762,985
311,0.054237922032674156,0.00788249546054609,0.016243457794189453,0.006170047090003582,0.0001,poly,MinMaxScaler(),8,0.0001,4.0,3.0,"{'Classifier__SVC__C': 0.0001, 'Classifier__SVC__coef0': 4, 'Classifier__SVC__degree': 3, 'Classifier__SVC__gamma': 0.0001, 'Classifier__SVC__kernel': 'poly', 'Scaler': MinMaxScaler(), 'Selector__max_features': 8}",0.25120772946859904,0.2222222222222222,0.0825242718446602,0.18531807451182714,0.07364312281838128,725
312,0.048436641693115234,0.008622710925492823,0.010336796442667643,0.0022654757395656777,0.0001,poly,MinMaxScaler(),10,0.0001,4.0,3.0,"{'Classifier__SVC__C': 0.0001, 'Classifier__SVC__coef0': 4, 'Classifier__SVC__degree': 3, 'Classifier__SVC__gamma': 0.0001, 'Classifier__SVC__kernel': 'poly', 'Scaler': MinMaxScaler(), 'Selector__max_features': 10}",0.2463768115942029,0.24154589371980675,0.0825242718446602,0.1901489923862233,0.07612772073130109,580
313,0.04629437128702799,0.0028286727338221423,0.014176289240519205,0.004264169146612705,0.0001,poly,MinMaxScaler(),12,0.0001,4.0,3.0,"{'Classifier__SVC__C': 0.0001, 'Classifier__SVC__coef0': 4, 'Classifier__SVC__degree': 3, 'Classifier__SVC__gamma': 0.0001, 'Classifier__SVC__kernel': 'poly', 'Scaler': MinMaxScaler(), 'Selector__max_features': 12}",0.2463768115942029,0.2560386473429952,0.0825242718446602,0.19497991026061942,0.07961591434784415,408
314,0.043763955434163414,0.0036888236247618056,0.01529542605082194,0.004547975565606812,0.0001,poly,MinMaxScaler(),14,0.0001,4.0,3.0,"{'Classifier__SVC__C': 0.0001, 'Classifier__SVC__coef0': 4, 'Classifier__SVC__degree': 3, 'Classifier__SVC__gamma': 0.0001, 'Classifier__SVC__kernel': 'poly', 'Scaler': MinMaxScaler(), 'Selector__max_features': 14}",0.22705314009661837,0.26570048309178745,0.0825242718446602,0.19175929834435534,0.07883578942307183,515
315,0.042166709899902344,0.0024194474084979103,0.010091463724772135,0.0008770427696457839,0.0001,poly,MinMaxScaler(),16,0.0001,4.0,3.0,"{'Classifier__SVC__C': 0.0001, 'Classifier__SVC__coef0': 4, 'Classifier__SVC__degree': 3, 'Classifier__SVC__gamma': 0.0001, 'Classifier__SVC__kernel': 'poly', 'Scaler': MinMaxScaler(), 'Selector__max_features': 16}",0.2222222222222222,0.2222222222222222,0.0825242718446602,0.17565623876303485,0.06585424535322394,872
316,0.06527892748514812,0.018081783788282596,0.009539922078450521,0.0007141979749603365,0.0001,poly,MinMaxScaler(),18,0.0001,4.0,3.0,"{'Classifier__SVC__C': 0.0001, 'Classifier__SVC__coef0': 4, 'Classifier__SVC__degree': 3, 'Classifier__SVC__gamma': 0.0001, 'Classifier__SVC__kernel': 'poly', 'Scaler': MinMaxScaler(), 'Selector__max_features': 18}",0.2222222222222222,0.2463768115942029,0.0825242718446602,0.18370776855369508,0.07222389286855474,749
317,0.05390326182047526,0.00843967400750249,0.010882933934529623,0.0008777512524341157,0.0001,poly,MinMaxScaler(),20,0.0001,4.0,3.0,"{'Classifier__SVC__C': 0.0001, 'Classifier__SVC__coef0': 4, 'Classifier__SVC__degree': 3, 'Classifier__SVC__gamma': 0.0001, 'Classifier__SVC__kernel': 'poly', 'Scaler': MinMaxScaler(), 'Selector__max_features': 20}",0.2463768115942029,0.2318840579710145,0.0825242718446602,0.1869283804699592,0.07406156628228541,656
318,0.04772321383158366,0.011208777677948136,0.009069442749023438,0.0003806573940711636,0.0001,poly,MinMaxScaler(),24,0.0001,4.0,3.0,"{'Classifier__SVC__C': 0.0001, 'Classifier__SVC__coef0': 4, 'Classifier__SVC__degree': 3, 'Classifier__SVC__gamma': 0.0001, 'Classifier__SVC__kernel': 'poly', 'Scaler': MinMaxScaler(), 'Selector__max_features': 24}",0.25120772946859904,0.1932367149758454,0.0825242718446602,0.17565623876303485,0.06997776826437423,872
319,0.04098828633626302,0.0017375994279617468,0.01000062624613444,0.0010189928874527975,0.0001,poly,MinMaxScaler(),2,0.001,4.0,3.0,"{'Classifier__SVC__C': 0.0001, 'Classifier__SVC__coef0': 4, 'Classifier__SVC__degree': 3, 'Classifier__SVC__gamma': 0.001, 'Classifier__SVC__kernel': 'poly', 'Scaler': MinMaxScaler(), 'Selector__max_features': 2}",0.18357487922705315,0.15458937198067632,0.0825242718446602,0.1402295076841299,0.042484982366706586,1093
320,0.04648605982462565,0.0080312065346052,0.010100126266479492,0.0012022904062793428,0.0001,poly,MinMaxScaler(),4,0.001,4.0,3.0,"{'Classifier__SVC__C': 0.0001, 'Classifier__SVC__coef0': 4, 'Classifier__SVC__degree': 3, 'Classifier__SVC__gamma': 0.001, 'Classifier__SVC__kernel': 'poly', 'Scaler': MinMaxScaler(), 'Selector__max_features': 4}",0.23671497584541062,0.2318840579710145,0.0825242718446602,0.18370776855369508,0.07157471362884962,749
321,0.04258394241333008,0.00351249841861666,0.009579181671142578,0.00041837567444507825,0.0001,poly,MinMaxScaler(),6,0.001,4.0,3.0,"{'Classifier__SVC__C': 0.0001, 'Classifier__SVC__coef0': 4, 'Classifier__SVC__degree': 3, 'Classifier__SVC__gamma': 0.001, 'Classifier__SVC__kernel': 'poly', 'Scaler': MinMaxScaler(), 'Selector__max_features': 6}",0.25120772946859904,0.178743961352657,0.0825242718446602,0.17082532088863875,0.06909199601058762,985
322,0.042078097661336265,0.001840639652489087,0.009119669596354166,0.00015645301756625298,0.0001,poly,MinMaxScaler(),8,0.001,4.0,3.0,"{'Classifier__SVC__C': 0.0001, 'Classifier__SVC__coef0': 4, 'Classifier__SVC__degree': 3, 'Classifier__SVC__gamma': 0.001, 'Classifier__SVC__kernel': 'poly', 'Scaler': MinMaxScaler(), 'Selector__max_features': 8}",0.2463768115942029,0.2222222222222222,0.0825242718446602,0.18370776855369508,0.07222389286855474,749
323,0.04565095901489258,0.00417321092648743,0.009954531987508139,0.0001582019809970281,0.0001,poly,MinMaxScaler(),10,0.001,4.0,3.0,"{'Classifier__SVC__C': 0.0001, 'Classifier__SVC__coef0': 4, 'Classifier__SVC__degree': 3, 'Classifier__SVC__gamma': 0.001, 'Classifier__SVC__kernel': 'poly', 'Scaler': MinMaxScaler(), 'Selector__max_features': 10}",0.2463768115942029,0.24154589371980675,0.0825242718446602,0.1901489923862233,0.07612772073130109,580
324,0.04424309730529785,0.006726838093250784,0.01047825813293457,0.0007448889349673335,0.0001,poly,MinMaxScaler(),12,0.001,4.0,3.0,"{'Classifier__SVC__C': 0.0001, 'Classifier__SVC__coef0': 4, 'Classifier__SVC__degree': 3, 'Classifier__SVC__gamma': 0.001, 'Classifier__SVC__kernel': 'poly', 'Scaler': MinMaxScaler(), 'Selector__max_features': 12}",0.2463768115942029,0.2560386473429952,0.0825242718446602,0.19497991026061942,0.07961591434784415,408
325,0.044060309727986656,0.0057085136475291025,0.010432004928588867,0.0003075771548769166,0.0001,poly,MinMaxScaler(),14,0.001,4.0,3.0,"{'Classifier__SVC__C': 0.0001, 'Classifier__SVC__coef0': 4, 'Classifier__SVC__degree': 3, 'Classifier__SVC__gamma': 0.001, 'Classifier__SVC__kernel': 'poly', 'Scaler': MinMaxScaler(), 'Selector__max_features': 14}",0.2318840579710145,0.26570048309178745,0.0825242718446602,0.19336960430248737,0.07958602661167721,475
326,0.04056819279988607,0.004383202805308533,0.0119474728902181,0.002868006067387879,0.0001,poly,MinMaxScaler(),16,0.001,4.0,3.0,"{'Classifier__SVC__C': 0.0001, 'Classifier__SVC__coef0': 4, 'Classifier__SVC__degree': 3, 'Classifier__SVC__gamma': 0.001, 'Classifier__SVC__kernel': 'poly', 'Scaler': MinMaxScaler(), 'Selector__max_features': 16}",0.21256038647342995,0.2222222222222222,0.0825242718446602,0.1724356268467708,0.06369917103723212,963
327,0.04229124387105306,0.0006316873544819422,0.010612964630126953,0.0012390426609008222,0.0001,poly,MinMaxScaler(),18,0.001,4.0,3.0,"{'Classifier__SVC__C': 0.0001, 'Classifier__SVC__coef0': 4, 'Classifier__SVC__degree': 3, 'Classifier__SVC__gamma': 0.001, 'Classifier__SVC__kernel': 'poly', 'Scaler': MinMaxScaler(), 'Selector__max_features': 18}",0.2222222222222222,0.2463768115942029,0.0825242718446602,0.18370776855369508,0.07222389286855474,749
328,0.03944293657938639,0.001541797069978628,0.01016855239868164,0.0006790702743307066,0.0001,poly,MinMaxScaler(),20,0.001,4.0,3.0,"{'Classifier__SVC__C': 0.0001, 'Classifier__SVC__coef0': 4, 'Classifier__SVC__degree': 3, 'Classifier__SVC__gamma': 0.001, 'Classifier__SVC__kernel': 'poly', 'Scaler': MinMaxScaler(), 'Selector__max_features': 20}",0.2463768115942029,0.2318840579710145,0.0825242718446602,0.1869283804699592,0.07406156628228541,656
329,0.04465985298156738,0.0040572095607857165,0.010581413904825846,0.001058254112293667,0.0001,poly,MinMaxScaler(),24,0.001,4.0,3.0,"{'Classifier__SVC__C': 0.0001, 'Classifier__SVC__coef0': 4, 'Classifier__SVC__degree': 3, 'Classifier__SVC__gamma': 0.001, 'Classifier__SVC__kernel': 'poly', 'Scaler': MinMaxScaler(), 'Selector__max_features': 24}",0.25120772946859904,0.1932367149758454,0.0825242718446602,0.17565623876303485,0.06997776826437423,872
330,0.04599952697753906,0.0024959391947353025,0.014249642690022787,0.006069991893178721,0.0001,poly,MinMaxScaler(),2,0.01,4.0,3.0,"{'Classifier__SVC__C': 0.0001, 'Classifier__SVC__coef0': 4, 'Classifier__SVC__degree': 3, 'Classifier__SVC__gamma': 0.01, 'Classifier__SVC__kernel': 'poly', 'Scaler': MinMaxScaler(), 'Selector__max_features': 2}",0.18357487922705315,0.15458937198067632,0.0825242718446602,0.1402295076841299,0.042484982366706586,1093
331,0.04218268394470215,0.0013997412171176406,0.008398691813151041,0.00026347459678618517,0.0001,poly,MinMaxScaler(),4,0.01,4.0,3.0,"{'Classifier__SVC__C': 0.0001, 'Classifier__SVC__coef0': 4, 'Classifier__SVC__degree': 3, 'Classifier__SVC__gamma': 0.01, 'Classifier__SVC__kernel': 'poly', 'Scaler': MinMaxScaler(), 'Selector__max_features': 4}",0.24154589371980675,0.2318840579710145,0.0825242718446602,0.18531807451182714,0.07279314146992835,725
332,0.03917924563090006,0.002173109726640136,0.00992735226949056,0.0002216062181493952,0.0001,poly,MinMaxScaler(),6,0.01,4.0,3.0,"{'Classifier__SVC__C': 0.0001, 'Classifier__SVC__coef0': 4, 'Classifier__SVC__degree': 3, 'Classifier__SVC__gamma': 0.01, 'Classifier__SVC__kernel': 'poly', 'Scaler': MinMaxScaler(), 'Selector__max_features': 6}",0.25120772946859904,0.178743961352657,0.0825242718446602,0.17082532088863875,0.06909199601058762,985
333,0.04547985394795736,0.0020337707341162507,0.00992878278096517,0.0002612378916432875,0.0001,poly,MinMaxScaler(),8,0.01,4.0,3.0,"{'Classifier__SVC__C': 0.0001, 'Classifier__SVC__coef0': 4, 'Classifier__SVC__degree': 3, 'Classifier__SVC__gamma': 0.01, 'Classifier__SVC__kernel': 'poly', 'Scaler': MinMaxScaler(), 'Selector__max_features': 8}",0.2463768115942029,0.2222222222222222,0.0825242718446602,0.18370776855369508,0.07222389286855474,749
334,0.04255247116088867,0.004450780018285766,0.01041261355082194,0.0006675850019252619,0.0001,poly,MinMaxScaler(),10,0.01,4.0,3.0,"{'Classifier__SVC__C': 0.0001, 'Classifier__SVC__coef0': 4, 'Classifier__SVC__degree': 3, 'Classifier__SVC__gamma': 0.01, 'Classifier__SVC__kernel': 'poly', 'Scaler': MinMaxScaler(), 'Selector__max_features': 10}",0.2463768115942029,0.24154589371980675,0.0825242718446602,0.1901489923862233,0.07612772073130109,580
335,0.044582207997639976,0.003228545041938339,0.010053475697835287,0.00040827724255973957,0.0001,poly,MinMaxScaler(),12,0.01,4.0,3.0,"{'Classifier__SVC__C': 0.0001, 'Classifier__SVC__coef0': 4, 'Classifier__SVC__degree': 3, 'Classifier__SVC__gamma': 0.01, 'Classifier__SVC__kernel': 'poly', 'Scaler': MinMaxScaler(), 'Selector__max_features': 12}",0.2463768115942029,0.2560386473429952,0.0825242718446602,0.19497991026061942,0.07961591434784415,408
336,0.049524148305257164,0.003613812163309074,0.010612090428670248,0.0007189200194377935,0.0001,poly,MinMaxScaler(),14,0.01,4.0,3.0,"{'Classifier__SVC__C': 0.0001, 'Classifier__SVC__coef0': 4, 'Classifier__SVC__degree': 3, 'Classifier__SVC__gamma': 0.01, 'Classifier__SVC__kernel': 'poly', 'Scaler': MinMaxScaler(), 'Selector__max_features': 14}",0.2318840579710145,0.26570048309178745,0.0825242718446602,0.19336960430248737,0.07958602661167721,475
337,0.04295579592386881,0.0019819957587959066,0.010738770167032877,0.0013683012697634968,0.0001,poly,MinMaxScaler(),16,0.01,4.0,3.0,"{'Classifier__SVC__C': 0.0001, 'Classifier__SVC__coef0': 4, 'Classifier__SVC__degree': 3, 'Classifier__SVC__gamma': 0.01, 'Classifier__SVC__kernel': 'poly', 'Scaler': MinMaxScaler(), 'Selector__max_features': 16}",0.2222222222222222,0.2222222222222222,0.0825242718446602,0.17565623876303485,0.06585424535322394,872
338,0.04492910703023275,0.00252910261995292,0.010185718536376953,0.0004253486791086435,0.0001,poly,MinMaxScaler(),18,0.01,4.0,3.0,"{'Classifier__SVC__C': 0.0001, 'Classifier__SVC__coef0': 4, 'Classifier__SVC__degree': 3, 'Classifier__SVC__gamma': 0.01, 'Classifier__SVC__kernel': 'poly', 'Scaler': MinMaxScaler(), 'Selector__max_features': 18}",0.2222222222222222,0.2463768115942029,0.0825242718446602,0.18370776855369508,0.07222389286855474,749
339,0.04152679443359375,0.0021877835057536256,0.009366591771443685,0.0006158552756442806,0.0001,poly,MinMaxScaler(),20,0.01,4.0,3.0,"{'Classifier__SVC__C': 0.0001, 'Classifier__SVC__coef0': 4, 'Classifier__SVC__degree': 3, 'Classifier__SVC__gamma': 0.01, 'Classifier__SVC__kernel': 'poly', 'Scaler': MinMaxScaler(), 'Selector__max_features': 20}",0.2463768115942029,0.22705314009661837,0.0825242718446602,0.18531807451182714,0.07311304247587652,725
340,0.042528231938680015,0.0050129502878229325,0.010581096013387045,0.0008227925301677575,0.0001,poly,MinMaxScaler(),24,0.01,4.0,3.0,"{'Classifier__SVC__C': 0.0001, 'Classifier__SVC__coef0': 4, 'Classifier__SVC__degree': 3, 'Classifier__SVC__gamma': 0.01, 'Classifier__SVC__kernel': 'poly', 'Scaler': MinMaxScaler(), 'Selector__max_features': 24}",0.2463768115942029,0.1932367149758454,0.0825242718446602,0.17404593280490285,0.06825505249109545,915
341,0.045091470082600914,0.004176231283010873,0.009461720784505209,0.00031832004501738405,0.0001,poly,MinMaxScaler(),2,0.1,4.0,3.0,"{'Classifier__SVC__C': 0.0001, 'Classifier__SVC__coef0': 4, 'Classifier__SVC__degree': 3, 'Classifier__SVC__gamma': 0.1, 'Classifier__SVC__kernel': 'poly', 'Scaler': MinMaxScaler(), 'Selector__max_features': 2}",0.30434782608695654,0.15458937198067632,0.0825242718446602,0.180487156637431,0.09239207665078565,835
342,0.03890434900919596,0.0018786620990847967,0.009408950805664062,0.00018700985557033268,0.0001,poly,MinMaxScaler(),4,0.1,4.0,3.0,"{'Classifier__SVC__C': 0.0001, 'Classifier__SVC__coef0': 4, 'Classifier__SVC__degree': 3, 'Classifier__SVC__gamma': 0.1, 'Classifier__SVC__kernel': 'poly', 'Scaler': MinMaxScaler(), 'Selector__max_features': 4}",0.2608695652173913,0.2222222222222222,0.0825242718446602,0.18853868642809124,0.0766059020996305,644
343,0.043689568837483726,0.004047198900866768,0.00980997085571289,0.001286184435163178,0.0001,poly,MinMaxScaler(),6,0.1,4.0,3.0,"{'Classifier__SVC__C': 0.0001, 'Classifier__SVC__coef0': 4, 'Classifier__SVC__degree': 3, 'Classifier__SVC__gamma': 0.1, 'Classifier__SVC__kernel': 'poly', 'Scaler': MinMaxScaler(), 'Selector__max_features': 6}",0.25120772946859904,0.178743961352657,0.0825242718446602,0.17082532088863875,0.06909199601058762,985
344,0.05055363972981771,0.009780289945296753,0.01006921132405599,2.1236064171591094e-05,0.0001,poly,MinMaxScaler(),8,0.1,4.0,3.0,"{'Classifier__SVC__C': 0.0001, 'Classifier__SVC__coef0': 4, 'Classifier__SVC__degree': 3, 'Classifier__SVC__gamma': 0.1, 'Classifier__SVC__kernel': 'poly', 'Scaler': MinMaxScaler(), 'Selector__max_features': 8}",0.25120772946859904,0.2222222222222222,0.0825242718446602,0.18531807451182714,0.07364312281838128,725
345,0.038947741190592446,0.0023081871434697684,0.008755763371785482,0.0006299052650276962,0.0001,poly,MinMaxScaler(),10,0.1,4.0,3.0,"{'Classifier__SVC__C': 0.0001, 'Classifier__SVC__coef0': 4, 'Classifier__SVC__degree': 3, 'Classifier__SVC__gamma': 0.1, 'Classifier__SVC__kernel': 'poly', 'Scaler': MinMaxScaler(), 'Selector__max_features': 10}",0.2560386473429952,0.2463768115942029,0.0825242718446602,0.19497991026061942,0.07961591434784415,408
346,0.043014129002889,0.005016955615837393,0.00991678237915039,0.0011744905437155913,0.0001,poly,MinMaxScaler(),12,0.1,4.0,3.0,"{'Classifier__SVC__C': 0.0001, 'Classifier__SVC__coef0': 4, 'Classifier__SVC__degree': 3, 'Classifier__SVC__gamma': 0.1, 'Classifier__SVC__kernel': 'poly', 'Scaler': MinMaxScaler(), 'Selector__max_features': 12}",0.25120772946859904,0.2608695652173913,0.0825242718446602,0.19820052217688353,0.08189051200923322,264
347,0.045385122299194336,0.00836534373198512,0.009452899297078451,0.002934132760157958,0.0001,poly,MinMaxScaler(),14,0.1,4.0,3.0,"{'Classifier__SVC__C': 0.0001, 'Classifier__SVC__coef0': 4, 'Classifier__SVC__degree': 3, 'Classifier__SVC__gamma': 0.1, 'Classifier__SVC__kernel': 'poly', 'Scaler': MinMaxScaler(), 'Selector__max_features': 14}",0.23671497584541062,0.26570048309178745,0.0825242718446602,0.19497991026061942,0.08039379273815511,408
348,0.04780443509419759,0.005561718343368181,0.01005085309346517,0.0007282840221969065,0.0001,poly,MinMaxScaler(),16,0.1,4.0,3.0,"{'Classifier__SVC__C': 0.0001, 'Classifier__SVC__coef0': 4, 'Classifier__SVC__degree': 3, 'Classifier__SVC__gamma': 0.1, 'Classifier__SVC__kernel': 'poly', 'Scaler': MinMaxScaler(), 'Selector__max_features': 16}",0.22705314009661837,0.21739130434782608,0.0825242718446602,0.17565623876303485,0.06597226798220138,872
349,0.04111584027608236,0.0028487044774865695,0.009735186894734701,0.0009586630186294979,0.0001,poly,MinMaxScaler(),18,0.1,4.0,3.0,"{'Classifier__SVC__C': 0.0001, 'Classifier__SVC__coef0': 4, 'Classifier__SVC__degree': 3, 'Classifier__SVC__gamma': 0.1, 'Classifier__SVC__kernel': 'poly', 'Scaler': MinMaxScaler(), 'Selector__max_features': 18}",0.2222222222222222,0.2463768115942029,0.0825242718446602,0.18370776855369508,0.07222389286855474,749
350,0.04186598459879557,0.005205131450442193,0.008531332015991211,0.002287080994485554,0.0001,poly,MinMaxScaler(),20,0.1,4.0,3.0,"{'Classifier__SVC__C': 0.0001, 'Classifier__SVC__coef0': 4, 'Classifier__SVC__degree': 3, 'Classifier__SVC__gamma': 0.1, 'Classifier__SVC__kernel': 'poly', 'Scaler': MinMaxScaler(), 'Selector__max_features': 20}",0.24154589371980675,0.20772946859903382,0.0825242718446602,0.1772665447211669,0.06840059139287251,865
351,0.040775696436564125,0.003260384383718977,0.009306112925211588,0.002309066417850598,0.0001,poly,MinMaxScaler(),24,0.1,4.0,3.0,"{'Classifier__SVC__C': 0.0001, 'Classifier__SVC__coef0': 4, 'Classifier__SVC__degree': 3, 'Classifier__SVC__gamma': 0.1, 'Classifier__SVC__kernel': 'poly', 'Scaler': MinMaxScaler(), 'Selector__max_features': 24}",0.24154589371980675,0.1932367149758454,0.0825242718446602,0.1724356268467708,0.06656567186603853,963
352,0.04238216082255045,0.002665459436092567,0.009771267573038736,0.0002861176813368086,0.0001,poly,MinMaxScaler(),2,0.0001,4.0,5.0,"{'Classifier__SVC__C': 0.0001, 'Classifier__SVC__coef0': 4, 'Classifier__SVC__degree': 5, 'Classifier__SVC__gamma': 0.0001, 'Classifier__SVC__kernel': 'poly', 'Scaler': MinMaxScaler(), 'Selector__max_features': 2}",0.18357487922705315,0.1497584541062802,0.0825242718446602,0.13861920172599787,0.04199895650117473,1097
353,0.046253204345703125,0.007781086732626739,0.011020024617513021,0.0023107997412018157,0.0001,poly,MinMaxScaler(),4,0.0001,4.0,5.0,"{'Classifier__SVC__C': 0.0001, 'Classifier__SVC__coef0': 4, 'Classifier__SVC__degree': 5, 'Classifier__SVC__gamma': 0.0001, 'Classifier__SVC__kernel': 'poly', 'Scaler': MinMaxScaler(), 'Selector__max_features': 4}",0.23671497584541062,0.2318840579710145,0.0825242718446602,0.18370776855369508,0.07157471362884962,749
354,0.03917964299519857,0.0029163516288111925,0.009502569834391275,0.0011833802412347652,0.0001,poly,MinMaxScaler(),6,0.0001,4.0,5.0,"{'Classifier__SVC__C': 0.0001, 'Classifier__SVC__coef0': 4, 'Classifier__SVC__degree': 5, 'Classifier__SVC__gamma': 0.0001, 'Classifier__SVC__kernel': 'poly', 'Scaler': MinMaxScaler(), 'Selector__max_features': 6}",0.2608695652173913,0.178743961352657,0.0825242718446602,0.1740459328049028,0.07288490708520302,921
355,0.040125131607055664,0.003340132331605428,0.009233554204305014,0.0006510971265040309,0.0001,poly,MinMaxScaler(),8,0.0001,4.0,5.0,"{'Classifier__SVC__C': 0.0001, 'Classifier__SVC__coef0': 4, 'Classifier__SVC__degree': 5, 'Classifier__SVC__gamma': 0.0001, 'Classifier__SVC__kernel': 'poly', 'Scaler': MinMaxScaler(), 'Selector__max_features': 8}",0.2463768115942029,0.2222222222222222,0.0825242718446602,0.18370776855369508,0.07222389286855474,749
356,0.04001077016194662,0.0018022416891914422,0.01027067502339681,0.001128333758920634,0.0001,poly,MinMaxScaler(),10,0.0001,4.0,5.0,"{'Classifier__SVC__C': 0.0001, 'Classifier__SVC__coef0': 4, 'Classifier__SVC__degree': 5, 'Classifier__SVC__gamma': 0.0001, 'Classifier__SVC__kernel': 'poly', 'Scaler': MinMaxScaler(), 'Selector__max_features': 10}",0.2463768115942029,0.24154589371980675,0.0825242718446602,0.1901489923862233,0.07612772073130109,580
357,0.03766131401062012,0.007093330910161517,0.010221719741821289,0.0010169424326707884,0.0001,poly,MinMaxScaler(),12,0.0001,4.0,5.0,"{'Classifier__SVC__C': 0.0001, 'Classifier__SVC__coef0': 4, 'Classifier__SVC__degree': 5, 'Classifier__SVC__gamma': 0.0001, 'Classifier__SVC__kernel': 'poly', 'Scaler': MinMaxScaler(), 'Selector__max_features': 12}",0.2463768115942029,0.2560386473429952,0.0825242718446602,0.19497991026061942,0.07961591434784415,408
358,0.04027326901753744,0.0014561867015081083,0.009395917256673178,0.0007781969354941631,0.0001,poly,MinMaxScaler(),14,0.0001,4.0,5.0,"{'Classifier__SVC__C': 0.0001, 'Classifier__SVC__coef0': 4, 'Classifier__SVC__degree': 5, 'Classifier__SVC__gamma': 0.0001, 'Classifier__SVC__kernel': 'poly', 'Scaler': MinMaxScaler(), 'Selector__max_features': 14}",0.22705314009661837,0.26570048309178745,0.0825242718446602,0.19175929834435534,0.07883578942307183,515
359,0.04027962684631348,0.0016569892964446017,0.00979455312093099,0.000966282124053923,0.0001,poly,MinMaxScaler(),16,0.0001,4.0,5.0,"{'Classifier__SVC__C': 0.0001, 'Classifier__SVC__coef0': 4, 'Classifier__SVC__degree': 5, 'Classifier__SVC__gamma': 0.0001, 'Classifier__SVC__kernel': 'poly', 'Scaler': MinMaxScaler(), 'Selector__max_features': 16}",0.2222222222222222,0.2222222222222222,0.0825242718446602,0.17565623876303485,0.06585424535322394,872
360,0.041887124379475914,0.0012034400878094937,0.009294907251993815,0.0007276284094905815,0.0001,poly,MinMaxScaler(),18,0.0001,4.0,5.0,"{'Classifier__SVC__C': 0.0001, 'Classifier__SVC__coef0': 4, 'Classifier__SVC__degree': 5, 'Classifier__SVC__gamma': 0.0001, 'Classifier__SVC__kernel': 'poly', 'Scaler': MinMaxScaler(), 'Selector__max_features': 18}",0.2222222222222222,0.2463768115942029,0.0825242718446602,0.18370776855369508,0.07222389286855474,749
361,0.03912893931070963,0.008479388574570083,0.00839702288309733,0.0022859318178807537,0.0001,poly,MinMaxScaler(),20,0.0001,4.0,5.0,"{'Classifier__SVC__C': 0.0001, 'Classifier__SVC__coef0': 4, 'Classifier__SVC__degree': 5, 'Classifier__SVC__gamma': 0.0001, 'Classifier__SVC__kernel': 'poly', 'Scaler': MinMaxScaler(), 'Selector__max_features': 20}",0.2560386473429952,0.2318840579710145,0.0825242718446602,0.1901489923862233,0.0767383928277079,580
362,0.03937609990437826,0.0023410487404524507,0.01141683260599772,0.002588432399560831,0.0001,poly,MinMaxScaler(),24,0.0001,4.0,5.0,"{'Classifier__SVC__C': 0.0001, 'Classifier__SVC__coef0': 4, 'Classifier__SVC__degree': 5, 'Classifier__SVC__gamma': 0.0001, 'Classifier__SVC__kernel': 'poly', 'Scaler': MinMaxScaler(), 'Selector__max_features': 24}",0.25120772946859904,0.1932367149758454,0.0825242718446602,0.17565623876303485,0.06997776826437423,872
363,0.03937506675720215,0.003809576894575507,0.010426759719848633,0.0023656253617127016,0.0001,poly,MinMaxScaler(),2,0.001,4.0,5.0,"{'Classifier__SVC__C': 0.0001, 'Classifier__SVC__coef0': 4, 'Classifier__SVC__degree': 5, 'Classifier__SVC__gamma': 0.001, 'Classifier__SVC__kernel': 'poly', 'Scaler': MinMaxScaler(), 'Selector__max_features': 2}",0.18357487922705315,0.1497584541062802,0.0825242718446602,0.13861920172599787,0.04199895650117473,1097
364,0.03236778577168783,0.006121063340434501,0.008458137512207031,0.001398464548494615,0.0001,poly,MinMaxScaler(),4,0.001,4.0,5.0,"{'Classifier__SVC__C': 0.0001, 'Classifier__SVC__coef0': 4, 'Classifier__SVC__degree': 5, 'Classifier__SVC__gamma': 0.001, 'Classifier__SVC__kernel': 'poly', 'Scaler': MinMaxScaler(), 'Selector__max_features': 4}",0.23671497584541062,0.22705314009661837,0.0825242718446602,0.18209746259556306,0.0705192787103684,807
365,0.04320899645487467,0.00875178244819351,0.011161406834920248,0.0014748351729957831,0.0001,poly,MinMaxScaler(),6,0.001,4.0,5.0,"{'Classifier__SVC__C': 0.0001, 'Classifier__SVC__coef0': 4, 'Classifier__SVC__degree': 5, 'Classifier__SVC__gamma': 0.001, 'Classifier__SVC__kernel': 'poly', 'Scaler': MinMaxScaler(), 'Selector__max_features': 6}",0.25120772946859904,0.178743961352657,0.0825242718446602,0.17082532088863875,0.06909199601058762,985
366,0.035997867584228516,0.006986275809981401,0.008365154266357422,0.0013141649526031754,0.0001,poly,MinMaxScaler(),8,0.001,4.0,5.0,"{'Classifier__SVC__C': 0.0001, 'Classifier__SVC__coef0': 4, 'Classifier__SVC__degree': 5, 'Classifier__SVC__gamma': 0.001, 'Classifier__SVC__kernel': 'poly', 'Scaler': MinMaxScaler(), 'Selector__max_features': 8}",0.2463768115942029,0.2222222222222222,0.0825242718446602,0.18370776855369508,0.07222389286855474,749
367,0.04959352811177572,0.003436335840611318,0.01108702023824056,0.0008593187137239553,0.0001,poly,MinMaxScaler(),10,0.001,4.0,5.0,"{'Classifier__SVC__C': 0.0001, 'Classifier__SVC__coef0': 4, 'Classifier__SVC__degree': 5, 'Classifier__SVC__gamma': 0.001, 'Classifier__SVC__kernel': 'poly', 'Scaler': MinMaxScaler(), 'Selector__max_features': 10}",0.2463768115942029,0.24154589371980675,0.0825242718446602,0.1901489923862233,0.07612772073130109,580
368,0.048042853673299156,0.015305095016327925,0.01017324129740397,0.0008046089397725765,0.0001,poly,MinMaxScaler(),12,0.001,4.0,5.0,"{'Classifier__SVC__C': 0.0001, 'Classifier__SVC__coef0': 4, 'Classifier__SVC__degree': 5, 'Classifier__SVC__gamma': 0.001, 'Classifier__SVC__kernel': 'poly', 'Scaler': MinMaxScaler(), 'Selector__max_features': 12}",0.2463768115942029,0.2560386473429952,0.0825242718446602,0.19497991026061942,0.07961591434784415,408
369,0.04367645581563314,0.006486377766235339,0.0095823605855306,0.00042101059278347604,0.0001,poly,MinMaxScaler(),14,0.001,4.0,5.0,"{'Classifier__SVC__C': 0.0001, 'Classifier__SVC__coef0': 4, 'Classifier__SVC__degree': 5, 'Classifier__SVC__gamma': 0.001, 'Classifier__SVC__kernel': 'poly', 'Scaler': MinMaxScaler(), 'Selector__max_features': 14}",0.2318840579710145,0.26570048309178745,0.0825242718446602,0.19336960430248737,0.07958602661167721,475
370,0.03690505027770996,0.003914974534757931,0.00919342041015625,0.0008560859458972049,0.0001,poly,MinMaxScaler(),16,0.001,4.0,5.0,"{'Classifier__SVC__C': 0.0001, 'Classifier__SVC__coef0': 4, 'Classifier__SVC__degree': 5, 'Classifier__SVC__gamma': 0.001, 'Classifier__SVC__kernel': 'poly', 'Scaler': MinMaxScaler(), 'Selector__max_features': 16}",0.21256038647342995,0.2222222222222222,0.0825242718446602,0.1724356268467708,0.06369917103723212,963
371,0.0444483757019043,0.0026932600468058763,0.010490814844767252,0.00031266245147792455,0.0001,poly,MinMaxScaler(),18,0.001,4.0,5.0,"{'Classifier__SVC__C': 0.0001, 'Classifier__SVC__coef0': 4, 'Classifier__SVC__degree': 5, 'Classifier__SVC__gamma': 0.001, 'Classifier__SVC__kernel': 'poly', 'Scaler': MinMaxScaler(), 'Selector__max_features': 18}",0.2222222222222222,0.2463768115942029,0.0825242718446602,0.18370776855369508,0.07222389286855474,749
372,0.0429685910542806,0.005505858323824321,0.010192632675170898,0.0005522173700727769,0.0001,poly,MinMaxScaler(),20,0.001,4.0,5.0,"{'Classifier__SVC__C': 0.0001, 'Classifier__SVC__coef0': 4, 'Classifier__SVC__degree': 5, 'Classifier__SVC__gamma': 0.001, 'Classifier__SVC__kernel': 'poly', 'Scaler': MinMaxScaler(), 'Selector__max_features': 20}",0.2463768115942029,0.2318840579710145,0.0825242718446602,0.1869283804699592,0.07406156628228541,656
373,0.04572280248006185,0.010361581727395439,0.010777473449707031,0.0021607785810667315,0.0001,poly,MinMaxScaler(),24,0.001,4.0,5.0,"{'Classifier__SVC__C': 0.0001, 'Classifier__SVC__coef0': 4, 'Classifier__SVC__degree': 5, 'Classifier__SVC__gamma': 0.001, 'Classifier__SVC__kernel': 'poly', 'Scaler': MinMaxScaler(), 'Selector__max_features': 24}",0.25120772946859904,0.1932367149758454,0.0825242718446602,0.17565623876303485,0.06997776826437423,872
374,0.04330849647521973,0.005605575328422701,0.01037271817525228,0.0004988756450306358,0.0001,poly,MinMaxScaler(),2,0.01,4.0,5.0,"{'Classifier__SVC__C': 0.0001, 'Classifier__SVC__coef0': 4, 'Classifier__SVC__degree': 5, 'Classifier__SVC__gamma': 0.01, 'Classifier__SVC__kernel': 'poly', 'Scaler': MinMaxScaler(), 'Selector__max_features': 2}",0.18840579710144928,0.15458937198067632,0.0825242718446602,0.14183981364226192,0.04415606999454314,1085
375,0.04138970375061035,0.0012006863797367044,0.009689251581827799,0.0003049604041658728,0.0001,poly,MinMaxScaler(),4,0.01,4.0,5.0,"{'Classifier__SVC__C': 0.0001, 'Classifier__SVC__coef0': 4, 'Classifier__SVC__degree': 5, 'Classifier__SVC__gamma': 0.01, 'Classifier__SVC__kernel': 'poly', 'Scaler': MinMaxScaler(), 'Selector__max_features': 4}",0.24154589371980675,0.2318840579710145,0.0825242718446602,0.18531807451182714,0.07279314146992835,725
376,0.04189729690551758,0.006520622093544614,0.0097502072652181,0.0004978715177443317,0.0001,poly,MinMaxScaler(),6,0.01,4.0,5.0,"{'Classifier__SVC__C': 0.0001, 'Classifier__SVC__coef0': 4, 'Classifier__SVC__degree': 5, 'Classifier__SVC__gamma': 0.01, 'Classifier__SVC__kernel': 'poly', 'Scaler': MinMaxScaler(), 'Selector__max_features': 6}",0.25120772946859904,0.178743961352657,0.0825242718446602,0.17082532088863875,0.06909199601058762,985
377,0.04013538360595703,0.002672568231860871,0.010105530420939127,0.0015332482415234129,0.0001,poly,MinMaxScaler(),8,0.01,4.0,5.0,"{'Classifier__SVC__C': 0.0001, 'Classifier__SVC__coef0': 4, 'Classifier__SVC__degree': 5, 'Classifier__SVC__gamma': 0.01, 'Classifier__SVC__kernel': 'poly', 'Scaler': MinMaxScaler(), 'Selector__max_features': 8}",0.24154589371980675,0.22705314009661837,0.0825242718446602,0.18370776855369508,0.07179175895879261,749
378,0.04178889592488607,0.004241204764461412,0.009381532669067383,0.00014345482982272274,0.0001,poly,MinMaxScaler(),10,0.01,4.0,5.0,"{'Classifier__SVC__C': 0.0001, 'Classifier__SVC__coef0': 4, 'Classifier__SVC__degree': 5, 'Classifier__SVC__gamma': 0.01, 'Classifier__SVC__kernel': 'poly', 'Scaler': MinMaxScaler(), 'Selector__max_features': 10}",0.2463768115942029,0.2463768115942029,0.0825242718446602,0.19175929834435534,0.07724082798102665,515
379,0.04516307512919108,0.0029565398138317847,0.00996859868367513,0.0002905428407878104,0.0001,poly,MinMaxScaler(),12,0.01,4.0,5.0,"{'Classifier__SVC__C': 0.0001, 'Classifier__SVC__coef0': 4, 'Classifier__SVC__degree': 5, 'Classifier__SVC__gamma': 0.01, 'Classifier__SVC__kernel': 'poly', 'Scaler': MinMaxScaler(), 'Selector__max_features': 12}",0.2463768115942029,0.2608695652173913,0.0825242718446602,0.19659021621875147,0.08087352152738486,323
380,0.04401294390360514,0.002897536701964219,0.010574579238891602,0.0010373627172283295,0.0001,poly,MinMaxScaler(),14,0.01,4.0,5.0,"{'Classifier__SVC__C': 0.0001, 'Classifier__SVC__coef0': 4, 'Classifier__SVC__degree': 5, 'Classifier__SVC__gamma': 0.01, 'Classifier__SVC__kernel': 'poly', 'Scaler': MinMaxScaler(), 'Selector__max_features': 14}",0.22705314009661837,0.26570048309178745,0.0825242718446602,0.19175929834435534,0.07883578942307183,515
381,0.04399243990580241,0.004429464478155263,0.009609063466389975,3.784794297135869e-05,0.0001,poly,MinMaxScaler(),16,0.01,4.0,5.0,"{'Classifier__SVC__C': 0.0001, 'Classifier__SVC__coef0': 4, 'Classifier__SVC__degree': 5, 'Classifier__SVC__gamma': 0.01, 'Classifier__SVC__kernel': 'poly', 'Scaler': MinMaxScaler(), 'Selector__max_features': 16}",0.2222222222222222,0.2222222222222222,0.0825242718446602,0.17565623876303485,0.06585424535322394,872
382,0.041731834411621094,0.003291556511164017,0.010063648223876953,6.732613093590447e-05,0.0001,poly,MinMaxScaler(),18,0.01,4.0,5.0,"{'Classifier__SVC__C': 0.0001, 'Classifier__SVC__coef0': 4, 'Classifier__SVC__degree': 5, 'Classifier__SVC__gamma': 0.01, 'Classifier__SVC__kernel': 'poly', 'Scaler': MinMaxScaler(), 'Selector__max_features': 18}",0.21739130434782608,0.2463768115942029,0.0825242718446602,0.18209746259556306,0.07139633578281734,807
383,0.043582757314046226,0.004137722109922886,0.010038296381632486,0.0004439420667702979,0.0001,poly,MinMaxScaler(),20,0.01,4.0,5.0,"{'Classifier__SVC__C': 0.0001, 'Classifier__SVC__coef0': 4, 'Classifier__SVC__degree': 5, 'Classifier__SVC__gamma': 0.01, 'Classifier__SVC__kernel': 'poly', 'Scaler': MinMaxScaler(), 'Selector__max_features': 20}",0.2463768115942029,0.2222222222222222,0.0825242718446602,0.18370776855369508,0.07222389286855474,749
384,0.04383047421773275,0.003548878130728459,0.010579744974772135,0.001082897612047506,0.0001,poly,MinMaxScaler(),24,0.01,4.0,5.0,"{'Classifier__SVC__C': 0.0001, 'Classifier__SVC__coef0': 4, 'Classifier__SVC__degree': 5, 'Classifier__SVC__gamma': 0.01, 'Classifier__SVC__kernel': 'poly', 'Scaler': MinMaxScaler(), 'Selector__max_features': 24}",0.2463768115942029,0.1932367149758454,0.0825242718446602,0.17404593280490285,0.06825505249109545,915
385,0.04223060607910156,0.003233513185089664,0.009240150451660156,0.0013182817303051422,0.0001,poly,MinMaxScaler(),2,0.1,4.0,5.0,"{'Classifier__SVC__C': 0.0001, 'Classifier__SVC__coef0': 4, 'Classifier__SVC__degree': 5, 'Classifier__SVC__gamma': 0.1, 'Classifier__SVC__kernel': 'poly', 'Scaler': MinMaxScaler(), 'Selector__max_features': 2}",0.30434782608695654,0.15942028985507245,0.0825242718446602,0.18209746259556306,0.09196779482260004,807
386,0.04007697105407715,0.0019142713484003998,0.010215044021606445,0.0001923641513006552,0.0001,poly,MinMaxScaler(),4,0.1,4.0,5.0,"{'Classifier__SVC__C': 0.0001, 'Classifier__SVC__coef0': 4, 'Classifier__SVC__degree': 5, 'Classifier__SVC__gamma': 0.1, 'Classifier__SVC__kernel': 'poly', 'Scaler': MinMaxScaler(), 'Selector__max_features': 4}",0.3188405797101449,0.21739130434782608,0.0825242718446602,0.2062520519675437,0.09679673392729514,139
387,0.046740055084228516,0.004287662472489724,0.009728352228800455,0.00023723501906818358,0.0001,poly,MinMaxScaler(),6,0.1,4.0,5.0,"{'Classifier__SVC__C': 0.0001, 'Classifier__SVC__coef0': 4, 'Classifier__SVC__degree': 5, 'Classifier__SVC__gamma': 0.1, 'Classifier__SVC__kernel': 'poly', 'Scaler': MinMaxScaler(), 'Selector__max_features': 6}",0.25120772946859904,0.18357487922705315,0.0825242718446602,0.1724356268467708,0.069313728446273,963
388,0.04336222012837728,0.003522001591700698,0.009695847829182943,0.0005940219937400673,0.0001,poly,MinMaxScaler(),8,0.1,4.0,5.0,"{'Classifier__SVC__C': 0.0001, 'Classifier__SVC__coef0': 4, 'Classifier__SVC__degree': 5, 'Classifier__SVC__gamma': 0.1, 'Classifier__SVC__kernel': 'poly', 'Scaler': MinMaxScaler(), 'Selector__max_features': 8}",0.2560386473429952,0.2222222222222222,0.0825242718446602,0.1869283804699592,0.07510459850710269,656
389,0.04460986455281576,0.0016345130444856222,0.010315020879109701,0.00021085301449371598,0.0001,poly,MinMaxScaler(),10,0.1,4.0,5.0,"{'Classifier__SVC__C': 0.0001, 'Classifier__SVC__coef0': 4, 'Classifier__SVC__degree': 5, 'Classifier__SVC__gamma': 0.1, 'Classifier__SVC__kernel': 'poly', 'Scaler': MinMaxScaler(), 'Selector__max_features': 10}",0.2463768115942029,0.2463768115942029,0.0825242718446602,0.19175929834435534,0.07724082798102665,515
390,0.04321916898091634,0.004244542361687995,0.01045831044514974,0.0008918975794865807,0.0001,poly,MinMaxScaler(),12,0.1,4.0,5.0,"{'Classifier__SVC__C': 0.0001, 'Classifier__SVC__coef0': 4, 'Classifier__SVC__degree': 5, 'Classifier__SVC__gamma': 0.1, 'Classifier__SVC__kernel': 'poly', 'Scaler': MinMaxScaler(), 'Selector__max_features': 12}",0.2463768115942029,0.2608695652173913,0.0825242718446602,0.19659021621875147,0.08087352152738486,323
391,0.0429688294728597,0.003573339474815272,0.009383042653401693,0.0006312433843841469,0.0001,poly,MinMaxScaler(),14,0.1,4.0,5.0,"{'Classifier__SVC__C': 0.0001, 'Classifier__SVC__coef0': 4, 'Classifier__SVC__degree': 5, 'Classifier__SVC__gamma': 0.1, 'Classifier__SVC__kernel': 'poly', 'Scaler': MinMaxScaler(), 'Selector__max_features': 14}",0.24154589371980675,0.27053140096618356,0.0825242718446602,0.19820052217688347,0.08264698452161795,297
392,0.04832156499226888,0.009042614686927079,0.010300318400065104,0.0008696803093643685,0.0001,poly,MinMaxScaler(),16,0.1,4.0,5.0,"{'Classifier__SVC__C': 0.0001, 'Classifier__SVC__coef0': 4, 'Classifier__SVC__degree': 5, 'Classifier__SVC__gamma': 0.1, 'Classifier__SVC__kernel': 'poly', 'Scaler': MinMaxScaler(), 'Selector__max_features': 16}",0.21256038647342995,0.18357487922705315,0.07766990291262135,0.15793505620436812,0.05797649542296228,1047
393,0.04040956497192383,0.001179464895832919,0.010193586349487305,0.0008512468848672482,0.0001,poly,MinMaxScaler(),18,0.1,4.0,5.0,"{'Classifier__SVC__C': 0.0001, 'Classifier__SVC__coef0': 4, 'Classifier__SVC__degree': 5, 'Classifier__SVC__gamma': 0.1, 'Classifier__SVC__kernel': 'poly', 'Scaler': MinMaxScaler(), 'Selector__max_features': 18}",0.2222222222222222,0.21739130434782608,0.06796116504854369,0.16919156387286396,0.07160786584575517,1007
394,0.04517722129821777,0.003585112443414057,0.01042501131693522,0.0006708672442997968,0.0001,poly,MinMaxScaler(),20,0.1,4.0,5.0,"{'Classifier__SVC__C': 0.0001, 'Classifier__SVC__coef0': 4, 'Classifier__SVC__degree': 5, 'Classifier__SVC__gamma': 0.1, 'Classifier__SVC__kernel': 'poly', 'Scaler': MinMaxScaler(), 'Selector__max_features': 20}",0.23671497584541062,0.178743961352657,0.06796116504854369,0.16114003408220376,0.07000897969129267,1037
395,0.04353634516398112,0.002265687415446998,0.010349750518798828,0.0005229017163261107,0.0001,poly,MinMaxScaler(),24,0.1,4.0,5.0,"{'Classifier__SVC__C': 0.0001, 'Classifier__SVC__coef0': 4, 'Classifier__SVC__degree': 5, 'Classifier__SVC__gamma': 0.1, 'Classifier__SVC__kernel': 'poly', 'Scaler': MinMaxScaler(), 'Selector__max_features': 24}",0.22705314009661837,0.15458937198067632,0.05825242718446602,0.1466316464205869,0.06914195165011372,1077
396,0.042779127756754555,0.003685572444221181,0.009296178817749023,0.0002900244828315895,0.0001,poly,MinMaxScaler(),2,0.0001,6.0,3.0,"{'Classifier__SVC__C': 0.0001, 'Classifier__SVC__coef0': 6, 'Classifier__SVC__degree': 3, 'Classifier__SVC__gamma': 0.0001, 'Classifier__SVC__kernel': 'poly', 'Scaler': MinMaxScaler(), 'Selector__max_features': 2}",0.30434782608695654,0.1497584541062802,0.0825242718446602,0.17887685067929895,0.09287027895011744,857
397,0.045544068018595375,0.0051506740297618215,0.010234991709391275,0.0005380095895885431,0.0001,poly,MinMaxScaler(),4,0.0001,6.0,3.0,"{'Classifier__SVC__C': 0.0001, 'Classifier__SVC__coef0': 6, 'Classifier__SVC__degree': 3, 'Classifier__SVC__gamma': 0.0001, 'Classifier__SVC__kernel': 'poly', 'Scaler': MinMaxScaler(), 'Selector__max_features': 4}",0.2318840579710145,0.22705314009661837,0.0825242718446602,0.180487156637431,0.06929829021252283,835
398,0.04586434364318848,0.008135819546407855,0.011568705240885416,0.0004229501839657182,0.0001,poly,MinMaxScaler(),6,0.0001,6.0,3.0,"{'Classifier__SVC__C': 0.0001, 'Classifier__SVC__coef0': 6, 'Classifier__SVC__degree': 3, 'Classifier__SVC__gamma': 0.0001, 'Classifier__SVC__kernel': 'poly', 'Scaler': MinMaxScaler(), 'Selector__max_features': 6}",0.25120772946859904,0.178743961352657,0.0825242718446602,0.17082532088863875,0.06909199601058762,985
399,0.04044055938720703,0.0032190884951898984,0.009342829386393229,0.00011313295850738307,0.0001,poly,MinMaxScaler(),8,0.0001,6.0,3.0,"{'Classifier__SVC__C': 0.0001, 'Classifier__SVC__coef0': 6, 'Classifier__SVC__degree': 3, 'Classifier__SVC__gamma': 0.0001, 'Classifier__SVC__kernel': 'poly', 'Scaler': MinMaxScaler(), 'Selector__max_features': 8}",0.2463768115942029,0.2222222222222222,0.0825242718446602,0.18370776855369508,0.07222389286855474,749
400,0.04373812675476074,0.0010807100688963282,0.00990589459737142,0.0002306052344903193,0.0001,poly,MinMaxScaler(),10,0.0001,6.0,3.0,"{'Classifier__SVC__C': 0.0001, 'Classifier__SVC__coef0': 6, 'Classifier__SVC__degree': 3, 'Classifier__SVC__gamma': 0.0001, 'Classifier__SVC__kernel': 'poly', 'Scaler': MinMaxScaler(), 'Selector__max_features': 10}",0.2463768115942029,0.24154589371980675,0.0825242718446602,0.1901489923862233,0.07612772073130109,580
401,0.045644521713256836,0.0033276372594500145,0.010921875635782877,0.0015378419655114198,0.0001,poly,MinMaxScaler(),12,0.0001,6.0,3.0,"{'Classifier__SVC__C': 0.0001, 'Classifier__SVC__coef0': 6, 'Classifier__SVC__degree': 3, 'Classifier__SVC__gamma': 0.0001, 'Classifier__SVC__kernel': 'poly', 'Scaler': MinMaxScaler(), 'Selector__max_features': 12}",0.2463768115942029,0.2560386473429952,0.0825242718446602,0.19497991026061942,0.07961591434784415,408
402,0.04921245574951172,0.008018506145584768,0.009409586588541666,0.00013295027977232578,0.0001,poly,MinMaxScaler(),14,0.0001,6.0,3.0,"{'Classifier__SVC__C': 0.0001, 'Classifier__SVC__coef0': 6, 'Classifier__SVC__degree': 3, 'Classifier__SVC__gamma': 0.0001, 'Classifier__SVC__kernel': 'poly', 'Scaler': MinMaxScaler(), 'Selector__max_features': 14}",0.2318840579710145,0.26570048309178745,0.0825242718446602,0.19336960430248737,0.07958602661167721,475
403,0.04357576370239258,0.00270854916550474,0.011883020401000977,0.0015956521861458333,0.0001,poly,MinMaxScaler(),16,0.0001,6.0,3.0,"{'Classifier__SVC__C': 0.0001, 'Classifier__SVC__coef0': 6, 'Classifier__SVC__degree': 3, 'Classifier__SVC__gamma': 0.0001, 'Classifier__SVC__kernel': 'poly', 'Scaler': MinMaxScaler(), 'Selector__max_features': 16}",0.21256038647342995,0.2222222222222222,0.0825242718446602,0.1724356268467708,0.06369917103723212,963
404,0.04831155141194662,0.002695843089556706,0.010086377461751303,7.19340458085237e-05,0.0001,poly,MinMaxScaler(),18,0.0001,6.0,3.0,"{'Classifier__SVC__C': 0.0001, 'Classifier__SVC__coef0': 6, 'Classifier__SVC__degree': 3, 'Classifier__SVC__gamma': 0.0001, 'Classifier__SVC__kernel': 'poly', 'Scaler': MinMaxScaler(), 'Selector__max_features': 18}",0.2222222222222222,0.2463768115942029,0.0825242718446602,0.18370776855369508,0.07222389286855474,749
405,0.04862769444783529,0.008049632738693696,0.011947711308797201,0.0015428374247321965,0.0001,poly,MinMaxScaler(),20,0.0001,6.0,3.0,"{'Classifier__SVC__C': 0.0001, 'Classifier__SVC__coef0': 6, 'Classifier__SVC__degree': 3, 'Classifier__SVC__gamma': 0.0001, 'Classifier__SVC__kernel': 'poly', 'Scaler': MinMaxScaler(), 'Selector__max_features': 20}",0.2463768115942029,0.2318840579710145,0.0825242718446602,0.1869283804699592,0.07406156628228541,656
406,0.04564436276753744,0.004020338181988418,0.01080775260925293,0.0012577890641201955,0.0001,poly,MinMaxScaler(),24,0.0001,6.0,3.0,"{'Classifier__SVC__C': 0.0001, 'Classifier__SVC__coef0': 6, 'Classifier__SVC__degree': 3, 'Classifier__SVC__gamma': 0.0001, 'Classifier__SVC__kernel': 'poly', 'Scaler': MinMaxScaler(), 'Selector__max_features': 24}",0.25120772946859904,0.1932367149758454,0.0825242718446602,0.17565623876303485,0.06997776826437423,872
407,0.03965600331624349,0.001905203649621253,0.010229110717773438,0.001172010558448553,0.0001,poly,MinMaxScaler(),2,0.001,6.0,3.0,"{'Classifier__SVC__C': 0.0001, 'Classifier__SVC__coef0': 6, 'Classifier__SVC__degree': 3, 'Classifier__SVC__gamma': 0.001, 'Classifier__SVC__kernel': 'poly', 'Scaler': MinMaxScaler(), 'Selector__max_features': 2}",0.18357487922705315,0.1497584541062802,0.0825242718446602,0.13861920172599787,0.04199895650117473,1097
408,0.03923956553141276,0.002240548634964001,0.011252403259277344,0.0009461303793792521,0.0001,poly,MinMaxScaler(),4,0.001,6.0,3.0,"{'Classifier__SVC__C': 0.0001, 'Classifier__SVC__coef0': 6, 'Classifier__SVC__degree': 3, 'Classifier__SVC__gamma': 0.001, 'Classifier__SVC__kernel': 'poly', 'Scaler': MinMaxScaler(), 'Selector__max_features': 4}",0.23671497584541062,0.2318840579710145,0.0825242718446602,0.18370776855369508,0.07157471362884962,749
409,0.05210121472676595,0.009623184264554862,0.010222196578979492,0.0006391483480540197,0.0001,poly,MinMaxScaler(),6,0.001,6.0,3.0,"{'Classifier__SVC__C': 0.0001, 'Classifier__SVC__coef0': 6, 'Classifier__SVC__degree': 3, 'Classifier__SVC__gamma': 0.001, 'Classifier__SVC__kernel': 'poly', 'Scaler': MinMaxScaler(), 'Selector__max_features': 6}",0.25120772946859904,0.178743961352657,0.0825242718446602,0.17082532088863875,0.06909199601058762,985
410,0.04150231679280599,0.0021761890890760905,0.010083993275960287,0.0008273567242226697,0.0001,poly,MinMaxScaler(),8,0.001,6.0,3.0,"{'Classifier__SVC__C': 0.0001, 'Classifier__SVC__coef0': 6, 'Classifier__SVC__degree': 3, 'Classifier__SVC__gamma': 0.001, 'Classifier__SVC__kernel': 'poly', 'Scaler': MinMaxScaler(), 'Selector__max_features': 8}",0.2463768115942029,0.2222222222222222,0.0825242718446602,0.18370776855369508,0.07222389286855474,749
411,0.04525454839070638,0.0036514107340049453,0.01062774658203125,0.0014885923223818796,0.0001,poly,MinMaxScaler(),10,0.001,6.0,3.0,"{'Classifier__SVC__C': 0.0001, 'Classifier__SVC__coef0': 6, 'Classifier__SVC__degree': 3, 'Classifier__SVC__gamma': 0.001, 'Classifier__SVC__kernel': 'poly', 'Scaler': MinMaxScaler(), 'Selector__max_features': 10}",0.2463768115942029,0.24154589371980675,0.0825242718446602,0.1901489923862233,0.07612772073130109,580
412,0.04735716183980306,0.008992429040570208,0.010525941848754883,0.0011490602651077959,0.0001,poly,MinMaxScaler(),12,0.001,6.0,3.0,"{'Classifier__SVC__C': 0.0001, 'Classifier__SVC__coef0': 6, 'Classifier__SVC__degree': 3, 'Classifier__SVC__gamma': 0.001, 'Classifier__SVC__kernel': 'poly', 'Scaler': MinMaxScaler(), 'Selector__max_features': 12}",0.2463768115942029,0.2560386473429952,0.0825242718446602,0.19497991026061942,0.07961591434784415,408
413,0.04675825436909994,0.009135982419281093,0.010356267293294271,0.0008414013212229592,0.0001,poly,MinMaxScaler(),14,0.001,6.0,3.0,"{'Classifier__SVC__C': 0.0001, 'Classifier__SVC__coef0': 6, 'Classifier__SVC__degree': 3, 'Classifier__SVC__gamma': 0.001, 'Classifier__SVC__kernel': 'poly', 'Scaler': MinMaxScaler(), 'Selector__max_features': 14}",0.2318840579710145,0.26570048309178745,0.0825242718446602,0.19336960430248737,0.07958602661167721,475
414,0.046898206075032554,0.006526855832398434,0.014052152633666992,0.0010535959167039847,0.0001,poly,MinMaxScaler(),16,0.001,6.0,3.0,"{'Classifier__SVC__C': 0.0001, 'Classifier__SVC__coef0': 6, 'Classifier__SVC__degree': 3, 'Classifier__SVC__gamma': 0.001, 'Classifier__SVC__kernel': 'poly', 'Scaler': MinMaxScaler(), 'Selector__max_features': 16}",0.21256038647342995,0.2222222222222222,0.0825242718446602,0.1724356268467708,0.06369917103723212,963
415,0.04563331604003906,0.006403570421101758,0.01003718376159668,4.925214667482723e-05,0.0001,poly,MinMaxScaler(),18,0.001,6.0,3.0,"{'Classifier__SVC__C': 0.0001, 'Classifier__SVC__coef0': 6, 'Classifier__SVC__degree': 3, 'Classifier__SVC__gamma': 0.001, 'Classifier__SVC__kernel': 'poly', 'Scaler': MinMaxScaler(), 'Selector__max_features': 18}",0.2222222222222222,0.2463768115942029,0.0825242718446602,0.18370776855369508,0.07222389286855474,749
416,0.04751006762186686,0.005928522739543192,0.016315380732218426,0.007354990592397251,0.0001,poly,MinMaxScaler(),20,0.001,6.0,3.0,"{'Classifier__SVC__C': 0.0001, 'Classifier__SVC__coef0': 6, 'Classifier__SVC__degree': 3, 'Classifier__SVC__gamma': 0.001, 'Classifier__SVC__kernel': 'poly', 'Scaler': MinMaxScaler(), 'Selector__max_features': 20}",0.2463768115942029,0.2318840579710145,0.0825242718446602,0.1869283804699592,0.07406156628228541,656
417,0.044067939122517906,0.004494231998497845,0.010931809743245443,0.001728494921405632,0.0001,poly,MinMaxScaler(),24,0.001,6.0,3.0,"{'Classifier__SVC__C': 0.0001, 'Classifier__SVC__coef0': 6, 'Classifier__SVC__degree': 3, 'Classifier__SVC__gamma': 0.001, 'Classifier__SVC__kernel': 'poly', 'Scaler': MinMaxScaler(), 'Selector__max_features': 24}",0.25120772946859904,0.1932367149758454,0.0825242718446602,0.17565623876303485,0.06997776826437423,872
418,0.04167890548706055,0.004051293304608417,0.014694849650065104,0.004674328796839759,0.0001,poly,MinMaxScaler(),2,0.01,6.0,3.0,"{'Classifier__SVC__C': 0.0001, 'Classifier__SVC__coef0': 6, 'Classifier__SVC__degree': 3, 'Classifier__SVC__gamma': 0.01, 'Classifier__SVC__kernel': 'poly', 'Scaler': MinMaxScaler(), 'Selector__max_features': 2}",0.18357487922705315,0.15458937198067632,0.0825242718446602,0.1402295076841299,0.042484982366706586,1093
419,0.051001548767089844,0.005116907488079956,0.010043462117513021,0.0007247280714768349,0.0001,poly,MinMaxScaler(),4,0.01,6.0,3.0,"{'Classifier__SVC__C': 0.0001, 'Classifier__SVC__coef0': 6, 'Classifier__SVC__degree': 3, 'Classifier__SVC__gamma': 0.01, 'Classifier__SVC__kernel': 'poly', 'Scaler': MinMaxScaler(), 'Selector__max_features': 4}",0.24154589371980675,0.2318840579710145,0.0825242718446602,0.18531807451182714,0.07279314146992835,725
420,0.0475311279296875,0.0114648292841106,0.01108407974243164,0.0011909527730691524,0.0001,poly,MinMaxScaler(),6,0.01,6.0,3.0,"{'Classifier__SVC__C': 0.0001, 'Classifier__SVC__coef0': 6, 'Classifier__SVC__degree': 3, 'Classifier__SVC__gamma': 0.01, 'Classifier__SVC__kernel': 'poly', 'Scaler': MinMaxScaler(), 'Selector__max_features': 6}",0.25120772946859904,0.178743961352657,0.0825242718446602,0.17082532088863875,0.06909199601058762,985
421,0.042996724446614586,0.005384705706652774,0.010847250620524088,0.0016791296133972823,0.0001,poly,MinMaxScaler(),8,0.01,6.0,3.0,"{'Classifier__SVC__C': 0.0001, 'Classifier__SVC__coef0': 6, 'Classifier__SVC__degree': 3, 'Classifier__SVC__gamma': 0.01, 'Classifier__SVC__kernel': 'poly', 'Scaler': MinMaxScaler(), 'Selector__max_features': 8}",0.2463768115942029,0.2222222222222222,0.0825242718446602,0.18370776855369508,0.07222389286855474,749
422,0.040039618810017906,0.001996022861777987,0.009192943572998047,0.00017843184444687394,0.0001,poly,MinMaxScaler(),10,0.01,6.0,3.0,"{'Classifier__SVC__C': 0.0001, 'Classifier__SVC__coef0': 6, 'Classifier__SVC__degree': 3, 'Classifier__SVC__gamma': 0.01, 'Classifier__SVC__kernel': 'poly', 'Scaler': MinMaxScaler(), 'Selector__max_features': 10}",0.2463768115942029,0.24154589371980675,0.0825242718446602,0.1901489923862233,0.07612772073130109,580
423,0.041106462478637695,0.0012074492797005463,0.009902556737263998,0.000668656238862171,0.0001,poly,MinMaxScaler(),12,0.01,6.0,3.0,"{'Classifier__SVC__C': 0.0001, 'Classifier__SVC__coef0': 6, 'Classifier__SVC__degree': 3, 'Classifier__SVC__gamma': 0.01, 'Classifier__SVC__kernel': 'poly', 'Scaler': MinMaxScaler(), 'Selector__max_features': 12}",0.2463768115942029,0.2560386473429952,0.0825242718446602,0.19497991026061942,0.07961591434784415,408
424,0.04399410883585612,0.006425655539388628,0.008884350458780924,0.0010047403111611793,0.0001,poly,MinMaxScaler(),14,0.01,6.0,3.0,"{'Classifier__SVC__C': 0.0001, 'Classifier__SVC__coef0': 6, 'Classifier__SVC__degree': 3, 'Classifier__SVC__gamma': 0.01, 'Classifier__SVC__kernel': 'poly', 'Scaler': MinMaxScaler(), 'Selector__max_features': 14}",0.2318840579710145,0.26570048309178745,0.0825242718446602,0.19336960430248737,0.07958602661167721,475
425,0.046144962310791016,0.009681590100426104,0.01046140988667806,0.00133485496225991,0.0001,poly,MinMaxScaler(),16,0.01,6.0,3.0,"{'Classifier__SVC__C': 0.0001, 'Classifier__SVC__coef0': 6, 'Classifier__SVC__degree': 3, 'Classifier__SVC__gamma': 0.01, 'Classifier__SVC__kernel': 'poly', 'Scaler': MinMaxScaler(), 'Selector__max_features': 16}",0.21256038647342995,0.2222222222222222,0.0825242718446602,0.1724356268467708,0.06369917103723212,963
426,0.04657975832621256,0.006669819819456675,0.009941657384236654,0.0009932755187502156,0.0001,poly,MinMaxScaler(),18,0.01,6.0,3.0,"{'Classifier__SVC__C': 0.0001, 'Classifier__SVC__coef0': 6, 'Classifier__SVC__degree': 3, 'Classifier__SVC__gamma': 0.01, 'Classifier__SVC__kernel': 'poly', 'Scaler': MinMaxScaler(), 'Selector__max_features': 18}",0.2222222222222222,0.2463768115942029,0.0825242718446602,0.18370776855369508,0.07222389286855474,749
427,0.04313198725382487,0.0013260083817226115,0.010535001754760742,0.0007906464321743217,0.0001,poly,MinMaxScaler(),20,0.01,6.0,3.0,"{'Classifier__SVC__C': 0.0001, 'Classifier__SVC__coef0': 6, 'Classifier__SVC__degree': 3, 'Classifier__SVC__gamma': 0.01, 'Classifier__SVC__kernel': 'poly', 'Scaler': MinMaxScaler(), 'Selector__max_features': 20}",0.2463768115942029,0.22705314009661837,0.0825242718446602,0.18531807451182714,0.07311304247587652,725
428,0.04499999682108561,0.004093749674773001,0.010365724563598633,0.0006005148605602615,0.0001,poly,MinMaxScaler(),24,0.01,6.0,3.0,"{'Classifier__SVC__C': 0.0001, 'Classifier__SVC__coef0': 6, 'Classifier__SVC__degree': 3, 'Classifier__SVC__gamma': 0.01, 'Classifier__SVC__kernel': 'poly', 'Scaler': MinMaxScaler(), 'Selector__max_features': 24}",0.2463768115942029,0.1932367149758454,0.0825242718446602,0.17404593280490285,0.06825505249109545,915
429,0.04061206181844076,0.0018926607318006793,0.009571154912312826,0.0007142096481475016,0.0001,poly,MinMaxScaler(),2,0.1,6.0,3.0,"{'Classifier__SVC__C': 0.0001, 'Classifier__SVC__coef0': 6, 'Classifier__SVC__degree': 3, 'Classifier__SVC__gamma': 0.1, 'Classifier__SVC__kernel': 'poly', 'Scaler': MinMaxScaler(), 'Selector__max_features': 2}",0.30434782608695654,0.15458937198067632,0.0825242718446602,0.180487156637431,0.09239207665078565,835
430,0.03927532831827799,0.0014638134526948272,0.009566307067871094,0.001253370998029227,0.0001,poly,MinMaxScaler(),4,0.1,6.0,3.0,"{'Classifier__SVC__C': 0.0001, 'Classifier__SVC__coef0': 6, 'Classifier__SVC__degree': 3, 'Classifier__SVC__gamma': 0.1, 'Classifier__SVC__kernel': 'poly', 'Scaler': MinMaxScaler(), 'Selector__max_features': 4}",0.25120772946859904,0.2222222222222222,0.0825242718446602,0.18531807451182714,0.07364312281838128,725
431,0.04149508476257324,0.00285020572108353,0.011672496795654297,0.0020256231152798658,0.0001,poly,MinMaxScaler(),6,0.1,6.0,3.0,"{'Classifier__SVC__C': 0.0001, 'Classifier__SVC__coef0': 6, 'Classifier__SVC__degree': 3, 'Classifier__SVC__gamma': 0.1, 'Classifier__SVC__kernel': 'poly', 'Scaler': MinMaxScaler(), 'Selector__max_features': 6}",0.25120772946859904,0.18357487922705315,0.0825242718446602,0.1724356268467708,0.069313728446273,963
432,0.04274916648864746,0.0012965201600825223,0.01005848248799642,0.0009619219957072519,0.0001,poly,MinMaxScaler(),8,0.1,6.0,3.0,"{'Classifier__SVC__C': 0.0001, 'Classifier__SVC__coef0': 6, 'Classifier__SVC__degree': 3, 'Classifier__SVC__gamma': 0.1, 'Classifier__SVC__kernel': 'poly', 'Scaler': MinMaxScaler(), 'Selector__max_features': 8}",0.24154589371980675,0.2222222222222222,0.0825242718446602,0.18209746259556303,0.07084944745620064,816
433,0.05152646700541178,0.010183769541032572,0.00986774762471517,0.0008900673044202057,0.0001,poly,MinMaxScaler(),10,0.1,6.0,3.0,"{'Classifier__SVC__C': 0.0001, 'Classifier__SVC__coef0': 6, 'Classifier__SVC__degree': 3, 'Classifier__SVC__gamma': 0.1, 'Classifier__SVC__kernel': 'poly', 'Scaler': MinMaxScaler(), 'Selector__max_features': 10}",0.25120772946859904,0.2463768115942029,0.0825242718446602,0.19336960430248737,0.0784042951104167,475
434,0.0420536994934082,0.0012338397734832395,0.010768890380859375,0.0005600173127729228,0.0001,poly,MinMaxScaler(),12,0.1,6.0,3.0,"{'Classifier__SVC__C': 0.0001, 'Classifier__SVC__coef0': 6, 'Classifier__SVC__degree': 3, 'Classifier__SVC__gamma': 0.1, 'Classifier__SVC__kernel': 'poly', 'Scaler': MinMaxScaler(), 'Selector__max_features': 12}",0.25120772946859904,0.2608695652173913,0.0825242718446602,0.19820052217688353,0.08189051200923322,264
435,0.04862260818481445,0.007461524725269846,0.010405222574869791,0.0005789732718745437,0.0001,poly,MinMaxScaler(),14,0.1,6.0,3.0,"{'Classifier__SVC__C': 0.0001, 'Classifier__SVC__coef0': 6, 'Classifier__SVC__degree': 3, 'Classifier__SVC__gamma': 0.1, 'Classifier__SVC__kernel': 'poly', 'Scaler': MinMaxScaler(), 'Selector__max_features': 14}",0.2318840579710145,0.26570048309178745,0.0825242718446602,0.19336960430248737,0.07958602661167721,475
436,0.042699337005615234,0.0011190652418068524,0.009650548299153646,0.0002563407653558571,0.0001,poly,MinMaxScaler(),16,0.1,6.0,3.0,"{'Classifier__SVC__C': 0.0001, 'Classifier__SVC__coef0': 6, 'Classifier__SVC__degree': 3, 'Classifier__SVC__gamma': 0.1, 'Classifier__SVC__kernel': 'poly', 'Scaler': MinMaxScaler(), 'Selector__max_features': 16}",0.2222222222222222,0.21739130434782608,0.0825242718446602,0.1740459328049028,0.06474563182469527,921
437,0.04004772504170736,0.0022338272091025186,0.010512908299763998,0.0006065256293840242,0.0001,poly,MinMaxScaler(),18,0.1,6.0,3.0,"{'Classifier__SVC__C': 0.0001, 'Classifier__SVC__coef0': 6, 'Classifier__SVC__degree': 3, 'Classifier__SVC__gamma': 0.1, 'Classifier__SVC__kernel': 'poly', 'Scaler': MinMaxScaler(), 'Selector__max_features': 18}",0.22705314009661837,0.24154589371980675,0.0825242718446602,0.18370776855369508,0.07179175895879261,749
438,0.04233233133951823,0.002510878091461832,0.010832707087198893,0.00048425391356213965,0.0001,poly,MinMaxScaler(),20,0.1,6.0,3.0,"{'Classifier__SVC__C': 0.0001, 'Classifier__SVC__coef0': 6, 'Classifier__SVC__degree': 3, 'Classifier__SVC__gamma': 0.1, 'Classifier__SVC__kernel': 'poly', 'Scaler': MinMaxScaler(), 'Selector__max_features': 20}",0.24154589371980675,0.21256038647342995,0.0825242718446602,0.17887685067929895,0.06915154610778851,857
439,0.04647080103556315,0.0029365998891473697,0.010049263636271158,1.4622574260801135e-05,0.0001,poly,MinMaxScaler(),24,0.1,6.0,3.0,"{'Classifier__SVC__C': 0.0001, 'Classifier__SVC__coef0': 6, 'Classifier__SVC__degree': 3, 'Classifier__SVC__gamma': 0.1, 'Classifier__SVC__kernel': 'poly', 'Scaler': MinMaxScaler(), 'Selector__max_features': 24}",0.24154589371980675,0.1932367149758454,0.0825242718446602,0.1724356268467708,0.06656567186603853,963
440,0.0410306453704834,0.004489618817210475,0.009808778762817383,0.0009662470168066668,0.0001,poly,MinMaxScaler(),2,0.0001,6.0,5.0,"{'Classifier__SVC__C': 0.0001, 'Classifier__SVC__coef0': 6, 'Classifier__SVC__degree': 5, 'Classifier__SVC__gamma': 0.0001, 'Classifier__SVC__kernel': 'poly', 'Scaler': MinMaxScaler(), 'Selector__max_features': 2}",0.30434782608695654,0.15458937198067632,0.0825242718446602,0.180487156637431,0.09239207665078565,835
441,0.04121502240498861,0.0050542856139883865,0.013028780619303385,0.004552957286889477,0.0001,poly,MinMaxScaler(),4,0.0001,6.0,5.0,"{'Classifier__SVC__C': 0.0001, 'Classifier__SVC__coef0': 6, 'Classifier__SVC__degree': 5, 'Classifier__SVC__gamma': 0.0001, 'Classifier__SVC__kernel': 'poly', 'Scaler': MinMaxScaler(), 'Selector__max_features': 4}",0.23671497584541062,0.2318840579710145,0.0825242718446602,0.18370776855369508,0.07157471362884962,749
442,0.04697608947753906,0.0041351254621579195,0.012200117111206055,0.0034647834477686008,0.0001,poly,MinMaxScaler(),6,0.0001,6.0,5.0,"{'Classifier__SVC__C': 0.0001, 'Classifier__SVC__coef0': 6, 'Classifier__SVC__degree': 5, 'Classifier__SVC__gamma': 0.0001, 'Classifier__SVC__kernel': 'poly', 'Scaler': MinMaxScaler(), 'Selector__max_features': 6}",0.2608695652173913,0.178743961352657,0.0825242718446602,0.1740459328049028,0.07288490708520302,921
443,0.04500047365824381,0.0031577187894339773,0.010867675145467123,0.0008514793323421225,0.0001,poly,MinMaxScaler(),8,0.0001,6.0,5.0,"{'Classifier__SVC__C': 0.0001, 'Classifier__SVC__coef0': 6, 'Classifier__SVC__degree': 5, 'Classifier__SVC__gamma': 0.0001, 'Classifier__SVC__kernel': 'poly', 'Scaler': MinMaxScaler(), 'Selector__max_features': 8}",0.2463768115942029,0.2222222222222222,0.0825242718446602,0.18370776855369508,0.07222389286855474,749
444,0.05244803428649902,0.009483293352107246,0.010447820027669271,0.000613844468752833,0.0001,poly,MinMaxScaler(),10,0.0001,6.0,5.0,"{'Classifier__SVC__C': 0.0001, 'Classifier__SVC__coef0': 6, 'Classifier__SVC__degree': 5, 'Classifier__SVC__gamma': 0.0001, 'Classifier__SVC__kernel': 'poly', 'Scaler': MinMaxScaler(), 'Selector__max_features': 10}",0.2463768115942029,0.24154589371980675,0.0825242718446602,0.1901489923862233,0.07612772073130109,580
445,0.04750164349873861,0.0031599502849163448,0.01019438107808431,0.0009749742023783263,0.0001,poly,MinMaxScaler(),12,0.0001,6.0,5.0,"{'Classifier__SVC__C': 0.0001, 'Classifier__SVC__coef0': 6, 'Classifier__SVC__degree': 5, 'Classifier__SVC__gamma': 0.0001, 'Classifier__SVC__kernel': 'poly', 'Scaler': MinMaxScaler(), 'Selector__max_features': 12}",0.2463768115942029,0.2560386473429952,0.0825242718446602,0.19497991026061942,0.07961591434784415,408
446,0.05947740872701009,0.012729553241554335,0.011325359344482422,0.0008923464380711601,0.0001,poly,MinMaxScaler(),14,0.0001,6.0,5.0,"{'Classifier__SVC__C': 0.0001, 'Classifier__SVC__coef0': 6, 'Classifier__SVC__degree': 5, 'Classifier__SVC__gamma': 0.0001, 'Classifier__SVC__kernel': 'poly', 'Scaler': MinMaxScaler(), 'Selector__max_features': 14}",0.2318840579710145,0.26570048309178745,0.0825242718446602,0.19336960430248737,0.07958602661167721,475
447,0.046305338541666664,0.004390079404546206,0.01731427510579427,0.009427827240356337,0.0001,poly,MinMaxScaler(),16,0.0001,6.0,5.0,"{'Classifier__SVC__C': 0.0001, 'Classifier__SVC__coef0': 6, 'Classifier__SVC__degree': 5, 'Classifier__SVC__gamma': 0.0001, 'Classifier__SVC__kernel': 'poly', 'Scaler': MinMaxScaler(), 'Selector__max_features': 16}",0.21256038647342995,0.2222222222222222,0.0825242718446602,0.1724356268467708,0.06369917103723212,963
448,0.05787165959676107,0.008479253502540895,0.00921305020650228,0.0013865960141216719,0.0001,poly,MinMaxScaler(),18,0.0001,6.0,5.0,"{'Classifier__SVC__C': 0.0001, 'Classifier__SVC__coef0': 6, 'Classifier__SVC__degree': 5, 'Classifier__SVC__gamma': 0.0001, 'Classifier__SVC__kernel': 'poly', 'Scaler': MinMaxScaler(), 'Selector__max_features': 18}",0.2222222222222222,0.2463768115942029,0.0825242718446602,0.18370776855369508,0.07222389286855474,749
449,0.0540621280670166,0.009306641773432397,0.010337034861246744,0.0008971381267270094,0.0001,poly,MinMaxScaler(),20,0.0001,6.0,5.0,"{'Classifier__SVC__C': 0.0001, 'Classifier__SVC__coef0': 6, 'Classifier__SVC__degree': 5, 'Classifier__SVC__gamma': 0.0001, 'Classifier__SVC__kernel': 'poly', 'Scaler': MinMaxScaler(), 'Selector__max_features': 20}",0.2463768115942029,0.2318840579710145,0.0825242718446602,0.1869283804699592,0.07406156628228541,656
450,0.0524289608001709,0.00524686050777691,0.010879119237263998,0.001530292819196011,0.0001,poly,MinMaxScaler(),24,0.0001,6.0,5.0,"{'Classifier__SVC__C': 0.0001, 'Classifier__SVC__coef0': 6, 'Classifier__SVC__degree': 5, 'Classifier__SVC__gamma': 0.0001, 'Classifier__SVC__kernel': 'poly', 'Scaler': MinMaxScaler(), 'Selector__max_features': 24}",0.25120772946859904,0.1932367149758454,0.0825242718446602,0.17565623876303485,0.06997776826437423,872
451,0.05351972579956055,0.01306325172004399,0.013516426086425781,0.002398528927614797,0.0001,poly,MinMaxScaler(),2,0.001,6.0,5.0,"{'Classifier__SVC__C': 0.0001, 'Classifier__SVC__coef0': 6, 'Classifier__SVC__degree': 5, 'Classifier__SVC__gamma': 0.001, 'Classifier__SVC__kernel': 'poly', 'Scaler': MinMaxScaler(), 'Selector__max_features': 2}",0.18357487922705315,0.1497584541062802,0.0825242718446602,0.13861920172599787,0.04199895650117473,1097
452,0.04238335291544596,0.005190251070858593,0.009880940119425455,0.0026752966101329296,0.0001,poly,MinMaxScaler(),4,0.001,6.0,5.0,"{'Classifier__SVC__C': 0.0001, 'Classifier__SVC__coef0': 6, 'Classifier__SVC__degree': 5, 'Classifier__SVC__gamma': 0.001, 'Classifier__SVC__kernel': 'poly', 'Scaler': MinMaxScaler(), 'Selector__max_features': 4}",0.23671497584541062,0.2318840579710145,0.0825242718446602,0.18370776855369508,0.07157471362884962,749
453,0.056692043940226235,0.02374180792943294,0.011373202006022135,0.0007326254010680476,0.0001,poly,MinMaxScaler(),6,0.001,6.0,5.0,"{'Classifier__SVC__C': 0.0001, 'Classifier__SVC__coef0': 6, 'Classifier__SVC__degree': 5, 'Classifier__SVC__gamma': 0.001, 'Classifier__SVC__kernel': 'poly', 'Scaler': MinMaxScaler(), 'Selector__max_features': 6}",0.25120772946859904,0.178743961352657,0.0825242718446602,0.17082532088863875,0.06909199601058762,985
454,0.04569284121195475,0.004572124906113341,0.013535658518473307,0.0032622316581136426,0.0001,poly,MinMaxScaler(),8,0.001,6.0,5.0,"{'Classifier__SVC__C': 0.0001, 'Classifier__SVC__coef0': 6, 'Classifier__SVC__degree': 5, 'Classifier__SVC__gamma': 0.001, 'Classifier__SVC__kernel': 'poly', 'Scaler': MinMaxScaler(), 'Selector__max_features': 8}",0.2463768115942029,0.2222222222222222,0.0825242718446602,0.18370776855369508,0.07222389286855474,749
455,0.05556368827819824,0.0033818930487842574,0.011240879694620768,0.00021748029397573198,0.0001,poly,MinMaxScaler(),10,0.001,6.0,5.0,"{'Classifier__SVC__C': 0.0001, 'Classifier__SVC__coef0': 6, 'Classifier__SVC__degree': 5, 'Classifier__SVC__gamma': 0.001, 'Classifier__SVC__kernel': 'poly', 'Scaler': MinMaxScaler(), 'Selector__max_features': 10}",0.2463768115942029,0.24154589371980675,0.0825242718446602,0.1901489923862233,0.07612772073130109,580
456,0.04408367474873861,0.0045580638159587175,0.010704596837361654,0.0007305039523886349,0.0001,poly,MinMaxScaler(),12,0.001,6.0,5.0,"{'Classifier__SVC__C': 0.0001, 'Classifier__SVC__coef0': 6, 'Classifier__SVC__degree': 5, 'Classifier__SVC__gamma': 0.001, 'Classifier__SVC__kernel': 'poly', 'Scaler': MinMaxScaler(), 'Selector__max_features': 12}",0.2463768115942029,0.2560386473429952,0.0825242718446602,0.19497991026061942,0.07961591434784415,408
457,0.04845277468363444,0.005784841005665179,0.011847575505574545,0.0013769777789427668,0.0001,poly,MinMaxScaler(),14,0.001,6.0,5.0,"{'Classifier__SVC__C': 0.0001, 'Classifier__SVC__coef0': 6, 'Classifier__SVC__degree': 5, 'Classifier__SVC__gamma': 0.001, 'Classifier__SVC__kernel': 'poly', 'Scaler': MinMaxScaler(), 'Selector__max_features': 14}",0.2318840579710145,0.26570048309178745,0.0825242718446602,0.19336960430248737,0.07958602661167721,475
458,0.05821983019510905,0.020154627392778318,0.011367559432983398,0.0016602483484000558,0.0001,poly,MinMaxScaler(),16,0.001,6.0,5.0,"{'Classifier__SVC__C': 0.0001, 'Classifier__SVC__coef0': 6, 'Classifier__SVC__degree': 5, 'Classifier__SVC__gamma': 0.001, 'Classifier__SVC__kernel': 'poly', 'Scaler': MinMaxScaler(), 'Selector__max_features': 16}",0.21256038647342995,0.2222222222222222,0.0825242718446602,0.1724356268467708,0.06369917103723212,963
459,0.053394476572672524,0.005495881918438169,0.013303597768147787,0.0003141285394125936,0.0001,poly,MinMaxScaler(),18,0.001,6.0,5.0,"{'Classifier__SVC__C': 0.0001, 'Classifier__SVC__coef0': 6, 'Classifier__SVC__degree': 5, 'Classifier__SVC__gamma': 0.001, 'Classifier__SVC__kernel': 'poly', 'Scaler': MinMaxScaler(), 'Selector__max_features': 18}",0.2222222222222222,0.2463768115942029,0.0825242718446602,0.18370776855369508,0.07222389286855474,749
460,0.04751753807067871,0.004040276250444063,0.013539632161458334,0.0016545616839249075,0.0001,poly,MinMaxScaler(),20,0.001,6.0,5.0,"{'Classifier__SVC__C': 0.0001, 'Classifier__SVC__coef0': 6, 'Classifier__SVC__degree': 5, 'Classifier__SVC__gamma': 0.001, 'Classifier__SVC__kernel': 'poly', 'Scaler': MinMaxScaler(), 'Selector__max_features': 20}",0.2463768115942029,0.2318840579710145,0.0825242718446602,0.1869283804699592,0.07406156628228541,656
461,0.04595192273457845,0.002619803387497367,0.011055548985799154,0.00174844954168392,0.0001,poly,MinMaxScaler(),24,0.001,6.0,5.0,"{'Classifier__SVC__C': 0.0001, 'Classifier__SVC__coef0': 6, 'Classifier__SVC__degree': 5, 'Classifier__SVC__gamma': 0.001, 'Classifier__SVC__kernel': 'poly', 'Scaler': MinMaxScaler(), 'Selector__max_features': 24}",0.25120772946859904,0.1932367149758454,0.0825242718446602,0.17565623876303485,0.06997776826437423,872
462,0.05834237734476725,0.016763498873351653,0.017206827799479168,0.006628613127676459,0.0001,poly,MinMaxScaler(),2,0.01,6.0,5.0,"{'Classifier__SVC__C': 0.0001, 'Classifier__SVC__coef0': 6, 'Classifier__SVC__degree': 5, 'Classifier__SVC__gamma': 0.01, 'Classifier__SVC__kernel': 'poly', 'Scaler': MinMaxScaler(), 'Selector__max_features': 2}",0.30434782608695654,0.15458937198067632,0.0825242718446602,0.180487156637431,0.09239207665078565,835
463,0.05348881085713705,0.009478725988826509,0.01286466916402181,0.0006759140039638384,0.0001,poly,MinMaxScaler(),4,0.01,6.0,5.0,"{'Classifier__SVC__C': 0.0001, 'Classifier__SVC__coef0': 6, 'Classifier__SVC__degree': 5, 'Classifier__SVC__gamma': 0.01, 'Classifier__SVC__kernel': 'poly', 'Scaler': MinMaxScaler(), 'Selector__max_features': 4}",0.24154589371980675,0.2318840579710145,0.0825242718446602,0.18531807451182714,0.07279314146992835,725
464,0.049858649571736656,0.00694754647409804,0.011480410893758139,0.0007159121556551817,0.0001,poly,MinMaxScaler(),6,0.01,6.0,5.0,"{'Classifier__SVC__C': 0.0001, 'Classifier__SVC__coef0': 6, 'Classifier__SVC__degree': 5, 'Classifier__SVC__gamma': 0.01, 'Classifier__SVC__kernel': 'poly', 'Scaler': MinMaxScaler(), 'Selector__max_features': 6}",0.25120772946859904,0.178743961352657,0.0825242718446602,0.17082532088863875,0.06909199601058762,985
465,0.046747446060180664,0.008062219580408675,0.011695067087809244,0.0019395329803572514,0.0001,poly,MinMaxScaler(),8,0.01,6.0,5.0,"{'Classifier__SVC__C': 0.0001, 'Classifier__SVC__coef0': 6, 'Classifier__SVC__degree': 5, 'Classifier__SVC__gamma': 0.01, 'Classifier__SVC__kernel': 'poly', 'Scaler': MinMaxScaler(), 'Selector__max_features': 8}",0.2463768115942029,0.2222222222222222,0.0825242718446602,0.18370776855369508,0.07222389286855474,749
466,0.06354824701944987,0.027498969995323325,0.011432250340779623,0.0010321972955293903,0.0001,poly,MinMaxScaler(),10,0.01,6.0,5.0,"{'Classifier__SVC__C': 0.0001, 'Classifier__SVC__coef0': 6, 'Classifier__SVC__degree': 5, 'Classifier__SVC__gamma': 0.01, 'Classifier__SVC__kernel': 'poly', 'Scaler': MinMaxScaler(), 'Selector__max_features': 10}",0.2463768115942029,0.24154589371980675,0.0825242718446602,0.1901489923862233,0.07612772073130109,580
467,0.05520772933959961,0.006549840328344705,0.01522215207417806,0.0018637258492953384,0.0001,poly,MinMaxScaler(),12,0.01,6.0,5.0,"{'Classifier__SVC__C': 0.0001, 'Classifier__SVC__coef0': 6, 'Classifier__SVC__degree': 5, 'Classifier__SVC__gamma': 0.01, 'Classifier__SVC__kernel': 'poly', 'Scaler': MinMaxScaler(), 'Selector__max_features': 12}",0.2463768115942029,0.2560386473429952,0.0825242718446602,0.19497991026061942,0.07961591434784415,408
468,0.043222268422444664,0.004219591908293178,0.011449575424194336,0.0016718049152169272,0.0001,poly,MinMaxScaler(),14,0.01,6.0,5.0,"{'Classifier__SVC__C': 0.0001, 'Classifier__SVC__coef0': 6, 'Classifier__SVC__degree': 5, 'Classifier__SVC__gamma': 0.01, 'Classifier__SVC__kernel': 'poly', 'Scaler': MinMaxScaler(), 'Selector__max_features': 14}",0.2222222222222222,0.26570048309178745,0.0825242718446602,0.1901489923862233,0.07814473812867016,580
469,0.04533569018046061,0.004687773670581485,0.01094977060953776,7.48521279277033e-05,0.0001,poly,MinMaxScaler(),16,0.01,6.0,5.0,"{'Classifier__SVC__C': 0.0001, 'Classifier__SVC__coef0': 6, 'Classifier__SVC__degree': 5, 'Classifier__SVC__gamma': 0.01, 'Classifier__SVC__kernel': 'poly', 'Scaler': MinMaxScaler(), 'Selector__max_features': 16}",0.21256038647342995,0.2222222222222222,0.0825242718446602,0.1724356268467708,0.06369917103723212,963
470,0.04885713259379069,0.006265229515595607,0.012348572413126627,0.0003227559660465441,0.0001,poly,MinMaxScaler(),18,0.01,6.0,5.0,"{'Classifier__SVC__C': 0.0001, 'Classifier__SVC__coef0': 6, 'Classifier__SVC__degree': 5, 'Classifier__SVC__gamma': 0.01, 'Classifier__SVC__kernel': 'poly', 'Scaler': MinMaxScaler(), 'Selector__max_features': 18}",0.21739130434782608,0.2463768115942029,0.0825242718446602,0.18209746259556306,0.07139633578281734,807
471,0.06589325269063313,0.02051576503709884,0.01283113161722819,0.0005249328993858639,0.0001,poly,MinMaxScaler(),20,0.01,6.0,5.0,"{'Classifier__SVC__C': 0.0001, 'Classifier__SVC__coef0': 6, 'Classifier__SVC__degree': 5, 'Classifier__SVC__gamma': 0.01, 'Classifier__SVC__kernel': 'poly', 'Scaler': MinMaxScaler(), 'Selector__max_features': 20}",0.2463768115942029,0.22705314009661837,0.0825242718446602,0.18531807451182714,0.07311304247587652,725
472,0.04654033978780111,0.0038049042702943286,0.011348485946655273,0.0013013645371056461,0.0001,poly,MinMaxScaler(),24,0.01,6.0,5.0,"{'Classifier__SVC__C': 0.0001, 'Classifier__SVC__coef0': 6, 'Classifier__SVC__degree': 5, 'Classifier__SVC__gamma': 0.01, 'Classifier__SVC__kernel': 'poly', 'Scaler': MinMaxScaler(), 'Selector__max_features': 24}",0.2463768115942029,0.1932367149758454,0.0825242718446602,0.17404593280490285,0.06825505249109545,915
473,0.042540788650512695,0.005217666886332708,0.010950962702433268,0.0003361862222385299,0.0001,poly,MinMaxScaler(),2,0.1,6.0,5.0,"{'Classifier__SVC__C': 0.0001, 'Classifier__SVC__coef0': 6, 'Classifier__SVC__degree': 5, 'Classifier__SVC__gamma': 0.1, 'Classifier__SVC__kernel': 'poly', 'Scaler': MinMaxScaler(), 'Selector__max_features': 2}",0.30434782608695654,0.15458937198067632,0.0825242718446602,0.180487156637431,0.09239207665078565,835
474,0.05207641919453939,0.0038765633235049047,0.010772387186686197,0.0005904624147157509,0.0001,poly,MinMaxScaler(),4,0.1,6.0,5.0,"{'Classifier__SVC__C': 0.0001, 'Classifier__SVC__coef0': 6, 'Classifier__SVC__degree': 5, 'Classifier__SVC__gamma': 0.1, 'Classifier__SVC__kernel': 'poly', 'Scaler': MinMaxScaler(), 'Selector__max_features': 4}",0.3188405797101449,0.21739130434782608,0.0825242718446602,0.2062520519675437,0.09679673392729514,139
475,0.06190816561381022,0.012428429446187115,0.012415488560994467,0.0014597616622404872,0.0001,poly,MinMaxScaler(),6,0.1,6.0,5.0,"{'Classifier__SVC__C': 0.0001, 'Classifier__SVC__coef0': 6, 'Classifier__SVC__degree': 5, 'Classifier__SVC__gamma': 0.1, 'Classifier__SVC__kernel': 'poly', 'Scaler': MinMaxScaler(), 'Selector__max_features': 6}",0.25120772946859904,0.15458937198067632,0.0825242718446602,0.16277379109797854,0.0691074803293514,1032
476,0.05933515230814616,0.02065288833009578,0.010847647984822592,0.00023916337452105252,0.0001,poly,MinMaxScaler(),8,0.1,6.0,5.0,"{'Classifier__SVC__C': 0.0001, 'Classifier__SVC__coef0': 6, 'Classifier__SVC__degree': 5, 'Classifier__SVC__gamma': 0.1, 'Classifier__SVC__kernel': 'poly', 'Scaler': MinMaxScaler(), 'Selector__max_features': 8}",0.2560386473429952,0.178743961352657,0.10194174757281553,0.1789081187561559,0.06290990298532784,855
477,0.049637794494628906,0.004623638187988499,0.013393163681030273,0.0019277931577372078,0.0001,poly,MinMaxScaler(),10,0.1,6.0,5.0,"{'Classifier__SVC__C': 0.0001, 'Classifier__SVC__coef0': 6, 'Classifier__SVC__degree': 5, 'Classifier__SVC__gamma': 0.1, 'Classifier__SVC__kernel': 'poly', 'Scaler': MinMaxScaler(), 'Selector__max_features': 10}",0.2560386473429952,0.21256038647342995,0.0970873786407767,0.18856213748573394,0.06707365812481979,643
478,0.051308393478393555,0.006828026828464641,0.011513710021972656,0.0009537823735054645,0.0001,poly,MinMaxScaler(),12,0.1,6.0,5.0,"{'Classifier__SVC__C': 0.0001, 'Classifier__SVC__coef0': 6, 'Classifier__SVC__degree': 5, 'Classifier__SVC__gamma': 0.1, 'Classifier__SVC__kernel': 'poly', 'Scaler': MinMaxScaler(), 'Selector__max_features': 12}",0.2463768115942029,0.22705314009661837,0.0970873786407767,0.19017244344386597,0.06629214652874622,579
479,0.07248552640279134,0.020689966109848343,0.011412541071573893,0.0008506092480489498,0.0001,poly,MinMaxScaler(),14,0.1,6.0,5.0,"{'Classifier__SVC__C': 0.0001, 'Classifier__SVC__coef0': 6, 'Classifier__SVC__degree': 5, 'Classifier__SVC__gamma': 0.1, 'Classifier__SVC__kernel': 'poly', 'Scaler': MinMaxScaler(), 'Selector__max_features': 14}",0.24154589371980675,0.24154589371980675,0.09223300970873786,0.19177493238278379,0.07038676853516483,514
480,0.04790925979614258,0.0009005590383728819,0.013029972712198893,0.0015123638302343943,0.0001,poly,MinMaxScaler(),16,0.1,6.0,5.0,"{'Classifier__SVC__C': 0.0001, 'Classifier__SVC__coef0': 6, 'Classifier__SVC__degree': 5, 'Classifier__SVC__gamma': 0.1, 'Classifier__SVC__kernel': 'poly', 'Scaler': MinMaxScaler(), 'Selector__max_features': 16}",0.1642512077294686,0.24154589371980675,0.08737864077669903,0.1643919140753248,0.06293859610081803,1024
481,0.06151882807413737,0.014707791218041376,0.012816031773885092,0.0011120272147005959,0.0001,poly,MinMaxScaler(),18,0.1,6.0,5.0,"{'Classifier__SVC__C': 0.0001, 'Classifier__SVC__coef0': 6, 'Classifier__SVC__degree': 5, 'Classifier__SVC__gamma': 0.1, 'Classifier__SVC__kernel': 'poly', 'Scaler': MinMaxScaler(), 'Selector__max_features': 18}",0.1642512077294686,0.22705314009661837,0.10679611650485436,0.1660334881103138,0.04911089711597946,1021
482,0.06266029675801595,0.01876442196096338,0.011663675308227539,0.001139138122846568,0.0001,poly,MinMaxScaler(),20,0.1,6.0,5.0,"{'Classifier__SVC__C': 0.0001, 'Classifier__SVC__coef0': 6, 'Classifier__SVC__degree': 5, 'Classifier__SVC__gamma': 0.1, 'Classifier__SVC__kernel': 'poly', 'Scaler': MinMaxScaler(), 'Selector__max_features': 20}",0.178743961352657,0.22705314009661837,0.10194174757281553,0.16924628300736363,0.05151614345862378,1005
483,0.07516837120056152,0.021300239603237594,0.01194294293721517,0.0009355223487934432,0.0001,poly,MinMaxScaler(),24,0.1,6.0,5.0,"{'Classifier__SVC__C': 0.0001, 'Classifier__SVC__coef0': 6, 'Classifier__SVC__degree': 5, 'Classifier__SVC__gamma': 0.1, 'Classifier__SVC__kernel': 'poly', 'Scaler': MinMaxScaler(), 'Selector__max_features': 24}",0.17391304347826086,0.19806763285024154,0.09223300970873786,0.15473789534574675,0.04528433572663525,1054
484,0.053376197814941406,0.007502581488663001,0.010812679926554361,0.0007381158207865628,0.001,poly,MinMaxScaler(),2,0.0001,2.0,3.0,"{'Classifier__SVC__C': 0.001, 'Classifier__SVC__coef0': 2, 'Classifier__SVC__degree': 3, 'Classifier__SVC__gamma': 0.0001, 'Classifier__SVC__kernel': 'poly', 'Scaler': MinMaxScaler(), 'Selector__max_features': 2}",0.18357487922705315,0.0821256038647343,0.2524271844660194,0.17270922251926893,0.0699485713963841,927
485,0.07337029774983723,0.03425874584340042,0.0123899777730306,0.0013078904176426606,0.001,poly,MinMaxScaler(),4,0.0001,2.0,3.0,"{'Classifier__SVC__C': 0.001, 'Classifier__SVC__coef0': 2, 'Classifier__SVC__degree': 3, 'Classifier__SVC__gamma': 0.0001, 'Classifier__SVC__kernel': 'poly', 'Scaler': MinMaxScaler(), 'Selector__max_features': 4}",0.23671497584541062,0.0821256038647343,0.2524271844660194,0.19042258805872145,0.07684571540460756,553
486,0.05809680620829264,0.00423513412199513,0.013174772262573242,0.0027298169215752457,0.001,poly,MinMaxScaler(),6,0.0001,2.0,3.0,"{'Classifier__SVC__C': 0.001, 'Classifier__SVC__coef0': 2, 'Classifier__SVC__degree': 3, 'Classifier__SVC__gamma': 0.0001, 'Classifier__SVC__kernel': 'poly', 'Scaler': MinMaxScaler(), 'Selector__max_features': 6}",0.25120772946859904,0.0821256038647343,0.2524271844660194,0.1952535059331176,0.07999505583646184,332
487,0.06125744183858236,0.01531601605638547,0.011619965235392252,0.0014330614638989516,0.001,poly,MinMaxScaler(),8,0.0001,2.0,3.0,"{'Classifier__SVC__C': 0.001, 'Classifier__SVC__coef0': 2, 'Classifier__SVC__degree': 3, 'Classifier__SVC__gamma': 0.0001, 'Classifier__SVC__kernel': 'poly', 'Scaler': MinMaxScaler(), 'Selector__max_features': 8}",0.25120772946859904,0.0821256038647343,0.2524271844660194,0.1952535059331176,0.07999505583646184,332
488,0.0874020258585612,0.026186007148487334,0.01160573959350586,0.000422430403566043,0.001,poly,MinMaxScaler(),10,0.0001,2.0,3.0,"{'Classifier__SVC__C': 0.001, 'Classifier__SVC__coef0': 2, 'Classifier__SVC__degree': 3, 'Classifier__SVC__gamma': 0.0001, 'Classifier__SVC__kernel': 'poly', 'Scaler': MinMaxScaler(), 'Selector__max_features': 10}",0.25120772946859904,0.0821256038647343,0.2524271844660194,0.1952535059331176,0.07999505583646184,332
489,0.08832168579101562,0.02112416060641053,0.013924837112426758,0.00047506850775799975,0.001,poly,MinMaxScaler(),12,0.0001,2.0,3.0,"{'Classifier__SVC__C': 0.001, 'Classifier__SVC__coef0': 2, 'Classifier__SVC__degree': 3, 'Classifier__SVC__gamma': 0.0001, 'Classifier__SVC__kernel': 'poly', 'Scaler': MinMaxScaler(), 'Selector__max_features': 12}",0.2318840579710145,0.0821256038647343,0.2524271844660194,0.1888122821005894,0.07590362528144096,601
490,0.07180500030517578,0.013344763999538566,0.016029755274454754,0.006274239237690869,0.001,poly,MinMaxScaler(),14,0.0001,2.0,3.0,"{'Classifier__SVC__C': 0.001, 'Classifier__SVC__coef0': 2, 'Classifier__SVC__degree': 3, 'Classifier__SVC__gamma': 0.0001, 'Classifier__SVC__kernel': 'poly', 'Scaler': MinMaxScaler(), 'Selector__max_features': 14}",0.2318840579710145,0.0821256038647343,0.2524271844660194,0.1888122821005894,0.07590362528144096,601
491,0.08663018544514973,0.004747329283456863,0.011845986048380533,0.0012305151019959572,0.001,poly,MinMaxScaler(),16,0.0001,2.0,3.0,"{'Classifier__SVC__C': 0.001, 'Classifier__SVC__coef0': 2, 'Classifier__SVC__degree': 3, 'Classifier__SVC__gamma': 0.0001, 'Classifier__SVC__kernel': 'poly', 'Scaler': MinMaxScaler(), 'Selector__max_features': 16}",0.2222222222222222,0.0821256038647343,0.2524271844660194,0.18559167018432532,0.0741934637542275,680
492,0.06781387329101562,0.017683195718994484,0.013321240743001303,0.0016616755619526,0.001,poly,MinMaxScaler(),18,0.0001,2.0,3.0,"{'Classifier__SVC__C': 0.001, 'Classifier__SVC__coef0': 2, 'Classifier__SVC__degree': 3, 'Classifier__SVC__gamma': 0.0001, 'Classifier__SVC__kernel': 'poly', 'Scaler': MinMaxScaler(), 'Selector__max_features': 18}",0.2222222222222222,0.0821256038647343,0.2524271844660194,0.18559167018432532,0.0741934637542275,680
493,0.05106782913208008,0.0017935757014069813,0.011173248291015625,0.0004461571660782989,0.001,poly,MinMaxScaler(),20,0.0001,2.0,3.0,"{'Classifier__SVC__C': 0.001, 'Classifier__SVC__coef0': 2, 'Classifier__SVC__degree': 3, 'Classifier__SVC__gamma': 0.0001, 'Classifier__SVC__kernel': 'poly', 'Scaler': MinMaxScaler(), 'Selector__max_features': 20}",0.2560386473429952,0.0821256038647343,0.2524271844660194,0.19686381189124966,0.08114556037097727,298
494,0.06099661191304525,0.017063188869860114,0.011847496032714844,0.0016054602348709484,0.001,poly,MinMaxScaler(),24,0.0001,2.0,3.0,"{'Classifier__SVC__C': 0.001, 'Classifier__SVC__coef0': 2, 'Classifier__SVC__degree': 3, 'Classifier__SVC__gamma': 0.0001, 'Classifier__SVC__kernel': 'poly', 'Scaler': MinMaxScaler(), 'Selector__max_features': 24}",0.25120772946859904,0.0821256038647343,0.2524271844660194,0.1952535059331176,0.07999505583646184,332
495,0.05183712641398112,0.004959379076850515,0.011926968892415365,0.0008343967303831835,0.001,poly,MinMaxScaler(),2,0.001,2.0,3.0,"{'Classifier__SVC__C': 0.001, 'Classifier__SVC__coef0': 2, 'Classifier__SVC__degree': 3, 'Classifier__SVC__gamma': 0.001, 'Classifier__SVC__kernel': 'poly', 'Scaler': MinMaxScaler(), 'Selector__max_features': 2}",0.18357487922705315,0.0821256038647343,0.2524271844660194,0.17270922251926893,0.0699485713963841,927
496,0.04975279172261556,0.0030007553522619964,0.013353745142618815,0.0016274865208516366,0.001,poly,MinMaxScaler(),4,0.001,2.0,3.0,"{'Classifier__SVC__C': 0.001, 'Classifier__SVC__coef0': 2, 'Classifier__SVC__degree': 3, 'Classifier__SVC__gamma': 0.001, 'Classifier__SVC__kernel': 'poly', 'Scaler': MinMaxScaler(), 'Selector__max_features': 4}",0.23671497584541062,0.0821256038647343,0.2524271844660194,0.19042258805872145,0.07684571540460756,553
497,0.053314526875813804,0.0029065592278818275,0.011729955673217773,0.000479677364499348,0.001,poly,MinMaxScaler(),6,0.001,2.0,3.0,"{'Classifier__SVC__C': 0.001, 'Classifier__SVC__coef0': 2, 'Classifier__SVC__degree': 3, 'Classifier__SVC__gamma': 0.001, 'Classifier__SVC__kernel': 'poly', 'Scaler': MinMaxScaler(), 'Selector__max_features': 6}",0.25120772946859904,0.0821256038647343,0.2524271844660194,0.1952535059331176,0.07999505583646184,332
498,0.05444073677062988,0.00601534996826523,0.010915279388427734,0.0002491336876526422,0.001,poly,MinMaxScaler(),8,0.001,2.0,3.0,"{'Classifier__SVC__C': 0.001, 'Classifier__SVC__coef0': 2, 'Classifier__SVC__degree': 3, 'Classifier__SVC__gamma': 0.001, 'Classifier__SVC__kernel': 'poly', 'Scaler': MinMaxScaler(), 'Selector__max_features': 8}",0.25120772946859904,0.0821256038647343,0.2524271844660194,0.1952535059331176,0.07999505583646184,332
499,0.06265775362650554,0.0112285498124129,0.011202653249104818,0.0008193786806831941,0.001,poly,MinMaxScaler(),10,0.001,2.0,3.0,"{'Classifier__SVC__C': 0.001, 'Classifier__SVC__coef0': 2, 'Classifier__SVC__degree': 3, 'Classifier__SVC__gamma': 0.001, 'Classifier__SVC__kernel': 'poly', 'Scaler': MinMaxScaler(), 'Selector__max_features': 10}",0.25120772946859904,0.0821256038647343,0.2524271844660194,0.1952535059331176,0.07999505583646184,332
500,0.07010889053344727,0.012088646645851894,0.011781454086303711,0.0006127966332274589,0.001,poly,MinMaxScaler(),12,0.001,2.0,3.0,"{'Classifier__SVC__C': 0.001, 'Classifier__SVC__coef0': 2, 'Classifier__SVC__degree': 3, 'Classifier__SVC__gamma': 0.001, 'Classifier__SVC__kernel': 'poly', 'Scaler': MinMaxScaler(), 'Selector__max_features': 12}",0.2318840579710145,0.0821256038647343,0.2524271844660194,0.1888122821005894,0.07590362528144096,601
501,0.059475104014078774,0.007378265527442316,0.012710889180501303,0.0010242014527775637,0.001,poly,MinMaxScaler(),14,0.001,2.0,3.0,"{'Classifier__SVC__C': 0.001, 'Classifier__SVC__coef0': 2, 'Classifier__SVC__degree': 3, 'Classifier__SVC__gamma': 0.001, 'Classifier__SVC__kernel': 'poly', 'Scaler': MinMaxScaler(), 'Selector__max_features': 14}",0.2318840579710145,0.0821256038647343,0.2524271844660194,0.1888122821005894,0.07590362528144096,601
502,0.06379119555155437,0.024003946490909665,0.015508890151977539,0.0046243818918681925,0.001,poly,MinMaxScaler(),16,0.001,2.0,3.0,"{'Classifier__SVC__C': 0.001, 'Classifier__SVC__coef0': 2, 'Classifier__SVC__degree': 3, 'Classifier__SVC__gamma': 0.001, 'Classifier__SVC__kernel': 'poly', 'Scaler': MinMaxScaler(), 'Selector__max_features': 16}",0.2222222222222222,0.0821256038647343,0.2524271844660194,0.18559167018432532,0.0741934637542275,680
503,0.05098414421081543,0.0016965372335880362,0.013848702112833658,0.0011240723816484447,0.001,poly,MinMaxScaler(),18,0.001,2.0,3.0,"{'Classifier__SVC__C': 0.001, 'Classifier__SVC__coef0': 2, 'Classifier__SVC__degree': 3, 'Classifier__SVC__gamma': 0.001, 'Classifier__SVC__kernel': 'poly', 'Scaler': MinMaxScaler(), 'Selector__max_features': 18}",0.2222222222222222,0.0821256038647343,0.2524271844660194,0.18559167018432532,0.0741934637542275,680
504,0.05184404055277506,0.005681285028878177,0.01160891850789388,0.0009121937695447029,0.001,poly,MinMaxScaler(),20,0.001,2.0,3.0,"{'Classifier__SVC__C': 0.001, 'Classifier__SVC__coef0': 2, 'Classifier__SVC__degree': 3, 'Classifier__SVC__gamma': 0.001, 'Classifier__SVC__kernel': 'poly', 'Scaler': MinMaxScaler(), 'Selector__max_features': 20}",0.2560386473429952,0.0821256038647343,0.2524271844660194,0.19686381189124966,0.08114556037097727,298
505,0.06105581919352213,0.006911353899625352,0.011429230372111002,0.001914539652815843,0.001,poly,MinMaxScaler(),24,0.001,2.0,3.0,"{'Classifier__SVC__C': 0.001, 'Classifier__SVC__coef0': 2, 'Classifier__SVC__degree': 3, 'Classifier__SVC__gamma': 0.001, 'Classifier__SVC__kernel': 'poly', 'Scaler': MinMaxScaler(), 'Selector__max_features': 24}",0.25120772946859904,0.0821256038647343,0.2524271844660194,0.1952535059331176,0.07999505583646184,332
506,0.045350233713785805,0.000702201078580289,0.011899471282958984,0.000344221662443314,0.001,poly,MinMaxScaler(),2,0.01,2.0,3.0,"{'Classifier__SVC__C': 0.001, 'Classifier__SVC__coef0': 2, 'Classifier__SVC__degree': 3, 'Classifier__SVC__gamma': 0.01, 'Classifier__SVC__kernel': 'poly', 'Scaler': MinMaxScaler(), 'Selector__max_features': 2}",0.18840579710144928,0.0821256038647343,0.2524271844660194,0.17431952847740098,0.0702351968348047,895
507,0.05152138074239095,0.0009421016422087943,0.01105793317159017,0.0004190530266305813,0.001,poly,MinMaxScaler(),4,0.01,2.0,3.0,"{'Classifier__SVC__C': 0.001, 'Classifier__SVC__coef0': 2, 'Classifier__SVC__degree': 3, 'Classifier__SVC__gamma': 0.01, 'Classifier__SVC__kernel': 'poly', 'Scaler': MinMaxScaler(), 'Selector__max_features': 4}",0.24154589371980675,0.0821256038647343,0.2524271844660194,0.1920328940168535,0.07784304697493322,493
508,0.0694731076558431,0.01768193286082476,0.01256100336710612,0.0015943284847739438,0.001,poly,MinMaxScaler(),6,0.01,2.0,3.0,"{'Classifier__SVC__C': 0.001, 'Classifier__SVC__coef0': 2, 'Classifier__SVC__degree': 3, 'Classifier__SVC__gamma': 0.01, 'Classifier__SVC__kernel': 'poly', 'Scaler': MinMaxScaler(), 'Selector__max_features': 6}",0.25120772946859904,0.0821256038647343,0.2524271844660194,0.1952535059331176,0.07999505583646184,332
509,0.04957914352416992,0.002642647104069428,0.011621554692586264,0.001077571558085035,0.001,poly,MinMaxScaler(),8,0.01,2.0,3.0,"{'Classifier__SVC__C': 0.001, 'Classifier__SVC__coef0': 2, 'Classifier__SVC__degree': 3, 'Classifier__SVC__gamma': 0.01, 'Classifier__SVC__kernel': 'poly', 'Scaler': MinMaxScaler(), 'Selector__max_features': 8}",0.2463768115942029,0.0821256038647343,0.2524271844660194,0.19364319997498555,0.07889352501791616,457
510,0.05205074946085612,0.003446290368850484,0.012035369873046875,0.0007560487347779377,0.001,poly,MinMaxScaler(),10,0.01,2.0,3.0,"{'Classifier__SVC__C': 0.001, 'Classifier__SVC__coef0': 2, 'Classifier__SVC__degree': 3, 'Classifier__SVC__gamma': 0.01, 'Classifier__SVC__kernel': 'poly', 'Scaler': MinMaxScaler(), 'Selector__max_features': 10}",0.25120772946859904,0.0821256038647343,0.2524271844660194,0.1952535059331176,0.07999505583646184,332
511,0.05100552241007487,0.0017217907540952916,0.012348651885986328,0.0009064720781780423,0.001,poly,MinMaxScaler(),12,0.01,2.0,3.0,"{'Classifier__SVC__C': 0.001, 'Classifier__SVC__coef0': 2, 'Classifier__SVC__degree': 3, 'Classifier__SVC__gamma': 0.01, 'Classifier__SVC__kernel': 'poly', 'Scaler': MinMaxScaler(), 'Selector__max_features': 12}",0.23671497584541062,0.0821256038647343,0.2524271844660194,0.19042258805872145,0.07684571540460756,553
512,0.05645283063252767,0.001955209568308249,0.013563156127929688,0.0032128512148197528,0.001,poly,MinMaxScaler(),14,0.01,2.0,3.0,"{'Classifier__SVC__C': 0.001, 'Classifier__SVC__coef0': 2, 'Classifier__SVC__degree': 3, 'Classifier__SVC__gamma': 0.01, 'Classifier__SVC__kernel': 'poly', 'Scaler': MinMaxScaler(), 'Selector__max_features': 14}",0.2318840579710145,0.0821256038647343,0.2524271844660194,0.1888122821005894,0.07590362528144096,601
513,0.06510496139526367,0.018291450769140627,0.01095143953959147,0.0008381642891527849,0.001,poly,MinMaxScaler(),16,0.01,2.0,3.0,"{'Classifier__SVC__C': 0.001, 'Classifier__SVC__coef0': 2, 'Classifier__SVC__degree': 3, 'Classifier__SVC__gamma': 0.01, 'Classifier__SVC__kernel': 'poly', 'Scaler': MinMaxScaler(), 'Selector__max_features': 16}",0.2222222222222222,0.0821256038647343,0.2524271844660194,0.18559167018432532,0.0741934637542275,680
514,0.05563203493754069,0.007395065738190234,0.012444496154785156,0.0014092768332864736,0.001,poly,MinMaxScaler(),18,0.01,2.0,3.0,"{'Classifier__SVC__C': 0.001, 'Classifier__SVC__coef0': 2, 'Classifier__SVC__degree': 3, 'Classifier__SVC__gamma': 0.01, 'Classifier__SVC__kernel': 'poly', 'Scaler': MinMaxScaler(), 'Selector__max_features': 18}",0.21739130434782608,0.0821256038647343,0.2524271844660194,0.18398136422619327,0.07342944533370029,742
515,0.05645116170247396,0.005672547989137512,0.012293656667073568,0.000666129629744771,0.001,poly,MinMaxScaler(),20,0.01,2.0,3.0,"{'Classifier__SVC__C': 0.001, 'Classifier__SVC__coef0': 2, 'Classifier__SVC__degree': 3, 'Classifier__SVC__gamma': 0.01, 'Classifier__SVC__kernel': 'poly', 'Scaler': MinMaxScaler(), 'Selector__max_features': 20}",0.2560386473429952,0.0821256038647343,0.2524271844660194,0.19686381189124966,0.08114556037097727,298
516,0.05151820182800293,0.004253912051063537,0.012167135874430338,0.0007612683286249284,0.001,poly,MinMaxScaler(),24,0.01,2.0,3.0,"{'Classifier__SVC__C': 0.001, 'Classifier__SVC__coef0': 2, 'Classifier__SVC__degree': 3, 'Classifier__SVC__gamma': 0.01, 'Classifier__SVC__kernel': 'poly', 'Scaler': MinMaxScaler(), 'Selector__max_features': 24}",0.2463768115942029,0.0821256038647343,0.2524271844660194,0.19364319997498555,0.07889352501791616,457
517,0.06565181414286296,0.021210879328359262,0.01220393180847168,0.0020502509111136637,0.001,poly,MinMaxScaler(),2,0.1,2.0,3.0,"{'Classifier__SVC__C': 0.001, 'Classifier__SVC__coef0': 2, 'Classifier__SVC__degree': 3, 'Classifier__SVC__gamma': 0.1, 'Classifier__SVC__kernel': 'poly', 'Scaler': MinMaxScaler(), 'Selector__max_features': 2}",0.18840579710144928,0.0821256038647343,0.2524271844660194,0.17431952847740098,0.0702351968348047,895
518,0.05254467328389486,0.010474890348287682,0.011376142501831055,0.0006400283587402117,0.001,poly,MinMaxScaler(),4,0.1,2.0,3.0,"{'Classifier__SVC__C': 0.001, 'Classifier__SVC__coef0': 2, 'Classifier__SVC__degree': 3, 'Classifier__SVC__gamma': 0.1, 'Classifier__SVC__kernel': 'poly', 'Scaler': MinMaxScaler(), 'Selector__max_features': 4}",0.2608695652173913,0.0821256038647343,0.2524271844660194,0.19847411784938165,0.08234298584989717,258
519,0.058286428451538086,0.012396797739931362,0.011500994364420572,0.002223900894398144,0.001,poly,MinMaxScaler(),6,0.1,2.0,3.0,"{'Classifier__SVC__C': 0.001, 'Classifier__SVC__coef0': 2, 'Classifier__SVC__degree': 3, 'Classifier__SVC__gamma': 0.1, 'Classifier__SVC__kernel': 'poly', 'Scaler': MinMaxScaler(), 'Selector__max_features': 6}",0.25120772946859904,0.0821256038647343,0.2524271844660194,0.1952535059331176,0.07999505583646184,332
520,0.05916555722554525,0.01989968423483532,0.011761983235677084,0.00027237221564689634,0.001,poly,MinMaxScaler(),8,0.1,2.0,3.0,"{'Classifier__SVC__C': 0.001, 'Classifier__SVC__coef0': 2, 'Classifier__SVC__degree': 3, 'Classifier__SVC__gamma': 0.1, 'Classifier__SVC__kernel': 'poly', 'Scaler': MinMaxScaler(), 'Selector__max_features': 8}",0.27053140096618356,0.0821256038647343,0.2524271844660194,0.20169472976564576,0.08487057819724578,198
521,0.05788413683573405,0.008525264381680617,0.011106650034586588,0.0011967434979267028,0.001,poly,MinMaxScaler(),10,0.1,2.0,3.0,"{'Classifier__SVC__C': 0.001, 'Classifier__SVC__coef0': 2, 'Classifier__SVC__degree': 3, 'Classifier__SVC__gamma': 0.1, 'Classifier__SVC__kernel': 'poly', 'Scaler': MinMaxScaler(), 'Selector__max_features': 10}",0.2463768115942029,0.0821256038647343,0.2524271844660194,0.19364319997498555,0.07889352501791616,457
522,0.058617194493611656,0.017423840201965364,0.011881589889526367,0.0019284570151367674,0.001,poly,MinMaxScaler(),12,0.1,2.0,3.0,"{'Classifier__SVC__C': 0.001, 'Classifier__SVC__coef0': 2, 'Classifier__SVC__degree': 3, 'Classifier__SVC__gamma': 0.1, 'Classifier__SVC__kernel': 'poly', 'Scaler': MinMaxScaler(), 'Selector__max_features': 12}",0.24154589371980675,0.0821256038647343,0.2524271844660194,0.1920328940168535,0.07784304697493322,493
523,0.049486239751180015,0.004381477590575788,0.01560052235921224,0.005668654216705302,0.001,poly,MinMaxScaler(),14,0.1,2.0,3.0,"{'Classifier__SVC__C': 0.001, 'Classifier__SVC__coef0': 2, 'Classifier__SVC__degree': 3, 'Classifier__SVC__gamma': 0.1, 'Classifier__SVC__kernel': 'poly', 'Scaler': MinMaxScaler(), 'Selector__max_features': 14}",0.24154589371980675,0.0821256038647343,0.2524271844660194,0.1920328940168535,0.07784304697493322,493
524,0.05080906550089518,0.0016704214826798573,0.012468894322713217,0.0013470571277656336,0.001,poly,MinMaxScaler(),16,0.1,2.0,3.0,"{'Classifier__SVC__C': 0.001, 'Classifier__SVC__coef0': 2, 'Classifier__SVC__degree': 3, 'Classifier__SVC__gamma': 0.1, 'Classifier__SVC__kernel': 'poly', 'Scaler': MinMaxScaler(), 'Selector__max_features': 16}",0.2222222222222222,0.0821256038647343,0.2524271844660194,0.18559167018432532,0.0741934637542275,680
525,0.05730541547139486,0.01864976384755789,0.014377752939860025,0.004175349712060697,0.001,poly,MinMaxScaler(),18,0.1,2.0,3.0,"{'Classifier__SVC__C': 0.001, 'Classifier__SVC__coef0': 2, 'Classifier__SVC__degree': 3, 'Classifier__SVC__gamma': 0.1, 'Classifier__SVC__kernel': 'poly', 'Scaler': MinMaxScaler(), 'Selector__max_features': 18}",0.2222222222222222,0.0821256038647343,0.2524271844660194,0.18559167018432532,0.0741934637542275,680
526,0.04920490582784017,0.011640026756270806,0.010635058085123697,0.0026574136775572845,0.001,poly,MinMaxScaler(),20,0.1,2.0,3.0,"{'Classifier__SVC__C': 0.001, 'Classifier__SVC__coef0': 2, 'Classifier__SVC__degree': 3, 'Classifier__SVC__gamma': 0.1, 'Classifier__SVC__kernel': 'poly', 'Scaler': MinMaxScaler(), 'Selector__max_features': 20}",0.25120772946859904,0.0821256038647343,0.2524271844660194,0.1952535059331176,0.07999505583646184,332
527,0.05332199732462565,0.011702379555370245,0.010755379994710287,0.0030306626320754856,0.001,poly,MinMaxScaler(),24,0.1,2.0,3.0,"{'Classifier__SVC__C': 0.001, 'Classifier__SVC__coef0': 2, 'Classifier__SVC__degree': 3, 'Classifier__SVC__gamma': 0.1, 'Classifier__SVC__kernel': 'poly', 'Scaler': MinMaxScaler(), 'Selector__max_features': 24}",0.23671497584541062,0.0821256038647343,0.2524271844660194,0.19042258805872145,0.07684571540460756,553
528,0.04798483848571777,0.0017281459173815485,0.011078516642252604,6.4279739869089735e-06,0.001,poly,MinMaxScaler(),2,0.0001,2.0,5.0,"{'Classifier__SVC__C': 0.001, 'Classifier__SVC__coef0': 2, 'Classifier__SVC__degree': 5, 'Classifier__SVC__gamma': 0.0001, 'Classifier__SVC__kernel': 'poly', 'Scaler': MinMaxScaler(), 'Selector__max_features': 2}",0.18357487922705315,0.0821256038647343,0.2524271844660194,0.17270922251926893,0.0699485713963841,927
529,0.06158296267191569,0.011315315439066881,0.011910676956176758,0.00021677070007282304,0.001,poly,MinMaxScaler(),4,0.0001,2.0,5.0,"{'Classifier__SVC__C': 0.001, 'Classifier__SVC__coef0': 2, 'Classifier__SVC__degree': 5, 'Classifier__SVC__gamma': 0.0001, 'Classifier__SVC__kernel': 'poly', 'Scaler': MinMaxScaler(), 'Selector__max_features': 4}",0.23671497584541062,0.0821256038647343,0.2524271844660194,0.19042258805872145,0.07684571540460756,553
530,0.05516171455383301,0.012826517394531658,0.011104106903076172,0.00021233205815914606,0.001,poly,MinMaxScaler(),6,0.0001,2.0,5.0,"{'Classifier__SVC__C': 0.001, 'Classifier__SVC__coef0': 2, 'Classifier__SVC__degree': 5, 'Classifier__SVC__gamma': 0.0001, 'Classifier__SVC__kernel': 'poly', 'Scaler': MinMaxScaler(), 'Selector__max_features': 6}",0.25120772946859904,0.0821256038647343,0.2524271844660194,0.1952535059331176,0.07999505583646184,332
531,0.05810999870300293,0.025800428871285686,0.010103225708007812,0.0021859685201111373,0.001,poly,MinMaxScaler(),8,0.0001,2.0,5.0,"{'Classifier__SVC__C': 0.001, 'Classifier__SVC__coef0': 2, 'Classifier__SVC__degree': 5, 'Classifier__SVC__gamma': 0.0001, 'Classifier__SVC__kernel': 'poly', 'Scaler': MinMaxScaler(), 'Selector__max_features': 8}",0.25120772946859904,0.0821256038647343,0.2524271844660194,0.1952535059331176,0.07999505583646184,332
532,0.047575950622558594,0.00918054430848709,0.011411507924397787,0.00041812942619396385,0.001,poly,MinMaxScaler(),10,0.0001,2.0,5.0,"{'Classifier__SVC__C': 0.001, 'Classifier__SVC__coef0': 2, 'Classifier__SVC__degree': 5, 'Classifier__SVC__gamma': 0.0001, 'Classifier__SVC__kernel': 'poly', 'Scaler': MinMaxScaler(), 'Selector__max_features': 10}",0.25120772946859904,0.0821256038647343,0.2524271844660194,0.1952535059331176,0.07999505583646184,332
533,0.043618361155192055,0.005368198512009652,0.0119325319925944,0.004577317530268023,0.001,poly,MinMaxScaler(),12,0.0001,2.0,5.0,"{'Classifier__SVC__C': 0.001, 'Classifier__SVC__coef0': 2, 'Classifier__SVC__degree': 5, 'Classifier__SVC__gamma': 0.0001, 'Classifier__SVC__kernel': 'poly', 'Scaler': MinMaxScaler(), 'Selector__max_features': 12}",0.2318840579710145,0.0821256038647343,0.2524271844660194,0.1888122821005894,0.07590362528144096,601
534,0.054856459299723305,0.01270751167833642,0.012664556503295898,0.0016001497823782376,0.001,poly,MinMaxScaler(),14,0.0001,2.0,5.0,"{'Classifier__SVC__C': 0.001, 'Classifier__SVC__coef0': 2, 'Classifier__SVC__degree': 5, 'Classifier__SVC__gamma': 0.0001, 'Classifier__SVC__kernel': 'poly', 'Scaler': MinMaxScaler(), 'Selector__max_features': 14}",0.2318840579710145,0.0821256038647343,0.2524271844660194,0.1888122821005894,0.07590362528144096,601
535,0.057637929916381836,0.013552216952031874,0.011585712432861328,0.00024061053695548094,0.001,poly,MinMaxScaler(),16,0.0001,2.0,5.0,"{'Classifier__SVC__C': 0.001, 'Classifier__SVC__coef0': 2, 'Classifier__SVC__degree': 5, 'Classifier__SVC__gamma': 0.0001, 'Classifier__SVC__kernel': 'poly', 'Scaler': MinMaxScaler(), 'Selector__max_features': 16}",0.2222222222222222,0.0821256038647343,0.2524271844660194,0.18559167018432532,0.0741934637542275,680
536,0.04790997505187988,0.005659091915915687,0.017342249552408855,0.008726842765052879,0.001,poly,MinMaxScaler(),18,0.0001,2.0,5.0,"{'Classifier__SVC__C': 0.001, 'Classifier__SVC__coef0': 2, 'Classifier__SVC__degree': 5, 'Classifier__SVC__gamma': 0.0001, 'Classifier__SVC__kernel': 'poly', 'Scaler': MinMaxScaler(), 'Selector__max_features': 18}",0.2222222222222222,0.0821256038647343,0.2524271844660194,0.18559167018432532,0.0741934637542275,680
537,0.0564885139465332,0.018862588216631854,0.009577433268229166,0.0025464210320538506,0.001,poly,MinMaxScaler(),20,0.0001,2.0,5.0,"{'Classifier__SVC__C': 0.001, 'Classifier__SVC__coef0': 2, 'Classifier__SVC__degree': 5, 'Classifier__SVC__gamma': 0.0001, 'Classifier__SVC__kernel': 'poly', 'Scaler': MinMaxScaler(), 'Selector__max_features': 20}",0.2560386473429952,0.0821256038647343,0.2524271844660194,0.19686381189124966,0.08114556037097727,298
538,0.04585758845011393,0.008976329796478635,0.010868072509765625,0.00020452895912610546,0.001,poly,MinMaxScaler(),24,0.0001,2.0,5.0,"{'Classifier__SVC__C': 0.001, 'Classifier__SVC__coef0': 2, 'Classifier__SVC__degree': 5, 'Classifier__SVC__gamma': 0.0001, 'Classifier__SVC__kernel': 'poly', 'Scaler': MinMaxScaler(), 'Selector__max_features': 24}",0.25120772946859904,0.0821256038647343,0.2524271844660194,0.1952535059331176,0.07999505583646184,332
539,0.05137960116068522,0.002181863935837736,0.013068358103434244,0.0024068224469745757,0.001,poly,MinMaxScaler(),2,0.001,2.0,5.0,"{'Classifier__SVC__C': 0.001, 'Classifier__SVC__coef0': 2, 'Classifier__SVC__degree': 5, 'Classifier__SVC__gamma': 0.001, 'Classifier__SVC__kernel': 'poly', 'Scaler': MinMaxScaler(), 'Selector__max_features': 2}",0.18357487922705315,0.0821256038647343,0.2524271844660194,0.17270922251926893,0.0699485713963841,927
540,0.0460209846496582,0.006828268366148372,0.011582612991333008,0.0008506690929765315,0.001,poly,MinMaxScaler(),4,0.001,2.0,5.0,"{'Classifier__SVC__C': 0.001, 'Classifier__SVC__coef0': 2, 'Classifier__SVC__degree': 5, 'Classifier__SVC__gamma': 0.001, 'Classifier__SVC__kernel': 'poly', 'Scaler': MinMaxScaler(), 'Selector__max_features': 4}",0.23671497584541062,0.0821256038647343,0.2524271844660194,0.19042258805872145,0.07684571540460756,553
541,0.04659914970397949,0.0038231304055569124,0.011606693267822266,0.0012323636721351728,0.001,poly,MinMaxScaler(),6,0.001,2.0,5.0,"{'Classifier__SVC__C': 0.001, 'Classifier__SVC__coef0': 2, 'Classifier__SVC__degree': 5, 'Classifier__SVC__gamma': 0.001, 'Classifier__SVC__kernel': 'poly', 'Scaler': MinMaxScaler(), 'Selector__max_features': 6}",0.25120772946859904,0.0821256038647343,0.2524271844660194,0.1952535059331176,0.07999505583646184,332
542,0.05469282468159994,0.014643789599219938,0.011561393737792969,0.0010859946300796688,0.001,poly,MinMaxScaler(),8,0.001,2.0,5.0,"{'Classifier__SVC__C': 0.001, 'Classifier__SVC__coef0': 2, 'Classifier__SVC__degree': 5, 'Classifier__SVC__gamma': 0.001, 'Classifier__SVC__kernel': 'poly', 'Scaler': MinMaxScaler(), 'Selector__max_features': 8}",0.25120772946859904,0.0821256038647343,0.2524271844660194,0.1952535059331176,0.07999505583646184,332
543,0.049385786056518555,0.0043475450844522295,0.011397679646809896,0.0002629722222431293,0.001,poly,MinMaxScaler(),10,0.001,2.0,5.0,"{'Classifier__SVC__C': 0.001, 'Classifier__SVC__coef0': 2, 'Classifier__SVC__degree': 5, 'Classifier__SVC__gamma': 0.001, 'Classifier__SVC__kernel': 'poly', 'Scaler': MinMaxScaler(), 'Selector__max_features': 10}",0.25120772946859904,0.0821256038647343,0.2524271844660194,0.1952535059331176,0.07999505583646184,332
544,0.05747834841410319,0.006617509111880921,0.011835416158040365,0.001148780321670783,0.001,poly,MinMaxScaler(),12,0.001,2.0,5.0,"{'Classifier__SVC__C': 0.001, 'Classifier__SVC__coef0': 2, 'Classifier__SVC__degree': 5, 'Classifier__SVC__gamma': 0.001, 'Classifier__SVC__kernel': 'poly', 'Scaler': MinMaxScaler(), 'Selector__max_features': 12}",0.2318840579710145,0.0821256038647343,0.2524271844660194,0.1888122821005894,0.07590362528144096,601
545,0.04615124066670736,0.004744912321925318,0.011337518692016602,0.0012580627691003486,0.001,poly,MinMaxScaler(),14,0.001,2.0,5.0,"{'Classifier__SVC__C': 0.001, 'Classifier__SVC__coef0': 2, 'Classifier__SVC__degree': 5, 'Classifier__SVC__gamma': 0.001, 'Classifier__SVC__kernel': 'poly', 'Scaler': MinMaxScaler(), 'Selector__max_features': 14}",0.2318840579710145,0.0821256038647343,0.2524271844660194,0.1888122821005894,0.07590362528144096,601
546,0.046657721201578774,0.0006868969142838901,0.011217355728149414,0.00021702124556578247,0.001,poly,MinMaxScaler(),16,0.001,2.0,5.0,"{'Classifier__SVC__C': 0.001, 'Classifier__SVC__coef0': 2, 'Classifier__SVC__degree': 5, 'Classifier__SVC__gamma': 0.001, 'Classifier__SVC__kernel': 'poly', 'Scaler': MinMaxScaler(), 'Selector__max_features': 16}",0.2222222222222222,0.0821256038647343,0.2524271844660194,0.18559167018432532,0.0741934637542275,680
547,0.05884114901224772,0.007170454808572462,0.01270143191019694,0.0006459397298589599,0.001,poly,MinMaxScaler(),18,0.001,2.0,5.0,"{'Classifier__SVC__C': 0.001, 'Classifier__SVC__coef0': 2, 'Classifier__SVC__degree': 5, 'Classifier__SVC__gamma': 0.001, 'Classifier__SVC__kernel': 'poly', 'Scaler': MinMaxScaler(), 'Selector__max_features': 18}",0.2222222222222222,0.0821256038647343,0.2524271844660194,0.18559167018432532,0.0741934637542275,680
548,0.04992206891377767,0.004453671809561003,0.011190176010131836,0.0010425045326261848,0.001,poly,MinMaxScaler(),20,0.001,2.0,5.0,"{'Classifier__SVC__C': 0.001, 'Classifier__SVC__coef0': 2, 'Classifier__SVC__degree': 5, 'Classifier__SVC__gamma': 0.001, 'Classifier__SVC__kernel': 'poly', 'Scaler': MinMaxScaler(), 'Selector__max_features': 20}",0.2560386473429952,0.0821256038647343,0.2524271844660194,0.19686381189124966,0.08114556037097727,298
549,0.06072187423706055,0.012619402145648075,0.011300007502237955,0.000625718234340357,0.001,poly,MinMaxScaler(),24,0.001,2.0,5.0,"{'Classifier__SVC__C': 0.001, 'Classifier__SVC__coef0': 2, 'Classifier__SVC__degree': 5, 'Classifier__SVC__gamma': 0.001, 'Classifier__SVC__kernel': 'poly', 'Scaler': MinMaxScaler(), 'Selector__max_features': 24}",0.25120772946859904,0.0821256038647343,0.2524271844660194,0.1952535059331176,0.07999505583646184,332
550,0.06190331776936849,0.026602603456431038,0.011749664942423502,0.001284018766461848,0.001,poly,MinMaxScaler(),2,0.01,2.0,5.0,"{'Classifier__SVC__C': 0.001, 'Classifier__SVC__coef0': 2, 'Classifier__SVC__degree': 5, 'Classifier__SVC__gamma': 0.01, 'Classifier__SVC__kernel': 'poly', 'Scaler': MinMaxScaler(), 'Selector__max_features': 2}",0.18840579710144928,0.0821256038647343,0.2524271844660194,0.17431952847740098,0.0702351968348047,895
551,0.04956897099812826,0.0033783907405368586,0.012194554011027018,0.0011614277862461938,0.001,poly,MinMaxScaler(),4,0.01,2.0,5.0,"{'Classifier__SVC__C': 0.001, 'Classifier__SVC__coef0': 2, 'Classifier__SVC__degree': 5, 'Classifier__SVC__gamma': 0.01, 'Classifier__SVC__kernel': 'poly', 'Scaler': MinMaxScaler(), 'Selector__max_features': 4}",0.24154589371980675,0.0821256038647343,0.2524271844660194,0.1920328940168535,0.07784304697493322,493
552,0.04747875531514486,0.0017367862351947438,0.010950088500976562,0.00028284771493219886,0.001,poly,MinMaxScaler(),6,0.01,2.0,5.0,"{'Classifier__SVC__C': 0.001, 'Classifier__SVC__coef0': 2, 'Classifier__SVC__degree': 5, 'Classifier__SVC__gamma': 0.01, 'Classifier__SVC__kernel': 'poly', 'Scaler': MinMaxScaler(), 'Selector__max_features': 6}",0.25120772946859904,0.0821256038647343,0.2524271844660194,0.1952535059331176,0.07999505583646184,332
553,0.049453020095825195,0.003677725851823667,0.011038859685262045,0.00042109159495117785,0.001,poly,MinMaxScaler(),8,0.01,2.0,5.0,"{'Classifier__SVC__C': 0.001, 'Classifier__SVC__coef0': 2, 'Classifier__SVC__degree': 5, 'Classifier__SVC__gamma': 0.01, 'Classifier__SVC__kernel': 'poly', 'Scaler': MinMaxScaler(), 'Selector__max_features': 8}",0.24154589371980675,0.0821256038647343,0.2524271844660194,0.1920328940168535,0.07784304697493322,493
554,0.05069915453592936,0.008173732931270142,0.012078444163004557,1.3044689813389328e-05,0.001,poly,MinMaxScaler(),10,0.01,2.0,5.0,"{'Classifier__SVC__C': 0.001, 'Classifier__SVC__coef0': 2, 'Classifier__SVC__degree': 5, 'Classifier__SVC__gamma': 0.01, 'Classifier__SVC__kernel': 'poly', 'Scaler': MinMaxScaler(), 'Selector__max_features': 10}",0.25120772946859904,0.0821256038647343,0.2524271844660194,0.1952535059331176,0.07999505583646184,332
555,0.0563350518544515,0.006008937263940176,0.012630144755045572,0.0014900183878744388,0.001,poly,MinMaxScaler(),12,0.01,2.0,5.0,"{'Classifier__SVC__C': 0.001, 'Classifier__SVC__coef0': 2, 'Classifier__SVC__degree': 5, 'Classifier__SVC__gamma': 0.01, 'Classifier__SVC__kernel': 'poly', 'Scaler': MinMaxScaler(), 'Selector__max_features': 12}",0.2463768115942029,0.0821256038647343,0.2524271844660194,0.19364319997498555,0.07889352501791616,457
556,0.05250008900960287,0.006212307754453663,0.014399131139119467,0.0022559397294289922,0.001,poly,MinMaxScaler(),14,0.01,2.0,5.0,"{'Classifier__SVC__C': 0.001, 'Classifier__SVC__coef0': 2, 'Classifier__SVC__degree': 5, 'Classifier__SVC__gamma': 0.01, 'Classifier__SVC__kernel': 'poly', 'Scaler': MinMaxScaler(), 'Selector__max_features': 14}",0.2318840579710145,0.0821256038647343,0.2524271844660194,0.1888122821005894,0.07590362528144096,601
557,0.04736471176147461,0.003208134484195848,0.011464675267537435,0.0009464293564802072,0.001,poly,MinMaxScaler(),16,0.01,2.0,5.0,"{'Classifier__SVC__C': 0.001, 'Classifier__SVC__coef0': 2, 'Classifier__SVC__degree': 5, 'Classifier__SVC__gamma': 0.01, 'Classifier__SVC__kernel': 'poly', 'Scaler': MinMaxScaler(), 'Selector__max_features': 16}",0.2222222222222222,0.0821256038647343,0.2524271844660194,0.18559167018432532,0.0741934637542275,680
558,0.05037808418273926,0.0029000256189523595,0.01237924893697103,0.001667855340579028,0.001,poly,MinMaxScaler(),18,0.01,2.0,5.0,"{'Classifier__SVC__C': 0.001, 'Classifier__SVC__coef0': 2, 'Classifier__SVC__degree': 5, 'Classifier__SVC__gamma': 0.01, 'Classifier__SVC__kernel': 'poly', 'Scaler': MinMaxScaler(), 'Selector__max_features': 18}",0.2222222222222222,0.0821256038647343,0.2524271844660194,0.18559167018432532,0.0741934637542275,680
559,0.05173635482788086,0.0018105804002052329,0.011706670125325521,0.0012713186351733258,0.001,poly,MinMaxScaler(),20,0.01,2.0,5.0,"{'Classifier__SVC__C': 0.001, 'Classifier__SVC__coef0': 2, 'Classifier__SVC__degree': 5, 'Classifier__SVC__gamma': 0.01, 'Classifier__SVC__kernel': 'poly', 'Scaler': MinMaxScaler(), 'Selector__max_features': 20}",0.2560386473429952,0.0821256038647343,0.2524271844660194,0.19686381189124966,0.08114556037097727,298
560,0.0549009641011556,0.010123853285209629,0.012341022491455078,0.0019643276588607265,0.001,poly,MinMaxScaler(),24,0.01,2.0,5.0,"{'Classifier__SVC__C': 0.001, 'Classifier__SVC__coef0': 2, 'Classifier__SVC__degree': 5, 'Classifier__SVC__gamma': 0.01, 'Classifier__SVC__kernel': 'poly', 'Scaler': MinMaxScaler(), 'Selector__max_features': 24}",0.2463768115942029,0.0821256038647343,0.2524271844660194,0.19364319997498555,0.07889352501791616,457
561,0.0466312567392985,0.001974615022675312,0.011317014694213867,0.0008928689735551377,0.001,poly,MinMaxScaler(),2,0.1,2.0,5.0,"{'Classifier__SVC__C': 0.001, 'Classifier__SVC__coef0': 2, 'Classifier__SVC__degree': 5, 'Classifier__SVC__gamma': 0.1, 'Classifier__SVC__kernel': 'poly', 'Scaler': MinMaxScaler(), 'Selector__max_features': 2}",0.21739130434782608,0.0821256038647343,0.2524271844660194,0.18398136422619327,0.07342944533370029,742
562,0.0512694517771403,0.005747170213949291,0.011231342951456705,0.0012001336295014734,0.001,poly,MinMaxScaler(),4,0.1,2.0,5.0,"{'Classifier__SVC__C': 0.001, 'Classifier__SVC__coef0': 2, 'Classifier__SVC__degree': 5, 'Classifier__SVC__gamma': 0.1, 'Classifier__SVC__kernel': 'poly', 'Scaler': MinMaxScaler(), 'Selector__max_features': 4}",0.26570048309178745,0.0821256038647343,0.2524271844660194,0.2000844238075137,0.08358531575909728,210
563,0.05479534467061361,0.003409028792282735,0.010811646779378256,0.0005721731088949981,0.001,poly,MinMaxScaler(),6,0.1,2.0,5.0,"{'Classifier__SVC__C': 0.001, 'Classifier__SVC__coef0': 2, 'Classifier__SVC__degree': 5, 'Classifier__SVC__gamma': 0.1, 'Classifier__SVC__kernel': 'poly', 'Scaler': MinMaxScaler(), 'Selector__max_features': 6}",0.27053140096618356,0.0821256038647343,0.2524271844660194,0.20169472976564576,0.08487057819724578,198
564,0.04773052533467611,0.0047135349483893975,0.012769858042399088,0.0017092454616883222,0.001,poly,MinMaxScaler(),8,0.1,2.0,5.0,"{'Classifier__SVC__C': 0.001, 'Classifier__SVC__coef0': 2, 'Classifier__SVC__degree': 5, 'Classifier__SVC__gamma': 0.1, 'Classifier__SVC__kernel': 'poly', 'Scaler': MinMaxScaler(), 'Selector__max_features': 8}",0.28019323671497587,0.0821256038647343,0.2524271844660194,0.20491534168190986,0.08756227574049218,156
565,0.06291683514912923,0.01388143430584397,0.010340054829915365,0.0026179023867243328,0.001,poly,MinMaxScaler(),10,0.1,2.0,5.0,"{'Classifier__SVC__C': 0.001, 'Classifier__SVC__coef0': 2, 'Classifier__SVC__degree': 5, 'Classifier__SVC__gamma': 0.1, 'Classifier__SVC__kernel': 'poly', 'Scaler': MinMaxScaler(), 'Selector__max_features': 10}",0.25120772946859904,0.0821256038647343,0.2524271844660194,0.1952535059331176,0.07999505583646184,332
566,0.05035320917765299,0.003446774210968658,0.011434316635131836,0.0013377677450298491,0.001,poly,MinMaxScaler(),12,0.1,2.0,5.0,"{'Classifier__SVC__C': 0.001, 'Classifier__SVC__coef0': 2, 'Classifier__SVC__degree': 5, 'Classifier__SVC__gamma': 0.1, 'Classifier__SVC__kernel': 'poly', 'Scaler': MinMaxScaler(), 'Selector__max_features': 12}",0.25120772946859904,0.0821256038647343,0.2524271844660194,0.1952535059331176,0.07999505583646184,332
567,0.0560911496480306,0.004746611194217806,0.01300517717997233,0.001133154611687294,0.001,poly,MinMaxScaler(),14,0.1,2.0,5.0,"{'Classifier__SVC__C': 0.001, 'Classifier__SVC__coef0': 2, 'Classifier__SVC__degree': 5, 'Classifier__SVC__gamma': 0.1, 'Classifier__SVC__kernel': 'poly', 'Scaler': MinMaxScaler(), 'Selector__max_features': 14}",0.23671497584541062,0.0821256038647343,0.2524271844660194,0.19042258805872145,0.07684571540460756,553
568,0.05342968304951986,0.00449142559620038,0.01255472501118978,0.001009561776446937,0.001,poly,MinMaxScaler(),16,0.1,2.0,5.0,"{'Classifier__SVC__C': 0.001, 'Classifier__SVC__coef0': 2, 'Classifier__SVC__degree': 5, 'Classifier__SVC__gamma': 0.1, 'Classifier__SVC__kernel': 'poly', 'Scaler': MinMaxScaler(), 'Selector__max_features': 16}",0.24154589371980675,0.0821256038647343,0.23786407766990292,0.18717852508481467,0.07429883864058998,649
569,0.05074024200439453,0.0027639926715479933,0.010967175165812174,9.879668801393633e-05,0.001,poly,MinMaxScaler(),18,0.1,2.0,5.0,"{'Classifier__SVC__C': 0.001, 'Classifier__SVC__coef0': 2, 'Classifier__SVC__degree': 5, 'Classifier__SVC__gamma': 0.1, 'Classifier__SVC__kernel': 'poly', 'Scaler': MinMaxScaler(), 'Selector__max_features': 18}",0.2318840579710145,0.0821256038647343,0.23300970873786409,0.18233979019120428,0.07086362079477998,795
570,0.04664921760559082,0.0014857438346685219,0.014810403188069662,0.007045193536586863,0.001,poly,MinMaxScaler(),20,0.1,2.0,5.0,"{'Classifier__SVC__C': 0.001, 'Classifier__SVC__coef0': 2, 'Classifier__SVC__degree': 5, 'Classifier__SVC__gamma': 0.1, 'Classifier__SVC__kernel': 'poly', 'Scaler': MinMaxScaler(), 'Selector__max_features': 20}",0.2560386473429952,0.0821256038647343,0.22815533980582525,0.18877319700451825,0.07626555164548307,634
571,0.05878567695617676,0.01320944304600803,0.013165553410847982,0.0006436437482090884,0.001,poly,MinMaxScaler(),24,0.1,2.0,5.0,"{'Classifier__SVC__C': 0.001, 'Classifier__SVC__coef0': 2, 'Classifier__SVC__degree': 5, 'Classifier__SVC__gamma': 0.1, 'Classifier__SVC__kernel': 'poly', 'Scaler': MinMaxScaler(), 'Selector__max_features': 24}",0.2318840579710145,0.1111111111111111,0.21359223300970873,0.18552913403061144,0.05314871786813062,717
572,0.0641469955444336,0.01720742078911232,0.011177539825439453,0.0005520746127669583,0.001,poly,MinMaxScaler(),2,0.0001,4.0,3.0,"{'Classifier__SVC__C': 0.001, 'Classifier__SVC__coef0': 4, 'Classifier__SVC__degree': 3, 'Classifier__SVC__gamma': 0.0001, 'Classifier__SVC__kernel': 'poly', 'Scaler': MinMaxScaler(), 'Selector__max_features': 2}",0.18357487922705315,0.0821256038647343,0.2524271844660194,0.17270922251926893,0.0699485713963841,927
573,0.05786252021789551,0.002461343559409618,0.011851946512858072,0.0008208497959999505,0.001,poly,MinMaxScaler(),4,0.0001,4.0,3.0,"{'Classifier__SVC__C': 0.001, 'Classifier__SVC__coef0': 4, 'Classifier__SVC__degree': 3, 'Classifier__SVC__gamma': 0.0001, 'Classifier__SVC__kernel': 'poly', 'Scaler': MinMaxScaler(), 'Selector__max_features': 4}",0.23671497584541062,0.0821256038647343,0.2524271844660194,0.19042258805872145,0.07684571540460756,553
574,0.05546736717224121,0.015133961840445794,0.02052791913350423,0.013377691351066461,0.001,poly,MinMaxScaler(),6,0.0001,4.0,3.0,"{'Classifier__SVC__C': 0.001, 'Classifier__SVC__coef0': 4, 'Classifier__SVC__degree': 3, 'Classifier__SVC__gamma': 0.0001, 'Classifier__SVC__kernel': 'poly', 'Scaler': MinMaxScaler(), 'Selector__max_features': 6}",0.25120772946859904,0.0821256038647343,0.2524271844660194,0.1952535059331176,0.07999505583646184,332
575,0.05010835329691569,0.0011242074606690588,0.011608203252156576,0.0014529123924225252,0.001,poly,MinMaxScaler(),8,0.0001,4.0,3.0,"{'Classifier__SVC__C': 0.001, 'Classifier__SVC__coef0': 4, 'Classifier__SVC__degree': 3, 'Classifier__SVC__gamma': 0.0001, 'Classifier__SVC__kernel': 'poly', 'Scaler': MinMaxScaler(), 'Selector__max_features': 8}",0.25120772946859904,0.0821256038647343,0.2524271844660194,0.1952535059331176,0.07999505583646184,332
576,0.061217308044433594,0.017941190491507376,0.01138003667195638,0.0006197622774260233,0.001,poly,MinMaxScaler(),10,0.0001,4.0,3.0,"{'Classifier__SVC__C': 0.001, 'Classifier__SVC__coef0': 4, 'Classifier__SVC__degree': 3, 'Classifier__SVC__gamma': 0.0001, 'Classifier__SVC__kernel': 'poly', 'Scaler': MinMaxScaler(), 'Selector__max_features': 10}",0.25120772946859904,0.0821256038647343,0.2524271844660194,0.1952535059331176,0.07999505583646184,332
577,0.05396850903828939,0.0051117855818770905,0.011435349782307943,0.00024137643689465176,0.001,poly,MinMaxScaler(),12,0.0001,4.0,3.0,"{'Classifier__SVC__C': 0.001, 'Classifier__SVC__coef0': 4, 'Classifier__SVC__degree': 3, 'Classifier__SVC__gamma': 0.0001, 'Classifier__SVC__kernel': 'poly', 'Scaler': MinMaxScaler(), 'Selector__max_features': 12}",0.2318840579710145,0.0821256038647343,0.2524271844660194,0.1888122821005894,0.07590362528144096,601
578,0.04870136578877767,0.0014095965787129588,0.013374408086140951,0.001085578312957924,0.001,poly,MinMaxScaler(),14,0.0001,4.0,3.0,"{'Classifier__SVC__C': 0.001, 'Classifier__SVC__coef0': 4, 'Classifier__SVC__degree': 3, 'Classifier__SVC__gamma': 0.0001, 'Classifier__SVC__kernel': 'poly', 'Scaler': MinMaxScaler(), 'Selector__max_features': 14}",0.2318840579710145,0.0821256038647343,0.2524271844660194,0.1888122821005894,0.07590362528144096,601
579,0.052539428075154625,0.009875608806344489,0.020656267801920574,0.013657678632579471,0.001,poly,MinMaxScaler(),16,0.0001,4.0,3.0,"{'Classifier__SVC__C': 0.001, 'Classifier__SVC__coef0': 4, 'Classifier__SVC__degree': 3, 'Classifier__SVC__gamma': 0.0001, 'Classifier__SVC__kernel': 'poly', 'Scaler': MinMaxScaler(), 'Selector__max_features': 16}",0.2222222222222222,0.0821256038647343,0.2524271844660194,0.18559167018432532,0.0741934637542275,680
580,0.05017352104187012,0.004929099543814721,0.0121612548828125,0.0007063032268657535,0.001,poly,MinMaxScaler(),18,0.0001,4.0,3.0,"{'Classifier__SVC__C': 0.001, 'Classifier__SVC__coef0': 4, 'Classifier__SVC__degree': 3, 'Classifier__SVC__gamma': 0.0001, 'Classifier__SVC__kernel': 'poly', 'Scaler': MinMaxScaler(), 'Selector__max_features': 18}",0.2222222222222222,0.0821256038647343,0.2524271844660194,0.18559167018432532,0.0741934637542275,680
581,0.04858167966206869,0.001316550017945329,0.011335293451944986,0.0008618544919228251,0.001,poly,MinMaxScaler(),20,0.0001,4.0,3.0,"{'Classifier__SVC__C': 0.001, 'Classifier__SVC__coef0': 4, 'Classifier__SVC__degree': 3, 'Classifier__SVC__gamma': 0.0001, 'Classifier__SVC__kernel': 'poly', 'Scaler': MinMaxScaler(), 'Selector__max_features': 20}",0.2560386473429952,0.0821256038647343,0.2524271844660194,0.19686381189124966,0.08114556037097727,298
582,0.059374729792277016,0.014121532985390196,0.011703411738077799,0.0006583103332232395,0.001,poly,MinMaxScaler(),24,0.0001,4.0,3.0,"{'Classifier__SVC__C': 0.001, 'Classifier__SVC__coef0': 4, 'Classifier__SVC__degree': 3, 'Classifier__SVC__gamma': 0.0001, 'Classifier__SVC__kernel': 'poly', 'Scaler': MinMaxScaler(), 'Selector__max_features': 24}",0.25120772946859904,0.0821256038647343,0.2524271844660194,0.1952535059331176,0.07999505583646184,332
583,0.06745870908101399,0.016566393101460894,0.011356830596923828,0.001128373165176666,0.001,poly,MinMaxScaler(),2,0.001,4.0,3.0,"{'Classifier__SVC__C': 0.001, 'Classifier__SVC__coef0': 4, 'Classifier__SVC__degree': 3, 'Classifier__SVC__gamma': 0.001, 'Classifier__SVC__kernel': 'poly', 'Scaler': MinMaxScaler(), 'Selector__max_features': 2}",0.18357487922705315,0.0821256038647343,0.2524271844660194,0.17270922251926893,0.0699485713963841,927
584,0.056087334950764976,0.013869215047032462,0.010538578033447266,0.0003438971271330148,0.001,poly,MinMaxScaler(),4,0.001,4.0,3.0,"{'Classifier__SVC__C': 0.001, 'Classifier__SVC__coef0': 4, 'Classifier__SVC__degree': 3, 'Classifier__SVC__gamma': 0.001, 'Classifier__SVC__kernel': 'poly', 'Scaler': MinMaxScaler(), 'Selector__max_features': 4}",0.23671497584541062,0.0821256038647343,0.2524271844660194,0.19042258805872145,0.07684571540460756,553
585,0.051917314529418945,0.00730829610064908,0.012164433797200521,0.000655208303266173,0.001,poly,MinMaxScaler(),6,0.001,4.0,3.0,"{'Classifier__SVC__C': 0.001, 'Classifier__SVC__coef0': 4, 'Classifier__SVC__degree': 3, 'Classifier__SVC__gamma': 0.001, 'Classifier__SVC__kernel': 'poly', 'Scaler': MinMaxScaler(), 'Selector__max_features': 6}",0.25120772946859904,0.0821256038647343,0.2524271844660194,0.1952535059331176,0.07999505583646184,332
586,0.05073054631551107,0.003695838508251823,0.012396017710367838,0.0015215756704340829,0.001,poly,MinMaxScaler(),8,0.001,4.0,3.0,"{'Classifier__SVC__C': 0.001, 'Classifier__SVC__coef0': 4, 'Classifier__SVC__degree': 3, 'Classifier__SVC__gamma': 0.001, 'Classifier__SVC__kernel': 'poly', 'Scaler': MinMaxScaler(), 'Selector__max_features': 8}",0.25120772946859904,0.0821256038647343,0.2524271844660194,0.1952535059331176,0.07999505583646184,332
587,0.053609212239583336,0.006388533386113872,0.014374891916910807,0.00039943921049136975,0.001,poly,MinMaxScaler(),10,0.001,4.0,3.0,"{'Classifier__SVC__C': 0.001, 'Classifier__SVC__coef0': 4, 'Classifier__SVC__degree': 3, 'Classifier__SVC__gamma': 0.001, 'Classifier__SVC__kernel': 'poly', 'Scaler': MinMaxScaler(), 'Selector__max_features': 10}",0.25120772946859904,0.0821256038647343,0.2524271844660194,0.1952535059331176,0.07999505583646184,332
588,0.056712071100870766,0.009906392830162888,0.01147158940633138,0.0010058909771518537,0.001,poly,MinMaxScaler(),12,0.001,4.0,3.0,"{'Classifier__SVC__C': 0.001, 'Classifier__SVC__coef0': 4, 'Classifier__SVC__degree': 3, 'Classifier__SVC__gamma': 0.001, 'Classifier__SVC__kernel': 'poly', 'Scaler': MinMaxScaler(), 'Selector__max_features': 12}",0.2318840579710145,0.0821256038647343,0.2524271844660194,0.1888122821005894,0.07590362528144096,601
589,0.05362820625305176,0.00501148502167089,0.011866013209025065,0.00035084525051918777,0.001,poly,MinMaxScaler(),14,0.001,4.0,3.0,"{'Classifier__SVC__C': 0.001, 'Classifier__SVC__coef0': 4, 'Classifier__SVC__degree': 3, 'Classifier__SVC__gamma': 0.001, 'Classifier__SVC__kernel': 'poly', 'Scaler': MinMaxScaler(), 'Selector__max_features': 14}",0.2318840579710145,0.0821256038647343,0.2524271844660194,0.1888122821005894,0.07590362528144096,601
590,0.049344778060913086,0.0011352213121624457,0.011757850646972656,0.0020075668426024506,0.001,poly,MinMaxScaler(),16,0.001,4.0,3.0,"{'Classifier__SVC__C': 0.001, 'Classifier__SVC__coef0': 4, 'Classifier__SVC__degree': 3, 'Classifier__SVC__gamma': 0.001, 'Classifier__SVC__kernel': 'poly', 'Scaler': MinMaxScaler(), 'Selector__max_features': 16}",0.2222222222222222,0.0821256038647343,0.2524271844660194,0.18559167018432532,0.0741934637542275,680
591,0.07044180234273274,0.021496327417091753,0.012559016545613607,0.003040275587783813,0.001,poly,MinMaxScaler(),18,0.001,4.0,3.0,"{'Classifier__SVC__C': 0.001, 'Classifier__SVC__coef0': 4, 'Classifier__SVC__degree': 3, 'Classifier__SVC__gamma': 0.001, 'Classifier__SVC__kernel': 'poly', 'Scaler': MinMaxScaler(), 'Selector__max_features': 18}",0.2222222222222222,0.0821256038647343,0.2524271844660194,0.18559167018432532,0.0741934637542275,680
592,0.0661624272664388,0.011368402104813768,0.0130006472269694,0.0006639747637241143,0.001,poly,MinMaxScaler(),20,0.001,4.0,3.0,"{'Classifier__SVC__C': 0.001, 'Classifier__SVC__coef0': 4, 'Classifier__SVC__degree': 3, 'Classifier__SVC__gamma': 0.001, 'Classifier__SVC__kernel': 'poly', 'Scaler': MinMaxScaler(), 'Selector__max_features': 20}",0.2560386473429952,0.0821256038647343,0.2524271844660194,0.19686381189124966,0.08114556037097727,298
593,0.05019919077555338,0.002483280459578023,0.010894775390625,0.0008513604643787253,0.001,poly,MinMaxScaler(),24,0.001,4.0,3.0,"{'Classifier__SVC__C': 0.001, 'Classifier__SVC__coef0': 4, 'Classifier__SVC__degree': 3, 'Classifier__SVC__gamma': 0.001, 'Classifier__SVC__kernel': 'poly', 'Scaler': MinMaxScaler(), 'Selector__max_features': 24}",0.25120772946859904,0.0821256038647343,0.2524271844660194,0.1952535059331176,0.07999505583646184,332
594,0.05036640167236328,0.003015788345140754,0.011190017064412435,0.0005770844206503782,0.001,poly,MinMaxScaler(),2,0.01,4.0,3.0,"{'Classifier__SVC__C': 0.001, 'Classifier__SVC__coef0': 4, 'Classifier__SVC__degree': 3, 'Classifier__SVC__gamma': 0.01, 'Classifier__SVC__kernel': 'poly', 'Scaler': MinMaxScaler(), 'Selector__max_features': 2}",0.18357487922705315,0.0821256038647343,0.2524271844660194,0.17270922251926893,0.0699485713963841,927
595,0.06691765785217285,0.01700068097692283,0.012219826380411783,0.00027183965533276127,0.001,poly,MinMaxScaler(),4,0.01,4.0,3.0,"{'Classifier__SVC__C': 0.001, 'Classifier__SVC__coef0': 4, 'Classifier__SVC__degree': 3, 'Classifier__SVC__gamma': 0.01, 'Classifier__SVC__kernel': 'poly', 'Scaler': MinMaxScaler(), 'Selector__max_features': 4}",0.24154589371980675,0.0821256038647343,0.2524271844660194,0.1920328940168535,0.07784304697493322,493
596,0.04862507184346517,0.0006774625037011185,0.011384725570678711,0.001286416336916153,0.001,poly,MinMaxScaler(),6,0.01,4.0,3.0,"{'Classifier__SVC__C': 0.001, 'Classifier__SVC__coef0': 4, 'Classifier__SVC__degree': 3, 'Classifier__SVC__gamma': 0.01, 'Classifier__SVC__kernel': 'poly', 'Scaler': MinMaxScaler(), 'Selector__max_features': 6}",0.25120772946859904,0.0821256038647343,0.2524271844660194,0.1952535059331176,0.07999505583646184,332
597,0.05353673299153646,0.003860555859907983,0.011587142944335938,0.0003703487618257722,0.001,poly,MinMaxScaler(),8,0.01,4.0,3.0,"{'Classifier__SVC__C': 0.001, 'Classifier__SVC__coef0': 4, 'Classifier__SVC__degree': 3, 'Classifier__SVC__gamma': 0.01, 'Classifier__SVC__kernel': 'poly', 'Scaler': MinMaxScaler(), 'Selector__max_features': 8}",0.25120772946859904,0.0821256038647343,0.2524271844660194,0.1952535059331176,0.07999505583646184,332
598,0.05290516217549642,0.009237235604959568,0.011659622192382812,0.0015821915464288266,0.001,poly,MinMaxScaler(),10,0.01,4.0,3.0,"{'Classifier__SVC__C': 0.001, 'Classifier__SVC__coef0': 4, 'Classifier__SVC__degree': 3, 'Classifier__SVC__gamma': 0.01, 'Classifier__SVC__kernel': 'poly', 'Scaler': MinMaxScaler(), 'Selector__max_features': 10}",0.25120772946859904,0.0821256038647343,0.2524271844660194,0.1952535059331176,0.07999505583646184,332
599,0.052817344665527344,0.001469512029301029,0.011791865030924479,0.0011112086335772042,0.001,poly,MinMaxScaler(),12,0.01,4.0,3.0,"{'Classifier__SVC__C': 0.001, 'Classifier__SVC__coef0': 4, 'Classifier__SVC__degree': 3, 'Classifier__SVC__gamma': 0.01, 'Classifier__SVC__kernel': 'poly', 'Scaler': MinMaxScaler(), 'Selector__max_features': 12}",0.23671497584541062,0.0821256038647343,0.2524271844660194,0.19042258805872145,0.07684571540460756,553
600,0.07886155446370442,0.02035070064947723,0.011937220891316732,0.0010828100519171733,0.001,poly,MinMaxScaler(),14,0.01,4.0,3.0,"{'Classifier__SVC__C': 0.001, 'Classifier__SVC__coef0': 4, 'Classifier__SVC__degree': 3, 'Classifier__SVC__gamma': 0.01, 'Classifier__SVC__kernel': 'poly', 'Scaler': MinMaxScaler(), 'Selector__max_features': 14}",0.2318840579710145,0.0821256038647343,0.2524271844660194,0.1888122821005894,0.07590362528144096,601
601,0.051339308420817055,0.004400562427976091,0.011600732803344727,5.736729537258438e-05,0.001,poly,MinMaxScaler(),16,0.01,4.0,3.0,"{'Classifier__SVC__C': 0.001, 'Classifier__SVC__coef0': 4, 'Classifier__SVC__degree': 3, 'Classifier__SVC__gamma': 0.01, 'Classifier__SVC__kernel': 'poly', 'Scaler': MinMaxScaler(), 'Selector__max_features': 16}",0.2222222222222222,0.0821256038647343,0.2524271844660194,0.18559167018432532,0.0741934637542275,680
602,0.06335949897766113,0.023166808546173347,0.012069463729858398,0.000714327872632973,0.001,poly,MinMaxScaler(),18,0.01,4.0,3.0,"{'Classifier__SVC__C': 0.001, 'Classifier__SVC__coef0': 4, 'Classifier__SVC__degree': 3, 'Classifier__SVC__gamma': 0.01, 'Classifier__SVC__kernel': 'poly', 'Scaler': MinMaxScaler(), 'Selector__max_features': 18}",0.2222222222222222,0.0821256038647343,0.2524271844660194,0.18559167018432532,0.0741934637542275,680
603,0.05869444211324056,0.0039277017979219495,0.011896928151448568,0.0015518501072197448,0.001,poly,MinMaxScaler(),20,0.01,4.0,3.0,"{'Classifier__SVC__C': 0.001, 'Classifier__SVC__coef0': 4, 'Classifier__SVC__degree': 3, 'Classifier__SVC__gamma': 0.01, 'Classifier__SVC__kernel': 'poly', 'Scaler': MinMaxScaler(), 'Selector__max_features': 20}",0.2560386473429952,0.0821256038647343,0.2524271844660194,0.19686381189124966,0.08114556037097727,298
604,0.048435608545939125,0.003916669053479022,0.012682755788167318,0.0010637872816883828,0.001,poly,MinMaxScaler(),24,0.01,4.0,3.0,"{'Classifier__SVC__C': 0.001, 'Classifier__SVC__coef0': 4, 'Classifier__SVC__degree': 3, 'Classifier__SVC__gamma': 0.01, 'Classifier__SVC__kernel': 'poly', 'Scaler': MinMaxScaler(), 'Selector__max_features': 24}",0.2463768115942029,0.0821256038647343,0.2524271844660194,0.19364319997498555,0.07889352501791616,457
605,0.06388918558756511,0.017574439775928853,0.0118867556254069,0.0004942095421932001,0.001,poly,MinMaxScaler(),2,0.1,4.0,3.0,"{'Classifier__SVC__C': 0.001, 'Classifier__SVC__coef0': 4, 'Classifier__SVC__degree': 3, 'Classifier__SVC__gamma': 0.1, 'Classifier__SVC__kernel': 'poly', 'Scaler': MinMaxScaler(), 'Selector__max_features': 2}",0.18840579710144928,0.0821256038647343,0.2524271844660194,0.17431952847740098,0.0702351968348047,895
606,0.053056796391805015,0.006993026535526254,0.011302709579467773,0.0007628423907208719,0.001,poly,MinMaxScaler(),4,0.1,4.0,3.0,"{'Classifier__SVC__C': 0.001, 'Classifier__SVC__coef0': 4, 'Classifier__SVC__degree': 3, 'Classifier__SVC__gamma': 0.1, 'Classifier__SVC__kernel': 'poly', 'Scaler': MinMaxScaler(), 'Selector__max_features': 4}",0.2608695652173913,0.0821256038647343,0.2524271844660194,0.19847411784938165,0.08234298584989717,258
607,0.053786913553873696,0.005772274307170304,0.012767871220906576,0.0011861674917546217,0.001,poly,MinMaxScaler(),6,0.1,4.0,3.0,"{'Classifier__SVC__C': 0.001, 'Classifier__SVC__coef0': 4, 'Classifier__SVC__degree': 3, 'Classifier__SVC__gamma': 0.1, 'Classifier__SVC__kernel': 'poly', 'Scaler': MinMaxScaler(), 'Selector__max_features': 6}",0.25120772946859904,0.0821256038647343,0.2524271844660194,0.1952535059331176,0.07999505583646184,332
608,0.04860989252726237,0.004347930872195748,0.013164838155110678,0.0009851697322499488,0.001,poly,MinMaxScaler(),8,0.1,4.0,3.0,"{'Classifier__SVC__C': 0.001, 'Classifier__SVC__coef0': 4, 'Classifier__SVC__degree': 3, 'Classifier__SVC__gamma': 0.1, 'Classifier__SVC__kernel': 'poly', 'Scaler': MinMaxScaler(), 'Selector__max_features': 8}",0.25120772946859904,0.0821256038647343,0.2524271844660194,0.1952535059331176,0.07999505583646184,332
609,0.0725080172220866,0.014144610432958619,0.012169837951660156,0.0013139171103466105,0.001,poly,MinMaxScaler(),10,0.1,4.0,3.0,"{'Classifier__SVC__C': 0.001, 'Classifier__SVC__coef0': 4, 'Classifier__SVC__degree': 3, 'Classifier__SVC__gamma': 0.1, 'Classifier__SVC__kernel': 'poly', 'Scaler': MinMaxScaler(), 'Selector__max_features': 10}",0.25120772946859904,0.0821256038647343,0.2524271844660194,0.1952535059331176,0.07999505583646184,332
610,0.05263988176981608,0.0029859484614752694,0.014770746231079102,0.004162948931387292,0.001,poly,MinMaxScaler(),12,0.1,4.0,3.0,"{'Classifier__SVC__C': 0.001, 'Classifier__SVC__coef0': 4, 'Classifier__SVC__degree': 3, 'Classifier__SVC__gamma': 0.1, 'Classifier__SVC__kernel': 'poly', 'Scaler': MinMaxScaler(), 'Selector__max_features': 12}",0.2463768115942029,0.0821256038647343,0.2524271844660194,0.19364319997498555,0.07889352501791616,457
611,0.06383117039998372,0.0166349501066746,0.012296199798583984,0.0011946396485473924,0.001,poly,MinMaxScaler(),14,0.1,4.0,3.0,"{'Classifier__SVC__C': 0.001, 'Classifier__SVC__coef0': 4, 'Classifier__SVC__degree': 3, 'Classifier__SVC__gamma': 0.1, 'Classifier__SVC__kernel': 'poly', 'Scaler': MinMaxScaler(), 'Selector__max_features': 14}",0.24154589371980675,0.0821256038647343,0.2524271844660194,0.1920328940168535,0.07784304697493322,493
612,0.06085880597432455,0.0072266786183513955,0.01210633913675944,0.001312209672663354,0.001,poly,MinMaxScaler(),16,0.1,4.0,3.0,"{'Classifier__SVC__C': 0.001, 'Classifier__SVC__coef0': 4, 'Classifier__SVC__degree': 3, 'Classifier__SVC__gamma': 0.1, 'Classifier__SVC__kernel': 'poly', 'Scaler': MinMaxScaler(), 'Selector__max_features': 16}",0.22705314009661837,0.0821256038647343,0.2524271844660194,0.18720197614245737,0.07501885780788752,647
613,0.06439773241678874,0.0059157000352242145,0.025066296259562176,0.012065525942758643,0.001,poly,MinMaxScaler(),18,0.1,4.0,3.0,"{'Classifier__SVC__C': 0.001, 'Classifier__SVC__coef0': 4, 'Classifier__SVC__degree': 3, 'Classifier__SVC__gamma': 0.1, 'Classifier__SVC__kernel': 'poly', 'Scaler': MinMaxScaler(), 'Selector__max_features': 18}",0.2222222222222222,0.0821256038647343,0.2524271844660194,0.18559167018432532,0.0741934637542275,680
614,0.05519374211629232,0.0027477845216813197,0.01253652572631836,0.0007083611655231753,0.001,poly,MinMaxScaler(),20,0.1,4.0,3.0,"{'Classifier__SVC__C': 0.001, 'Classifier__SVC__coef0': 4, 'Classifier__SVC__degree': 3, 'Classifier__SVC__gamma': 0.1, 'Classifier__SVC__kernel': 'poly', 'Scaler': MinMaxScaler(), 'Selector__max_features': 20}",0.2560386473429952,0.0821256038647343,0.2524271844660194,0.19686381189124966,0.08114556037097727,298
615,0.0780474344889323,0.018335912312455092,0.012258132298787435,0.0009298660063057782,0.001,poly,MinMaxScaler(),24,0.1,4.0,3.0,"{'Classifier__SVC__C': 0.001, 'Classifier__SVC__coef0': 4, 'Classifier__SVC__degree': 3, 'Classifier__SVC__gamma': 0.1, 'Classifier__SVC__kernel': 'poly', 'Scaler': MinMaxScaler(), 'Selector__max_features': 24}",0.24154589371980675,0.0821256038647343,0.2524271844660194,0.1920328940168535,0.07784304697493322,493
616,0.06649923324584961,0.008998113431527104,0.01152348518371582,0.0011273938588849178,0.001,poly,MinMaxScaler(),2,0.0001,4.0,5.0,"{'Classifier__SVC__C': 0.001, 'Classifier__SVC__coef0': 4, 'Classifier__SVC__degree': 5, 'Classifier__SVC__gamma': 0.0001, 'Classifier__SVC__kernel': 'poly', 'Scaler': MinMaxScaler(), 'Selector__max_features': 2}",0.18357487922705315,0.0821256038647343,0.2524271844660194,0.17270922251926893,0.0699485713963841,927
617,0.04971083005269369,0.0020416057998797164,0.012168804804484049,0.0004901900417176349,0.001,poly,MinMaxScaler(),4,0.0001,4.0,5.0,"{'Classifier__SVC__C': 0.001, 'Classifier__SVC__coef0': 4, 'Classifier__SVC__degree': 5, 'Classifier__SVC__gamma': 0.0001, 'Classifier__SVC__kernel': 'poly', 'Scaler': MinMaxScaler(), 'Selector__max_features': 4}",0.23671497584541062,0.0821256038647343,0.2524271844660194,0.19042258805872145,0.07684571540460756,553
618,0.0486609141031901,0.0019109404077349112,0.01209417978922526,0.001921669073467073,0.001,poly,MinMaxScaler(),6,0.0001,4.0,5.0,"{'Classifier__SVC__C': 0.001, 'Classifier__SVC__coef0': 4, 'Classifier__SVC__degree': 5, 'Classifier__SVC__gamma': 0.0001, 'Classifier__SVC__kernel': 'poly', 'Scaler': MinMaxScaler(), 'Selector__max_features': 6}",0.25120772946859904,0.0821256038647343,0.2524271844660194,0.1952535059331176,0.07999505583646184,332
619,0.051076014836629234,0.005752494785005239,0.01128085454305013,0.001032736531590921,0.001,poly,MinMaxScaler(),8,0.0001,4.0,5.0,"{'Classifier__SVC__C': 0.001, 'Classifier__SVC__coef0': 4, 'Classifier__SVC__degree': 5, 'Classifier__SVC__gamma': 0.0001, 'Classifier__SVC__kernel': 'poly', 'Scaler': MinMaxScaler(), 'Selector__max_features': 8}",0.25120772946859904,0.0821256038647343,0.2524271844660194,0.1952535059331176,0.07999505583646184,332
620,0.05774235725402832,0.006999875424469485,0.013209978739420572,0.000921657221663058,0.001,poly,MinMaxScaler(),10,0.0001,4.0,5.0,"{'Classifier__SVC__C': 0.001, 'Classifier__SVC__coef0': 4, 'Classifier__SVC__degree': 5, 'Classifier__SVC__gamma': 0.0001, 'Classifier__SVC__kernel': 'poly', 'Scaler': MinMaxScaler(), 'Selector__max_features': 10}",0.25120772946859904,0.0821256038647343,0.2524271844660194,0.1952535059331176,0.07999505583646184,332
621,0.05162199338277181,0.003609463809217443,0.012179374694824219,0.00042390009854738434,0.001,poly,MinMaxScaler(),12,0.0001,4.0,5.0,"{'Classifier__SVC__C': 0.001, 'Classifier__SVC__coef0': 4, 'Classifier__SVC__degree': 5, 'Classifier__SVC__gamma': 0.0001, 'Classifier__SVC__kernel': 'poly', 'Scaler': MinMaxScaler(), 'Selector__max_features': 12}",0.2318840579710145,0.0821256038647343,0.2524271844660194,0.1888122821005894,0.07590362528144096,601
622,0.07449595133463542,0.01807623554049545,0.01309672991434733,0.0005682379382043509,0.001,poly,MinMaxScaler(),14,0.0001,4.0,5.0,"{'Classifier__SVC__C': 0.001, 'Classifier__SVC__coef0': 4, 'Classifier__SVC__degree': 5, 'Classifier__SVC__gamma': 0.0001, 'Classifier__SVC__kernel': 'poly', 'Scaler': MinMaxScaler(), 'Selector__max_features': 14}",0.2318840579710145,0.0821256038647343,0.2524271844660194,0.1888122821005894,0.07590362528144096,601
623,0.052732229232788086,0.003480359914523779,0.012616237004597982,0.002242127279290778,0.001,poly,MinMaxScaler(),16,0.0001,4.0,5.0,"{'Classifier__SVC__C': 0.001, 'Classifier__SVC__coef0': 4, 'Classifier__SVC__degree': 5, 'Classifier__SVC__gamma': 0.0001, 'Classifier__SVC__kernel': 'poly', 'Scaler': MinMaxScaler(), 'Selector__max_features': 16}",0.2222222222222222,0.0821256038647343,0.2524271844660194,0.18559167018432532,0.0741934637542275,680
624,0.055948336919148765,0.00580769413685146,0.012505292892456055,0.0007962102826604808,0.001,poly,MinMaxScaler(),18,0.0001,4.0,5.0,"{'Classifier__SVC__C': 0.001, 'Classifier__SVC__coef0': 4, 'Classifier__SVC__degree': 5, 'Classifier__SVC__gamma': 0.0001, 'Classifier__SVC__kernel': 'poly', 'Scaler': MinMaxScaler(), 'Selector__max_features': 18}",0.2222222222222222,0.0821256038647343,0.2524271844660194,0.18559167018432532,0.0741934637542275,680
625,0.06580535570780437,0.012000074787925986,0.012010574340820312,0.0003065201335220916,0.001,poly,MinMaxScaler(),20,0.0001,4.0,5.0,"{'Classifier__SVC__C': 0.001, 'Classifier__SVC__coef0': 4, 'Classifier__SVC__degree': 5, 'Classifier__SVC__gamma': 0.0001, 'Classifier__SVC__kernel': 'poly', 'Scaler': MinMaxScaler(), 'Selector__max_features': 20}",0.2560386473429952,0.0821256038647343,0.2524271844660194,0.19686381189124966,0.08114556037097727,298
626,0.06698981920878093,0.015582960828445475,0.01229246457417806,0.0009960153195788315,0.001,poly,MinMaxScaler(),24,0.0001,4.0,5.0,"{'Classifier__SVC__C': 0.001, 'Classifier__SVC__coef0': 4, 'Classifier__SVC__degree': 5, 'Classifier__SVC__gamma': 0.0001, 'Classifier__SVC__kernel': 'poly', 'Scaler': MinMaxScaler(), 'Selector__max_features': 24}",0.25120772946859904,0.0821256038647343,0.2524271844660194,0.1952535059331176,0.07999505583646184,332
627,0.06871747970581055,0.008586954614759522,0.011508464813232422,0.0006721804419553822,0.001,poly,MinMaxScaler(),2,0.001,4.0,5.0,"{'Classifier__SVC__C': 0.001, 'Classifier__SVC__coef0': 4, 'Classifier__SVC__degree': 5, 'Classifier__SVC__gamma': 0.001, 'Classifier__SVC__kernel': 'poly', 'Scaler': MinMaxScaler(), 'Selector__max_features': 2}",0.18357487922705315,0.0821256038647343,0.2524271844660194,0.17270922251926893,0.0699485713963841,927
628,0.053731441497802734,0.0038667312306659807,0.01117094357808431,0.0005448634802475185,0.001,poly,MinMaxScaler(),4,0.001,4.0,5.0,"{'Classifier__SVC__C': 0.001, 'Classifier__SVC__coef0': 4, 'Classifier__SVC__degree': 5, 'Classifier__SVC__gamma': 0.001, 'Classifier__SVC__kernel': 'poly', 'Scaler': MinMaxScaler(), 'Selector__max_features': 4}",0.23671497584541062,0.0821256038647343,0.2524271844660194,0.19042258805872145,0.07684571540460756,553
629,0.048316001892089844,0.0006041300038490885,0.010936578114827475,0.0002451080855628984,0.001,poly,MinMaxScaler(),6,0.001,4.0,5.0,"{'Classifier__SVC__C': 0.001, 'Classifier__SVC__coef0': 4, 'Classifier__SVC__degree': 5, 'Classifier__SVC__gamma': 0.001, 'Classifier__SVC__kernel': 'poly', 'Scaler': MinMaxScaler(), 'Selector__max_features': 6}",0.25120772946859904,0.0821256038647343,0.2524271844660194,0.1952535059331176,0.07999505583646184,332
630,0.04651490847269694,0.002086447980823685,0.011209328969319662,0.0008244743442658998,0.001,poly,MinMaxScaler(),8,0.001,4.0,5.0,"{'Classifier__SVC__C': 0.001, 'Classifier__SVC__coef0': 4, 'Classifier__SVC__degree': 5, 'Classifier__SVC__gamma': 0.001, 'Classifier__SVC__kernel': 'poly', 'Scaler': MinMaxScaler(), 'Selector__max_features': 8}",0.25120772946859904,0.0821256038647343,0.2524271844660194,0.1952535059331176,0.07999505583646184,332
631,0.05511824289957682,0.002951880684882467,0.011759042739868164,0.0006766549456648385,0.001,poly,MinMaxScaler(),10,0.001,4.0,5.0,"{'Classifier__SVC__C': 0.001, 'Classifier__SVC__coef0': 4, 'Classifier__SVC__degree': 5, 'Classifier__SVC__gamma': 0.001, 'Classifier__SVC__kernel': 'poly', 'Scaler': MinMaxScaler(), 'Selector__max_features': 10}",0.25120772946859904,0.0821256038647343,0.2524271844660194,0.1952535059331176,0.07999505583646184,332
632,0.05321073532104492,0.005867137098625298,0.01226369539896647,0.0003908543917722344,0.001,poly,MinMaxScaler(),12,0.001,4.0,5.0,"{'Classifier__SVC__C': 0.001, 'Classifier__SVC__coef0': 4, 'Classifier__SVC__degree': 5, 'Classifier__SVC__gamma': 0.001, 'Classifier__SVC__kernel': 'poly', 'Scaler': MinMaxScaler(), 'Selector__max_features': 12}",0.2318840579710145,0.0821256038647343,0.2524271844660194,0.1888122821005894,0.07590362528144096,601
633,0.05747143427530924,0.01033906856700801,0.012448867162068685,0.0010005082266012898,0.001,poly,MinMaxScaler(),14,0.001,4.0,5.0,"{'Classifier__SVC__C': 0.001, 'Classifier__SVC__coef0': 4, 'Classifier__SVC__degree': 5, 'Classifier__SVC__gamma': 0.001, 'Classifier__SVC__kernel': 'poly', 'Scaler': MinMaxScaler(), 'Selector__max_features': 14}",0.2318840579710145,0.0821256038647343,0.2524271844660194,0.1888122821005894,0.07590362528144096,601
634,0.0601652463277181,0.014570541306146012,0.01317898432413737,0.0005482930793385927,0.001,poly,MinMaxScaler(),16,0.001,4.0,5.0,"{'Classifier__SVC__C': 0.001, 'Classifier__SVC__coef0': 4, 'Classifier__SVC__degree': 5, 'Classifier__SVC__gamma': 0.001, 'Classifier__SVC__kernel': 'poly', 'Scaler': MinMaxScaler(), 'Selector__max_features': 16}",0.2222222222222222,0.0821256038647343,0.2524271844660194,0.18559167018432532,0.0741934637542275,680
635,0.07132490475972493,0.00877888320253195,0.012278397878011068,0.000626429449883624,0.001,poly,MinMaxScaler(),18,0.001,4.0,5.0,"{'Classifier__SVC__C': 0.001, 'Classifier__SVC__coef0': 4, 'Classifier__SVC__degree': 5, 'Classifier__SVC__gamma': 0.001, 'Classifier__SVC__kernel': 'poly', 'Scaler': MinMaxScaler(), 'Selector__max_features': 18}",0.2222222222222222,0.0821256038647343,0.2524271844660194,0.18559167018432532,0.0741934637542275,680
636,0.06038538614908854,0.011359021113646943,0.012344439824422201,0.00021902042469786078,0.001,poly,MinMaxScaler(),20,0.001,4.0,5.0,"{'Classifier__SVC__C': 0.001, 'Classifier__SVC__coef0': 4, 'Classifier__SVC__degree': 5, 'Classifier__SVC__gamma': 0.001, 'Classifier__SVC__kernel': 'poly', 'Scaler': MinMaxScaler(), 'Selector__max_features': 20}",0.2560386473429952,0.0821256038647343,0.2524271844660194,0.19686381189124966,0.08114556037097727,298
637,0.0652774175008138,0.019965020896895065,0.012032032012939453,0.0007517994499014799,0.001,poly,MinMaxScaler(),24,0.001,4.0,5.0,"{'Classifier__SVC__C': 0.001, 'Classifier__SVC__coef0': 4, 'Classifier__SVC__degree': 5, 'Classifier__SVC__gamma': 0.001, 'Classifier__SVC__kernel': 'poly', 'Scaler': MinMaxScaler(), 'Selector__max_features': 24}",0.25120772946859904,0.0821256038647343,0.2524271844660194,0.1952535059331176,0.07999505583646184,332
638,0.055575291315714516,0.006680246775048585,0.015141566594441732,0.003369454336601964,0.001,poly,MinMaxScaler(),2,0.01,4.0,5.0,"{'Classifier__SVC__C': 0.001, 'Classifier__SVC__coef0': 4, 'Classifier__SVC__degree': 5, 'Classifier__SVC__gamma': 0.01, 'Classifier__SVC__kernel': 'poly', 'Scaler': MinMaxScaler(), 'Selector__max_features': 2}",0.18840579710144928,0.0821256038647343,0.2524271844660194,0.17431952847740098,0.0702351968348047,895
639,0.05837623278299967,0.009685166175433618,0.011748949686686197,0.0009203749651653737,0.001,poly,MinMaxScaler(),4,0.01,4.0,5.0,"{'Classifier__SVC__C': 0.001, 'Classifier__SVC__coef0': 4, 'Classifier__SVC__degree': 5, 'Classifier__SVC__gamma': 0.01, 'Classifier__SVC__kernel': 'poly', 'Scaler': MinMaxScaler(), 'Selector__max_features': 4}",0.24154589371980675,0.0821256038647343,0.2524271844660194,0.1920328940168535,0.07784304697493322,493
640,0.05118576685587565,0.006219746193197389,0.013053178787231445,0.0011505098949184537,0.001,poly,MinMaxScaler(),6,0.01,4.0,5.0,"{'Classifier__SVC__C': 0.001, 'Classifier__SVC__coef0': 4, 'Classifier__SVC__degree': 5, 'Classifier__SVC__gamma': 0.01, 'Classifier__SVC__kernel': 'poly', 'Scaler': MinMaxScaler(), 'Selector__max_features': 6}",0.25120772946859904,0.0821256038647343,0.2524271844660194,0.1952535059331176,0.07999505583646184,332
641,0.05442031224568685,0.004277680984042442,0.01515809694925944,0.0026228905025603415,0.001,poly,MinMaxScaler(),8,0.01,4.0,5.0,"{'Classifier__SVC__C': 0.001, 'Classifier__SVC__coef0': 4, 'Classifier__SVC__degree': 5, 'Classifier__SVC__gamma': 0.01, 'Classifier__SVC__kernel': 'poly', 'Scaler': MinMaxScaler(), 'Selector__max_features': 8}",0.2463768115942029,0.0821256038647343,0.2524271844660194,0.19364319997498555,0.07889352501791616,457
642,0.05236999193827311,0.0019419056649479134,0.012280702590942383,0.0010506637092579359,0.001,poly,MinMaxScaler(),10,0.01,4.0,5.0,"{'Classifier__SVC__C': 0.001, 'Classifier__SVC__coef0': 4, 'Classifier__SVC__degree': 5, 'Classifier__SVC__gamma': 0.01, 'Classifier__SVC__kernel': 'poly', 'Scaler': MinMaxScaler(), 'Selector__max_features': 10}",0.25120772946859904,0.0821256038647343,0.2524271844660194,0.1952535059331176,0.07999505583646184,332
643,0.05181566874186198,0.002986119903528164,0.014200051625569662,0.0030586079017386283,0.001,poly,MinMaxScaler(),12,0.01,4.0,5.0,"{'Classifier__SVC__C': 0.001, 'Classifier__SVC__coef0': 4, 'Classifier__SVC__degree': 5, 'Classifier__SVC__gamma': 0.01, 'Classifier__SVC__kernel': 'poly', 'Scaler': MinMaxScaler(), 'Selector__max_features': 12}",0.23671497584541062,0.0821256038647343,0.2524271844660194,0.19042258805872145,0.07684571540460756,553
644,0.07333882649739583,0.014730866447843275,0.012220462163289389,0.0007010867494127049,0.001,poly,MinMaxScaler(),14,0.01,4.0,5.0,"{'Classifier__SVC__C': 0.001, 'Classifier__SVC__coef0': 4, 'Classifier__SVC__degree': 5, 'Classifier__SVC__gamma': 0.01, 'Classifier__SVC__kernel': 'poly', 'Scaler': MinMaxScaler(), 'Selector__max_features': 14}",0.2318840579710145,0.0821256038647343,0.2524271844660194,0.1888122821005894,0.07590362528144096,601
645,0.0506739616394043,0.004435205548711508,0.011305967966715494,0.0013089730404242544,0.001,poly,MinMaxScaler(),16,0.01,4.0,5.0,"{'Classifier__SVC__C': 0.001, 'Classifier__SVC__coef0': 4, 'Classifier__SVC__degree': 5, 'Classifier__SVC__gamma': 0.01, 'Classifier__SVC__kernel': 'poly', 'Scaler': MinMaxScaler(), 'Selector__max_features': 16}",0.2222222222222222,0.0821256038647343,0.24271844660194175,0.18235542422963277,0.07136542800376483,794
646,0.05976517995198568,0.006039762334421537,0.012785037358601889,0.0006349960763505668,0.001,poly,MinMaxScaler(),18,0.01,4.0,5.0,"{'Classifier__SVC__C': 0.001, 'Classifier__SVC__coef0': 4, 'Classifier__SVC__degree': 5, 'Classifier__SVC__gamma': 0.01, 'Classifier__SVC__kernel': 'poly', 'Scaler': MinMaxScaler(), 'Selector__max_features': 18}",0.21739130434782608,0.0821256038647343,0.24271844660194175,0.18074511827150072,0.07049691482639439,819
647,0.052288452784220375,0.002789392498776345,0.01195224126180013,0.0010559498367898024,0.001,poly,MinMaxScaler(),20,0.01,4.0,5.0,"{'Classifier__SVC__C': 0.001, 'Classifier__SVC__coef0': 4, 'Classifier__SVC__degree': 5, 'Classifier__SVC__gamma': 0.01, 'Classifier__SVC__kernel': 'poly', 'Scaler': MinMaxScaler(), 'Selector__max_features': 20}",0.2560386473429952,0.0821256038647343,0.24271844660194175,0.19362756593655708,0.07903110187913424,468
648,0.06610894203186035,0.010315663007213675,0.012341817220052084,0.0010091828850206015,0.001,poly,MinMaxScaler(),24,0.01,4.0,5.0,"{'Classifier__SVC__C': 0.001, 'Classifier__SVC__coef0': 4, 'Classifier__SVC__degree': 5, 'Classifier__SVC__gamma': 0.01, 'Classifier__SVC__kernel': 'poly', 'Scaler': MinMaxScaler(), 'Selector__max_features': 24}",0.2463768115942029,0.0821256038647343,0.23300970873786409,0.18717070806560043,0.07447829794475301,650
649,0.05717738469441732,0.00668768529240857,0.011277914047241211,0.000497275813288441,0.001,poly,MinMaxScaler(),2,0.1,4.0,5.0,"{'Classifier__SVC__C': 0.001, 'Classifier__SVC__coef0': 4, 'Classifier__SVC__degree': 5, 'Classifier__SVC__gamma': 0.1, 'Classifier__SVC__kernel': 'poly', 'Scaler': MinMaxScaler(), 'Selector__max_features': 2}",0.18840579710144928,0.06763285024154589,0.2524271844660194,0.16948861060300488,0.07661867243750835,1001
650,0.07135971387227376,0.00558607567151358,0.011745214462280273,0.0009230603683037432,0.001,poly,MinMaxScaler(),4,0.1,4.0,5.0,"{'Classifier__SVC__C': 0.001, 'Classifier__SVC__coef0': 4, 'Classifier__SVC__degree': 5, 'Classifier__SVC__gamma': 0.1, 'Classifier__SVC__kernel': 'poly', 'Scaler': MinMaxScaler(), 'Selector__max_features': 4}",0.26570048309178745,0.07246376811594203,0.22330097087378642,0.187155074027172,0.08292567514667819,651
651,0.06432278951009114,0.012067338040986518,0.013843774795532227,0.0014292636170590153,0.001,poly,MinMaxScaler(),6,0.1,4.0,5.0,"{'Classifier__SVC__C': 0.001, 'Classifier__SVC__coef0': 4, 'Classifier__SVC__degree': 5, 'Classifier__SVC__gamma': 0.1, 'Classifier__SVC__kernel': 'poly', 'Scaler': MinMaxScaler(), 'Selector__max_features': 6}",0.2560386473429952,0.0821256038647343,0.22815533980582525,0.18877319700451825,0.07626555164548307,634
652,0.051817893981933594,0.005003841496891141,0.011380592981974283,0.00017584727480959668,0.001,poly,MinMaxScaler(),8,0.1,4.0,5.0,"{'Classifier__SVC__C': 0.001, 'Classifier__SVC__coef0': 4, 'Classifier__SVC__degree': 5, 'Classifier__SVC__gamma': 0.1, 'Classifier__SVC__kernel': 'poly', 'Scaler': MinMaxScaler(), 'Selector__max_features': 8}",0.15942028985507245,0.10144927536231885,0.2087378640776699,0.15653580976502038,0.043847846668339886,1048
653,0.05788111686706543,0.014715893023073943,0.011407852172851562,0.0009707552200117277,0.001,poly,MinMaxScaler(),10,0.1,4.0,5.0,"{'Classifier__SVC__C': 0.001, 'Classifier__SVC__coef0': 4, 'Classifier__SVC__degree': 5, 'Classifier__SVC__gamma': 0.1, 'Classifier__SVC__kernel': 'poly', 'Scaler': MinMaxScaler(), 'Selector__max_features': 10}",0.15458937198067632,0.1642512077294686,0.23786407766990292,0.18556821912668262,0.03718853213100817,715
654,0.052649497985839844,0.004461346404271537,0.01262823740641276,3.898287562117114e-05,0.001,poly,MinMaxScaler(),12,0.1,4.0,5.0,"{'Classifier__SVC__C': 0.001, 'Classifier__SVC__coef0': 4, 'Classifier__SVC__degree': 5, 'Classifier__SVC__gamma': 0.1, 'Classifier__SVC__kernel': 'poly', 'Scaler': MinMaxScaler(), 'Selector__max_features': 12}",0.178743961352657,0.2222222222222222,0.19902912621359223,0.19999843659615715,0.017763154074728255,220
655,0.05774092674255371,0.005854769546160855,0.01250894864400228,0.0025952742240967844,0.001,poly,MinMaxScaler(),14,0.1,4.0,5.0,"{'Classifier__SVC__C': 0.001, 'Classifier__SVC__coef0': 4, 'Classifier__SVC__degree': 5, 'Classifier__SVC__gamma': 0.1, 'Classifier__SVC__kernel': 'poly', 'Scaler': MinMaxScaler(), 'Selector__max_features': 14}",0.18357487922705315,0.19806763285024154,0.1407766990291262,0.17413973703547367,0.02432185855912807,911
656,0.05672915776570638,0.0022280082854748374,0.012748003005981445,0.001953592652269863,0.001,poly,MinMaxScaler(),16,0.1,4.0,5.0,"{'Classifier__SVC__C': 0.001, 'Classifier__SVC__coef0': 4, 'Classifier__SVC__degree': 5, 'Classifier__SVC__gamma': 0.1, 'Classifier__SVC__kernel': 'poly', 'Scaler': MinMaxScaler(), 'Selector__max_features': 16}",0.1642512077294686,0.22705314009661837,0.14563106796116504,0.178978471929084,0.03483348667409658,853
657,0.0556639035542806,0.007815221399508628,0.013680060704549154,0.0036847910978558473,0.001,poly,MinMaxScaler(),18,0.1,4.0,5.0,"{'Classifier__SVC__C': 0.001, 'Classifier__SVC__coef0': 4, 'Classifier__SVC__degree': 5, 'Classifier__SVC__gamma': 0.1, 'Classifier__SVC__kernel': 'poly', 'Scaler': MinMaxScaler(), 'Selector__max_features': 18}",0.18357487922705315,0.24154589371980675,0.16019417475728157,0.19510498256804717,0.03419778751936954,406
658,0.052626450856526695,0.00397271938557553,0.0119476318359375,0.0007155657996883825,0.001,poly,MinMaxScaler(),20,0.1,4.0,5.0,"{'Classifier__SVC__C': 0.001, 'Classifier__SVC__coef0': 4, 'Classifier__SVC__degree': 5, 'Classifier__SVC__gamma': 0.1, 'Classifier__SVC__kernel': 'poly', 'Scaler': MinMaxScaler(), 'Selector__max_features': 20}",0.18840579710144928,0.23671497584541062,0.1650485436893204,0.19672310554539343,0.029842951030459988,315
659,0.0572203795115153,0.006802043150689364,0.013056357701619467,0.0013564262814902068,0.001,poly,MinMaxScaler(),24,0.1,4.0,5.0,"{'Classifier__SVC__C': 0.001, 'Classifier__SVC__coef0': 4, 'Classifier__SVC__degree': 5, 'Classifier__SVC__gamma': 0.1, 'Classifier__SVC__kernel': 'poly', 'Scaler': MinMaxScaler(), 'Selector__max_features': 24}",0.178743961352657,0.21739130434782608,0.21844660194174756,0.20486062254741022,0.0184722928954706,159
660,0.045916239420572914,0.0030025218577120344,0.011802355448404947,0.0011108970414035588,0.001,poly,MinMaxScaler(),2,0.0001,6.0,3.0,"{'Classifier__SVC__C': 0.001, 'Classifier__SVC__coef0': 6, 'Classifier__SVC__degree': 3, 'Classifier__SVC__gamma': 0.0001, 'Classifier__SVC__kernel': 'poly', 'Scaler': MinMaxScaler(), 'Selector__max_features': 2}",0.18357487922705315,0.0821256038647343,0.2524271844660194,0.17270922251926893,0.0699485713963841,927
661,0.055629571278889976,0.0099226918949252,0.0121153195699056,0.0012655525930143929,0.001,poly,MinMaxScaler(),4,0.0001,6.0,3.0,"{'Classifier__SVC__C': 0.001, 'Classifier__SVC__coef0': 6, 'Classifier__SVC__degree': 3, 'Classifier__SVC__gamma': 0.0001, 'Classifier__SVC__kernel': 'poly', 'Scaler': MinMaxScaler(), 'Selector__max_features': 4}",0.2318840579710145,0.0821256038647343,0.2524271844660194,0.1888122821005894,0.07590362528144096,601
662,0.05336983998616537,0.0021297231664446237,0.013450304667154947,0.000580246440809779,0.001,poly,MinMaxScaler(),6,0.0001,6.0,3.0,"{'Classifier__SVC__C': 0.001, 'Classifier__SVC__coef0': 6, 'Classifier__SVC__degree': 3, 'Classifier__SVC__gamma': 0.0001, 'Classifier__SVC__kernel': 'poly', 'Scaler': MinMaxScaler(), 'Selector__max_features': 6}",0.25120772946859904,0.0821256038647343,0.2524271844660194,0.1952535059331176,0.07999505583646184,332
663,0.04754312833150228,0.0005566715700464735,0.010797341664632162,0.0010996344819539517,0.001,poly,MinMaxScaler(),8,0.0001,6.0,3.0,"{'Classifier__SVC__C': 0.001, 'Classifier__SVC__coef0': 6, 'Classifier__SVC__degree': 3, 'Classifier__SVC__gamma': 0.0001, 'Classifier__SVC__kernel': 'poly', 'Scaler': MinMaxScaler(), 'Selector__max_features': 8}",0.25120772946859904,0.0821256038647343,0.2524271844660194,0.1952535059331176,0.07999505583646184,332
664,0.058623949686686196,0.006156601419924675,0.012207984924316406,0.0011392060019668599,0.001,poly,MinMaxScaler(),10,0.0001,6.0,3.0,"{'Classifier__SVC__C': 0.001, 'Classifier__SVC__coef0': 6, 'Classifier__SVC__degree': 3, 'Classifier__SVC__gamma': 0.0001, 'Classifier__SVC__kernel': 'poly', 'Scaler': MinMaxScaler(), 'Selector__max_features': 10}",0.25120772946859904,0.0821256038647343,0.2524271844660194,0.1952535059331176,0.07999505583646184,332
665,0.060689051946004234,0.012879523747415467,0.01148239771525065,0.0017584164039379387,0.001,poly,MinMaxScaler(),12,0.0001,6.0,3.0,"{'Classifier__SVC__C': 0.001, 'Classifier__SVC__coef0': 6, 'Classifier__SVC__degree': 3, 'Classifier__SVC__gamma': 0.0001, 'Classifier__SVC__kernel': 'poly', 'Scaler': MinMaxScaler(), 'Selector__max_features': 12}",0.2318840579710145,0.0821256038647343,0.2524271844660194,0.1888122821005894,0.07590362528144096,601
666,0.0538934071858724,0.005282149324665849,0.013836860656738281,0.0008780695922324451,0.001,poly,MinMaxScaler(),14,0.0001,6.0,3.0,"{'Classifier__SVC__C': 0.001, 'Classifier__SVC__coef0': 6, 'Classifier__SVC__degree': 3, 'Classifier__SVC__gamma': 0.0001, 'Classifier__SVC__kernel': 'poly', 'Scaler': MinMaxScaler(), 'Selector__max_features': 14}",0.2318840579710145,0.0821256038647343,0.2524271844660194,0.1888122821005894,0.07590362528144096,601
667,0.0560759703318278,0.004605754360198328,0.012592633565266928,0.0005662935413860743,0.001,poly,MinMaxScaler(),16,0.0001,6.0,3.0,"{'Classifier__SVC__C': 0.001, 'Classifier__SVC__coef0': 6, 'Classifier__SVC__degree': 3, 'Classifier__SVC__gamma': 0.0001, 'Classifier__SVC__kernel': 'poly', 'Scaler': MinMaxScaler(), 'Selector__max_features': 16}",0.2222222222222222,0.0821256038647343,0.2524271844660194,0.18559167018432532,0.0741934637542275,680
668,0.05909212430318197,0.003319658523276217,0.015351692835489908,0.0046475014668058605,0.001,poly,MinMaxScaler(),18,0.0001,6.0,3.0,"{'Classifier__SVC__C': 0.001, 'Classifier__SVC__coef0': 6, 'Classifier__SVC__degree': 3, 'Classifier__SVC__gamma': 0.0001, 'Classifier__SVC__kernel': 'poly', 'Scaler': MinMaxScaler(), 'Selector__max_features': 18}",0.2222222222222222,0.0821256038647343,0.2524271844660194,0.18559167018432532,0.0741934637542275,680
669,0.06594642003377278,0.010188589282506853,0.012338956197102865,0.000797429573304677,0.001,poly,MinMaxScaler(),20,0.0001,6.0,3.0,"{'Classifier__SVC__C': 0.001, 'Classifier__SVC__coef0': 6, 'Classifier__SVC__degree': 3, 'Classifier__SVC__gamma': 0.0001, 'Classifier__SVC__kernel': 'poly', 'Scaler': MinMaxScaler(), 'Selector__max_features': 20}",0.2560386473429952,0.0821256038647343,0.2524271844660194,0.19686381189124966,0.08114556037097727,298
670,0.06841778755187988,0.015192928713537284,0.013571898142496744,0.005255764506226463,0.001,poly,MinMaxScaler(),24,0.0001,6.0,3.0,"{'Classifier__SVC__C': 0.001, 'Classifier__SVC__coef0': 6, 'Classifier__SVC__degree': 3, 'Classifier__SVC__gamma': 0.0001, 'Classifier__SVC__kernel': 'poly', 'Scaler': MinMaxScaler(), 'Selector__max_features': 24}",0.25120772946859904,0.0821256038647343,0.2524271844660194,0.1952535059331176,0.07999505583646184,332
671,0.05690232912699381,0.012635652516412847,0.01224064826965332,0.0019551975192102274,0.001,poly,MinMaxScaler(),2,0.001,6.0,3.0,"{'Classifier__SVC__C': 0.001, 'Classifier__SVC__coef0': 6, 'Classifier__SVC__degree': 3, 'Classifier__SVC__gamma': 0.001, 'Classifier__SVC__kernel': 'poly', 'Scaler': MinMaxScaler(), 'Selector__max_features': 2}",0.18357487922705315,0.0821256038647343,0.2524271844660194,0.17270922251926893,0.0699485713963841,927
672,0.05892570813496908,0.011215835015694715,0.01292125384012858,0.001051836379401846,0.001,poly,MinMaxScaler(),4,0.001,6.0,3.0,"{'Classifier__SVC__C': 0.001, 'Classifier__SVC__coef0': 6, 'Classifier__SVC__degree': 3, 'Classifier__SVC__gamma': 0.001, 'Classifier__SVC__kernel': 'poly', 'Scaler': MinMaxScaler(), 'Selector__max_features': 4}",0.23671497584541062,0.0821256038647343,0.2524271844660194,0.19042258805872145,0.07684571540460756,553
673,0.0617514451344808,0.017984591287518958,0.012920459111531576,0.0008861370470348,0.001,poly,MinMaxScaler(),6,0.001,6.0,3.0,"{'Classifier__SVC__C': 0.001, 'Classifier__SVC__coef0': 6, 'Classifier__SVC__degree': 3, 'Classifier__SVC__gamma': 0.001, 'Classifier__SVC__kernel': 'poly', 'Scaler': MinMaxScaler(), 'Selector__max_features': 6}",0.25120772946859904,0.0821256038647343,0.2524271844660194,0.1952535059331176,0.07999505583646184,332
674,0.06022906303405762,0.0067141795655798,0.011611461639404297,0.0011747970105599674,0.001,poly,MinMaxScaler(),8,0.001,6.0,3.0,"{'Classifier__SVC__C': 0.001, 'Classifier__SVC__coef0': 6, 'Classifier__SVC__degree': 3, 'Classifier__SVC__gamma': 0.001, 'Classifier__SVC__kernel': 'poly', 'Scaler': MinMaxScaler(), 'Selector__max_features': 8}",0.25120772946859904,0.0821256038647343,0.2524271844660194,0.1952535059331176,0.07999505583646184,332
675,0.05187106132507324,0.0029740808963365306,0.011347611745198568,0.0006695975029308728,0.001,poly,MinMaxScaler(),10,0.001,6.0,3.0,"{'Classifier__SVC__C': 0.001, 'Classifier__SVC__coef0': 6, 'Classifier__SVC__degree': 3, 'Classifier__SVC__gamma': 0.001, 'Classifier__SVC__kernel': 'poly', 'Scaler': MinMaxScaler(), 'Selector__max_features': 10}",0.25120772946859904,0.0821256038647343,0.2524271844660194,0.1952535059331176,0.07999505583646184,332
676,0.056953748067220054,0.002920391529516678,0.012850602467854818,0.0006904777770648701,0.001,poly,MinMaxScaler(),12,0.001,6.0,3.0,"{'Classifier__SVC__C': 0.001, 'Classifier__SVC__coef0': 6, 'Classifier__SVC__degree': 3, 'Classifier__SVC__gamma': 0.001, 'Classifier__SVC__kernel': 'poly', 'Scaler': MinMaxScaler(), 'Selector__max_features': 12}",0.2318840579710145,0.0821256038647343,0.2524271844660194,0.1888122821005894,0.07590362528144096,601
677,0.05636739730834961,0.004292069697553511,0.012289841969807943,0.0012958499966330328,0.001,poly,MinMaxScaler(),14,0.001,6.0,3.0,"{'Classifier__SVC__C': 0.001, 'Classifier__SVC__coef0': 6, 'Classifier__SVC__degree': 3, 'Classifier__SVC__gamma': 0.001, 'Classifier__SVC__kernel': 'poly', 'Scaler': MinMaxScaler(), 'Selector__max_features': 14}",0.2318840579710145,0.0821256038647343,0.2524271844660194,0.1888122821005894,0.07590362528144096,601
678,0.04907417297363281,0.0029335305332337364,0.012134869893391928,0.00032486951710618554,0.001,poly,MinMaxScaler(),16,0.001,6.0,3.0,"{'Classifier__SVC__C': 0.001, 'Classifier__SVC__coef0': 6, 'Classifier__SVC__degree': 3, 'Classifier__SVC__gamma': 0.001, 'Classifier__SVC__kernel': 'poly', 'Scaler': MinMaxScaler(), 'Selector__max_features': 16}",0.2222222222222222,0.0821256038647343,0.2524271844660194,0.18559167018432532,0.0741934637542275,680
679,0.055590152740478516,0.0046190802930439305,0.013214349746704102,0.0008912398377252903,0.001,poly,MinMaxScaler(),18,0.001,6.0,3.0,"{'Classifier__SVC__C': 0.001, 'Classifier__SVC__coef0': 6, 'Classifier__SVC__degree': 3, 'Classifier__SVC__gamma': 0.001, 'Classifier__SVC__kernel': 'poly', 'Scaler': MinMaxScaler(), 'Selector__max_features': 18}",0.2222222222222222,0.0821256038647343,0.2524271844660194,0.18559167018432532,0.0741934637542275,680
680,0.05506269137064616,0.004799909431151227,0.012898921966552734,0.0012198309091981832,0.001,poly,MinMaxScaler(),20,0.001,6.0,3.0,"{'Classifier__SVC__C': 0.001, 'Classifier__SVC__coef0': 6, 'Classifier__SVC__degree': 3, 'Classifier__SVC__gamma': 0.001, 'Classifier__SVC__kernel': 'poly', 'Scaler': MinMaxScaler(), 'Selector__max_features': 20}",0.2560386473429952,0.0821256038647343,0.2524271844660194,0.19686381189124966,0.08114556037097727,298
681,0.05787213643391927,0.004764947839616164,0.011456727981567383,0.0010773898434629935,0.001,poly,MinMaxScaler(),24,0.001,6.0,3.0,"{'Classifier__SVC__C': 0.001, 'Classifier__SVC__coef0': 6, 'Classifier__SVC__degree': 3, 'Classifier__SVC__gamma': 0.001, 'Classifier__SVC__kernel': 'poly', 'Scaler': MinMaxScaler(), 'Selector__max_features': 24}",0.25120772946859904,0.0821256038647343,0.2524271844660194,0.1952535059331176,0.07999505583646184,332
682,0.05533917744954427,0.0035586738363596057,0.011319239934285482,0.00035799041667671725,0.001,poly,MinMaxScaler(),2,0.01,6.0,3.0,"{'Classifier__SVC__C': 0.001, 'Classifier__SVC__coef0': 6, 'Classifier__SVC__degree': 3, 'Classifier__SVC__gamma': 0.01, 'Classifier__SVC__kernel': 'poly', 'Scaler': MinMaxScaler(), 'Selector__max_features': 2}",0.18357487922705315,0.0821256038647343,0.2524271844660194,0.17270922251926893,0.0699485713963841,927
683,0.0630017916361491,0.007723591156360542,0.014390707015991211,0.002298387658151122,0.001,poly,MinMaxScaler(),4,0.01,6.0,3.0,"{'Classifier__SVC__C': 0.001, 'Classifier__SVC__coef0': 6, 'Classifier__SVC__degree': 3, 'Classifier__SVC__gamma': 0.01, 'Classifier__SVC__kernel': 'poly', 'Scaler': MinMaxScaler(), 'Selector__max_features': 4}",0.24154589371980675,0.0821256038647343,0.2524271844660194,0.1920328940168535,0.07784304697493322,493
684,0.06646442413330078,0.011669657950590077,0.010799328486124674,0.0005990906331204721,0.001,poly,MinMaxScaler(),6,0.01,6.0,3.0,"{'Classifier__SVC__C': 0.001, 'Classifier__SVC__coef0': 6, 'Classifier__SVC__degree': 3, 'Classifier__SVC__gamma': 0.01, 'Classifier__SVC__kernel': 'poly', 'Scaler': MinMaxScaler(), 'Selector__max_features': 6}",0.25120772946859904,0.0821256038647343,0.2524271844660194,0.1952535059331176,0.07999505583646184,332
685,0.06050642331441244,0.006900701714095232,0.012793779373168945,0.0024769847967800246,0.001,poly,MinMaxScaler(),8,0.01,6.0,3.0,"{'Classifier__SVC__C': 0.001, 'Classifier__SVC__coef0': 6, 'Classifier__SVC__degree': 3, 'Classifier__SVC__gamma': 0.01, 'Classifier__SVC__kernel': 'poly', 'Scaler': MinMaxScaler(), 'Selector__max_features': 8}",0.25120772946859904,0.0821256038647343,0.2524271844660194,0.1952535059331176,0.07999505583646184,332
686,0.05106910069783529,0.0031361368937388077,0.01359860102335612,0.0016776507523997262,0.001,poly,MinMaxScaler(),10,0.01,6.0,3.0,"{'Classifier__SVC__C': 0.001, 'Classifier__SVC__coef0': 6, 'Classifier__SVC__degree': 3, 'Classifier__SVC__gamma': 0.01, 'Classifier__SVC__kernel': 'poly', 'Scaler': MinMaxScaler(), 'Selector__max_features': 10}",0.25120772946859904,0.0821256038647343,0.2524271844660194,0.1952535059331176,0.07999505583646184,332
687,0.0483862559000651,0.0019677106991653147,0.012380838394165039,0.0005105868813961611,0.001,poly,MinMaxScaler(),12,0.01,6.0,3.0,"{'Classifier__SVC__C': 0.001, 'Classifier__SVC__coef0': 6, 'Classifier__SVC__degree': 3, 'Classifier__SVC__gamma': 0.01, 'Classifier__SVC__kernel': 'poly', 'Scaler': MinMaxScaler(), 'Selector__max_features': 12}",0.2318840579710145,0.0821256038647343,0.2524271844660194,0.1888122821005894,0.07590362528144096,601
688,0.06039611498514811,0.010155202854549761,0.011149326960245768,0.0007370839666751366,0.001,poly,MinMaxScaler(),14,0.01,6.0,3.0,"{'Classifier__SVC__C': 0.001, 'Classifier__SVC__coef0': 6, 'Classifier__SVC__degree': 3, 'Classifier__SVC__gamma': 0.01, 'Classifier__SVC__kernel': 'poly', 'Scaler': MinMaxScaler(), 'Selector__max_features': 14}",0.2318840579710145,0.0821256038647343,0.2524271844660194,0.1888122821005894,0.07590362528144096,601
689,0.053693135579427086,0.006563243369661056,0.01307527224222819,0.0014026072719938308,0.001,poly,MinMaxScaler(),16,0.01,6.0,3.0,"{'Classifier__SVC__C': 0.001, 'Classifier__SVC__coef0': 6, 'Classifier__SVC__degree': 3, 'Classifier__SVC__gamma': 0.01, 'Classifier__SVC__kernel': 'poly', 'Scaler': MinMaxScaler(), 'Selector__max_features': 16}",0.2222222222222222,0.0821256038647343,0.2524271844660194,0.18559167018432532,0.0741934637542275,680
690,0.049396912256876625,0.003495459882757371,0.012422959009806315,0.0017344936317678875,0.001,poly,MinMaxScaler(),18,0.01,6.0,3.0,"{'Classifier__SVC__C': 0.001, 'Classifier__SVC__coef0': 6, 'Classifier__SVC__degree': 3, 'Classifier__SVC__gamma': 0.01, 'Classifier__SVC__kernel': 'poly', 'Scaler': MinMaxScaler(), 'Selector__max_features': 18}",0.2222222222222222,0.0821256038647343,0.2524271844660194,0.18559167018432532,0.0741934637542275,680
691,0.04825655619303385,0.003155934020407127,0.012070496877034506,0.0018062469692539755,0.001,poly,MinMaxScaler(),20,0.01,6.0,3.0,"{'Classifier__SVC__C': 0.001, 'Classifier__SVC__coef0': 6, 'Classifier__SVC__degree': 3, 'Classifier__SVC__gamma': 0.01, 'Classifier__SVC__kernel': 'poly', 'Scaler': MinMaxScaler(), 'Selector__max_features': 20}",0.2560386473429952,0.0821256038647343,0.2524271844660194,0.19686381189124966,0.08114556037097727,298
692,0.05019338925679525,0.0014002322722124533,0.011177380879720053,0.0009893383668814761,0.001,poly,MinMaxScaler(),24,0.01,6.0,3.0,"{'Classifier__SVC__C': 0.001, 'Classifier__SVC__coef0': 6, 'Classifier__SVC__degree': 3, 'Classifier__SVC__gamma': 0.01, 'Classifier__SVC__kernel': 'poly', 'Scaler': MinMaxScaler(), 'Selector__max_features': 24}",0.2463768115942029,0.0821256038647343,0.2524271844660194,0.19364319997498555,0.07889352501791616,457
693,0.06168882052103678,0.00961436543312632,0.011387825012207031,0.0005476093645719683,0.001,poly,MinMaxScaler(),2,0.1,6.0,3.0,"{'Classifier__SVC__C': 0.001, 'Classifier__SVC__coef0': 6, 'Classifier__SVC__degree': 3, 'Classifier__SVC__gamma': 0.1, 'Classifier__SVC__kernel': 'poly', 'Scaler': MinMaxScaler(), 'Selector__max_features': 2}",0.18840579710144928,0.0821256038647343,0.2524271844660194,0.17431952847740098,0.0702351968348047,895
694,0.04790957768758138,0.0033110536111322724,0.011768102645874023,0.0008702220873012865,0.001,poly,MinMaxScaler(),4,0.1,6.0,3.0,"{'Classifier__SVC__C': 0.001, 'Classifier__SVC__coef0': 6, 'Classifier__SVC__degree': 3, 'Classifier__SVC__gamma': 0.1, 'Classifier__SVC__kernel': 'poly', 'Scaler': MinMaxScaler(), 'Selector__max_features': 4}",0.25120772946859904,0.0821256038647343,0.2524271844660194,0.1952535059331176,0.07999505583646184,332
695,0.051270087560017906,0.004454014056277631,0.013181765874226889,0.0014632219931116149,0.001,poly,MinMaxScaler(),6,0.1,6.0,3.0,"{'Classifier__SVC__C': 0.001, 'Classifier__SVC__coef0': 6, 'Classifier__SVC__degree': 3, 'Classifier__SVC__gamma': 0.1, 'Classifier__SVC__kernel': 'poly', 'Scaler': MinMaxScaler(), 'Selector__max_features': 6}",0.25120772946859904,0.0821256038647343,0.2524271844660194,0.1952535059331176,0.07999505583646184,332
696,0.052903970082600914,0.0034859031670652373,0.01129452387491862,0.00020857727352608797,0.001,poly,MinMaxScaler(),8,0.1,6.0,3.0,"{'Classifier__SVC__C': 0.001, 'Classifier__SVC__coef0': 6, 'Classifier__SVC__degree': 3, 'Classifier__SVC__gamma': 0.1, 'Classifier__SVC__kernel': 'poly', 'Scaler': MinMaxScaler(), 'Selector__max_features': 8}",0.2463768115942029,0.0821256038647343,0.2524271844660194,0.19364319997498555,0.07889352501791616,457
697,0.05123758316040039,0.001662554050927303,0.012398401896158854,0.0011914785126471087,0.001,poly,MinMaxScaler(),10,0.1,6.0,3.0,"{'Classifier__SVC__C': 0.001, 'Classifier__SVC__coef0': 6, 'Classifier__SVC__degree': 3, 'Classifier__SVC__gamma': 0.1, 'Classifier__SVC__kernel': 'poly', 'Scaler': MinMaxScaler(), 'Selector__max_features': 10}",0.25120772946859904,0.0821256038647343,0.2524271844660194,0.1952535059331176,0.07999505583646184,332
698,0.06653221448262532,0.01877142694912643,0.011906623840332031,0.0006500083105815542,0.001,poly,MinMaxScaler(),12,0.1,6.0,3.0,"{'Classifier__SVC__C': 0.001, 'Classifier__SVC__coef0': 6, 'Classifier__SVC__degree': 3, 'Classifier__SVC__gamma': 0.1, 'Classifier__SVC__kernel': 'poly', 'Scaler': MinMaxScaler(), 'Selector__max_features': 12}",0.2463768115942029,0.0821256038647343,0.2524271844660194,0.19364319997498555,0.07889352501791616,457
699,0.049849748611450195,0.006704939319537734,0.012777566909790039,0.0006415920600872846,0.001,poly,MinMaxScaler(),14,0.1,6.0,3.0,"{'Classifier__SVC__C': 0.001, 'Classifier__SVC__coef0': 6, 'Classifier__SVC__degree': 3, 'Classifier__SVC__gamma': 0.1, 'Classifier__SVC__kernel': 'poly', 'Scaler': MinMaxScaler(), 'Selector__max_features': 14}",0.2318840579710145,0.0821256038647343,0.2524271844660194,0.1888122821005894,0.07590362528144096,601
700,0.05549979209899902,0.0033536536060638843,0.012371142705281576,0.00037794091969084985,0.001,poly,MinMaxScaler(),16,0.1,6.0,3.0,"{'Classifier__SVC__C': 0.001, 'Classifier__SVC__coef0': 6, 'Classifier__SVC__degree': 3, 'Classifier__SVC__gamma': 0.1, 'Classifier__SVC__kernel': 'poly', 'Scaler': MinMaxScaler(), 'Selector__max_features': 16}",0.2222222222222222,0.0821256038647343,0.2524271844660194,0.18559167018432532,0.0741934637542275,680
701,0.05518547693888346,0.007498135139385038,0.012230555216471354,0.0009835806094868698,0.001,poly,MinMaxScaler(),18,0.1,6.0,3.0,"{'Classifier__SVC__C': 0.001, 'Classifier__SVC__coef0': 6, 'Classifier__SVC__degree': 3, 'Classifier__SVC__gamma': 0.1, 'Classifier__SVC__kernel': 'poly', 'Scaler': MinMaxScaler(), 'Selector__max_features': 18}",0.22705314009661837,0.0821256038647343,0.2524271844660194,0.18720197614245737,0.07501885780788752,647
702,0.05263249079386393,0.005092440627324597,0.012612422307332357,0.0010949268196641256,0.001,poly,MinMaxScaler(),20,0.1,6.0,3.0,"{'Classifier__SVC__C': 0.001, 'Classifier__SVC__coef0': 6, 'Classifier__SVC__degree': 3, 'Classifier__SVC__gamma': 0.1, 'Classifier__SVC__kernel': 'poly', 'Scaler': MinMaxScaler(), 'Selector__max_features': 20}",0.2560386473429952,0.0821256038647343,0.24271844660194175,0.19362756593655708,0.07903110187913424,468
703,0.0643613338470459,0.01421620955804562,0.012292226155598959,0.0005692127722026651,0.001,poly,MinMaxScaler(),24,0.1,6.0,3.0,"{'Classifier__SVC__C': 0.001, 'Classifier__SVC__coef0': 6, 'Classifier__SVC__degree': 3, 'Classifier__SVC__gamma': 0.1, 'Classifier__SVC__kernel': 'poly', 'Scaler': MinMaxScaler(), 'Selector__max_features': 24}",0.24154589371980675,0.0821256038647343,0.23300970873786409,0.18556040210746838,0.07322242247266346,716
704,0.05843162536621094,0.011937387902729479,0.011013507843017578,6.462360398862336e-05,0.001,poly,MinMaxScaler(),2,0.0001,6.0,5.0,"{'Classifier__SVC__C': 0.001, 'Classifier__SVC__coef0': 6, 'Classifier__SVC__degree': 5, 'Classifier__SVC__gamma': 0.0001, 'Classifier__SVC__kernel': 'poly', 'Scaler': MinMaxScaler(), 'Selector__max_features': 2}",0.18357487922705315,0.0821256038647343,0.2524271844660194,0.17270922251926893,0.0699485713963841,927
705,0.04818209012349447,0.0033268834915194667,0.01241453488667806,0.0006522780941694513,0.001,poly,MinMaxScaler(),4,0.0001,6.0,5.0,"{'Classifier__SVC__C': 0.001, 'Classifier__SVC__coef0': 6, 'Classifier__SVC__degree': 5, 'Classifier__SVC__gamma': 0.0001, 'Classifier__SVC__kernel': 'poly', 'Scaler': MinMaxScaler(), 'Selector__max_features': 4}",0.23671497584541062,0.0821256038647343,0.2524271844660194,0.19042258805872145,0.07684571540460756,553
706,0.04935447374979655,0.0032713069352443063,0.01141826311747233,0.000551787350532467,0.001,poly,MinMaxScaler(),6,0.0001,6.0,5.0,"{'Classifier__SVC__C': 0.001, 'Classifier__SVC__coef0': 6, 'Classifier__SVC__degree': 5, 'Classifier__SVC__gamma': 0.0001, 'Classifier__SVC__kernel': 'poly', 'Scaler': MinMaxScaler(), 'Selector__max_features': 6}",0.25120772946859904,0.0821256038647343,0.2524271844660194,0.1952535059331176,0.07999505583646184,332
707,0.05683183670043945,0.013500709265278816,0.012977917989095053,0.0017174955740499956,0.001,poly,MinMaxScaler(),8,0.0001,6.0,5.0,"{'Classifier__SVC__C': 0.001, 'Classifier__SVC__coef0': 6, 'Classifier__SVC__degree': 5, 'Classifier__SVC__gamma': 0.0001, 'Classifier__SVC__kernel': 'poly', 'Scaler': MinMaxScaler(), 'Selector__max_features': 8}",0.25120772946859904,0.0821256038647343,0.2524271844660194,0.1952535059331176,0.07999505583646184,332
708,0.053297201792399086,0.009745014592550037,0.011636734008789062,0.0014526207301751885,0.001,poly,MinMaxScaler(),10,0.0001,6.0,5.0,"{'Classifier__SVC__C': 0.001, 'Classifier__SVC__coef0': 6, 'Classifier__SVC__degree': 5, 'Classifier__SVC__gamma': 0.0001, 'Classifier__SVC__kernel': 'poly', 'Scaler': MinMaxScaler(), 'Selector__max_features': 10}",0.25120772946859904,0.0821256038647343,0.2524271844660194,0.1952535059331176,0.07999505583646184,332
709,0.052324771881103516,0.0036939673576708836,0.010164896647135416,0.0016846282862577131,0.001,poly,MinMaxScaler(),12,0.0001,6.0,5.0,"{'Classifier__SVC__C': 0.001, 'Classifier__SVC__coef0': 6, 'Classifier__SVC__degree': 5, 'Classifier__SVC__gamma': 0.0001, 'Classifier__SVC__kernel': 'poly', 'Scaler': MinMaxScaler(), 'Selector__max_features': 12}",0.2318840579710145,0.0821256038647343,0.2524271844660194,0.1888122821005894,0.07590362528144096,601
710,0.05557099978129069,0.009086103022074766,0.014040708541870117,0.00298872054221034,0.001,poly,MinMaxScaler(),14,0.0001,6.0,5.0,"{'Classifier__SVC__C': 0.001, 'Classifier__SVC__coef0': 6, 'Classifier__SVC__degree': 5, 'Classifier__SVC__gamma': 0.0001, 'Classifier__SVC__kernel': 'poly', 'Scaler': MinMaxScaler(), 'Selector__max_features': 14}",0.2318840579710145,0.0821256038647343,0.2524271844660194,0.1888122821005894,0.07590362528144096,601
711,0.04980278015136719,0.0014045072492612364,0.012564420700073242,0.00041868221380912733,0.001,poly,MinMaxScaler(),16,0.0001,6.0,5.0,"{'Classifier__SVC__C': 0.001, 'Classifier__SVC__coef0': 6, 'Classifier__SVC__degree': 5, 'Classifier__SVC__gamma': 0.0001, 'Classifier__SVC__kernel': 'poly', 'Scaler': MinMaxScaler(), 'Selector__max_features': 16}",0.2222222222222222,0.0821256038647343,0.2524271844660194,0.18559167018432532,0.0741934637542275,680
712,0.061561902364095054,0.017016479127852157,0.012378454208374023,0.001605292282167006,0.001,poly,MinMaxScaler(),18,0.0001,6.0,5.0,"{'Classifier__SVC__C': 0.001, 'Classifier__SVC__coef0': 6, 'Classifier__SVC__degree': 5, 'Classifier__SVC__gamma': 0.0001, 'Classifier__SVC__kernel': 'poly', 'Scaler': MinMaxScaler(), 'Selector__max_features': 18}",0.2222222222222222,0.0821256038647343,0.2524271844660194,0.18559167018432532,0.0741934637542275,680
713,0.05819129943847656,0.007729652942816196,0.011667569478352865,0.0012075133553991766,0.001,poly,MinMaxScaler(),20,0.0001,6.0,5.0,"{'Classifier__SVC__C': 0.001, 'Classifier__SVC__coef0': 6, 'Classifier__SVC__degree': 5, 'Classifier__SVC__gamma': 0.0001, 'Classifier__SVC__kernel': 'poly', 'Scaler': MinMaxScaler(), 'Selector__max_features': 20}",0.2560386473429952,0.0821256038647343,0.2524271844660194,0.19686381189124966,0.08114556037097727,298
714,0.056093056996663414,0.00524543578326,0.011838515599568685,0.0010058910901728807,0.001,poly,MinMaxScaler(),24,0.0001,6.0,5.0,"{'Classifier__SVC__C': 0.001, 'Classifier__SVC__coef0': 6, 'Classifier__SVC__degree': 5, 'Classifier__SVC__gamma': 0.0001, 'Classifier__SVC__kernel': 'poly', 'Scaler': MinMaxScaler(), 'Selector__max_features': 24}",0.25120772946859904,0.0821256038647343,0.2524271844660194,0.1952535059331176,0.07999505583646184,332
715,0.05380543073018392,0.004556060668930786,0.012825568517049154,0.0005481905021728095,0.001,poly,MinMaxScaler(),2,0.001,6.0,5.0,"{'Classifier__SVC__C': 0.001, 'Classifier__SVC__coef0': 6, 'Classifier__SVC__degree': 5, 'Classifier__SVC__gamma': 0.001, 'Classifier__SVC__kernel': 'poly', 'Scaler': MinMaxScaler(), 'Selector__max_features': 2}",0.18357487922705315,0.0821256038647343,0.2524271844660194,0.17270922251926893,0.0699485713963841,927
716,0.050041516621907554,0.004522310118494446,0.013521273930867514,0.003157830036243481,0.001,poly,MinMaxScaler(),4,0.001,6.0,5.0,"{'Classifier__SVC__C': 0.001, 'Classifier__SVC__coef0': 6, 'Classifier__SVC__degree': 5, 'Classifier__SVC__gamma': 0.001, 'Classifier__SVC__kernel': 'poly', 'Scaler': MinMaxScaler(), 'Selector__max_features': 4}",0.23671497584541062,0.0821256038647343,0.2524271844660194,0.19042258805872145,0.07684571540460756,553
717,0.05852667490641276,0.011026917569690884,0.012129863103230795,0.0009171647037841478,0.001,poly,MinMaxScaler(),6,0.001,6.0,5.0,"{'Classifier__SVC__C': 0.001, 'Classifier__SVC__coef0': 6, 'Classifier__SVC__degree': 5, 'Classifier__SVC__gamma': 0.001, 'Classifier__SVC__kernel': 'poly', 'Scaler': MinMaxScaler(), 'Selector__max_features': 6}",0.25120772946859904,0.0821256038647343,0.2524271844660194,0.1952535059331176,0.07999505583646184,332
718,0.06321374575297038,0.010179794752593115,0.010808706283569336,0.0004114197498047584,0.001,poly,MinMaxScaler(),8,0.001,6.0,5.0,"{'Classifier__SVC__C': 0.001, 'Classifier__SVC__coef0': 6, 'Classifier__SVC__degree': 5, 'Classifier__SVC__gamma': 0.001, 'Classifier__SVC__kernel': 'poly', 'Scaler': MinMaxScaler(), 'Selector__max_features': 8}",0.25120772946859904,0.0821256038647343,0.2524271844660194,0.1952535059331176,0.07999505583646184,332
719,0.05343270301818848,0.005563791626012185,0.015324115753173828,0.0030533028456557207,0.001,poly,MinMaxScaler(),10,0.001,6.0,5.0,"{'Classifier__SVC__C': 0.001, 'Classifier__SVC__coef0': 6, 'Classifier__SVC__degree': 5, 'Classifier__SVC__gamma': 0.001, 'Classifier__SVC__kernel': 'poly', 'Scaler': MinMaxScaler(), 'Selector__max_features': 10}",0.25120772946859904,0.0821256038647343,0.2524271844660194,0.1952535059331176,0.07999505583646184,332
720,0.05265704790751139,0.005456085278102904,0.012332916259765625,0.0006802583310074412,0.001,poly,MinMaxScaler(),12,0.001,6.0,5.0,"{'Classifier__SVC__C': 0.001, 'Classifier__SVC__coef0': 6, 'Classifier__SVC__degree': 5, 'Classifier__SVC__gamma': 0.001, 'Classifier__SVC__kernel': 'poly', 'Scaler': MinMaxScaler(), 'Selector__max_features': 12}",0.2318840579710145,0.0821256038647343,0.2524271844660194,0.1888122821005894,0.07590362528144096,601
721,0.055984179178873696,0.001288676942934479,0.011850357055664062,0.0009194432108297392,0.001,poly,MinMaxScaler(),14,0.001,6.0,5.0,"{'Classifier__SVC__C': 0.001, 'Classifier__SVC__coef0': 6, 'Classifier__SVC__degree': 5, 'Classifier__SVC__gamma': 0.001, 'Classifier__SVC__kernel': 'poly', 'Scaler': MinMaxScaler(), 'Selector__max_features': 14}",0.2318840579710145,0.0821256038647343,0.2524271844660194,0.1888122821005894,0.07590362528144096,601
722,0.05697798728942871,0.009821406429938572,0.011029481887817383,0.0014146422087445377,0.001,poly,MinMaxScaler(),16,0.001,6.0,5.0,"{'Classifier__SVC__C': 0.001, 'Classifier__SVC__coef0': 6, 'Classifier__SVC__degree': 5, 'Classifier__SVC__gamma': 0.001, 'Classifier__SVC__kernel': 'poly', 'Scaler': MinMaxScaler(), 'Selector__max_features': 16}",0.2222222222222222,0.0821256038647343,0.2524271844660194,0.18559167018432532,0.0741934637542275,680
723,0.04925131797790527,0.0008969864843980142,0.012007395426432291,0.001032448385575859,0.001,poly,MinMaxScaler(),18,0.001,6.0,5.0,"{'Classifier__SVC__C': 0.001, 'Classifier__SVC__coef0': 6, 'Classifier__SVC__degree': 5, 'Classifier__SVC__gamma': 0.001, 'Classifier__SVC__kernel': 'poly', 'Scaler': MinMaxScaler(), 'Selector__max_features': 18}",0.2222222222222222,0.0821256038647343,0.2524271844660194,0.18559167018432532,0.0741934637542275,680
724,0.05174406369527181,0.002877828555200484,0.012015581130981445,0.00032010379485638093,0.001,poly,MinMaxScaler(),20,0.001,6.0,5.0,"{'Classifier__SVC__C': 0.001, 'Classifier__SVC__coef0': 6, 'Classifier__SVC__degree': 5, 'Classifier__SVC__gamma': 0.001, 'Classifier__SVC__kernel': 'poly', 'Scaler': MinMaxScaler(), 'Selector__max_features': 20}",0.2560386473429952,0.0821256038647343,0.2524271844660194,0.19686381189124966,0.08114556037097727,298
725,0.05640888214111328,0.0037253166731854434,0.012860298156738281,0.0019774744050439453,0.001,poly,MinMaxScaler(),24,0.001,6.0,5.0,"{'Classifier__SVC__C': 0.001, 'Classifier__SVC__coef0': 6, 'Classifier__SVC__degree': 5, 'Classifier__SVC__gamma': 0.001, 'Classifier__SVC__kernel': 'poly', 'Scaler': MinMaxScaler(), 'Selector__max_features': 24}",0.25120772946859904,0.0821256038647343,0.2524271844660194,0.1952535059331176,0.07999505583646184,332
726,0.048516273498535156,0.003330072042183495,0.012878179550170898,0.0009129384768430404,0.001,poly,MinMaxScaler(),2,0.01,6.0,5.0,"{'Classifier__SVC__C': 0.001, 'Classifier__SVC__coef0': 6, 'Classifier__SVC__degree': 5, 'Classifier__SVC__gamma': 0.01, 'Classifier__SVC__kernel': 'poly', 'Scaler': MinMaxScaler(), 'Selector__max_features': 2}",0.18357487922705315,0.0821256038647343,0.2524271844660194,0.17270922251926893,0.0699485713963841,927
727,0.06076709429423014,0.012551723956289708,0.011253039042154947,0.0006336862744049697,0.001,poly,MinMaxScaler(),4,0.01,6.0,5.0,"{'Classifier__SVC__C': 0.001, 'Classifier__SVC__coef0': 6, 'Classifier__SVC__degree': 5, 'Classifier__SVC__gamma': 0.01, 'Classifier__SVC__kernel': 'poly', 'Scaler': MinMaxScaler(), 'Selector__max_features': 4}",0.24154589371980675,0.0821256038647343,0.2524271844660194,0.1920328940168535,0.07784304697493322,493
728,0.0544289747873942,0.006486809781073386,0.010779857635498047,0.0005658222936133708,0.001,poly,MinMaxScaler(),6,0.01,6.0,5.0,"{'Classifier__SVC__C': 0.001, 'Classifier__SVC__coef0': 6, 'Classifier__SVC__degree': 5, 'Classifier__SVC__gamma': 0.01, 'Classifier__SVC__kernel': 'poly', 'Scaler': MinMaxScaler(), 'Selector__max_features': 6}",0.25120772946859904,0.0821256038647343,0.23300970873786409,0.18878101402373249,0.07578181125999019,633
729,0.05176695187886556,0.005071201181341577,0.013361771901448568,0.0018415222459308652,0.001,poly,MinMaxScaler(),8,0.01,6.0,5.0,"{'Classifier__SVC__C': 0.001, 'Classifier__SVC__coef0': 6, 'Classifier__SVC__degree': 5, 'Classifier__SVC__gamma': 0.01, 'Classifier__SVC__kernel': 'poly', 'Scaler': MinMaxScaler(), 'Selector__max_features': 8}",0.25120772946859904,0.06763285024154589,0.22330097087378642,0.18071385019464378,0.08076790289304979,821
730,0.055946906407674156,0.006785046954259288,0.010874191919962565,0.0010066246681677531,0.001,poly,MinMaxScaler(),10,0.01,6.0,5.0,"{'Classifier__SVC__C': 0.001, 'Classifier__SVC__coef0': 6, 'Classifier__SVC__degree': 5, 'Classifier__SVC__gamma': 0.01, 'Classifier__SVC__kernel': 'poly', 'Scaler': MinMaxScaler(), 'Selector__max_features': 10}",0.2608695652173913,0.06763285024154589,0.22330097087378642,0.1839344621109079,0.08365563743823992,744
731,0.0578312873840332,0.0046645220017212125,0.01376040776570638,0.0037725189141081866,0.001,poly,MinMaxScaler(),12,0.01,6.0,5.0,"{'Classifier__SVC__C': 0.001, 'Classifier__SVC__coef0': 6, 'Classifier__SVC__degree': 5, 'Classifier__SVC__gamma': 0.01, 'Classifier__SVC__kernel': 'poly', 'Scaler': MinMaxScaler(), 'Selector__max_features': 12}",0.2463768115942029,0.10144927536231885,0.22330097087378642,0.19037568594343604,0.06358224846799923,569
732,0.0547178586324056,0.0031765534872748207,0.012663443883260092,0.0004153727606231714,0.001,poly,MinMaxScaler(),14,0.01,6.0,5.0,"{'Classifier__SVC__C': 0.001, 'Classifier__SVC__coef0': 6, 'Classifier__SVC__degree': 5, 'Classifier__SVC__gamma': 0.01, 'Classifier__SVC__kernel': 'poly', 'Scaler': MinMaxScaler(), 'Selector__max_features': 14}",0.22705314009661837,0.1497584541062802,0.1941747572815534,0.19032878382815066,0.031672393388559004,572
733,0.05918550491333008,0.006693137789163615,0.012267589569091797,0.0006203604086407684,0.001,poly,MinMaxScaler(),16,0.01,6.0,5.0,"{'Classifier__SVC__C': 0.001, 'Classifier__SVC__coef0': 6, 'Classifier__SVC__degree': 5, 'Classifier__SVC__gamma': 0.01, 'Classifier__SVC__kernel': 'poly', 'Scaler': MinMaxScaler(), 'Selector__max_features': 16}",0.2222222222222222,0.14009661835748793,0.1941747572815534,0.1854978659537545,0.03408440537716761,719
734,0.06577277183532715,0.0117259173185482,0.012801567713419596,0.00028973186675978287,0.001,poly,MinMaxScaler(),18,0.01,6.0,5.0,"{'Classifier__SVC__C': 0.001, 'Classifier__SVC__coef0': 6, 'Classifier__SVC__degree': 5, 'Classifier__SVC__gamma': 0.01, 'Classifier__SVC__kernel': 'poly', 'Scaler': MinMaxScaler(), 'Selector__max_features': 18}",0.178743961352657,0.12560386473429952,0.18446601941747573,0.16293794850147744,0.026502337572061843,1026
735,0.0554051399230957,0.002284511505929672,0.011760791142781576,0.0009159972375216829,0.001,poly,MinMaxScaler(),20,0.01,6.0,5.0,"{'Classifier__SVC__C': 0.001, 'Classifier__SVC__coef0': 6, 'Classifier__SVC__degree': 5, 'Classifier__SVC__gamma': 0.01, 'Classifier__SVC__kernel': 'poly', 'Scaler': MinMaxScaler(), 'Selector__max_features': 20}",0.2028985507246377,0.13526570048309178,0.1796116504854369,0.17259196723105544,0.028053610257181123,943
736,0.05526884396870931,0.006893706356343658,0.01139052708943685,0.0005004671319565809,0.001,poly,MinMaxScaler(),24,0.01,6.0,5.0,"{'Classifier__SVC__C': 0.001, 'Classifier__SVC__coef0': 6, 'Classifier__SVC__degree': 5, 'Classifier__SVC__gamma': 0.01, 'Classifier__SVC__kernel': 'poly', 'Scaler': MinMaxScaler(), 'Selector__max_features': 24}",0.18840579710144928,0.18357487922705315,0.15048543689320387,0.1741553710739021,0.016852967690513337,910
737,0.04891475041707357,0.0013738133721484652,0.011417150497436523,0.00023737496213638995,0.001,poly,MinMaxScaler(),2,0.1,6.0,5.0,"{'Classifier__SVC__C': 0.001, 'Classifier__SVC__coef0': 6, 'Classifier__SVC__degree': 5, 'Classifier__SVC__gamma': 0.1, 'Classifier__SVC__kernel': 'poly', 'Scaler': MinMaxScaler(), 'Selector__max_features': 2}",0.1642512077294686,0.06763285024154589,0.24271844660194175,0.1582008348576521,0.0716063161652419,1042
738,0.05379923184712728,0.00938881726285678,0.01224207878112793,0.001658414832195296,0.001,poly,MinMaxScaler(),4,0.1,6.0,5.0,"{'Classifier__SVC__C': 0.001, 'Classifier__SVC__coef0': 6, 'Classifier__SVC__degree': 5, 'Classifier__SVC__gamma': 0.1, 'Classifier__SVC__kernel': 'poly', 'Scaler': MinMaxScaler(), 'Selector__max_features': 4}",0.18840579710144928,0.2222222222222222,0.1407766990291262,0.1838015727842659,0.03340900550471875,747
739,0.0640874703725179,0.014511267458625953,0.011227051417032877,0.000544315771748624,0.001,poly,MinMaxScaler(),6,0.1,6.0,5.0,"{'Classifier__SVC__C': 0.001, 'Classifier__SVC__coef0': 6, 'Classifier__SVC__degree': 5, 'Classifier__SVC__gamma': 0.1, 'Classifier__SVC__kernel': 'poly', 'Scaler': MinMaxScaler(), 'Selector__max_features': 6}",0.14009661835748793,0.178743961352657,0.17475728155339806,0.164532620421181,0.017355345989023354,1022
740,0.04720298449198405,0.0022094243193364125,0.011431137720743815,0.0007507090544849132,0.001,poly,MinMaxScaler(),8,0.1,6.0,5.0,"{'Classifier__SVC__C': 0.001, 'Classifier__SVC__coef0': 6, 'Classifier__SVC__degree': 5, 'Classifier__SVC__gamma': 0.1, 'Classifier__SVC__kernel': 'poly', 'Scaler': MinMaxScaler(), 'Selector__max_features': 8}",0.09178743961352658,0.1497584541062802,0.18932038834951456,0.1436220940231071,0.04005338278337203,1082
741,0.05465618769327799,0.01110069400151423,0.011601845423380533,0.0019029096799164202,0.001,poly,MinMaxScaler(),10,0.1,6.0,5.0,"{'Classifier__SVC__C': 0.001, 'Classifier__SVC__coef0': 6, 'Classifier__SVC__degree': 5, 'Classifier__SVC__gamma': 0.1, 'Classifier__SVC__kernel': 'poly', 'Scaler': MinMaxScaler(), 'Selector__max_features': 10}",0.0821256038647343,0.22705314009661837,0.17475728155339806,0.16131200850491692,0.05992539369956711,1033
742,0.050190130869547524,0.0031528714631415444,0.012651999791463217,0.0005415664364785893,0.001,poly,MinMaxScaler(),12,0.1,6.0,5.0,"{'Classifier__SVC__C': 0.001, 'Classifier__SVC__coef0': 6, 'Classifier__SVC__degree': 5, 'Classifier__SVC__gamma': 0.1, 'Classifier__SVC__kernel': 'poly', 'Scaler': MinMaxScaler(), 'Selector__max_features': 12}",0.0966183574879227,0.19806763285024154,0.18446601941747573,0.15971733658521334,0.044961923478530424,1038
743,0.05475926399230957,0.006005774021329629,0.012318770090738932,0.0005845208462978537,0.001,poly,MinMaxScaler(),14,0.1,6.0,5.0,"{'Classifier__SVC__C': 0.001, 'Classifier__SVC__coef0': 6, 'Classifier__SVC__degree': 5, 'Classifier__SVC__gamma': 0.1, 'Classifier__SVC__kernel': 'poly', 'Scaler': MinMaxScaler(), 'Selector__max_features': 14}",0.12560386473429952,0.2463768115942029,0.18446601941747573,0.18548223191532606,0.04931058499745501,721
744,0.05349270502726237,0.001252766203453994,0.013098637262980143,0.0006916451706742427,0.001,poly,MinMaxScaler(),16,0.1,6.0,5.0,"{'Classifier__SVC__C': 0.001, 'Classifier__SVC__coef0': 6, 'Classifier__SVC__degree': 5, 'Classifier__SVC__gamma': 0.1, 'Classifier__SVC__kernel': 'poly', 'Scaler': MinMaxScaler(), 'Selector__max_features': 16}",0.1497584541062802,0.24154589371980675,0.2087378640776699,0.20001407063458562,0.03797641326516497,215
745,0.050656398137410484,0.003338404136176711,0.01172653834025065,0.0007606652840287017,0.001,poly,MinMaxScaler(),18,0.1,6.0,5.0,"{'Classifier__SVC__C': 0.001, 'Classifier__SVC__coef0': 6, 'Classifier__SVC__degree': 5, 'Classifier__SVC__gamma': 0.1, 'Classifier__SVC__kernel': 'poly', 'Scaler': MinMaxScaler(), 'Selector__max_features': 18}",0.20772946859903382,0.23671497584541062,0.23786407766990292,0.22743617403811578,0.013942639353145443,40
746,0.05757363637288412,0.00866220796449635,0.012153307596842447,0.0011126946015575924,0.001,poly,MinMaxScaler(),20,0.1,6.0,5.0,"{'Classifier__SVC__C': 0.001, 'Classifier__SVC__coef0': 6, 'Classifier__SVC__degree': 5, 'Classifier__SVC__gamma': 0.1, 'Classifier__SVC__kernel': 'poly', 'Scaler': MinMaxScaler(), 'Selector__max_features': 20}",0.19806763285024154,0.2222222222222222,0.21359223300970873,0.21129402936072417,0.00999407664373936,102
747,0.04835247993469238,0.003780654416543391,0.012102365493774414,0.0014878659743259599,0.001,poly,MinMaxScaler(),24,0.1,6.0,5.0,"{'Classifier__SVC__C': 0.001, 'Classifier__SVC__coef0': 6, 'Classifier__SVC__degree': 5, 'Classifier__SVC__gamma': 0.1, 'Classifier__SVC__kernel': 'poly', 'Scaler': MinMaxScaler(), 'Selector__max_features': 24}",0.16908212560386474,0.2318840579710145,0.22815533980582525,0.20970717446023482,0.028766552113240775,111
748,0.04599165916442871,0.0012921586815374498,0.012530883153279623,0.0014149806139067812,0.01,poly,MinMaxScaler(),2,0.0001,2.0,3.0,"{'Classifier__SVC__C': 0.01, 'Classifier__SVC__coef0': 2, 'Classifier__SVC__degree': 3, 'Classifier__SVC__gamma': 0.0001, 'Classifier__SVC__kernel': 'poly', 'Scaler': MinMaxScaler(), 'Selector__max_features': 2}",0.30434782608695654,0.22705314009661837,0.0825242718446602,0.20464174600941168,0.09193521357590285,164
749,0.04938069979349772,0.0013970848951539011,0.011793931325276693,0.0012938173602193123,0.01,poly,MinMaxScaler(),4,0.0001,2.0,3.0,"{'Classifier__SVC__C': 0.01, 'Classifier__SVC__coef0': 2, 'Classifier__SVC__degree': 3, 'Classifier__SVC__gamma': 0.0001, 'Classifier__SVC__kernel': 'poly', 'Scaler': MinMaxScaler(), 'Selector__max_features': 4}",0.32367149758454106,0.21256038647342995,0.0825242718446602,0.2062520519675437,0.09854894700499132,139
750,0.05391033490498861,0.003540899940566686,0.011879205703735352,0.0006429541290011142,0.01,poly,MinMaxScaler(),6,0.0001,2.0,3.0,"{'Classifier__SVC__C': 0.01, 'Classifier__SVC__coef0': 2, 'Classifier__SVC__degree': 3, 'Classifier__SVC__gamma': 0.0001, 'Classifier__SVC__kernel': 'poly', 'Scaler': MinMaxScaler(), 'Selector__max_features': 6}",0.2608695652173913,0.21739130434782608,0.0825242718446602,0.1869283804699592,0.07592870873586141,656
751,0.053872108459472656,0.007110027493709757,0.011631170908610025,0.0005413036550452072,0.01,poly,MinMaxScaler(),8,0.0001,2.0,3.0,"{'Classifier__SVC__C': 0.01, 'Classifier__SVC__coef0': 2, 'Classifier__SVC__degree': 3, 'Classifier__SVC__gamma': 0.0001, 'Classifier__SVC__kernel': 'poly', 'Scaler': MinMaxScaler(), 'Selector__max_features': 8}",0.24154589371980675,0.25120772946859904,0.0825242718446602,0.19175929834435532,0.07734147670472372,538
752,0.05312514305114746,0.00026296701039391546,0.012429555257161459,0.001114643640868875,0.01,poly,MinMaxScaler(),10,0.0001,2.0,3.0,"{'Classifier__SVC__C': 0.01, 'Classifier__SVC__coef0': 2, 'Classifier__SVC__degree': 3, 'Classifier__SVC__gamma': 0.0001, 'Classifier__SVC__kernel': 'poly', 'Scaler': MinMaxScaler(), 'Selector__max_features': 10}",0.2463768115942029,0.2560386473429952,0.0825242718446602,0.19497991026061942,0.07961591434784415,408
753,0.05186009407043457,0.0010138435660713644,0.01445150375366211,0.0002256911961997651,0.01,poly,MinMaxScaler(),12,0.0001,2.0,3.0,"{'Classifier__SVC__C': 0.01, 'Classifier__SVC__coef0': 2, 'Classifier__SVC__degree': 3, 'Classifier__SVC__gamma': 0.0001, 'Classifier__SVC__kernel': 'poly', 'Scaler': MinMaxScaler(), 'Selector__max_features': 12}",0.2463768115942029,0.26570048309178745,0.0825242718446602,0.19820052217688353,0.08217500527625594,264
754,0.05761472384134928,0.006064817666514607,0.011850436528523764,0.00020122493550018373,0.01,poly,MinMaxScaler(),14,0.0001,2.0,3.0,"{'Classifier__SVC__C': 0.01, 'Classifier__SVC__coef0': 2, 'Classifier__SVC__degree': 3, 'Classifier__SVC__gamma': 0.0001, 'Classifier__SVC__kernel': 'poly', 'Scaler': MinMaxScaler(), 'Selector__max_features': 14}",0.2463768115942029,0.2560386473429952,0.0825242718446602,0.19497991026061942,0.07961591434784415,408
755,0.05726297696431478,0.010735924110719565,0.012633244196573893,0.0013771372530913127,0.01,poly,MinMaxScaler(),16,0.0001,2.0,3.0,"{'Classifier__SVC__C': 0.01, 'Classifier__SVC__coef0': 2, 'Classifier__SVC__degree': 3, 'Classifier__SVC__gamma': 0.0001, 'Classifier__SVC__kernel': 'poly', 'Scaler': MinMaxScaler(), 'Selector__max_features': 16}",0.2463768115942029,0.27053140096618356,0.0825242718446602,0.19981082813501552,0.0835183144057648,228
756,0.05240488052368164,0.0032068234469014374,0.011499802271525065,0.0004984695765973646,0.01,poly,MinMaxScaler(),18,0.0001,2.0,3.0,"{'Classifier__SVC__C': 0.01, 'Classifier__SVC__coef0': 2, 'Classifier__SVC__degree': 3, 'Classifier__SVC__gamma': 0.0001, 'Classifier__SVC__kernel': 'poly', 'Scaler': MinMaxScaler(), 'Selector__max_features': 18}",0.2463768115942029,0.26570048309178745,0.0825242718446602,0.19820052217688353,0.08217500527625594,264
757,0.05406037966410319,0.0008206567057482639,0.014452536900838217,0.001555421520509494,0.01,poly,MinMaxScaler(),20,0.0001,2.0,3.0,"{'Classifier__SVC__C': 0.01, 'Classifier__SVC__coef0': 2, 'Classifier__SVC__degree': 3, 'Classifier__SVC__gamma': 0.0001, 'Classifier__SVC__kernel': 'poly', 'Scaler': MinMaxScaler(), 'Selector__max_features': 20}",0.2463768115942029,0.27053140096618356,0.0825242718446602,0.19981082813501552,0.0835183144057648,228
758,0.051070054372151695,0.002173397685723912,0.01121369997660319,0.0009985166748844494,0.01,poly,MinMaxScaler(),24,0.0001,2.0,3.0,"{'Classifier__SVC__C': 0.01, 'Classifier__SVC__coef0': 2, 'Classifier__SVC__degree': 3, 'Classifier__SVC__gamma': 0.0001, 'Classifier__SVC__kernel': 'poly', 'Scaler': MinMaxScaler(), 'Selector__max_features': 24}",0.2463768115942029,0.2463768115942029,0.0825242718446602,0.19175929834435534,0.07724082798102665,515
759,0.05403884251912435,0.009929946632676654,0.01158444086710612,0.0005504514586096301,0.01,poly,MinMaxScaler(),2,0.001,2.0,3.0,"{'Classifier__SVC__C': 0.01, 'Classifier__SVC__coef0': 2, 'Classifier__SVC__degree': 3, 'Classifier__SVC__gamma': 0.001, 'Classifier__SVC__kernel': 'poly', 'Scaler': MinMaxScaler(), 'Selector__max_features': 2}",0.30434782608695654,0.22705314009661837,0.0825242718446602,0.20464174600941168,0.09193521357590285,164
760,0.05296675364176432,0.010224895730465648,0.011315743128458658,0.0004056014321088982,0.01,poly,MinMaxScaler(),4,0.001,2.0,3.0,"{'Classifier__SVC__C': 0.01, 'Classifier__SVC__coef0': 2, 'Classifier__SVC__degree': 3, 'Classifier__SVC__gamma': 0.001, 'Classifier__SVC__kernel': 'poly', 'Scaler': MinMaxScaler(), 'Selector__max_features': 4}",0.32367149758454106,0.21256038647342995,0.0825242718446602,0.2062520519675437,0.09854894700499132,139
761,0.05129059155782064,0.006010904236111034,0.010939359664916992,0.0011218023764896206,0.01,poly,MinMaxScaler(),6,0.001,2.0,3.0,"{'Classifier__SVC__C': 0.01, 'Classifier__SVC__coef0': 2, 'Classifier__SVC__degree': 3, 'Classifier__SVC__gamma': 0.001, 'Classifier__SVC__kernel': 'poly', 'Scaler': MinMaxScaler(), 'Selector__max_features': 6}",0.2608695652173913,0.21739130434782608,0.0825242718446602,0.1869283804699592,0.07592870873586141,656
762,0.05299870173136393,0.006602686264296027,0.012983401616414389,0.0010018930885291922,0.01,poly,MinMaxScaler(),8,0.001,2.0,3.0,"{'Classifier__SVC__C': 0.01, 'Classifier__SVC__coef0': 2, 'Classifier__SVC__degree': 3, 'Classifier__SVC__gamma': 0.001, 'Classifier__SVC__kernel': 'poly', 'Scaler': MinMaxScaler(), 'Selector__max_features': 8}",0.24154589371980675,0.25120772946859904,0.0825242718446602,0.19175929834435532,0.07734147670472372,538
763,0.05541149775187174,0.006471718232895974,0.011785745620727539,0.0005800408971362434,0.01,poly,MinMaxScaler(),10,0.001,2.0,3.0,"{'Classifier__SVC__C': 0.01, 'Classifier__SVC__coef0': 2, 'Classifier__SVC__degree': 3, 'Classifier__SVC__gamma': 0.001, 'Classifier__SVC__kernel': 'poly', 'Scaler': MinMaxScaler(), 'Selector__max_features': 10}",0.2463768115942029,0.2560386473429952,0.0825242718446602,0.19497991026061942,0.07961591434784415,408
764,0.05322456359863281,0.004625505578048695,0.012693643569946289,0.00016373796967861473,0.01,poly,MinMaxScaler(),12,0.001,2.0,3.0,"{'Classifier__SVC__C': 0.01, 'Classifier__SVC__coef0': 2, 'Classifier__SVC__degree': 3, 'Classifier__SVC__gamma': 0.001, 'Classifier__SVC__kernel': 'poly', 'Scaler': MinMaxScaler(), 'Selector__max_features': 12}",0.2463768115942029,0.26570048309178745,0.0825242718446602,0.19820052217688353,0.08217500527625594,264
765,0.05257701873779297,0.0021698991438374223,0.012139081954956055,0.0013979270915901042,0.01,poly,MinMaxScaler(),14,0.001,2.0,3.0,"{'Classifier__SVC__C': 0.01, 'Classifier__SVC__coef0': 2, 'Classifier__SVC__degree': 3, 'Classifier__SVC__gamma': 0.001, 'Classifier__SVC__kernel': 'poly', 'Scaler': MinMaxScaler(), 'Selector__max_features': 14}",0.2463768115942029,0.2560386473429952,0.0825242718446602,0.19497991026061942,0.07961591434784415,408
766,0.0541833241780599,0.009811791802930205,0.011444886525472006,0.0010406709675993848,0.01,poly,MinMaxScaler(),16,0.001,2.0,3.0,"{'Classifier__SVC__C': 0.01, 'Classifier__SVC__coef0': 2, 'Classifier__SVC__degree': 3, 'Classifier__SVC__gamma': 0.001, 'Classifier__SVC__kernel': 'poly', 'Scaler': MinMaxScaler(), 'Selector__max_features': 16}",0.2463768115942029,0.27053140096618356,0.0825242718446602,0.19981082813501552,0.0835183144057648,228
767,0.05902846654256185,0.004830588400704048,0.015105724334716797,0.0044525149269193254,0.01,poly,MinMaxScaler(),18,0.001,2.0,3.0,"{'Classifier__SVC__C': 0.01, 'Classifier__SVC__coef0': 2, 'Classifier__SVC__degree': 3, 'Classifier__SVC__gamma': 0.001, 'Classifier__SVC__kernel': 'poly', 'Scaler': MinMaxScaler(), 'Selector__max_features': 18}",0.2463768115942029,0.26570048309178745,0.0825242718446602,0.19820052217688353,0.08217500527625594,264
768,0.05491185188293457,0.0041429237542184826,0.012343327204386393,0.0015118171711231197,0.01,poly,MinMaxScaler(),20,0.001,2.0,3.0,"{'Classifier__SVC__C': 0.01, 'Classifier__SVC__coef0': 2, 'Classifier__SVC__degree': 3, 'Classifier__SVC__gamma': 0.001, 'Classifier__SVC__kernel': 'poly', 'Scaler': MinMaxScaler(), 'Selector__max_features': 20}",0.2463768115942029,0.27053140096618356,0.0825242718446602,0.19981082813501552,0.0835183144057648,228
769,0.06218202908833822,0.008938321362479724,0.011562585830688477,0.0005650471366530732,0.01,poly,MinMaxScaler(),24,0.001,2.0,3.0,"{'Classifier__SVC__C': 0.01, 'Classifier__SVC__coef0': 2, 'Classifier__SVC__degree': 3, 'Classifier__SVC__gamma': 0.001, 'Classifier__SVC__kernel': 'poly', 'Scaler': MinMaxScaler(), 'Selector__max_features': 24}",0.2463768115942029,0.2463768115942029,0.0825242718446602,0.19175929834435534,0.07724082798102665,515
770,0.04865725835164388,0.002018140302516761,0.012932856877644857,0.0009025819202313002,0.01,poly,MinMaxScaler(),2,0.01,2.0,3.0,"{'Classifier__SVC__C': 0.01, 'Classifier__SVC__coef0': 2, 'Classifier__SVC__degree': 3, 'Classifier__SVC__gamma': 0.01, 'Classifier__SVC__kernel': 'poly', 'Scaler': MinMaxScaler(), 'Selector__max_features': 2}",0.30434782608695654,0.22705314009661837,0.0825242718446602,0.20464174600941168,0.09193521357590285,164
771,0.04884696006774902,0.00238617556511164,0.01250306765238444,0.0015966012739922002,0.01,poly,MinMaxScaler(),4,0.01,2.0,3.0,"{'Classifier__SVC__C': 0.01, 'Classifier__SVC__coef0': 2, 'Classifier__SVC__degree': 3, 'Classifier__SVC__gamma': 0.01, 'Classifier__SVC__kernel': 'poly', 'Scaler': MinMaxScaler(), 'Selector__max_features': 4}",0.32367149758454106,0.21739130434782608,0.0825242718446602,0.20786235792567576,0.09867825405646177,125
772,0.05578494071960449,0.002508958560865839,0.0119171142578125,0.0008932100826237662,0.01,poly,MinMaxScaler(),6,0.01,2.0,3.0,"{'Classifier__SVC__C': 0.01, 'Classifier__SVC__coef0': 2, 'Classifier__SVC__degree': 3, 'Classifier__SVC__gamma': 0.01, 'Classifier__SVC__kernel': 'poly', 'Scaler': MinMaxScaler(), 'Selector__max_features': 6}",0.2608695652173913,0.21256038647342995,0.0825242718446602,0.18531807451182714,0.07531431288412292,725
773,0.05216097831726074,0.008252520424320042,0.011752128601074219,0.0008560220674870618,0.01,poly,MinMaxScaler(),8,0.01,2.0,3.0,"{'Classifier__SVC__C': 0.01, 'Classifier__SVC__coef0': 2, 'Classifier__SVC__degree': 3, 'Classifier__SVC__gamma': 0.01, 'Classifier__SVC__kernel': 'poly', 'Scaler': MinMaxScaler(), 'Selector__max_features': 8}",0.23671497584541062,0.25120772946859904,0.0825242718446602,0.1901489923862233,0.0763318209339232,580
774,0.04798348744710287,0.0031408987338783405,0.013089418411254883,0.0010871533930487502,0.01,poly,MinMaxScaler(),10,0.01,2.0,3.0,"{'Classifier__SVC__C': 0.01, 'Classifier__SVC__coef0': 2, 'Classifier__SVC__degree': 3, 'Classifier__SVC__gamma': 0.01, 'Classifier__SVC__kernel': 'poly', 'Scaler': MinMaxScaler(), 'Selector__max_features': 10}",0.2463768115942029,0.2560386473429952,0.0825242718446602,0.19497991026061942,0.07961591434784415,408
775,0.05435736974080404,0.003504007379799713,0.014010747273763021,0.0017126764992836615,0.01,poly,MinMaxScaler(),12,0.01,2.0,3.0,"{'Classifier__SVC__C': 0.01, 'Classifier__SVC__coef0': 2, 'Classifier__SVC__degree': 3, 'Classifier__SVC__gamma': 0.01, 'Classifier__SVC__kernel': 'poly', 'Scaler': MinMaxScaler(), 'Selector__max_features': 12}",0.2463768115942029,0.26570048309178745,0.0825242718446602,0.19820052217688353,0.08217500527625594,264
776,0.06210732460021973,0.010844155684947732,0.013749361038208008,0.0022356429943523764,0.01,poly,MinMaxScaler(),14,0.01,2.0,3.0,"{'Classifier__SVC__C': 0.01, 'Classifier__SVC__coef0': 2, 'Classifier__SVC__degree': 3, 'Classifier__SVC__gamma': 0.01, 'Classifier__SVC__kernel': 'poly', 'Scaler': MinMaxScaler(), 'Selector__max_features': 14}",0.2463768115942029,0.2560386473429952,0.0825242718446602,0.19497991026061942,0.07961591434784415,408
777,0.04971758524576823,0.0038056459647712033,0.011971553166707357,0.0007998924575925178,0.01,poly,MinMaxScaler(),16,0.01,2.0,3.0,"{'Classifier__SVC__C': 0.01, 'Classifier__SVC__coef0': 2, 'Classifier__SVC__degree': 3, 'Classifier__SVC__gamma': 0.01, 'Classifier__SVC__kernel': 'poly', 'Scaler': MinMaxScaler(), 'Selector__max_features': 16}",0.2463768115942029,0.27053140096618356,0.0825242718446602,0.19981082813501552,0.0835183144057648,228
778,0.053203582763671875,0.008050989157789757,0.01139537493387858,0.00013021544999552366,0.01,poly,MinMaxScaler(),18,0.01,2.0,3.0,"{'Classifier__SVC__C': 0.01, 'Classifier__SVC__coef0': 2, 'Classifier__SVC__degree': 3, 'Classifier__SVC__gamma': 0.01, 'Classifier__SVC__kernel': 'poly', 'Scaler': MinMaxScaler(), 'Selector__max_features': 18}",0.2463768115942029,0.26570048309178745,0.0825242718446602,0.19820052217688353,0.08217500527625594,264
779,0.05748939514160156,0.0073513288303483386,0.011152029037475586,0.0007167337828655406,0.01,poly,MinMaxScaler(),20,0.01,2.0,3.0,"{'Classifier__SVC__C': 0.01, 'Classifier__SVC__coef0': 2, 'Classifier__SVC__degree': 3, 'Classifier__SVC__gamma': 0.01, 'Classifier__SVC__kernel': 'poly', 'Scaler': MinMaxScaler(), 'Selector__max_features': 20}",0.2463768115942029,0.26570048309178745,0.0825242718446602,0.19820052217688353,0.08217500527625594,264
780,0.056355794270833336,0.005129465872925668,0.011526664098103842,0.000794469028045228,0.01,poly,MinMaxScaler(),24,0.01,2.0,3.0,"{'Classifier__SVC__C': 0.01, 'Classifier__SVC__coef0': 2, 'Classifier__SVC__degree': 3, 'Classifier__SVC__gamma': 0.01, 'Classifier__SVC__kernel': 'poly', 'Scaler': MinMaxScaler(), 'Selector__max_features': 24}",0.2463768115942029,0.2463768115942029,0.0825242718446602,0.19175929834435534,0.07724082798102665,515
781,0.05464704831441244,0.006098769316054672,0.011655489603678385,0.0006958376109060785,0.01,poly,MinMaxScaler(),2,0.1,2.0,3.0,"{'Classifier__SVC__C': 0.01, 'Classifier__SVC__coef0': 2, 'Classifier__SVC__degree': 3, 'Classifier__SVC__gamma': 0.1, 'Classifier__SVC__kernel': 'poly', 'Scaler': MinMaxScaler(), 'Selector__max_features': 2}",0.30434782608695654,0.22705314009661837,0.0825242718446602,0.20464174600941168,0.09193521357590285,164
782,0.05147051811218262,0.005010064760989129,0.01089636484781901,0.00031733392464765726,0.01,poly,MinMaxScaler(),4,0.1,2.0,3.0,"{'Classifier__SVC__C': 0.01, 'Classifier__SVC__coef0': 2, 'Classifier__SVC__degree': 3, 'Classifier__SVC__gamma': 0.1, 'Classifier__SVC__kernel': 'poly', 'Scaler': MinMaxScaler(), 'Selector__max_features': 4}",0.3188405797101449,0.21739130434782608,0.0825242718446602,0.2062520519675437,0.09679673392729514,139
783,0.0492548942565918,0.0034050741031713696,0.013887484868367514,0.0012218973862750241,0.01,poly,MinMaxScaler(),6,0.1,2.0,3.0,"{'Classifier__SVC__C': 0.01, 'Classifier__SVC__coef0': 2, 'Classifier__SVC__degree': 3, 'Classifier__SVC__gamma': 0.1, 'Classifier__SVC__kernel': 'poly', 'Scaler': MinMaxScaler(), 'Selector__max_features': 6}",0.2608695652173913,0.21739130434782608,0.0825242718446602,0.1869283804699592,0.07592870873586141,656
784,0.05220874150594076,0.0034532302187165664,0.012178579966227213,0.0011278082591402588,0.01,poly,MinMaxScaler(),8,0.1,2.0,3.0,"{'Classifier__SVC__C': 0.01, 'Classifier__SVC__coef0': 2, 'Classifier__SVC__degree': 3, 'Classifier__SVC__gamma': 0.1, 'Classifier__SVC__kernel': 'poly', 'Scaler': MinMaxScaler(), 'Selector__max_features': 8}",0.2608695652173913,0.25120772946859904,0.0825242718446602,0.19820052217688353,0.08189051200923322,264
785,0.05403614044189453,0.006537514531821559,0.01132059097290039,0.00041265735804734,0.01,poly,MinMaxScaler(),10,0.1,2.0,3.0,"{'Classifier__SVC__C': 0.01, 'Classifier__SVC__coef0': 2, 'Classifier__SVC__degree': 3, 'Classifier__SVC__gamma': 0.1, 'Classifier__SVC__kernel': 'poly', 'Scaler': MinMaxScaler(), 'Selector__max_features': 10}",0.24154589371980675,0.2608695652173913,0.0825242718446602,0.19497991026061942,0.07990850613333711,408
786,0.05873298645019531,0.006348537909463325,0.012602567672729492,4.1038941380359626e-05,0.01,poly,MinMaxScaler(),12,0.1,2.0,3.0,"{'Classifier__SVC__C': 0.01, 'Classifier__SVC__coef0': 2, 'Classifier__SVC__degree': 3, 'Classifier__SVC__gamma': 0.1, 'Classifier__SVC__kernel': 'poly', 'Scaler': MinMaxScaler(), 'Selector__max_features': 12}",0.2463768115942029,0.27053140096618356,0.0825242718446602,0.19981082813501552,0.0835183144057648,228
787,0.05780108769734701,0.0065522671066067595,0.013070503870646158,0.001058221775768269,0.01,poly,MinMaxScaler(),14,0.1,2.0,3.0,"{'Classifier__SVC__C': 0.01, 'Classifier__SVC__coef0': 2, 'Classifier__SVC__degree': 3, 'Classifier__SVC__gamma': 0.1, 'Classifier__SVC__kernel': 'poly', 'Scaler': MinMaxScaler(), 'Selector__max_features': 14}",0.2463768115942029,0.2560386473429952,0.0825242718446602,0.19497991026061942,0.07961591434784415,408
788,0.05543700853983561,0.011746077555275647,0.01296671231587728,0.0017323234113809558,0.01,poly,MinMaxScaler(),16,0.1,2.0,3.0,"{'Classifier__SVC__C': 0.01, 'Classifier__SVC__coef0': 2, 'Classifier__SVC__degree': 3, 'Classifier__SVC__gamma': 0.1, 'Classifier__SVC__kernel': 'poly', 'Scaler': MinMaxScaler(), 'Selector__max_features': 16}",0.24154589371980675,0.2560386473429952,0.07766990291262135,0.19175148132514108,0.08088454684183924,552
789,0.058012803395589195,0.00732977881964553,0.014088869094848633,0.0010050476311248807,0.01,poly,MinMaxScaler(),18,0.1,2.0,3.0,"{'Classifier__SVC__C': 0.01, 'Classifier__SVC__coef0': 2, 'Classifier__SVC__degree': 3, 'Classifier__SVC__gamma': 0.1, 'Classifier__SVC__kernel': 'poly', 'Scaler': MinMaxScaler(), 'Selector__max_features': 18}",0.24154589371980675,0.25120772946859904,0.07766990291262135,0.19014117536700903,0.07962695570865012,599
790,0.05423887570699056,0.0009294632711294179,0.012911478678385416,0.0019545342649554347,0.01,poly,MinMaxScaler(),20,0.1,2.0,3.0,"{'Classifier__SVC__C': 0.01, 'Classifier__SVC__coef0': 2, 'Classifier__SVC__degree': 3, 'Classifier__SVC__gamma': 0.1, 'Classifier__SVC__kernel': 'poly', 'Scaler': MinMaxScaler(), 'Selector__max_features': 20}",0.24154589371980675,0.25120772946859904,0.07766990291262135,0.19014117536700903,0.07962695570865012,599
791,0.052236715952555336,0.00509292193842112,0.011077006657918295,0.0006034649240591203,0.01,poly,MinMaxScaler(),24,0.1,2.0,3.0,"{'Classifier__SVC__C': 0.01, 'Classifier__SVC__coef0': 2, 'Classifier__SVC__degree': 3, 'Classifier__SVC__gamma': 0.1, 'Classifier__SVC__kernel': 'poly', 'Scaler': MinMaxScaler(), 'Selector__max_features': 24}",0.2222222222222222,0.2463768115942029,0.06796116504854369,0.17885339962165625,0.07903027611152542,861
792,0.06769665082295735,0.025279298738320136,0.013098557790120443,0.000854760373707216,0.01,poly,MinMaxScaler(),2,0.0001,2.0,5.0,"{'Classifier__SVC__C': 0.01, 'Classifier__SVC__coef0': 2, 'Classifier__SVC__degree': 5, 'Classifier__SVC__gamma': 0.0001, 'Classifier__SVC__kernel': 'poly', 'Scaler': MinMaxScaler(), 'Selector__max_features': 2}",0.30434782608695654,0.22705314009661837,0.0825242718446602,0.20464174600941168,0.09193521357590285,164
793,0.05468440055847168,0.007185861070428601,0.012296835581461588,0.0008371225531337264,0.01,poly,MinMaxScaler(),4,0.0001,2.0,5.0,"{'Classifier__SVC__C': 0.01, 'Classifier__SVC__coef0': 2, 'Classifier__SVC__degree': 5, 'Classifier__SVC__gamma': 0.0001, 'Classifier__SVC__kernel': 'poly', 'Scaler': MinMaxScaler(), 'Selector__max_features': 4}",0.32367149758454106,0.21256038647342995,0.0825242718446602,0.2062520519675437,0.09854894700499132,139
794,0.06217479705810547,0.008533583089865526,0.013505220413208008,0.0011715192396296547,0.01,poly,MinMaxScaler(),6,0.0001,2.0,5.0,"{'Classifier__SVC__C': 0.01, 'Classifier__SVC__coef0': 2, 'Classifier__SVC__degree': 5, 'Classifier__SVC__gamma': 0.0001, 'Classifier__SVC__kernel': 'poly', 'Scaler': MinMaxScaler(), 'Selector__max_features': 6}",0.2608695652173913,0.21739130434782608,0.0825242718446602,0.1869283804699592,0.07592870873586141,656
795,0.05502033233642578,0.005043518276116381,0.011344114939371744,0.0005024319319385084,0.01,poly,MinMaxScaler(),8,0.0001,2.0,5.0,"{'Classifier__SVC__C': 0.01, 'Classifier__SVC__coef0': 2, 'Classifier__SVC__degree': 5, 'Classifier__SVC__gamma': 0.0001, 'Classifier__SVC__kernel': 'poly', 'Scaler': MinMaxScaler(), 'Selector__max_features': 8}",0.24154589371980675,0.25120772946859904,0.0825242718446602,0.19175929834435532,0.07734147670472372,538
796,0.05787579218546549,0.006566973956356569,0.012630383173624674,0.0005876709693748341,0.01,poly,MinMaxScaler(),10,0.0001,2.0,5.0,"{'Classifier__SVC__C': 0.01, 'Classifier__SVC__coef0': 2, 'Classifier__SVC__degree': 5, 'Classifier__SVC__gamma': 0.0001, 'Classifier__SVC__kernel': 'poly', 'Scaler': MinMaxScaler(), 'Selector__max_features': 10}",0.2463768115942029,0.2560386473429952,0.0825242718446602,0.19497991026061942,0.07961591434784415,408
797,0.06261181831359863,0.0029171083682734415,0.014119863510131836,0.0016197146983148293,0.01,poly,MinMaxScaler(),12,0.0001,2.0,5.0,"{'Classifier__SVC__C': 0.01, 'Classifier__SVC__coef0': 2, 'Classifier__SVC__degree': 5, 'Classifier__SVC__gamma': 0.0001, 'Classifier__SVC__kernel': 'poly', 'Scaler': MinMaxScaler(), 'Selector__max_features': 12}",0.2463768115942029,0.26570048309178745,0.0825242718446602,0.19820052217688353,0.08217500527625594,264
798,0.0562737782796224,0.004184814888731716,0.011789162953694662,0.0008961228919115802,0.01,poly,MinMaxScaler(),14,0.0001,2.0,5.0,"{'Classifier__SVC__C': 0.01, 'Classifier__SVC__coef0': 2, 'Classifier__SVC__degree': 5, 'Classifier__SVC__gamma': 0.0001, 'Classifier__SVC__kernel': 'poly', 'Scaler': MinMaxScaler(), 'Selector__max_features': 14}",0.2463768115942029,0.2560386473429952,0.0825242718446602,0.19497991026061942,0.07961591434784415,408
799,0.06946730613708496,0.011749540490367732,0.011667966842651367,0.0005490596116370496,0.01,poly,MinMaxScaler(),16,0.0001,2.0,5.0,"{'Classifier__SVC__C': 0.01, 'Classifier__SVC__coef0': 2, 'Classifier__SVC__degree': 5, 'Classifier__SVC__gamma': 0.0001, 'Classifier__SVC__kernel': 'poly', 'Scaler': MinMaxScaler(), 'Selector__max_features': 16}",0.2463768115942029,0.27053140096618356,0.0825242718446602,0.19981082813501552,0.0835183144057648,228
800,0.05117424329121908,0.001626939831228873,0.01259318987528483,0.001105813374077239,0.01,poly,MinMaxScaler(),18,0.0001,2.0,5.0,"{'Classifier__SVC__C': 0.01, 'Classifier__SVC__coef0': 2, 'Classifier__SVC__degree': 5, 'Classifier__SVC__gamma': 0.0001, 'Classifier__SVC__kernel': 'poly', 'Scaler': MinMaxScaler(), 'Selector__max_features': 18}",0.2463768115942029,0.26570048309178745,0.0825242718446602,0.19820052217688353,0.08217500527625594,264
801,0.055875698725382485,0.0029544733118777484,0.011330525080362955,0.0011259029282479898,0.01,poly,MinMaxScaler(),20,0.0001,2.0,5.0,"{'Classifier__SVC__C': 0.01, 'Classifier__SVC__coef0': 2, 'Classifier__SVC__degree': 5, 'Classifier__SVC__gamma': 0.0001, 'Classifier__SVC__kernel': 'poly', 'Scaler': MinMaxScaler(), 'Selector__max_features': 20}",0.2463768115942029,0.27053140096618356,0.0825242718446602,0.19981082813501552,0.0835183144057648,228
802,0.06922054290771484,0.008433368188548486,0.012312889099121094,0.00034457564230011827,0.01,poly,MinMaxScaler(),24,0.0001,2.0,5.0,"{'Classifier__SVC__C': 0.01, 'Classifier__SVC__coef0': 2, 'Classifier__SVC__degree': 5, 'Classifier__SVC__gamma': 0.0001, 'Classifier__SVC__kernel': 'poly', 'Scaler': MinMaxScaler(), 'Selector__max_features': 24}",0.2463768115942029,0.2463768115942029,0.0825242718446602,0.19175929834435534,0.07724082798102665,515
803,0.05002657572428385,0.0002175264649242362,0.011222124099731445,0.0004263028645640349,0.01,poly,MinMaxScaler(),2,0.001,2.0,5.0,"{'Classifier__SVC__C': 0.01, 'Classifier__SVC__coef0': 2, 'Classifier__SVC__degree': 5, 'Classifier__SVC__gamma': 0.001, 'Classifier__SVC__kernel': 'poly', 'Scaler': MinMaxScaler(), 'Selector__max_features': 2}",0.30434782608695654,0.22705314009661837,0.0825242718446602,0.20464174600941168,0.09193521357590285,164
804,0.046455939610799156,0.0015693460228154543,0.011803229649861654,0.0007402905796732971,0.01,poly,MinMaxScaler(),4,0.001,2.0,5.0,"{'Classifier__SVC__C': 0.01, 'Classifier__SVC__coef0': 2, 'Classifier__SVC__degree': 5, 'Classifier__SVC__gamma': 0.001, 'Classifier__SVC__kernel': 'poly', 'Scaler': MinMaxScaler(), 'Selector__max_features': 4}",0.32367149758454106,0.21256038647342995,0.0825242718446602,0.2062520519675437,0.09854894700499132,139
805,0.052920262018839516,0.006010378293559877,0.01269229253133138,0.0021693002943365047,0.01,poly,MinMaxScaler(),6,0.001,2.0,5.0,"{'Classifier__SVC__C': 0.01, 'Classifier__SVC__coef0': 2, 'Classifier__SVC__degree': 5, 'Classifier__SVC__gamma': 0.001, 'Classifier__SVC__kernel': 'poly', 'Scaler': MinMaxScaler(), 'Selector__max_features': 6}",0.2608695652173913,0.21739130434782608,0.0825242718446602,0.1869283804699592,0.07592870873586141,656
806,0.05716172854105631,0.010589707481805051,0.011867443720499674,0.0004931108492873435,0.01,poly,MinMaxScaler(),8,0.001,2.0,5.0,"{'Classifier__SVC__C': 0.01, 'Classifier__SVC__coef0': 2, 'Classifier__SVC__degree': 5, 'Classifier__SVC__gamma': 0.001, 'Classifier__SVC__kernel': 'poly', 'Scaler': MinMaxScaler(), 'Selector__max_features': 8}",0.24154589371980675,0.25120772946859904,0.0825242718446602,0.19175929834435532,0.07734147670472372,538
807,0.05721370379130045,0.004944350070946279,0.011847654978434244,0.0002938207173876782,0.01,poly,MinMaxScaler(),10,0.001,2.0,5.0,"{'Classifier__SVC__C': 0.01, 'Classifier__SVC__coef0': 2, 'Classifier__SVC__degree': 5, 'Classifier__SVC__gamma': 0.001, 'Classifier__SVC__kernel': 'poly', 'Scaler': MinMaxScaler(), 'Selector__max_features': 10}",0.2463768115942029,0.2560386473429952,0.0825242718446602,0.19497991026061942,0.07961591434784415,408
808,0.05356081326802572,0.0029579981752592853,0.012211958567301432,0.0005847802137078406,0.01,poly,MinMaxScaler(),12,0.001,2.0,5.0,"{'Classifier__SVC__C': 0.01, 'Classifier__SVC__coef0': 2, 'Classifier__SVC__degree': 5, 'Classifier__SVC__gamma': 0.001, 'Classifier__SVC__kernel': 'poly', 'Scaler': MinMaxScaler(), 'Selector__max_features': 12}",0.2463768115942029,0.26570048309178745,0.0825242718446602,0.19820052217688353,0.08217500527625594,264
809,0.054391066233317055,0.008330428823555407,0.01321864128112793,0.0016510920226259186,0.01,poly,MinMaxScaler(),14,0.001,2.0,5.0,"{'Classifier__SVC__C': 0.01, 'Classifier__SVC__coef0': 2, 'Classifier__SVC__degree': 5, 'Classifier__SVC__gamma': 0.001, 'Classifier__SVC__kernel': 'poly', 'Scaler': MinMaxScaler(), 'Selector__max_features': 14}",0.2463768115942029,0.2560386473429952,0.0825242718446602,0.19497991026061942,0.07961591434784415,408
810,0.05371673901875814,0.0036448144416565183,0.015234867731730143,0.0027044671582932525,0.01,poly,MinMaxScaler(),16,0.001,2.0,5.0,"{'Classifier__SVC__C': 0.01, 'Classifier__SVC__coef0': 2, 'Classifier__SVC__degree': 5, 'Classifier__SVC__gamma': 0.001, 'Classifier__SVC__kernel': 'poly', 'Scaler': MinMaxScaler(), 'Selector__max_features': 16}",0.2463768115942029,0.27053140096618356,0.0825242718446602,0.19981082813501552,0.0835183144057648,228
811,0.051508585611979164,0.0026051777533092724,0.012758016586303711,0.0002403158357307703,0.01,poly,MinMaxScaler(),18,0.001,2.0,5.0,"{'Classifier__SVC__C': 0.01, 'Classifier__SVC__coef0': 2, 'Classifier__SVC__degree': 5, 'Classifier__SVC__gamma': 0.001, 'Classifier__SVC__kernel': 'poly', 'Scaler': MinMaxScaler(), 'Selector__max_features': 18}",0.2463768115942029,0.26570048309178745,0.0825242718446602,0.19820052217688353,0.08217500527625594,264
812,0.0584565798441569,0.0066473845781737945,0.012287457784016928,0.0016333122761400208,0.01,poly,MinMaxScaler(),20,0.001,2.0,5.0,"{'Classifier__SVC__C': 0.01, 'Classifier__SVC__coef0': 2, 'Classifier__SVC__degree': 5, 'Classifier__SVC__gamma': 0.001, 'Classifier__SVC__kernel': 'poly', 'Scaler': MinMaxScaler(), 'Selector__max_features': 20}",0.2463768115942029,0.27053140096618356,0.0825242718446602,0.19981082813501552,0.0835183144057648,228
813,0.050335327784220375,0.0018349373870491746,0.011069933573404947,0.00043540573929846,0.01,poly,MinMaxScaler(),24,0.001,2.0,5.0,"{'Classifier__SVC__C': 0.01, 'Classifier__SVC__coef0': 2, 'Classifier__SVC__degree': 5, 'Classifier__SVC__gamma': 0.001, 'Classifier__SVC__kernel': 'poly', 'Scaler': MinMaxScaler(), 'Selector__max_features': 24}",0.2463768115942029,0.2463768115942029,0.0825242718446602,0.19175929834435534,0.07724082798102665,515
814,0.07355260848999023,0.0017094133615114606,0.012100537618001303,0.0010617570248905802,0.01,poly,MinMaxScaler(),2,0.01,2.0,5.0,"{'Classifier__SVC__C': 0.01, 'Classifier__SVC__coef0': 2, 'Classifier__SVC__degree': 5, 'Classifier__SVC__gamma': 0.01, 'Classifier__SVC__kernel': 'poly', 'Scaler': MinMaxScaler(), 'Selector__max_features': 2}",0.30434782608695654,0.22705314009661837,0.0825242718446602,0.20464174600941168,0.09193521357590285,164
815,0.05057589213053385,0.004764579378957193,0.012034893035888672,0.0004537754284747395,0.01,poly,MinMaxScaler(),4,0.01,2.0,5.0,"{'Classifier__SVC__C': 0.01, 'Classifier__SVC__coef0': 2, 'Classifier__SVC__degree': 5, 'Classifier__SVC__gamma': 0.01, 'Classifier__SVC__kernel': 'poly', 'Scaler': MinMaxScaler(), 'Selector__max_features': 4}",0.32367149758454106,0.21739130434782608,0.0825242718446602,0.20786235792567576,0.09867825405646177,125
816,0.06405059496561687,0.005211957880703666,0.011766831080118815,0.0012870290018013504,0.01,poly,MinMaxScaler(),6,0.01,2.0,5.0,"{'Classifier__SVC__C': 0.01, 'Classifier__SVC__coef0': 2, 'Classifier__SVC__degree': 5, 'Classifier__SVC__gamma': 0.01, 'Classifier__SVC__kernel': 'poly', 'Scaler': MinMaxScaler(), 'Selector__max_features': 6}",0.2608695652173913,0.21256038647342995,0.0825242718446602,0.18531807451182714,0.07531431288412292,725
817,0.055948336919148765,0.006670788411582015,0.011633157730102539,0.0013868031961744589,0.01,poly,MinMaxScaler(),8,0.01,2.0,5.0,"{'Classifier__SVC__C': 0.01, 'Classifier__SVC__coef0': 2, 'Classifier__SVC__degree': 5, 'Classifier__SVC__gamma': 0.01, 'Classifier__SVC__kernel': 'poly', 'Scaler': MinMaxScaler(), 'Selector__max_features': 8}",0.2318840579710145,0.25120772946859904,0.0825242718446602,0.18853868642809124,0.0753774641151113,644
818,0.06336156527201335,0.005226759058080519,0.014456907908121744,0.0016774711077420616,0.01,poly,MinMaxScaler(),10,0.01,2.0,5.0,"{'Classifier__SVC__C': 0.01, 'Classifier__SVC__coef0': 2, 'Classifier__SVC__degree': 5, 'Classifier__SVC__gamma': 0.01, 'Classifier__SVC__kernel': 'poly', 'Scaler': MinMaxScaler(), 'Selector__max_features': 10}",0.2463768115942029,0.2560386473429952,0.0825242718446602,0.19497991026061942,0.07961591434784415,408
819,0.053065220514933266,0.00463715941518263,0.01208964983622233,7.814926391136799e-05,0.01,poly,MinMaxScaler(),12,0.01,2.0,5.0,"{'Classifier__SVC__C': 0.01, 'Classifier__SVC__coef0': 2, 'Classifier__SVC__degree': 5, 'Classifier__SVC__gamma': 0.01, 'Classifier__SVC__kernel': 'poly', 'Scaler': MinMaxScaler(), 'Selector__max_features': 12}",0.25120772946859904,0.26570048309178745,0.0825242718446602,0.19981082813501558,0.08314490239629299,226
820,0.055353005727132164,0.004162784942432775,0.012263059616088867,0.001289501882115408,0.01,poly,MinMaxScaler(),14,0.01,2.0,5.0,"{'Classifier__SVC__C': 0.01, 'Classifier__SVC__coef0': 2, 'Classifier__SVC__degree': 5, 'Classifier__SVC__gamma': 0.01, 'Classifier__SVC__kernel': 'poly', 'Scaler': MinMaxScaler(), 'Selector__max_features': 14}",0.2463768115942029,0.2560386473429952,0.0825242718446602,0.19497991026061942,0.07961591434784415,408
821,0.05194226900736491,0.0024100187251280664,0.012402931849161783,0.001038831460767245,0.01,poly,MinMaxScaler(),16,0.01,2.0,5.0,"{'Classifier__SVC__C': 0.01, 'Classifier__SVC__coef0': 2, 'Classifier__SVC__degree': 5, 'Classifier__SVC__gamma': 0.01, 'Classifier__SVC__kernel': 'poly', 'Scaler': MinMaxScaler(), 'Selector__max_features': 16}",0.2463768115942029,0.27053140096618356,0.0825242718446602,0.19981082813501552,0.0835183144057648,228
822,0.06979823112487793,0.020877143546136512,0.013736724853515625,0.0020662566847913636,0.01,poly,MinMaxScaler(),18,0.01,2.0,5.0,"{'Classifier__SVC__C': 0.01, 'Classifier__SVC__coef0': 2, 'Classifier__SVC__degree': 5, 'Classifier__SVC__gamma': 0.01, 'Classifier__SVC__kernel': 'poly', 'Scaler': MinMaxScaler(), 'Selector__max_features': 18}",0.2463768115942029,0.2608695652173913,0.0825242718446602,0.19659021621875147,0.08087352152738486,323
823,0.0593562126159668,0.0020714509303245863,0.013539314270019531,0.001450105088074999,0.01,poly,MinMaxScaler(),20,0.01,2.0,5.0,"{'Classifier__SVC__C': 0.01, 'Classifier__SVC__coef0': 2, 'Classifier__SVC__degree': 5, 'Classifier__SVC__gamma': 0.01, 'Classifier__SVC__kernel': 'poly', 'Scaler': MinMaxScaler(), 'Selector__max_features': 20}",0.2463768115942029,0.2608695652173913,0.0825242718446602,0.19659021621875147,0.08087352152738486,323
824,0.05398400624593099,0.005423454420251169,0.011588335037231445,0.0004036457291103124,0.01,poly,MinMaxScaler(),24,0.01,2.0,5.0,"{'Classifier__SVC__C': 0.01, 'Classifier__SVC__coef0': 2, 'Classifier__SVC__degree': 5, 'Classifier__SVC__gamma': 0.01, 'Classifier__SVC__kernel': 'poly', 'Scaler': MinMaxScaler(), 'Selector__max_features': 24}",0.2463768115942029,0.24154589371980675,0.0825242718446602,0.1901489923862233,0.07612772073130109,580
825,0.0603031317392985,0.018536643404503235,0.01470335324605306,0.0025688623041895797,0.01,poly,MinMaxScaler(),2,0.1,2.0,5.0,"{'Classifier__SVC__C': 0.01, 'Classifier__SVC__coef0': 2, 'Classifier__SVC__degree': 5, 'Classifier__SVC__gamma': 0.1, 'Classifier__SVC__kernel': 'poly', 'Scaler': MinMaxScaler(), 'Selector__max_features': 2}",0.3140096618357488,0.22705314009661837,0.0825242718446602,0.20786235792567576,0.0954728095151739,125
826,0.06161141395568848,0.005877842052244435,0.013082345326741537,0.001249167842940795,0.01,poly,MinMaxScaler(),4,0.1,2.0,5.0,"{'Classifier__SVC__C': 0.01, 'Classifier__SVC__coef0': 2, 'Classifier__SVC__degree': 5, 'Classifier__SVC__gamma': 0.1, 'Classifier__SVC__kernel': 'poly', 'Scaler': MinMaxScaler(), 'Selector__max_features': 4}",0.30434782608695654,0.21739130434782608,0.0825242718446602,0.20142113409314757,0.09126045897190381,208
827,0.052675724029541016,0.004048608297663388,0.013330221176147461,0.0023618493272686346,0.01,poly,MinMaxScaler(),6,0.1,2.0,5.0,"{'Classifier__SVC__C': 0.01, 'Classifier__SVC__coef0': 2, 'Classifier__SVC__degree': 5, 'Classifier__SVC__gamma': 0.1, 'Classifier__SVC__kernel': 'poly', 'Scaler': MinMaxScaler(), 'Selector__max_features': 6}",0.2608695652173913,0.1932367149758454,0.06796116504854369,0.17402248174726012,0.07991788612005832,926
828,0.05430142084757487,0.00543629282787906,0.011516809463500977,0.000359119852873717,0.01,poly,MinMaxScaler(),8,0.1,2.0,5.0,"{'Classifier__SVC__C': 0.01, 'Classifier__SVC__coef0': 2, 'Classifier__SVC__degree': 5, 'Classifier__SVC__gamma': 0.1, 'Classifier__SVC__kernel': 'poly', 'Scaler': MinMaxScaler(), 'Selector__max_features': 8}",0.21739130434782608,0.2222222222222222,0.18932038834951456,0.20964463830652094,0.01450610892264464,115
829,0.05415678024291992,0.00535366093486462,0.01495512326558431,0.0015456163061728988,0.01,poly,MinMaxScaler(),10,0.1,2.0,5.0,"{'Classifier__SVC__C': 0.01, 'Classifier__SVC__coef0': 2, 'Classifier__SVC__degree': 5, 'Classifier__SVC__gamma': 0.1, 'Classifier__SVC__kernel': 'poly', 'Scaler': MinMaxScaler(), 'Selector__max_features': 10}",0.18840579710144928,0.24154589371980675,0.1262135922330097,0.18538842768475527,0.047132531795692614,724
830,0.049173593521118164,0.002992014375129844,0.01329803466796875,0.0008430574229243721,0.01,poly,MinMaxScaler(),12,0.1,2.0,5.0,"{'Classifier__SVC__C': 0.01, 'Classifier__SVC__coef0': 2, 'Classifier__SVC__degree': 5, 'Classifier__SVC__gamma': 0.1, 'Classifier__SVC__kernel': 'poly', 'Scaler': MinMaxScaler(), 'Selector__max_features': 12}",0.15942028985507245,0.23671497584541062,0.1407766990291262,0.17897065490986974,0.04153473100873038,854
831,0.06469448407491048,0.009378455260206541,0.013129393259684244,0.0015499410268965527,0.01,poly,MinMaxScaler(),14,0.1,2.0,5.0,"{'Classifier__SVC__C': 0.01, 'Classifier__SVC__coef0': 2, 'Classifier__SVC__degree': 5, 'Classifier__SVC__gamma': 0.1, 'Classifier__SVC__kernel': 'poly', 'Scaler': MinMaxScaler(), 'Selector__max_features': 14}",0.1642512077294686,0.21256038647342995,0.16019417475728157,0.1790019229867267,0.02378714965165925,852
832,0.05474408467610677,0.007735744350653192,0.013079007466634115,0.00124841253447866,0.01,poly,MinMaxScaler(),16,0.1,2.0,5.0,"{'Classifier__SVC__C': 0.01, 'Classifier__SVC__coef0': 2, 'Classifier__SVC__degree': 5, 'Classifier__SVC__gamma': 0.1, 'Classifier__SVC__kernel': 'poly', 'Scaler': MinMaxScaler(), 'Selector__max_features': 16}",0.16908212560386474,0.21739130434782608,0.16019417475728157,0.18222253490299078,0.025131397039835843,804
833,0.0672164758046468,0.017063247081734487,0.01387166976928711,0.001459829204627402,0.01,poly,MinMaxScaler(),18,0.1,2.0,5.0,"{'Classifier__SVC__C': 0.01, 'Classifier__SVC__coef0': 2, 'Classifier__SVC__degree': 5, 'Classifier__SVC__gamma': 0.1, 'Classifier__SVC__kernel': 'poly', 'Scaler': MinMaxScaler(), 'Selector__max_features': 18}",0.178743961352657,0.2222222222222222,0.14563106796116504,0.18219908384534808,0.03136350991561041,805
834,0.04943474133809408,0.0024871805932900385,0.01453089714050293,0.0014954142921987613,0.01,poly,MinMaxScaler(),20,0.1,2.0,5.0,"{'Classifier__SVC__C': 0.01, 'Classifier__SVC__coef0': 2, 'Classifier__SVC__degree': 5, 'Classifier__SVC__gamma': 0.1, 'Classifier__SVC__kernel': 'poly', 'Scaler': MinMaxScaler(), 'Selector__max_features': 20}",0.18840579710144928,0.21739130434782608,0.1796116504854369,0.1951362506449041,0.01614104117182732,405
835,0.053093910217285156,0.003939880271519984,0.012468576431274414,0.0013698599591473017,0.01,poly,MinMaxScaler(),24,0.1,2.0,5.0,"{'Classifier__SVC__C': 0.01, 'Classifier__SVC__coef0': 2, 'Classifier__SVC__degree': 5, 'Classifier__SVC__gamma': 0.1, 'Classifier__SVC__kernel': 'poly', 'Scaler': MinMaxScaler(), 'Selector__max_features': 24}",0.178743961352657,0.18840579710144928,0.21844660194174756,0.19519878679861793,0.016905294026941287,403
836,0.049231529235839844,0.004930651961719141,0.011125485102335611,0.0002772097876117374,0.01,poly,MinMaxScaler(),2,0.0001,4.0,3.0,"{'Classifier__SVC__C': 0.01, 'Classifier__SVC__coef0': 4, 'Classifier__SVC__degree': 3, 'Classifier__SVC__gamma': 0.0001, 'Classifier__SVC__kernel': 'poly', 'Scaler': MinMaxScaler(), 'Selector__max_features': 2}",0.30434782608695654,0.22705314009661837,0.0825242718446602,0.20464174600941168,0.09193521357590285,164
837,0.05321399370829264,0.003654463649990124,0.012601693471272787,0.0004931210318189819,0.01,poly,MinMaxScaler(),4,0.0001,4.0,3.0,"{'Classifier__SVC__C': 0.01, 'Classifier__SVC__coef0': 4, 'Classifier__SVC__degree': 3, 'Classifier__SVC__gamma': 0.0001, 'Classifier__SVC__kernel': 'poly', 'Scaler': MinMaxScaler(), 'Selector__max_features': 4}",0.32367149758454106,0.21739130434782608,0.0825242718446602,0.20786235792567576,0.09867825405646177,125
838,0.06406728426615398,0.013281792430528254,0.011090755462646484,0.00039698724341539446,0.01,poly,MinMaxScaler(),6,0.0001,4.0,3.0,"{'Classifier__SVC__C': 0.01, 'Classifier__SVC__coef0': 4, 'Classifier__SVC__degree': 3, 'Classifier__SVC__gamma': 0.0001, 'Classifier__SVC__kernel': 'poly', 'Scaler': MinMaxScaler(), 'Selector__max_features': 6}",0.2608695652173913,0.21739130434782608,0.0825242718446602,0.1869283804699592,0.07592870873586141,656
839,0.05212855339050293,0.0045185804202058704,0.010806719462076822,0.00031904868247959,0.01,poly,MinMaxScaler(),8,0.0001,4.0,3.0,"{'Classifier__SVC__C': 0.01, 'Classifier__SVC__coef0': 4, 'Classifier__SVC__degree': 3, 'Classifier__SVC__gamma': 0.0001, 'Classifier__SVC__kernel': 'poly', 'Scaler': MinMaxScaler(), 'Selector__max_features': 8}",0.24154589371980675,0.25120772946859904,0.0825242718446602,0.19175929834435532,0.07734147670472372,538
840,0.05894899368286133,0.0056675715478684335,0.011878410975138346,0.00021576607715891779,0.01,poly,MinMaxScaler(),10,0.0001,4.0,3.0,"{'Classifier__SVC__C': 0.01, 'Classifier__SVC__coef0': 4, 'Classifier__SVC__degree': 3, 'Classifier__SVC__gamma': 0.0001, 'Classifier__SVC__kernel': 'poly', 'Scaler': MinMaxScaler(), 'Selector__max_features': 10}",0.2463768115942029,0.2560386473429952,0.0825242718446602,0.19497991026061942,0.07961591434784415,408
841,0.05400514602661133,0.004309139293400726,0.011740922927856445,0.0008469831571586765,0.01,poly,MinMaxScaler(),12,0.0001,4.0,3.0,"{'Classifier__SVC__C': 0.01, 'Classifier__SVC__coef0': 4, 'Classifier__SVC__degree': 3, 'Classifier__SVC__gamma': 0.0001, 'Classifier__SVC__kernel': 'poly', 'Scaler': MinMaxScaler(), 'Selector__max_features': 12}",0.2463768115942029,0.26570048309178745,0.0825242718446602,0.19820052217688353,0.08217500527625594,264
842,0.050699710845947266,0.0034844658449968142,0.016326268513997395,0.004887108126058272,0.01,poly,MinMaxScaler(),14,0.0001,4.0,3.0,"{'Classifier__SVC__C': 0.01, 'Classifier__SVC__coef0': 4, 'Classifier__SVC__degree': 3, 'Classifier__SVC__gamma': 0.0001, 'Classifier__SVC__kernel': 'poly', 'Scaler': MinMaxScaler(), 'Selector__max_features': 14}",0.2463768115942029,0.2560386473429952,0.0825242718446602,0.19497991026061942,0.07961591434784415,408
843,0.05854940414428711,0.004640160555408453,0.012970924377441406,0.00034324067732987906,0.01,poly,MinMaxScaler(),16,0.0001,4.0,3.0,"{'Classifier__SVC__C': 0.01, 'Classifier__SVC__coef0': 4, 'Classifier__SVC__degree': 3, 'Classifier__SVC__gamma': 0.0001, 'Classifier__SVC__kernel': 'poly', 'Scaler': MinMaxScaler(), 'Selector__max_features': 16}",0.2463768115942029,0.27053140096618356,0.0825242718446602,0.19981082813501552,0.0835183144057648,228
844,0.06007099151611328,0.007477968742052623,0.010196765263875326,0.0008360854794011023,0.01,poly,MinMaxScaler(),18,0.0001,4.0,3.0,"{'Classifier__SVC__C': 0.01, 'Classifier__SVC__coef0': 4, 'Classifier__SVC__degree': 3, 'Classifier__SVC__gamma': 0.0001, 'Classifier__SVC__kernel': 'poly', 'Scaler': MinMaxScaler(), 'Selector__max_features': 18}",0.2463768115942029,0.26570048309178745,0.0825242718446602,0.19820052217688353,0.08217500527625594,264
845,0.051723321278889976,0.004567697024331611,0.010196844736735025,0.00024040044826734662,0.01,poly,MinMaxScaler(),20,0.0001,4.0,3.0,"{'Classifier__SVC__C': 0.01, 'Classifier__SVC__coef0': 4, 'Classifier__SVC__degree': 3, 'Classifier__SVC__gamma': 0.0001, 'Classifier__SVC__kernel': 'poly', 'Scaler': MinMaxScaler(), 'Selector__max_features': 20}",0.2463768115942029,0.27053140096618356,0.0825242718446602,0.19981082813501552,0.0835183144057648,228
846,0.0558168888092041,0.0045509139155066125,0.012421369552612305,0.001035634012811618,0.01,poly,MinMaxScaler(),24,0.0001,4.0,3.0,"{'Classifier__SVC__C': 0.01, 'Classifier__SVC__coef0': 4, 'Classifier__SVC__degree': 3, 'Classifier__SVC__gamma': 0.0001, 'Classifier__SVC__kernel': 'poly', 'Scaler': MinMaxScaler(), 'Selector__max_features': 24}",0.2463768115942029,0.2463768115942029,0.0825242718446602,0.19175929834435534,0.07724082798102665,515
847,0.05362208684285482,0.005460347525406633,0.011289119720458984,0.0003634613367720567,0.01,poly,MinMaxScaler(),2,0.001,4.0,3.0,"{'Classifier__SVC__C': 0.01, 'Classifier__SVC__coef0': 4, 'Classifier__SVC__degree': 3, 'Classifier__SVC__gamma': 0.001, 'Classifier__SVC__kernel': 'poly', 'Scaler': MinMaxScaler(), 'Selector__max_features': 2}",0.30434782608695654,0.22705314009661837,0.0825242718446602,0.20464174600941168,0.09193521357590285,164
848,0.055957794189453125,0.0037394113290642093,0.012237787246704102,0.0006317299967087237,0.01,poly,MinMaxScaler(),4,0.001,4.0,3.0,"{'Classifier__SVC__C': 0.01, 'Classifier__SVC__coef0': 4, 'Classifier__SVC__degree': 3, 'Classifier__SVC__gamma': 0.001, 'Classifier__SVC__kernel': 'poly', 'Scaler': MinMaxScaler(), 'Selector__max_features': 4}",0.32367149758454106,0.21256038647342995,0.0825242718446602,0.2062520519675437,0.09854894700499132,139
849,0.05278245608011881,0.0022691852411038677,0.011997540791829428,0.0012359424493951733,0.01,poly,MinMaxScaler(),6,0.001,4.0,3.0,"{'Classifier__SVC__C': 0.01, 'Classifier__SVC__coef0': 4, 'Classifier__SVC__degree': 3, 'Classifier__SVC__gamma': 0.001, 'Classifier__SVC__kernel': 'poly', 'Scaler': MinMaxScaler(), 'Selector__max_features': 6}",0.2608695652173913,0.21739130434782608,0.0825242718446602,0.1869283804699592,0.07592870873586141,656
850,0.05339749654134115,0.005022519518603668,0.011701583862304688,0.0006233865805820479,0.01,poly,MinMaxScaler(),8,0.001,4.0,3.0,"{'Classifier__SVC__C': 0.01, 'Classifier__SVC__coef0': 4, 'Classifier__SVC__degree': 3, 'Classifier__SVC__gamma': 0.001, 'Classifier__SVC__kernel': 'poly', 'Scaler': MinMaxScaler(), 'Selector__max_features': 8}",0.24154589371980675,0.25120772946859904,0.0825242718446602,0.19175929834435532,0.07734147670472372,538
851,0.05667241414388021,0.0037462084560753403,0.012019157409667969,0.0006544483886905458,0.01,poly,MinMaxScaler(),10,0.001,4.0,3.0,"{'Classifier__SVC__C': 0.01, 'Classifier__SVC__coef0': 4, 'Classifier__SVC__degree': 3, 'Classifier__SVC__gamma': 0.001, 'Classifier__SVC__kernel': 'poly', 'Scaler': MinMaxScaler(), 'Selector__max_features': 10}",0.2463768115942029,0.2560386473429952,0.0825242718446602,0.19497991026061942,0.07961591434784415,408
852,0.05659262339274088,0.0068051538851008776,0.01230478286743164,0.000761127879195986,0.01,poly,MinMaxScaler(),12,0.001,4.0,3.0,"{'Classifier__SVC__C': 0.01, 'Classifier__SVC__coef0': 4, 'Classifier__SVC__degree': 3, 'Classifier__SVC__gamma': 0.001, 'Classifier__SVC__kernel': 'poly', 'Scaler': MinMaxScaler(), 'Selector__max_features': 12}",0.2463768115942029,0.26570048309178745,0.0825242718446602,0.19820052217688353,0.08217500527625594,264
853,0.05176552136739095,0.003733018858056184,0.011475563049316406,0.000375751664371318,0.01,poly,MinMaxScaler(),14,0.001,4.0,3.0,"{'Classifier__SVC__C': 0.01, 'Classifier__SVC__coef0': 4, 'Classifier__SVC__degree': 3, 'Classifier__SVC__gamma': 0.001, 'Classifier__SVC__kernel': 'poly', 'Scaler': MinMaxScaler(), 'Selector__max_features': 14}",0.2463768115942029,0.2560386473429952,0.0825242718446602,0.19497991026061942,0.07961591434784415,408
854,0.05839657783508301,0.006253483318558816,0.011727253595987955,0.0009070124287451771,0.01,poly,MinMaxScaler(),16,0.001,4.0,3.0,"{'Classifier__SVC__C': 0.01, 'Classifier__SVC__coef0': 4, 'Classifier__SVC__degree': 3, 'Classifier__SVC__gamma': 0.001, 'Classifier__SVC__kernel': 'poly', 'Scaler': MinMaxScaler(), 'Selector__max_features': 16}",0.2463768115942029,0.27053140096618356,0.0825242718446602,0.19981082813501552,0.0835183144057648,228
855,0.05283371607462565,0.005357473542017593,0.011642853418986002,0.001054480792599143,0.01,poly,MinMaxScaler(),18,0.001,4.0,3.0,"{'Classifier__SVC__C': 0.01, 'Classifier__SVC__coef0': 4, 'Classifier__SVC__degree': 3, 'Classifier__SVC__gamma': 0.001, 'Classifier__SVC__kernel': 'poly', 'Scaler': MinMaxScaler(), 'Selector__max_features': 18}",0.2463768115942029,0.26570048309178745,0.0825242718446602,0.19820052217688353,0.08217500527625594,264
856,0.05890790621439616,0.0047339009008604644,0.012339353561401367,0.0006362391761662331,0.01,poly,MinMaxScaler(),20,0.001,4.0,3.0,"{'Classifier__SVC__C': 0.01, 'Classifier__SVC__coef0': 4, 'Classifier__SVC__degree': 3, 'Classifier__SVC__gamma': 0.001, 'Classifier__SVC__kernel': 'poly', 'Scaler': MinMaxScaler(), 'Selector__max_features': 20}",0.2463768115942029,0.27053140096618356,0.0825242718446602,0.19981082813501552,0.0835183144057648,228
857,0.05312434832255045,0.00047697229589722153,0.012662251790364584,0.0013225580573696064,0.01,poly,MinMaxScaler(),24,0.001,4.0,3.0,"{'Classifier__SVC__C': 0.01, 'Classifier__SVC__coef0': 4, 'Classifier__SVC__degree': 3, 'Classifier__SVC__gamma': 0.001, 'Classifier__SVC__kernel': 'poly', 'Scaler': MinMaxScaler(), 'Selector__max_features': 24}",0.2463768115942029,0.2463768115942029,0.0825242718446602,0.19175929834435534,0.07724082798102665,515
858,0.05909919738769531,0.010737309025931998,0.01189724604288737,0.0008594112297070322,0.01,poly,MinMaxScaler(),2,0.01,4.0,3.0,"{'Classifier__SVC__C': 0.01, 'Classifier__SVC__coef0': 4, 'Classifier__SVC__degree': 3, 'Classifier__SVC__gamma': 0.01, 'Classifier__SVC__kernel': 'poly', 'Scaler': MinMaxScaler(), 'Selector__max_features': 2}",0.30434782608695654,0.22705314009661837,0.0825242718446602,0.20464174600941168,0.09193521357590285,164
859,0.050869385401407875,0.005382078337444077,0.013379255930582682,0.0030592856924767007,0.01,poly,MinMaxScaler(),4,0.01,4.0,3.0,"{'Classifier__SVC__C': 0.01, 'Classifier__SVC__coef0': 4, 'Classifier__SVC__degree': 3, 'Classifier__SVC__gamma': 0.01, 'Classifier__SVC__kernel': 'poly', 'Scaler': MinMaxScaler(), 'Selector__max_features': 4}",0.32367149758454106,0.21256038647342995,0.0825242718446602,0.2062520519675437,0.09854894700499132,139
860,0.04951175053914388,0.0028192256936147536,0.015118678410847982,0.0027305107606310367,0.01,poly,MinMaxScaler(),6,0.01,4.0,3.0,"{'Classifier__SVC__C': 0.01, 'Classifier__SVC__coef0': 4, 'Classifier__SVC__degree': 3, 'Classifier__SVC__gamma': 0.01, 'Classifier__SVC__kernel': 'poly', 'Scaler': MinMaxScaler(), 'Selector__max_features': 6}",0.2608695652173913,0.21256038647342995,0.0825242718446602,0.18531807451182714,0.07531431288412292,725
861,0.05536834398905436,0.004727366008661302,0.01164547602335612,0.0024247563521564586,0.01,poly,MinMaxScaler(),8,0.01,4.0,3.0,"{'Classifier__SVC__C': 0.01, 'Classifier__SVC__coef0': 4, 'Classifier__SVC__degree': 3, 'Classifier__SVC__gamma': 0.01, 'Classifier__SVC__kernel': 'poly', 'Scaler': MinMaxScaler(), 'Selector__max_features': 8}",0.24154589371980675,0.25120772946859904,0.0825242718446602,0.19175929834435532,0.07734147670472372,538
862,0.05081637700398763,0.00203131234261722,0.012834787368774414,0.0013010122404809236,0.01,poly,MinMaxScaler(),10,0.01,4.0,3.0,"{'Classifier__SVC__C': 0.01, 'Classifier__SVC__coef0': 4, 'Classifier__SVC__degree': 3, 'Classifier__SVC__gamma': 0.01, 'Classifier__SVC__kernel': 'poly', 'Scaler': MinMaxScaler(), 'Selector__max_features': 10}",0.2463768115942029,0.2560386473429952,0.0825242718446602,0.19497991026061942,0.07961591434784415,408
863,0.0511317253112793,0.0023381288859557928,0.013715902964274088,0.0020936677654294837,0.01,poly,MinMaxScaler(),12,0.01,4.0,3.0,"{'Classifier__SVC__C': 0.01, 'Classifier__SVC__coef0': 4, 'Classifier__SVC__degree': 3, 'Classifier__SVC__gamma': 0.01, 'Classifier__SVC__kernel': 'poly', 'Scaler': MinMaxScaler(), 'Selector__max_features': 12}",0.2463768115942029,0.26570048309178745,0.0825242718446602,0.19820052217688353,0.08217500527625594,264
864,0.05025792121887207,0.0024791089524946737,0.01280681292215983,0.0005427769297352634,0.01,poly,MinMaxScaler(),14,0.01,4.0,3.0,"{'Classifier__SVC__C': 0.01, 'Classifier__SVC__coef0': 4, 'Classifier__SVC__degree': 3, 'Classifier__SVC__gamma': 0.01, 'Classifier__SVC__kernel': 'poly', 'Scaler': MinMaxScaler(), 'Selector__max_features': 14}",0.2463768115942029,0.2560386473429952,0.0825242718446602,0.19497991026061942,0.07961591434784415,408
865,0.05254515012105306,0.003609660974282594,0.013903299967447916,0.0019157241702614713,0.01,poly,MinMaxScaler(),16,0.01,4.0,3.0,"{'Classifier__SVC__C': 0.01, 'Classifier__SVC__coef0': 4, 'Classifier__SVC__degree': 3, 'Classifier__SVC__gamma': 0.01, 'Classifier__SVC__kernel': 'poly', 'Scaler': MinMaxScaler(), 'Selector__max_features': 16}",0.2463768115942029,0.27053140096618356,0.0825242718446602,0.19981082813501552,0.0835183144057648,228
866,0.06143808364868164,0.013255279890926727,0.01149137814839681,0.0003271373016887764,0.01,poly,MinMaxScaler(),18,0.01,4.0,3.0,"{'Classifier__SVC__C': 0.01, 'Classifier__SVC__coef0': 4, 'Classifier__SVC__degree': 3, 'Classifier__SVC__gamma': 0.01, 'Classifier__SVC__kernel': 'poly', 'Scaler': MinMaxScaler(), 'Selector__max_features': 18}",0.2463768115942029,0.26570048309178745,0.0825242718446602,0.19820052217688353,0.08217500527625594,264
867,0.06276170412699382,0.017842668598103056,0.01276548703511556,0.0015620013341373388,0.01,poly,MinMaxScaler(),20,0.01,4.0,3.0,"{'Classifier__SVC__C': 0.01, 'Classifier__SVC__coef0': 4, 'Classifier__SVC__degree': 3, 'Classifier__SVC__gamma': 0.01, 'Classifier__SVC__kernel': 'poly', 'Scaler': MinMaxScaler(), 'Selector__max_features': 20}",0.2463768115942029,0.27053140096618356,0.0825242718446602,0.19981082813501552,0.0835183144057648,228
868,0.0648957093556722,0.019717417048016387,0.011687199274698893,0.0005792483714743058,0.01,poly,MinMaxScaler(),24,0.01,4.0,3.0,"{'Classifier__SVC__C': 0.01, 'Classifier__SVC__coef0': 4, 'Classifier__SVC__degree': 3, 'Classifier__SVC__gamma': 0.01, 'Classifier__SVC__kernel': 'poly', 'Scaler': MinMaxScaler(), 'Selector__max_features': 24}",0.2463768115942029,0.2463768115942029,0.0825242718446602,0.19175929834435534,0.07724082798102665,515
869,0.052443345387776695,0.0054927165207761105,0.012725035349527994,0.0008464840561992308,0.01,poly,MinMaxScaler(),2,0.1,4.0,3.0,"{'Classifier__SVC__C': 0.01, 'Classifier__SVC__coef0': 4, 'Classifier__SVC__degree': 3, 'Classifier__SVC__gamma': 0.1, 'Classifier__SVC__kernel': 'poly', 'Scaler': MinMaxScaler(), 'Selector__max_features': 2}",0.30434782608695654,0.22705314009661837,0.0825242718446602,0.20464174600941168,0.09193521357590285,164
870,0.04762514432271322,0.0016772470134560201,0.013709942499796549,0.0026412678460440665,0.01,poly,MinMaxScaler(),4,0.1,4.0,3.0,"{'Classifier__SVC__C': 0.01, 'Classifier__SVC__coef0': 4, 'Classifier__SVC__degree': 3, 'Classifier__SVC__gamma': 0.1, 'Classifier__SVC__kernel': 'poly', 'Scaler': MinMaxScaler(), 'Selector__max_features': 4}",0.32367149758454106,0.21739130434782608,0.0825242718446602,0.20786235792567576,0.09867825405646177,125
871,0.06228407224019369,0.01346306507045543,0.011893987655639648,0.000624682247570339,0.01,poly,MinMaxScaler(),6,0.1,4.0,3.0,"{'Classifier__SVC__C': 0.01, 'Classifier__SVC__coef0': 4, 'Classifier__SVC__degree': 3, 'Classifier__SVC__gamma': 0.1, 'Classifier__SVC__kernel': 'poly', 'Scaler': MinMaxScaler(), 'Selector__max_features': 6}",0.2608695652173913,0.20772946859903382,0.0825242718446602,0.18370776855369508,0.0747642627278236,749
872,0.05032531420389811,0.002740263855640599,0.011347532272338867,0.0008815530750539506,0.01,poly,MinMaxScaler(),8,0.1,4.0,3.0,"{'Classifier__SVC__C': 0.01, 'Classifier__SVC__coef0': 4, 'Classifier__SVC__degree': 3, 'Classifier__SVC__gamma': 0.1, 'Classifier__SVC__kernel': 'poly', 'Scaler': MinMaxScaler(), 'Selector__max_features': 8}",0.2463768115942029,0.25120772946859904,0.0825242718446602,0.19336960430248737,0.0784042951104167,475
873,0.058032592137654625,0.007905048839964107,0.011907100677490234,3.905555404434717e-05,0.01,poly,MinMaxScaler(),10,0.1,4.0,3.0,"{'Classifier__SVC__C': 0.01, 'Classifier__SVC__coef0': 4, 'Classifier__SVC__degree': 3, 'Classifier__SVC__gamma': 0.1, 'Classifier__SVC__kernel': 'poly', 'Scaler': MinMaxScaler(), 'Selector__max_features': 10}",0.2463768115942029,0.23671497584541062,0.06796116504854369,0.1836843174960524,0.08192363833392317,793
874,0.05290857950846354,0.007183867297182807,0.014518658320109049,0.0008215057880859,0.01,poly,MinMaxScaler(),12,0.1,4.0,3.0,"{'Classifier__SVC__C': 0.01, 'Classifier__SVC__coef0': 4, 'Classifier__SVC__degree': 3, 'Classifier__SVC__gamma': 0.1, 'Classifier__SVC__kernel': 'poly', 'Scaler': MinMaxScaler(), 'Selector__max_features': 12}",0.25120772946859904,0.24154589371980675,0.0970873786407767,0.19661366727639415,0.07048616585162576,322
875,0.058634678522745766,0.011288800656895309,0.012090126673380533,0.0010658361952948264,0.01,poly,MinMaxScaler(),14,0.1,4.0,3.0,"{'Classifier__SVC__C': 0.01, 'Classifier__SVC__coef0': 4, 'Classifier__SVC__degree': 3, 'Classifier__SVC__gamma': 0.1, 'Classifier__SVC__kernel': 'poly', 'Scaler': MinMaxScaler(), 'Selector__max_features': 14}",0.2463768115942029,0.2222222222222222,0.1407766990291262,0.20312524428185044,0.04517644569374991,196
876,0.06224664052327474,0.008622581982248412,0.01691158612569173,0.007015597431715116,0.01,poly,MinMaxScaler(),16,0.1,4.0,3.0,"{'Classifier__SVC__C': 0.01, 'Classifier__SVC__coef0': 4, 'Classifier__SVC__degree': 3, 'Classifier__SVC__gamma': 0.1, 'Classifier__SVC__kernel': 'poly', 'Scaler': MinMaxScaler(), 'Selector__max_features': 16}",0.21739130434782608,0.24154589371980675,0.15048543689320387,0.2031408783202789,0.038516729532696546,194
877,0.057555596033732094,0.004230749504434959,0.01305230458577474,0.001724940172617537,0.01,poly,MinMaxScaler(),18,0.1,4.0,3.0,"{'Classifier__SVC__C': 0.01, 'Classifier__SVC__coef0': 4, 'Classifier__SVC__degree': 3, 'Classifier__SVC__gamma': 0.1, 'Classifier__SVC__kernel': 'poly', 'Scaler': MinMaxScaler(), 'Selector__max_features': 18}",0.19806763285024154,0.22705314009661837,0.18446601941747573,0.20319559745477855,0.0177602126052215,191
878,0.06352011362711589,0.008359375144809538,0.011881589889526367,0.0008621118456718334,0.01,poly,MinMaxScaler(),20,0.1,4.0,3.0,"{'Classifier__SVC__C': 0.01, 'Classifier__SVC__coef0': 4, 'Classifier__SVC__degree': 3, 'Classifier__SVC__gamma': 0.1, 'Classifier__SVC__kernel': 'poly', 'Scaler': MinMaxScaler(), 'Selector__max_features': 20}",0.21256038647342995,0.2222222222222222,0.17475728155339806,0.20317996341635006,0.020481282523662037,192
879,0.05571357409159342,0.005063031846945057,0.010930220286051432,0.0007744893954713874,0.01,poly,MinMaxScaler(),24,0.1,4.0,3.0,"{'Classifier__SVC__C': 0.01, 'Classifier__SVC__coef0': 4, 'Classifier__SVC__degree': 3, 'Classifier__SVC__gamma': 0.1, 'Classifier__SVC__kernel': 'poly', 'Scaler': MinMaxScaler(), 'Selector__max_features': 24}",0.21739130434782608,0.2560386473429952,0.1650485436893204,0.2128261651267139,0.037286549074321905,93
880,0.05018289883931478,0.0016735194244255514,0.012211163838704428,0.0006468755012721339,0.01,poly,MinMaxScaler(),2,0.0001,4.0,5.0,"{'Classifier__SVC__C': 0.01, 'Classifier__SVC__coef0': 4, 'Classifier__SVC__degree': 5, 'Classifier__SVC__gamma': 0.0001, 'Classifier__SVC__kernel': 'poly', 'Scaler': MinMaxScaler(), 'Selector__max_features': 2}",0.30434782608695654,0.22705314009661837,0.0825242718446602,0.20464174600941168,0.09193521357590285,164
881,0.05586981773376465,0.011022317493999758,0.012381553649902344,0.002191381748331573,0.01,poly,MinMaxScaler(),4,0.0001,4.0,5.0,"{'Classifier__SVC__C': 0.01, 'Classifier__SVC__coef0': 4, 'Classifier__SVC__degree': 5, 'Classifier__SVC__gamma': 0.0001, 'Classifier__SVC__kernel': 'poly', 'Scaler': MinMaxScaler(), 'Selector__max_features': 4}",0.32367149758454106,0.21256038647342995,0.0825242718446602,0.2062520519675437,0.09854894700499132,139
882,0.04987374941507975,0.0032351006270321956,0.01074981689453125,0.0002403401977349272,0.01,poly,MinMaxScaler(),6,0.0001,4.0,5.0,"{'Classifier__SVC__C': 0.01, 'Classifier__SVC__coef0': 4, 'Classifier__SVC__degree': 5, 'Classifier__SVC__gamma': 0.0001, 'Classifier__SVC__kernel': 'poly', 'Scaler': MinMaxScaler(), 'Selector__max_features': 6}",0.2608695652173913,0.21256038647342995,0.0825242718446602,0.18531807451182714,0.07531431288412292,725
883,0.05204542477925619,0.002981079402890569,0.011435747146606445,0.00046884373529467035,0.01,poly,MinMaxScaler(),8,0.0001,4.0,5.0,"{'Classifier__SVC__C': 0.01, 'Classifier__SVC__coef0': 4, 'Classifier__SVC__degree': 5, 'Classifier__SVC__gamma': 0.0001, 'Classifier__SVC__kernel': 'poly', 'Scaler': MinMaxScaler(), 'Selector__max_features': 8}",0.24154589371980675,0.25120772946859904,0.0825242718446602,0.19175929834435532,0.07734147670472372,538
884,0.05201840400695801,0.0036725038758855274,0.012281179428100586,0.00016670864003580778,0.01,poly,MinMaxScaler(),10,0.0001,4.0,5.0,"{'Classifier__SVC__C': 0.01, 'Classifier__SVC__coef0': 4, 'Classifier__SVC__degree': 5, 'Classifier__SVC__gamma': 0.0001, 'Classifier__SVC__kernel': 'poly', 'Scaler': MinMaxScaler(), 'Selector__max_features': 10}",0.2463768115942029,0.2560386473429952,0.0825242718446602,0.19497991026061942,0.07961591434784415,408
885,0.058768669764200844,0.009816975549399759,0.013071139653523764,0.0008034584036307468,0.01,poly,MinMaxScaler(),12,0.0001,4.0,5.0,"{'Classifier__SVC__C': 0.01, 'Classifier__SVC__coef0': 4, 'Classifier__SVC__degree': 5, 'Classifier__SVC__gamma': 0.0001, 'Classifier__SVC__kernel': 'poly', 'Scaler': MinMaxScaler(), 'Selector__max_features': 12}",0.2463768115942029,0.26570048309178745,0.0825242718446602,0.19820052217688353,0.08217500527625594,264
886,0.05572430292765299,0.005981330937180495,0.011713107426961264,0.0003515287887607074,0.01,poly,MinMaxScaler(),14,0.0001,4.0,5.0,"{'Classifier__SVC__C': 0.01, 'Classifier__SVC__coef0': 4, 'Classifier__SVC__degree': 5, 'Classifier__SVC__gamma': 0.0001, 'Classifier__SVC__kernel': 'poly', 'Scaler': MinMaxScaler(), 'Selector__max_features': 14}",0.2463768115942029,0.2560386473429952,0.0825242718446602,0.19497991026061942,0.07961591434784415,408
887,0.051354408264160156,0.004758741154732819,0.011091311772664389,0.0007412655458184365,0.01,poly,MinMaxScaler(),16,0.0001,4.0,5.0,"{'Classifier__SVC__C': 0.01, 'Classifier__SVC__coef0': 4, 'Classifier__SVC__degree': 5, 'Classifier__SVC__gamma': 0.0001, 'Classifier__SVC__kernel': 'poly', 'Scaler': MinMaxScaler(), 'Selector__max_features': 16}",0.2463768115942029,0.27053140096618356,0.0825242718446602,0.19981082813501552,0.0835183144057648,228
888,0.061348676681518555,0.013272370751570955,0.013435284296671549,0.0008528899710102842,0.01,poly,MinMaxScaler(),18,0.0001,4.0,5.0,"{'Classifier__SVC__C': 0.01, 'Classifier__SVC__coef0': 4, 'Classifier__SVC__degree': 5, 'Classifier__SVC__gamma': 0.0001, 'Classifier__SVC__kernel': 'poly', 'Scaler': MinMaxScaler(), 'Selector__max_features': 18}",0.2463768115942029,0.26570048309178745,0.0825242718446602,0.19820052217688353,0.08217500527625594,264
889,0.05180486043294271,0.004029131898751061,0.010979572931925455,0.00015083404426681312,0.01,poly,MinMaxScaler(),20,0.0001,4.0,5.0,"{'Classifier__SVC__C': 0.01, 'Classifier__SVC__coef0': 4, 'Classifier__SVC__degree': 5, 'Classifier__SVC__gamma': 0.0001, 'Classifier__SVC__kernel': 'poly', 'Scaler': MinMaxScaler(), 'Selector__max_features': 20}",0.2463768115942029,0.27053140096618356,0.0825242718446602,0.19981082813501552,0.0835183144057648,228
890,0.05043196678161621,0.0042997210134001615,0.011411666870117188,0.0006137355484778572,0.01,poly,MinMaxScaler(),24,0.0001,4.0,5.0,"{'Classifier__SVC__C': 0.01, 'Classifier__SVC__coef0': 4, 'Classifier__SVC__degree': 5, 'Classifier__SVC__gamma': 0.0001, 'Classifier__SVC__kernel': 'poly', 'Scaler': MinMaxScaler(), 'Selector__max_features': 24}",0.2463768115942029,0.2463768115942029,0.0825242718446602,0.19175929834435534,0.07724082798102665,515
891,0.057524681091308594,0.011370172790235087,0.011889457702636719,0.001213223435728098,0.01,poly,MinMaxScaler(),2,0.001,4.0,5.0,"{'Classifier__SVC__C': 0.01, 'Classifier__SVC__coef0': 4, 'Classifier__SVC__degree': 5, 'Classifier__SVC__gamma': 0.001, 'Classifier__SVC__kernel': 'poly', 'Scaler': MinMaxScaler(), 'Selector__max_features': 2}",0.30434782608695654,0.22705314009661837,0.0825242718446602,0.20464174600941168,0.09193521357590285,164
892,0.0493770440419515,0.0014000244879679036,0.013635794321695963,0.0022202828572060215,0.01,poly,MinMaxScaler(),4,0.001,4.0,5.0,"{'Classifier__SVC__C': 0.01, 'Classifier__SVC__coef0': 4, 'Classifier__SVC__degree': 5, 'Classifier__SVC__gamma': 0.001, 'Classifier__SVC__kernel': 'poly', 'Scaler': MinMaxScaler(), 'Selector__max_features': 4}",0.32367149758454106,0.21256038647342995,0.0825242718446602,0.2062520519675437,0.09854894700499132,139
893,0.05583055814107259,0.008761649951162402,0.011782646179199219,0.0005915513291686159,0.01,poly,MinMaxScaler(),6,0.001,4.0,5.0,"{'Classifier__SVC__C': 0.01, 'Classifier__SVC__coef0': 4, 'Classifier__SVC__degree': 5, 'Classifier__SVC__gamma': 0.001, 'Classifier__SVC__kernel': 'poly', 'Scaler': MinMaxScaler(), 'Selector__max_features': 6}",0.2608695652173913,0.21739130434782608,0.0825242718446602,0.1869283804699592,0.07592870873586141,656
894,0.06388036410013835,0.015176219181110319,0.012582063674926758,0.0016719267485086318,0.01,poly,MinMaxScaler(),8,0.001,4.0,5.0,"{'Classifier__SVC__C': 0.01, 'Classifier__SVC__coef0': 4, 'Classifier__SVC__degree': 5, 'Classifier__SVC__gamma': 0.001, 'Classifier__SVC__kernel': 'poly', 'Scaler': MinMaxScaler(), 'Selector__max_features': 8}",0.24154589371980675,0.25120772946859904,0.0825242718446602,0.19175929834435532,0.07734147670472372,538
895,0.06380955378214519,0.019403618543919404,0.011101881663004557,0.0003998085663163299,0.01,poly,MinMaxScaler(),10,0.001,4.0,5.0,"{'Classifier__SVC__C': 0.01, 'Classifier__SVC__coef0': 4, 'Classifier__SVC__degree': 5, 'Classifier__SVC__gamma': 0.001, 'Classifier__SVC__kernel': 'poly', 'Scaler': MinMaxScaler(), 'Selector__max_features': 10}",0.2463768115942029,0.2560386473429952,0.0825242718446602,0.19497991026061942,0.07961591434784415,408
896,0.0649720033009847,0.01586415821908587,0.012910763422648111,0.0007441352172869198,0.01,poly,MinMaxScaler(),12,0.001,4.0,5.0,"{'Classifier__SVC__C': 0.01, 'Classifier__SVC__coef0': 4, 'Classifier__SVC__degree': 5, 'Classifier__SVC__gamma': 0.001, 'Classifier__SVC__kernel': 'poly', 'Scaler': MinMaxScaler(), 'Selector__max_features': 12}",0.2463768115942029,0.26570048309178745,0.0825242718446602,0.19820052217688353,0.08217500527625594,264
897,0.050487518310546875,0.0029552727363290807,0.012114683787027994,0.0015118426006369265,0.01,poly,MinMaxScaler(),14,0.001,4.0,5.0,"{'Classifier__SVC__C': 0.01, 'Classifier__SVC__coef0': 4, 'Classifier__SVC__degree': 5, 'Classifier__SVC__gamma': 0.001, 'Classifier__SVC__kernel': 'poly', 'Scaler': MinMaxScaler(), 'Selector__max_features': 14}",0.2463768115942029,0.2560386473429952,0.0825242718446602,0.19497991026061942,0.07961591434784415,408
898,0.053865909576416016,0.004438958041965711,0.011891047159830729,0.0009461765463184876,0.01,poly,MinMaxScaler(),16,0.001,4.0,5.0,"{'Classifier__SVC__C': 0.01, 'Classifier__SVC__coef0': 4, 'Classifier__SVC__degree': 5, 'Classifier__SVC__gamma': 0.001, 'Classifier__SVC__kernel': 'poly', 'Scaler': MinMaxScaler(), 'Selector__max_features': 16}",0.2463768115942029,0.27053140096618356,0.0825242718446602,0.19981082813501552,0.0835183144057648,228
899,0.06684152285257976,0.02145706920600916,0.012443621953328451,0.0016158816144966324,0.01,poly,MinMaxScaler(),18,0.001,4.0,5.0,"{'Classifier__SVC__C': 0.01, 'Classifier__SVC__coef0': 4, 'Classifier__SVC__degree': 5, 'Classifier__SVC__gamma': 0.001, 'Classifier__SVC__kernel': 'poly', 'Scaler': MinMaxScaler(), 'Selector__max_features': 18}",0.2463768115942029,0.26570048309178745,0.0825242718446602,0.19820052217688353,0.08217500527625594,264
900,0.05929303169250488,0.004458576036720293,0.011934280395507812,0.00147307440844629,0.01,poly,MinMaxScaler(),20,0.001,4.0,5.0,"{'Classifier__SVC__C': 0.01, 'Classifier__SVC__coef0': 4, 'Classifier__SVC__degree': 5, 'Classifier__SVC__gamma': 0.001, 'Classifier__SVC__kernel': 'poly', 'Scaler': MinMaxScaler(), 'Selector__max_features': 20}",0.2463768115942029,0.27053140096618356,0.0825242718446602,0.19981082813501552,0.0835183144057648,228
901,0.04879140853881836,0.004605618049569746,0.012455304463704428,0.0022052479299602555,0.01,poly,MinMaxScaler(),24,0.001,4.0,5.0,"{'Classifier__SVC__C': 0.01, 'Classifier__SVC__coef0': 4, 'Classifier__SVC__degree': 5, 'Classifier__SVC__gamma': 0.001, 'Classifier__SVC__kernel': 'poly', 'Scaler': MinMaxScaler(), 'Selector__max_features': 24}",0.2463768115942029,0.2463768115942029,0.0825242718446602,0.19175929834435534,0.07724082798102665,515
902,0.05056182543436686,0.005619871945697342,0.012142260869344076,0.0010127277620359167,0.01,poly,MinMaxScaler(),2,0.01,4.0,5.0,"{'Classifier__SVC__C': 0.01, 'Classifier__SVC__coef0': 4, 'Classifier__SVC__degree': 5, 'Classifier__SVC__gamma': 0.01, 'Classifier__SVC__kernel': 'poly', 'Scaler': MinMaxScaler(), 'Selector__max_features': 2}",0.2946859903381642,0.2028985507246377,0.0825242718446602,0.19336960430248737,0.0868763462762501,475
903,0.06402993202209473,0.011717809774356883,0.011884291966756185,0.0007041427673491857,0.01,poly,MinMaxScaler(),4,0.01,4.0,5.0,"{'Classifier__SVC__C': 0.01, 'Classifier__SVC__coef0': 4, 'Classifier__SVC__degree': 5, 'Classifier__SVC__gamma': 0.01, 'Classifier__SVC__kernel': 'poly', 'Scaler': MinMaxScaler(), 'Selector__max_features': 4}",0.2995169082125604,0.1932367149758454,0.09223300970873786,0.19499554429904786,0.08463243568584039,407
904,0.05096872647603353,0.0004728635018613156,0.011823336283365885,0.0002924558260850688,0.01,poly,MinMaxScaler(),6,0.01,4.0,5.0,"{'Classifier__SVC__C': 0.01, 'Classifier__SVC__coef0': 4, 'Classifier__SVC__degree': 5, 'Classifier__SVC__gamma': 0.01, 'Classifier__SVC__kernel': 'poly', 'Scaler': MinMaxScaler(), 'Selector__max_features': 6}",0.2608695652173913,0.18840579710144928,0.07281553398058252,0.17403029876647436,0.07744275683965034,925
905,0.059573729832967125,0.007057095178334471,0.011549154917399088,0.0003826448269085376,0.01,poly,MinMaxScaler(),8,0.01,4.0,5.0,"{'Classifier__SVC__C': 0.01, 'Classifier__SVC__coef0': 4, 'Classifier__SVC__degree': 5, 'Classifier__SVC__gamma': 0.01, 'Classifier__SVC__kernel': 'poly', 'Scaler': MinMaxScaler(), 'Selector__max_features': 8}",0.19806763285024154,0.21256038647342995,0.16990291262135923,0.19351031064834356,0.01771048480606819,474
906,0.04791720708211263,0.0007977676221480821,0.012168327967325846,0.0013337646229171242,0.01,poly,MinMaxScaler(),10,0.01,4.0,5.0,"{'Classifier__SVC__C': 0.01, 'Classifier__SVC__coef0': 4, 'Classifier__SVC__degree': 5, 'Classifier__SVC__gamma': 0.01, 'Classifier__SVC__kernel': 'poly', 'Scaler': MinMaxScaler(), 'Selector__max_features': 10}",0.2028985507246377,0.24154589371980675,0.14563106796116504,0.19669183746853647,0.03940224965794252,318
907,0.05732083320617676,0.007832603921296982,0.012381633122762045,0.0022123179919497585,0.01,poly,MinMaxScaler(),12,0.01,4.0,5.0,"{'Classifier__SVC__C': 0.01, 'Classifier__SVC__coef0': 4, 'Classifier__SVC__degree': 5, 'Classifier__SVC__gamma': 0.01, 'Classifier__SVC__kernel': 'poly', 'Scaler': MinMaxScaler(), 'Selector__max_features': 12}",0.16908212560386474,0.24154589371980675,0.1650485436893204,0.19189218767099728,0.03514906674011433,509
908,0.058218161265055336,0.005433586458422794,0.012215216954549154,0.0009281249616309899,0.01,poly,MinMaxScaler(),14,0.01,4.0,5.0,"{'Classifier__SVC__C': 0.01, 'Classifier__SVC__coef0': 4, 'Classifier__SVC__degree': 5, 'Classifier__SVC__gamma': 0.01, 'Classifier__SVC__kernel': 'poly', 'Scaler': MinMaxScaler(), 'Selector__max_features': 14}",0.178743961352657,0.25120772946859904,0.14563106796116504,0.1918609195941404,0.044088160231483445,512
909,0.059804280598958336,0.016193498973547066,0.013710975646972656,0.0010215900319922736,0.01,poly,MinMaxScaler(),16,0.01,4.0,5.0,"{'Classifier__SVC__C': 0.01, 'Classifier__SVC__coef0': 4, 'Classifier__SVC__degree': 5, 'Classifier__SVC__gamma': 0.01, 'Classifier__SVC__kernel': 'poly', 'Scaler': MinMaxScaler(), 'Selector__max_features': 16}",0.1932367149758454,0.2222222222222222,0.13106796116504854,0.1821756327877054,0.03802661770917343,806
910,0.052170197168986,0.0019549533619987267,0.011090755462646484,0.0004247150227886256,0.01,poly,MinMaxScaler(),18,0.01,4.0,5.0,"{'Classifier__SVC__C': 0.01, 'Classifier__SVC__coef0': 4, 'Classifier__SVC__degree': 5, 'Classifier__SVC__gamma': 0.01, 'Classifier__SVC__kernel': 'poly', 'Scaler': MinMaxScaler(), 'Selector__max_features': 18}",0.1932367149758454,0.2028985507246377,0.12135922330097088,0.17249816300048462,0.03637518506438183,947
911,0.04947002728780111,0.003077955430107467,0.012408177057902018,0.0006873414900314442,0.01,poly,MinMaxScaler(),20,0.01,4.0,5.0,"{'Classifier__SVC__C': 0.01, 'Classifier__SVC__coef0': 4, 'Classifier__SVC__degree': 5, 'Classifier__SVC__gamma': 0.01, 'Classifier__SVC__kernel': 'poly', 'Scaler': MinMaxScaler(), 'Selector__max_features': 20}",0.2028985507246377,0.1932367149758454,0.14563106796116504,0.18058877788721603,0.025031565139034675,833
912,0.05229576428731283,0.005324447000374258,0.011931578318277994,0.0006351265201507396,0.01,poly,MinMaxScaler(),24,0.01,4.0,5.0,"{'Classifier__SVC__C': 0.01, 'Classifier__SVC__coef0': 4, 'Classifier__SVC__degree': 5, 'Classifier__SVC__gamma': 0.01, 'Classifier__SVC__kernel': 'poly', 'Scaler': MinMaxScaler(), 'Selector__max_features': 24}",0.18357487922705315,0.21256038647342995,0.16019417475728157,0.1854431468192549,0.021419194666189367,723
913,0.050008535385131836,0.004545335139166889,0.01356363296508789,0.0020958832651730387,0.01,poly,MinMaxScaler(),2,0.1,4.0,5.0,"{'Classifier__SVC__C': 0.01, 'Classifier__SVC__coef0': 4, 'Classifier__SVC__degree': 5, 'Classifier__SVC__gamma': 0.1, 'Classifier__SVC__kernel': 'poly', 'Scaler': MinMaxScaler(), 'Selector__max_features': 2}",0.12560386473429952,0.14009661835748793,0.08737864077669903,0.1176930412894955,0.02223708817468819,1197
914,0.04835828145345052,0.0030536134135707633,0.011135101318359375,0.001454291589916781,0.01,poly,MinMaxScaler(),4,0.1,4.0,5.0,"{'Classifier__SVC__C': 0.01, 'Classifier__SVC__coef0': 4, 'Classifier__SVC__degree': 5, 'Classifier__SVC__gamma': 0.1, 'Classifier__SVC__kernel': 'poly', 'Scaler': MinMaxScaler(), 'Selector__max_features': 4}",0.1497584541062802,0.2028985507246377,0.18446601941747573,0.17904100808279788,0.022030895399236198,844
915,0.05596446990966797,0.006825252020332793,0.012973864873250326,0.0020693285745489788,0.01,poly,MinMaxScaler(),6,0.1,4.0,5.0,"{'Classifier__SVC__C': 0.01, 'Classifier__SVC__coef0': 4, 'Classifier__SVC__degree': 5, 'Classifier__SVC__gamma': 0.1, 'Classifier__SVC__kernel': 'poly', 'Scaler': MinMaxScaler(), 'Selector__max_features': 6}",0.11594202898550725,0.1642512077294686,0.17475728155339806,0.15165017275612466,0.02561117002996642,1062
916,0.049466609954833984,0.003355040770682329,0.012781540552775065,0.000693152459750069,0.01,poly,MinMaxScaler(),8,0.1,4.0,5.0,"{'Classifier__SVC__C': 0.01, 'Classifier__SVC__coef0': 4, 'Classifier__SVC__degree': 5, 'Classifier__SVC__gamma': 0.1, 'Classifier__SVC__kernel': 'poly', 'Scaler': MinMaxScaler(), 'Selector__max_features': 8}",0.12077294685990338,0.178743961352657,0.22330097087378642,0.1742726263621156,0.04197613253978245,905
917,0.05535562833150228,0.00724145984026168,0.01204387346903483,0.0013970195500442385,0.01,poly,MinMaxScaler(),10,0.1,4.0,5.0,"{'Classifier__SVC__C': 0.01, 'Classifier__SVC__coef0': 4, 'Classifier__SVC__degree': 5, 'Classifier__SVC__gamma': 0.1, 'Classifier__SVC__kernel': 'poly', 'Scaler': MinMaxScaler(), 'Selector__max_features': 10}",0.13043478260869565,0.25120772946859904,0.21844660194174756,0.2000297046730141,0.050996161633738504,213
918,0.05405982335408529,0.0042822075720743745,0.013411839803059896,0.0010524567255709453,0.01,poly,MinMaxScaler(),12,0.1,4.0,5.0,"{'Classifier__SVC__C': 0.01, 'Classifier__SVC__coef0': 4, 'Classifier__SVC__degree': 5, 'Classifier__SVC__gamma': 0.1, 'Classifier__SVC__kernel': 'poly', 'Scaler': MinMaxScaler(), 'Selector__max_features': 12}",0.14009661835748793,0.20772946859903382,0.16990291262135923,0.172576333192627,0.027675632978151274,945
919,0.04969215393066406,0.005417547283666296,0.011736075083414713,0.0008180370259356308,0.01,poly,MinMaxScaler(),14,0.1,4.0,5.0,"{'Classifier__SVC__C': 0.01, 'Classifier__SVC__coef0': 4, 'Classifier__SVC__degree': 5, 'Classifier__SVC__gamma': 0.1, 'Classifier__SVC__kernel': 'poly', 'Scaler': MinMaxScaler(), 'Selector__max_features': 14}",0.14492753623188406,0.2560386473429952,0.21844660194174756,0.20647092850554227,0.0461445722252314,132
920,0.052210489908854164,0.010391742621120489,0.012719392776489258,0.0005646336894083311,0.01,poly,MinMaxScaler(),16,0.1,4.0,5.0,"{'Classifier__SVC__C': 0.01, 'Classifier__SVC__coef0': 4, 'Classifier__SVC__degree': 5, 'Classifier__SVC__gamma': 0.1, 'Classifier__SVC__kernel': 'poly', 'Scaler': MinMaxScaler(), 'Selector__max_features': 16}",0.16908212560386474,0.2222222222222222,0.21844660194174756,0.20325031658927817,0.024209678278701526,184
921,0.04424436887105306,0.0009049821840878367,0.016540686289469402,0.006115611516710646,0.01,poly,MinMaxScaler(),18,0.1,4.0,5.0,"{'Classifier__SVC__C': 0.01, 'Classifier__SVC__coef0': 4, 'Classifier__SVC__degree': 5, 'Classifier__SVC__gamma': 0.1, 'Classifier__SVC__kernel': 'poly', 'Scaler': MinMaxScaler(), 'Selector__max_features': 18}",0.1932367149758454,0.21739130434782608,0.22330097087378642,0.2113096633991526,0.013005246073428891,100
922,0.05537875493367513,0.010485805721172544,0.011366446812947592,0.0006439509229103394,0.01,poly,MinMaxScaler(),20,0.1,4.0,5.0,"{'Classifier__SVC__C': 0.01, 'Classifier__SVC__coef0': 4, 'Classifier__SVC__degree': 5, 'Classifier__SVC__gamma': 0.1, 'Classifier__SVC__kernel': 'poly', 'Scaler': MinMaxScaler(), 'Selector__max_features': 20}",0.1932367149758454,0.23671497584541062,0.24271844660194175,0.22422337914106594,0.02204753096300887,50
923,0.050714333852132164,0.004615348147818552,0.012814521789550781,0.0005908659234298855,0.01,poly,MinMaxScaler(),24,0.1,4.0,5.0,"{'Classifier__SVC__C': 0.01, 'Classifier__SVC__coef0': 4, 'Classifier__SVC__degree': 5, 'Classifier__SVC__gamma': 0.1, 'Classifier__SVC__kernel': 'poly', 'Scaler': MinMaxScaler(), 'Selector__max_features': 24}",0.178743961352657,0.21256038647342995,0.2087378640776699,0.20001407063458562,0.015120980590235351,215
924,0.05228749910990397,0.008558989914568663,0.011820634206136068,0.0005233263130583576,0.01,poly,MinMaxScaler(),2,0.0001,6.0,3.0,"{'Classifier__SVC__C': 0.01, 'Classifier__SVC__coef0': 6, 'Classifier__SVC__degree': 3, 'Classifier__SVC__gamma': 0.0001, 'Classifier__SVC__kernel': 'poly', 'Scaler': MinMaxScaler(), 'Selector__max_features': 2}",0.30434782608695654,0.22705314009661837,0.0825242718446602,0.20464174600941168,0.09193521357590285,164
925,0.054505109786987305,0.010772273222490365,0.01457834243774414,0.002858309598249016,0.01,poly,MinMaxScaler(),4,0.0001,6.0,3.0,"{'Classifier__SVC__C': 0.01, 'Classifier__SVC__coef0': 6, 'Classifier__SVC__degree': 3, 'Classifier__SVC__gamma': 0.0001, 'Classifier__SVC__kernel': 'poly', 'Scaler': MinMaxScaler(), 'Selector__max_features': 4}",0.32367149758454106,0.21256038647342995,0.0825242718446602,0.2062520519675437,0.09854894700499132,139
926,0.047107537587483726,0.0003868030379010443,0.011567989985148111,3.690502605033382e-05,0.01,poly,MinMaxScaler(),6,0.0001,6.0,3.0,"{'Classifier__SVC__C': 0.01, 'Classifier__SVC__coef0': 6, 'Classifier__SVC__degree': 3, 'Classifier__SVC__gamma': 0.0001, 'Classifier__SVC__kernel': 'poly', 'Scaler': MinMaxScaler(), 'Selector__max_features': 6}",0.2608695652173913,0.21739130434782608,0.0825242718446602,0.1869283804699592,0.07592870873586141,656
927,0.05958716074625651,0.011041531526040432,0.011847098668416342,0.0002076027029934783,0.01,poly,MinMaxScaler(),8,0.0001,6.0,3.0,"{'Classifier__SVC__C': 0.01, 'Classifier__SVC__coef0': 6, 'Classifier__SVC__degree': 3, 'Classifier__SVC__gamma': 0.0001, 'Classifier__SVC__kernel': 'poly', 'Scaler': MinMaxScaler(), 'Selector__max_features': 8}",0.24154589371980675,0.25120772946859904,0.0825242718446602,0.19175929834435532,0.07734147670472372,538
928,0.05079150199890137,0.004383249088080274,0.011237621307373047,0.0006336896133328903,0.01,poly,MinMaxScaler(),10,0.0001,6.0,3.0,"{'Classifier__SVC__C': 0.01, 'Classifier__SVC__coef0': 6, 'Classifier__SVC__degree': 3, 'Classifier__SVC__gamma': 0.0001, 'Classifier__SVC__kernel': 'poly', 'Scaler': MinMaxScaler(), 'Selector__max_features': 10}",0.2463768115942029,0.2560386473429952,0.0825242718446602,0.19497991026061942,0.07961591434784415,408
929,0.04712494214375814,0.0021662496780568917,0.01163808504740397,0.0010907970978461582,0.01,poly,MinMaxScaler(),12,0.0001,6.0,3.0,"{'Classifier__SVC__C': 0.01, 'Classifier__SVC__coef0': 6, 'Classifier__SVC__degree': 3, 'Classifier__SVC__gamma': 0.0001, 'Classifier__SVC__kernel': 'poly', 'Scaler': MinMaxScaler(), 'Selector__max_features': 12}",0.2463768115942029,0.26570048309178745,0.0825242718446602,0.19820052217688353,0.08217500527625594,264
930,0.05563648541768392,0.008132705216711831,0.011149883270263672,0.0009101184078596827,0.01,poly,MinMaxScaler(),14,0.0001,6.0,3.0,"{'Classifier__SVC__C': 0.01, 'Classifier__SVC__coef0': 6, 'Classifier__SVC__degree': 3, 'Classifier__SVC__gamma': 0.0001, 'Classifier__SVC__kernel': 'poly', 'Scaler': MinMaxScaler(), 'Selector__max_features': 14}",0.2463768115942029,0.2560386473429952,0.0825242718446602,0.19497991026061942,0.07961591434784415,408
931,0.05091778437296549,0.0009300172722647714,0.012347777684529623,0.00019928392828001129,0.01,poly,MinMaxScaler(),16,0.0001,6.0,3.0,"{'Classifier__SVC__C': 0.01, 'Classifier__SVC__coef0': 6, 'Classifier__SVC__degree': 3, 'Classifier__SVC__gamma': 0.0001, 'Classifier__SVC__kernel': 'poly', 'Scaler': MinMaxScaler(), 'Selector__max_features': 16}",0.2463768115942029,0.27053140096618356,0.0825242718446602,0.19981082813501552,0.0835183144057648,228
932,0.05164297421773275,0.0023981282129760073,0.010549147923787435,0.0001638979712459415,0.01,poly,MinMaxScaler(),18,0.0001,6.0,3.0,"{'Classifier__SVC__C': 0.01, 'Classifier__SVC__coef0': 6, 'Classifier__SVC__degree': 3, 'Classifier__SVC__gamma': 0.0001, 'Classifier__SVC__kernel': 'poly', 'Scaler': MinMaxScaler(), 'Selector__max_features': 18}",0.2463768115942029,0.26570048309178745,0.0825242718446602,0.19820052217688353,0.08217500527625594,264
933,0.05364235242207845,0.0046262275051073744,0.013816277186075846,0.0036449467791337103,0.01,poly,MinMaxScaler(),20,0.0001,6.0,3.0,"{'Classifier__SVC__C': 0.01, 'Classifier__SVC__coef0': 6, 'Classifier__SVC__degree': 3, 'Classifier__SVC__gamma': 0.0001, 'Classifier__SVC__kernel': 'poly', 'Scaler': MinMaxScaler(), 'Selector__max_features': 20}",0.2463768115942029,0.27053140096618356,0.0825242718446602,0.19981082813501552,0.0835183144057648,228
934,0.05391065279642741,0.004741572557271092,0.013652483622233072,0.0017489094542286652,0.01,poly,MinMaxScaler(),24,0.0001,6.0,3.0,"{'Classifier__SVC__C': 0.01, 'Classifier__SVC__coef0': 6, 'Classifier__SVC__degree': 3, 'Classifier__SVC__gamma': 0.0001, 'Classifier__SVC__kernel': 'poly', 'Scaler': MinMaxScaler(), 'Selector__max_features': 24}",0.2463768115942029,0.2463768115942029,0.0825242718446602,0.19175929834435534,0.07724082798102665,515
935,0.05576841036478678,0.0017167066656396427,0.01235636075337728,0.000931210888629604,0.01,poly,MinMaxScaler(),2,0.001,6.0,3.0,"{'Classifier__SVC__C': 0.01, 'Classifier__SVC__coef0': 6, 'Classifier__SVC__degree': 3, 'Classifier__SVC__gamma': 0.001, 'Classifier__SVC__kernel': 'poly', 'Scaler': MinMaxScaler(), 'Selector__max_features': 2}",0.30434782608695654,0.22705314009661837,0.0825242718446602,0.20464174600941168,0.09193521357590285,164
936,0.048506577809651695,0.0029640769524250585,0.012681404749552408,0.0014473635391538556,0.01,poly,MinMaxScaler(),4,0.001,6.0,3.0,"{'Classifier__SVC__C': 0.01, 'Classifier__SVC__coef0': 6, 'Classifier__SVC__degree': 3, 'Classifier__SVC__gamma': 0.001, 'Classifier__SVC__kernel': 'poly', 'Scaler': MinMaxScaler(), 'Selector__max_features': 4}",0.32367149758454106,0.21256038647342995,0.0825242718446602,0.2062520519675437,0.09854894700499132,139
937,0.05453968048095703,0.0035592829631373698,0.012167612711588541,0.0010443470102513728,0.01,poly,MinMaxScaler(),6,0.001,6.0,3.0,"{'Classifier__SVC__C': 0.01, 'Classifier__SVC__coef0': 6, 'Classifier__SVC__degree': 3, 'Classifier__SVC__gamma': 0.001, 'Classifier__SVC__kernel': 'poly', 'Scaler': MinMaxScaler(), 'Selector__max_features': 6}",0.2608695652173913,0.21739130434782608,0.0825242718446602,0.1869283804699592,0.07592870873586141,656
938,0.05352179209391276,0.00170688522997091,0.012310504913330078,0.0008759552673909414,0.01,poly,MinMaxScaler(),8,0.001,6.0,3.0,"{'Classifier__SVC__C': 0.01, 'Classifier__SVC__coef0': 6, 'Classifier__SVC__degree': 3, 'Classifier__SVC__gamma': 0.001, 'Classifier__SVC__kernel': 'poly', 'Scaler': MinMaxScaler(), 'Selector__max_features': 8}",0.24154589371980675,0.25120772946859904,0.0825242718446602,0.19175929834435532,0.07734147670472372,538
939,0.059564431508382164,0.01159534475146546,0.011333227157592773,0.00040757226653475817,0.01,poly,MinMaxScaler(),10,0.001,6.0,3.0,"{'Classifier__SVC__C': 0.01, 'Classifier__SVC__coef0': 6, 'Classifier__SVC__degree': 3, 'Classifier__SVC__gamma': 0.001, 'Classifier__SVC__kernel': 'poly', 'Scaler': MinMaxScaler(), 'Selector__max_features': 10}",0.2463768115942029,0.2560386473429952,0.0825242718446602,0.19497991026061942,0.07961591434784415,408
940,0.051471710205078125,0.003901244606186913,0.012828509012858072,0.0011376852673444884,0.01,poly,MinMaxScaler(),12,0.001,6.0,3.0,"{'Classifier__SVC__C': 0.01, 'Classifier__SVC__coef0': 6, 'Classifier__SVC__degree': 3, 'Classifier__SVC__gamma': 0.001, 'Classifier__SVC__kernel': 'poly', 'Scaler': MinMaxScaler(), 'Selector__max_features': 12}",0.2463768115942029,0.26570048309178745,0.0825242718446602,0.19820052217688353,0.08217500527625594,264
941,0.05336260795593262,0.003957537914522895,0.012116034825642904,0.0012682594139302686,0.01,poly,MinMaxScaler(),14,0.001,6.0,3.0,"{'Classifier__SVC__C': 0.01, 'Classifier__SVC__coef0': 6, 'Classifier__SVC__degree': 3, 'Classifier__SVC__gamma': 0.001, 'Classifier__SVC__kernel': 'poly', 'Scaler': MinMaxScaler(), 'Selector__max_features': 14}",0.2463768115942029,0.2560386473429952,0.0825242718446602,0.19497991026061942,0.07961591434784415,408
942,0.05048100153605143,0.0015434174154823454,0.012251774470011393,0.0006215270198512078,0.01,poly,MinMaxScaler(),16,0.001,6.0,3.0,"{'Classifier__SVC__C': 0.01, 'Classifier__SVC__coef0': 6, 'Classifier__SVC__degree': 3, 'Classifier__SVC__gamma': 0.001, 'Classifier__SVC__kernel': 'poly', 'Scaler': MinMaxScaler(), 'Selector__max_features': 16}",0.2463768115942029,0.27053140096618356,0.0825242718446602,0.19981082813501552,0.0835183144057648,228
943,0.05192955334981283,0.0016038409408521263,0.012410640716552734,0.0006294998211230254,0.01,poly,MinMaxScaler(),18,0.001,6.0,3.0,"{'Classifier__SVC__C': 0.01, 'Classifier__SVC__coef0': 6, 'Classifier__SVC__degree': 3, 'Classifier__SVC__gamma': 0.001, 'Classifier__SVC__kernel': 'poly', 'Scaler': MinMaxScaler(), 'Selector__max_features': 18}",0.2463768115942029,0.26570048309178745,0.0825242718446602,0.19820052217688353,0.08217500527625594,264
944,0.06017692883809408,0.005843057838697213,0.011919498443603516,0.001415523062911656,0.01,poly,MinMaxScaler(),20,0.001,6.0,3.0,"{'Classifier__SVC__C': 0.01, 'Classifier__SVC__coef0': 6, 'Classifier__SVC__degree': 3, 'Classifier__SVC__gamma': 0.001, 'Classifier__SVC__kernel': 'poly', 'Scaler': MinMaxScaler(), 'Selector__max_features': 20}",0.2463768115942029,0.27053140096618356,0.0825242718446602,0.19981082813501552,0.0835183144057648,228
945,0.05232397715250651,0.004322764929449,0.012639045715332031,0.0003586241831182005,0.01,poly,MinMaxScaler(),24,0.001,6.0,3.0,"{'Classifier__SVC__C': 0.01, 'Classifier__SVC__coef0': 6, 'Classifier__SVC__degree': 3, 'Classifier__SVC__gamma': 0.001, 'Classifier__SVC__kernel': 'poly', 'Scaler': MinMaxScaler(), 'Selector__max_features': 24}",0.2463768115942029,0.2463768115942029,0.0825242718446602,0.19175929834435534,0.07724082798102665,515
946,0.05032046635945638,0.0045330903095179,0.013647317886352539,0.003521686457040075,0.01,poly,MinMaxScaler(),2,0.01,6.0,3.0,"{'Classifier__SVC__C': 0.01, 'Classifier__SVC__coef0': 6, 'Classifier__SVC__degree': 3, 'Classifier__SVC__gamma': 0.01, 'Classifier__SVC__kernel': 'poly', 'Scaler': MinMaxScaler(), 'Selector__max_features': 2}",0.30434782608695654,0.22705314009661837,0.0825242718446602,0.20464174600941168,0.09193521357590285,164
947,0.05332350730895996,0.0050584241100387894,0.011002302169799805,0.0004656664590548378,0.01,poly,MinMaxScaler(),4,0.01,6.0,3.0,"{'Classifier__SVC__C': 0.01, 'Classifier__SVC__coef0': 6, 'Classifier__SVC__degree': 3, 'Classifier__SVC__gamma': 0.01, 'Classifier__SVC__kernel': 'poly', 'Scaler': MinMaxScaler(), 'Selector__max_features': 4}",0.32367149758454106,0.21256038647342995,0.0825242718446602,0.2062520519675437,0.09854894700499132,139
948,0.04941391944885254,0.0015339695866746813,0.011809428532918295,0.0005268973761833062,0.01,poly,MinMaxScaler(),6,0.01,6.0,3.0,"{'Classifier__SVC__C': 0.01, 'Classifier__SVC__coef0': 6, 'Classifier__SVC__degree': 3, 'Classifier__SVC__gamma': 0.01, 'Classifier__SVC__kernel': 'poly', 'Scaler': MinMaxScaler(), 'Selector__max_features': 6}",0.2608695652173913,0.21739130434782608,0.0825242718446602,0.1869283804699592,0.07592870873586141,656
949,0.055281639099121094,0.013671203942055945,0.014099915822347006,0.0031905889891083324,0.01,poly,MinMaxScaler(),8,0.01,6.0,3.0,"{'Classifier__SVC__C': 0.01, 'Classifier__SVC__coef0': 6, 'Classifier__SVC__degree': 3, 'Classifier__SVC__gamma': 0.01, 'Classifier__SVC__kernel': 'poly', 'Scaler': MinMaxScaler(), 'Selector__max_features': 8}",0.24154589371980675,0.25120772946859904,0.0825242718446602,0.19175929834435532,0.07734147670472372,538
950,0.05168604850769043,0.002684500436044018,0.01217198371887207,0.00046190747306290846,0.01,poly,MinMaxScaler(),10,0.01,6.0,3.0,"{'Classifier__SVC__C': 0.01, 'Classifier__SVC__coef0': 6, 'Classifier__SVC__degree': 3, 'Classifier__SVC__gamma': 0.01, 'Classifier__SVC__kernel': 'poly', 'Scaler': MinMaxScaler(), 'Selector__max_features': 10}",0.2463768115942029,0.2560386473429952,0.0825242718446602,0.19497991026061942,0.07961591434784415,408
951,0.051925977071126304,0.010250062808358442,0.011336882909138998,0.0008837182528145128,0.01,poly,MinMaxScaler(),12,0.01,6.0,3.0,"{'Classifier__SVC__C': 0.01, 'Classifier__SVC__coef0': 6, 'Classifier__SVC__degree': 3, 'Classifier__SVC__gamma': 0.01, 'Classifier__SVC__kernel': 'poly', 'Scaler': MinMaxScaler(), 'Selector__max_features': 12}",0.2463768115942029,0.26570048309178745,0.0825242718446602,0.19820052217688353,0.08217500527625594,264
952,0.05197556813557943,0.0026379943775982186,0.012660662333170572,0.0007232825005006009,0.01,poly,MinMaxScaler(),14,0.01,6.0,3.0,"{'Classifier__SVC__C': 0.01, 'Classifier__SVC__coef0': 6, 'Classifier__SVC__degree': 3, 'Classifier__SVC__gamma': 0.01, 'Classifier__SVC__kernel': 'poly', 'Scaler': MinMaxScaler(), 'Selector__max_features': 14}",0.2463768115942029,0.2560386473429952,0.0825242718446602,0.19497991026061942,0.07961591434784415,408
953,0.05406832695007324,0.0003622425426846717,0.014769633611043295,0.0018549208808344238,0.01,poly,MinMaxScaler(),16,0.01,6.0,3.0,"{'Classifier__SVC__C': 0.01, 'Classifier__SVC__coef0': 6, 'Classifier__SVC__degree': 3, 'Classifier__SVC__gamma': 0.01, 'Classifier__SVC__kernel': 'poly', 'Scaler': MinMaxScaler(), 'Selector__max_features': 16}",0.2463768115942029,0.27053140096618356,0.0825242718446602,0.19981082813501552,0.0835183144057648,228
954,0.056852499643961586,0.005462120188348501,0.0129087766011556,0.0006053315267173358,0.01,poly,MinMaxScaler(),18,0.01,6.0,3.0,"{'Classifier__SVC__C': 0.01, 'Classifier__SVC__coef0': 6, 'Classifier__SVC__degree': 3, 'Classifier__SVC__gamma': 0.01, 'Classifier__SVC__kernel': 'poly', 'Scaler': MinMaxScaler(), 'Selector__max_features': 18}",0.2463768115942029,0.26570048309178745,0.0825242718446602,0.19820052217688353,0.08217500527625594,264
955,0.05830605824788412,0.007503620978446761,0.011644601821899414,0.0012552693736138626,0.01,poly,MinMaxScaler(),20,0.01,6.0,3.0,"{'Classifier__SVC__C': 0.01, 'Classifier__SVC__coef0': 6, 'Classifier__SVC__degree': 3, 'Classifier__SVC__gamma': 0.01, 'Classifier__SVC__kernel': 'poly', 'Scaler': MinMaxScaler(), 'Selector__max_features': 20}",0.2463768115942029,0.27053140096618356,0.0825242718446602,0.19981082813501552,0.0835183144057648,228
956,0.052509466807047524,0.002489390409398961,0.012238264083862305,0.0011757287439126873,0.01,poly,MinMaxScaler(),24,0.01,6.0,3.0,"{'Classifier__SVC__C': 0.01, 'Classifier__SVC__coef0': 6, 'Classifier__SVC__degree': 3, 'Classifier__SVC__gamma': 0.01, 'Classifier__SVC__kernel': 'poly', 'Scaler': MinMaxScaler(), 'Selector__max_features': 24}",0.2463768115942029,0.2463768115942029,0.0825242718446602,0.19175929834435534,0.07724082798102665,515
957,0.052237749099731445,0.009235644357717765,0.011317571004231771,0.0008228010967832612,0.01,poly,MinMaxScaler(),2,0.1,6.0,3.0,"{'Classifier__SVC__C': 0.01, 'Classifier__SVC__coef0': 6, 'Classifier__SVC__degree': 3, 'Classifier__SVC__gamma': 0.1, 'Classifier__SVC__kernel': 'poly', 'Scaler': MinMaxScaler(), 'Selector__max_features': 2}",0.2995169082125604,0.20772946859903382,0.0825242718446602,0.19659021621875147,0.08893635652220322,323
958,0.04858191808064779,0.0013545556711492938,0.012770414352416992,0.0005794893252659697,0.01,poly,MinMaxScaler(),4,0.1,6.0,3.0,"{'Classifier__SVC__C': 0.01, 'Classifier__SVC__coef0': 6, 'Classifier__SVC__degree': 3, 'Classifier__SVC__gamma': 0.1, 'Classifier__SVC__kernel': 'poly', 'Scaler': MinMaxScaler(), 'Selector__max_features': 4}",0.3140096618357488,0.19806763285024154,0.0825242718446602,0.19820052217688353,0.09450356144792091,264
959,0.055614868799845375,0.002899454430773892,0.012138684590657553,0.0014986381389539211,0.01,poly,MinMaxScaler(),6,0.1,6.0,3.0,"{'Classifier__SVC__C': 0.01, 'Classifier__SVC__coef0': 6, 'Classifier__SVC__degree': 3, 'Classifier__SVC__gamma': 0.1, 'Classifier__SVC__kernel': 'poly', 'Scaler': MinMaxScaler(), 'Selector__max_features': 6}",0.25120772946859904,0.18357487922705315,0.0825242718446602,0.1724356268467708,0.069313728446273,963
960,0.05179492632548014,0.0033192420420301095,0.016072432200113933,0.0031278244846374586,0.01,poly,MinMaxScaler(),8,0.1,6.0,3.0,"{'Classifier__SVC__C': 0.01, 'Classifier__SVC__coef0': 6, 'Classifier__SVC__degree': 3, 'Classifier__SVC__gamma': 0.1, 'Classifier__SVC__kernel': 'poly', 'Scaler': MinMaxScaler(), 'Selector__max_features': 8}",0.23671497584541062,0.21739130434782608,0.1796116504854369,0.21123931022622455,0.023714731224085444,108
961,0.0509797732035319,0.002606584157765257,0.011373360951741537,0.000491612879169624,0.01,poly,MinMaxScaler(),10,0.1,6.0,3.0,"{'Classifier__SVC__C': 0.01, 'Classifier__SVC__coef0': 6, 'Classifier__SVC__degree': 3, 'Classifier__SVC__gamma': 0.1, 'Classifier__SVC__kernel': 'poly', 'Scaler': MinMaxScaler(), 'Selector__max_features': 10}",0.2318840579710145,0.22705314009661837,0.15048543689320387,0.2031408783202789,0.03728521669319167,194
962,0.06189608573913574,0.007643995680384209,0.015325784683227539,0.004786456870965218,0.01,poly,MinMaxScaler(),12,0.1,6.0,3.0,"{'Classifier__SVC__C': 0.01, 'Classifier__SVC__coef0': 6, 'Classifier__SVC__degree': 3, 'Classifier__SVC__gamma': 0.1, 'Classifier__SVC__kernel': 'poly', 'Scaler': MinMaxScaler(), 'Selector__max_features': 12}",0.18357487922705315,0.24154589371980675,0.14563106796116504,0.19025061363600834,0.03944056729225068,578
963,0.05136728286743164,0.004710108879667749,0.01252444585164388,0.0004531702044168082,0.01,poly,MinMaxScaler(),14,0.1,6.0,3.0,"{'Classifier__SVC__C': 0.01, 'Classifier__SVC__coef0': 6, 'Classifier__SVC__degree': 3, 'Classifier__SVC__gamma': 0.1, 'Classifier__SVC__kernel': 'poly', 'Scaler': MinMaxScaler(), 'Selector__max_features': 14}",0.178743961352657,0.24154589371980675,0.1553398058252427,0.19187655363256884,0.03639799566381026,510
964,0.05656512578328451,0.005345599932831493,0.013022263844807943,0.000733644233422026,0.01,poly,MinMaxScaler(),16,0.1,6.0,3.0,"{'Classifier__SVC__C': 0.01, 'Classifier__SVC__coef0': 6, 'Classifier__SVC__degree': 3, 'Classifier__SVC__gamma': 0.1, 'Classifier__SVC__kernel': 'poly', 'Scaler': MinMaxScaler(), 'Selector__max_features': 16}",0.18357487922705315,0.2222222222222222,0.16019417475728157,0.188663758735519,0.025577231920427393,641
965,0.060573180516560875,0.009071500153099663,0.012140591939290365,0.001824898897592596,0.01,poly,MinMaxScaler(),18,0.1,6.0,3.0,"{'Classifier__SVC__C': 0.01, 'Classifier__SVC__coef0': 6, 'Classifier__SVC__degree': 3, 'Classifier__SVC__gamma': 0.1, 'Classifier__SVC__kernel': 'poly', 'Scaler': MinMaxScaler(), 'Selector__max_features': 18}",0.19806763285024154,0.20772946859903382,0.14563106796116504,0.18380938980348013,0.027282790198593514,746
966,0.047830422719319664,0.002364333841925054,0.012172063191731771,0.0012359347533828105,0.01,poly,MinMaxScaler(),20,0.1,6.0,3.0,"{'Classifier__SVC__C': 0.01, 'Classifier__SVC__coef0': 6, 'Classifier__SVC__degree': 3, 'Classifier__SVC__gamma': 0.1, 'Classifier__SVC__kernel': 'poly', 'Scaler': MinMaxScaler(), 'Selector__max_features': 20}",0.20772946859903382,0.18840579710144928,0.14563106796116504,0.18058877788721603,0.025947153761598903,833
967,0.05363893508911133,0.0038919972160567635,0.012579202651977539,0.001273363268445675,0.01,poly,MinMaxScaler(),24,0.1,6.0,3.0,"{'Classifier__SVC__C': 0.01, 'Classifier__SVC__coef0': 6, 'Classifier__SVC__degree': 3, 'Classifier__SVC__gamma': 0.1, 'Classifier__SVC__kernel': 'poly', 'Scaler': MinMaxScaler(), 'Selector__max_features': 24}",0.178743961352657,0.2222222222222222,0.17475728155339806,0.19190782170942577,0.021497217847791843,508
968,0.05157963434855143,0.006254330014958849,0.013489643732706705,0.002942408197583273,0.01,poly,MinMaxScaler(),2,0.0001,6.0,5.0,"{'Classifier__SVC__C': 0.01, 'Classifier__SVC__coef0': 6, 'Classifier__SVC__degree': 5, 'Classifier__SVC__gamma': 0.0001, 'Classifier__SVC__kernel': 'poly', 'Scaler': MinMaxScaler(), 'Selector__max_features': 2}",0.30434782608695654,0.22705314009661837,0.0825242718446602,0.20464174600941168,0.09193521357590285,164
969,0.05741564432779948,0.010582079040628904,0.011814196904500326,0.0005450438995540486,0.01,poly,MinMaxScaler(),4,0.0001,6.0,5.0,"{'Classifier__SVC__C': 0.01, 'Classifier__SVC__coef0': 6, 'Classifier__SVC__degree': 5, 'Classifier__SVC__gamma': 0.0001, 'Classifier__SVC__kernel': 'poly', 'Scaler': MinMaxScaler(), 'Selector__max_features': 4}",0.32367149758454106,0.21256038647342995,0.0825242718446602,0.2062520519675437,0.09854894700499132,139
970,0.05444868405659994,0.005418998289198361,0.015542984008789062,0.0024817295869977566,0.01,poly,MinMaxScaler(),6,0.0001,6.0,5.0,"{'Classifier__SVC__C': 0.01, 'Classifier__SVC__coef0': 6, 'Classifier__SVC__degree': 5, 'Classifier__SVC__gamma': 0.0001, 'Classifier__SVC__kernel': 'poly', 'Scaler': MinMaxScaler(), 'Selector__max_features': 6}",0.2608695652173913,0.21739130434782608,0.0825242718446602,0.1869283804699592,0.07592870873586141,656
971,0.05640451113382975,0.004751098765473412,0.011760950088500977,0.00119872272985804,0.01,poly,MinMaxScaler(),8,0.0001,6.0,5.0,"{'Classifier__SVC__C': 0.01, 'Classifier__SVC__coef0': 6, 'Classifier__SVC__degree': 5, 'Classifier__SVC__gamma': 0.0001, 'Classifier__SVC__kernel': 'poly', 'Scaler': MinMaxScaler(), 'Selector__max_features': 8}",0.24154589371980675,0.25120772946859904,0.0825242718446602,0.19175929834435532,0.07734147670472372,538
972,0.052333434422810875,0.003189411071121782,0.012505054473876953,0.0005690445000005043,0.01,poly,MinMaxScaler(),10,0.0001,6.0,5.0,"{'Classifier__SVC__C': 0.01, 'Classifier__SVC__coef0': 6, 'Classifier__SVC__degree': 5, 'Classifier__SVC__gamma': 0.0001, 'Classifier__SVC__kernel': 'poly', 'Scaler': MinMaxScaler(), 'Selector__max_features': 10}",0.2463768115942029,0.2560386473429952,0.0825242718446602,0.19497991026061942,0.07961591434784415,408
973,0.05700182914733887,0.007984434258851949,0.011457284291585287,0.001014242729908366,0.01,poly,MinMaxScaler(),12,0.0001,6.0,5.0,"{'Classifier__SVC__C': 0.01, 'Classifier__SVC__coef0': 6, 'Classifier__SVC__degree': 5, 'Classifier__SVC__gamma': 0.0001, 'Classifier__SVC__kernel': 'poly', 'Scaler': MinMaxScaler(), 'Selector__max_features': 12}",0.2463768115942029,0.26570048309178745,0.0825242718446602,0.19820052217688353,0.08217500527625594,264
974,0.049963792165120445,0.0013136765965649853,0.014098087946573893,0.0014531319645439862,0.01,poly,MinMaxScaler(),14,0.0001,6.0,5.0,"{'Classifier__SVC__C': 0.01, 'Classifier__SVC__coef0': 6, 'Classifier__SVC__degree': 5, 'Classifier__SVC__gamma': 0.0001, 'Classifier__SVC__kernel': 'poly', 'Scaler': MinMaxScaler(), 'Selector__max_features': 14}",0.2463768115942029,0.2560386473429952,0.0825242718446602,0.19497991026061942,0.07961591434784415,408
975,0.053608338038126625,0.004408076783112572,0.012654860814412435,0.0009551837684527666,0.01,poly,MinMaxScaler(),16,0.0001,6.0,5.0,"{'Classifier__SVC__C': 0.01, 'Classifier__SVC__coef0': 6, 'Classifier__SVC__degree': 5, 'Classifier__SVC__gamma': 0.0001, 'Classifier__SVC__kernel': 'poly', 'Scaler': MinMaxScaler(), 'Selector__max_features': 16}",0.2463768115942029,0.27053140096618356,0.0825242718446602,0.19981082813501552,0.0835183144057648,228
976,0.05585646629333496,0.004474574066987171,0.012422402699788412,0.0015713950401646238,0.01,poly,MinMaxScaler(),18,0.0001,6.0,5.0,"{'Classifier__SVC__C': 0.01, 'Classifier__SVC__coef0': 6, 'Classifier__SVC__degree': 5, 'Classifier__SVC__gamma': 0.0001, 'Classifier__SVC__kernel': 'poly', 'Scaler': MinMaxScaler(), 'Selector__max_features': 18}",0.2463768115942029,0.26570048309178745,0.0825242718446602,0.19820052217688353,0.08217500527625594,264
977,0.051212708155314125,0.003016073067182709,0.012702465057373047,0.0006888269117244531,0.01,poly,MinMaxScaler(),20,0.0001,6.0,5.0,"{'Classifier__SVC__C': 0.01, 'Classifier__SVC__coef0': 6, 'Classifier__SVC__degree': 5, 'Classifier__SVC__gamma': 0.0001, 'Classifier__SVC__kernel': 'poly', 'Scaler': MinMaxScaler(), 'Selector__max_features': 20}",0.2463768115942029,0.27053140096618356,0.0825242718446602,0.19981082813501552,0.0835183144057648,228
978,0.05002546310424805,0.0037006341726562183,0.012453953425089518,0.00156290064645328,0.01,poly,MinMaxScaler(),24,0.0001,6.0,5.0,"{'Classifier__SVC__C': 0.01, 'Classifier__SVC__coef0': 6, 'Classifier__SVC__degree': 5, 'Classifier__SVC__gamma': 0.0001, 'Classifier__SVC__kernel': 'poly', 'Scaler': MinMaxScaler(), 'Selector__max_features': 24}",0.2463768115942029,0.2463768115942029,0.0825242718446602,0.19175929834435534,0.07724082798102665,515
979,0.055922349294026695,0.005485840586886693,0.012514829635620117,0.0004891532757935635,0.01,poly,MinMaxScaler(),2,0.001,6.0,5.0,"{'Classifier__SVC__C': 0.01, 'Classifier__SVC__coef0': 6, 'Classifier__SVC__degree': 5, 'Classifier__SVC__gamma': 0.001, 'Classifier__SVC__kernel': 'poly', 'Scaler': MinMaxScaler(), 'Selector__max_features': 2}",0.30434782608695654,0.22705314009661837,0.0825242718446602,0.20464174600941168,0.09193521357590285,164
980,0.05005439122517904,0.00036219919505667503,0.011908690134684244,0.0008694397901663537,0.01,poly,MinMaxScaler(),4,0.001,6.0,5.0,"{'Classifier__SVC__C': 0.01, 'Classifier__SVC__coef0': 6, 'Classifier__SVC__degree': 5, 'Classifier__SVC__gamma': 0.001, 'Classifier__SVC__kernel': 'poly', 'Scaler': MinMaxScaler(), 'Selector__max_features': 4}",0.32367149758454106,0.21256038647342995,0.0825242718446602,0.2062520519675437,0.09854894700499132,139
981,0.05430372556050619,0.006312498616419564,0.011583487192789713,0.0003603145733226717,0.01,poly,MinMaxScaler(),6,0.001,6.0,5.0,"{'Classifier__SVC__C': 0.01, 'Classifier__SVC__coef0': 6, 'Classifier__SVC__degree': 5, 'Classifier__SVC__gamma': 0.001, 'Classifier__SVC__kernel': 'poly', 'Scaler': MinMaxScaler(), 'Selector__max_features': 6}",0.2608695652173913,0.19806763285024154,0.0825242718446602,0.180487156637431,0.07386278167409835,835
982,0.05088686943054199,0.0016700176146852079,0.011251529057820639,0.0013173405929643083,0.01,poly,MinMaxScaler(),8,0.001,6.0,5.0,"{'Classifier__SVC__C': 0.01, 'Classifier__SVC__coef0': 6, 'Classifier__SVC__degree': 5, 'Classifier__SVC__gamma': 0.001, 'Classifier__SVC__kernel': 'poly', 'Scaler': MinMaxScaler(), 'Selector__max_features': 8}",0.25120772946859904,0.22705314009661837,0.06796116504854369,0.18207401153792035,0.0812902919474943,818
983,0.07070668538411458,0.013979765946877417,0.0113526980082194,0.0012276529609791527,0.01,poly,MinMaxScaler(),10,0.001,6.0,5.0,"{'Classifier__SVC__C': 0.01, 'Classifier__SVC__coef0': 6, 'Classifier__SVC__degree': 5, 'Classifier__SVC__gamma': 0.001, 'Classifier__SVC__kernel': 'poly', 'Scaler': MinMaxScaler(), 'Selector__max_features': 10}",0.2463768115942029,0.2318840579710145,0.11165048543689321,0.19663711833403688,0.060385184746431564,321
984,0.06329226493835449,0.004134833641586514,0.01129587491353353,0.0013615328408837519,0.01,poly,MinMaxScaler(),12,0.001,6.0,5.0,"{'Classifier__SVC__C': 0.01, 'Classifier__SVC__coef0': 6, 'Classifier__SVC__degree': 5, 'Classifier__SVC__gamma': 0.001, 'Classifier__SVC__kernel': 'poly', 'Scaler': MinMaxScaler(), 'Selector__max_features': 12}",0.2318840579710145,0.24154589371980675,0.1650485436893204,0.2128261651267139,0.034013366001914805,93
985,0.05628530184427897,0.004015718897131514,0.012532711029052734,0.00043089636336361676,0.01,poly,MinMaxScaler(),14,0.001,6.0,5.0,"{'Classifier__SVC__C': 0.01, 'Classifier__SVC__coef0': 6, 'Classifier__SVC__degree': 5, 'Classifier__SVC__gamma': 0.001, 'Classifier__SVC__kernel': 'poly', 'Scaler': MinMaxScaler(), 'Selector__max_features': 14}",0.24154589371980675,0.2222222222222222,0.16990291262135923,0.21122367618779606,0.030264447748931094,109
986,0.05383817354838053,0.0055380746659075475,0.01416317621866862,0.0009430659746692702,0.01,poly,MinMaxScaler(),16,0.001,6.0,5.0,"{'Classifier__SVC__C': 0.01, 'Classifier__SVC__coef0': 6, 'Classifier__SVC__degree': 5, 'Classifier__SVC__gamma': 0.001, 'Classifier__SVC__kernel': 'poly', 'Scaler': MinMaxScaler(), 'Selector__max_features': 16}",0.20772946859903382,0.2318840579710145,0.1650485436893204,0.20155402341978956,0.027632693012637793,207
987,0.07126832008361816,0.012330131084327267,0.01245260238647461,0.0004992520721755013,0.01,poly,MinMaxScaler(),18,0.001,6.0,5.0,"{'Classifier__SVC__C': 0.01, 'Classifier__SVC__coef0': 6, 'Classifier__SVC__degree': 5, 'Classifier__SVC__gamma': 0.001, 'Classifier__SVC__kernel': 'poly', 'Scaler': MinMaxScaler(), 'Selector__max_features': 18}",0.2222222222222222,0.22705314009661837,0.16990291262135923,0.20639275831339995,0.02587748147004774,137
988,0.05350160598754883,0.0030901080965335163,0.012206792831420898,0.00047503468461150284,0.01,poly,MinMaxScaler(),20,0.001,6.0,5.0,"{'Classifier__SVC__C': 0.01, 'Classifier__SVC__coef0': 6, 'Classifier__SVC__degree': 5, 'Classifier__SVC__gamma': 0.001, 'Classifier__SVC__kernel': 'poly', 'Scaler': MinMaxScaler(), 'Selector__max_features': 20}",0.22705314009661837,0.24154589371980675,0.16019417475728157,0.20959773619123556,0.03543109640475402,116
989,0.053029934565226235,0.004147144487699635,0.011889775594075521,0.0010109237400839689,0.01,poly,MinMaxScaler(),24,0.001,6.0,5.0,"{'Classifier__SVC__C': 0.01, 'Classifier__SVC__coef0': 6, 'Classifier__SVC__degree': 5, 'Classifier__SVC__gamma': 0.001, 'Classifier__SVC__kernel': 'poly', 'Scaler': MinMaxScaler(), 'Selector__max_features': 24}",0.21739130434782608,0.25120772946859904,0.16019417475728157,0.20959773619123556,0.03756258389901722,116
990,0.05502748489379883,0.005973129483088222,0.012189626693725586,0.0012369637644152236,0.01,poly,MinMaxScaler(),2,0.01,6.0,5.0,"{'Classifier__SVC__C': 0.01, 'Classifier__SVC__coef0': 6, 'Classifier__SVC__degree': 5, 'Classifier__SVC__gamma': 0.01, 'Classifier__SVC__kernel': 'poly', 'Scaler': MinMaxScaler(), 'Selector__max_features': 2}",0.15458937198067632,0.18840579710144928,0.10679611650485436,0.14993042852899333,0.03347948931643616,1068
991,0.050697882970174156,0.0004635491745247143,0.012342214584350586,0.000525886354953824,0.01,poly,MinMaxScaler(),4,0.01,6.0,5.0,"{'Classifier__SVC__C': 0.01, 'Classifier__SVC__coef0': 6, 'Classifier__SVC__degree': 5, 'Classifier__SVC__gamma': 0.01, 'Classifier__SVC__kernel': 'poly', 'Scaler': MinMaxScaler(), 'Selector__max_features': 4}",0.14492753623188406,0.21256038647342995,0.1407766990291262,0.1660882072448134,0.03290445708475215,1019
992,0.061223745346069336,0.01275478416096263,0.012533346811930338,9.064763702098734e-05,0.01,poly,MinMaxScaler(),6,0.01,6.0,5.0,"{'Classifier__SVC__C': 0.01, 'Classifier__SVC__coef0': 6, 'Classifier__SVC__degree': 5, 'Classifier__SVC__gamma': 0.01, 'Classifier__SVC__kernel': 'poly', 'Scaler': MinMaxScaler(), 'Selector__max_features': 6}",0.14009661835748793,0.22705314009661837,0.16019417475728157,0.1757813110704626,0.037171479049366435,869
993,0.05480734507242838,0.005039224252428565,0.012494325637817383,0.0015685469109677315,0.01,poly,MinMaxScaler(),8,0.01,6.0,5.0,"{'Classifier__SVC__C': 0.01, 'Classifier__SVC__coef0': 6, 'Classifier__SVC__degree': 5, 'Classifier__SVC__gamma': 0.01, 'Classifier__SVC__kernel': 'poly', 'Scaler': MinMaxScaler(), 'Selector__max_features': 8}",0.1111111111111111,0.16908212560386474,0.1941747572815534,0.15812266466550975,0.034784811501828446,1043
994,0.050456841786702476,0.004954698164231634,0.013135035832722982,0.0011197022273126312,0.01,poly,MinMaxScaler(),10,0.01,6.0,5.0,"{'Classifier__SVC__C': 0.01, 'Classifier__SVC__coef0': 6, 'Classifier__SVC__degree': 5, 'Classifier__SVC__gamma': 0.01, 'Classifier__SVC__kernel': 'poly', 'Scaler': MinMaxScaler(), 'Selector__max_features': 10}",0.07729468599033816,0.2222222222222222,0.16019417475728157,0.15323702765661398,0.059370582566319614,1059
995,0.06335043907165527,0.010546389565034335,0.011877059936523438,0.0010201383181355896,0.01,poly,MinMaxScaler(),12,0.01,6.0,5.0,"{'Classifier__SVC__C': 0.01, 'Classifier__SVC__coef0': 6, 'Classifier__SVC__degree': 5, 'Classifier__SVC__gamma': 0.01, 'Classifier__SVC__kernel': 'poly', 'Scaler': MinMaxScaler(), 'Selector__max_features': 12}",0.07246376811594203,0.19806763285024154,0.1650485436893204,0.14519331488516798,0.05316487118512865,1078
996,0.04957270622253418,0.0024674089994159605,0.012380043665568033,0.0007254401650233947,0.01,poly,MinMaxScaler(),14,0.01,6.0,5.0,"{'Classifier__SVC__C': 0.01, 'Classifier__SVC__coef0': 6, 'Classifier__SVC__degree': 5, 'Classifier__SVC__gamma': 0.01, 'Classifier__SVC__kernel': 'poly', 'Scaler': MinMaxScaler(), 'Selector__max_features': 14}",0.10144927536231885,0.2463768115942029,0.18446601941747573,0.17743070212466583,0.059375188177211415,862
997,0.06220293045043945,0.012633194769100952,0.01429287592569987,0.0017799977532852512,0.01,poly,MinMaxScaler(),16,0.01,6.0,5.0,"{'Classifier__SVC__C': 0.01, 'Classifier__SVC__coef0': 6, 'Classifier__SVC__degree': 5, 'Classifier__SVC__gamma': 0.01, 'Classifier__SVC__kernel': 'poly', 'Scaler': MinMaxScaler(), 'Selector__max_features': 16}",0.15458937198067632,0.2560386473429952,0.1941747572815534,0.201600925535075,0.04174805264186669,204
998,0.04820847511291504,0.0011330769832287404,0.016391913096110027,0.00695958278211747,0.01,poly,MinMaxScaler(),18,0.01,6.0,5.0,"{'Classifier__SVC__C': 0.01, 'Classifier__SVC__coef0': 6, 'Classifier__SVC__degree': 5, 'Classifier__SVC__gamma': 0.01, 'Classifier__SVC__kernel': 'poly', 'Scaler': MinMaxScaler(), 'Selector__max_features': 18}",0.178743961352657,0.22705314009661837,0.20388349514563106,0.2032268655316355,0.019727604341235227,185
999,0.05795534451802572,0.015006068960124807,0.012297471364339193,0.001376064581686768,0.01,poly,MinMaxScaler(),20,0.01,6.0,5.0,"{'Classifier__SVC__C': 0.01, 'Classifier__SVC__coef0': 6, 'Classifier__SVC__degree': 5, 'Classifier__SVC__gamma': 0.01, 'Classifier__SVC__kernel': 'poly', 'Scaler': MinMaxScaler(), 'Selector__max_features': 20}",0.178743961352657,0.23671497584541062,0.1941747572815534,0.203211231493207,0.02451398281203571,187
1000,0.051715850830078125,0.005068977083089691,0.01266042391459147,0.0011213675194004717,0.01,poly,MinMaxScaler(),24,0.01,6.0,5.0,"{'Classifier__SVC__C': 0.01, 'Classifier__SVC__coef0': 6, 'Classifier__SVC__degree': 5, 'Classifier__SVC__gamma': 0.01, 'Classifier__SVC__kernel': 'poly', 'Scaler': MinMaxScaler(), 'Selector__max_features': 24}",0.18357487922705315,0.23671497584541062,0.23300970873786409,0.2177665212701093,0.024224416611963083,67
1001,0.06223177909851074,0.00566724212644119,0.011757930119832357,0.0013718590032717882,0.01,poly,MinMaxScaler(),2,0.1,6.0,5.0,"{'Classifier__SVC__C': 0.01, 'Classifier__SVC__coef0': 6, 'Classifier__SVC__degree': 5, 'Classifier__SVC__gamma': 0.1, 'Classifier__SVC__kernel': 'poly', 'Scaler': MinMaxScaler(), 'Selector__max_features': 2}",0.12077294685990338,0.13526570048309178,0.05339805825242718,0.10314556853180744,0.035670913091232506,1245
1002,0.04705023765563965,0.004674296018055584,0.015259106953938803,0.0056294981050525605,0.01,poly,MinMaxScaler(),4,0.1,6.0,5.0,"{'Classifier__SVC__C': 0.01, 'Classifier__SVC__coef0': 6, 'Classifier__SVC__degree': 5, 'Classifier__SVC__gamma': 0.1, 'Classifier__SVC__kernel': 'poly', 'Scaler': MinMaxScaler(), 'Selector__max_features': 4}",0.12560386473429952,0.13526570048309178,0.16019417475728157,0.14035457999155762,0.014572689247590639,1090
1003,0.052970170974731445,0.004936453315990425,0.012536287307739258,0.0011745797385104453,0.01,poly,MinMaxScaler(),6,0.1,6.0,5.0,"{'Classifier__SVC__C': 0.01, 'Classifier__SVC__coef0': 6, 'Classifier__SVC__degree': 5, 'Classifier__SVC__gamma': 0.1, 'Classifier__SVC__kernel': 'poly', 'Scaler': MinMaxScaler(), 'Selector__max_features': 6}",0.1497584541062802,0.1642512077294686,0.16019417475728157,0.1580679455310101,0.006104676619204787,1044
1004,0.052503506342569985,0.004702367161074855,0.010879119237263998,0.0004981954730044331,0.01,poly,MinMaxScaler(),8,0.1,6.0,5.0,"{'Classifier__SVC__C': 0.01, 'Classifier__SVC__coef0': 6, 'Classifier__SVC__degree': 5, 'Classifier__SVC__gamma': 0.1, 'Classifier__SVC__kernel': 'poly', 'Scaler': MinMaxScaler(), 'Selector__max_features': 8}",0.178743961352657,0.21256038647342995,0.23786407766990292,0.2097228084986633,0.0242189447184545,110
1005,0.05492409070332845,0.003068430782051696,0.013263305028279623,0.001266768630478039,0.01,poly,MinMaxScaler(),10,0.1,6.0,5.0,"{'Classifier__SVC__C': 0.01, 'Classifier__SVC__coef0': 6, 'Classifier__SVC__degree': 5, 'Classifier__SVC__gamma': 0.1, 'Classifier__SVC__kernel': 'poly', 'Scaler': MinMaxScaler(), 'Selector__max_features': 10}",0.17391304347826086,0.2222222222222222,0.22330097087378642,0.2064787455247565,0.023031639643458016,131
1006,0.05953534444173177,0.012517573353446988,0.012144724527994791,0.001110672967093559,0.01,poly,MinMaxScaler(),12,0.1,6.0,5.0,"{'Classifier__SVC__C': 0.01, 'Classifier__SVC__coef0': 6, 'Classifier__SVC__degree': 5, 'Classifier__SVC__gamma': 0.1, 'Classifier__SVC__kernel': 'poly', 'Scaler': MinMaxScaler(), 'Selector__max_features': 12}",0.178743961352657,0.21739130434782608,0.1650485436893204,0.18706126979660118,0.022163398703751513,652
1007,0.05735476811726888,0.003347301042154126,0.012230793635050455,0.00027149427091187144,0.01,poly,MinMaxScaler(),14,0.1,6.0,5.0,"{'Classifier__SVC__C': 0.01, 'Classifier__SVC__coef0': 6, 'Classifier__SVC__degree': 5, 'Classifier__SVC__gamma': 0.1, 'Classifier__SVC__kernel': 'poly', 'Scaler': MinMaxScaler(), 'Selector__max_features': 14}",0.178743961352657,0.21739130434782608,0.1796116504854369,0.19191563872864,0.018017498442037233,507
1008,0.05043299992879232,0.004564833436824942,0.011257568995157877,0.0006076539027227853,0.01,poly,MinMaxScaler(),16,0.1,6.0,5.0,"{'Classifier__SVC__C': 0.01, 'Classifier__SVC__coef0': 6, 'Classifier__SVC__degree': 5, 'Classifier__SVC__gamma': 0.1, 'Classifier__SVC__kernel': 'poly', 'Scaler': MinMaxScaler(), 'Selector__max_features': 16}",0.22705314009661837,0.21739130434782608,0.19902912621359223,0.21449119021934557,0.011623090093937145,83
1009,0.05644432703653971,0.0015920678038167416,0.01136469841003418,0.0012453639690046656,0.01,poly,MinMaxScaler(),18,0.1,6.0,5.0,"{'Classifier__SVC__C': 0.01, 'Classifier__SVC__coef0': 6, 'Classifier__SVC__degree': 5, 'Classifier__SVC__gamma': 0.1, 'Classifier__SVC__kernel': 'poly', 'Scaler': MinMaxScaler(), 'Selector__max_features': 18}",0.23671497584541062,0.18357487922705315,0.20388349514563106,0.20805778340603162,0.021894230275162758,120
1010,0.055647055308024086,0.012593979188889711,0.012379964192708334,0.0012015149389336404,0.01,poly,MinMaxScaler(),20,0.1,6.0,5.0,"{'Classifier__SVC__C': 0.01, 'Classifier__SVC__coef0': 6, 'Classifier__SVC__degree': 5, 'Classifier__SVC__gamma': 0.1, 'Classifier__SVC__kernel': 'poly', 'Scaler': MinMaxScaler(), 'Selector__max_features': 20}",0.23671497584541062,0.2028985507246377,0.1941747572815534,0.21126276128386723,0.018346435849587263,103
1011,0.05965256690979004,0.006559031929508233,0.011767705281575521,0.0009949053393104674,0.01,poly,MinMaxScaler(),24,0.1,6.0,5.0,"{'Classifier__SVC__C': 0.01, 'Classifier__SVC__coef0': 6, 'Classifier__SVC__degree': 5, 'Classifier__SVC__gamma': 0.1, 'Classifier__SVC__kernel': 'poly', 'Scaler': MinMaxScaler(), 'Selector__max_features': 24}",0.23671497584541062,0.23671497584541062,0.22330097087378642,0.23224364085486923,0.006323422585537025,28
1012,0.05647873878479004,0.009077038441839469,0.013604879379272461,0.0016249909702048028,0.1,poly,MinMaxScaler(),2,0.0001,2.0,3.0,"{'Classifier__SVC__C': 0.1, 'Classifier__SVC__coef0': 2, 'Classifier__SVC__degree': 3, 'Classifier__SVC__gamma': 0.0001, 'Classifier__SVC__kernel': 'poly', 'Scaler': MinMaxScaler(), 'Selector__max_features': 2}",0.0821256038647343,0.17391304347826086,0.0825242718446602,0.11285430639588513,0.04317535380754912,1200
1013,0.0527803897857666,0.005602470832410258,0.011688232421875,0.0006746714170021751,0.1,poly,MinMaxScaler(),4,0.0001,2.0,3.0,"{'Classifier__SVC__C': 0.1, 'Classifier__SVC__coef0': 2, 'Classifier__SVC__degree': 3, 'Classifier__SVC__gamma': 0.0001, 'Classifier__SVC__kernel': 'poly', 'Scaler': MinMaxScaler(), 'Selector__max_features': 4}",0.07729468599033816,0.11594202898550725,0.0825242718446602,0.09192032894016854,0.01711955406064657,1256
1014,0.06069374084472656,0.012543671844231058,0.011852105458577475,0.00021601980526909825,0.1,poly,MinMaxScaler(),6,0.0001,2.0,3.0,"{'Classifier__SVC__C': 0.1, 'Classifier__SVC__coef0': 2, 'Classifier__SVC__degree': 3, 'Classifier__SVC__gamma': 0.0001, 'Classifier__SVC__kernel': 'poly', 'Scaler': MinMaxScaler(), 'Selector__max_features': 6}",0.06763285024154589,0.178743961352657,0.0825242718446602,0.10963369447962103,0.04924503595820337,1220
1015,0.0536351203918457,0.0033411968843754035,0.010762850443522135,0.00021999307761225962,0.1,poly,MinMaxScaler(),8,0.0001,2.0,3.0,"{'Classifier__SVC__C': 0.1, 'Classifier__SVC__coef0': 2, 'Classifier__SVC__degree': 3, 'Classifier__SVC__gamma': 0.0001, 'Classifier__SVC__kernel': 'poly', 'Scaler': MinMaxScaler(), 'Selector__max_features': 8}",0.07246376811594203,0.2222222222222222,0.0825242718446602,0.12573675406094148,0.06834904343902713,1169
1016,0.04826744397481283,0.0016709493085092558,0.011778990427652994,0.0009229774211726426,0.1,poly,MinMaxScaler(),10,0.0001,2.0,3.0,"{'Classifier__SVC__C': 0.1, 'Classifier__SVC__coef0': 2, 'Classifier__SVC__degree': 3, 'Classifier__SVC__gamma': 0.0001, 'Classifier__SVC__kernel': 'poly', 'Scaler': MinMaxScaler(), 'Selector__max_features': 10}",0.07246376811594203,0.23671497584541062,0.0825242718446602,0.1305676719353376,0.0751697679893184,1118
1017,0.05375337600708008,0.009126922377613953,0.012424627939860025,0.0014528772718885392,0.1,poly,MinMaxScaler(),12,0.0001,2.0,3.0,"{'Classifier__SVC__C': 0.1, 'Classifier__SVC__coef0': 2, 'Classifier__SVC__degree': 3, 'Classifier__SVC__gamma': 0.0001, 'Classifier__SVC__kernel': 'poly', 'Scaler': MinMaxScaler(), 'Selector__max_features': 12}",0.07246376811594203,0.24154589371980675,0.0825242718446602,0.13217797789346966,0.07744378259084223,1107
1018,0.05947772661844889,0.007099807003521427,0.012846708297729492,0.0013221949944883318,0.1,poly,MinMaxScaler(),14,0.0001,2.0,3.0,"{'Classifier__SVC__C': 0.1, 'Classifier__SVC__coef0': 2, 'Classifier__SVC__degree': 3, 'Classifier__SVC__gamma': 0.0001, 'Classifier__SVC__kernel': 'poly', 'Scaler': MinMaxScaler(), 'Selector__max_features': 14}",0.06763285024154589,0.24154589371980675,0.0825242718446602,0.1305676719353376,0.07870858865533689,1118
1019,0.05533925692240397,0.002751251964453587,0.01853664716084798,0.006319672076147757,0.1,poly,MinMaxScaler(),16,0.0001,2.0,3.0,"{'Classifier__SVC__C': 0.1, 'Classifier__SVC__coef0': 2, 'Classifier__SVC__degree': 3, 'Classifier__SVC__gamma': 0.0001, 'Classifier__SVC__kernel': 'poly', 'Scaler': MinMaxScaler(), 'Selector__max_features': 16}",0.06763285024154589,0.24154589371980675,0.0825242718446602,0.1305676719353376,0.07870858865533689,1118
1020,0.062100489934285484,0.01893994936682137,0.013912041982014975,0.0006491632051139792,0.1,poly,MinMaxScaler(),18,0.0001,2.0,3.0,"{'Classifier__SVC__C': 0.1, 'Classifier__SVC__coef0': 2, 'Classifier__SVC__degree': 3, 'Classifier__SVC__gamma': 0.0001, 'Classifier__SVC__kernel': 'poly', 'Scaler': MinMaxScaler(), 'Selector__max_features': 18}",0.06763285024154589,0.23671497584541062,0.0825242718446602,0.12895736597720558,0.07643827781385291,1158
1021,0.05501325925191244,0.010646560807303139,0.012549320856730143,0.0013635553303428867,0.1,poly,MinMaxScaler(),20,0.0001,2.0,3.0,"{'Classifier__SVC__C': 0.1, 'Classifier__SVC__coef0': 2, 'Classifier__SVC__degree': 3, 'Classifier__SVC__gamma': 0.0001, 'Classifier__SVC__kernel': 'poly', 'Scaler': MinMaxScaler(), 'Selector__max_features': 20}",0.06763285024154589,0.24154589371980675,0.0825242718446602,0.1305676719353376,0.07870858865533689,1118
1022,0.054324944814046226,0.0019239058417055272,0.011435190836588541,0.00036158462107688044,0.1,poly,MinMaxScaler(),24,0.0001,2.0,3.0,"{'Classifier__SVC__C': 0.1, 'Classifier__SVC__coef0': 2, 'Classifier__SVC__degree': 3, 'Classifier__SVC__gamma': 0.0001, 'Classifier__SVC__kernel': 'poly', 'Scaler': MinMaxScaler(), 'Selector__max_features': 24}",0.07729468599033816,0.21739130434782608,0.0825242718446602,0.12573675406094148,0.06484470979846249,1169
1023,0.0481569766998291,0.0008271404283524417,0.014116446177164713,0.001345001476305667,0.1,poly,MinMaxScaler(),2,0.001,2.0,3.0,"{'Classifier__SVC__C': 0.1, 'Classifier__SVC__coef0': 2, 'Classifier__SVC__degree': 3, 'Classifier__SVC__gamma': 0.001, 'Classifier__SVC__kernel': 'poly', 'Scaler': MinMaxScaler(), 'Selector__max_features': 2}",0.0821256038647343,0.17391304347826086,0.0825242718446602,0.11285430639588513,0.04317535380754912,1200
1024,0.05061912536621094,0.0007008749029994302,0.012618541717529297,0.0013508940179899642,0.1,poly,MinMaxScaler(),4,0.001,2.0,3.0,"{'Classifier__SVC__C': 0.1, 'Classifier__SVC__coef0': 2, 'Classifier__SVC__degree': 3, 'Classifier__SVC__gamma': 0.001, 'Classifier__SVC__kernel': 'poly', 'Scaler': MinMaxScaler(), 'Selector__max_features': 4}",0.07729468599033816,0.11594202898550725,0.0825242718446602,0.09192032894016854,0.01711955406064657,1256
1025,0.052441676457722984,0.006635661577066042,0.013408740361531576,0.0018014230720192293,0.1,poly,MinMaxScaler(),6,0.001,2.0,3.0,"{'Classifier__SVC__C': 0.1, 'Classifier__SVC__coef0': 2, 'Classifier__SVC__degree': 3, 'Classifier__SVC__gamma': 0.001, 'Classifier__SVC__kernel': 'poly', 'Scaler': MinMaxScaler(), 'Selector__max_features': 6}",0.06763285024154589,0.178743961352657,0.0825242718446602,0.10963369447962103,0.04924503595820337,1220
1026,0.048946539560953774,0.0061425892298362,0.011791149775187174,0.000778361683295622,0.1,poly,MinMaxScaler(),8,0.001,2.0,3.0,"{'Classifier__SVC__C': 0.1, 'Classifier__SVC__coef0': 2, 'Classifier__SVC__degree': 3, 'Classifier__SVC__gamma': 0.001, 'Classifier__SVC__kernel': 'poly', 'Scaler': MinMaxScaler(), 'Selector__max_features': 8}",0.07246376811594203,0.2222222222222222,0.0825242718446602,0.12573675406094148,0.06834904343902713,1169
1027,0.05201395352681478,0.0017946545199937053,0.01193563143412272,0.0007231222097077885,0.1,poly,MinMaxScaler(),10,0.001,2.0,3.0,"{'Classifier__SVC__C': 0.1, 'Classifier__SVC__coef0': 2, 'Classifier__SVC__degree': 3, 'Classifier__SVC__gamma': 0.001, 'Classifier__SVC__kernel': 'poly', 'Scaler': MinMaxScaler(), 'Selector__max_features': 10}",0.07246376811594203,0.23671497584541062,0.0825242718446602,0.1305676719353376,0.0751697679893184,1118
1028,0.05431214968363444,0.006350269842864502,0.012395779291788736,0.0013016749376951798,0.1,poly,MinMaxScaler(),12,0.001,2.0,3.0,"{'Classifier__SVC__C': 0.1, 'Classifier__SVC__coef0': 2, 'Classifier__SVC__degree': 3, 'Classifier__SVC__gamma': 0.001, 'Classifier__SVC__kernel': 'poly', 'Scaler': MinMaxScaler(), 'Selector__max_features': 12}",0.07246376811594203,0.24154589371980675,0.0825242718446602,0.13217797789346966,0.07744378259084223,1107
1029,0.05237579345703125,0.0023948026860065572,0.014714399973551432,0.0024202588101217793,0.1,poly,MinMaxScaler(),14,0.001,2.0,3.0,"{'Classifier__SVC__C': 0.1, 'Classifier__SVC__coef0': 2, 'Classifier__SVC__degree': 3, 'Classifier__SVC__gamma': 0.001, 'Classifier__SVC__kernel': 'poly', 'Scaler': MinMaxScaler(), 'Selector__max_features': 14}",0.06763285024154589,0.24154589371980675,0.0825242718446602,0.1305676719353376,0.07870858865533689,1118
1030,0.04916119575500488,0.003344431289846215,0.012623310089111328,0.00039338954771251945,0.1,poly,MinMaxScaler(),16,0.001,2.0,3.0,"{'Classifier__SVC__C': 0.1, 'Classifier__SVC__coef0': 2, 'Classifier__SVC__degree': 3, 'Classifier__SVC__gamma': 0.001, 'Classifier__SVC__kernel': 'poly', 'Scaler': MinMaxScaler(), 'Selector__max_features': 16}",0.06763285024154589,0.24154589371980675,0.0825242718446602,0.1305676719353376,0.07870858865533689,1118
1031,0.055027167002360024,0.0073310058816262345,0.012357473373413086,0.0010138206343075055,0.1,poly,MinMaxScaler(),18,0.001,2.0,3.0,"{'Classifier__SVC__C': 0.1, 'Classifier__SVC__coef0': 2, 'Classifier__SVC__degree': 3, 'Classifier__SVC__gamma': 0.001, 'Classifier__SVC__kernel': 'poly', 'Scaler': MinMaxScaler(), 'Selector__max_features': 18}",0.06763285024154589,0.23671497584541062,0.0825242718446602,0.12895736597720558,0.07643827781385291,1158
1032,0.04829978942871094,0.0016575007429769806,0.012230157852172852,0.001430770055924075,0.1,poly,MinMaxScaler(),20,0.001,2.0,3.0,"{'Classifier__SVC__C': 0.1, 'Classifier__SVC__coef0': 2, 'Classifier__SVC__degree': 3, 'Classifier__SVC__gamma': 0.001, 'Classifier__SVC__kernel': 'poly', 'Scaler': MinMaxScaler(), 'Selector__max_features': 20}",0.06763285024154589,0.24154589371980675,0.0825242718446602,0.1305676719353376,0.07870858865533689,1118
1033,0.05498607953389486,0.005718432216965084,0.01147619883219401,0.0009824441023539108,0.1,poly,MinMaxScaler(),24,0.001,2.0,3.0,"{'Classifier__SVC__C': 0.1, 'Classifier__SVC__coef0': 2, 'Classifier__SVC__degree': 3, 'Classifier__SVC__gamma': 0.001, 'Classifier__SVC__kernel': 'poly', 'Scaler': MinMaxScaler(), 'Selector__max_features': 24}",0.07729468599033816,0.21739130434782608,0.0825242718446602,0.12573675406094148,0.06484470979846249,1169
1034,0.05069287618001302,0.004186847414898145,0.012956380844116211,0.001722269553768316,0.1,poly,MinMaxScaler(),2,0.01,2.0,3.0,"{'Classifier__SVC__C': 0.1, 'Classifier__SVC__coef0': 2, 'Classifier__SVC__degree': 3, 'Classifier__SVC__gamma': 0.01, 'Classifier__SVC__kernel': 'poly', 'Scaler': MinMaxScaler(), 'Selector__max_features': 2}",0.0821256038647343,0.17391304347826086,0.0825242718446602,0.11285430639588513,0.04317535380754912,1200
1035,0.055939674377441406,0.005985469087735067,0.011335531870524088,0.000603418232898031,0.1,poly,MinMaxScaler(),4,0.01,2.0,3.0,"{'Classifier__SVC__C': 0.1, 'Classifier__SVC__coef0': 2, 'Classifier__SVC__degree': 3, 'Classifier__SVC__gamma': 0.01, 'Classifier__SVC__kernel': 'poly', 'Scaler': MinMaxScaler(), 'Selector__max_features': 4}",0.07729468599033816,0.11594202898550725,0.0825242718446602,0.09192032894016854,0.01711955406064657,1256
1036,0.05204089482625326,0.0041236230953542,0.01137232780456543,0.0008699910830398345,0.1,poly,MinMaxScaler(),6,0.01,2.0,3.0,"{'Classifier__SVC__C': 0.1, 'Classifier__SVC__coef0': 2, 'Classifier__SVC__degree': 3, 'Classifier__SVC__gamma': 0.01, 'Classifier__SVC__kernel': 'poly', 'Scaler': MinMaxScaler(), 'Selector__max_features': 6}",0.06763285024154589,0.17391304347826086,0.0825242718446602,0.10802338852148897,0.04698598076080612,1231
1037,0.05707192420959473,0.009498848306930652,0.011661132176717123,0.0010354790597502576,0.1,poly,MinMaxScaler(),8,0.01,2.0,3.0,"{'Classifier__SVC__C': 0.1, 'Classifier__SVC__coef0': 2, 'Classifier__SVC__degree': 3, 'Classifier__SVC__gamma': 0.01, 'Classifier__SVC__kernel': 'poly', 'Scaler': MinMaxScaler(), 'Selector__max_features': 8}",0.07246376811594203,0.2222222222222222,0.0825242718446602,0.12573675406094148,0.06834904343902713,1169
1038,0.061674038569132485,0.009646737533497008,0.013077179590861002,0.0008871457900074146,0.1,poly,MinMaxScaler(),10,0.01,2.0,3.0,"{'Classifier__SVC__C': 0.1, 'Classifier__SVC__coef0': 2, 'Classifier__SVC__degree': 3, 'Classifier__SVC__gamma': 0.01, 'Classifier__SVC__kernel': 'poly', 'Scaler': MinMaxScaler(), 'Selector__max_features': 10}",0.07246376811594203,0.23671497584541062,0.0825242718446602,0.1305676719353376,0.0751697679893184,1118
1039,0.05591766039530436,0.0041457744014493985,0.014170328776041666,0.0008964472276135846,0.1,poly,MinMaxScaler(),12,0.01,2.0,3.0,"{'Classifier__SVC__C': 0.1, 'Classifier__SVC__coef0': 2, 'Classifier__SVC__degree': 3, 'Classifier__SVC__gamma': 0.01, 'Classifier__SVC__kernel': 'poly', 'Scaler': MinMaxScaler(), 'Selector__max_features': 12}",0.07246376811594203,0.24154589371980675,0.0825242718446602,0.13217797789346966,0.07744378259084223,1107
1040,0.049402713775634766,0.0017381574206547109,0.012544473012288412,0.0003489028344334344,0.1,poly,MinMaxScaler(),14,0.01,2.0,3.0,"{'Classifier__SVC__C': 0.1, 'Classifier__SVC__coef0': 2, 'Classifier__SVC__degree': 3, 'Classifier__SVC__gamma': 0.01, 'Classifier__SVC__kernel': 'poly', 'Scaler': MinMaxScaler(), 'Selector__max_features': 14}",0.06763285024154589,0.24154589371980675,0.0825242718446602,0.1305676719353376,0.07870858865533689,1118
1041,0.05536150932312012,0.009593646222075609,0.01386586825052897,0.0008668989660276958,0.1,poly,MinMaxScaler(),16,0.01,2.0,3.0,"{'Classifier__SVC__C': 0.1, 'Classifier__SVC__coef0': 2, 'Classifier__SVC__degree': 3, 'Classifier__SVC__gamma': 0.01, 'Classifier__SVC__kernel': 'poly', 'Scaler': MinMaxScaler(), 'Selector__max_features': 16}",0.06763285024154589,0.24154589371980675,0.0825242718446602,0.1305676719353376,0.07870858865533689,1118
1042,0.05075208346048991,0.0032517969369836057,0.012247800827026367,0.0006304447567028807,0.1,poly,MinMaxScaler(),18,0.01,2.0,3.0,"{'Classifier__SVC__C': 0.1, 'Classifier__SVC__coef0': 2, 'Classifier__SVC__degree': 3, 'Classifier__SVC__gamma': 0.01, 'Classifier__SVC__kernel': 'poly', 'Scaler': MinMaxScaler(), 'Selector__max_features': 18}",0.06763285024154589,0.23671497584541062,0.0825242718446602,0.12895736597720558,0.07643827781385291,1158
1043,0.05296858151753744,0.0033912774142151165,0.01453415552775065,0.0018289508249666687,0.1,poly,MinMaxScaler(),20,0.01,2.0,3.0,"{'Classifier__SVC__C': 0.1, 'Classifier__SVC__coef0': 2, 'Classifier__SVC__degree': 3, 'Classifier__SVC__gamma': 0.01, 'Classifier__SVC__kernel': 'poly', 'Scaler': MinMaxScaler(), 'Selector__max_features': 20}",0.06763285024154589,0.23671497584541062,0.0825242718446602,0.12895736597720558,0.07643827781385291,1158
1044,0.05970295270284017,0.005700737651728085,0.01236271858215332,0.00020951364149669665,0.1,poly,MinMaxScaler(),24,0.01,2.0,3.0,"{'Classifier__SVC__C': 0.1, 'Classifier__SVC__coef0': 2, 'Classifier__SVC__degree': 3, 'Classifier__SVC__gamma': 0.01, 'Classifier__SVC__kernel': 'poly', 'Scaler': MinMaxScaler(), 'Selector__max_features': 24}",0.07729468599033816,0.2028985507246377,0.0825242718446602,0.12090583618654537,0.05801690023918752,1191
1045,0.048472086588541664,0.002973636209122056,0.011921008427937826,0.0008568243259059793,0.1,poly,MinMaxScaler(),2,0.1,2.0,3.0,"{'Classifier__SVC__C': 0.1, 'Classifier__SVC__coef0': 2, 'Classifier__SVC__degree': 3, 'Classifier__SVC__gamma': 0.1, 'Classifier__SVC__kernel': 'poly', 'Scaler': MinMaxScaler(), 'Selector__max_features': 2}",0.08695652173913043,0.1497584541062802,0.0825242718446602,0.10641308256335695,0.030703171773475386,1235
1046,0.05438001950581869,0.003398106538562172,0.012354691823323568,0.0015084872478786304,0.1,poly,MinMaxScaler(),4,0.1,2.0,3.0,"{'Classifier__SVC__C': 0.1, 'Classifier__SVC__coef0': 2, 'Classifier__SVC__degree': 3, 'Classifier__SVC__gamma': 0.1, 'Classifier__SVC__kernel': 'poly', 'Scaler': MinMaxScaler(), 'Selector__max_features': 4}",0.08695652173913043,0.1111111111111111,0.08737864077669903,0.09514875787564686,0.011288403687878737,1253
1047,0.05527941385904948,0.007078363165995797,0.013298590977986654,0.002155034762050459,0.1,poly,MinMaxScaler(),6,0.1,2.0,3.0,"{'Classifier__SVC__C': 0.1, 'Classifier__SVC__coef0': 2, 'Classifier__SVC__degree': 3, 'Classifier__SVC__gamma': 0.1, 'Classifier__SVC__kernel': 'poly', 'Scaler': MinMaxScaler(), 'Selector__max_features': 6}",0.09178743961352658,0.08695652173913043,0.05825242718446602,0.07899879617904101,0.014801876271193615,1275
1048,0.05477770169576009,0.006773011557537812,0.011592467625935873,0.0004281858881159523,0.1,poly,MinMaxScaler(),8,0.1,2.0,3.0,"{'Classifier__SVC__C': 0.1, 'Classifier__SVC__coef0': 2, 'Classifier__SVC__degree': 3, 'Classifier__SVC__gamma': 0.1, 'Classifier__SVC__kernel': 'poly', 'Scaler': MinMaxScaler(), 'Selector__max_features': 8}",0.1497584541062802,0.08695652173913043,0.1553398058252427,0.1306849272235511,0.031004493829229825,1117
1049,0.049660444259643555,0.003674558072075864,0.011503299077351889,0.00046628442322774085,0.1,poly,MinMaxScaler(),10,0.1,2.0,3.0,"{'Classifier__SVC__C': 0.1, 'Classifier__SVC__coef0': 2, 'Classifier__SVC__degree': 3, 'Classifier__SVC__gamma': 0.1, 'Classifier__SVC__kernel': 'poly', 'Scaler': MinMaxScaler(), 'Selector__max_features': 10}",0.1642512077294686,0.14492753623188406,0.11165048543689321,0.1402764097994153,0.02172454417232986,1092
1050,0.057789882024129234,0.0038706143085517107,0.012198686599731445,0.001481261316427544,0.1,poly,MinMaxScaler(),12,0.1,2.0,3.0,"{'Classifier__SVC__C': 0.1, 'Classifier__SVC__coef0': 2, 'Classifier__SVC__degree': 3, 'Classifier__SVC__gamma': 0.1, 'Classifier__SVC__kernel': 'poly', 'Scaler': MinMaxScaler(), 'Selector__max_features': 12}",0.17391304347826086,0.22705314009661837,0.1650485436893204,0.18867157575473323,0.02738008035202154,640
1051,0.054076592127482094,0.0057048617867659565,0.01281444231669108,0.0010491042828946247,0.1,poly,MinMaxScaler(),14,0.1,2.0,3.0,"{'Classifier__SVC__C': 0.1, 'Classifier__SVC__coef0': 2, 'Classifier__SVC__degree': 3, 'Classifier__SVC__gamma': 0.1, 'Classifier__SVC__kernel': 'poly', 'Scaler': MinMaxScaler(), 'Selector__max_features': 14}",0.178743961352657,0.178743961352657,0.1262135922330097,0.16123383831277457,0.02476305348182334,1036
1052,0.053737481435139976,0.006691639307230878,0.013130267461140951,0.0014539747101419494,0.1,poly,MinMaxScaler(),16,0.1,2.0,3.0,"{'Classifier__SVC__C': 0.1, 'Classifier__SVC__coef0': 2, 'Classifier__SVC__degree': 3, 'Classifier__SVC__gamma': 0.1, 'Classifier__SVC__kernel': 'poly', 'Scaler': MinMaxScaler(), 'Selector__max_features': 16}",0.16908212560386474,0.21256038647342995,0.1407766990291262,0.17413973703547367,0.029522974339997527,911
1053,0.062052647272745766,0.008023639818911006,0.013049999872843424,0.0004050093502569306,0.1,poly,MinMaxScaler(),18,0.1,2.0,3.0,"{'Classifier__SVC__C': 0.1, 'Classifier__SVC__coef0': 2, 'Classifier__SVC__degree': 3, 'Classifier__SVC__gamma': 0.1, 'Classifier__SVC__kernel': 'poly', 'Scaler': MinMaxScaler(), 'Selector__max_features': 18}",0.18357487922705315,0.2463768115942029,0.14563106796116504,0.1918609195941404,0.0415445147905007,512
1054,0.05685281753540039,0.0073166985754518354,0.01204665501912435,0.0013658697405113346,0.1,poly,MinMaxScaler(),20,0.1,2.0,3.0,"{'Classifier__SVC__C': 0.1, 'Classifier__SVC__coef0': 2, 'Classifier__SVC__degree': 3, 'Classifier__SVC__gamma': 0.1, 'Classifier__SVC__kernel': 'poly', 'Scaler': MinMaxScaler(), 'Selector__max_features': 20}",0.18840579710144928,0.23671497584541062,0.1650485436893204,0.19672310554539343,0.029842951030459988,315
1055,0.05231936772664388,0.004022881132996012,0.013767242431640625,0.0006798810296806008,0.1,poly,MinMaxScaler(),24,0.1,2.0,3.0,"{'Classifier__SVC__C': 0.1, 'Classifier__SVC__coef0': 2, 'Classifier__SVC__degree': 3, 'Classifier__SVC__gamma': 0.1, 'Classifier__SVC__kernel': 'poly', 'Scaler': MinMaxScaler(), 'Selector__max_features': 24}",0.15942028985507245,0.21256038647342995,0.23786407766990292,0.2032815846661351,0.032689744405229294,183
1056,0.05360205968221029,0.002150909349525963,0.01146546999613444,0.0008779355624335006,0.1,poly,MinMaxScaler(),2,0.0001,2.0,5.0,"{'Classifier__SVC__C': 0.1, 'Classifier__SVC__coef0': 2, 'Classifier__SVC__degree': 5, 'Classifier__SVC__gamma': 0.0001, 'Classifier__SVC__kernel': 'poly', 'Scaler': MinMaxScaler(), 'Selector__max_features': 2}",0.0821256038647343,0.17391304347826086,0.0825242718446602,0.11285430639588513,0.04317535380754912,1200
1057,0.049793402353922524,0.0041417522026215405,0.01184686024983724,0.0011406598717822007,0.1,poly,MinMaxScaler(),4,0.0001,2.0,5.0,"{'Classifier__SVC__C': 0.1, 'Classifier__SVC__coef0': 2, 'Classifier__SVC__degree': 5, 'Classifier__SVC__gamma': 0.0001, 'Classifier__SVC__kernel': 'poly', 'Scaler': MinMaxScaler(), 'Selector__max_features': 4}",0.07729468599033816,0.11594202898550725,0.0825242718446602,0.09192032894016854,0.01711955406064657,1256
1058,0.06268620491027832,0.007873439301636883,0.013174215952555338,0.0015468308613926056,0.1,poly,MinMaxScaler(),6,0.0001,2.0,5.0,"{'Classifier__SVC__C': 0.1, 'Classifier__SVC__coef0': 2, 'Classifier__SVC__degree': 5, 'Classifier__SVC__gamma': 0.0001, 'Classifier__SVC__kernel': 'poly', 'Scaler': MinMaxScaler(), 'Selector__max_features': 6}",0.06763285024154589,0.178743961352657,0.0825242718446602,0.10963369447962103,0.04924503595820337,1220
1059,0.05809243520100912,0.0077529278118289085,0.011878887812296549,0.0007640189325737014,0.1,poly,MinMaxScaler(),8,0.0001,2.0,5.0,"{'Classifier__SVC__C': 0.1, 'Classifier__SVC__coef0': 2, 'Classifier__SVC__degree': 5, 'Classifier__SVC__gamma': 0.0001, 'Classifier__SVC__kernel': 'poly', 'Scaler': MinMaxScaler(), 'Selector__max_features': 8}",0.07246376811594203,0.2222222222222222,0.0825242718446602,0.12573675406094148,0.06834904343902713,1169
1060,0.060174783070882164,0.003487384828126322,0.012719392776489258,0.00034205098503726003,0.1,poly,MinMaxScaler(),10,0.0001,2.0,5.0,"{'Classifier__SVC__C': 0.1, 'Classifier__SVC__coef0': 2, 'Classifier__SVC__degree': 5, 'Classifier__SVC__gamma': 0.0001, 'Classifier__SVC__kernel': 'poly', 'Scaler': MinMaxScaler(), 'Selector__max_features': 10}",0.07246376811594203,0.23671497584541062,0.0825242718446602,0.1305676719353376,0.0751697679893184,1118
1061,0.05458768208821615,0.0010892043880552193,0.012031793594360352,0.0008850022079635614,0.1,poly,MinMaxScaler(),12,0.0001,2.0,5.0,"{'Classifier__SVC__C': 0.1, 'Classifier__SVC__coef0': 2, 'Classifier__SVC__degree': 5, 'Classifier__SVC__gamma': 0.0001, 'Classifier__SVC__kernel': 'poly', 'Scaler': MinMaxScaler(), 'Selector__max_features': 12}",0.07246376811594203,0.24154589371980675,0.0825242718446602,0.13217797789346966,0.07744378259084223,1107
1062,0.05252575874328613,0.0040737220452239375,0.011512358983357748,0.0008743162729984868,0.1,poly,MinMaxScaler(),14,0.0001,2.0,5.0,"{'Classifier__SVC__C': 0.1, 'Classifier__SVC__coef0': 2, 'Classifier__SVC__degree': 5, 'Classifier__SVC__gamma': 0.0001, 'Classifier__SVC__kernel': 'poly', 'Scaler': MinMaxScaler(), 'Selector__max_features': 14}",0.06763285024154589,0.24154589371980675,0.0825242718446602,0.1305676719353376,0.07870858865533689,1118
1063,0.06139508883158366,0.007698395225427498,0.011729955673217773,0.0008563451291256214,0.1,poly,MinMaxScaler(),16,0.0001,2.0,5.0,"{'Classifier__SVC__C': 0.1, 'Classifier__SVC__coef0': 2, 'Classifier__SVC__degree': 5, 'Classifier__SVC__gamma': 0.0001, 'Classifier__SVC__kernel': 'poly', 'Scaler': MinMaxScaler(), 'Selector__max_features': 16}",0.06763285024154589,0.24154589371980675,0.0825242718446602,0.1305676719353376,0.07870858865533689,1118
1064,0.05911795298258463,0.00028562939378803405,0.01222070058186849,0.00032561823898179536,0.1,poly,MinMaxScaler(),18,0.0001,2.0,5.0,"{'Classifier__SVC__C': 0.1, 'Classifier__SVC__coef0': 2, 'Classifier__SVC__degree': 5, 'Classifier__SVC__gamma': 0.0001, 'Classifier__SVC__kernel': 'poly', 'Scaler': MinMaxScaler(), 'Selector__max_features': 18}",0.06763285024154589,0.23671497584541062,0.0825242718446602,0.12895736597720558,0.07643827781385291,1158
1065,0.05851189295450846,0.008034249728881396,0.012163956960042318,0.00072723386709788,0.1,poly,MinMaxScaler(),20,0.0001,2.0,5.0,"{'Classifier__SVC__C': 0.1, 'Classifier__SVC__coef0': 2, 'Classifier__SVC__degree': 5, 'Classifier__SVC__gamma': 0.0001, 'Classifier__SVC__kernel': 'poly', 'Scaler': MinMaxScaler(), 'Selector__max_features': 20}",0.06763285024154589,0.24154589371980675,0.0825242718446602,0.1305676719353376,0.07870858865533689,1118
1066,0.05530953407287598,0.0015838164812791349,0.014962037404378256,0.002734867816300797,0.1,poly,MinMaxScaler(),24,0.0001,2.0,5.0,"{'Classifier__SVC__C': 0.1, 'Classifier__SVC__coef0': 2, 'Classifier__SVC__degree': 5, 'Classifier__SVC__gamma': 0.0001, 'Classifier__SVC__kernel': 'poly', 'Scaler': MinMaxScaler(), 'Selector__max_features': 24}",0.07729468599033816,0.21739130434782608,0.0825242718446602,0.12573675406094148,0.06484470979846249,1169
1067,0.05396413803100586,0.011048244772913864,0.013269186019897461,0.0009482063057649129,0.1,poly,MinMaxScaler(),2,0.001,2.0,5.0,"{'Classifier__SVC__C': 0.1, 'Classifier__SVC__coef0': 2, 'Classifier__SVC__degree': 5, 'Classifier__SVC__gamma': 0.001, 'Classifier__SVC__kernel': 'poly', 'Scaler': MinMaxScaler(), 'Selector__max_features': 2}",0.0821256038647343,0.17391304347826086,0.0825242718446602,0.11285430639588513,0.04317535380754912,1200
1068,0.05463655789693197,0.0044884376166748185,0.012079079945882162,0.0008697503956203491,0.1,poly,MinMaxScaler(),4,0.001,2.0,5.0,"{'Classifier__SVC__C': 0.1, 'Classifier__SVC__coef0': 2, 'Classifier__SVC__degree': 5, 'Classifier__SVC__gamma': 0.001, 'Classifier__SVC__kernel': 'poly', 'Scaler': MinMaxScaler(), 'Selector__max_features': 4}",0.07729468599033816,0.11594202898550725,0.0825242718446602,0.09192032894016854,0.01711955406064657,1256
1069,0.05170114835103353,0.002039762248481509,0.013103485107421875,0.0030029244783988376,0.1,poly,MinMaxScaler(),6,0.001,2.0,5.0,"{'Classifier__SVC__C': 0.1, 'Classifier__SVC__coef0': 2, 'Classifier__SVC__degree': 5, 'Classifier__SVC__gamma': 0.001, 'Classifier__SVC__kernel': 'poly', 'Scaler': MinMaxScaler(), 'Selector__max_features': 6}",0.06763285024154589,0.178743961352657,0.0825242718446602,0.10963369447962103,0.04924503595820337,1220
1070,0.05056206385294596,0.0015004901051559785,0.011815150578816732,0.0024814227613247698,0.1,poly,MinMaxScaler(),8,0.001,2.0,5.0,"{'Classifier__SVC__C': 0.1, 'Classifier__SVC__coef0': 2, 'Classifier__SVC__degree': 5, 'Classifier__SVC__gamma': 0.001, 'Classifier__SVC__kernel': 'poly', 'Scaler': MinMaxScaler(), 'Selector__max_features': 8}",0.07246376811594203,0.2222222222222222,0.0825242718446602,0.12573675406094148,0.06834904343902713,1169
1071,0.05191922187805176,0.0041444362068194344,0.011644840240478516,0.0004814503359887182,0.1,poly,MinMaxScaler(),10,0.001,2.0,5.0,"{'Classifier__SVC__C': 0.1, 'Classifier__SVC__coef0': 2, 'Classifier__SVC__degree': 5, 'Classifier__SVC__gamma': 0.001, 'Classifier__SVC__kernel': 'poly', 'Scaler': MinMaxScaler(), 'Selector__max_features': 10}",0.07246376811594203,0.23671497584541062,0.0825242718446602,0.1305676719353376,0.0751697679893184,1118
1072,0.05772026379903158,0.0052339431636694335,0.011711915334065756,0.0006017652295046416,0.1,poly,MinMaxScaler(),12,0.001,2.0,5.0,"{'Classifier__SVC__C': 0.1, 'Classifier__SVC__coef0': 2, 'Classifier__SVC__degree': 5, 'Classifier__SVC__gamma': 0.001, 'Classifier__SVC__kernel': 'poly', 'Scaler': MinMaxScaler(), 'Selector__max_features': 12}",0.07246376811594203,0.24154589371980675,0.0825242718446602,0.13217797789346966,0.07744378259084223,1107
1073,0.05287814140319824,0.004545532269257793,0.013018608093261719,0.0008115489899278144,0.1,poly,MinMaxScaler(),14,0.001,2.0,5.0,"{'Classifier__SVC__C': 0.1, 'Classifier__SVC__coef0': 2, 'Classifier__SVC__degree': 5, 'Classifier__SVC__gamma': 0.001, 'Classifier__SVC__kernel': 'poly', 'Scaler': MinMaxScaler(), 'Selector__max_features': 14}",0.06763285024154589,0.24154589371980675,0.0825242718446602,0.1305676719353376,0.07870858865533689,1118
1074,0.07085506121317546,0.017063450000011,0.011023283004760742,0.00031489333343728284,0.1,poly,MinMaxScaler(),16,0.001,2.0,5.0,"{'Classifier__SVC__C': 0.1, 'Classifier__SVC__coef0': 2, 'Classifier__SVC__degree': 5, 'Classifier__SVC__gamma': 0.001, 'Classifier__SVC__kernel': 'poly', 'Scaler': MinMaxScaler(), 'Selector__max_features': 16}",0.06763285024154589,0.24154589371980675,0.0825242718446602,0.1305676719353376,0.07870858865533689,1118
1075,0.05750155448913574,0.013492565684554755,0.012981255849202475,0.0003341389296524188,0.1,poly,MinMaxScaler(),18,0.001,2.0,5.0,"{'Classifier__SVC__C': 0.1, 'Classifier__SVC__coef0': 2, 'Classifier__SVC__degree': 5, 'Classifier__SVC__gamma': 0.001, 'Classifier__SVC__kernel': 'poly', 'Scaler': MinMaxScaler(), 'Selector__max_features': 18}",0.06763285024154589,0.23671497584541062,0.0825242718446602,0.12895736597720558,0.07643827781385291,1158
1076,0.05199313163757324,0.0008891451317552056,0.012362321217854818,0.001164933644635128,0.1,poly,MinMaxScaler(),20,0.001,2.0,5.0,"{'Classifier__SVC__C': 0.1, 'Classifier__SVC__coef0': 2, 'Classifier__SVC__degree': 5, 'Classifier__SVC__gamma': 0.001, 'Classifier__SVC__kernel': 'poly', 'Scaler': MinMaxScaler(), 'Selector__max_features': 20}",0.06763285024154589,0.24154589371980675,0.0825242718446602,0.1305676719353376,0.07870858865533689,1118
1077,0.0658112366994222,0.009366498711222205,0.012830257415771484,0.0013421667695708696,0.1,poly,MinMaxScaler(),24,0.001,2.0,5.0,"{'Classifier__SVC__C': 0.1, 'Classifier__SVC__coef0': 2, 'Classifier__SVC__degree': 5, 'Classifier__SVC__gamma': 0.001, 'Classifier__SVC__kernel': 'poly', 'Scaler': MinMaxScaler(), 'Selector__max_features': 24}",0.07729468599033816,0.21739130434782608,0.0825242718446602,0.12573675406094148,0.06484470979846249,1169
1078,0.0669093132019043,0.0150301370216386,0.011775016784667969,0.00026453985540406946,0.1,poly,MinMaxScaler(),2,0.01,2.0,5.0,"{'Classifier__SVC__C': 0.1, 'Classifier__SVC__coef0': 2, 'Classifier__SVC__degree': 5, 'Classifier__SVC__gamma': 0.01, 'Classifier__SVC__kernel': 'poly', 'Scaler': MinMaxScaler(), 'Selector__max_features': 2}",0.0821256038647343,0.17391304347826086,0.0825242718446602,0.11285430639588513,0.04317535380754912,1200
1079,0.05886491139729818,0.008602395199191997,0.011977672576904297,0.0013271378268028633,0.1,poly,MinMaxScaler(),4,0.01,2.0,5.0,"{'Classifier__SVC__C': 0.1, 'Classifier__SVC__coef0': 2, 'Classifier__SVC__degree': 5, 'Classifier__SVC__gamma': 0.01, 'Classifier__SVC__kernel': 'poly', 'Scaler': MinMaxScaler(), 'Selector__max_features': 4}",0.07729468599033816,0.10144927536231885,0.0825242718446602,0.0870894110657724,0.01037597927951392,1271
1080,0.04800089200337728,0.0023240140185068338,0.01145609219868978,0.0009411446767661872,0.1,poly,MinMaxScaler(),6,0.01,2.0,5.0,"{'Classifier__SVC__C': 0.1, 'Classifier__SVC__coef0': 2, 'Classifier__SVC__degree': 5, 'Classifier__SVC__gamma': 0.01, 'Classifier__SVC__kernel': 'poly', 'Scaler': MinMaxScaler(), 'Selector__max_features': 6}",0.07246376811594203,0.15942028985507245,0.07281553398058252,0.10156653065053234,0.04090903751315076,1247
1081,0.05350287755330404,0.0033612080493764353,0.010934670766194662,0.00046070976790228604,0.1,poly,MinMaxScaler(),8,0.01,2.0,5.0,"{'Classifier__SVC__C': 0.1, 'Classifier__SVC__coef0': 2, 'Classifier__SVC__degree': 5, 'Classifier__SVC__gamma': 0.01, 'Classifier__SVC__kernel': 'poly', 'Scaler': MinMaxScaler(), 'Selector__max_features': 8}",0.11594202898550725,0.1497584541062802,0.05825242718446602,0.10798430342541783,0.03777858553749924,1233
1082,0.057352542877197266,0.0014036771631349997,0.011569817860921225,0.00036167767529561795,0.1,poly,MinMaxScaler(),10,0.01,2.0,5.0,"{'Classifier__SVC__C': 0.1, 'Classifier__SVC__coef0': 2, 'Classifier__SVC__degree': 5, 'Classifier__SVC__gamma': 0.01, 'Classifier__SVC__kernel': 'poly', 'Scaler': MinMaxScaler(), 'Selector__max_features': 10}",0.13526570048309178,0.10628019323671498,0.07281553398058252,0.10478714256679643,0.025517023393217195,1239
1083,0.05182186762491862,0.0007308207422197453,0.012001514434814453,0.0009186033226433913,0.1,poly,MinMaxScaler(),12,0.01,2.0,5.0,"{'Classifier__SVC__C': 0.1, 'Classifier__SVC__coef0': 2, 'Classifier__SVC__degree': 5, 'Classifier__SVC__gamma': 0.01, 'Classifier__SVC__kernel': 'poly', 'Scaler': MinMaxScaler(), 'Selector__max_features': 12}",0.15942028985507245,0.19806763285024154,0.10679611650485436,0.15476134640338945,0.03740678850655368,1053
1084,0.05259482065836588,0.0032548490014902894,0.011569976806640625,0.0002016437730205763,0.1,poly,MinMaxScaler(),14,0.01,2.0,5.0,"{'Classifier__SVC__C': 0.1, 'Classifier__SVC__coef0': 2, 'Classifier__SVC__degree': 5, 'Classifier__SVC__gamma': 0.01, 'Classifier__SVC__kernel': 'poly', 'Scaler': MinMaxScaler(), 'Selector__max_features': 14}",0.15942028985507245,0.15942028985507245,0.11650485436893204,0.14511514469302564,0.020230530299882456,1081
1085,0.04982614517211914,0.003500784375291578,0.012790203094482422,0.00270904872802525,0.1,poly,MinMaxScaler(),16,0.01,2.0,5.0,"{'Classifier__SVC__C': 0.1, 'Classifier__SVC__coef0': 2, 'Classifier__SVC__degree': 5, 'Classifier__SVC__gamma': 0.01, 'Classifier__SVC__kernel': 'poly', 'Scaler': MinMaxScaler(), 'Selector__max_features': 16}",0.1932367149758454,0.15942028985507245,0.13106796116504854,0.1612416553319888,0.025412943116284194,1035
1086,0.06333176294962566,0.011504247871802981,0.014001607894897461,0.0016255154337238371,0.1,poly,MinMaxScaler(),18,0.01,2.0,5.0,"{'Classifier__SVC__C': 0.1, 'Classifier__SVC__coef0': 2, 'Classifier__SVC__degree': 5, 'Classifier__SVC__gamma': 0.01, 'Classifier__SVC__kernel': 'poly', 'Scaler': MinMaxScaler(), 'Selector__max_features': 18}",0.1642512077294686,0.178743961352657,0.13106796116504854,0.1580210434157247,0.01995597586362535,1046
1087,0.05894335110982259,0.005711568094998183,0.011065403620402018,0.0006175714482276882,0.1,poly,MinMaxScaler(),20,0.01,2.0,5.0,"{'Classifier__SVC__C': 0.1, 'Classifier__SVC__coef0': 2, 'Classifier__SVC__degree': 5, 'Classifier__SVC__gamma': 0.01, 'Classifier__SVC__kernel': 'poly', 'Scaler': MinMaxScaler(), 'Selector__max_features': 20}",0.18840579710144928,0.2028985507246377,0.11650485436893204,0.16926973406500634,0.037776618640825134,1004
1088,0.05738949775695801,0.0031533341138662257,0.013231436411539713,0.0009572291942540936,0.1,poly,MinMaxScaler(),24,0.01,2.0,5.0,"{'Classifier__SVC__C': 0.1, 'Classifier__SVC__coef0': 2, 'Classifier__SVC__degree': 5, 'Classifier__SVC__gamma': 0.01, 'Classifier__SVC__kernel': 'poly', 'Scaler': MinMaxScaler(), 'Selector__max_features': 24}",0.18357487922705315,0.18357487922705315,0.18932038834951456,0.18549004893454027,0.002708458974574423,720
1089,0.050255934397379555,0.002173012557559538,0.010927915573120117,0.0006493816019926082,0.1,poly,MinMaxScaler(),2,0.1,2.0,5.0,"{'Classifier__SVC__C': 0.1, 'Classifier__SVC__coef0': 2, 'Classifier__SVC__degree': 5, 'Classifier__SVC__gamma': 0.1, 'Classifier__SVC__kernel': 'poly', 'Scaler': MinMaxScaler(), 'Selector__max_features': 2}",0.1111111111111111,0.08695652173913043,0.06310679611650485,0.08705814298891545,0.01959781126697827,1272
1090,0.05745228131612142,0.006667045680341311,0.011820793151855469,0.0002469607574658936,0.1,poly,MinMaxScaler(),4,0.1,2.0,5.0,"{'Classifier__SVC__C': 0.1, 'Classifier__SVC__coef0': 2, 'Classifier__SVC__degree': 5, 'Classifier__SVC__gamma': 0.1, 'Classifier__SVC__kernel': 'poly', 'Scaler': MinMaxScaler(), 'Selector__max_features': 4}",0.1497584541062802,0.2222222222222222,0.1650485436893204,0.17900974000594094,0.031186916854493842,850
1091,0.05051922798156738,0.0011499080242368398,0.010829846064249674,0.00017166902972458756,0.1,poly,MinMaxScaler(),6,0.1,2.0,5.0,"{'Classifier__SVC__C': 0.1, 'Classifier__SVC__coef0': 2, 'Classifier__SVC__degree': 5, 'Classifier__SVC__gamma': 0.1, 'Classifier__SVC__kernel': 'poly', 'Scaler': MinMaxScaler(), 'Selector__max_features': 6}",0.10628019323671498,0.1642512077294686,0.1796116504854369,0.15004768381720682,0.03157721461433784,1067
1092,0.05001648267110189,0.0029128862948263516,0.011518319447835287,0.00034596336836949286,0.1,poly,MinMaxScaler(),8,0.1,2.0,5.0,"{'Classifier__SVC__C': 0.1, 'Classifier__SVC__coef0': 2, 'Classifier__SVC__degree': 5, 'Classifier__SVC__gamma': 0.1, 'Classifier__SVC__kernel': 'poly', 'Scaler': MinMaxScaler(), 'Selector__max_features': 8}",0.1111111111111111,0.18357487922705315,0.22815533980582525,0.17428044338132984,0.04823296086669942,904
1093,0.05394164721171061,0.00038470723951100107,0.011743942896525065,0.0005643086007132592,0.1,poly,MinMaxScaler(),10,0.1,2.0,5.0,"{'Classifier__SVC__C': 0.1, 'Classifier__SVC__coef0': 2, 'Classifier__SVC__degree': 5, 'Classifier__SVC__gamma': 0.1, 'Classifier__SVC__kernel': 'poly', 'Scaler': MinMaxScaler(), 'Selector__max_features': 10}",0.13526570048309178,0.2560386473429952,0.22815533980582525,0.20648656254397077,0.051631244444452176,130
1094,0.04814227422078451,0.0011764133746498678,0.011733373006184896,0.0004682906006664364,0.1,poly,MinMaxScaler(),12,0.1,2.0,5.0,"{'Classifier__SVC__C': 0.1, 'Classifier__SVC__coef0': 2, 'Classifier__SVC__degree': 5, 'Classifier__SVC__gamma': 0.1, 'Classifier__SVC__kernel': 'poly', 'Scaler': MinMaxScaler(), 'Selector__max_features': 12}",0.15942028985507245,0.20772946859903382,0.1796116504854369,0.18225380297984772,0.01981043353188404,797
1095,0.050217390060424805,0.0035686913271955993,0.011414368947347006,0.0004843019992815449,0.1,poly,MinMaxScaler(),14,0.1,2.0,5.0,"{'Classifier__SVC__C': 0.1, 'Classifier__SVC__coef0': 2, 'Classifier__SVC__degree': 5, 'Classifier__SVC__gamma': 0.1, 'Classifier__SVC__kernel': 'poly', 'Scaler': MinMaxScaler(), 'Selector__max_features': 14}",0.14492753623188406,0.25120772946859904,0.20388349514563106,0.2000062536153714,0.04347523908327089,218
1096,0.04815014203389486,0.00288077352217836,0.011516729990641275,0.0007149513532974774,0.1,poly,MinMaxScaler(),16,0.1,2.0,5.0,"{'Classifier__SVC__C': 0.1, 'Classifier__SVC__coef0': 2, 'Classifier__SVC__degree': 5, 'Classifier__SVC__gamma': 0.1, 'Classifier__SVC__kernel': 'poly', 'Scaler': MinMaxScaler(), 'Selector__max_features': 16}",0.16908212560386474,0.2222222222222222,0.20388349514563106,0.19839594765723934,0.02203863804367393,260
1097,0.05274717013041178,0.0041214504344747275,0.013983408610026041,0.0026099603145966956,0.1,poly,MinMaxScaler(),18,0.1,2.0,5.0,"{'Classifier__SVC__C': 0.1, 'Classifier__SVC__coef0': 2, 'Classifier__SVC__degree': 5, 'Classifier__SVC__gamma': 0.1, 'Classifier__SVC__kernel': 'poly', 'Scaler': MinMaxScaler(), 'Selector__max_features': 18}",0.18840579710144928,0.2318840579710145,0.23300970873786409,0.2177665212701093,0.02076625251368719,67
1098,0.048090457916259766,0.0012816032914998666,0.014577229817708334,0.0008287715214954658,0.1,poly,MinMaxScaler(),20,0.1,2.0,5.0,"{'Classifier__SVC__C': 0.1, 'Classifier__SVC__coef0': 2, 'Classifier__SVC__degree': 5, 'Classifier__SVC__gamma': 0.1, 'Classifier__SVC__kernel': 'poly', 'Scaler': MinMaxScaler(), 'Selector__max_features': 20}",0.19806763285024154,0.2222222222222222,0.22815533980582525,0.216148398292763,0.013012456347818517,74
1099,0.05361469586690267,0.0013971172681970549,0.012633482615152994,0.0020348495419254273,0.1,poly,MinMaxScaler(),24,0.1,2.0,5.0,"{'Classifier__SVC__C': 0.1, 'Classifier__SVC__coef0': 2, 'Classifier__SVC__degree': 5, 'Classifier__SVC__gamma': 0.1, 'Classifier__SVC__kernel': 'poly', 'Scaler': MinMaxScaler(), 'Selector__max_features': 24}",0.19806763285024154,0.20772946859903382,0.21359223300970873,0.20646311148632804,0.0064008357673305755,134
1100,0.05019497871398926,0.0024120044289264253,0.01564900080362956,0.0023019944057839667,0.1,poly,MinMaxScaler(),2,0.0001,4.0,3.0,"{'Classifier__SVC__C': 0.1, 'Classifier__SVC__coef0': 4, 'Classifier__SVC__degree': 3, 'Classifier__SVC__gamma': 0.0001, 'Classifier__SVC__kernel': 'poly', 'Scaler': MinMaxScaler(), 'Selector__max_features': 2}",0.0821256038647343,0.17391304347826086,0.0825242718446602,0.11285430639588513,0.04317535380754912,1200
1101,0.05049633979797363,0.004984796495386439,0.01414028803507487,0.0033497193316851127,0.1,poly,MinMaxScaler(),4,0.0001,4.0,3.0,"{'Classifier__SVC__C': 0.1, 'Classifier__SVC__coef0': 4, 'Classifier__SVC__degree': 3, 'Classifier__SVC__gamma': 0.0001, 'Classifier__SVC__kernel': 'poly', 'Scaler': MinMaxScaler(), 'Selector__max_features': 4}",0.07729468599033816,0.11594202898550725,0.0825242718446602,0.09192032894016854,0.01711955406064657,1256
1102,0.057173728942871094,0.003131588063845923,0.011576414108276367,0.00041005652937398703,0.1,poly,MinMaxScaler(),6,0.0001,4.0,3.0,"{'Classifier__SVC__C': 0.1, 'Classifier__SVC__coef0': 4, 'Classifier__SVC__degree': 3, 'Classifier__SVC__gamma': 0.0001, 'Classifier__SVC__kernel': 'poly', 'Scaler': MinMaxScaler(), 'Selector__max_features': 6}",0.06763285024154589,0.178743961352657,0.0825242718446602,0.10963369447962103,0.04924503595820337,1220
1103,0.04991992314656576,0.003278144246921761,0.012477397918701172,0.0011815991586356842,0.1,poly,MinMaxScaler(),8,0.0001,4.0,3.0,"{'Classifier__SVC__C': 0.1, 'Classifier__SVC__coef0': 4, 'Classifier__SVC__degree': 3, 'Classifier__SVC__gamma': 0.0001, 'Classifier__SVC__kernel': 'poly', 'Scaler': MinMaxScaler(), 'Selector__max_features': 8}",0.07246376811594203,0.2222222222222222,0.0825242718446602,0.12573675406094148,0.06834904343902713,1169
1104,0.054288228352864586,0.003909950043062097,0.011568069458007812,0.001141546181533919,0.1,poly,MinMaxScaler(),10,0.0001,4.0,3.0,"{'Classifier__SVC__C': 0.1, 'Classifier__SVC__coef0': 4, 'Classifier__SVC__degree': 3, 'Classifier__SVC__gamma': 0.0001, 'Classifier__SVC__kernel': 'poly', 'Scaler': MinMaxScaler(), 'Selector__max_features': 10}",0.07246376811594203,0.23671497584541062,0.0825242718446602,0.1305676719353376,0.0751697679893184,1118
1105,0.05262470245361328,0.0028651661873371264,0.012370983759562174,0.0012185703388561716,0.1,poly,MinMaxScaler(),12,0.0001,4.0,3.0,"{'Classifier__SVC__C': 0.1, 'Classifier__SVC__coef0': 4, 'Classifier__SVC__degree': 3, 'Classifier__SVC__gamma': 0.0001, 'Classifier__SVC__kernel': 'poly', 'Scaler': MinMaxScaler(), 'Selector__max_features': 12}",0.07246376811594203,0.24154589371980675,0.0825242718446602,0.13217797789346966,0.07744378259084223,1107
1106,0.05323521296183268,0.0042898102110552035,0.01524194081624349,0.0023637815396743487,0.1,poly,MinMaxScaler(),14,0.0001,4.0,3.0,"{'Classifier__SVC__C': 0.1, 'Classifier__SVC__coef0': 4, 'Classifier__SVC__degree': 3, 'Classifier__SVC__gamma': 0.0001, 'Classifier__SVC__kernel': 'poly', 'Scaler': MinMaxScaler(), 'Selector__max_features': 14}",0.06763285024154589,0.24154589371980675,0.0825242718446602,0.1305676719353376,0.07870858865533689,1118
1107,0.05090641975402832,0.0016266299716978844,0.013187090555826822,0.0010023438493083723,0.1,poly,MinMaxScaler(),16,0.0001,4.0,3.0,"{'Classifier__SVC__C': 0.1, 'Classifier__SVC__coef0': 4, 'Classifier__SVC__degree': 3, 'Classifier__SVC__gamma': 0.0001, 'Classifier__SVC__kernel': 'poly', 'Scaler': MinMaxScaler(), 'Selector__max_features': 16}",0.06763285024154589,0.24154589371980675,0.0825242718446602,0.1305676719353376,0.07870858865533689,1118
1108,0.06373763084411621,0.009673421542073284,0.012147903442382812,0.000675437295834642,0.1,poly,MinMaxScaler(),18,0.0001,4.0,3.0,"{'Classifier__SVC__C': 0.1, 'Classifier__SVC__coef0': 4, 'Classifier__SVC__degree': 3, 'Classifier__SVC__gamma': 0.0001, 'Classifier__SVC__kernel': 'poly', 'Scaler': MinMaxScaler(), 'Selector__max_features': 18}",0.06763285024154589,0.23671497584541062,0.0825242718446602,0.12895736597720558,0.07643827781385291,1158
1109,0.05573590596516927,0.005978523164395667,0.012044270833333334,1.7843028697616242e-05,0.1,poly,MinMaxScaler(),20,0.0001,4.0,3.0,"{'Classifier__SVC__C': 0.1, 'Classifier__SVC__coef0': 4, 'Classifier__SVC__degree': 3, 'Classifier__SVC__gamma': 0.0001, 'Classifier__SVC__kernel': 'poly', 'Scaler': MinMaxScaler(), 'Selector__max_features': 20}",0.06763285024154589,0.24154589371980675,0.0825242718446602,0.1305676719353376,0.07870858865533689,1118
1110,0.05175987879435221,0.0007192858521015222,0.013761202494303385,0.0021856366984004984,0.1,poly,MinMaxScaler(),24,0.0001,4.0,3.0,"{'Classifier__SVC__C': 0.1, 'Classifier__SVC__coef0': 4, 'Classifier__SVC__degree': 3, 'Classifier__SVC__gamma': 0.0001, 'Classifier__SVC__kernel': 'poly', 'Scaler': MinMaxScaler(), 'Selector__max_features': 24}",0.07729468599033816,0.21739130434782608,0.0825242718446602,0.12573675406094148,0.06484470979846249,1169
1111,0.05773536364237467,0.0009549461533321296,0.011411348978678385,0.0010589450470270087,0.1,poly,MinMaxScaler(),2,0.001,4.0,3.0,"{'Classifier__SVC__C': 0.1, 'Classifier__SVC__coef0': 4, 'Classifier__SVC__degree': 3, 'Classifier__SVC__gamma': 0.001, 'Classifier__SVC__kernel': 'poly', 'Scaler': MinMaxScaler(), 'Selector__max_features': 2}",0.0821256038647343,0.17391304347826086,0.0825242718446602,0.11285430639588513,0.04317535380754912,1200
1112,0.056700706481933594,0.007459307617810788,0.011395454406738281,0.00037308117320804647,0.1,poly,MinMaxScaler(),4,0.001,4.0,3.0,"{'Classifier__SVC__C': 0.1, 'Classifier__SVC__coef0': 4, 'Classifier__SVC__degree': 3, 'Classifier__SVC__gamma': 0.001, 'Classifier__SVC__kernel': 'poly', 'Scaler': MinMaxScaler(), 'Selector__max_features': 4}",0.07729468599033816,0.11594202898550725,0.0825242718446602,0.09192032894016854,0.01711955406064657,1256
1113,0.0475001335144043,0.00255328994660967,0.013199249903361002,0.002618043534140212,0.1,poly,MinMaxScaler(),6,0.001,4.0,3.0,"{'Classifier__SVC__C': 0.1, 'Classifier__SVC__coef0': 4, 'Classifier__SVC__degree': 3, 'Classifier__SVC__gamma': 0.001, 'Classifier__SVC__kernel': 'poly', 'Scaler': MinMaxScaler(), 'Selector__max_features': 6}",0.06763285024154589,0.178743961352657,0.0825242718446602,0.10963369447962103,0.04924503595820337,1220
1114,0.04882653554280599,0.004433725900682112,0.012572685877482096,0.0002897490004583328,0.1,poly,MinMaxScaler(),8,0.001,4.0,3.0,"{'Classifier__SVC__C': 0.1, 'Classifier__SVC__coef0': 4, 'Classifier__SVC__degree': 3, 'Classifier__SVC__gamma': 0.001, 'Classifier__SVC__kernel': 'poly', 'Scaler': MinMaxScaler(), 'Selector__max_features': 8}",0.07246376811594203,0.2222222222222222,0.0825242718446602,0.12573675406094148,0.06834904343902713,1169
1115,0.05590558052062988,0.0054348604304036985,0.012068510055541992,0.0006264486465494306,0.1,poly,MinMaxScaler(),10,0.001,4.0,3.0,"{'Classifier__SVC__C': 0.1, 'Classifier__SVC__coef0': 4, 'Classifier__SVC__degree': 3, 'Classifier__SVC__gamma': 0.001, 'Classifier__SVC__kernel': 'poly', 'Scaler': MinMaxScaler(), 'Selector__max_features': 10}",0.07246376811594203,0.23671497584541062,0.0825242718446602,0.1305676719353376,0.0751697679893184,1118
1116,0.054044246673583984,0.005586238323196906,0.014046827952067057,0.0017209584648765052,0.1,poly,MinMaxScaler(),12,0.001,4.0,3.0,"{'Classifier__SVC__C': 0.1, 'Classifier__SVC__coef0': 4, 'Classifier__SVC__degree': 3, 'Classifier__SVC__gamma': 0.001, 'Classifier__SVC__kernel': 'poly', 'Scaler': MinMaxScaler(), 'Selector__max_features': 12}",0.07246376811594203,0.24154589371980675,0.0825242718446602,0.13217797789346966,0.07744378259084223,1107
1117,0.05765779813130697,0.005612047491487148,0.013844013214111328,0.0016457004490479986,0.1,poly,MinMaxScaler(),14,0.001,4.0,3.0,"{'Classifier__SVC__C': 0.1, 'Classifier__SVC__coef0': 4, 'Classifier__SVC__degree': 3, 'Classifier__SVC__gamma': 0.001, 'Classifier__SVC__kernel': 'poly', 'Scaler': MinMaxScaler(), 'Selector__max_features': 14}",0.06763285024154589,0.24154589371980675,0.0825242718446602,0.1305676719353376,0.07870858865533689,1118
1118,0.048639376958211265,0.0018459510752693834,0.013143777847290039,0.000982242648147793,0.1,poly,MinMaxScaler(),16,0.001,4.0,3.0,"{'Classifier__SVC__C': 0.1, 'Classifier__SVC__coef0': 4, 'Classifier__SVC__degree': 3, 'Classifier__SVC__gamma': 0.001, 'Classifier__SVC__kernel': 'poly', 'Scaler': MinMaxScaler(), 'Selector__max_features': 16}",0.06763285024154589,0.24154589371980675,0.0825242718446602,0.1305676719353376,0.07870858865533689,1118
1119,0.0628966490427653,0.0063079713373205264,0.01255639394124349,0.0002598334003937974,0.1,poly,MinMaxScaler(),18,0.001,4.0,3.0,"{'Classifier__SVC__C': 0.1, 'Classifier__SVC__coef0': 4, 'Classifier__SVC__degree': 3, 'Classifier__SVC__gamma': 0.001, 'Classifier__SVC__kernel': 'poly', 'Scaler': MinMaxScaler(), 'Selector__max_features': 18}",0.06763285024154589,0.23671497584541062,0.0825242718446602,0.12895736597720558,0.07643827781385291,1158
1120,0.06548786163330078,0.007278188832170725,0.013270139694213867,0.0011236734323959966,0.1,poly,MinMaxScaler(),20,0.001,4.0,3.0,"{'Classifier__SVC__C': 0.1, 'Classifier__SVC__coef0': 4, 'Classifier__SVC__degree': 3, 'Classifier__SVC__gamma': 0.001, 'Classifier__SVC__kernel': 'poly', 'Scaler': MinMaxScaler(), 'Selector__max_features': 20}",0.06763285024154589,0.24154589371980675,0.0825242718446602,0.1305676719353376,0.07870858865533689,1118
1121,0.05373430252075195,0.004022140244728435,0.01185282071431478,0.001773147684436211,0.1,poly,MinMaxScaler(),24,0.001,4.0,3.0,"{'Classifier__SVC__C': 0.1, 'Classifier__SVC__coef0': 4, 'Classifier__SVC__degree': 3, 'Classifier__SVC__gamma': 0.001, 'Classifier__SVC__kernel': 'poly', 'Scaler': MinMaxScaler(), 'Selector__max_features': 24}",0.07729468599033816,0.21739130434782608,0.0825242718446602,0.12573675406094148,0.06484470979846249,1169
1122,0.061844825744628906,0.018022923160396744,0.01215513547261556,0.0009885707442899238,0.1,poly,MinMaxScaler(),2,0.01,4.0,3.0,"{'Classifier__SVC__C': 0.1, 'Classifier__SVC__coef0': 4, 'Classifier__SVC__degree': 3, 'Classifier__SVC__gamma': 0.01, 'Classifier__SVC__kernel': 'poly', 'Scaler': MinMaxScaler(), 'Selector__max_features': 2}",0.0821256038647343,0.17391304347826086,0.0825242718446602,0.11285430639588513,0.04317535380754912,1200
1123,0.05433495839436849,0.0041942543775859735,0.012008349100748697,0.0008678621713988391,0.1,poly,MinMaxScaler(),4,0.01,4.0,3.0,"{'Classifier__SVC__C': 0.1, 'Classifier__SVC__coef0': 4, 'Classifier__SVC__degree': 3, 'Classifier__SVC__gamma': 0.01, 'Classifier__SVC__kernel': 'poly', 'Scaler': MinMaxScaler(), 'Selector__max_features': 4}",0.07729468599033816,0.11594202898550725,0.0825242718446602,0.09192032894016854,0.01711955406064657,1256
1124,0.04775214195251465,0.0030248325397638862,0.011554797490437826,0.0006076626335934708,0.1,poly,MinMaxScaler(),6,0.01,4.0,3.0,"{'Classifier__SVC__C': 0.1, 'Classifier__SVC__coef0': 4, 'Classifier__SVC__degree': 3, 'Classifier__SVC__gamma': 0.01, 'Classifier__SVC__kernel': 'poly', 'Scaler': MinMaxScaler(), 'Selector__max_features': 6}",0.06763285024154589,0.15942028985507245,0.0825242718446602,0.10319247064709285,0.0402211747632542,1243
1125,0.05785783131917318,0.005543032763375934,0.011492411295572916,0.00044378360732952885,0.1,poly,MinMaxScaler(),8,0.01,4.0,3.0,"{'Classifier__SVC__C': 0.1, 'Classifier__SVC__coef0': 4, 'Classifier__SVC__degree': 3, 'Classifier__SVC__gamma': 0.01, 'Classifier__SVC__kernel': 'poly', 'Scaler': MinMaxScaler(), 'Selector__max_features': 8}",0.07246376811594203,0.20772946859903382,0.0825242718446602,0.12090583618654537,0.06153080958778877,1191
1126,0.0574030876159668,0.0063192982902271905,0.011576493581136068,0.00041956008603886774,0.1,poly,MinMaxScaler(),10,0.01,4.0,3.0,"{'Classifier__SVC__C': 0.1, 'Classifier__SVC__coef0': 4, 'Classifier__SVC__degree': 3, 'Classifier__SVC__gamma': 0.01, 'Classifier__SVC__kernel': 'poly', 'Scaler': MinMaxScaler(), 'Selector__max_features': 10}",0.07246376811594203,0.21739130434782608,0.07281553398058252,0.1208902021481169,0.06823673487267164,1196
1127,0.05476880073547363,0.0031122841206797963,0.012314240137736002,0.0018576001900641574,0.1,poly,MinMaxScaler(),12,0.01,4.0,3.0,"{'Classifier__SVC__C': 0.1, 'Classifier__SVC__coef0': 4, 'Classifier__SVC__degree': 3, 'Classifier__SVC__gamma': 0.01, 'Classifier__SVC__kernel': 'poly', 'Scaler': MinMaxScaler(), 'Selector__max_features': 12}",0.07246376811594203,0.2222222222222222,0.07281553398058252,0.1225005081062489,0.0705140465178242,1188
1128,0.06414381663004558,0.013431224087217173,0.013141552607218424,0.000470173742955638,0.1,poly,MinMaxScaler(),14,0.01,4.0,3.0,"{'Classifier__SVC__C': 0.1, 'Classifier__SVC__coef0': 4, 'Classifier__SVC__degree': 3, 'Classifier__SVC__gamma': 0.01, 'Classifier__SVC__kernel': 'poly', 'Scaler': MinMaxScaler(), 'Selector__max_features': 14}",0.06763285024154589,0.18357487922705315,0.06796116504854369,0.10638963150571423,0.05457837665233649,1237
1129,0.051940361658732094,0.0021356778243639594,0.011812369028727213,0.0012928358538656342,0.1,poly,MinMaxScaler(),16,0.01,4.0,3.0,"{'Classifier__SVC__C': 0.1, 'Classifier__SVC__coef0': 4, 'Classifier__SVC__degree': 3, 'Classifier__SVC__gamma': 0.01, 'Classifier__SVC__kernel': 'poly', 'Scaler': MinMaxScaler(), 'Selector__max_features': 16}",0.0821256038647343,0.18357487922705315,0.08737864077669903,0.1176930412894955,0.046634829807220085,1197
1130,0.05304137865702311,0.004519010529857116,0.017294963200887043,0.005435523539527196,0.1,poly,MinMaxScaler(),18,0.01,4.0,3.0,"{'Classifier__SVC__C': 0.1, 'Classifier__SVC__coef0': 4, 'Classifier__SVC__degree': 3, 'Classifier__SVC__gamma': 0.01, 'Classifier__SVC__kernel': 'poly', 'Scaler': MinMaxScaler(), 'Selector__max_features': 18}",0.18840579710144928,0.15942028985507245,0.06796116504854369,0.13859575066835514,0.051328831546180724,1104
1131,0.06191102663675944,0.012229285991312492,0.012476364771525065,0.001368468927273631,0.1,poly,MinMaxScaler(),20,0.01,4.0,3.0,"{'Classifier__SVC__C': 0.1, 'Classifier__SVC__coef0': 4, 'Classifier__SVC__degree': 3, 'Classifier__SVC__gamma': 0.01, 'Classifier__SVC__kernel': 'poly', 'Scaler': MinMaxScaler(), 'Selector__max_features': 20}",0.18357487922705315,0.1642512077294686,0.07766990291262135,0.14183199662304768,0.04605020283716305,1089
1132,0.050641934076944985,0.0015000983792591055,0.01180124282836914,0.000410603772738211,0.1,poly,MinMaxScaler(),24,0.01,4.0,3.0,"{'Classifier__SVC__C': 0.1, 'Classifier__SVC__coef0': 4, 'Classifier__SVC__degree': 3, 'Classifier__SVC__gamma': 0.01, 'Classifier__SVC__kernel': 'poly', 'Scaler': MinMaxScaler(), 'Selector__max_features': 24}",0.16908212560386474,0.13526570048309178,0.06310679611650485,0.12248487406782045,0.04419807505522984,1189
1133,0.05369027455647787,0.0035763203583161515,0.011644124984741211,0.0011157837177932302,0.1,poly,MinMaxScaler(),2,0.1,4.0,3.0,"{'Classifier__SVC__C': 0.1, 'Classifier__SVC__coef0': 4, 'Classifier__SVC__degree': 3, 'Classifier__SVC__gamma': 0.1, 'Classifier__SVC__kernel': 'poly', 'Scaler': MinMaxScaler(), 'Selector__max_features': 2}",0.12077294685990338,0.057971014492753624,0.10194174757281553,0.0935619029751575,0.02631459701221215,1254
1134,0.05041750272115072,0.00216425581393417,0.01172931989034017,0.0010273161996502723,0.1,poly,MinMaxScaler(),4,0.1,4.0,3.0,"{'Classifier__SVC__C': 0.1, 'Classifier__SVC__coef0': 4, 'Classifier__SVC__degree': 3, 'Classifier__SVC__gamma': 0.1, 'Classifier__SVC__kernel': 'poly', 'Scaler': MinMaxScaler(), 'Selector__max_features': 4}",0.14492753623188406,0.15942028985507245,0.12135922330097088,0.1419023497959758,0.015684918691489178,1084
1135,0.05350716908772787,0.0013381935434223918,0.013156970342000326,0.00288802906252049,0.1,poly,MinMaxScaler(),6,0.1,4.0,3.0,"{'Classifier__SVC__C': 0.1, 'Classifier__SVC__coef0': 4, 'Classifier__SVC__degree': 3, 'Classifier__SVC__gamma': 0.1, 'Classifier__SVC__kernel': 'poly', 'Scaler': MinMaxScaler(), 'Selector__max_features': 6}",0.1642512077294686,0.17391304347826086,0.15048543689320387,0.16288322936697777,0.009613071350206231,1030
1136,0.052543958028157554,0.002564003033380572,0.01295177141825358,0.0006542946723643467,0.1,poly,MinMaxScaler(),8,0.1,4.0,3.0,"{'Classifier__SVC__C': 0.1, 'Classifier__SVC__coef0': 4, 'Classifier__SVC__degree': 3, 'Classifier__SVC__gamma': 0.1, 'Classifier__SVC__kernel': 'poly', 'Scaler': MinMaxScaler(), 'Selector__max_features': 8}",0.12077294685990338,0.17391304347826086,0.16990291262135923,0.1548629676531745,0.024160814357641332,1052
1137,0.05896631876627604,0.0096788151100377,0.012651522954305014,0.0012078150670103323,0.1,poly,MinMaxScaler(),10,0.1,4.0,3.0,"{'Classifier__SVC__C': 0.1, 'Classifier__SVC__coef0': 4, 'Classifier__SVC__degree': 3, 'Classifier__SVC__gamma': 0.1, 'Classifier__SVC__kernel': 'poly', 'Scaler': MinMaxScaler(), 'Selector__max_features': 10}",0.07729468599033816,0.20772946859903382,0.1553398058252427,0.14678798680487157,0.053592028853566835,1076
1138,0.05072704950968424,0.003553431030088854,0.012755552927652994,0.00022145662441228902,0.1,poly,MinMaxScaler(),12,0.1,4.0,3.0,"{'Classifier__SVC__C': 0.1, 'Classifier__SVC__coef0': 4, 'Classifier__SVC__degree': 3, 'Classifier__SVC__gamma': 0.1, 'Classifier__SVC__kernel': 'poly', 'Scaler': MinMaxScaler(), 'Selector__max_features': 12}",0.09178743961352658,0.19806763285024154,0.16990291262135923,0.15325266169504245,0.044957706128763236,1056
1139,0.054970900217692055,0.007206408105758997,0.011325518290201822,0.0012461042522160396,0.1,poly,MinMaxScaler(),14,0.1,4.0,3.0,"{'Classifier__SVC__C': 0.1, 'Classifier__SVC__coef0': 4, 'Classifier__SVC__degree': 3, 'Classifier__SVC__gamma': 0.1, 'Classifier__SVC__kernel': 'poly', 'Scaler': MinMaxScaler(), 'Selector__max_features': 14}",0.12077294685990338,0.23671497584541062,0.1796116504854369,0.17903319106358362,0.0473349024349975,848
1140,0.05584216117858887,0.004731218784880183,0.015142202377319336,0.0021007274455514843,0.1,poly,MinMaxScaler(),16,0.1,4.0,3.0,"{'Classifier__SVC__C': 0.1, 'Classifier__SVC__coef0': 4, 'Classifier__SVC__degree': 3, 'Classifier__SVC__gamma': 0.1, 'Classifier__SVC__kernel': 'poly', 'Scaler': MinMaxScaler(), 'Selector__max_features': 16}",0.15458937198067632,0.2463768115942029,0.19902912621359223,0.19999843659615715,0.03747833320435519,220
1141,0.05045421918233236,0.0033703872203207736,0.011631091435750326,0.0006041403956286423,0.1,poly,MinMaxScaler(),18,0.1,4.0,3.0,"{'Classifier__SVC__C': 0.1, 'Classifier__SVC__coef0': 4, 'Classifier__SVC__degree': 3, 'Classifier__SVC__gamma': 0.1, 'Classifier__SVC__kernel': 'poly', 'Scaler': MinMaxScaler(), 'Selector__max_features': 18}",0.16908212560386474,0.2318840579710145,0.1941747572815534,0.1983803136188109,0.02581066582301973,261
1142,0.0478521982828776,0.0026815582003863756,0.012148380279541016,0.001225570617184997,0.1,poly,MinMaxScaler(),20,0.1,4.0,3.0,"{'Classifier__SVC__C': 0.1, 'Classifier__SVC__coef0': 4, 'Classifier__SVC__degree': 3, 'Classifier__SVC__gamma': 0.1, 'Classifier__SVC__kernel': 'poly', 'Scaler': MinMaxScaler(), 'Selector__max_features': 20}",0.16908212560386474,0.22705314009661837,0.18446601941747573,0.19353376170598627,0.024519755205247528,472
1143,0.05303208033243815,0.0033802369736135687,0.012884934743245443,0.0014560024668819223,0.1,poly,MinMaxScaler(),24,0.1,4.0,3.0,"{'Classifier__SVC__C': 0.1, 'Classifier__SVC__coef0': 4, 'Classifier__SVC__degree': 3, 'Classifier__SVC__gamma': 0.1, 'Classifier__SVC__kernel': 'poly', 'Scaler': MinMaxScaler(), 'Selector__max_features': 24}",0.17391304347826086,0.2318840579710145,0.23300970873786409,0.21293560339571316,0.027596943179702498,86
1144,0.05390461285909017,0.0013350538003790158,0.012204329172770182,0.00042891700436234546,0.1,poly,MinMaxScaler(),2,0.0001,4.0,5.0,"{'Classifier__SVC__C': 0.1, 'Classifier__SVC__coef0': 4, 'Classifier__SVC__degree': 5, 'Classifier__SVC__gamma': 0.0001, 'Classifier__SVC__kernel': 'poly', 'Scaler': MinMaxScaler(), 'Selector__max_features': 2}",0.0821256038647343,0.17391304347826086,0.0825242718446602,0.11285430639588513,0.04317535380754912,1200
1145,0.08131082852681477,0.00890804592656718,0.014342546463012695,0.0020482174030448707,0.1,poly,MinMaxScaler(),4,0.0001,4.0,5.0,"{'Classifier__SVC__C': 0.1, 'Classifier__SVC__coef0': 4, 'Classifier__SVC__degree': 5, 'Classifier__SVC__gamma': 0.0001, 'Classifier__SVC__kernel': 'poly', 'Scaler': MinMaxScaler(), 'Selector__max_features': 4}",0.07729468599033816,0.11594202898550725,0.0825242718446602,0.09192032894016854,0.01711955406064657,1256
1146,0.05643852551778158,0.003644301270734568,0.011312564214070639,0.0005370042230919844,0.1,poly,MinMaxScaler(),6,0.0001,4.0,5.0,"{'Classifier__SVC__C': 0.1, 'Classifier__SVC__coef0': 4, 'Classifier__SVC__degree': 5, 'Classifier__SVC__gamma': 0.0001, 'Classifier__SVC__kernel': 'poly', 'Scaler': MinMaxScaler(), 'Selector__max_features': 6}",0.06763285024154589,0.17391304347826086,0.0825242718446602,0.10802338852148897,0.04698598076080612,1231
1147,0.053955396016438804,0.002835073358220416,0.011507908503214518,0.0013172429118300717,0.1,poly,MinMaxScaler(),8,0.0001,4.0,5.0,"{'Classifier__SVC__C': 0.1, 'Classifier__SVC__coef0': 4, 'Classifier__SVC__degree': 5, 'Classifier__SVC__gamma': 0.0001, 'Classifier__SVC__kernel': 'poly', 'Scaler': MinMaxScaler(), 'Selector__max_features': 8}",0.07246376811594203,0.2222222222222222,0.0825242718446602,0.12573675406094148,0.06834904343902713,1169
1148,0.05273111661275228,0.008319278204097974,0.011939525604248047,0.0005128090454155699,0.1,poly,MinMaxScaler(),10,0.0001,4.0,5.0,"{'Classifier__SVC__C': 0.1, 'Classifier__SVC__coef0': 4, 'Classifier__SVC__degree': 5, 'Classifier__SVC__gamma': 0.0001, 'Classifier__SVC__kernel': 'poly', 'Scaler': MinMaxScaler(), 'Selector__max_features': 10}",0.07246376811594203,0.23671497584541062,0.0825242718446602,0.1305676719353376,0.0751697679893184,1118
1149,0.05157653490702311,0.0010287080175910798,0.012357950210571289,0.0005703519924593303,0.1,poly,MinMaxScaler(),12,0.0001,4.0,5.0,"{'Classifier__SVC__C': 0.1, 'Classifier__SVC__coef0': 4, 'Classifier__SVC__degree': 5, 'Classifier__SVC__gamma': 0.0001, 'Classifier__SVC__kernel': 'poly', 'Scaler': MinMaxScaler(), 'Selector__max_features': 12}",0.07246376811594203,0.24154589371980675,0.0825242718446602,0.13217797789346966,0.07744378259084223,1107
1150,0.05143968264261881,0.0048238876296083175,0.015666723251342773,0.004611135784970104,0.1,poly,MinMaxScaler(),14,0.0001,4.0,5.0,"{'Classifier__SVC__C': 0.1, 'Classifier__SVC__coef0': 4, 'Classifier__SVC__degree': 5, 'Classifier__SVC__gamma': 0.0001, 'Classifier__SVC__kernel': 'poly', 'Scaler': MinMaxScaler(), 'Selector__max_features': 14}",0.06763285024154589,0.24154589371980675,0.0825242718446602,0.1305676719353376,0.07870858865533689,1118
1151,0.05176385243733724,0.002064063362499568,0.013192971547444662,0.0008605838599082441,0.1,poly,MinMaxScaler(),16,0.0001,4.0,5.0,"{'Classifier__SVC__C': 0.1, 'Classifier__SVC__coef0': 4, 'Classifier__SVC__degree': 5, 'Classifier__SVC__gamma': 0.0001, 'Classifier__SVC__kernel': 'poly', 'Scaler': MinMaxScaler(), 'Selector__max_features': 16}",0.06763285024154589,0.24154589371980675,0.0825242718446602,0.1305676719353376,0.07870858865533689,1118
1152,0.061797777811686196,0.00875913426446174,0.014097293217976889,0.0016533264949368965,0.1,poly,MinMaxScaler(),18,0.0001,4.0,5.0,"{'Classifier__SVC__C': 0.1, 'Classifier__SVC__coef0': 4, 'Classifier__SVC__degree': 5, 'Classifier__SVC__gamma': 0.0001, 'Classifier__SVC__kernel': 'poly', 'Scaler': MinMaxScaler(), 'Selector__max_features': 18}",0.06763285024154589,0.23671497584541062,0.0825242718446602,0.12895736597720558,0.07643827781385291,1158
1153,0.05748899777730306,0.0048442997988898465,0.013505061467488607,0.0011764683284666837,0.1,poly,MinMaxScaler(),20,0.0001,4.0,5.0,"{'Classifier__SVC__C': 0.1, 'Classifier__SVC__coef0': 4, 'Classifier__SVC__degree': 5, 'Classifier__SVC__gamma': 0.0001, 'Classifier__SVC__kernel': 'poly', 'Scaler': MinMaxScaler(), 'Selector__max_features': 20}",0.06763285024154589,0.24154589371980675,0.0825242718446602,0.1305676719353376,0.07870858865533689,1118
1154,0.05790996551513672,0.005674302440750892,0.014147202173868815,0.0028180151159697595,0.1,poly,MinMaxScaler(),24,0.0001,4.0,5.0,"{'Classifier__SVC__C': 0.1, 'Classifier__SVC__coef0': 4, 'Classifier__SVC__degree': 5, 'Classifier__SVC__gamma': 0.0001, 'Classifier__SVC__kernel': 'poly', 'Scaler': MinMaxScaler(), 'Selector__max_features': 24}",0.07729468599033816,0.2028985507246377,0.0825242718446602,0.12090583618654537,0.05801690023918752,1191
1155,0.05091722806294759,0.00014555128266411212,0.011504650115966797,0.0008312602719897388,0.1,poly,MinMaxScaler(),2,0.001,4.0,5.0,"{'Classifier__SVC__C': 0.1, 'Classifier__SVC__coef0': 4, 'Classifier__SVC__degree': 5, 'Classifier__SVC__gamma': 0.001, 'Classifier__SVC__kernel': 'poly', 'Scaler': MinMaxScaler(), 'Selector__max_features': 2}",0.08695652173913043,0.1497584541062802,0.0825242718446602,0.10641308256335695,0.030703171773475386,1235
1156,0.056499322255452476,0.006133044980487873,0.011236349741617838,0.0008585844944950289,0.1,poly,MinMaxScaler(),4,0.001,4.0,5.0,"{'Classifier__SVC__C': 0.1, 'Classifier__SVC__coef0': 4, 'Classifier__SVC__degree': 5, 'Classifier__SVC__gamma': 0.001, 'Classifier__SVC__kernel': 'poly', 'Scaler': MinMaxScaler(), 'Selector__max_features': 4}",0.0821256038647343,0.10628019323671498,0.08737864077669903,0.09192814595938277,0.010372545331714231,1255
1157,0.06598138809204102,0.01051807664234536,0.011635303497314453,0.0007609102214087143,0.1,poly,MinMaxScaler(),6,0.001,4.0,5.0,"{'Classifier__SVC__C': 0.1, 'Classifier__SVC__coef0': 4, 'Classifier__SVC__degree': 5, 'Classifier__SVC__gamma': 0.001, 'Classifier__SVC__kernel': 'poly', 'Scaler': MinMaxScaler(), 'Selector__max_features': 6}",0.1111111111111111,0.09178743961352658,0.07281553398058252,0.09190469490174007,0.015634323747064267,1268
1158,0.05157923698425293,0.004753442197674043,0.012097915013631185,0.0008735963070707266,0.1,poly,MinMaxScaler(),8,0.001,4.0,5.0,"{'Classifier__SVC__C': 0.1, 'Classifier__SVC__coef0': 4, 'Classifier__SVC__degree': 5, 'Classifier__SVC__gamma': 0.001, 'Classifier__SVC__kernel': 'poly', 'Scaler': MinMaxScaler(), 'Selector__max_features': 8}",0.1497584541062802,0.06763285024154589,0.14563106796116504,0.12100745743633039,0.037779141943634076,1190
1159,0.052466630935668945,0.004202993139192383,0.011585394541422525,0.0007936880213459027,0.1,poly,MinMaxScaler(),10,0.001,4.0,5.0,"{'Classifier__SVC__C': 0.1, 'Classifier__SVC__coef0': 4, 'Classifier__SVC__degree': 5, 'Classifier__SVC__gamma': 0.001, 'Classifier__SVC__kernel': 'poly', 'Scaler': MinMaxScaler(), 'Selector__max_features': 10}",0.14009661835748793,0.12077294685990338,0.08737864077669903,0.11608273533136344,0.02177605494098165,1199
1160,0.07336727778116862,0.02465983758677292,0.012143135070800781,0.00041610242295996215,0.1,poly,MinMaxScaler(),12,0.001,4.0,5.0,"{'Classifier__SVC__C': 0.1, 'Classifier__SVC__coef0': 4, 'Classifier__SVC__degree': 5, 'Classifier__SVC__gamma': 0.001, 'Classifier__SVC__kernel': 'poly', 'Scaler': MinMaxScaler(), 'Selector__max_features': 12}",0.1642512077294686,0.1497584541062802,0.12135922330097088,0.1451229617122399,0.017814720960580645,1080
1161,0.05495007832845052,0.001811116124302189,0.012903292973836264,0.0014353672416738293,0.1,poly,MinMaxScaler(),14,0.001,4.0,5.0,"{'Classifier__SVC__C': 0.1, 'Classifier__SVC__coef0': 4, 'Classifier__SVC__degree': 5, 'Classifier__SVC__gamma': 0.001, 'Classifier__SVC__kernel': 'poly', 'Scaler': MinMaxScaler(), 'Selector__max_features': 14}",0.18840579710144928,0.19806763285024154,0.12135922330097088,0.16927755108422057,0.03411219108243053,1003
1162,0.061726888020833336,0.012043812201196966,0.012483994166056315,0.001150428606300051,0.1,poly,MinMaxScaler(),16,0.001,4.0,5.0,"{'Classifier__SVC__C': 0.1, 'Classifier__SVC__coef0': 4, 'Classifier__SVC__degree': 5, 'Classifier__SVC__gamma': 0.001, 'Classifier__SVC__kernel': 'poly', 'Scaler': MinMaxScaler(), 'Selector__max_features': 16}",0.2028985507246377,0.1932367149758454,0.13106796116504854,0.1757344089551772,0.03182929925032782,870
1163,0.07192095120747884,0.020962926459340857,0.011908531188964844,0.000840236414839948,0.1,poly,MinMaxScaler(),18,0.001,4.0,5.0,"{'Classifier__SVC__C': 0.1, 'Classifier__SVC__coef0': 4, 'Classifier__SVC__degree': 5, 'Classifier__SVC__gamma': 0.001, 'Classifier__SVC__kernel': 'poly', 'Scaler': MinMaxScaler(), 'Selector__max_features': 18}",0.1932367149758454,0.2028985507246377,0.1262135922330097,0.1741162859778309,0.03410121032570312,913
1164,0.05226604143778483,0.0012124916853895537,0.012195746103922525,0.0016203504935872624,0.1,poly,MinMaxScaler(),20,0.001,4.0,5.0,"{'Classifier__SVC__C': 0.1, 'Classifier__SVC__coef0': 4, 'Classifier__SVC__degree': 5, 'Classifier__SVC__gamma': 0.001, 'Classifier__SVC__kernel': 'poly', 'Scaler': MinMaxScaler(), 'Selector__max_features': 20}",0.20772946859903382,0.17391304347826086,0.1650485436893204,0.18223035192220505,0.01839018855442448,803
1165,0.0708009401957194,0.013570165089874417,0.012661218643188477,0.0013261242728644757,0.1,poly,MinMaxScaler(),24,0.001,4.0,5.0,"{'Classifier__SVC__C': 0.1, 'Classifier__SVC__coef0': 4, 'Classifier__SVC__degree': 5, 'Classifier__SVC__gamma': 0.001, 'Classifier__SVC__kernel': 'poly', 'Scaler': MinMaxScaler(), 'Selector__max_features': 24}",0.18357487922705315,0.19806763285024154,0.16019417475728157,0.18061222894485876,0.015603048409434585,832
1166,0.0539389451344808,0.004242110852683818,0.010789076487223307,0.00026155654291778823,0.1,poly,MinMaxScaler(),2,0.01,4.0,5.0,"{'Classifier__SVC__C': 0.1, 'Classifier__SVC__coef0': 4, 'Classifier__SVC__degree': 5, 'Classifier__SVC__gamma': 0.01, 'Classifier__SVC__kernel': 'poly', 'Scaler': MinMaxScaler(), 'Selector__max_features': 2}",0.12560386473429952,0.1111111111111111,0.024271844660194174,0.08699560683520159,0.04474529943979799,1273
1167,0.04856133460998535,0.0016439328190716916,0.015891313552856445,0.004571643683753937,0.1,poly,MinMaxScaler(),4,0.01,4.0,5.0,"{'Classifier__SVC__C': 0.1, 'Classifier__SVC__coef0': 4, 'Classifier__SVC__degree': 5, 'Classifier__SVC__gamma': 0.01, 'Classifier__SVC__kernel': 'poly', 'Scaler': MinMaxScaler(), 'Selector__max_features': 4}",0.1497584541062802,0.2028985507246377,0.14563106796116504,0.16609602426402764,0.026077810420747232,1018
1168,0.050454139709472656,0.003778553054966634,0.01215966542561849,0.0012076231287835393,0.1,poly,MinMaxScaler(),6,0.01,4.0,5.0,"{'Classifier__SVC__C': 0.1, 'Classifier__SVC__coef0': 4, 'Classifier__SVC__degree': 5, 'Classifier__SVC__gamma': 0.01, 'Classifier__SVC__kernel': 'poly', 'Scaler': MinMaxScaler(), 'Selector__max_features': 6}",0.12077294685990338,0.16908212560386474,0.16990291262135923,0.15325266169504245,0.022969070938416103,1056
1169,0.0726779301961263,0.01374458517113947,0.012764294942220053,0.0023491106973584897,0.1,poly,MinMaxScaler(),8,0.01,4.0,5.0,"{'Classifier__SVC__C': 0.1, 'Classifier__SVC__coef0': 4, 'Classifier__SVC__degree': 5, 'Classifier__SVC__gamma': 0.01, 'Classifier__SVC__kernel': 'poly', 'Scaler': MinMaxScaler(), 'Selector__max_features': 8}",0.08695652173913043,0.16908212560386474,0.20388349514563106,0.1533073808295421,0.049021160104743826,1055
1170,0.053853909174601235,0.0013645228492839107,0.015552441279093424,0.002194198159198048,0.1,poly,MinMaxScaler(),10,0.01,4.0,5.0,"{'Classifier__SVC__C': 0.1, 'Classifier__SVC__coef0': 4, 'Classifier__SVC__degree': 5, 'Classifier__SVC__gamma': 0.01, 'Classifier__SVC__kernel': 'poly', 'Scaler': MinMaxScaler(), 'Selector__max_features': 10}",0.10628019323671498,0.2463768115942029,0.18932038834951456,0.18065913106014417,0.05752117669273587,825
1171,0.05645394325256348,0.004566206681577266,0.013601144154866537,0.0026011778483558904,0.1,poly,MinMaxScaler(),12,0.01,4.0,5.0,"{'Classifier__SVC__C': 0.1, 'Classifier__SVC__coef0': 4, 'Classifier__SVC__degree': 5, 'Classifier__SVC__gamma': 0.01, 'Classifier__SVC__kernel': 'poly', 'Scaler': MinMaxScaler(), 'Selector__max_features': 12}",0.12560386473429952,0.22705314009661837,0.1941747572815534,0.18227725403749043,0.04226229056315464,796
1172,0.05352449417114258,0.003920699931108288,0.013696591059366861,0.0012545123366239092,0.1,poly,MinMaxScaler(),14,0.01,4.0,5.0,"{'Classifier__SVC__C': 0.1, 'Classifier__SVC__coef0': 4, 'Classifier__SVC__degree': 5, 'Classifier__SVC__gamma': 0.01, 'Classifier__SVC__kernel': 'poly', 'Scaler': MinMaxScaler(), 'Selector__max_features': 14}",0.12077294685990338,0.2318840579710145,0.18446601941747573,0.17904100808279788,0.04552283539845658,844
1173,0.06044729550679525,0.009807025920342846,0.01199801762898763,0.0004254200069661386,0.1,poly,MinMaxScaler(),16,0.01,4.0,5.0,"{'Classifier__SVC__C': 0.1, 'Classifier__SVC__coef0': 4, 'Classifier__SVC__degree': 5, 'Classifier__SVC__gamma': 0.01, 'Classifier__SVC__kernel': 'poly', 'Scaler': MinMaxScaler(), 'Selector__max_features': 16}",0.178743961352657,0.22705314009661837,0.21844660194174756,0.20808123446367432,0.021040038338774103,119
1174,0.05298280715942383,0.006330630583036474,0.012526591618855795,7.135432547239767e-05,0.1,poly,MinMaxScaler(),18,0.01,4.0,5.0,"{'Classifier__SVC__C': 0.1, 'Classifier__SVC__coef0': 4, 'Classifier__SVC__degree': 5, 'Classifier__SVC__gamma': 0.01, 'Classifier__SVC__kernel': 'poly', 'Scaler': MinMaxScaler(), 'Selector__max_features': 18}",0.1932367149758454,0.23671497584541062,0.22330097087378642,0.21775088723168082,0.018178602135226048,69
1175,0.04865423838297526,0.003474419810246706,0.012465794881184896,0.0005757333748191054,0.1,poly,MinMaxScaler(),20,0.01,4.0,5.0,"{'Classifier__SVC__C': 0.1, 'Classifier__SVC__coef0': 4, 'Classifier__SVC__degree': 5, 'Classifier__SVC__gamma': 0.01, 'Classifier__SVC__kernel': 'poly', 'Scaler': MinMaxScaler(), 'Selector__max_features': 20}",0.1642512077294686,0.22705314009661837,0.21359223300970873,0.20163219361193188,0.026997562656152174,203
1176,0.054902871449788414,0.004529833760002712,0.012620131174723307,0.0006057048702062413,0.1,poly,MinMaxScaler(),24,0.01,4.0,5.0,"{'Classifier__SVC__C': 0.1, 'Classifier__SVC__coef0': 4, 'Classifier__SVC__degree': 5, 'Classifier__SVC__gamma': 0.01, 'Classifier__SVC__kernel': 'poly', 'Scaler': MinMaxScaler(), 'Selector__max_features': 24}",0.15458937198067632,0.2222222222222222,0.22330097087378642,0.20003752169222833,0.0321397122867857,212
1177,0.05780363082885742,0.0036523912144469936,0.011982202529907227,0.00015762732019195436,0.1,poly,MinMaxScaler(),2,0.1,4.0,5.0,"{'Classifier__SVC__C': 0.1, 'Classifier__SVC__coef0': 4, 'Classifier__SVC__degree': 5, 'Classifier__SVC__gamma': 0.1, 'Classifier__SVC__kernel': 'poly', 'Scaler': MinMaxScaler(), 'Selector__max_features': 2}",0.1111111111111111,0.14009661835748793,0.05339805825242718,0.1015352625736754,0.03603639583792697,1248
1178,0.0535884698232015,0.0028019630655479744,0.011889139811197916,0.00029208921671639086,0.1,poly,MinMaxScaler(),4,0.1,4.0,5.0,"{'Classifier__SVC__C': 0.1, 'Classifier__SVC__coef0': 4, 'Classifier__SVC__degree': 5, 'Classifier__SVC__gamma': 0.1, 'Classifier__SVC__kernel': 'poly', 'Scaler': MinMaxScaler(), 'Selector__max_features': 4}",0.14009661835748793,0.14009661835748793,0.1650485436893204,0.1484139268014321,0.011762450403866087,1072
1179,0.05476832389831543,0.008255448444401996,0.012487967809041342,0.0001702165434363338,0.1,poly,MinMaxScaler(),6,0.1,4.0,5.0,"{'Classifier__SVC__C': 0.1, 'Classifier__SVC__coef0': 4, 'Classifier__SVC__degree': 5, 'Classifier__SVC__gamma': 0.1, 'Classifier__SVC__kernel': 'poly', 'Scaler': MinMaxScaler(), 'Selector__max_features': 6}",0.1642512077294686,0.178743961352657,0.18446601941747573,0.17582039616653378,0.008507646675923611,866
1180,0.05919631322224935,0.006972965502300264,0.012270609537760416,0.00207359737253859,0.1,poly,MinMaxScaler(),8,0.1,4.0,5.0,"{'Classifier__SVC__C': 0.1, 'Classifier__SVC__coef0': 4, 'Classifier__SVC__degree': 5, 'Classifier__SVC__gamma': 0.1, 'Classifier__SVC__kernel': 'poly', 'Scaler': MinMaxScaler(), 'Selector__max_features': 8}",0.178743961352657,0.2028985507246377,0.2524271844660194,0.21135656551443804,0.03066983156927719,97
1181,0.05192128817240397,0.0036977455992130066,0.011677265167236328,0.0006476548435762352,0.1,poly,MinMaxScaler(),10,0.1,4.0,5.0,"{'Classifier__SVC__C': 0.1, 'Classifier__SVC__coef0': 4, 'Classifier__SVC__degree': 5, 'Classifier__SVC__gamma': 0.1, 'Classifier__SVC__kernel': 'poly', 'Scaler': MinMaxScaler(), 'Selector__max_features': 10}",0.20772946859903382,0.21256038647342995,0.2524271844660194,0.22423901317949438,0.02002938162194305,49
1182,0.055045763651529946,0.007233719133362564,0.012679179509480795,0.0006563531796384966,0.1,poly,MinMaxScaler(),12,0.1,4.0,5.0,"{'Classifier__SVC__C': 0.1, 'Classifier__SVC__coef0': 4, 'Classifier__SVC__degree': 5, 'Classifier__SVC__gamma': 0.1, 'Classifier__SVC__kernel': 'poly', 'Scaler': MinMaxScaler(), 'Selector__max_features': 12}",0.20772946859903382,0.21256038647342995,0.18932038834951456,0.2032034144739928,0.010012933391602367,188
1183,0.05463393529256185,0.002552700302319509,0.011881828308105469,0.0005862146439143719,0.1,poly,MinMaxScaler(),14,0.1,4.0,5.0,"{'Classifier__SVC__C': 0.1, 'Classifier__SVC__coef0': 4, 'Classifier__SVC__degree': 5, 'Classifier__SVC__gamma': 0.1, 'Classifier__SVC__kernel': 'poly', 'Scaler': MinMaxScaler(), 'Selector__max_features': 14}",0.19806763285024154,0.2222222222222222,0.18932038834951456,0.2032034144739928,0.013914377641177696,188
1184,0.05221788088480631,0.003721960908628184,0.010990540186564127,0.00037911134774623633,0.1,poly,MinMaxScaler(),16,0.1,4.0,5.0,"{'Classifier__SVC__C': 0.1, 'Classifier__SVC__coef0': 4, 'Classifier__SVC__degree': 5, 'Classifier__SVC__gamma': 0.1, 'Classifier__SVC__kernel': 'poly', 'Scaler': MinMaxScaler(), 'Selector__max_features': 16}",0.2560386473429952,0.21739130434782608,0.19902912621359223,0.22415302596813783,0.023760079044536087,52
1185,0.06048138936360677,0.004937421003303349,0.011922756830851236,0.0007948480277921001,0.1,poly,MinMaxScaler(),18,0.1,4.0,5.0,"{'Classifier__SVC__C': 0.1, 'Classifier__SVC__coef0': 4, 'Classifier__SVC__degree': 5, 'Classifier__SVC__gamma': 0.1, 'Classifier__SVC__kernel': 'poly', 'Scaler': MinMaxScaler(), 'Selector__max_features': 18}",0.2608695652173913,0.19806763285024154,0.21844660194174756,0.2257946000031268,0.026159962842666504,47
1186,0.06069032351175944,0.0035096730320311213,0.010549704233805338,0.0007278896529518467,0.1,poly,MinMaxScaler(),20,0.1,4.0,5.0,"{'Classifier__SVC__C': 0.1, 'Classifier__SVC__coef0': 4, 'Classifier__SVC__degree': 5, 'Classifier__SVC__gamma': 0.1, 'Classifier__SVC__kernel': 'poly', 'Scaler': MinMaxScaler(), 'Selector__max_features': 20}",0.2608695652173913,0.18840579710144928,0.17475728155339806,0.2080108812907462,0.03778977678340245,123
1187,0.060099124908447266,0.00424904059039917,0.013089338938395182,0.0013194978434226243,0.1,poly,MinMaxScaler(),24,0.1,4.0,5.0,"{'Classifier__SVC__C': 0.1, 'Classifier__SVC__coef0': 4, 'Classifier__SVC__degree': 5, 'Classifier__SVC__gamma': 0.1, 'Classifier__SVC__kernel': 'poly', 'Scaler': MinMaxScaler(), 'Selector__max_features': 24}",0.2560386473429952,0.23671497584541062,0.2087378640776699,0.23383049575535855,0.01941788168022368,22
1188,0.052813212076822914,0.003532398260533914,0.011884609858194986,0.0008697671048140404,0.1,poly,MinMaxScaler(),2,0.0001,6.0,3.0,"{'Classifier__SVC__C': 0.1, 'Classifier__SVC__coef0': 6, 'Classifier__SVC__degree': 3, 'Classifier__SVC__gamma': 0.0001, 'Classifier__SVC__kernel': 'poly', 'Scaler': MinMaxScaler(), 'Selector__max_features': 2}",0.0821256038647343,0.17391304347826086,0.0825242718446602,0.11285430639588513,0.04317535380754912,1200
1189,0.05826552708943685,0.006795537108123645,0.012293577194213867,0.0018503310745281555,0.1,poly,MinMaxScaler(),4,0.0001,6.0,3.0,"{'Classifier__SVC__C': 0.1, 'Classifier__SVC__coef0': 6, 'Classifier__SVC__degree': 3, 'Classifier__SVC__gamma': 0.0001, 'Classifier__SVC__kernel': 'poly', 'Scaler': MinMaxScaler(), 'Selector__max_features': 4}",0.07729468599033816,0.11594202898550725,0.0825242718446602,0.09192032894016854,0.01711955406064657,1256
1190,0.051724751790364586,0.0024581875194451346,0.011942704518636068,0.0006308457187267133,0.1,poly,MinMaxScaler(),6,0.0001,6.0,3.0,"{'Classifier__SVC__C': 0.1, 'Classifier__SVC__coef0': 6, 'Classifier__SVC__degree': 3, 'Classifier__SVC__gamma': 0.0001, 'Classifier__SVC__kernel': 'poly', 'Scaler': MinMaxScaler(), 'Selector__max_features': 6}",0.06763285024154589,0.178743961352657,0.0825242718446602,0.10963369447962103,0.04924503595820337,1220
1191,0.051331520080566406,0.002793070326692013,0.011832873026529947,0.0006375476959792064,0.1,poly,MinMaxScaler(),8,0.0001,6.0,3.0,"{'Classifier__SVC__C': 0.1, 'Classifier__SVC__coef0': 6, 'Classifier__SVC__degree': 3, 'Classifier__SVC__gamma': 0.0001, 'Classifier__SVC__kernel': 'poly', 'Scaler': MinMaxScaler(), 'Selector__max_features': 8}",0.07246376811594203,0.2222222222222222,0.0825242718446602,0.12573675406094148,0.06834904343902713,1169
1192,0.04831504821777344,0.001477842750372508,0.013472318649291992,0.00276239163497069,0.1,poly,MinMaxScaler(),10,0.0001,6.0,3.0,"{'Classifier__SVC__C': 0.1, 'Classifier__SVC__coef0': 6, 'Classifier__SVC__degree': 3, 'Classifier__SVC__gamma': 0.0001, 'Classifier__SVC__kernel': 'poly', 'Scaler': MinMaxScaler(), 'Selector__max_features': 10}",0.07246376811594203,0.23671497584541062,0.0825242718446602,0.1305676719353376,0.0751697679893184,1118
1193,0.05715783437093099,0.004956462390347058,0.014777739842732748,0.004248638851130708,0.1,poly,MinMaxScaler(),12,0.0001,6.0,3.0,"{'Classifier__SVC__C': 0.1, 'Classifier__SVC__coef0': 6, 'Classifier__SVC__degree': 3, 'Classifier__SVC__gamma': 0.0001, 'Classifier__SVC__kernel': 'poly', 'Scaler': MinMaxScaler(), 'Selector__max_features': 12}",0.07246376811594203,0.24154589371980675,0.0825242718446602,0.13217797789346966,0.07744378259084223,1107
1194,0.05587339401245117,0.005510850122518865,0.012413819630940756,0.001687114628046596,0.1,poly,MinMaxScaler(),14,0.0001,6.0,3.0,"{'Classifier__SVC__C': 0.1, 'Classifier__SVC__coef0': 6, 'Classifier__SVC__degree': 3, 'Classifier__SVC__gamma': 0.0001, 'Classifier__SVC__kernel': 'poly', 'Scaler': MinMaxScaler(), 'Selector__max_features': 14}",0.06763285024154589,0.24154589371980675,0.0825242718446602,0.1305676719353376,0.07870858865533689,1118
1195,0.05019807815551758,0.0055416804675292785,0.01234285036722819,0.0006182174396120877,0.1,poly,MinMaxScaler(),16,0.0001,6.0,3.0,"{'Classifier__SVC__C': 0.1, 'Classifier__SVC__coef0': 6, 'Classifier__SVC__degree': 3, 'Classifier__SVC__gamma': 0.0001, 'Classifier__SVC__kernel': 'poly', 'Scaler': MinMaxScaler(), 'Selector__max_features': 16}",0.06763285024154589,0.24154589371980675,0.0825242718446602,0.1305676719353376,0.07870858865533689,1118
1196,0.0521702766418457,0.006340297894804008,0.012344996134440104,0.000942699973367504,0.1,poly,MinMaxScaler(),18,0.0001,6.0,3.0,"{'Classifier__SVC__C': 0.1, 'Classifier__SVC__coef0': 6, 'Classifier__SVC__degree': 3, 'Classifier__SVC__gamma': 0.0001, 'Classifier__SVC__kernel': 'poly', 'Scaler': MinMaxScaler(), 'Selector__max_features': 18}",0.06763285024154589,0.23671497584541062,0.0825242718446602,0.12895736597720558,0.07643827781385291,1158
1197,0.05209040641784668,0.004280169928105829,0.013264338175455729,0.0017802723479045906,0.1,poly,MinMaxScaler(),20,0.0001,6.0,3.0,"{'Classifier__SVC__C': 0.1, 'Classifier__SVC__coef0': 6, 'Classifier__SVC__degree': 3, 'Classifier__SVC__gamma': 0.0001, 'Classifier__SVC__kernel': 'poly', 'Scaler': MinMaxScaler(), 'Selector__max_features': 20}",0.06763285024154589,0.24154589371980675,0.0825242718446602,0.1305676719353376,0.07870858865533689,1118
1198,0.05606540044148763,0.002916207077914933,0.012716452280680338,0.0008305816281946732,0.1,poly,MinMaxScaler(),24,0.0001,6.0,3.0,"{'Classifier__SVC__C': 0.1, 'Classifier__SVC__coef0': 6, 'Classifier__SVC__degree': 3, 'Classifier__SVC__gamma': 0.0001, 'Classifier__SVC__kernel': 'poly', 'Scaler': MinMaxScaler(), 'Selector__max_features': 24}",0.07729468599033816,0.21739130434782608,0.0825242718446602,0.12573675406094148,0.06484470979846249,1169
1199,0.05902870496114095,0.0036525042043019356,0.011635939280192057,0.0007223616148859805,0.1,poly,MinMaxScaler(),2,0.001,6.0,3.0,"{'Classifier__SVC__C': 0.1, 'Classifier__SVC__coef0': 6, 'Classifier__SVC__degree': 3, 'Classifier__SVC__gamma': 0.001, 'Classifier__SVC__kernel': 'poly', 'Scaler': MinMaxScaler(), 'Selector__max_features': 2}",0.0821256038647343,0.17391304347826086,0.0825242718446602,0.11285430639588513,0.04317535380754912,1200
1200,0.05051747957865397,0.0044101976981726935,0.011010249455769857,0.00047728602157699973,0.1,poly,MinMaxScaler(),4,0.001,6.0,3.0,"{'Classifier__SVC__C': 0.1, 'Classifier__SVC__coef0': 6, 'Classifier__SVC__degree': 3, 'Classifier__SVC__gamma': 0.001, 'Classifier__SVC__kernel': 'poly', 'Scaler': MinMaxScaler(), 'Selector__max_features': 4}",0.07729468599033816,0.11594202898550725,0.0825242718446602,0.09192032894016854,0.01711955406064657,1256
1201,0.052265008290608726,0.0020113541336210664,0.011765718460083008,0.001049961856995033,0.1,poly,MinMaxScaler(),6,0.001,6.0,3.0,"{'Classifier__SVC__C': 0.1, 'Classifier__SVC__coef0': 6, 'Classifier__SVC__degree': 3, 'Classifier__SVC__gamma': 0.001, 'Classifier__SVC__kernel': 'poly', 'Scaler': MinMaxScaler(), 'Selector__max_features': 6}",0.06763285024154589,0.178743961352657,0.0825242718446602,0.10963369447962103,0.04924503595820337,1220
1202,0.05218283335367838,0.0004280368236010752,0.01154478391011556,0.0004598420669303171,0.1,poly,MinMaxScaler(),8,0.001,6.0,3.0,"{'Classifier__SVC__C': 0.1, 'Classifier__SVC__coef0': 6, 'Classifier__SVC__degree': 3, 'Classifier__SVC__gamma': 0.001, 'Classifier__SVC__kernel': 'poly', 'Scaler': MinMaxScaler(), 'Selector__max_features': 8}",0.07246376811594203,0.2222222222222222,0.0825242718446602,0.12573675406094148,0.06834904343902713,1169
1203,0.05302246411641439,0.0014434768680199632,0.01130525271097819,0.0012366516872524813,0.1,poly,MinMaxScaler(),10,0.001,6.0,3.0,"{'Classifier__SVC__C': 0.1, 'Classifier__SVC__coef0': 6, 'Classifier__SVC__degree': 3, 'Classifier__SVC__gamma': 0.001, 'Classifier__SVC__kernel': 'poly', 'Scaler': MinMaxScaler(), 'Selector__max_features': 10}",0.07246376811594203,0.23671497584541062,0.0825242718446602,0.1305676719353376,0.0751697679893184,1118
1204,0.048201799392700195,0.002126816735680205,0.011813004811604818,0.001261599630415145,0.1,poly,MinMaxScaler(),12,0.001,6.0,3.0,"{'Classifier__SVC__C': 0.1, 'Classifier__SVC__coef0': 6, 'Classifier__SVC__degree': 3, 'Classifier__SVC__gamma': 0.001, 'Classifier__SVC__kernel': 'poly', 'Scaler': MinMaxScaler(), 'Selector__max_features': 12}",0.07246376811594203,0.24154589371980675,0.0825242718446602,0.13217797789346966,0.07744378259084223,1107
1205,0.05771247545878092,0.012874533265025538,0.012457450230916342,0.0004902560969544646,0.1,poly,MinMaxScaler(),14,0.001,6.0,3.0,"{'Classifier__SVC__C': 0.1, 'Classifier__SVC__coef0': 6, 'Classifier__SVC__degree': 3, 'Classifier__SVC__gamma': 0.001, 'Classifier__SVC__kernel': 'poly', 'Scaler': MinMaxScaler(), 'Selector__max_features': 14}",0.06763285024154589,0.24154589371980675,0.0825242718446602,0.1305676719353376,0.07870858865533689,1118
1206,0.0511474609375,0.00232041083497552,0.01373593012491862,0.0021607028099765078,0.1,poly,MinMaxScaler(),16,0.001,6.0,3.0,"{'Classifier__SVC__C': 0.1, 'Classifier__SVC__coef0': 6, 'Classifier__SVC__degree': 3, 'Classifier__SVC__gamma': 0.001, 'Classifier__SVC__kernel': 'poly', 'Scaler': MinMaxScaler(), 'Selector__max_features': 16}",0.06763285024154589,0.24154589371980675,0.0825242718446602,0.1305676719353376,0.07870858865533689,1118
1207,0.05422671635945638,0.004099868071342433,0.014715194702148438,0.0015834177153851597,0.1,poly,MinMaxScaler(),18,0.001,6.0,3.0,"{'Classifier__SVC__C': 0.1, 'Classifier__SVC__coef0': 6, 'Classifier__SVC__degree': 3, 'Classifier__SVC__gamma': 0.001, 'Classifier__SVC__kernel': 'poly', 'Scaler': MinMaxScaler(), 'Selector__max_features': 18}",0.06763285024154589,0.23671497584541062,0.0825242718446602,0.12895736597720558,0.07643827781385291,1158
1208,0.05341895421346029,0.005051392916041127,0.013990243275960287,0.001515265202460314,0.1,poly,MinMaxScaler(),20,0.001,6.0,3.0,"{'Classifier__SVC__C': 0.1, 'Classifier__SVC__coef0': 6, 'Classifier__SVC__degree': 3, 'Classifier__SVC__gamma': 0.001, 'Classifier__SVC__kernel': 'poly', 'Scaler': MinMaxScaler(), 'Selector__max_features': 20}",0.06763285024154589,0.24154589371980675,0.0825242718446602,0.1305676719353376,0.07870858865533689,1118
1209,0.0538640022277832,0.0032430927572159244,0.012383460998535156,0.00035499082650808356,0.1,poly,MinMaxScaler(),24,0.001,6.0,3.0,"{'Classifier__SVC__C': 0.1, 'Classifier__SVC__coef0': 6, 'Classifier__SVC__degree': 3, 'Classifier__SVC__gamma': 0.001, 'Classifier__SVC__kernel': 'poly', 'Scaler': MinMaxScaler(), 'Selector__max_features': 24}",0.07729468599033816,0.20772946859903382,0.0825242718446602,0.12251614214467739,0.06029273254223637,1187
1210,0.051317850748697914,0.003277330131176326,0.01205770174662272,0.0013974773084039149,0.1,poly,MinMaxScaler(),2,0.01,6.0,3.0,"{'Classifier__SVC__C': 0.1, 'Classifier__SVC__coef0': 6, 'Classifier__SVC__degree': 3, 'Classifier__SVC__gamma': 0.01, 'Classifier__SVC__kernel': 'poly', 'Scaler': MinMaxScaler(), 'Selector__max_features': 2}",0.0821256038647343,0.16908212560386474,0.0825242718446602,0.11124400043775308,0.040898054363564806,1214
1211,0.05133350690205892,0.0017689971183579023,0.011824210484822592,0.0006889583659991428,0.1,poly,MinMaxScaler(),4,0.01,6.0,3.0,"{'Classifier__SVC__C': 0.1, 'Classifier__SVC__coef0': 6, 'Classifier__SVC__degree': 3, 'Classifier__SVC__gamma': 0.01, 'Classifier__SVC__kernel': 'poly', 'Scaler': MinMaxScaler(), 'Selector__max_features': 4}",0.0821256038647343,0.10144927536231885,0.0825242718446602,0.08869971702390445,0.00901676817224548,1270
1212,0.05036147435506185,0.003372051371352068,0.014193058013916016,0.003027433672365479,0.1,poly,MinMaxScaler(),6,0.01,6.0,3.0,"{'Classifier__SVC__C': 0.1, 'Classifier__SVC__coef0': 6, 'Classifier__SVC__degree': 3, 'Classifier__SVC__gamma': 0.01, 'Classifier__SVC__kernel': 'poly', 'Scaler': MinMaxScaler(), 'Selector__max_features': 6}",0.08695652173913043,0.12560386473429952,0.06310679611650485,0.09188906086331161,0.025751612934766077,1269
1213,0.05767695109049479,0.012888208359707175,0.011253674825032553,0.0020380459834617535,0.1,poly,MinMaxScaler(),8,0.01,6.0,3.0,"{'Classifier__SVC__C': 0.1, 'Classifier__SVC__coef0': 6, 'Classifier__SVC__degree': 3, 'Classifier__SVC__gamma': 0.01, 'Classifier__SVC__kernel': 'poly', 'Scaler': MinMaxScaler(), 'Selector__max_features': 8}",0.13526570048309178,0.08695652173913043,0.10194174757281553,0.10805465659834591,0.020190260528198733,1228
1214,0.04960298538208008,0.004643347017240615,0.01164698600769043,0.00016204619380041162,0.1,poly,MinMaxScaler(),10,0.01,6.0,3.0,"{'Classifier__SVC__C': 0.1, 'Classifier__SVC__coef0': 6, 'Classifier__SVC__degree': 3, 'Classifier__SVC__gamma': 0.01, 'Classifier__SVC__kernel': 'poly', 'Scaler': MinMaxScaler(), 'Selector__max_features': 10}",0.14492753623188406,0.08695652173913043,0.09223300970873786,0.10803902255991744,0.02617291426925303,1230
1215,0.0515284538269043,0.004832684811060902,0.01304157574971517,0.0011277121390609601,0.1,poly,MinMaxScaler(),12,0.01,6.0,3.0,"{'Classifier__SVC__C': 0.1, 'Classifier__SVC__coef0': 6, 'Classifier__SVC__degree': 3, 'Classifier__SVC__gamma': 0.01, 'Classifier__SVC__kernel': 'poly', 'Scaler': MinMaxScaler(), 'Selector__max_features': 12}",0.178743961352657,0.13526570048309178,0.08737864077669903,0.13379610087081592,0.037314208582899466,1106
1216,0.05905310312906901,0.0015324009193011954,0.012779712677001953,0.0008211712045350871,0.1,poly,MinMaxScaler(),14,0.01,6.0,3.0,"{'Classifier__SVC__C': 0.1, 'Classifier__SVC__coef0': 6, 'Classifier__SVC__degree': 3, 'Classifier__SVC__gamma': 0.01, 'Classifier__SVC__kernel': 'poly', 'Scaler': MinMaxScaler(), 'Selector__max_features': 14}",0.19806763285024154,0.1642512077294686,0.16019417475728157,0.17417100511233055,0.01697844696603265,908
1217,0.053299665451049805,0.008165778726063623,0.011399586995442709,0.0009922356903880613,0.1,poly,MinMaxScaler(),16,0.01,6.0,3.0,"{'Classifier__SVC__C': 0.1, 'Classifier__SVC__coef0': 6, 'Classifier__SVC__degree': 3, 'Classifier__SVC__gamma': 0.01, 'Classifier__SVC__kernel': 'poly', 'Scaler': MinMaxScaler(), 'Selector__max_features': 16}",0.18840579710144928,0.22705314009661837,0.1553398058252427,0.19026624767443678,0.02930638764650024,577
1218,0.05150111516316732,0.004419035812344221,0.013047933578491211,0.00026288745082113005,0.1,poly,MinMaxScaler(),18,0.01,6.0,3.0,"{'Classifier__SVC__C': 0.1, 'Classifier__SVC__coef0': 6, 'Classifier__SVC__degree': 3, 'Classifier__SVC__gamma': 0.01, 'Classifier__SVC__kernel': 'poly', 'Scaler': MinMaxScaler(), 'Selector__max_features': 18}",0.18840579710144928,0.2318840579710145,0.1407766990291262,0.18702218470053,0.037207288719626794,654
1219,0.054373582204182945,0.002707347057629016,0.013374725977579752,0.0020291164024241076,0.1,poly,MinMaxScaler(),20,0.01,6.0,3.0,"{'Classifier__SVC__C': 0.1, 'Classifier__SVC__coef0': 6, 'Classifier__SVC__degree': 3, 'Classifier__SVC__gamma': 0.01, 'Classifier__SVC__kernel': 'poly', 'Scaler': MinMaxScaler(), 'Selector__max_features': 20}",0.2028985507246377,0.21739130434782608,0.1407766990291262,0.18702218470053,0.033231447813114406,654
1220,0.05712564786275228,0.014160587019389635,0.012669086456298828,0.0016338196029415835,0.1,poly,MinMaxScaler(),24,0.01,6.0,3.0,"{'Classifier__SVC__C': 0.1, 'Classifier__SVC__coef0': 6, 'Classifier__SVC__degree': 3, 'Classifier__SVC__gamma': 0.01, 'Classifier__SVC__kernel': 'poly', 'Scaler': MinMaxScaler(), 'Selector__max_features': 24}",0.1932367149758454,0.1932367149758454,0.16990291262135923,0.18545878085768333,0.010999659917149204,722
1221,0.05116677284240723,0.0021062318567938256,0.011657317479451498,0.0006208762321229952,0.1,poly,MinMaxScaler(),2,0.1,6.0,3.0,"{'Classifier__SVC__C': 0.1, 'Classifier__SVC__coef0': 6, 'Classifier__SVC__degree': 3, 'Classifier__SVC__gamma': 0.1, 'Classifier__SVC__kernel': 'poly', 'Scaler': MinMaxScaler(), 'Selector__max_features': 2}",0.1111111111111111,0.1111111111111111,0.019417475728155338,0.08054656598345918,0.04322479424728985,1274
1222,0.05149976412455241,0.007940797271654193,0.013000965118408203,0.0023874496768868498,0.1,poly,MinMaxScaler(),4,0.1,6.0,3.0,"{'Classifier__SVC__C': 0.1, 'Classifier__SVC__coef0': 6, 'Classifier__SVC__degree': 3, 'Classifier__SVC__gamma': 0.1, 'Classifier__SVC__kernel': 'poly', 'Scaler': MinMaxScaler(), 'Selector__max_features': 4}",0.1497584541062802,0.20772946859903382,0.1796116504854369,0.17903319106358365,0.02367010198269554,846
1223,0.050594727198282875,0.002283420599910295,0.014492432276407877,0.0043739302658737395,0.1,poly,MinMaxScaler(),6,0.1,6.0,3.0,"{'Classifier__SVC__C': 0.1, 'Classifier__SVC__coef0': 6, 'Classifier__SVC__degree': 3, 'Classifier__SVC__gamma': 0.1, 'Classifier__SVC__kernel': 'poly', 'Scaler': MinMaxScaler(), 'Selector__max_features': 6}",0.10144927536231885,0.1642512077294686,0.1796116504854369,0.14843737785907477,0.03381219831756064,1070
1224,0.05041042963663737,0.002227684823804102,0.011026302973429361,0.00047724981466118233,0.1,poly,MinMaxScaler(),8,0.1,6.0,3.0,"{'Classifier__SVC__C': 0.1, 'Classifier__SVC__coef0': 6, 'Classifier__SVC__degree': 3, 'Classifier__SVC__gamma': 0.1, 'Classifier__SVC__kernel': 'poly', 'Scaler': MinMaxScaler(), 'Selector__max_features': 8}",0.0966183574879227,0.17391304347826086,0.19902912621359223,0.15652017572659194,0.04358038759362539,1049
1225,0.05495039621988932,0.010416238867347823,0.011097192764282227,0.0006931557855853432,0.1,poly,MinMaxScaler(),10,0.1,6.0,3.0,"{'Classifier__SVC__C': 0.1, 'Classifier__SVC__coef0': 6, 'Classifier__SVC__degree': 3, 'Classifier__SVC__gamma': 0.1, 'Classifier__SVC__kernel': 'poly', 'Scaler': MinMaxScaler(), 'Selector__max_features': 10}",0.10144927536231885,0.2463768115942029,0.18932038834951456,0.17904882510201212,0.05961054967157855,843
1226,0.0462950865427653,0.0009115633801891717,0.014755964279174805,0.002263381555390757,0.1,poly,MinMaxScaler(),12,0.1,6.0,3.0,"{'Classifier__SVC__C': 0.1, 'Classifier__SVC__coef0': 6, 'Classifier__SVC__degree': 3, 'Classifier__SVC__gamma': 0.1, 'Classifier__SVC__kernel': 'poly', 'Scaler': MinMaxScaler(), 'Selector__max_features': 12}",0.13526570048309178,0.21739130434782608,0.19902912621359223,0.18389537701483671,0.03519400020974163,745
1227,0.04941240946451823,0.005055808399972238,0.011339823404947916,0.0014903073548417102,0.1,poly,MinMaxScaler(),14,0.1,6.0,3.0,"{'Classifier__SVC__C': 0.1, 'Classifier__SVC__coef0': 6, 'Classifier__SVC__degree': 3, 'Classifier__SVC__gamma': 0.1, 'Classifier__SVC__kernel': 'poly', 'Scaler': MinMaxScaler(), 'Selector__max_features': 14}",0.10628019323671498,0.2463768115942029,0.18932038834951456,0.18065913106014417,0.05752117669273587,825
1228,0.04888566335042318,0.003972361734776225,0.012651761372884115,0.0013178048640932732,0.1,poly,MinMaxScaler(),16,0.1,6.0,3.0,"{'Classifier__SVC__C': 0.1, 'Classifier__SVC__coef0': 6, 'Classifier__SVC__degree': 3, 'Classifier__SVC__gamma': 0.1, 'Classifier__SVC__kernel': 'poly', 'Scaler': MinMaxScaler(), 'Selector__max_features': 16}",0.17391304347826086,0.22705314009661837,0.22330097087378642,0.20808905148288856,0.02421458700616185,118
1229,0.06445455551147461,0.014976623114150359,0.012926419576009115,0.0002671713486445157,0.1,poly,MinMaxScaler(),18,0.1,6.0,3.0,"{'Classifier__SVC__C': 0.1, 'Classifier__SVC__coef0': 6, 'Classifier__SVC__degree': 3, 'Classifier__SVC__gamma': 0.1, 'Classifier__SVC__kernel': 'poly', 'Scaler': MinMaxScaler(), 'Selector__max_features': 18}",0.19806763285024154,0.2318840579710145,0.22330097087378642,0.21775088723168082,0.014352473034590875,69
1230,0.04739514986673991,0.002108099200604704,0.012076536814371744,0.0009498217238208198,0.1,poly,MinMaxScaler(),20,0.1,6.0,3.0,"{'Classifier__SVC__C': 0.1, 'Classifier__SVC__coef0': 6, 'Classifier__SVC__degree': 3, 'Classifier__SVC__gamma': 0.1, 'Classifier__SVC__kernel': 'poly', 'Scaler': MinMaxScaler(), 'Selector__max_features': 20}",0.178743961352657,0.2222222222222222,0.21359223300970873,0.20485280552819599,0.018794910420801985,161
1231,0.050173044204711914,0.005494928452604953,0.012135585149129232,0.00020987375400746057,0.1,poly,MinMaxScaler(),24,0.1,6.0,3.0,"{'Classifier__SVC__C': 0.1, 'Classifier__SVC__coef0': 6, 'Classifier__SVC__degree': 3, 'Classifier__SVC__gamma': 0.1, 'Classifier__SVC__kernel': 'poly', 'Scaler': MinMaxScaler(), 'Selector__max_features': 24}",0.15942028985507245,0.22705314009661837,0.22815533980582525,0.20487625658583872,0.032145371824687706,157
1232,0.05269217491149902,0.004579698091039452,0.011736154556274414,0.00028744666494604545,0.1,poly,MinMaxScaler(),2,0.0001,6.0,5.0,"{'Classifier__SVC__C': 0.1, 'Classifier__SVC__coef0': 6, 'Classifier__SVC__degree': 5, 'Classifier__SVC__gamma': 0.0001, 'Classifier__SVC__kernel': 'poly', 'Scaler': MinMaxScaler(), 'Selector__max_features': 2}",0.0821256038647343,0.17391304347826086,0.0825242718446602,0.11285430639588513,0.04317535380754912,1200
1233,0.0517121156056722,0.00803737981310598,0.01151259740193685,0.00040303066881496356,0.1,poly,MinMaxScaler(),4,0.0001,6.0,5.0,"{'Classifier__SVC__C': 0.1, 'Classifier__SVC__coef0': 6, 'Classifier__SVC__degree': 5, 'Classifier__SVC__gamma': 0.0001, 'Classifier__SVC__kernel': 'poly', 'Scaler': MinMaxScaler(), 'Selector__max_features': 4}",0.07729468599033816,0.11594202898550725,0.0825242718446602,0.09192032894016854,0.01711955406064657,1256
1234,0.04922318458557129,0.0012624689037375035,0.012636820475260416,0.0006173722340283976,0.1,poly,MinMaxScaler(),6,0.0001,6.0,5.0,"{'Classifier__SVC__C': 0.1, 'Classifier__SVC__coef0': 6, 'Classifier__SVC__degree': 5, 'Classifier__SVC__gamma': 0.0001, 'Classifier__SVC__kernel': 'poly', 'Scaler': MinMaxScaler(), 'Selector__max_features': 6}",0.07246376811594203,0.15458937198067632,0.0825242718446602,0.10319247064709286,0.03657444038158774,1242
1235,0.060383876164754234,0.007108190627710799,0.011582612991333008,0.00032745973811505307,0.1,poly,MinMaxScaler(),8,0.0001,6.0,5.0,"{'Classifier__SVC__C': 0.1, 'Classifier__SVC__coef0': 6, 'Classifier__SVC__degree': 5, 'Classifier__SVC__gamma': 0.0001, 'Classifier__SVC__kernel': 'poly', 'Scaler': MinMaxScaler(), 'Selector__max_features': 8}",0.07729468599033816,0.20772946859903382,0.07766990291262135,0.12089801916733112,0.061399297795889325,1194
1236,0.05867393811543783,0.00991047537955605,0.013555606206258139,0.0026354835051735004,0.1,poly,MinMaxScaler(),10,0.0001,6.0,5.0,"{'Classifier__SVC__C': 0.1, 'Classifier__SVC__coef0': 6, 'Classifier__SVC__degree': 5, 'Classifier__SVC__gamma': 0.0001, 'Classifier__SVC__kernel': 'poly', 'Scaler': MinMaxScaler(), 'Selector__max_features': 10}",0.10144927536231885,0.1932367149758454,0.07766990291262135,0.12411863108359518,0.04982868504002797,1186
1237,0.0561211903889974,0.008682774784880465,0.01481024424235026,0.001833769181245778,0.1,poly,MinMaxScaler(),12,0.0001,6.0,5.0,"{'Classifier__SVC__C': 0.1, 'Classifier__SVC__coef0': 6, 'Classifier__SVC__degree': 5, 'Classifier__SVC__gamma': 0.0001, 'Classifier__SVC__kernel': 'poly', 'Scaler': MinMaxScaler(), 'Selector__max_features': 12}",0.08695652173913043,0.22705314009661837,0.07766990291262135,0.1305598549161234,0.06833630507034295,1157
1238,0.06228319803873698,0.005748241142889421,0.01137685775756836,0.00048440487129807017,0.1,poly,MinMaxScaler(),14,0.0001,6.0,5.0,"{'Classifier__SVC__C': 0.1, 'Classifier__SVC__coef0': 6, 'Classifier__SVC__degree': 5, 'Classifier__SVC__gamma': 0.0001, 'Classifier__SVC__kernel': 'poly', 'Scaler': MinMaxScaler(), 'Selector__max_features': 14}",0.06763285024154589,0.17391304347826086,0.09223300970873786,0.11125963447618153,0.0454267117170738,1213
1239,0.050991058349609375,0.003935211875405182,0.013319174448649088,0.0014047338929655288,0.1,poly,MinMaxScaler(),16,0.0001,6.0,5.0,"{'Classifier__SVC__C': 0.1, 'Classifier__SVC__coef0': 6, 'Classifier__SVC__degree': 5, 'Classifier__SVC__gamma': 0.0001, 'Classifier__SVC__kernel': 'poly', 'Scaler': MinMaxScaler(), 'Selector__max_features': 16}",0.178743961352657,0.1642512077294686,0.0825242718446602,0.14183981364226192,0.04235768408016731,1085
1240,0.0502783457438151,0.004810519980925916,0.012948910395304361,0.0016671698953797994,0.1,poly,MinMaxScaler(),18,0.0001,6.0,5.0,"{'Classifier__SVC__C': 0.1, 'Classifier__SVC__coef0': 6, 'Classifier__SVC__degree': 5, 'Classifier__SVC__gamma': 0.0001, 'Classifier__SVC__kernel': 'poly', 'Scaler': MinMaxScaler(), 'Selector__max_features': 18}",0.21739130434782608,0.1497584541062802,0.08737864077669903,0.15150946641026844,0.0530918870467752,1064
1241,0.05443803469340006,0.0015228922036728803,0.011710802714029947,0.00037666223687729766,0.1,poly,MinMaxScaler(),20,0.0001,6.0,5.0,"{'Classifier__SVC__C': 0.1, 'Classifier__SVC__coef0': 6, 'Classifier__SVC__degree': 5, 'Classifier__SVC__gamma': 0.0001, 'Classifier__SVC__kernel': 'poly', 'Scaler': MinMaxScaler(), 'Selector__max_features': 20}",0.20772946859903382,0.13526570048309178,0.10679611650485436,0.14993042852899333,0.04249059564764176,1068
1242,0.05338660875956217,0.005545921979866132,0.01492746671040853,0.0019094900322701685,0.1,poly,MinMaxScaler(),24,0.0001,6.0,5.0,"{'Classifier__SVC__C': 0.1, 'Classifier__SVC__coef0': 6, 'Classifier__SVC__degree': 5, 'Classifier__SVC__gamma': 0.0001, 'Classifier__SVC__kernel': 'poly', 'Scaler': MinMaxScaler(), 'Selector__max_features': 24}",0.1932367149758454,0.178743961352657,0.1650485436893204,0.17900974000594094,0.011509307214569848,850
1243,0.0528420607248942,0.004591434954909896,0.012051264444986979,0.0005131095871213087,0.1,poly,MinMaxScaler(),2,0.001,6.0,5.0,"{'Classifier__SVC__C': 0.1, 'Classifier__SVC__coef0': 6, 'Classifier__SVC__degree': 5, 'Classifier__SVC__gamma': 0.001, 'Classifier__SVC__kernel': 'poly', 'Scaler': MinMaxScaler(), 'Selector__max_features': 2}",0.1111111111111111,0.1111111111111111,0.10194174757281553,0.10805465659834591,0.004322479424728984,1228
1244,0.053119818369547524,0.002632826746146483,0.012681245803833008,0.0006171511165184538,0.1,poly,MinMaxScaler(),4,0.001,6.0,5.0,"{'Classifier__SVC__C': 0.1, 'Classifier__SVC__coef0': 6, 'Classifier__SVC__degree': 5, 'Classifier__SVC__gamma': 0.001, 'Classifier__SVC__kernel': 'poly', 'Scaler': MinMaxScaler(), 'Selector__max_features': 4}",0.14492753623188406,0.17391304347826086,0.1407766990291262,0.15320575957975704,0.014739992474237707,1061
1245,0.05241235097249349,0.0049322434035013255,0.012201468149820963,0.00033285273535276335,0.1,poly,MinMaxScaler(),6,0.001,6.0,5.0,"{'Classifier__SVC__C': 0.1, 'Classifier__SVC__coef0': 6, 'Classifier__SVC__degree': 5, 'Classifier__SVC__gamma': 0.001, 'Classifier__SVC__kernel': 'poly', 'Scaler': MinMaxScaler(), 'Selector__max_features': 6}",0.14009661835748793,0.2028985507246377,0.16990291262135923,0.17096602723449494,0.025649799697366193,983
1246,0.049850781758626304,0.002758256317717223,0.012021780014038086,0.0003251416418000471,0.1,poly,MinMaxScaler(),8,0.001,6.0,5.0,"{'Classifier__SVC__C': 0.1, 'Classifier__SVC__coef0': 6, 'Classifier__SVC__degree': 5, 'Classifier__SVC__gamma': 0.001, 'Classifier__SVC__kernel': 'poly', 'Scaler': MinMaxScaler(), 'Selector__max_features': 8}",0.12077294685990338,0.17391304347826086,0.1941747572815534,0.16295358253990588,0.030951992734323898,1025
1247,0.05564800898234049,0.0010908904261180223,0.012139002482096354,0.0003670333205088813,0.1,poly,MinMaxScaler(),10,0.001,6.0,5.0,"{'Classifier__SVC__C': 0.1, 'Classifier__SVC__coef0': 6, 'Classifier__SVC__degree': 5, 'Classifier__SVC__gamma': 0.001, 'Classifier__SVC__kernel': 'poly', 'Scaler': MinMaxScaler(), 'Selector__max_features': 10}",0.06763285024154589,0.21256038647342995,0.16019417475728157,0.14679580382408583,0.05992014100622398,1075
1248,0.05538709958394369,0.005538845043418132,0.013306935628255209,0.000666259893382075,0.1,poly,MinMaxScaler(),12,0.001,6.0,5.0,"{'Classifier__SVC__C': 0.1, 'Classifier__SVC__coef0': 6, 'Classifier__SVC__degree': 5, 'Classifier__SVC__gamma': 0.001, 'Classifier__SVC__kernel': 'poly', 'Scaler': MinMaxScaler(), 'Selector__max_features': 12}",0.07246376811594203,0.19806763285024154,0.1650485436893204,0.14519331488516798,0.05316487118512865,1078
1249,0.048130194346110024,0.0016365391935630282,0.011999368667602539,0.0011394336111731139,0.1,poly,MinMaxScaler(),14,0.001,6.0,5.0,"{'Classifier__SVC__C': 0.1, 'Classifier__SVC__coef0': 6, 'Classifier__SVC__degree': 5, 'Classifier__SVC__gamma': 0.001, 'Classifier__SVC__kernel': 'poly', 'Scaler': MinMaxScaler(), 'Selector__max_features': 14}",0.10628019323671498,0.22705314009661837,0.18446601941747573,0.1725997842502697,0.05001421015464065,942
1250,0.056158224741617836,0.0074378517833283185,0.012916882832845053,0.0027431406067361308,0.1,poly,MinMaxScaler(),16,0.001,6.0,5.0,"{'Classifier__SVC__C': 0.1, 'Classifier__SVC__coef0': 6, 'Classifier__SVC__degree': 5, 'Classifier__SVC__gamma': 0.001, 'Classifier__SVC__kernel': 'poly', 'Scaler': MinMaxScaler(), 'Selector__max_features': 16}",0.15458937198067632,0.25120772946859904,0.1941747572815534,0.19999061957694295,0.03965807981227539,222
1251,0.05918169021606445,0.00969784061535509,0.011220455169677734,0.0012437522550979138,0.1,poly,MinMaxScaler(),18,0.001,6.0,5.0,"{'Classifier__SVC__C': 0.1, 'Classifier__SVC__coef0': 6, 'Classifier__SVC__degree': 5, 'Classifier__SVC__gamma': 0.001, 'Classifier__SVC__kernel': 'poly', 'Scaler': MinMaxScaler(), 'Selector__max_features': 18}",0.17391304347826086,0.2318840579710145,0.20388349514563106,0.2032268655316355,0.023671121676946995,185
1252,0.052382866541544594,0.004073050377468681,0.011346737543741861,0.00036247572180629417,0.1,poly,MinMaxScaler(),20,0.001,6.0,5.0,"{'Classifier__SVC__C': 0.1, 'Classifier__SVC__coef0': 6, 'Classifier__SVC__degree': 5, 'Classifier__SVC__gamma': 0.001, 'Classifier__SVC__kernel': 'poly', 'Scaler': MinMaxScaler(), 'Selector__max_features': 20}",0.16908212560386474,0.23671497584541062,0.18932038834951456,0.19837249659959666,0.028343207367048238,262
1253,0.05363615353902181,0.0021235074914731857,0.012841383616129557,0.0010280785018963086,0.1,poly,MinMaxScaler(),24,0.001,6.0,5.0,"{'Classifier__SVC__C': 0.1, 'Classifier__SVC__coef0': 6, 'Classifier__SVC__degree': 5, 'Classifier__SVC__gamma': 0.001, 'Classifier__SVC__kernel': 'poly', 'Scaler': MinMaxScaler(), 'Selector__max_features': 24}",0.18840579710144928,0.23671497584541062,0.23300970873786409,0.21937682722824134,0.02195200494139525,62
1254,0.05268470446268717,0.0028120438328715445,0.011045138041178385,0.0002447266806834105,0.1,poly,MinMaxScaler(),2,0.01,6.0,5.0,"{'Classifier__SVC__C': 0.1, 'Classifier__SVC__coef0': 6, 'Classifier__SVC__degree': 5, 'Classifier__SVC__gamma': 0.01, 'Classifier__SVC__kernel': 'poly', 'Scaler': MinMaxScaler(), 'Selector__max_features': 2}",0.1111111111111111,0.15458937198067632,0.05825242718446602,0.1079843034254178,0.039391491703111896,1234
1255,0.052361488342285156,0.004513796710040897,0.01123197873433431,0.0003640215972620763,0.1,poly,MinMaxScaler(),4,0.01,6.0,5.0,"{'Classifier__SVC__C': 0.1, 'Classifier__SVC__coef0': 6, 'Classifier__SVC__degree': 5, 'Classifier__SVC__gamma': 0.01, 'Classifier__SVC__kernel': 'poly', 'Scaler': MinMaxScaler(), 'Selector__max_features': 4}",0.12077294685990338,0.1497584541062802,0.17475728155339806,0.14842956083986056,0.022059035428594262,1071
1256,0.05432248115539551,0.006879683923360511,0.015015284220377604,0.0022393827856647614,0.1,poly,MinMaxScaler(),6,0.01,6.0,5.0,"{'Classifier__SVC__C': 0.1, 'Classifier__SVC__coef0': 6, 'Classifier__SVC__degree': 5, 'Classifier__SVC__gamma': 0.01, 'Classifier__SVC__kernel': 'poly', 'Scaler': MinMaxScaler(), 'Selector__max_features': 6}",0.1497584541062802,0.178743961352657,0.16990291262135923,0.16613510936009881,0.012129500227245255,1016
1257,0.04996204376220703,0.002641384486320544,0.011954704920450846,0.000247820207062883,0.1,poly,MinMaxScaler(),8,0.01,6.0,5.0,"{'Classifier__SVC__C': 0.1, 'Classifier__SVC__coef0': 6, 'Classifier__SVC__degree': 5, 'Classifier__SVC__gamma': 0.01, 'Classifier__SVC__kernel': 'poly', 'Scaler': MinMaxScaler(), 'Selector__max_features': 8}",0.17391304347826086,0.18357487922705315,0.22815533980582525,0.19521442083704643,0.02362436418036684,402
1258,0.05629372596740723,0.0043377538059933465,0.012382268905639648,0.000605775146899526,0.1,poly,MinMaxScaler(),10,0.01,6.0,5.0,"{'Classifier__SVC__C': 0.1, 'Classifier__SVC__coef0': 6, 'Classifier__SVC__degree': 5, 'Classifier__SVC__gamma': 0.01, 'Classifier__SVC__kernel': 'poly', 'Scaler': MinMaxScaler(), 'Selector__max_features': 10}",0.15458937198067632,0.21739130434782608,0.21359223300970873,0.19519096977940373,0.028751528001310873,404
1259,0.05356637636820475,0.004089686104242755,0.012140274047851562,0.00042643231849254763,0.1,poly,MinMaxScaler(),12,0.01,6.0,5.0,"{'Classifier__SVC__C': 0.1, 'Classifier__SVC__coef0': 6, 'Classifier__SVC__degree': 5, 'Classifier__SVC__gamma': 0.01, 'Classifier__SVC__kernel': 'poly', 'Scaler': MinMaxScaler(), 'Selector__max_features': 12}",0.18357487922705315,0.21256038647342995,0.17475728155339806,0.19029751575129372,0.01614856168572555,574
1260,0.04833348592122396,0.002080717841118467,0.011259714762369791,0.0007000855195078585,0.1,poly,MinMaxScaler(),14,0.01,6.0,5.0,"{'Classifier__SVC__C': 0.1, 'Classifier__SVC__coef0': 6, 'Classifier__SVC__degree': 5, 'Classifier__SVC__gamma': 0.01, 'Classifier__SVC__kernel': 'poly', 'Scaler': MinMaxScaler(), 'Selector__max_features': 14}",0.17391304347826086,0.2318840579710145,0.17475728155339806,0.19351812766755783,0.0271309987593423,473
1261,0.0497590700785319,0.00366747595238842,0.01222531000773112,0.0004691064059829843,0.1,poly,MinMaxScaler(),16,0.01,6.0,5.0,"{'Classifier__SVC__C': 0.1, 'Classifier__SVC__coef0': 6, 'Classifier__SVC__degree': 5, 'Classifier__SVC__gamma': 0.01, 'Classifier__SVC__kernel': 'poly', 'Scaler': MinMaxScaler(), 'Selector__max_features': 16}",0.2222222222222222,0.21739130434782608,0.18446601941747573,0.20802651532917468,0.01677611730171152,122
1262,0.05787452061971029,0.013203417922274625,0.012308041254679361,0.0003018157189821182,0.1,poly,MinMaxScaler(),18,0.01,6.0,5.0,"{'Classifier__SVC__C': 0.1, 'Classifier__SVC__coef0': 6, 'Classifier__SVC__degree': 5, 'Classifier__SVC__gamma': 0.01, 'Classifier__SVC__kernel': 'poly', 'Scaler': MinMaxScaler(), 'Selector__max_features': 18}",0.24154589371980675,0.1932367149758454,0.20388349514563106,0.21288870128042772,0.020724614847673874,90
1263,0.0562445322672526,0.0042928555112353535,0.012250185012817383,0.0014417424535404576,0.1,poly,MinMaxScaler(),20,0.01,6.0,5.0,"{'Classifier__SVC__C': 0.1, 'Classifier__SVC__coef0': 6, 'Classifier__SVC__degree': 5, 'Classifier__SVC__gamma': 0.01, 'Classifier__SVC__kernel': 'poly', 'Scaler': MinMaxScaler(), 'Selector__max_features': 20}",0.24154589371980675,0.20772946859903382,0.18446601941747573,0.2112471272454388,0.023435136787268072,106
1264,0.056337833404541016,0.007947435991937535,0.012464523315429688,0.0015710313744573437,0.1,poly,MinMaxScaler(),24,0.01,6.0,5.0,"{'Classifier__SVC__C': 0.1, 'Classifier__SVC__coef0': 6, 'Classifier__SVC__degree': 5, 'Classifier__SVC__gamma': 0.01, 'Classifier__SVC__kernel': 'poly', 'Scaler': MinMaxScaler(), 'Selector__max_features': 24}",0.21256038647342995,0.25120772946859904,0.21844660194174756,0.22740490596125884,0.017001817321021018,43
1265,0.059645891189575195,0.006656550207572313,0.014013290405273438,0.00384584957393067,0.1,poly,MinMaxScaler(),2,0.1,6.0,5.0,"{'Classifier__SVC__C': 0.1, 'Classifier__SVC__coef0': 6, 'Classifier__SVC__degree': 5, 'Classifier__SVC__gamma': 0.1, 'Classifier__SVC__kernel': 'poly', 'Scaler': MinMaxScaler(), 'Selector__max_features': 2}",0.13043478260869565,0.1497584541062802,0.05339805825242718,0.11119709832246767,0.04162449475008876,1218
1266,0.053853352864583336,0.007141152737201185,0.017104228337605793,0.008196635558638837,0.1,poly,MinMaxScaler(),4,0.1,6.0,5.0,"{'Classifier__SVC__C': 0.1, 'Classifier__SVC__coef0': 6, 'Classifier__SVC__degree': 5, 'Classifier__SVC__gamma': 0.1, 'Classifier__SVC__kernel': 'poly', 'Scaler': MinMaxScaler(), 'Selector__max_features': 4}",0.178743961352657,0.13526570048309178,0.1650485436893204,0.1596860685083564,0.01815042510264948,1041
1267,0.05847843488057455,0.0028268673193513924,0.01374053955078125,0.0025108866615136225,0.1,poly,MinMaxScaler(),6,0.1,6.0,5.0,"{'Classifier__SVC__C': 0.1, 'Classifier__SVC__coef0': 6, 'Classifier__SVC__degree': 5, 'Classifier__SVC__gamma': 0.1, 'Classifier__SVC__kernel': 'poly', 'Scaler': MinMaxScaler(), 'Selector__max_features': 6}",0.17391304347826086,0.1642512077294686,0.1796116504854369,0.17259196723105544,0.0063400700444628325,943
1268,0.06368001302083333,0.005957594512243189,0.01182413101196289,0.0006024363688708262,0.1,poly,MinMaxScaler(),8,0.1,6.0,5.0,"{'Classifier__SVC__C': 0.1, 'Classifier__SVC__coef0': 6, 'Classifier__SVC__degree': 5, 'Classifier__SVC__gamma': 0.1, 'Classifier__SVC__kernel': 'poly', 'Scaler': MinMaxScaler(), 'Selector__max_features': 8}",0.18840579710144928,0.1932367149758454,0.27184466019417475,0.21782905742382316,0.03824568340663298,65
1269,0.06203651428222656,0.006430914379744898,0.011419534683227539,0.0005459338104599821,0.1,poly,MinMaxScaler(),10,0.1,6.0,5.0,"{'Classifier__SVC__C': 0.1, 'Classifier__SVC__coef0': 6, 'Classifier__SVC__degree': 5, 'Classifier__SVC__gamma': 0.1, 'Classifier__SVC__kernel': 'poly', 'Scaler': MinMaxScaler(), 'Selector__max_features': 10}",0.21256038647342995,0.21739130434782608,0.24757281553398058,0.22584150211841222,0.015492405213556236,46
1270,0.061255296071370445,0.004122619874647141,0.010033766428629557,0.0015766632994153376,0.1,poly,MinMaxScaler(),12,0.1,6.0,5.0,"{'Classifier__SVC__C': 0.1, 'Classifier__SVC__coef0': 6, 'Classifier__SVC__degree': 5, 'Classifier__SVC__gamma': 0.1, 'Classifier__SVC__kernel': 'poly', 'Scaler': MinMaxScaler(), 'Selector__max_features': 12}",0.21739130434782608,0.21739130434782608,0.1941747572815534,0.20965245532573518,0.010944385244198707,113
1271,0.06855146090189616,0.006484857461328978,0.010765393575032553,0.0008486827690477716,0.1,poly,MinMaxScaler(),14,0.1,6.0,5.0,"{'Classifier__SVC__C': 0.1, 'Classifier__SVC__coef0': 6, 'Classifier__SVC__degree': 5, 'Classifier__SVC__gamma': 0.1, 'Classifier__SVC__kernel': 'poly', 'Scaler': MinMaxScaler(), 'Selector__max_features': 14}",0.21256038647342995,0.2318840579710145,0.20388349514563106,0.21610931319669183,0.011703390970138325,75
1272,0.07337466875712077,0.005605594826345057,0.009024461110432943,0.0021885778047228033,0.1,poly,MinMaxScaler(),16,0.1,6.0,5.0,"{'Classifier__SVC__C': 0.1, 'Classifier__SVC__coef0': 6, 'Classifier__SVC__degree': 5, 'Classifier__SVC__gamma': 0.1, 'Classifier__SVC__kernel': 'poly', 'Scaler': MinMaxScaler(), 'Selector__max_features': 16}",0.25120772946859904,0.20772946859903382,0.22330097087378642,0.2274127229804731,0.017986470305957257,41
1273,0.061986843744913735,0.006102959219254106,0.0071993668874104815,0.0006982097033128999,0.1,poly,MinMaxScaler(),18,0.1,6.0,5.0,"{'Classifier__SVC__C': 0.1, 'Classifier__SVC__coef0': 6, 'Classifier__SVC__degree': 5, 'Classifier__SVC__gamma': 0.1, 'Classifier__SVC__kernel': 'poly', 'Scaler': MinMaxScaler(), 'Selector__max_features': 18}",0.2560386473429952,0.20772946859903382,0.22815533980582525,0.23064115191595144,0.019800313703140157,32
1274,0.0635393460591634,0.007267921466432759,0.008884429931640625,0.0008395243496191283,0.1,poly,MinMaxScaler(),20,0.1,6.0,5.0,"{'Classifier__SVC__C': 0.1, 'Classifier__SVC__coef0': 6, 'Classifier__SVC__degree': 5, 'Classifier__SVC__gamma': 0.1, 'Classifier__SVC__kernel': 'poly', 'Scaler': MinMaxScaler(), 'Selector__max_features': 20}",0.2608695652173913,0.178743961352657,0.1941747572815534,0.21126276128386723,0.03563849616284929,103
1275,0.06123161315917969,0.004959543389242238,0.00721589724222819,0.0006144484326045546,0.1,poly,MinMaxScaler(),24,0.1,6.0,5.0,"{'Classifier__SVC__C': 0.1, 'Classifier__SVC__coef0': 6, 'Classifier__SVC__degree': 5, 'Classifier__SVC__gamma': 0.1, 'Classifier__SVC__kernel': 'poly', 'Scaler': MinMaxScaler(), 'Selector__max_features': 24}",0.2608695652173913,0.2318840579710145,0.22815533980582525,0.24030298766474367,0.014622218686201595,11
